run_slot,triad_id,condition_id,arm,training_seed,selection_seed,rank,sample_id,y_true,oof_fold,dynamic_bucket,mean_p_defect,correct_rate,std_p_defect,replay_role,source_method
RUN_062,TRIAD_021,A07_Boundary-0.5-Clean_B600,R1,1343723075,1597834894,1,Det/images/normal_train/00968639.png,0,09,easy_clean,0.0040834703,1.0,0.0089424912,normal_replay,Boundary-0.5-Clean
RUN_062,TRIAD_021,A07_Boundary-0.5-Clean_B600,R1,1343723075,1597834894,2,Det/images/normal_train/00252906.png,0,08,learnable_hard,0.2748213738,0.745,0.2128758953,normal_replay,Boundary-0.5-Clean
RUN_062,TRIAD_021,A07_Boundary-0.5-Clean_B600,R1,1343723075,1597834894,3,Det/images/normal_train/01020018.png,0,02,easy_clean,0.0083740708,1.0,0.0133709052,normal_replay,Boundary-0.5-Clean
RUN_062,TRIAD_021,A07_Boundary-0.5-Clean_B600,R1,1343723075,1597834894,4,Det/images/normal_train/00821202.png,0,06,easy_clean,0.0150410587,1.0,0.0185837521,normal_replay,Boundary-0.5-Clean
RUN_062,TRIAD_021,A07_Boundary-0.5-Clean_B600,R1,1343723075,1597834894,5,Det/images/normal_train/00369783.png,0,03,easy_clean,0.0047108849,1.0,0.009120526,normal_replay,Boundary-0.5-Clean
RUN_062,TRIAD_021,A07_Boundary-0.5-Clean_B600,R1,1343723075,1597834894,6,Det/images/normal_train/00711572.png,0,08,learnable_hard,0.1146836827,0.995,0.1500296967,normal_replay,Boundary-0.5-Clean
RUN_062,TRIAD_021,A07_Boundary-0.5-Clean_B600,R1,1343723075,1597834894,7,Det/images/normal_train/00886825.png,0,09,easy_clean,0.004253148,1.0,0.0119349093,normal_replay,Boundary-0.5-Clean
RUN_062,TRIAD_021,A07_Boundary-0.5-Clean_B600,R1,1343723075,1597834894,8,Det/images/normal_train/01023790.png,0,00,easy_clean,0.0178625363,1.0,0.0110324808,normal_replay,Boundary-0.5-Clean
RUN_062,TRIAD_021,A07_Boundary-0.5-Clean_B600,R1,1343723075,1597834894,9,Det/images/normal_train/01243847.png,0,00,easy_clean,0.0085515331,1.0,0.0316506415,normal_replay,Boundary-0.5-Clean
RUN_062,TRIAD_021,A07_Boundary-0.5-Clean_B600,R1,1343723075,1597834894,10,Det/images/normal_train/00546403.png,0,07,easy_clean,0.01089465,1.0,0.0128830565,normal_replay,Boundary-0.5-Clean
RUN_062,TRIAD_021,A07_Boundary-0.5-Clean_B600,R1,1343723075,1597834894,11,Det/images/normal_train/01215791.png,0,02,ordinary,0.1179994819,1.0,0.0842851089,normal_replay,Boundary-0.5-Clean
RUN_062,TRIAD_021,A07_Boundary-0.5-Clean_B600,R1,1343723075,1597834894,12,Det/images/normal_train/01045695.png,0,08,learnable_hard,0.0370978327,0.995,0.0637903081,normal_replay,Boundary-0.5-Clean
RUN_062,TRIAD_021,A07_Boundary-0.5-Clean_B600,R1,1343723075,1597834894,13,Det/images/normal_train/00861268.png,0,09,easy_clean,0.0269806038,1.0,0.0431810262,normal_replay,Boundary-0.5-Clean
RUN_062,TRIAD_021,A07_Boundary-0.5-Clean_B600,R1,1343723075,1597834894,14,Det/images/normal_train/00164710.png,0,06,learnable_hard,0.3934675848,0.47,0.23414185,normal_replay,Boundary-0.5-Clean
RUN_062,TRIAD_021,A07_Boundary-0.5-Clean_B600,R1,1343723075,1597834894,15,Det/images/normal_train/00360165.png,0,08,easy_clean,0.001957432,1.0,0.0082239865,normal_replay,Boundary-0.5-Clean
RUN_062,TRIAD_021,A07_Boundary-0.5-Clean_B600,R1,1343723075,1597834894,16,Det/images/normal_train/00796562.png,0,04,easy_clean,0.0003503985,1.0,0.0005801611,normal_replay,Boundary-0.5-Clean
RUN_062,TRIAD_021,A07_Boundary-0.5-Clean_B600,R1,1343723075,1597834894,17,Det/images/normal_train/01240892.png,0,03,easy_clean,0.0050828775,1.0,0.0187978101,normal_replay,Boundary-0.5-Clean
RUN_062,TRIAD_021,A07_Boundary-0.5-Clean_B600,R1,1343723075,1597834894,18,Det/images/normal_train/01188658.png,0,01,easy_clean,0.0749912349,1.0,0.0754322021,normal_replay,Boundary-0.5-Clean
RUN_062,TRIAD_021,A07_Boundary-0.5-Clean_B600,R1,1343723075,1597834894,19,Det/images/normal_train/01081678.png,0,04,ordinary,0.4104947669,0.7,0.2337682028,normal_replay,Boundary-0.5-Clean
RUN_062,TRIAD_021,A07_Boundary-0.5-Clean_B600,R1,1343723075,1597834894,20,Det/images/normal_train/00616045.png,0,00,easy_clean,0.0016622937,1.0,0.0034982111,normal_replay,Boundary-0.5-Clean
RUN_062,TRIAD_021,A07_Boundary-0.5-Clean_B600,R1,1343723075,1597834894,21,Det/images/normal_train/00879366.png,0,09,easy_clean,0.0029471171,1.0,0.0034265782,normal_replay,Boundary-0.5-Clean
RUN_062,TRIAD_021,A07_Boundary-0.5-Clean_B600,R1,1343723075,1597834894,22,Det/images/normal_train/00189434.png,0,02,easy_clean,0.0055944897,1.0,0.0293705678,normal_replay,Boundary-0.5-Clean
RUN_062,TRIAD_021,A07_Boundary-0.5-Clean_B600,R1,1343723075,1597834894,23,Det/images/normal_train/00539653.png,0,06,easy_clean,0.0217254137,1.0,0.0302369451,normal_replay,Boundary-0.5-Clean
RUN_062,TRIAD_021,A07_Boundary-0.5-Clean_B600,R1,1343723075,1597834894,24,Det/images/normal_train/01155803.png,0,07,unstable_boundary,0.38254568,0.91,0.0879129743,normal_replay,Boundary-0.5-Clean
RUN_062,TRIAD_021,A07_Boundary-0.5-Clean_B600,R1,1343723075,1597834894,25,Det/images/normal_train/00368522.png,0,02,easy_clean,0.0006117951,1.0,0.0009170245,normal_replay,Boundary-0.5-Clean
RUN_062,TRIAD_021,A07_Boundary-0.5-Clean_B600,R1,1343723075,1597834894,26,Det/images/normal_train/00208576.png,0,01,easy_clean,0.0091708425,1.0,0.0124892536,normal_replay,Boundary-0.5-Clean
RUN_062,TRIAD_021,A07_Boundary-0.5-Clean_B600,R1,1343723075,1597834894,27,Det/images/normal_train/01030989.png,0,04,easy_clean,0.0320430771,1.0,0.0256611275,normal_replay,Boundary-0.5-Clean
RUN_062,TRIAD_021,A07_Boundary-0.5-Clean_B600,R1,1343723075,1597834894,28,Det/images/normal_train/00483566.png,0,06,easy_clean,0.008069358,1.0,0.0094360031,normal_replay,Boundary-0.5-Clean
RUN_062,TRIAD_021,A07_Boundary-0.5-Clean_B600,R1,1343723075,1597834894,29,Det/images/normal_train/01291697.png,0,07,easy_clean,0.0073098321,1.0,0.0075215354,normal_replay,Boundary-0.5-Clean
RUN_062,TRIAD_021,A07_Boundary-0.5-Clean_B600,R1,1343723075,1597834894,30,Det/images/normal_train/01151623.png,0,00,easy_clean,0.0186494737,1.0,0.0221978807,normal_replay,Boundary-0.5-Clean
RUN_062,TRIAD_021,A07_Boundary-0.5-Clean_B600,R1,1343723075,1597834894,31,Det/images/normal_train/01024309.png,0,01,easy_clean,0.0501730095,1.0,0.0341949577,normal_replay,Boundary-0.5-Clean
RUN_062,TRIAD_021,A07_Boundary-0.5-Clean_B600,R1,1343723075,1597834894,32,Det/images/normal_train/01163987.png,0,08,easy_clean,0.0186540353,1.0,0.0200198554,normal_replay,Boundary-0.5-Clean
RUN_062,TRIAD_021,A07_Boundary-0.5-Clean_B600,R1,1343723075,1597834894,33,Det/images/normal_train/00468632.png,0,06,easy_clean,0.0317156953,1.0,0.060693755,normal_replay,Boundary-0.5-Clean
RUN_062,TRIAD_021,A07_Boundary-0.5-Clean_B600,R1,1343723075,1597834894,34,Det/images/normal_train/00640752.png,0,02,easy_clean,0.0429982633,1.0,0.0258649943,normal_replay,Boundary-0.5-Clean
RUN_062,TRIAD_021,A07_Boundary-0.5-Clean_B600,R1,1343723075,1597834894,35,Det/images/normal_train/00252440.png,0,08,easy_clean,0.000902897,1.0,0.0011733206,normal_replay,Boundary-0.5-Clean
RUN_062,TRIAD_021,A07_Boundary-0.5-Clean_B600,R1,1343723075,1597834894,36,Det/images/normal_train/01011300.png,0,07,easy_clean,0.0097500602,1.0,0.0137746953,normal_replay,Boundary-0.5-Clean
RUN_062,TRIAD_021,A07_Boundary-0.5-Clean_B600,R1,1343723075,1597834894,37,Det/images/normal_train/00319424.png,0,04,easy_clean,0.0053536358,1.0,0.0097389894,normal_replay,Boundary-0.5-Clean
RUN_062,TRIAD_021,A07_Boundary-0.5-Clean_B600,R1,1343723075,1597834894,38,Det/images/normal_train/00360410.png,0,08,easy_clean,0.0070864467,1.0,0.0096181628,normal_replay,Boundary-0.5-Clean
RUN_062,TRIAD_021,A07_Boundary-0.5-Clean_B600,R1,1343723075,1597834894,39,Det/images/normal_train/00452847.png,0,06,learnable_hard,0.4292434853,0.565,0.286430483,normal_replay,Boundary-0.5-Clean
RUN_062,TRIAD_021,A07_Boundary-0.5-Clean_B600,R1,1343723075,1597834894,40,Det/images/normal_train/01145868.png,0,06,easy_clean,0.0512785609,1.0,0.0368551202,normal_replay,Boundary-0.5-Clean
RUN_062,TRIAD_021,A07_Boundary-0.5-Clean_B600,R1,1343723075,1597834894,41,Det/images/normal_train/00904498.png,0,06,easy_clean,0.000243714,1.0,0.0004366146,normal_replay,Boundary-0.5-Clean
RUN_062,TRIAD_021,A07_Boundary-0.5-Clean_B600,R1,1343723075,1597834894,42,Det/images/normal_train/00550016.png,0,08,easy_clean,0.0097422169,1.0,0.0094794859,normal_replay,Boundary-0.5-Clean
RUN_062,TRIAD_021,A07_Boundary-0.5-Clean_B600,R1,1343723075,1597834894,43,Det/images/normal_train/00516330.png,0,04,easy_clean,0.000153287,1.0,0.0003328713,normal_replay,Boundary-0.5-Clean
RUN_062,TRIAD_021,A07_Boundary-0.5-Clean_B600,R1,1343723075,1597834894,44,Det/images/normal_train/00234553.png,0,06,easy_clean,0.0026935358,1.0,0.0043233481,normal_replay,Boundary-0.5-Clean
RUN_062,TRIAD_021,A07_Boundary-0.5-Clean_B600,R1,1343723075,1597834894,45,Det/images/normal_train/01125700.png,0,02,unstable_boundary,0.3914671657,0.58,0.180615136,normal_replay,Boundary-0.5-Clean
RUN_062,TRIAD_021,A07_Boundary-0.5-Clean_B600,R1,1343723075,1597834894,46,Det/images/normal_train/00830258.png,0,06,easy_clean,0.0003195031,1.0,0.0005792564,normal_replay,Boundary-0.5-Clean
RUN_062,TRIAD_021,A07_Boundary-0.5-Clean_B600,R1,1343723075,1597834894,47,Det/images/normal_train/00818667.png,0,02,learnable_hard,0.0740356636,0.995,0.0915747322,normal_replay,Boundary-0.5-Clean
RUN_062,TRIAD_021,A07_Boundary-0.5-Clean_B600,R1,1343723075,1597834894,48,Det/images/normal_train/00477069.png,0,00,learnable_hard,0.0546071392,0.995,0.0628878203,normal_replay,Boundary-0.5-Clean
RUN_062,TRIAD_021,A07_Boundary-0.5-Clean_B600,R1,1343723075,1597834894,49,Det/images/normal_train/00530208.png,0,01,easy_clean,0.0001164681,1.0,0.0001860696,normal_replay,Boundary-0.5-Clean
RUN_062,TRIAD_021,A07_Boundary-0.5-Clean_B600,R1,1343723075,1597834894,50,Det/images/normal_train/01116593.png,0,04,learnable_hard,0.4191869177,0.495,0.1974042834,normal_replay,Boundary-0.5-Clean
RUN_062,TRIAD_021,A07_Boundary-0.5-Clean_B600,R1,1343723075,1597834894,51,Det/images/normal_train/01038582.png,0,00,learnable_hard,0.0781095512,0.995,0.0932293525,normal_replay,Boundary-0.5-Clean
RUN_062,TRIAD_021,A07_Boundary-0.5-Clean_B600,R1,1343723075,1597834894,52,Det/images/normal_train/00563730.png,0,06,easy_clean,0.0071678497,1.0,0.0101703606,normal_replay,Boundary-0.5-Clean
RUN_062,TRIAD_021,A07_Boundary-0.5-Clean_B600,R1,1343723075,1597834894,53,Det/images/normal_train/01093066.png,0,04,easy_clean,0.0880528504,1.0,0.0339956672,normal_replay,Boundary-0.5-Clean
RUN_062,TRIAD_021,A07_Boundary-0.5-Clean_B600,R1,1343723075,1597834894,54,Det/images/normal_train/00255241.png,0,08,easy_clean,0.0001239805,1.0,0.0002085176,normal_replay,Boundary-0.5-Clean
RUN_062,TRIAD_021,A07_Boundary-0.5-Clean_B600,R1,1343723075,1597834894,55,Det/images/normal_train/00900025.png,0,07,learnable_hard,0.2049975688,0.925,0.1927463217,normal_replay,Boundary-0.5-Clean
RUN_062,TRIAD_021,A07_Boundary-0.5-Clean_B600,R1,1343723075,1597834894,56,Det/images/normal_train/00997158.png,0,08,easy_clean,0.0015306722,1.0,0.007526189,normal_replay,Boundary-0.5-Clean
RUN_062,TRIAD_021,A07_Boundary-0.5-Clean_B600,R1,1343723075,1597834894,57,Det/images/normal_train/00206123.png,0,05,easy_clean,0.0325930552,1.0,0.0380196473,normal_replay,Boundary-0.5-Clean
RUN_062,TRIAD_021,A07_Boundary-0.5-Clean_B600,R1,1343723075,1597834894,58,Det/images/normal_train/01144436.png,0,05,easy_clean,0.0021896754,1.0,0.0024879372,normal_replay,Boundary-0.5-Clean
RUN_062,TRIAD_021,A07_Boundary-0.5-Clean_B600,R1,1343723075,1597834894,59,Det/images/normal_train/00932836.png,0,07,easy_clean,0.004020431,1.0,0.0046025216,normal_replay,Boundary-0.5-Clean
RUN_062,TRIAD_021,A07_Boundary-0.5-Clean_B600,R1,1343723075,1597834894,60,Det/images/normal_train/01218617.png,0,03,easy_clean,0.0027536253,1.0,0.0089715186,normal_replay,Boundary-0.5-Clean
RUN_062,TRIAD_021,A07_Boundary-0.5-Clean_B600,R1,1343723075,1597834894,61,Det/images/normal_train/00283503.png,0,03,learnable_hard,0.0561415443,0.995,0.0848409026,normal_replay,Boundary-0.5-Clean
RUN_062,TRIAD_021,A07_Boundary-0.5-Clean_B600,R1,1343723075,1597834894,62,Det/images/normal_train/00904763.png,0,06,easy_clean,0.0061121122,1.0,0.0067146947,normal_replay,Boundary-0.5-Clean
RUN_062,TRIAD_021,A07_Boundary-0.5-Clean_B600,R1,1343723075,1597834894,63,Det/images/normal_train/01189838.png,0,05,learnable_hard,0.1066287984,0.99,0.0968664189,normal_replay,Boundary-0.5-Clean
RUN_062,TRIAD_021,A07_Boundary-0.5-Clean_B600,R1,1343723075,1597834894,64,Det/images/normal_train/00268375.png,0,03,easy_clean,0.0707756601,1.0,0.0871947165,normal_replay,Boundary-0.5-Clean
RUN_062,TRIAD_021,A07_Boundary-0.5-Clean_B600,R1,1343723075,1597834894,65,Det/images/normal_train/01094415.png,0,05,easy_clean,0.022157544,1.0,0.0245081148,normal_replay,Boundary-0.5-Clean
RUN_062,TRIAD_021,A07_Boundary-0.5-Clean_B600,R1,1343723075,1597834894,66,Det/images/normal_train/01006838.png,0,05,easy_clean,0.0049895849,1.0,0.0050553142,normal_replay,Boundary-0.5-Clean
RUN_062,TRIAD_021,A07_Boundary-0.5-Clean_B600,R1,1343723075,1597834894,67,Det/images/normal_train/00506243.png,0,09,easy_clean,0.0057223106,1.0,0.0068636188,normal_replay,Boundary-0.5-Clean
RUN_062,TRIAD_021,A07_Boundary-0.5-Clean_B600,R1,1343723075,1597834894,68,Det/images/normal_train/01136191.png,0,07,easy_clean,0.0063576614,1.0,0.0090983125,normal_replay,Boundary-0.5-Clean
RUN_062,TRIAD_021,A07_Boundary-0.5-Clean_B600,R1,1343723075,1597834894,69,Det/images/normal_train/00907969.png,0,02,easy_clean,0.0197577321,1.0,0.0236388058,normal_replay,Boundary-0.5-Clean
RUN_062,TRIAD_021,A07_Boundary-0.5-Clean_B600,R1,1343723075,1597834894,70,Det/images/normal_train/01086503.png,0,04,learnable_hard,0.1211101265,0.98,0.0969503733,normal_replay,Boundary-0.5-Clean
RUN_062,TRIAD_021,A07_Boundary-0.5-Clean_B600,R1,1343723075,1597834894,71,Det/images/normal_train/01005914.png,0,09,easy_clean,0.0215783668,1.0,0.0269427098,normal_replay,Boundary-0.5-Clean
RUN_062,TRIAD_021,A07_Boundary-0.5-Clean_B600,R1,1343723075,1597834894,72,Det/images/normal_train/01183779.png,0,04,learnable_hard,0.4617717563,0.415,0.2429211655,normal_replay,Boundary-0.5-Clean
RUN_062,TRIAD_021,A07_Boundary-0.5-Clean_B600,R1,1343723075,1597834894,73,Det/images/normal_train/00738849.png,0,02,easy_clean,0.001588353,1.0,0.0015262286,normal_replay,Boundary-0.5-Clean
RUN_062,TRIAD_021,A07_Boundary-0.5-Clean_B600,R1,1343723075,1597834894,74,Det/images/normal_train/00329780.png,0,03,easy_clean,0.0174335419,1.0,0.0336402213,normal_replay,Boundary-0.5-Clean
RUN_062,TRIAD_021,A07_Boundary-0.5-Clean_B600,R1,1343723075,1597834894,75,Det/images/normal_train/00175027.png,0,06,easy_clean,0.0003784167,1.0,0.0005105723,normal_replay,Boundary-0.5-Clean
RUN_062,TRIAD_021,A07_Boundary-0.5-Clean_B600,R1,1343723075,1597834894,76,Det/images/normal_train/00150873.png,0,00,easy_clean,0.0148620576,1.0,0.018615458,normal_replay,Boundary-0.5-Clean
RUN_062,TRIAD_021,A07_Boundary-0.5-Clean_B600,R1,1343723075,1597834894,77,Det/images/normal_train/00856703.png,0,08,easy_clean,0.0028306613,1.0,0.0076001509,normal_replay,Boundary-0.5-Clean
RUN_062,TRIAD_021,A07_Boundary-0.5-Clean_B600,R1,1343723075,1597834894,78,Det/images/normal_train/00922157.png,0,02,easy_clean,0.009055247,1.0,0.0374097526,normal_replay,Boundary-0.5-Clean
RUN_062,TRIAD_021,A07_Boundary-0.5-Clean_B600,R1,1343723075,1597834894,79,Det/images/normal_train/00861711.png,0,09,easy_clean,0.0009298955,1.0,0.0011304866,normal_replay,Boundary-0.5-Clean
RUN_062,TRIAD_021,A07_Boundary-0.5-Clean_B600,R1,1343723075,1597834894,80,Det/images/normal_train/01016169.png,0,04,easy_clean,0.0589263832,1.0,0.0300075498,normal_replay,Boundary-0.5-Clean
RUN_062,TRIAD_021,A07_Boundary-0.5-Clean_B600,R1,1343723075,1597834894,81,Det/images/normal_train/00975376.png,0,02,learnable_hard,0.2038000546,0.97,0.1338062983,normal_replay,Boundary-0.5-Clean
RUN_062,TRIAD_021,A07_Boundary-0.5-Clean_B600,R1,1343723075,1597834894,82,Det/images/normal_train/00896675.png,0,07,learnable_hard,0.1360393034,0.99,0.0772998272,normal_replay,Boundary-0.5-Clean
RUN_062,TRIAD_021,A07_Boundary-0.5-Clean_B600,R1,1343723075,1597834894,83,Det/images/normal_train/00321791.png,0,03,easy_clean,0.0012351587,1.0,0.0033505334,normal_replay,Boundary-0.5-Clean
RUN_062,TRIAD_021,A07_Boundary-0.5-Clean_B600,R1,1343723075,1597834894,84,Det/images/normal_train/00817232.png,0,07,easy_clean,0.0414387153,1.0,0.0338818992,normal_replay,Boundary-0.5-Clean
RUN_062,TRIAD_021,A07_Boundary-0.5-Clean_B600,R1,1343723075,1597834894,85,Det/images/normal_train/01270535.png,0,05,easy_clean,0.0784869186,1.0,0.0610007644,normal_replay,Boundary-0.5-Clean
RUN_062,TRIAD_021,A07_Boundary-0.5-Clean_B600,R1,1343723075,1597834894,86,Det/images/normal_train/00618134.png,0,04,easy_clean,0.0005639688,1.0,0.0007548791,normal_replay,Boundary-0.5-Clean
RUN_062,TRIAD_021,A07_Boundary-0.5-Clean_B600,R1,1343723075,1597834894,87,Det/images/normal_train/00406825.png,0,03,persistent_hard,0.7373140658,0.155,0.1937869695,normal_replay,Boundary-0.5-Clean
RUN_062,TRIAD_021,A07_Boundary-0.5-Clean_B600,R1,1343723075,1597834894,88,Det/images/normal_train/00810888.png,0,09,easy_clean,0.0003029791,1.0,0.0004756347,normal_replay,Boundary-0.5-Clean
RUN_062,TRIAD_021,A07_Boundary-0.5-Clean_B600,R1,1343723075,1597834894,89,Det/images/normal_train/00888405.png,0,08,easy_clean,0.0065400933,1.0,0.0121759401,normal_replay,Boundary-0.5-Clean
RUN_062,TRIAD_021,A07_Boundary-0.5-Clean_B600,R1,1343723075,1597834894,90,Det/images/normal_train/00291803.png,0,04,easy_clean,0.0083821424,1.0,0.0165175037,normal_replay,Boundary-0.5-Clean
RUN_062,TRIAD_021,A07_Boundary-0.5-Clean_B600,R1,1343723075,1597834894,91,Det/images/normal_train/01074182.png,0,04,easy_clean,0.0022166838,1.0,0.0029418293,normal_replay,Boundary-0.5-Clean
RUN_062,TRIAD_021,A07_Boundary-0.5-Clean_B600,R1,1343723075,1597834894,92,Det/images/normal_train/00944687.png,0,05,learnable_hard,0.1588098641,0.995,0.0486515234,normal_replay,Boundary-0.5-Clean
RUN_062,TRIAD_021,A07_Boundary-0.5-Clean_B600,R1,1343723075,1597834894,93,Det/images/normal_train/01127688.png,0,06,easy_clean,0.0059077016,1.0,0.0077607722,normal_replay,Boundary-0.5-Clean
RUN_062,TRIAD_021,A07_Boundary-0.5-Clean_B600,R1,1343723075,1597834894,94,Det/images/normal_train/00377820.png,0,01,easy_clean,0.0195508271,1.0,0.0266296091,normal_replay,Boundary-0.5-Clean
RUN_062,TRIAD_021,A07_Boundary-0.5-Clean_B600,R1,1343723075,1597834894,95,Det/images/normal_train/01183704.png,0,04,easy_clean,0.0510728769,1.0,0.0665538277,normal_replay,Boundary-0.5-Clean
RUN_062,TRIAD_021,A07_Boundary-0.5-Clean_B600,R1,1343723075,1597834894,96,Det/images/normal_train/00331002.png,0,02,easy_clean,0.0068255269,1.0,0.0093753656,normal_replay,Boundary-0.5-Clean
RUN_062,TRIAD_021,A07_Boundary-0.5-Clean_B600,R1,1343723075,1597834894,97,Det/images/normal_train/01254143.png,0,05,easy_clean,0.0345893518,1.0,0.0235705573,normal_replay,Boundary-0.5-Clean
RUN_062,TRIAD_021,A07_Boundary-0.5-Clean_B600,R1,1343723075,1597834894,98,Det/images/normal_train/00376976.png,0,00,ordinary,0.2841972565,0.82,0.2201982183,normal_replay,Boundary-0.5-Clean
RUN_062,TRIAD_021,A07_Boundary-0.5-Clean_B600,R1,1343723075,1597834894,99,Det/images/normal_train/00930969.png,0,09,learnable_hard,0.2505253517,0.99,0.1026941256,normal_replay,Boundary-0.5-Clean
RUN_062,TRIAD_021,A07_Boundary-0.5-Clean_B600,R1,1343723075,1597834894,100,Det/images/normal_train/01120394.png,0,06,ordinary,0.2315711028,1.0,0.0678171459,normal_replay,Boundary-0.5-Clean
RUN_062,TRIAD_021,A07_Boundary-0.5-Clean_B600,R1,1343723075,1597834894,101,Det/images/normal_train/00958902.png,0,05,easy_clean,0.0048854198,1.0,0.0075330863,normal_replay,Boundary-0.5-Clean
RUN_062,TRIAD_021,A07_Boundary-0.5-Clean_B600,R1,1343723075,1597834894,102,Det/images/normal_train/00809067.png,0,05,easy_clean,0.0335493783,1.0,0.0306568507,normal_replay,Boundary-0.5-Clean
RUN_062,TRIAD_021,A07_Boundary-0.5-Clean_B600,R1,1343723075,1597834894,103,Det/images/normal_train/01069093.png,0,09,learnable_hard,0.2918578778,0.94,0.1070945713,normal_replay,Boundary-0.5-Clean
RUN_062,TRIAD_021,A07_Boundary-0.5-Clean_B600,R1,1343723075,1597834894,104,Det/images/normal_train/01180569.png,0,04,learnable_hard,0.5350745627,0.39,0.2802997093,normal_replay,Boundary-0.5-Clean
RUN_062,TRIAD_021,A07_Boundary-0.5-Clean_B600,R1,1343723075,1597834894,105,Det/images/normal_train/00620416.png,0,06,easy_clean,0.0007911677,1.0,0.0022850664,normal_replay,Boundary-0.5-Clean
RUN_062,TRIAD_021,A07_Boundary-0.5-Clean_B600,R1,1343723075,1597834894,106,Det/images/normal_train/01119894.png,0,01,easy_clean,0.002230795,1.0,0.0069465394,normal_replay,Boundary-0.5-Clean
RUN_062,TRIAD_021,A07_Boundary-0.5-Clean_B600,R1,1343723075,1597834894,107,Det/images/normal_train/00712042.png,0,01,learnable_hard,0.2070488151,0.87,0.2110201768,normal_replay,Boundary-0.5-Clean
RUN_062,TRIAD_021,A07_Boundary-0.5-Clean_B600,R1,1343723075,1597834894,108,Det/images/normal_train/01203652.png,0,05,easy_clean,0.0031579977,1.0,0.0040071693,normal_replay,Boundary-0.5-Clean
RUN_062,TRIAD_021,A07_Boundary-0.5-Clean_B600,R1,1343723075,1597834894,109,Det/images/normal_train/00717290.png,0,00,easy_clean,0.0108083561,1.0,0.0262894471,normal_replay,Boundary-0.5-Clean
RUN_062,TRIAD_021,A07_Boundary-0.5-Clean_B600,R1,1343723075,1597834894,110,Det/images/normal_train/00344894.png,0,00,easy_clean,0.0894225271,1.0,0.0719220449,normal_replay,Boundary-0.5-Clean
RUN_062,TRIAD_021,A07_Boundary-0.5-Clean_B600,R1,1343723075,1597834894,111,Det/images/normal_train/00966449.png,0,07,easy_clean,0.0063260883,1.0,0.009023045,normal_replay,Boundary-0.5-Clean
RUN_062,TRIAD_021,A07_Boundary-0.5-Clean_B600,R1,1343723075,1597834894,112,Det/images/normal_train/00890546.png,0,06,easy_clean,0.0091506338,1.0,0.0110130341,normal_replay,Boundary-0.5-Clean
RUN_062,TRIAD_021,A07_Boundary-0.5-Clean_B600,R1,1343723075,1597834894,113,Det/images/normal_train/00512520.png,0,05,learnable_hard,0.0122741802,0.995,0.0471057113,normal_replay,Boundary-0.5-Clean
RUN_062,TRIAD_021,A07_Boundary-0.5-Clean_B600,R1,1343723075,1597834894,114,Det/images/normal_train/01211489.png,0,04,persistent_hard,0.7681333202,0.12,0.1703275769,normal_replay,Boundary-0.5-Clean
RUN_062,TRIAD_021,A07_Boundary-0.5-Clean_B600,R1,1343723075,1597834894,115,Det/images/normal_train/00785416.png,0,04,easy_clean,0.0009752179,1.0,0.0015308639,normal_replay,Boundary-0.5-Clean
RUN_062,TRIAD_021,A07_Boundary-0.5-Clean_B600,R1,1343723075,1597834894,116,Det/images/normal_train/01126695.png,0,06,easy_clean,0.0364458998,1.0,0.0372835078,normal_replay,Boundary-0.5-Clean
RUN_062,TRIAD_021,A07_Boundary-0.5-Clean_B600,R1,1343723075,1597834894,117,Det/images/normal_train/00233404.png,0,03,easy_clean,0.0134802863,1.0,0.0249755898,normal_replay,Boundary-0.5-Clean
RUN_062,TRIAD_021,A07_Boundary-0.5-Clean_B600,R1,1343723075,1597834894,118,Det/images/normal_train/00972348.png,0,03,easy_clean,0.0052741414,1.0,0.0116172769,normal_replay,Boundary-0.5-Clean
RUN_062,TRIAD_021,A07_Boundary-0.5-Clean_B600,R1,1343723075,1597834894,119,Det/images/normal_train/00405880.png,0,05,learnable_hard,0.1884933818,0.835,0.2172990987,normal_replay,Boundary-0.5-Clean
RUN_062,TRIAD_021,A07_Boundary-0.5-Clean_B600,R1,1343723075,1597834894,120,Det/images/normal_train/01162293.png,0,06,easy_clean,0.0245621389,1.0,0.0457917516,normal_replay,Boundary-0.5-Clean
RUN_062,TRIAD_021,A07_Boundary-0.5-Clean_B600,R1,1343723075,1597834894,121,Det/images/normal_train/01226759.png,0,00,easy_clean,0.0173855007,1.0,0.0126609496,normal_replay,Boundary-0.5-Clean
RUN_062,TRIAD_021,A07_Boundary-0.5-Clean_B600,R1,1343723075,1597834894,122,Det/images/normal_train/01277563.png,0,07,ordinary,0.1041609451,1.0,0.0541676323,normal_replay,Boundary-0.5-Clean
RUN_062,TRIAD_021,A07_Boundary-0.5-Clean_B600,R1,1343723075,1597834894,123,Det/images/normal_train/00188477.png,0,06,learnable_hard,0.1107540105,0.995,0.0993151469,normal_replay,Boundary-0.5-Clean
RUN_062,TRIAD_021,A07_Boundary-0.5-Clean_B600,R1,1343723075,1597834894,124,Det/images/normal_train/00971308.png,0,02,easy_clean,0.0340554706,1.0,0.0382020125,normal_replay,Boundary-0.5-Clean
RUN_062,TRIAD_021,A07_Boundary-0.5-Clean_B600,R1,1343723075,1597834894,125,Det/images/normal_train/00343255.png,0,02,easy_clean,0.0080484601,1.0,0.0254375302,normal_replay,Boundary-0.5-Clean
RUN_062,TRIAD_021,A07_Boundary-0.5-Clean_B600,R1,1343723075,1597834894,126,Det/images/normal_train/01140467.png,0,00,unstable_boundary,0.584607204,0.205,0.1031292338,normal_replay,Boundary-0.5-Clean
RUN_062,TRIAD_021,A07_Boundary-0.5-Clean_B600,R1,1343723075,1597834894,127,Det/images/normal_train/00323354.png,0,06,easy_clean,0.002007751,1.0,0.0078012039,normal_replay,Boundary-0.5-Clean
RUN_062,TRIAD_021,A07_Boundary-0.5-Clean_B600,R1,1343723075,1597834894,128,Det/images/normal_train/00780722.png,0,00,easy_clean,0.0009641571,1.0,0.0016750207,normal_replay,Boundary-0.5-Clean
RUN_062,TRIAD_021,A07_Boundary-0.5-Clean_B600,R1,1343723075,1597834894,129,Det/images/normal_train/00632509.png,0,09,learnable_hard,0.186420129,0.985,0.1658832698,normal_replay,Boundary-0.5-Clean
RUN_062,TRIAD_021,A07_Boundary-0.5-Clean_B600,R1,1343723075,1597834894,130,Det/images/normal_train/00841393.png,0,04,easy_clean,0.0137844329,1.0,0.0388513352,normal_replay,Boundary-0.5-Clean
RUN_062,TRIAD_021,A07_Boundary-0.5-Clean_B600,R1,1343723075,1597834894,131,Det/images/normal_train/00234123.png,0,06,ordinary,0.138938021,1.0,0.1042211463,normal_replay,Boundary-0.5-Clean
RUN_062,TRIAD_021,A07_Boundary-0.5-Clean_B600,R1,1343723075,1597834894,132,Det/images/normal_train/00974404.png,0,05,easy_clean,0.0070209759,1.0,0.0182613483,normal_replay,Boundary-0.5-Clean
RUN_062,TRIAD_021,A07_Boundary-0.5-Clean_B600,R1,1343723075,1597834894,133,Det/images/normal_train/01236369.png,0,06,easy_clean,0.0231212648,1.0,0.023945597,normal_replay,Boundary-0.5-Clean
RUN_062,TRIAD_021,A07_Boundary-0.5-Clean_B600,R1,1343723075,1597834894,134,Det/images/normal_train/00738788.png,0,02,easy_clean,0.0296787941,1.0,0.0305755778,normal_replay,Boundary-0.5-Clean
RUN_062,TRIAD_021,A07_Boundary-0.5-Clean_B600,R1,1343723075,1597834894,135,Det/images/normal_train/01130466.png,0,00,easy_clean,0.0736105181,1.0,0.0437649734,normal_replay,Boundary-0.5-Clean
RUN_062,TRIAD_021,A07_Boundary-0.5-Clean_B600,R1,1343723075,1597834894,136,Det/images/normal_train/00311944.png,0,01,learnable_hard,0.3582341995,0.895,0.0998370844,normal_replay,Boundary-0.5-Clean
RUN_062,TRIAD_021,A07_Boundary-0.5-Clean_B600,R1,1343723075,1597834894,137,Det/images/normal_train/00620444.png,0,06,easy_clean,0.0015985405,1.0,0.0045838247,normal_replay,Boundary-0.5-Clean
RUN_062,TRIAD_021,A07_Boundary-0.5-Clean_B600,R1,1343723075,1597834894,138,Det/images/normal_train/01140712.png,0,00,easy_clean,0.0033562613,1.0,0.0128814154,normal_replay,Boundary-0.5-Clean
RUN_062,TRIAD_021,A07_Boundary-0.5-Clean_B600,R1,1343723075,1597834894,139,Det/images/normal_train/00171807.png,0,02,easy_clean,0.040046089,1.0,0.034290841,normal_replay,Boundary-0.5-Clean
RUN_062,TRIAD_021,A07_Boundary-0.5-Clean_B600,R1,1343723075,1597834894,140,Det/images/normal_train/01118526.png,0,02,learnable_hard,0.2546421758,0.955,0.1558830876,normal_replay,Boundary-0.5-Clean
RUN_062,TRIAD_021,A07_Boundary-0.5-Clean_B600,R1,1343723075,1597834894,141,Det/images/normal_train/00862649.png,0,07,easy_clean,0.0007916926,1.0,0.0009890463,normal_replay,Boundary-0.5-Clean
RUN_062,TRIAD_021,A07_Boundary-0.5-Clean_B600,R1,1343723075,1597834894,142,Det/images/normal_train/00174359.png,0,01,easy_clean,0.0005048165,1.0,0.0008077109,normal_replay,Boundary-0.5-Clean
RUN_062,TRIAD_021,A07_Boundary-0.5-Clean_B600,R1,1343723075,1597834894,143,Det/images/normal_train/01217075.png,0,06,ordinary,0.0944270862,1.0,0.0787125234,normal_replay,Boundary-0.5-Clean
RUN_062,TRIAD_021,A07_Boundary-0.5-Clean_B600,R1,1343723075,1597834894,144,Det/images/normal_train/00915815.png,0,09,easy_clean,0.01053427,1.0,0.0205277076,normal_replay,Boundary-0.5-Clean
RUN_062,TRIAD_021,A07_Boundary-0.5-Clean_B600,R1,1343723075,1597834894,145,Det/images/normal_train/00357242.png,0,09,learnable_hard,0.2379026889,0.99,0.1087863903,normal_replay,Boundary-0.5-Clean
RUN_062,TRIAD_021,A07_Boundary-0.5-Clean_B600,R1,1343723075,1597834894,146,Det/images/normal_train/00192624.png,0,09,easy_clean,0.00062894,1.0,0.0011998365,normal_replay,Boundary-0.5-Clean
RUN_062,TRIAD_021,A07_Boundary-0.5-Clean_B600,R1,1343723075,1597834894,147,Det/images/normal_train/01143129.png,0,08,easy_clean,0.003532052,1.0,0.005995742,normal_replay,Boundary-0.5-Clean
RUN_062,TRIAD_021,A07_Boundary-0.5-Clean_B600,R1,1343723075,1597834894,148,Det/images/normal_train/01212832.png,0,02,easy_clean,0.0331252334,1.0,0.0282426374,normal_replay,Boundary-0.5-Clean
RUN_062,TRIAD_021,A07_Boundary-0.5-Clean_B600,R1,1343723075,1597834894,149,Det/images/normal_train/00207066.png,0,01,learnable_hard,0.7207784578,0.08,0.1242833502,normal_replay,Boundary-0.5-Clean
RUN_062,TRIAD_021,A07_Boundary-0.5-Clean_B600,R1,1343723075,1597834894,150,Det/images/normal_train/01166302.png,0,08,learnable_hard,0.1966493249,0.955,0.1448261112,normal_replay,Boundary-0.5-Clean
RUN_062,TRIAD_021,A07_Boundary-0.5-Clean_B600,R1,1343723075,1597834894,151,Det/images/normal_train/01086842.png,0,04,easy_clean,0.011835039,1.0,0.0126093084,normal_replay,Boundary-0.5-Clean
RUN_062,TRIAD_021,A07_Boundary-0.5-Clean_B600,R1,1343723075,1597834894,152,Det/images/normal_train/00333877.png,0,00,easy_clean,0.0046863431,1.0,0.0059365326,normal_replay,Boundary-0.5-Clean
RUN_062,TRIAD_021,A07_Boundary-0.5-Clean_B600,R1,1343723075,1597834894,153,Det/images/normal_train/00290151.png,0,00,easy_clean,0.0695513418,1.0,0.0329130595,normal_replay,Boundary-0.5-Clean
RUN_062,TRIAD_021,A07_Boundary-0.5-Clean_B600,R1,1343723075,1597834894,154,Det/images/normal_train/01200080.png,0,04,easy_clean,0.0809769442,1.0,0.0728846568,normal_replay,Boundary-0.5-Clean
RUN_062,TRIAD_021,A07_Boundary-0.5-Clean_B600,R1,1343723075,1597834894,155,Det/images/normal_train/01204736.png,0,09,easy_clean,0.0381624998,1.0,0.0578368335,normal_replay,Boundary-0.5-Clean
RUN_062,TRIAD_021,A07_Boundary-0.5-Clean_B600,R1,1343723075,1597834894,156,Det/images/normal_train/00754862.png,0,09,easy_clean,0.0230067314,1.0,0.0444498977,normal_replay,Boundary-0.5-Clean
RUN_062,TRIAD_021,A07_Boundary-0.5-Clean_B600,R1,1343723075,1597834894,157,Det/images/normal_train/00877348.png,0,04,easy_clean,0.0008482364,1.0,0.0012692244,normal_replay,Boundary-0.5-Clean
RUN_062,TRIAD_021,A07_Boundary-0.5-Clean_B600,R1,1343723075,1597834894,158,Det/images/normal_train/01096711.png,0,06,easy_clean,0.0677679534,1.0,0.0252247163,normal_replay,Boundary-0.5-Clean
RUN_062,TRIAD_021,A07_Boundary-0.5-Clean_B600,R1,1343723075,1597834894,159,Det/images/normal_train/00625819.png,0,08,learnable_hard,0.5497834027,0.26,0.1853311334,normal_replay,Boundary-0.5-Clean
RUN_062,TRIAD_021,A07_Boundary-0.5-Clean_B600,R1,1343723075,1597834894,160,Det/images/normal_train/00977454.png,0,09,easy_clean,0.0340211207,1.0,0.0313022109,normal_replay,Boundary-0.5-Clean
RUN_062,TRIAD_021,A07_Boundary-0.5-Clean_B600,R1,1343723075,1597834894,161,Det/images/normal_train/01157245.png,0,06,easy_clean,0.0009644801,1.0,0.0013408128,normal_replay,Boundary-0.5-Clean
RUN_062,TRIAD_021,A07_Boundary-0.5-Clean_B600,R1,1343723075,1597834894,162,Det/images/normal_train/01053924.png,0,05,learnable_hard,0.6939877906,0.025,0.0913618941,normal_replay,Boundary-0.5-Clean
RUN_062,TRIAD_021,A07_Boundary-0.5-Clean_B600,R1,1343723075,1597834894,163,Det/images/normal_train/00799283.png,0,09,easy_clean,0.0016629679,1.0,0.0024141727,normal_replay,Boundary-0.5-Clean
RUN_062,TRIAD_021,A07_Boundary-0.5-Clean_B600,R1,1343723075,1597834894,164,Det/images/normal_train/00998619.png,0,03,easy_clean,0.0147789256,1.0,0.0231729423,normal_replay,Boundary-0.5-Clean
RUN_062,TRIAD_021,A07_Boundary-0.5-Clean_B600,R1,1343723075,1597834894,165,Det/images/normal_train/00992377.png,0,08,easy_clean,0.0055224855,1.0,0.0345179624,normal_replay,Boundary-0.5-Clean
RUN_062,TRIAD_021,A07_Boundary-0.5-Clean_B600,R1,1343723075,1597834894,166,Det/images/normal_train/00586607.png,0,01,learnable_hard,0.3110838178,0.605,0.2698926367,normal_replay,Boundary-0.5-Clean
RUN_062,TRIAD_021,A07_Boundary-0.5-Clean_B600,R1,1343723075,1597834894,167,Det/images/normal_train/00192810.png,0,09,easy_clean,0.0061945759,1.0,0.0316952314,normal_replay,Boundary-0.5-Clean
RUN_062,TRIAD_021,A07_Boundary-0.5-Clean_B600,R1,1343723075,1597834894,168,Det/images/normal_train/00823634.png,0,02,easy_clean,0.0014835228,1.0,0.0031706341,normal_replay,Boundary-0.5-Clean
RUN_062,TRIAD_021,A07_Boundary-0.5-Clean_B600,R1,1343723075,1597834894,169,Det/images/normal_train/00887636.png,0,01,easy_clean,0.018997554,1.0,0.0325919154,normal_replay,Boundary-0.5-Clean
RUN_062,TRIAD_021,A07_Boundary-0.5-Clean_B600,R1,1343723075,1597834894,170,Det/images/normal_train/00640228.png,0,02,easy_clean,0.0096472086,1.0,0.0130515803,normal_replay,Boundary-0.5-Clean
RUN_062,TRIAD_021,A07_Boundary-0.5-Clean_B600,R1,1343723075,1597834894,171,Det/images/normal_train/01234798.png,0,08,learnable_hard,0.3375412144,0.845,0.193809148,normal_replay,Boundary-0.5-Clean
RUN_062,TRIAD_021,A07_Boundary-0.5-Clean_B600,R1,1343723075,1597834894,172,Det/images/normal_train/00225414.png,0,01,ordinary,0.2850549236,0.97,0.0998675011,normal_replay,Boundary-0.5-Clean
RUN_062,TRIAD_021,A07_Boundary-0.5-Clean_B600,R1,1343723075,1597834894,173,Det/images/normal_train/00610526.png,0,05,easy_clean,0.0004278313,1.0,0.0006532741,normal_replay,Boundary-0.5-Clean
RUN_062,TRIAD_021,A07_Boundary-0.5-Clean_B600,R1,1343723075,1597834894,174,Det/images/normal_train/00823661.png,0,02,learnable_hard,0.2079077077,0.82,0.2081050228,normal_replay,Boundary-0.5-Clean
RUN_062,TRIAD_021,A07_Boundary-0.5-Clean_B600,R1,1343723075,1597834894,175,Det/images/normal_train/00957413.png,0,02,easy_clean,0.0018938393,1.0,0.0021720604,normal_replay,Boundary-0.5-Clean
RUN_062,TRIAD_021,A07_Boundary-0.5-Clean_B600,R1,1343723075,1597834894,176,Det/images/normal_train/00952497.png,0,09,easy_clean,0.0131577491,1.0,0.0206516329,normal_replay,Boundary-0.5-Clean
RUN_062,TRIAD_021,A07_Boundary-0.5-Clean_B600,R1,1343723075,1597834894,177,Det/images/normal_train/00472424.png,0,00,learnable_hard,0.121212231,0.99,0.0956743295,normal_replay,Boundary-0.5-Clean
RUN_062,TRIAD_021,A07_Boundary-0.5-Clean_B600,R1,1343723075,1597834894,178,Det/images/normal_train/00555626.png,0,07,easy_clean,0.0058934499,1.0,0.0169417288,normal_replay,Boundary-0.5-Clean
RUN_062,TRIAD_021,A07_Boundary-0.5-Clean_B600,R1,1343723075,1597834894,179,Det/images/normal_train/01175742.png,0,05,easy_clean,0.0016044654,1.0,0.0031656473,normal_replay,Boundary-0.5-Clean
RUN_062,TRIAD_021,A07_Boundary-0.5-Clean_B600,R1,1343723075,1597834894,180,Det/images/normal_train/00862374.png,0,07,easy_clean,0.0042067598,1.0,0.0057590411,normal_replay,Boundary-0.5-Clean
RUN_062,TRIAD_021,A07_Boundary-0.5-Clean_B600,R1,1343723075,1597834894,181,Det/images/normal_train/00548735.png,0,00,easy_clean,0.0103435889,1.0,0.0159412031,normal_replay,Boundary-0.5-Clean
RUN_062,TRIAD_021,A07_Boundary-0.5-Clean_B600,R1,1343723075,1597834894,182,Det/images/normal_train/00968319.png,0,09,learnable_hard,0.0064826344,0.995,0.0439437563,normal_replay,Boundary-0.5-Clean
RUN_062,TRIAD_021,A07_Boundary-0.5-Clean_B600,R1,1343723075,1597834894,183,Det/images/normal_train/00323224.png,0,06,learnable_hard,0.1378162978,0.93,0.1846264435,normal_replay,Boundary-0.5-Clean
RUN_062,TRIAD_021,A07_Boundary-0.5-Clean_B600,R1,1343723075,1597834894,184,Det/images/normal_train/00267931.png,0,07,easy_clean,0.0617306127,1.0,0.0492813736,normal_replay,Boundary-0.5-Clean
RUN_062,TRIAD_021,A07_Boundary-0.5-Clean_B600,R1,1343723075,1597834894,185,Det/images/normal_train/00249284.png,0,09,learnable_hard,0.2367060042,0.855,0.2159225307,normal_replay,Boundary-0.5-Clean
RUN_062,TRIAD_021,A07_Boundary-0.5-Clean_B600,R1,1343723075,1597834894,186,Det/images/normal_train/01287663.png,0,06,easy_clean,0.0230048824,1.0,0.0310136846,normal_replay,Boundary-0.5-Clean
RUN_062,TRIAD_021,A07_Boundary-0.5-Clean_B600,R1,1343723075,1597834894,187,Det/images/normal_train/01060609.png,0,01,easy_clean,0.0010338765,1.0,0.0030488437,normal_replay,Boundary-0.5-Clean
RUN_062,TRIAD_021,A07_Boundary-0.5-Clean_B600,R1,1343723075,1597834894,188,Det/images/normal_train/00990628.png,0,03,easy_clean,0.0062742639,1.0,0.0140150572,normal_replay,Boundary-0.5-Clean
RUN_062,TRIAD_021,A07_Boundary-0.5-Clean_B600,R1,1343723075,1597834894,189,Det/images/normal_train/00686751.png,0,08,easy_clean,0.0043429191,1.0,0.0154246129,normal_replay,Boundary-0.5-Clean
RUN_062,TRIAD_021,A07_Boundary-0.5-Clean_B600,R1,1343723075,1597834894,190,Det/images/normal_train/01034481.png,0,07,easy_clean,0.0023239701,1.0,0.0077389081,normal_replay,Boundary-0.5-Clean
RUN_062,TRIAD_021,A07_Boundary-0.5-Clean_B600,R1,1343723075,1597834894,191,Det/images/normal_train/01235113.png,0,01,learnable_hard,0.255569153,0.9,0.1648645986,normal_replay,Boundary-0.5-Clean
RUN_062,TRIAD_021,A07_Boundary-0.5-Clean_B600,R1,1343723075,1597834894,192,Det/images/normal_train/00825212.png,0,02,easy_clean,0.0526638796,1.0,0.0659926106,normal_replay,Boundary-0.5-Clean
RUN_062,TRIAD_021,A07_Boundary-0.5-Clean_B600,R1,1343723075,1597834894,193,Det/images/normal_train/00829768.png,0,09,learnable_hard,0.1938268474,0.97,0.108929023,normal_replay,Boundary-0.5-Clean
RUN_062,TRIAD_021,A07_Boundary-0.5-Clean_B600,R1,1343723075,1597834894,194,Det/images/normal_train/00561199.png,0,09,easy_clean,0.0313151205,1.0,0.0536260769,normal_replay,Boundary-0.5-Clean
RUN_062,TRIAD_021,A07_Boundary-0.5-Clean_B600,R1,1343723075,1597834894,195,Det/images/normal_train/00458905.png,0,05,easy_clean,0.0555849573,1.0,0.062579459,normal_replay,Boundary-0.5-Clean
RUN_062,TRIAD_021,A07_Boundary-0.5-Clean_B600,R1,1343723075,1597834894,196,Det/images/normal_train/00849196.png,0,05,easy_clean,0.0065552693,1.0,0.0070404921,normal_replay,Boundary-0.5-Clean
RUN_062,TRIAD_021,A07_Boundary-0.5-Clean_B600,R1,1343723075,1597834894,197,Det/images/normal_train/00760108.png,0,04,easy_clean,0.0046083605,1.0,0.0125249018,normal_replay,Boundary-0.5-Clean
RUN_062,TRIAD_021,A07_Boundary-0.5-Clean_B600,R1,1343723075,1597834894,198,Det/images/normal_train/00609166.png,0,08,easy_clean,0.0397752677,1.0,0.0385562073,normal_replay,Boundary-0.5-Clean
RUN_062,TRIAD_021,A07_Boundary-0.5-Clean_B600,R1,1343723075,1597834894,199,Det/images/normal_train/00670262.png,0,04,easy_clean,0.0019991486,1.0,0.0093737499,normal_replay,Boundary-0.5-Clean
RUN_062,TRIAD_021,A07_Boundary-0.5-Clean_B600,R1,1343723075,1597834894,200,Det/images/normal_train/00533928.png,0,02,easy_clean,0.0003159557,1.0,0.0009636322,normal_replay,Boundary-0.5-Clean
RUN_062,TRIAD_021,A07_Boundary-0.5-Clean_B600,R1,1343723075,1597834894,201,Det/images/normal_train/00550291.png,0,08,easy_clean,0.0042387704,1.0,0.0101925,normal_replay,Boundary-0.5-Clean
RUN_062,TRIAD_021,A07_Boundary-0.5-Clean_B600,R1,1343723075,1597834894,202,Det/images/normal_train/00311277.png,0,01,easy_clean,0.0059208935,1.0,0.026686897,normal_replay,Boundary-0.5-Clean
RUN_062,TRIAD_021,A07_Boundary-0.5-Clean_B600,R1,1343723075,1597834894,203,Det/images/normal_train/01147105.png,0,07,easy_clean,0.0055852615,1.0,0.008727081,normal_replay,Boundary-0.5-Clean
RUN_062,TRIAD_021,A07_Boundary-0.5-Clean_B600,R1,1343723075,1597834894,204,Det/images/normal_train/00970037.png,0,05,easy_clean,0.0033761763,1.0,0.0046853481,normal_replay,Boundary-0.5-Clean
RUN_062,TRIAD_021,A07_Boundary-0.5-Clean_B600,R1,1343723075,1597834894,205,Det/images/normal_train/01280458.png,0,03,easy_clean,0.0144212511,1.0,0.0231734532,normal_replay,Boundary-0.5-Clean
RUN_062,TRIAD_021,A07_Boundary-0.5-Clean_B600,R1,1343723075,1597834894,206,Det/images/normal_train/01237345.png,0,05,easy_clean,0.040502472,1.0,0.0448800158,normal_replay,Boundary-0.5-Clean
RUN_062,TRIAD_021,A07_Boundary-0.5-Clean_B600,R1,1343723075,1597834894,207,Det/images/normal_train/00358491.png,0,04,learnable_hard,0.2154630729,0.92,0.1882159602,normal_replay,Boundary-0.5-Clean
RUN_062,TRIAD_021,A07_Boundary-0.5-Clean_B600,R1,1343723075,1597834894,208,Det/images/normal_train/01160306.png,0,05,easy_clean,0.0066154135,1.0,0.011902094,normal_replay,Boundary-0.5-Clean
RUN_062,TRIAD_021,A07_Boundary-0.5-Clean_B600,R1,1343723075,1597834894,209,Det/images/normal_train/00515997.png,0,03,easy_clean,0.0047993547,1.0,0.0101480463,normal_replay,Boundary-0.5-Clean
RUN_062,TRIAD_021,A07_Boundary-0.5-Clean_B600,R1,1343723075,1597834894,210,Det/images/normal_train/01053177.png,0,05,learnable_hard,0.3358578742,0.74,0.196038011,normal_replay,Boundary-0.5-Clean
RUN_062,TRIAD_021,A07_Boundary-0.5-Clean_B600,R1,1343723075,1597834894,211,Det/images/normal_train/00875619.png,0,06,easy_clean,0.0055813598,1.0,0.0104112667,normal_replay,Boundary-0.5-Clean
RUN_062,TRIAD_021,A07_Boundary-0.5-Clean_B600,R1,1343723075,1597834894,212,Det/images/normal_train/00558133.png,0,06,easy_clean,0.0019486041,1.0,0.0032224701,normal_replay,Boundary-0.5-Clean
RUN_062,TRIAD_021,A07_Boundary-0.5-Clean_B600,R1,1343723075,1597834894,213,Det/images/normal_train/00975644.png,0,02,easy_clean,0.0098544094,1.0,0.008483518,normal_replay,Boundary-0.5-Clean
RUN_062,TRIAD_021,A07_Boundary-0.5-Clean_B600,R1,1343723075,1597834894,214,Det/images/normal_train/00715575.png,0,09,learnable_hard,0.2707575527,0.955,0.1368222356,normal_replay,Boundary-0.5-Clean
RUN_062,TRIAD_021,A07_Boundary-0.5-Clean_B600,R1,1343723075,1597834894,215,Det/images/normal_train/00515789.png,0,03,easy_clean,0.0194457437,1.0,0.0399970117,normal_replay,Boundary-0.5-Clean
RUN_062,TRIAD_021,A07_Boundary-0.5-Clean_B600,R1,1343723075,1597834894,216,Det/images/normal_train/01223959.png,0,03,easy_clean,0.0806793749,1.0,0.0244529005,normal_replay,Boundary-0.5-Clean
RUN_062,TRIAD_021,A07_Boundary-0.5-Clean_B600,R1,1343723075,1597834894,217,Det/images/normal_train/01089174.png,0,01,easy_clean,0.0022692277,1.0,0.006151993,normal_replay,Boundary-0.5-Clean
RUN_062,TRIAD_021,A07_Boundary-0.5-Clean_B600,R1,1343723075,1597834894,218,Det/images/normal_train/00530686.png,0,01,easy_clean,0.0068442611,1.0,0.0086530692,normal_replay,Boundary-0.5-Clean
RUN_062,TRIAD_021,A07_Boundary-0.5-Clean_B600,R1,1343723075,1597834894,219,Det/images/normal_train/00684806.png,0,09,easy_clean,0.0128565325,1.0,0.0407825872,normal_replay,Boundary-0.5-Clean
RUN_062,TRIAD_021,A07_Boundary-0.5-Clean_B600,R1,1343723075,1597834894,220,Det/images/normal_train/00926951.png,0,00,ordinary,0.1720846649,1.0,0.1294881701,normal_replay,Boundary-0.5-Clean
RUN_062,TRIAD_021,A07_Boundary-0.5-Clean_B600,R1,1343723075,1597834894,221,Det/images/normal_train/00578760.png,0,03,easy_clean,0.000934,1.0,0.0019085621,normal_replay,Boundary-0.5-Clean
RUN_062,TRIAD_021,A07_Boundary-0.5-Clean_B600,R1,1343723075,1597834894,222,Det/images/normal_train/00226872.png,0,08,easy_clean,0.001943604,1.0,0.0027754866,normal_replay,Boundary-0.5-Clean
RUN_062,TRIAD_021,A07_Boundary-0.5-Clean_B600,R1,1343723075,1597834894,223,Det/images/normal_train/01144896.png,0,05,easy_clean,0.0184617309,1.0,0.0107669268,normal_replay,Boundary-0.5-Clean
RUN_062,TRIAD_021,A07_Boundary-0.5-Clean_B600,R1,1343723075,1597834894,224,Det/images/normal_train/01132926.png,0,07,easy_clean,0.0613001338,1.0,0.0844642863,normal_replay,Boundary-0.5-Clean
RUN_062,TRIAD_021,A07_Boundary-0.5-Clean_B600,R1,1343723075,1597834894,225,Det/images/normal_train/00726433.png,0,07,learnable_hard,0.0396724718,0.985,0.0935332321,normal_replay,Boundary-0.5-Clean
RUN_062,TRIAD_021,A07_Boundary-0.5-Clean_B600,R1,1343723075,1597834894,226,Det/images/normal_train/00908002.png,0,06,easy_clean,0.0288788627,1.0,0.0251011736,normal_replay,Boundary-0.5-Clean
RUN_062,TRIAD_021,A07_Boundary-0.5-Clean_B600,R1,1343723075,1597834894,227,Det/images/normal_train/01073846.png,0,07,easy_clean,0.0116891812,1.0,0.013314419,normal_replay,Boundary-0.5-Clean
RUN_062,TRIAD_021,A07_Boundary-0.5-Clean_B600,R1,1343723075,1597834894,228,Det/images/normal_train/00964969.png,0,05,easy_clean,0.0356381538,1.0,0.026054385,normal_replay,Boundary-0.5-Clean
RUN_062,TRIAD_021,A07_Boundary-0.5-Clean_B600,R1,1343723075,1597834894,229,Det/images/normal_train/01158989.png,0,00,persistent_hard,0.7163859838,0.0,0.0781665666,normal_replay,Boundary-0.5-Clean
RUN_062,TRIAD_021,A07_Boundary-0.5-Clean_B600,R1,1343723075,1597834894,230,Det/images/normal_train/01166722.png,0,08,learnable_hard,0.7430860064,0.145,0.1992464884,normal_replay,Boundary-0.5-Clean
RUN_062,TRIAD_021,A07_Boundary-0.5-Clean_B600,R1,1343723075,1597834894,231,Det/images/normal_train/01261627.png,0,00,easy_clean,0.0574940288,1.0,0.0474944655,normal_replay,Boundary-0.5-Clean
RUN_062,TRIAD_021,A07_Boundary-0.5-Clean_B600,R1,1343723075,1597834894,232,Det/images/normal_train/00468616.png,0,06,easy_clean,0.0038584353,1.0,0.0118893132,normal_replay,Boundary-0.5-Clean
RUN_062,TRIAD_021,A07_Boundary-0.5-Clean_B600,R1,1343723075,1597834894,233,Det/images/normal_train/00948098.png,0,07,easy_clean,0.0432478217,1.0,0.0436367875,normal_replay,Boundary-0.5-Clean
RUN_062,TRIAD_021,A07_Boundary-0.5-Clean_B600,R1,1343723075,1597834894,234,Det/images/normal_train/00851478.png,0,01,easy_clean,0.0050652249,1.0,0.0087516638,normal_replay,Boundary-0.5-Clean
RUN_062,TRIAD_021,A07_Boundary-0.5-Clean_B600,R1,1343723075,1597834894,235,Det/images/normal_train/00857433.png,0,01,easy_clean,0.010129229,1.0,0.0369851926,normal_replay,Boundary-0.5-Clean
RUN_062,TRIAD_021,A07_Boundary-0.5-Clean_B600,R1,1343723075,1597834894,236,Det/images/normal_train/01212815.png,0,02,easy_clean,0.0126476441,1.0,0.0098012596,normal_replay,Boundary-0.5-Clean
RUN_062,TRIAD_021,A07_Boundary-0.5-Clean_B600,R1,1343723075,1597834894,237,Det/images/normal_train/00826709.png,0,03,easy_clean,0.0159881012,1.0,0.0260490389,normal_replay,Boundary-0.5-Clean
RUN_062,TRIAD_021,A07_Boundary-0.5-Clean_B600,R1,1343723075,1597834894,238,Det/images/normal_train/00623861.png,0,08,easy_clean,0.0262669132,1.0,0.0572010266,normal_replay,Boundary-0.5-Clean
RUN_062,TRIAD_021,A07_Boundary-0.5-Clean_B600,R1,1343723075,1597834894,239,Det/images/normal_train/00358219.png,0,04,easy_clean,0.0014649125,1.0,0.0058053587,normal_replay,Boundary-0.5-Clean
RUN_062,TRIAD_021,A07_Boundary-0.5-Clean_B600,R1,1343723075,1597834894,240,Det/images/normal_train/00909325.png,0,00,easy_clean,0.0011231877,1.0,0.0017155537,normal_replay,Boundary-0.5-Clean
RUN_062,TRIAD_021,A07_Boundary-0.5-Clean_B600,R1,1343723075,1597834894,241,Det/images/normal_train/01232806.png,0,09,easy_clean,0.0043593266,1.0,0.0051897986,normal_replay,Boundary-0.5-Clean
RUN_062,TRIAD_021,A07_Boundary-0.5-Clean_B600,R1,1343723075,1597834894,242,Det/images/normal_train/00372170.png,0,05,easy_clean,0.0105627882,1.0,0.0156277932,normal_replay,Boundary-0.5-Clean
RUN_062,TRIAD_021,A07_Boundary-0.5-Clean_B600,R1,1343723075,1597834894,243,Det/images/normal_train/01287696.png,0,06,easy_clean,0.0041682099,1.0,0.0068406163,normal_replay,Boundary-0.5-Clean
RUN_062,TRIAD_021,A07_Boundary-0.5-Clean_B600,R1,1343723075,1597834894,244,Det/images/normal_train/00819742.png,0,07,easy_clean,0.0027825036,1.0,0.0039845494,normal_replay,Boundary-0.5-Clean
RUN_062,TRIAD_021,A07_Boundary-0.5-Clean_B600,R1,1343723075,1597834894,245,Det/images/normal_train/01167588.png,0,01,easy_clean,0.0089037869,1.0,0.0150469244,normal_replay,Boundary-0.5-Clean
RUN_062,TRIAD_021,A07_Boundary-0.5-Clean_B600,R1,1343723075,1597834894,246,Det/images/normal_train/00587328.png,0,00,easy_clean,0.0045792705,1.0,0.0148577569,normal_replay,Boundary-0.5-Clean
RUN_062,TRIAD_021,A07_Boundary-0.5-Clean_B600,R1,1343723075,1597834894,247,Det/images/normal_train/00905417.png,0,09,easy_clean,0.0060458135,1.0,0.0074982922,normal_replay,Boundary-0.5-Clean
RUN_062,TRIAD_021,A07_Boundary-0.5-Clean_B600,R1,1343723075,1597834894,248,Det/images/normal_train/00273270.png,0,08,learnable_hard,0.3920636106,0.71,0.2999316837,normal_replay,Boundary-0.5-Clean
RUN_062,TRIAD_021,A07_Boundary-0.5-Clean_B600,R1,1343723075,1597834894,249,Det/images/normal_train/00291405.png,0,04,easy_clean,0.0084541302,1.0,0.0298296715,normal_replay,Boundary-0.5-Clean
RUN_062,TRIAD_021,A07_Boundary-0.5-Clean_B600,R1,1343723075,1597834894,250,Det/images/normal_train/00355372.png,0,01,learnable_hard,0.0310673374,0.99,0.0786025579,normal_replay,Boundary-0.5-Clean
RUN_062,TRIAD_021,A07_Boundary-0.5-Clean_B600,R1,1343723075,1597834894,251,Det/images/normal_train/01260757.png,0,05,easy_clean,0.0132015984,1.0,0.0080437379,normal_replay,Boundary-0.5-Clean
RUN_062,TRIAD_021,A07_Boundary-0.5-Clean_B600,R1,1343723075,1597834894,252,Det/images/normal_train/00335404.png,0,07,easy_clean,0.0016733994,1.0,0.0027188975,normal_replay,Boundary-0.5-Clean
RUN_062,TRIAD_021,A07_Boundary-0.5-Clean_B600,R1,1343723075,1597834894,253,Det/images/normal_train/00575000.png,0,00,easy_clean,0.0001155475,1.0,0.0002090815,normal_replay,Boundary-0.5-Clean
RUN_062,TRIAD_021,A07_Boundary-0.5-Clean_B600,R1,1343723075,1597834894,254,Det/images/normal_train/01242133.png,0,02,easy_clean,0.0001292951,1.0,0.0002001022,normal_replay,Boundary-0.5-Clean
RUN_062,TRIAD_021,A07_Boundary-0.5-Clean_B600,R1,1343723075,1597834894,255,Det/images/normal_train/01093309.png,0,04,easy_clean,0.0134027678,1.0,0.0256909869,normal_replay,Boundary-0.5-Clean
RUN_062,TRIAD_021,A07_Boundary-0.5-Clean_B600,R1,1343723075,1597834894,256,Det/images/normal_train/00334515.png,0,06,easy_clean,0.0554664167,1.0,0.0306509943,normal_replay,Boundary-0.5-Clean
RUN_062,TRIAD_021,A07_Boundary-0.5-Clean_B600,R1,1343723075,1597834894,257,Det/images/normal_train/00844493.png,0,00,ordinary,0.1107393902,1.0,0.074169807,normal_replay,Boundary-0.5-Clean
RUN_062,TRIAD_021,A07_Boundary-0.5-Clean_B600,R1,1343723075,1597834894,258,Det/images/normal_train/00859685.png,0,08,easy_clean,0.0006211538,1.0,0.0009190509,normal_replay,Boundary-0.5-Clean
RUN_062,TRIAD_021,A07_Boundary-0.5-Clean_B600,R1,1343723075,1597834894,259,Det/images/normal_train/01030590.png,0,04,easy_clean,0.016284453,1.0,0.0151697542,normal_replay,Boundary-0.5-Clean
RUN_062,TRIAD_021,A07_Boundary-0.5-Clean_B600,R1,1343723075,1597834894,260,Det/images/normal_train/00411291.png,0,06,easy_clean,0.0011496482,1.0,0.0034406386,normal_replay,Boundary-0.5-Clean
RUN_062,TRIAD_021,A07_Boundary-0.5-Clean_B600,R1,1343723075,1597834894,261,Det/images/normal_train/00192132.png,0,09,learnable_hard,0.0062625958,0.995,0.0445534876,normal_replay,Boundary-0.5-Clean
RUN_062,TRIAD_021,A07_Boundary-0.5-Clean_B600,R1,1343723075,1597834894,262,Det/images/normal_train/00633375.png,0,02,easy_clean,0.0580883641,1.0,0.0696904683,normal_replay,Boundary-0.5-Clean
RUN_062,TRIAD_021,A07_Boundary-0.5-Clean_B600,R1,1343723075,1597834894,263,Det/images/normal_train/00457256.png,0,09,easy_clean,0.001559298,1.0,0.0023959611,normal_replay,Boundary-0.5-Clean
RUN_062,TRIAD_021,A07_Boundary-0.5-Clean_B600,R1,1343723075,1597834894,264,Det/images/normal_train/01289525.png,0,01,learnable_hard,0.2615287812,0.96,0.1302631046,normal_replay,Boundary-0.5-Clean
RUN_062,TRIAD_021,A07_Boundary-0.5-Clean_B600,R1,1343723075,1597834894,265,Det/images/normal_train/00305824.png,0,02,ordinary,0.3197791045,0.91,0.1174887213,normal_replay,Boundary-0.5-Clean
RUN_062,TRIAD_021,A07_Boundary-0.5-Clean_B600,R1,1343723075,1597834894,266,Det/images/normal_train/00479340.png,0,03,easy_clean,0.0007365822,1.0,0.0015504685,normal_replay,Boundary-0.5-Clean
RUN_062,TRIAD_021,A07_Boundary-0.5-Clean_B600,R1,1343723075,1597834894,267,Det/images/normal_train/00352992.png,0,07,learnable_hard,0.1390315763,0.995,0.1235822361,normal_replay,Boundary-0.5-Clean
RUN_062,TRIAD_021,A07_Boundary-0.5-Clean_B600,R1,1343723075,1597834894,268,Det/images/normal_train/00851865.png,0,01,easy_clean,0.0671823763,1.0,0.0593575102,normal_replay,Boundary-0.5-Clean
RUN_062,TRIAD_021,A07_Boundary-0.5-Clean_B600,R1,1343723075,1597834894,269,Det/images/normal_train/00842734.png,0,06,easy_clean,0.0015133879,1.0,0.0025383744,normal_replay,Boundary-0.5-Clean
RUN_062,TRIAD_021,A07_Boundary-0.5-Clean_B600,R1,1343723075,1597834894,270,Det/images/normal_train/01110961.png,0,09,learnable_hard,0.3000961038,0.895,0.1539716292,normal_replay,Boundary-0.5-Clean
RUN_062,TRIAD_021,A07_Boundary-0.5-Clean_B600,R1,1343723075,1597834894,271,Det/images/normal_train/00965865.png,0,03,learnable_hard,0.0794514892,0.98,0.1239217653,normal_replay,Boundary-0.5-Clean
RUN_062,TRIAD_021,A07_Boundary-0.5-Clean_B600,R1,1343723075,1597834894,272,Det/images/normal_train/00514790.png,0,02,easy_clean,0.0106145265,1.0,0.0178155357,normal_replay,Boundary-0.5-Clean
RUN_062,TRIAD_021,A07_Boundary-0.5-Clean_B600,R1,1343723075,1597834894,273,Det/images/normal_train/01115506.png,0,00,learnable_hard,0.1567510623,0.97,0.1342107742,normal_replay,Boundary-0.5-Clean
RUN_062,TRIAD_021,A07_Boundary-0.5-Clean_B600,R1,1343723075,1597834894,274,Det/images/normal_train/00824543.png,0,05,easy_clean,0.0006356431,1.0,0.0014563763,normal_replay,Boundary-0.5-Clean
RUN_062,TRIAD_021,A07_Boundary-0.5-Clean_B600,R1,1343723075,1597834894,275,Det/images/normal_train/00828464.png,0,08,easy_clean,0.0007913226,1.0,0.0015055655,normal_replay,Boundary-0.5-Clean
RUN_062,TRIAD_021,A07_Boundary-0.5-Clean_B600,R1,1343723075,1597834894,276,Det/images/normal_train/00160720.png,0,06,easy_clean,0.0044658994,1.0,0.0063556268,normal_replay,Boundary-0.5-Clean
RUN_062,TRIAD_021,A07_Boundary-0.5-Clean_B600,R1,1343723075,1597834894,277,Det/images/normal_train/00842253.png,0,06,learnable_hard,0.0144234252,0.995,0.0833038096,normal_replay,Boundary-0.5-Clean
RUN_062,TRIAD_021,A07_Boundary-0.5-Clean_B600,R1,1343723075,1597834894,278,Det/images/normal_train/01256094.png,0,02,ordinary,0.1973487372,1.0,0.1615854101,normal_replay,Boundary-0.5-Clean
RUN_062,TRIAD_021,A07_Boundary-0.5-Clean_B600,R1,1343723075,1597834894,279,Det/images/normal_train/01041035.png,0,01,easy_clean,0.0166293006,1.0,0.0200322082,normal_replay,Boundary-0.5-Clean
RUN_062,TRIAD_021,A07_Boundary-0.5-Clean_B600,R1,1343723075,1597834894,280,Det/images/normal_train/01053881.png,0,05,easy_clean,0.0175282477,1.0,0.0145648524,normal_replay,Boundary-0.5-Clean
RUN_062,TRIAD_021,A07_Boundary-0.5-Clean_B600,R1,1343723075,1597834894,281,Det/images/normal_train/00774618.png,0,00,easy_clean,0.0068867669,1.0,0.0164156142,normal_replay,Boundary-0.5-Clean
RUN_062,TRIAD_021,A07_Boundary-0.5-Clean_B600,R1,1343723075,1597834894,282,Det/images/normal_train/01278529.png,0,05,easy_clean,0.0130573819,1.0,0.0176954176,normal_replay,Boundary-0.5-Clean
RUN_062,TRIAD_021,A07_Boundary-0.5-Clean_B600,R1,1343723075,1597834894,283,Det/images/normal_train/00346287.png,0,07,easy_clean,0.0154362257,1.0,0.0332354799,normal_replay,Boundary-0.5-Clean
RUN_062,TRIAD_021,A07_Boundary-0.5-Clean_B600,R1,1343723075,1597834894,284,Det/images/normal_train/01146709.png,0,05,easy_clean,0.0024437675,1.0,0.0044311718,normal_replay,Boundary-0.5-Clean
RUN_062,TRIAD_021,A07_Boundary-0.5-Clean_B600,R1,1343723075,1597834894,285,Det/images/normal_train/00289897.png,0,07,easy_clean,0.0143074053,1.0,0.0166806781,normal_replay,Boundary-0.5-Clean
RUN_062,TRIAD_021,A07_Boundary-0.5-Clean_B600,R1,1343723075,1597834894,286,Det/images/normal_train/00461054.png,0,02,easy_clean,0.0001181995,1.0,0.0002113357,normal_replay,Boundary-0.5-Clean
RUN_062,TRIAD_021,A07_Boundary-0.5-Clean_B600,R1,1343723075,1597834894,287,Det/images/normal_train/00590945.png,0,04,easy_clean,0.0021740689,1.0,0.0026675689,normal_replay,Boundary-0.5-Clean
RUN_062,TRIAD_021,A07_Boundary-0.5-Clean_B600,R1,1343723075,1597834894,288,Det/images/normal_train/01088901.png,0,00,easy_clean,0.0150469372,1.0,0.0215283067,normal_replay,Boundary-0.5-Clean
RUN_062,TRIAD_021,A07_Boundary-0.5-Clean_B600,R1,1343723075,1597834894,289,Det/images/normal_train/00793488.png,0,05,easy_clean,0.0180271284,1.0,0.0323531624,normal_replay,Boundary-0.5-Clean
RUN_062,TRIAD_021,A07_Boundary-0.5-Clean_B600,R1,1343723075,1597834894,290,Det/images/normal_train/00175965.png,0,06,easy_clean,0.0022342251,1.0,0.0041905643,normal_replay,Boundary-0.5-Clean
RUN_062,TRIAD_021,A07_Boundary-0.5-Clean_B600,R1,1343723075,1597834894,291,Det/images/normal_train/00924691.png,0,07,easy_clean,0.0066146227,1.0,0.0180659188,normal_replay,Boundary-0.5-Clean
RUN_062,TRIAD_021,A07_Boundary-0.5-Clean_B600,R1,1343723075,1597834894,292,Det/images/normal_train/00177943.png,0,07,easy_clean,0.007943316,1.0,0.0080156189,normal_replay,Boundary-0.5-Clean
RUN_062,TRIAD_021,A07_Boundary-0.5-Clean_B600,R1,1343723075,1597834894,293,Det/images/normal_train/00985907.png,0,03,learnable_hard,0.918637111,0.055,0.1607123928,normal_replay,Boundary-0.5-Clean
RUN_062,TRIAD_021,A07_Boundary-0.5-Clean_B600,R1,1343723075,1597834894,294,Det/images/normal_train/00399353.png,0,08,easy_clean,0.0061350461,1.0,0.0187786233,normal_replay,Boundary-0.5-Clean
RUN_062,TRIAD_021,A07_Boundary-0.5-Clean_B600,R1,1343723075,1597834894,295,Det/images/normal_train/00534723.png,0,03,easy_clean,0.0113872587,1.0,0.0224749832,normal_replay,Boundary-0.5-Clean
RUN_062,TRIAD_021,A07_Boundary-0.5-Clean_B600,R1,1343723075,1597834894,296,Det/images/normal_train/00595926.png,0,01,learnable_hard,0.2479100099,0.985,0.1236409374,normal_replay,Boundary-0.5-Clean
RUN_062,TRIAD_021,A07_Boundary-0.5-Clean_B600,R1,1343723075,1597834894,297,Det/images/normal_train/01278216.png,0,05,easy_clean,0.0358031719,1.0,0.0455741231,normal_replay,Boundary-0.5-Clean
RUN_062,TRIAD_021,A07_Boundary-0.5-Clean_B600,R1,1343723075,1597834894,298,Det/images/normal_train/01078706.png,0,06,easy_clean,0.002267653,1.0,0.0044358763,normal_replay,Boundary-0.5-Clean
RUN_062,TRIAD_021,A07_Boundary-0.5-Clean_B600,R1,1343723075,1597834894,299,Det/images/normal_train/00538713.png,0,09,easy_clean,0.0022828008,1.0,0.0081067261,normal_replay,Boundary-0.5-Clean
RUN_062,TRIAD_021,A07_Boundary-0.5-Clean_B600,R1,1343723075,1597834894,300,Det/images/normal_train/00885861.png,0,04,easy_clean,0.0312272746,1.0,0.0227682962,normal_replay,Boundary-0.5-Clean
RUN_062,TRIAD_021,A07_Boundary-0.5-Clean_B600,R1,1343723075,1597834894,301,Det/images/normal_train/00737252.png,0,02,easy_clean,0.0124260594,1.0,0.0239459231,normal_replay,Boundary-0.5-Clean
RUN_062,TRIAD_021,A07_Boundary-0.5-Clean_B600,R1,1343723075,1597834894,302,Det/images/normal_train/00588638.png,0,04,easy_clean,0.001778254,1.0,0.002479508,normal_replay,Boundary-0.5-Clean
RUN_062,TRIAD_021,A07_Boundary-0.5-Clean_B600,R1,1343723075,1597834894,303,Det/images/normal_train/00262122.png,0,04,easy_clean,0.0133839921,1.0,0.0264894956,normal_replay,Boundary-0.5-Clean
RUN_062,TRIAD_021,A07_Boundary-0.5-Clean_B600,R1,1343723075,1597834894,304,Det/images/normal_train/00778706.png,0,02,easy_clean,0.0003440492,1.0,0.0005212271,normal_replay,Boundary-0.5-Clean
RUN_062,TRIAD_021,A07_Boundary-0.5-Clean_B600,R1,1343723075,1597834894,305,Det/images/normal_train/01292764.png,0,07,easy_clean,0.0206613262,1.0,0.0201709852,normal_replay,Boundary-0.5-Clean
RUN_062,TRIAD_021,A07_Boundary-0.5-Clean_B600,R1,1343723075,1597834894,306,Det/images/normal_train/00364141.png,0,08,learnable_hard,0.1178596756,0.995,0.1217443177,normal_replay,Boundary-0.5-Clean
RUN_062,TRIAD_021,A07_Boundary-0.5-Clean_B600,R1,1343723075,1597834894,307,Det/images/normal_train/01151439.png,0,00,easy_clean,0.0496947704,1.0,0.0365716222,normal_replay,Boundary-0.5-Clean
RUN_062,TRIAD_021,A07_Boundary-0.5-Clean_B600,R1,1343723075,1597834894,308,Det/images/normal_train/00942005.png,0,09,easy_clean,0.0125956244,1.0,0.0179772962,normal_replay,Boundary-0.5-Clean
RUN_062,TRIAD_021,A07_Boundary-0.5-Clean_B600,R1,1343723075,1597834894,309,Det/images/normal_train/01028248.png,0,06,easy_clean,0.0189898797,1.0,0.0308552316,normal_replay,Boundary-0.5-Clean
RUN_062,TRIAD_021,A07_Boundary-0.5-Clean_B600,R1,1343723075,1597834894,310,Det/images/normal_train/00233328.png,0,03,easy_clean,0.0034842817,1.0,0.0149195411,normal_replay,Boundary-0.5-Clean
RUN_062,TRIAD_021,A07_Boundary-0.5-Clean_B600,R1,1343723075,1597834894,311,Det/images/normal_train/01155783.png,0,07,easy_clean,0.0157941687,1.0,0.0148873047,normal_replay,Boundary-0.5-Clean
RUN_062,TRIAD_021,A07_Boundary-0.5-Clean_B600,R1,1343723075,1597834894,312,Det/images/normal_train/01163527.png,0,08,easy_clean,0.026785199,1.0,0.0426961814,normal_replay,Boundary-0.5-Clean
RUN_062,TRIAD_021,A07_Boundary-0.5-Clean_B600,R1,1343723075,1597834894,313,Det/images/normal_train/00346192.png,0,07,easy_clean,0.0271350932,1.0,0.0224208213,normal_replay,Boundary-0.5-Clean
RUN_062,TRIAD_021,A07_Boundary-0.5-Clean_B600,R1,1343723075,1597834894,314,Det/images/normal_train/00609332.png,0,08,easy_clean,0.0322144609,1.0,0.044613109,normal_replay,Boundary-0.5-Clean
RUN_062,TRIAD_021,A07_Boundary-0.5-Clean_B600,R1,1343723075,1597834894,315,Det/images/normal_train/00596215.png,0,02,easy_clean,0.0021442907,1.0,0.006164818,normal_replay,Boundary-0.5-Clean
RUN_062,TRIAD_021,A07_Boundary-0.5-Clean_B600,R1,1343723075,1597834894,316,Det/images/normal_train/01059139.png,0,03,learnable_hard,0.2997527573,0.99,0.1615190268,normal_replay,Boundary-0.5-Clean
RUN_062,TRIAD_021,A07_Boundary-0.5-Clean_B600,R1,1343723075,1597834894,317,Det/images/normal_train/00295588.png,0,03,easy_clean,0.0004075448,1.0,0.0011427383,normal_replay,Boundary-0.5-Clean
RUN_062,TRIAD_021,A07_Boundary-0.5-Clean_B600,R1,1343723075,1597834894,318,Det/images/normal_train/00754589.png,0,09,learnable_hard,0.1114289974,0.99,0.0934554489,normal_replay,Boundary-0.5-Clean
RUN_062,TRIAD_021,A07_Boundary-0.5-Clean_B600,R1,1343723075,1597834894,319,Det/images/normal_train/01027186.png,0,08,easy_clean,0.025274008,1.0,0.0613865032,normal_replay,Boundary-0.5-Clean
RUN_062,TRIAD_021,A07_Boundary-0.5-Clean_B600,R1,1343723075,1597834894,320,Det/images/normal_train/00485962.png,0,09,ordinary,0.0977170449,1.0,0.1058956097,normal_replay,Boundary-0.5-Clean
RUN_062,TRIAD_021,A07_Boundary-0.5-Clean_B600,R1,1343723075,1597834894,321,Det/images/normal_train/00236480.png,0,03,learnable_hard,0.0907875396,0.975,0.1317111047,normal_replay,Boundary-0.5-Clean
RUN_062,TRIAD_021,A07_Boundary-0.5-Clean_B600,R1,1343723075,1597834894,322,Det/images/normal_train/01286854.png,0,00,easy_clean,0.0154005015,1.0,0.0182694875,normal_replay,Boundary-0.5-Clean
RUN_062,TRIAD_021,A07_Boundary-0.5-Clean_B600,R1,1343723075,1597834894,323,Det/images/normal_train/00736035.png,0,07,easy_clean,0.0010702229,1.0,0.0036257924,normal_replay,Boundary-0.5-Clean
RUN_062,TRIAD_021,A07_Boundary-0.5-Clean_B600,R1,1343723075,1597834894,324,Det/images/normal_train/01085048.png,0,07,ordinary,0.1187924931,1.0,0.1080073,normal_replay,Boundary-0.5-Clean
RUN_062,TRIAD_021,A07_Boundary-0.5-Clean_B600,R1,1343723075,1597834894,325,Det/images/normal_train/00254088.png,0,03,easy_clean,0.0001924932,1.0,0.0009579569,normal_replay,Boundary-0.5-Clean
RUN_062,TRIAD_021,A07_Boundary-0.5-Clean_B600,R1,1343723075,1597834894,326,Det/images/normal_train/00422959.png,0,06,persistent_hard,0.7104000211,0.255,0.25277952,normal_replay,Boundary-0.5-Clean
RUN_062,TRIAD_021,A07_Boundary-0.5-Clean_B600,R1,1343723075,1597834894,327,Det/images/normal_train/00593041.png,0,03,easy_clean,0.0006250873,1.0,0.0017132379,normal_replay,Boundary-0.5-Clean
RUN_062,TRIAD_021,A07_Boundary-0.5-Clean_B600,R1,1343723075,1597834894,328,Det/images/normal_train/00463199.png,0,09,easy_clean,0.0014727473,1.0,0.0021907262,normal_replay,Boundary-0.5-Clean
RUN_062,TRIAD_021,A07_Boundary-0.5-Clean_B600,R1,1343723075,1597834894,329,Det/images/normal_train/00376224.png,0,00,easy_clean,0.0008137681,1.0,0.001226614,normal_replay,Boundary-0.5-Clean
RUN_062,TRIAD_021,A07_Boundary-0.5-Clean_B600,R1,1343723075,1597834894,330,Det/images/normal_train/01039716.png,0,01,learnable_hard,0.0320780106,0.995,0.081002933,normal_replay,Boundary-0.5-Clean
RUN_062,TRIAD_021,A07_Boundary-0.5-Clean_B600,R1,1343723075,1597834894,331,Det/images/normal_train/00756996.png,0,05,ordinary,0.1508320927,1.0,0.0550103948,normal_replay,Boundary-0.5-Clean
RUN_062,TRIAD_021,A07_Boundary-0.5-Clean_B600,R1,1343723075,1597834894,332,Det/images/normal_train/00446972.png,0,09,easy_clean,0.0040952218,1.0,0.0123824045,normal_replay,Boundary-0.5-Clean
RUN_062,TRIAD_021,A07_Boundary-0.5-Clean_B600,R1,1343723075,1597834894,333,Det/images/normal_train/01239884.png,0,04,easy_clean,0.0058524935,1.0,0.0072982099,normal_replay,Boundary-0.5-Clean
RUN_062,TRIAD_021,A07_Boundary-0.5-Clean_B600,R1,1343723075,1597834894,334,Det/images/normal_train/01223064.png,0,03,learnable_hard,0.326617332,0.915,0.1345298656,normal_replay,Boundary-0.5-Clean
RUN_062,TRIAD_021,A07_Boundary-0.5-Clean_B600,R1,1343723075,1597834894,335,Det/images/normal_train/01056465.png,0,08,easy_clean,0.0040124624,1.0,0.0053143878,normal_replay,Boundary-0.5-Clean
RUN_062,TRIAD_021,A07_Boundary-0.5-Clean_B600,R1,1343723075,1597834894,336,Det/images/normal_train/01056474.png,0,08,easy_clean,0.086094847,1.0,0.0868740716,normal_replay,Boundary-0.5-Clean
RUN_062,TRIAD_021,A07_Boundary-0.5-Clean_B600,R1,1343723075,1597834894,337,Det/images/normal_train/00274577.png,0,05,learnable_hard,0.0929929264,0.995,0.0860346282,normal_replay,Boundary-0.5-Clean
RUN_062,TRIAD_021,A07_Boundary-0.5-Clean_B600,R1,1343723075,1597834894,338,Det/images/normal_train/00788192.png,0,03,easy_clean,0.0087527422,1.0,0.0094995844,normal_replay,Boundary-0.5-Clean
RUN_062,TRIAD_021,A07_Boundary-0.5-Clean_B600,R1,1343723075,1597834894,339,Det/images/normal_train/00640753.png,0,02,easy_clean,0.0152870623,1.0,0.0167358354,normal_replay,Boundary-0.5-Clean
RUN_062,TRIAD_021,A07_Boundary-0.5-Clean_B600,R1,1343723075,1597834894,340,Det/images/normal_train/01159286.png,0,04,learnable_hard,0.163754076,0.995,0.1204902808,normal_replay,Boundary-0.5-Clean
RUN_062,TRIAD_021,A07_Boundary-0.5-Clean_B600,R1,1343723075,1597834894,341,Det/images/normal_train/00560650.png,0,01,easy_clean,0.002237213,1.0,0.0056391488,normal_replay,Boundary-0.5-Clean
RUN_062,TRIAD_021,A07_Boundary-0.5-Clean_B600,R1,1343723075,1597834894,342,Det/images/normal_train/00378154.png,0,05,easy_clean,0.0221415214,1.0,0.01918605,normal_replay,Boundary-0.5-Clean
RUN_062,TRIAD_021,A07_Boundary-0.5-Clean_B600,R1,1343723075,1597834894,343,Det/images/normal_train/00654440.png,0,02,easy_clean,0.0010810137,1.0,0.0035041048,normal_replay,Boundary-0.5-Clean
RUN_062,TRIAD_021,A07_Boundary-0.5-Clean_B600,R1,1343723075,1597834894,344,Det/images/normal_train/01049392.png,0,08,easy_clean,0.0094850436,1.0,0.0236159078,normal_replay,Boundary-0.5-Clean
RUN_062,TRIAD_021,A07_Boundary-0.5-Clean_B600,R1,1343723075,1597834894,345,Det/images/normal_train/01139450.png,0,05,easy_clean,0.0110520319,1.0,0.0170461143,normal_replay,Boundary-0.5-Clean
RUN_062,TRIAD_021,A07_Boundary-0.5-Clean_B600,R1,1343723075,1597834894,346,Det/images/normal_train/00977859.png,0,09,easy_clean,0.0626860082,1.0,0.0527968386,normal_replay,Boundary-0.5-Clean
RUN_062,TRIAD_021,A07_Boundary-0.5-Clean_B600,R1,1343723075,1597834894,347,Det/images/normal_train/00226396.png,0,08,ordinary,0.1078054998,1.0,0.1021595422,normal_replay,Boundary-0.5-Clean
RUN_062,TRIAD_021,A07_Boundary-0.5-Clean_B600,R1,1343723075,1597834894,348,Det/images/normal_train/00282923.png,0,04,easy_clean,0.0105625214,1.0,0.0399437722,normal_replay,Boundary-0.5-Clean
RUN_062,TRIAD_021,A07_Boundary-0.5-Clean_B600,R1,1343723075,1597834894,349,Det/images/normal_train/00522388.png,0,07,easy_clean,0.0035369179,1.0,0.0079396617,normal_replay,Boundary-0.5-Clean
RUN_062,TRIAD_021,A07_Boundary-0.5-Clean_B600,R1,1343723075,1597834894,350,Det/images/normal_train/00424793.png,0,02,easy_clean,0.0177322501,1.0,0.0172468358,normal_replay,Boundary-0.5-Clean
RUN_062,TRIAD_021,A07_Boundary-0.5-Clean_B600,R1,1343723075,1597834894,351,Det/images/normal_train/01143426.png,0,08,easy_clean,0.0005593407,1.0,0.0008259837,normal_replay,Boundary-0.5-Clean
RUN_062,TRIAD_021,A07_Boundary-0.5-Clean_B600,R1,1343723075,1597834894,352,Det/images/normal_train/00344371.png,0,00,unstable_boundary,0.5493842576,0.315,0.101596511,normal_replay,Boundary-0.5-Clean
RUN_062,TRIAD_021,A07_Boundary-0.5-Clean_B600,R1,1343723075,1597834894,353,Det/images/normal_train/01261045.png,0,00,easy_clean,0.0566099857,1.0,0.0404212922,normal_replay,Boundary-0.5-Clean
RUN_062,TRIAD_021,A07_Boundary-0.5-Clean_B600,R1,1343723075,1597834894,354,Det/images/normal_train/00954737.png,0,03,learnable_hard,0.16653879,0.975,0.1505816504,normal_replay,Boundary-0.5-Clean
RUN_062,TRIAD_021,A07_Boundary-0.5-Clean_B600,R1,1343723075,1597834894,355,Det/images/normal_train/01156596.png,0,00,easy_clean,0.0243218849,1.0,0.0142518516,normal_replay,Boundary-0.5-Clean
RUN_062,TRIAD_021,A07_Boundary-0.5-Clean_B600,R1,1343723075,1597834894,356,Det/images/normal_train/00799007.png,0,09,learnable_hard,0.0913561163,0.995,0.0707430433,normal_replay,Boundary-0.5-Clean
RUN_062,TRIAD_021,A07_Boundary-0.5-Clean_B600,R1,1343723075,1597834894,357,Det/images/normal_train/01080337.png,0,03,learnable_hard,0.0333749974,0.995,0.069710876,normal_replay,Boundary-0.5-Clean
RUN_062,TRIAD_021,A07_Boundary-0.5-Clean_B600,R1,1343723075,1597834894,358,Det/images/normal_train/01144540.png,0,05,easy_clean,0.0033822825,1.0,0.0056858069,normal_replay,Boundary-0.5-Clean
RUN_062,TRIAD_021,A07_Boundary-0.5-Clean_B600,R1,1343723075,1597834894,359,Det/images/normal_train/00944775.png,0,05,ordinary,0.1525528017,1.0,0.0465928702,normal_replay,Boundary-0.5-Clean
RUN_062,TRIAD_021,A07_Boundary-0.5-Clean_B600,R1,1343723075,1597834894,360,Det/images/normal_train/00503495.png,0,03,easy_clean,0.0117901798,1.0,0.0170437324,normal_replay,Boundary-0.5-Clean
RUN_062,TRIAD_021,A07_Boundary-0.5-Clean_B600,R1,1343723075,1597834894,361,Det/images/normal_train/00741732.png,0,07,easy_clean,0.0061949142,1.0,0.0071738394,normal_replay,Boundary-0.5-Clean
RUN_062,TRIAD_021,A07_Boundary-0.5-Clean_B600,R1,1343723075,1597834894,362,Det/images/normal_train/00181626.png,0,09,ordinary,0.2328054231,1.0,0.1581898026,normal_replay,Boundary-0.5-Clean
RUN_062,TRIAD_021,A07_Boundary-0.5-Clean_B600,R1,1343723075,1597834894,363,Det/images/normal_train/00688185.png,0,05,learnable_hard,0.1499687752,0.92,0.2157540763,normal_replay,Boundary-0.5-Clean
RUN_062,TRIAD_021,A07_Boundary-0.5-Clean_B600,R1,1343723075,1597834894,364,Det/images/normal_train/00766496.png,0,07,ordinary,0.1020587376,1.0,0.1239550029,normal_replay,Boundary-0.5-Clean
RUN_062,TRIAD_021,A07_Boundary-0.5-Clean_B600,R1,1343723075,1597834894,365,Det/images/normal_train/00595175.png,0,01,easy_clean,0.0045783415,1.0,0.0305267931,normal_replay,Boundary-0.5-Clean
RUN_062,TRIAD_021,A07_Boundary-0.5-Clean_B600,R1,1343723075,1597834894,366,Det/images/normal_train/00520563.png,0,06,easy_clean,0.0061896486,1.0,0.0062197397,normal_replay,Boundary-0.5-Clean
RUN_062,TRIAD_021,A07_Boundary-0.5-Clean_B600,R1,1343723075,1597834894,367,Det/images/normal_train/01187318.png,0,07,ordinary,0.5352444709,0.62,0.256160462,normal_replay,Boundary-0.5-Clean
RUN_062,TRIAD_021,A07_Boundary-0.5-Clean_B600,R1,1343723075,1597834894,368,Det/images/normal_train/00952691.png,0,09,easy_clean,0.0565913572,1.0,0.0532593262,normal_replay,Boundary-0.5-Clean
RUN_062,TRIAD_021,A07_Boundary-0.5-Clean_B600,R1,1343723075,1597834894,369,Det/images/normal_train/00244763.png,0,07,learnable_hard,0.5513469413,0.435,0.3168845851,normal_replay,Boundary-0.5-Clean
RUN_062,TRIAD_021,A07_Boundary-0.5-Clean_B600,R1,1343723075,1597834894,370,Det/images/normal_train/01124454.png,0,08,easy_clean,0.042515317,1.0,0.0471170399,normal_replay,Boundary-0.5-Clean
RUN_062,TRIAD_021,A07_Boundary-0.5-Clean_B600,R1,1343723075,1597834894,371,Det/images/normal_train/00557479.png,0,01,easy_clean,0.0371558273,1.0,0.0451370292,normal_replay,Boundary-0.5-Clean
RUN_062,TRIAD_021,A07_Boundary-0.5-Clean_B600,R1,1343723075,1597834894,372,Det/images/normal_train/00332446.png,0,00,easy_clean,0.0006954095,1.0,0.0010610178,normal_replay,Boundary-0.5-Clean
RUN_062,TRIAD_021,A07_Boundary-0.5-Clean_B600,R1,1343723075,1597834894,373,Det/images/normal_train/01050778.png,0,08,easy_clean,0.0018513478,1.0,0.0033304931,normal_replay,Boundary-0.5-Clean
RUN_062,TRIAD_021,A07_Boundary-0.5-Clean_B600,R1,1343723075,1597834894,374,Det/images/normal_train/00265120.png,0,05,easy_clean,0.000439824,1.0,0.0007181751,normal_replay,Boundary-0.5-Clean
RUN_062,TRIAD_021,A07_Boundary-0.5-Clean_B600,R1,1343723075,1597834894,375,Det/images/normal_train/00517908.png,0,08,easy_clean,0.0365293089,1.0,0.042111731,normal_replay,Boundary-0.5-Clean
RUN_062,TRIAD_021,A07_Boundary-0.5-Clean_B600,R1,1343723075,1597834894,376,Det/images/normal_train/00819465.png,0,07,easy_clean,0.0022739895,1.0,0.002584624,normal_replay,Boundary-0.5-Clean
RUN_062,TRIAD_021,A07_Boundary-0.5-Clean_B600,R1,1343723075,1597834894,377,Det/images/normal_train/01218342.png,0,03,easy_clean,0.0214787504,1.0,0.0320336719,normal_replay,Boundary-0.5-Clean
RUN_062,TRIAD_021,A07_Boundary-0.5-Clean_B600,R1,1343723075,1597834894,378,Det/images/normal_train/00197435.png,0,06,ordinary,0.1047575522,1.0,0.1067784813,normal_replay,Boundary-0.5-Clean
RUN_062,TRIAD_021,A07_Boundary-0.5-Clean_B600,R1,1343723075,1597834894,379,Det/images/normal_train/00243873.png,0,06,easy_clean,0.0090576351,1.0,0.0163479128,normal_replay,Boundary-0.5-Clean
RUN_062,TRIAD_021,A07_Boundary-0.5-Clean_B600,R1,1343723075,1597834894,380,Det/images/normal_train/00931275.png,0,02,easy_clean,0.0010171209,1.0,0.0023317016,normal_replay,Boundary-0.5-Clean
RUN_062,TRIAD_021,A07_Boundary-0.5-Clean_B600,R1,1343723075,1597834894,381,Det/images/normal_train/01290750.png,0,03,easy_clean,0.0077576622,1.0,0.0248611897,normal_replay,Boundary-0.5-Clean
RUN_062,TRIAD_021,A07_Boundary-0.5-Clean_B600,R1,1343723075,1597834894,382,Det/images/normal_train/01100575.png,0,06,easy_clean,0.0220813784,1.0,0.0178517294,normal_replay,Boundary-0.5-Clean
RUN_062,TRIAD_021,A07_Boundary-0.5-Clean_B600,R1,1343723075,1597834894,383,Det/images/normal_train/00968444.png,0,09,learnable_hard,0.0065265653,0.995,0.0372469486,normal_replay,Boundary-0.5-Clean
RUN_062,TRIAD_021,A07_Boundary-0.5-Clean_B600,R1,1343723075,1597834894,384,Det/images/normal_train/01145043.png,0,06,learnable_hard,0.2381228974,0.955,0.1604180606,normal_replay,Boundary-0.5-Clean
RUN_062,TRIAD_021,A07_Boundary-0.5-Clean_B600,R1,1343723075,1597834894,385,Det/images/normal_train/01224200.png,0,04,ordinary,0.1040850263,1.0,0.0234647817,normal_replay,Boundary-0.5-Clean
RUN_062,TRIAD_021,A07_Boundary-0.5-Clean_B600,R1,1343723075,1597834894,386,Det/images/normal_train/01089006.png,0,01,easy_clean,0.0424218453,1.0,0.0382582476,normal_replay,Boundary-0.5-Clean
RUN_062,TRIAD_021,A07_Boundary-0.5-Clean_B600,R1,1343723075,1597834894,387,Det/images/normal_train/00511660.png,0,02,ordinary,0.1108147189,1.0,0.0660538704,normal_replay,Boundary-0.5-Clean
RUN_062,TRIAD_021,A07_Boundary-0.5-Clean_B600,R1,1343723075,1597834894,388,Det/images/normal_train/00232528.png,0,00,easy_clean,0.0223804863,1.0,0.0308093067,normal_replay,Boundary-0.5-Clean
RUN_062,TRIAD_021,A07_Boundary-0.5-Clean_B600,R1,1343723075,1597834894,389,Det/images/normal_train/00282742.png,0,04,learnable_hard,0.1929040912,0.86,0.2212402132,normal_replay,Boundary-0.5-Clean
RUN_062,TRIAD_021,A07_Boundary-0.5-Clean_B600,R1,1343723075,1597834894,390,Det/images/normal_train/00445742.png,0,08,easy_clean,0.0006327494,1.0,0.0010721626,normal_replay,Boundary-0.5-Clean
RUN_062,TRIAD_021,A07_Boundary-0.5-Clean_B600,R1,1343723075,1597834894,391,Det/images/normal_train/00374921.png,0,06,easy_clean,0.0143887986,1.0,0.0147582127,normal_replay,Boundary-0.5-Clean
RUN_062,TRIAD_021,A07_Boundary-0.5-Clean_B600,R1,1343723075,1597834894,392,Det/images/normal_train/00520065.png,0,06,easy_clean,0.0115235597,1.0,0.013598595,normal_replay,Boundary-0.5-Clean
RUN_062,TRIAD_021,A07_Boundary-0.5-Clean_B600,R1,1343723075,1597834894,393,Det/images/normal_train/01215008.png,0,02,easy_clean,0.0078567,1.0,0.0077328647,normal_replay,Boundary-0.5-Clean
RUN_062,TRIAD_021,A07_Boundary-0.5-Clean_B600,R1,1343723075,1597834894,394,Det/images/normal_train/00365401.png,0,00,easy_clean,0.0022338793,1.0,0.0037812726,normal_replay,Boundary-0.5-Clean
RUN_062,TRIAD_021,A07_Boundary-0.5-Clean_B600,R1,1343723075,1597834894,395,Det/images/normal_train/01125275.png,0,02,easy_clean,0.0019991823,1.0,0.0040469684,normal_replay,Boundary-0.5-Clean
RUN_062,TRIAD_021,A07_Boundary-0.5-Clean_B600,R1,1343723075,1597834894,396,Det/images/normal_train/01024925.png,0,01,easy_clean,0.0185690668,1.0,0.0319456108,normal_replay,Boundary-0.5-Clean
RUN_062,TRIAD_021,A07_Boundary-0.5-Clean_B600,R1,1343723075,1597834894,397,Det/images/normal_train/00212103.png,0,05,easy_clean,0.0097435195,1.0,0.0117037358,normal_replay,Boundary-0.5-Clean
RUN_062,TRIAD_021,A07_Boundary-0.5-Clean_B600,R1,1343723075,1597834894,398,Det/images/normal_train/01228632.png,0,02,easy_clean,0.0146357922,1.0,0.0163798715,normal_replay,Boundary-0.5-Clean
RUN_062,TRIAD_021,A07_Boundary-0.5-Clean_B600,R1,1343723075,1597834894,399,Det/images/normal_train/00733512.png,0,07,easy_clean,0.0259326776,1.0,0.0195636589,normal_replay,Boundary-0.5-Clean
RUN_062,TRIAD_021,A07_Boundary-0.5-Clean_B600,R1,1343723075,1597834894,400,Det/images/normal_train/01175237.png,0,05,easy_clean,0.0071820536,1.0,0.0120488179,normal_replay,Boundary-0.5-Clean
RUN_062,TRIAD_021,A07_Boundary-0.5-Clean_B600,R1,1343723075,1597834894,401,Det/images/normal_train/00359741.png,0,05,ordinary,0.1647852827,1.0,0.133892303,normal_replay,Boundary-0.5-Clean
RUN_062,TRIAD_021,A07_Boundary-0.5-Clean_B600,R1,1343723075,1597834894,402,Det/images/normal_train/00173381.png,0,04,learnable_hard,0.1685004211,0.99,0.1216559944,normal_replay,Boundary-0.5-Clean
RUN_062,TRIAD_021,A07_Boundary-0.5-Clean_B600,R1,1343723075,1597834894,403,Det/images/normal_train/00254639.png,0,03,learnable_hard,0.0490385529,0.99,0.0813689816,normal_replay,Boundary-0.5-Clean
RUN_062,TRIAD_021,A07_Boundary-0.5-Clean_B600,R1,1343723075,1597834894,404,Det/images/normal_train/00611059.png,0,01,learnable_hard,0.131240349,0.995,0.0561875895,normal_replay,Boundary-0.5-Clean
RUN_062,TRIAD_021,A07_Boundary-0.5-Clean_B600,R1,1343723075,1597834894,405,Det/images/normal_train/01294836.png,0,05,ordinary,0.3811391932,0.78,0.1517244773,normal_replay,Boundary-0.5-Clean
RUN_062,TRIAD_021,A07_Boundary-0.5-Clean_B600,R1,1343723075,1597834894,406,Det/images/normal_train/00516630.png,0,04,easy_clean,0.0020384672,1.0,0.0031612031,normal_replay,Boundary-0.5-Clean
RUN_062,TRIAD_021,A07_Boundary-0.5-Clean_B600,R1,1343723075,1597834894,407,Det/images/normal_train/01129011.png,0,09,easy_clean,0.0404122308,1.0,0.0410102876,normal_replay,Boundary-0.5-Clean
RUN_062,TRIAD_021,A07_Boundary-0.5-Clean_B600,R1,1343723075,1597834894,408,Det/images/normal_train/00961449.png,0,07,easy_clean,0.0093168273,1.0,0.0123076466,normal_replay,Boundary-0.5-Clean
RUN_062,TRIAD_021,A07_Boundary-0.5-Clean_B600,R1,1343723075,1597834894,409,Det/images/normal_train/01247886.png,0,02,easy_clean,0.0088722456,1.0,0.0077357935,normal_replay,Boundary-0.5-Clean
RUN_062,TRIAD_021,A07_Boundary-0.5-Clean_B600,R1,1343723075,1597834894,410,Det/images/normal_train/01061359.png,0,02,learnable_hard,0.308559283,0.86,0.1664552425,normal_replay,Boundary-0.5-Clean
RUN_062,TRIAD_021,A07_Boundary-0.5-Clean_B600,R1,1343723075,1597834894,411,Det/images/normal_train/01278899.png,0,05,easy_clean,0.002933379,1.0,0.0041605779,normal_replay,Boundary-0.5-Clean
RUN_062,TRIAD_021,A07_Boundary-0.5-Clean_B600,R1,1343723075,1597834894,412,Det/images/normal_train/01198873.png,0,03,learnable_hard,0.0430333524,0.995,0.0663844391,normal_replay,Boundary-0.5-Clean
RUN_062,TRIAD_021,A07_Boundary-0.5-Clean_B600,R1,1343723075,1597834894,413,Det/images/normal_train/01126343.png,0,06,easy_clean,0.0142632927,1.0,0.0143758583,normal_replay,Boundary-0.5-Clean
RUN_062,TRIAD_021,A07_Boundary-0.5-Clean_B600,R1,1343723075,1597834894,414,Det/images/normal_train/00326815.png,0,09,easy_clean,0.0418052829,1.0,0.0512893584,normal_replay,Boundary-0.5-Clean
RUN_062,TRIAD_021,A07_Boundary-0.5-Clean_B600,R1,1343723075,1597834894,415,Det/images/normal_train/01086333.png,0,04,learnable_hard,0.0526983666,0.99,0.0833677528,normal_replay,Boundary-0.5-Clean
RUN_062,TRIAD_021,A07_Boundary-0.5-Clean_B600,R1,1343723075,1597834894,416,Det/images/normal_train/00194682.png,0,04,easy_clean,0.0582969735,1.0,0.0575062065,normal_replay,Boundary-0.5-Clean
RUN_062,TRIAD_021,A07_Boundary-0.5-Clean_B600,R1,1343723075,1597834894,417,Det/images/normal_train/00636874.png,0,08,easy_clean,0.0602238868,1.0,0.055906262,normal_replay,Boundary-0.5-Clean
RUN_062,TRIAD_021,A07_Boundary-0.5-Clean_B600,R1,1343723075,1597834894,418,Det/images/normal_train/00591480.png,0,07,easy_clean,0.0637873801,1.0,0.0658022122,normal_replay,Boundary-0.5-Clean
RUN_062,TRIAD_021,A07_Boundary-0.5-Clean_B600,R1,1343723075,1597834894,419,Det/images/normal_train/01247291.png,0,02,easy_clean,0.087206405,1.0,0.0711741784,normal_replay,Boundary-0.5-Clean
RUN_062,TRIAD_021,A07_Boundary-0.5-Clean_B600,R1,1343723075,1597834894,420,Det/images/normal_train/00947647.png,0,03,easy_clean,0.0384194145,1.0,0.0402337927,normal_replay,Boundary-0.5-Clean
RUN_062,TRIAD_021,A07_Boundary-0.5-Clean_B600,R1,1343723075,1597834894,421,Det/images/normal_train/00918740.png,0,01,easy_clean,0.000893954,1.0,0.0019776304,normal_replay,Boundary-0.5-Clean
RUN_062,TRIAD_021,A07_Boundary-0.5-Clean_B600,R1,1343723075,1597834894,422,Det/images/normal_train/01298749.png,0,00,easy_clean,0.0011561535,1.0,0.0014701804,normal_replay,Boundary-0.5-Clean
RUN_062,TRIAD_021,A07_Boundary-0.5-Clean_B600,R1,1343723075,1597834894,423,Det/images/normal_train/01086779.png,0,04,easy_clean,0.083581031,1.0,0.0595386755,normal_replay,Boundary-0.5-Clean
RUN_062,TRIAD_021,A07_Boundary-0.5-Clean_B600,R1,1343723075,1597834894,424,Det/images/normal_train/01120624.png,0,06,easy_clean,0.0087537044,1.0,0.0088030038,normal_replay,Boundary-0.5-Clean
RUN_062,TRIAD_021,A07_Boundary-0.5-Clean_B600,R1,1343723075,1597834894,425,Det/images/normal_train/00579250.png,0,05,easy_clean,0.0023487261,1.0,0.0036827756,normal_replay,Boundary-0.5-Clean
RUN_062,TRIAD_021,A07_Boundary-0.5-Clean_B600,R1,1343723075,1597834894,426,Det/images/normal_train/01172803.png,0,07,easy_clean,0.020915605,1.0,0.0255435915,normal_replay,Boundary-0.5-Clean
RUN_062,TRIAD_021,A07_Boundary-0.5-Clean_B600,R1,1343723075,1597834894,427,Det/images/normal_train/01038070.png,0,00,easy_clean,0.0248766467,1.0,0.0278086231,normal_replay,Boundary-0.5-Clean
RUN_062,TRIAD_021,A07_Boundary-0.5-Clean_B600,R1,1343723075,1597834894,428,Det/images/normal_train/00619216.png,0,04,easy_clean,0.0269497682,1.0,0.0337820596,normal_replay,Boundary-0.5-Clean
RUN_062,TRIAD_021,A07_Boundary-0.5-Clean_B600,R1,1343723075,1597834894,429,Det/images/normal_train/00835881.png,0,02,easy_clean,0.0117148419,1.0,0.0352571055,normal_replay,Boundary-0.5-Clean
RUN_062,TRIAD_021,A07_Boundary-0.5-Clean_B600,R1,1343723075,1597834894,430,Det/images/normal_train/01246394.png,0,01,easy_clean,0.0058309558,1.0,0.0136676077,normal_replay,Boundary-0.5-Clean
RUN_062,TRIAD_021,A07_Boundary-0.5-Clean_B600,R1,1343723075,1597834894,431,Det/images/normal_train/00434869.png,0,07,easy_clean,0.0156062239,1.0,0.018107554,normal_replay,Boundary-0.5-Clean
RUN_062,TRIAD_021,A07_Boundary-0.5-Clean_B600,R1,1343723075,1597834894,432,Det/images/normal_train/00359078.png,0,05,easy_clean,0.0149325972,1.0,0.0205678373,normal_replay,Boundary-0.5-Clean
RUN_062,TRIAD_021,A07_Boundary-0.5-Clean_B600,R1,1343723075,1597834894,433,Det/images/normal_train/01154933.png,0,01,easy_clean,6.40422e-05,1.0,0.0002359115,normal_replay,Boundary-0.5-Clean
RUN_062,TRIAD_021,A07_Boundary-0.5-Clean_B600,R1,1343723075,1597834894,434,Det/images/normal_train/00917205.png,0,08,easy_clean,0.023630201,1.0,0.0233692413,normal_replay,Boundary-0.5-Clean
RUN_062,TRIAD_021,A07_Boundary-0.5-Clean_B600,R1,1343723075,1597834894,435,Det/images/normal_train/00534219.png,0,03,easy_clean,0.0012404853,1.0,0.0015303355,normal_replay,Boundary-0.5-Clean
RUN_062,TRIAD_021,A07_Boundary-0.5-Clean_B600,R1,1343723075,1597834894,436,Det/images/normal_train/00796041.png,0,04,easy_clean,0.0023314427,1.0,0.0033522054,normal_replay,Boundary-0.5-Clean
RUN_062,TRIAD_021,A07_Boundary-0.5-Clean_B600,R1,1343723075,1597834894,437,Det/images/normal_train/00822676.png,0,08,easy_clean,9.10239e-05,1.0,0.0001915986,normal_replay,Boundary-0.5-Clean
RUN_062,TRIAD_021,A07_Boundary-0.5-Clean_B600,R1,1343723075,1597834894,438,Det/images/normal_train/00992494.png,0,08,easy_clean,0.0007426901,1.0,0.0012528585,normal_replay,Boundary-0.5-Clean
RUN_062,TRIAD_021,A07_Boundary-0.5-Clean_B600,R1,1343723075,1597834894,439,Det/images/normal_train/00753602.png,0,01,easy_clean,0.0844821534,1.0,0.053359104,normal_replay,Boundary-0.5-Clean
RUN_062,TRIAD_021,A07_Boundary-0.5-Clean_B600,R1,1343723075,1597834894,440,Det/images/normal_train/00685738.png,0,08,learnable_hard,0.8251237103,0.12,0.2280645841,normal_replay,Boundary-0.5-Clean
RUN_062,TRIAD_021,A07_Boundary-0.5-Clean_B600,R1,1343723075,1597834894,441,Det/images/normal_train/00553921.png,0,04,learnable_hard,0.0989353411,0.98,0.095381441,normal_replay,Boundary-0.5-Clean
RUN_062,TRIAD_021,A07_Boundary-0.5-Clean_B600,R1,1343723075,1597834894,442,Det/images/normal_train/00548926.png,0,00,learnable_hard,0.0991231166,0.99,0.0950507482,normal_replay,Boundary-0.5-Clean
RUN_062,TRIAD_021,A07_Boundary-0.5-Clean_B600,R1,1343723075,1597834894,443,Det/images/normal_train/00760725.png,0,04,easy_clean,0.0033850496,1.0,0.0092026202,normal_replay,Boundary-0.5-Clean
RUN_062,TRIAD_021,A07_Boundary-0.5-Clean_B600,R1,1343723075,1597834894,444,Det/images/normal_train/00410446.png,0,00,easy_clean,0.0053465944,1.0,0.0076897163,normal_replay,Boundary-0.5-Clean
RUN_062,TRIAD_021,A07_Boundary-0.5-Clean_B600,R1,1343723075,1597834894,445,Det/images/normal_train/00591959.png,0,07,easy_clean,0.0007499645,1.0,0.0010736318,normal_replay,Boundary-0.5-Clean
RUN_062,TRIAD_021,A07_Boundary-0.5-Clean_B600,R1,1343723075,1597834894,446,Det/images/normal_train/00371973.png,0,00,learnable_hard,0.0358833737,0.985,0.0742713365,normal_replay,Boundary-0.5-Clean
RUN_062,TRIAD_021,A07_Boundary-0.5-Clean_B600,R1,1343723075,1597834894,447,Det/images/normal_train/00923715.png,0,08,easy_clean,0.0007910675,1.0,0.0021011029,normal_replay,Boundary-0.5-Clean
RUN_062,TRIAD_021,A07_Boundary-0.5-Clean_B600,R1,1343723075,1597834894,448,Det/images/normal_train/00243480.png,0,06,easy_clean,0.011504333,1.0,0.013862141,normal_replay,Boundary-0.5-Clean
RUN_062,TRIAD_021,A07_Boundary-0.5-Clean_B600,R1,1343723075,1597834894,449,Det/images/normal_train/00370233.png,0,06,easy_clean,0.0036567867,1.0,0.0093879071,normal_replay,Boundary-0.5-Clean
RUN_062,TRIAD_021,A07_Boundary-0.5-Clean_B600,R1,1343723075,1597834894,450,Det/images/normal_train/00174391.png,0,01,easy_clean,0.0029158448,1.0,0.0033267296,normal_replay,Boundary-0.5-Clean
RUN_062,TRIAD_021,A07_Boundary-0.5-Clean_B600,R1,1343723075,1597834894,451,Det/images/normal_train/01247695.png,0,02,learnable_hard,0.3164947233,0.995,0.075551548,normal_replay,Boundary-0.5-Clean
RUN_062,TRIAD_021,A07_Boundary-0.5-Clean_B600,R1,1343723075,1597834894,452,Det/images/normal_train/00349560.png,0,00,ordinary,0.0911524491,1.0,0.0846597986,normal_replay,Boundary-0.5-Clean
RUN_062,TRIAD_021,A07_Boundary-0.5-Clean_B600,R1,1343723075,1597834894,453,Det/images/normal_train/00928981.png,0,03,easy_clean,0.0081014201,1.0,0.0082291505,normal_replay,Boundary-0.5-Clean
RUN_062,TRIAD_021,A07_Boundary-0.5-Clean_B600,R1,1343723075,1597834894,454,Det/images/normal_train/00734223.png,0,01,easy_clean,0.0021628274,1.0,0.0044281786,normal_replay,Boundary-0.5-Clean
RUN_062,TRIAD_021,A07_Boundary-0.5-Clean_B600,R1,1343723075,1597834894,455,Det/images/normal_train/00327526.png,0,06,learnable_hard,0.1333693105,0.995,0.0713406972,normal_replay,Boundary-0.5-Clean
RUN_062,TRIAD_021,A07_Boundary-0.5-Clean_B600,R1,1343723075,1597834894,456,Det/images/normal_train/00254081.png,0,03,easy_clean,0.0004845327,1.0,0.0007290373,normal_replay,Boundary-0.5-Clean
RUN_062,TRIAD_021,A07_Boundary-0.5-Clean_B600,R1,1343723075,1597834894,457,Det/images/normal_train/00495285.png,0,08,easy_clean,0.0008926986,1.0,0.0025846735,normal_replay,Boundary-0.5-Clean
RUN_062,TRIAD_021,A07_Boundary-0.5-Clean_B600,R1,1343723075,1597834894,458,Det/images/normal_train/00147489.png,0,08,easy_clean,0.0028483012,1.0,0.0151835071,normal_replay,Boundary-0.5-Clean
RUN_062,TRIAD_021,A07_Boundary-0.5-Clean_B600,R1,1343723075,1597834894,459,Det/images/normal_train/00393372.png,0,01,easy_clean,0.0219344986,1.0,0.0348083889,normal_replay,Boundary-0.5-Clean
RUN_062,TRIAD_021,A07_Boundary-0.5-Clean_B600,R1,1343723075,1597834894,460,Det/images/normal_train/01254072.png,0,05,learnable_hard,0.809539693,0.08,0.2014902844,normal_replay,Boundary-0.5-Clean
RUN_062,TRIAD_021,A07_Boundary-0.5-Clean_B600,R1,1343723075,1597834894,461,Det/images/normal_train/01152385.png,0,08,easy_clean,0.0196075477,1.0,0.0352953014,normal_replay,Boundary-0.5-Clean
RUN_062,TRIAD_021,A07_Boundary-0.5-Clean_B600,R1,1343723075,1597834894,462,Det/images/normal_train/01174135.png,0,01,easy_clean,0.0015995776,1.0,0.002714952,normal_replay,Boundary-0.5-Clean
RUN_062,TRIAD_021,A07_Boundary-0.5-Clean_B600,R1,1343723075,1597834894,463,Det/images/normal_train/00372765.png,0,05,easy_clean,0.0018364092,1.0,0.004580956,normal_replay,Boundary-0.5-Clean
RUN_062,TRIAD_021,A07_Boundary-0.5-Clean_B600,R1,1343723075,1597834894,464,Det/images/normal_train/00286819.png,0,06,easy_clean,0.0147077749,1.0,0.0241486985,normal_replay,Boundary-0.5-Clean
RUN_062,TRIAD_021,A07_Boundary-0.5-Clean_B600,R1,1343723075,1597834894,465,Det/images/normal_train/00952151.png,0,09,easy_clean,0.0309963656,1.0,0.0252799213,normal_replay,Boundary-0.5-Clean
RUN_062,TRIAD_021,A07_Boundary-0.5-Clean_B600,R1,1343723075,1597834894,466,Det/images/normal_train/01120410.png,0,06,easy_clean,0.0090855318,1.0,0.0122270325,normal_replay,Boundary-0.5-Clean
RUN_062,TRIAD_021,A07_Boundary-0.5-Clean_B600,R1,1343723075,1597834894,467,Det/images/normal_train/00197308.png,0,06,ordinary,0.2505746148,1.0,0.1155811721,normal_replay,Boundary-0.5-Clean
RUN_062,TRIAD_021,A07_Boundary-0.5-Clean_B600,R1,1343723075,1597834894,468,Det/images/normal_train/00233669.png,0,03,easy_clean,0.001675078,1.0,0.0104491162,normal_replay,Boundary-0.5-Clean
RUN_062,TRIAD_021,A07_Boundary-0.5-Clean_B600,R1,1343723075,1597834894,469,Det/images/normal_train/00363175.png,0,02,easy_clean,0.0084837731,1.0,0.0198279983,normal_replay,Boundary-0.5-Clean
RUN_062,TRIAD_021,A07_Boundary-0.5-Clean_B600,R1,1343723075,1597834894,470,Det/images/normal_train/00491984.png,0,06,easy_clean,0.0150071049,1.0,0.0154364004,normal_replay,Boundary-0.5-Clean
RUN_062,TRIAD_021,A07_Boundary-0.5-Clean_B600,R1,1343723075,1597834894,471,Det/images/normal_train/00410873.png,0,00,easy_clean,0.0012967649,1.0,0.002934343,normal_replay,Boundary-0.5-Clean
RUN_062,TRIAD_021,A07_Boundary-0.5-Clean_B600,R1,1343723075,1597834894,472,Det/images/normal_train/00356470.png,0,07,unstable_boundary,0.5379691852,0.32,0.1447474146,normal_replay,Boundary-0.5-Clean
RUN_062,TRIAD_021,A07_Boundary-0.5-Clean_B600,R1,1343723075,1597834894,473,Det/images/normal_train/00797099.png,0,06,easy_clean,0.0290622035,1.0,0.0412641525,normal_replay,Boundary-0.5-Clean
RUN_062,TRIAD_021,A07_Boundary-0.5-Clean_B600,R1,1343723075,1597834894,474,Det/images/normal_train/00751346.png,0,09,easy_clean,0.0036145145,1.0,0.0050199327,normal_replay,Boundary-0.5-Clean
RUN_062,TRIAD_021,A07_Boundary-0.5-Clean_B600,R1,1343723075,1597834894,475,Det/images/normal_train/01085797.png,0,07,easy_clean,0.0665394799,1.0,0.0550675617,normal_replay,Boundary-0.5-Clean
RUN_062,TRIAD_021,A07_Boundary-0.5-Clean_B600,R1,1343723075,1597834894,476,Det/images/normal_train/01056779.png,0,08,easy_clean,0.014415959,1.0,0.0272849717,normal_replay,Boundary-0.5-Clean
RUN_062,TRIAD_021,A07_Boundary-0.5-Clean_B600,R1,1343723075,1597834894,477,Det/images/normal_train/01209443.png,0,08,easy_clean,0.0432600051,1.0,0.047888777,normal_replay,Boundary-0.5-Clean
RUN_062,TRIAD_021,A07_Boundary-0.5-Clean_B600,R1,1343723075,1597834894,478,Det/images/normal_train/00531551.png,0,04,easy_clean,0.0013405124,1.0,0.0035333664,normal_replay,Boundary-0.5-Clean
RUN_062,TRIAD_021,A07_Boundary-0.5-Clean_B600,R1,1343723075,1597834894,479,Det/images/normal_train/01156547.png,0,00,easy_clean,0.0309960848,1.0,0.0169424014,normal_replay,Boundary-0.5-Clean
RUN_062,TRIAD_021,A07_Boundary-0.5-Clean_B600,R1,1343723075,1597834894,480,Det/images/normal_train/00849343.png,0,05,easy_clean,0.007562148,1.0,0.0095688329,normal_replay,Boundary-0.5-Clean
RUN_062,TRIAD_021,A07_Boundary-0.5-Clean_B600,R1,1343723075,1597834894,481,Det/images/normal_train/00859860.png,0,08,easy_clean,0.0012867376,1.0,0.0020779161,normal_replay,Boundary-0.5-Clean
RUN_062,TRIAD_021,A07_Boundary-0.5-Clean_B600,R1,1343723075,1597834894,482,Det/images/normal_train/01298120.png,0,00,easy_clean,0.020197725,1.0,0.0321358175,normal_replay,Boundary-0.5-Clean
RUN_062,TRIAD_021,A07_Boundary-0.5-Clean_B600,R1,1343723075,1597834894,483,Det/images/normal_train/01242277.png,0,02,easy_clean,0.0002213384,1.0,0.0003213857,normal_replay,Boundary-0.5-Clean
RUN_062,TRIAD_021,A07_Boundary-0.5-Clean_B600,R1,1343723075,1597834894,484,Det/images/normal_train/00332962.png,0,00,easy_clean,0.0027304801,1.0,0.0080709904,normal_replay,Boundary-0.5-Clean
RUN_062,TRIAD_021,A07_Boundary-0.5-Clean_B600,R1,1343723075,1597834894,485,Det/images/normal_train/00523516.png,0,00,easy_clean,0.0010803599,1.0,0.0015429807,normal_replay,Boundary-0.5-Clean
RUN_062,TRIAD_021,A07_Boundary-0.5-Clean_B600,R1,1343723075,1597834894,486,Det/images/normal_train/00446853.png,0,09,persistent_hard,0.6551282807,0.15,0.1537286509,normal_replay,Boundary-0.5-Clean
RUN_062,TRIAD_021,A07_Boundary-0.5-Clean_B600,R1,1343723075,1597834894,487,Det/images/normal_train/00549923.png,0,04,easy_clean,0.0151996272,1.0,0.0181468789,normal_replay,Boundary-0.5-Clean
RUN_062,TRIAD_021,A07_Boundary-0.5-Clean_B600,R1,1343723075,1597834894,488,Det/images/normal_train/00190912.png,0,09,ordinary,0.1177675,1.0,0.0817798118,normal_replay,Boundary-0.5-Clean
RUN_062,TRIAD_021,A07_Boundary-0.5-Clean_B600,R1,1343723075,1597834894,489,Det/images/normal_train/00402632.png,0,00,easy_clean,0.0593734949,1.0,0.0463850169,normal_replay,Boundary-0.5-Clean
RUN_062,TRIAD_021,A07_Boundary-0.5-Clean_B600,R1,1343723075,1597834894,490,Det/images/normal_train/00994575.png,0,04,easy_clean,0.0012048918,1.0,0.0019909456,normal_replay,Boundary-0.5-Clean
RUN_062,TRIAD_021,A07_Boundary-0.5-Clean_B600,R1,1343723075,1597834894,491,Det/images/normal_train/01071748.png,0,04,easy_clean,0.0225125304,1.0,0.0196723604,normal_replay,Boundary-0.5-Clean
RUN_062,TRIAD_021,A07_Boundary-0.5-Clean_B600,R1,1343723075,1597834894,492,Det/images/normal_train/00248877.png,0,00,easy_clean,0.0063819343,1.0,0.0076662543,normal_replay,Boundary-0.5-Clean
RUN_062,TRIAD_021,A07_Boundary-0.5-Clean_B600,R1,1343723075,1597834894,493,Det/images/normal_train/01213051.png,0,03,learnable_hard,0.1357693012,0.99,0.0839649824,normal_replay,Boundary-0.5-Clean
RUN_062,TRIAD_021,A07_Boundary-0.5-Clean_B600,R1,1343723075,1597834894,494,Det/images/normal_train/00692437.png,0,06,persistent_hard,0.6213075638,0.265,0.1951764749,normal_replay,Boundary-0.5-Clean
RUN_062,TRIAD_021,A07_Boundary-0.5-Clean_B600,R1,1343723075,1597834894,495,Det/images/normal_train/00837045.png,0,02,learnable_hard,0.3059053614,0.88,0.1819601275,normal_replay,Boundary-0.5-Clean
RUN_062,TRIAD_021,A07_Boundary-0.5-Clean_B600,R1,1343723075,1597834894,496,Det/images/normal_train/00503873.png,0,03,easy_clean,0.0174091478,1.0,0.01882109,normal_replay,Boundary-0.5-Clean
RUN_062,TRIAD_021,A07_Boundary-0.5-Clean_B600,R1,1343723075,1597834894,497,Det/images/normal_train/00994787.png,0,04,ordinary,0.2688729935,1.0,0.1475975371,normal_replay,Boundary-0.5-Clean
RUN_062,TRIAD_021,A07_Boundary-0.5-Clean_B600,R1,1343723075,1597834894,498,Det/images/normal_train/00777290.png,0,08,learnable_hard,0.0507702026,0.975,0.11928509,normal_replay,Boundary-0.5-Clean
RUN_062,TRIAD_021,A07_Boundary-0.5-Clean_B600,R1,1343723075,1597834894,499,Det/images/normal_train/00535541.png,0,02,unstable_boundary,0.4419935597,0.5,0.1770632228,normal_replay,Boundary-0.5-Clean
RUN_062,TRIAD_021,A07_Boundary-0.5-Clean_B600,R1,1343723075,1597834894,500,Det/images/normal_train/00597110.png,0,03,easy_clean,0.0006418837,1.0,0.0026525754,normal_replay,Boundary-0.5-Clean
RUN_062,TRIAD_021,A07_Boundary-0.5-Clean_B600,R1,1343723075,1597834894,501,Det/images/normal_train/00350260.png,0,04,learnable_hard,0.1906339238,0.985,0.1842749202,normal_replay,Boundary-0.5-Clean
RUN_062,TRIAD_021,A07_Boundary-0.5-Clean_B600,R1,1343723075,1597834894,502,Det/images/normal_train/01069568.png,0,09,easy_clean,0.0460842895,1.0,0.0530708136,normal_replay,Boundary-0.5-Clean
RUN_062,TRIAD_021,A07_Boundary-0.5-Clean_B600,R1,1343723075,1597834894,503,Det/images/normal_train/00845061.png,0,04,learnable_hard,0.2047819136,0.995,0.1500866722,normal_replay,Boundary-0.5-Clean
RUN_062,TRIAD_021,A07_Boundary-0.5-Clean_B600,R1,1343723075,1597834894,504,Det/images/normal_train/00561376.png,0,09,easy_clean,0.0196382431,1.0,0.0289289815,normal_replay,Boundary-0.5-Clean
RUN_062,TRIAD_021,A07_Boundary-0.5-Clean_B600,R1,1343723075,1597834894,505,Det/images/normal_train/00431428.png,0,09,ordinary,0.1633442404,1.0,0.1191074928,normal_replay,Boundary-0.5-Clean
RUN_062,TRIAD_021,A07_Boundary-0.5-Clean_B600,R1,1343723075,1597834894,506,Det/images/normal_train/01160717.png,0,05,ordinary,0.1588001444,1.0,0.1150150861,normal_replay,Boundary-0.5-Clean
RUN_062,TRIAD_021,A07_Boundary-0.5-Clean_B600,R1,1343723075,1597834894,507,Det/images/normal_train/00817020.png,0,07,easy_clean,0.0012423835,1.0,0.0025213827,normal_replay,Boundary-0.5-Clean
RUN_062,TRIAD_021,A07_Boundary-0.5-Clean_B600,R1,1343723075,1597834894,508,Det/images/normal_train/00920141.png,0,09,easy_clean,0.0058504692,1.0,0.0150581365,normal_replay,Boundary-0.5-Clean
RUN_062,TRIAD_021,A07_Boundary-0.5-Clean_B600,R1,1343723075,1597834894,509,Det/images/normal_train/00397605.png,0,06,ordinary,0.1429233061,1.0,0.1431811702,normal_replay,Boundary-0.5-Clean
RUN_062,TRIAD_021,A07_Boundary-0.5-Clean_B600,R1,1343723075,1597834894,510,Det/images/normal_train/00686665.png,0,08,learnable_hard,0.094404724,0.97,0.1463818236,normal_replay,Boundary-0.5-Clean
RUN_062,TRIAD_021,A07_Boundary-0.5-Clean_B600,R1,1343723075,1597834894,511,Det/images/normal_train/01129713.png,0,09,easy_clean,0.0323269681,1.0,0.0375718976,normal_replay,Boundary-0.5-Clean
RUN_062,TRIAD_021,A07_Boundary-0.5-Clean_B600,R1,1343723075,1597834894,512,Det/images/normal_train/00595019.png,0,01,easy_clean,0.0008180854,1.0,0.0040009036,normal_replay,Boundary-0.5-Clean
RUN_062,TRIAD_021,A07_Boundary-0.5-Clean_B600,R1,1343723075,1597834894,513,Det/images/normal_train/01293668.png,0,08,learnable_hard,0.2153806813,0.985,0.123777305,normal_replay,Boundary-0.5-Clean
RUN_062,TRIAD_021,A07_Boundary-0.5-Clean_B600,R1,1343723075,1597834894,514,Det/images/normal_train/00520883.png,0,06,easy_clean,0.0030642223,1.0,0.0118607998,normal_replay,Boundary-0.5-Clean
RUN_062,TRIAD_021,A07_Boundary-0.5-Clean_B600,R1,1343723075,1597834894,515,Det/images/normal_train/00608347.png,0,06,easy_clean,0.0173875324,1.0,0.0262639441,normal_replay,Boundary-0.5-Clean
RUN_062,TRIAD_021,A07_Boundary-0.5-Clean_B600,R1,1343723075,1597834894,516,Det/images/normal_train/01193959.png,0,01,easy_clean,0.0212785486,1.0,0.017866869,normal_replay,Boundary-0.5-Clean
RUN_062,TRIAD_021,A07_Boundary-0.5-Clean_B600,R1,1343723075,1597834894,517,Det/images/normal_train/00550224.png,0,08,easy_clean,0.0262022973,1.0,0.0294882354,normal_replay,Boundary-0.5-Clean
RUN_062,TRIAD_021,A07_Boundary-0.5-Clean_B600,R1,1343723075,1597834894,518,Det/images/normal_train/00933871.png,0,03,easy_clean,0.0556378911,1.0,0.0483957783,normal_replay,Boundary-0.5-Clean
RUN_062,TRIAD_021,A07_Boundary-0.5-Clean_B600,R1,1343723075,1597834894,519,Det/images/normal_train/00916306.png,0,00,easy_clean,0.0159322104,1.0,0.0343404439,normal_replay,Boundary-0.5-Clean
RUN_062,TRIAD_021,A07_Boundary-0.5-Clean_B600,R1,1343723075,1597834894,520,Det/images/normal_train/00857237.png,0,01,easy_clean,0.0049098469,1.0,0.0081340863,normal_replay,Boundary-0.5-Clean
RUN_062,TRIAD_021,A07_Boundary-0.5-Clean_B600,R1,1343723075,1597834894,521,Det/images/normal_train/00811705.png,0,02,easy_clean,0.0023481929,1.0,0.0020516652,normal_replay,Boundary-0.5-Clean
RUN_062,TRIAD_021,A07_Boundary-0.5-Clean_B600,R1,1343723075,1597834894,522,Det/images/normal_train/00710008.png,0,01,easy_clean,0.0049879953,1.0,0.0244599605,normal_replay,Boundary-0.5-Clean
RUN_062,TRIAD_021,A07_Boundary-0.5-Clean_B600,R1,1343723075,1597834894,523,Det/images/normal_train/00540567.png,0,05,easy_clean,0.0247459357,1.0,0.0254352928,normal_replay,Boundary-0.5-Clean
RUN_062,TRIAD_021,A07_Boundary-0.5-Clean_B600,R1,1343723075,1597834894,524,Det/images/normal_train/00456060.png,0,06,learnable_hard,0.1620195705,0.98,0.1292992578,normal_replay,Boundary-0.5-Clean
RUN_062,TRIAD_021,A07_Boundary-0.5-Clean_B600,R1,1343723075,1597834894,525,Det/images/normal_train/01008678.png,0,07,easy_clean,0.0135196456,1.0,0.0157446925,normal_replay,Boundary-0.5-Clean
RUN_062,TRIAD_021,A07_Boundary-0.5-Clean_B600,R1,1343723075,1597834894,526,Det/images/normal_train/00368184.png,0,02,easy_clean,0.0586351135,1.0,0.080855499,normal_replay,Boundary-0.5-Clean
RUN_062,TRIAD_021,A07_Boundary-0.5-Clean_B600,R1,1343723075,1597834894,527,Det/images/normal_train/00935095.png,0,09,easy_clean,0.0442394697,1.0,0.0438405275,normal_replay,Boundary-0.5-Clean
RUN_062,TRIAD_021,A07_Boundary-0.5-Clean_B600,R1,1343723075,1597834894,528,Det/images/normal_train/00655964.png,0,08,learnable_hard,0.0141375058,0.995,0.0411660924,normal_replay,Boundary-0.5-Clean
RUN_062,TRIAD_021,A07_Boundary-0.5-Clean_B600,R1,1343723075,1597834894,529,Det/images/normal_train/00533765.png,0,02,easy_clean,0.0010323826,1.0,0.001581835,normal_replay,Boundary-0.5-Clean
RUN_062,TRIAD_021,A07_Boundary-0.5-Clean_B600,R1,1343723075,1597834894,530,Det/images/normal_train/00447847.png,0,05,easy_clean,0.0005920756,1.0,0.0012225544,normal_replay,Boundary-0.5-Clean
RUN_062,TRIAD_021,A07_Boundary-0.5-Clean_B600,R1,1343723075,1597834894,531,Det/images/normal_train/00967784.png,0,04,easy_clean,0.0012993336,1.0,0.0016085594,normal_replay,Boundary-0.5-Clean
RUN_062,TRIAD_021,A07_Boundary-0.5-Clean_B600,R1,1343723075,1597834894,532,Det/images/normal_train/01169869.png,0,08,learnable_hard,0.1029094397,0.98,0.124447718,normal_replay,Boundary-0.5-Clean
RUN_062,TRIAD_021,A07_Boundary-0.5-Clean_B600,R1,1343723075,1597834894,533,Det/images/normal_train/00683655.png,0,07,easy_clean,0.004990011,1.0,0.006539747,normal_replay,Boundary-0.5-Clean
RUN_062,TRIAD_021,A07_Boundary-0.5-Clean_B600,R1,1343723075,1597834894,534,Det/images/normal_train/00473033.png,0,06,easy_clean,0.001403514,1.0,0.0038284492,normal_replay,Boundary-0.5-Clean
RUN_062,TRIAD_021,A07_Boundary-0.5-Clean_B600,R1,1343723075,1597834894,535,Det/images/normal_train/00623759.png,0,08,easy_clean,0.0288169808,1.0,0.0368487095,normal_replay,Boundary-0.5-Clean
RUN_062,TRIAD_021,A07_Boundary-0.5-Clean_B600,R1,1343723075,1597834894,536,Det/images/normal_train/01053977.png,0,05,easy_clean,0.0036967462,1.0,0.0037914121,normal_replay,Boundary-0.5-Clean
RUN_062,TRIAD_021,A07_Boundary-0.5-Clean_B600,R1,1343723075,1597834894,537,Det/images/normal_train/00267158.png,0,07,easy_clean,0.0005332707,1.0,0.0007274897,normal_replay,Boundary-0.5-Clean
RUN_062,TRIAD_021,A07_Boundary-0.5-Clean_B600,R1,1343723075,1597834894,538,Det/images/normal_train/00430020.png,0,02,learnable_hard,0.2489303208,0.98,0.1475549493,normal_replay,Boundary-0.5-Clean
RUN_062,TRIAD_021,A07_Boundary-0.5-Clean_B600,R1,1343723075,1597834894,539,Det/images/normal_train/00666913.png,0,08,easy_clean,0.0057129827,1.0,0.0184730892,normal_replay,Boundary-0.5-Clean
RUN_062,TRIAD_021,A07_Boundary-0.5-Clean_B600,R1,1343723075,1597834894,540,Det/images/normal_train/00382521.png,0,00,learnable_hard,0.377784422,0.68,0.2465810224,normal_replay,Boundary-0.5-Clean
RUN_062,TRIAD_021,A07_Boundary-0.5-Clean_B600,R1,1343723075,1597834894,541,Det/images/normal_train/01076617.png,0,06,easy_clean,0.0184545576,1.0,0.0202858457,normal_replay,Boundary-0.5-Clean
RUN_062,TRIAD_021,A07_Boundary-0.5-Clean_B600,R1,1343723075,1597834894,542,Det/images/normal_train/00681414.png,0,09,easy_clean,0.0044229043,1.0,0.0126159043,normal_replay,Boundary-0.5-Clean
RUN_062,TRIAD_021,A07_Boundary-0.5-Clean_B600,R1,1343723075,1597834894,543,Det/images/normal_train/00334511.png,0,06,easy_clean,0.0014188595,1.0,0.0021300417,normal_replay,Boundary-0.5-Clean
RUN_062,TRIAD_021,A07_Boundary-0.5-Clean_B600,R1,1343723075,1597834894,544,Det/images/normal_train/00810900.png,0,09,easy_clean,0.0096705963,1.0,0.0151853554,normal_replay,Boundary-0.5-Clean
RUN_062,TRIAD_021,A07_Boundary-0.5-Clean_B600,R1,1343723075,1597834894,545,Det/images/normal_train/00831253.png,0,00,easy_clean,0.0008323302,1.0,0.001124715,normal_replay,Boundary-0.5-Clean
RUN_062,TRIAD_021,A07_Boundary-0.5-Clean_B600,R1,1343723075,1597834894,546,Det/images/normal_train/00794070.png,0,08,easy_clean,0.0342720959,0.995,0.0581204497,normal_replay,Boundary-0.5-Clean
RUN_062,TRIAD_021,A07_Boundary-0.5-Clean_B600,R1,1343723075,1597834894,547,Det/images/normal_train/00561908.png,0,09,easy_clean,0.0512853826,1.0,0.0583839704,normal_replay,Boundary-0.5-Clean
RUN_062,TRIAD_021,A07_Boundary-0.5-Clean_B600,R1,1343723075,1597834894,548,Det/images/normal_train/00766536.png,0,07,easy_clean,0.0010844372,1.0,0.0031393746,normal_replay,Boundary-0.5-Clean
RUN_062,TRIAD_021,A07_Boundary-0.5-Clean_B600,R1,1343723075,1597834894,549,Det/images/normal_train/00875089.png,0,06,easy_clean,0.0195523014,1.0,0.0229021902,normal_replay,Boundary-0.5-Clean
RUN_062,TRIAD_021,A07_Boundary-0.5-Clean_B600,R1,1343723075,1597834894,550,Det/images/normal_train/00969473.png,0,04,easy_clean,0.0044562255,1.0,0.0091482084,normal_replay,Boundary-0.5-Clean
RUN_062,TRIAD_021,A07_Boundary-0.5-Clean_B600,R1,1343723075,1597834894,551,Det/images/normal_train/00870649.png,0,08,easy_clean,0.0098907937,1.0,0.0188390052,normal_replay,Boundary-0.5-Clean
RUN_062,TRIAD_021,A07_Boundary-0.5-Clean_B600,R1,1343723075,1597834894,552,Det/images/normal_train/00809463.png,0,05,easy_clean,0.0131629759,1.0,0.0190421621,normal_replay,Boundary-0.5-Clean
RUN_062,TRIAD_021,A07_Boundary-0.5-Clean_B600,R1,1343723075,1597834894,553,Det/images/normal_train/00508533.png,0,03,easy_clean,0.0001855207,1.0,0.0011037146,normal_replay,Boundary-0.5-Clean
RUN_062,TRIAD_021,A07_Boundary-0.5-Clean_B600,R1,1343723075,1597834894,554,Det/images/normal_train/01184122.png,0,04,learnable_hard,0.2443807244,0.985,0.1001930495,normal_replay,Boundary-0.5-Clean
RUN_062,TRIAD_021,A07_Boundary-0.5-Clean_B600,R1,1343723075,1597834894,555,Det/images/normal_train/01031353.png,0,09,easy_clean,0.0151710807,1.0,0.016992373,normal_replay,Boundary-0.5-Clean
RUN_062,TRIAD_021,A07_Boundary-0.5-Clean_B600,R1,1343723075,1597834894,556,Det/images/normal_train/01170502.png,0,09,easy_clean,0.0743827034,1.0,0.0560566635,normal_replay,Boundary-0.5-Clean
RUN_062,TRIAD_021,A07_Boundary-0.5-Clean_B600,R1,1343723075,1597834894,557,Det/images/normal_train/00773152.png,0,01,easy_clean,0.0079492811,1.0,0.0121571968,normal_replay,Boundary-0.5-Clean
RUN_062,TRIAD_021,A07_Boundary-0.5-Clean_B600,R1,1343723075,1597834894,558,Det/images/normal_train/00968989.png,0,09,easy_clean,0.0567240606,1.0,0.0616489126,normal_replay,Boundary-0.5-Clean
RUN_062,TRIAD_021,A07_Boundary-0.5-Clean_B600,R1,1343723075,1597834894,559,Det/images/normal_train/01247122.png,0,02,easy_clean,0.0025530568,1.0,0.0024551786,normal_replay,Boundary-0.5-Clean
RUN_062,TRIAD_021,A07_Boundary-0.5-Clean_B600,R1,1343723075,1597834894,560,Det/images/normal_train/00448087.png,0,04,easy_clean,0.0014356804,1.0,0.0017434286,normal_replay,Boundary-0.5-Clean
RUN_062,TRIAD_021,A07_Boundary-0.5-Clean_B600,R1,1343723075,1597834894,561,Det/images/normal_train/00621432.png,0,07,easy_clean,0.0032266772,1.0,0.0081304974,normal_replay,Boundary-0.5-Clean
RUN_062,TRIAD_021,A07_Boundary-0.5-Clean_B600,R1,1343723075,1597834894,562,Det/images/normal_train/00291051.png,0,04,easy_clean,0.0104920739,1.0,0.0153757934,normal_replay,Boundary-0.5-Clean
RUN_062,TRIAD_021,A07_Boundary-0.5-Clean_B600,R1,1343723075,1597834894,563,Det/images/normal_train/00826169.png,0,03,easy_clean,0.0059023774,1.0,0.006723197,normal_replay,Boundary-0.5-Clean
RUN_062,TRIAD_021,A07_Boundary-0.5-Clean_B600,R1,1343723075,1597834894,564,Det/images/normal_train/00630577.png,0,03,ordinary,0.3113344278,0.705,0.3728575653,normal_replay,Boundary-0.5-Clean
RUN_062,TRIAD_021,A07_Boundary-0.5-Clean_B600,R1,1343723075,1597834894,565,Det/images/normal_train/01221651.png,0,02,easy_clean,0.047621862,1.0,0.0487920749,normal_replay,Boundary-0.5-Clean
RUN_062,TRIAD_021,A07_Boundary-0.5-Clean_B600,R1,1343723075,1597834894,566,Det/images/normal_train/00958855.png,0,05,learnable_hard,0.270696313,0.76,0.2666184971,normal_replay,Boundary-0.5-Clean
RUN_062,TRIAD_021,A07_Boundary-0.5-Clean_B600,R1,1343723075,1597834894,567,Det/images/normal_train/00818653.png,0,02,easy_clean,0.0069947456,1.0,0.0134686103,normal_replay,Boundary-0.5-Clean
RUN_062,TRIAD_021,A07_Boundary-0.5-Clean_B600,R1,1343723075,1597834894,568,Det/images/normal_train/00846548.png,0,01,easy_clean,0.0002861596,1.0,0.0005046142,normal_replay,Boundary-0.5-Clean
RUN_062,TRIAD_021,A07_Boundary-0.5-Clean_B600,R1,1343723075,1597834894,569,Det/images/normal_train/00248048.png,0,00,easy_clean,0.0084681537,1.0,0.0218057251,normal_replay,Boundary-0.5-Clean
RUN_062,TRIAD_021,A07_Boundary-0.5-Clean_B600,R1,1343723075,1597834894,570,Det/images/normal_train/00556737.png,0,04,easy_clean,0.0022823778,1.0,0.0031773056,normal_replay,Boundary-0.5-Clean
RUN_062,TRIAD_021,A07_Boundary-0.5-Clean_B600,R1,1343723075,1597834894,571,Det/images/normal_train/01166040.png,0,08,learnable_hard,0.0958461383,0.995,0.0677524492,normal_replay,Boundary-0.5-Clean
RUN_062,TRIAD_021,A07_Boundary-0.5-Clean_B600,R1,1343723075,1597834894,572,Det/images/normal_train/00291705.png,0,04,easy_clean,0.008069485,1.0,0.0152698786,normal_replay,Boundary-0.5-Clean
RUN_062,TRIAD_021,A07_Boundary-0.5-Clean_B600,R1,1343723075,1597834894,573,Det/images/normal_train/00826040.png,0,03,easy_clean,0.0004961477,1.0,0.0009420657,normal_replay,Boundary-0.5-Clean
RUN_062,TRIAD_021,A07_Boundary-0.5-Clean_B600,R1,1343723075,1597834894,574,Det/images/normal_train/00522807.png,0,07,easy_clean,0.0264782197,1.0,0.0375134697,normal_replay,Boundary-0.5-Clean
RUN_062,TRIAD_021,A07_Boundary-0.5-Clean_B600,R1,1343723075,1597834894,575,Det/images/normal_train/01119115.png,0,01,easy_clean,0.0789606589,1.0,0.0789222354,normal_replay,Boundary-0.5-Clean
RUN_062,TRIAD_021,A07_Boundary-0.5-Clean_B600,R1,1343723075,1597834894,576,Det/images/normal_train/00924908.png,0,07,easy_clean,0.0009593173,1.0,0.0044498909,normal_replay,Boundary-0.5-Clean
RUN_062,TRIAD_021,A07_Boundary-0.5-Clean_B600,R1,1343723075,1597834894,577,Det/images/normal_train/00204721.png,0,04,easy_clean,0.00691147,1.0,0.0104760547,normal_replay,Boundary-0.5-Clean
RUN_062,TRIAD_021,A07_Boundary-0.5-Clean_B600,R1,1343723075,1597834894,578,Det/images/normal_train/01060247.png,0,01,unstable_boundary,0.3784192815,0.59,0.187592645,normal_replay,Boundary-0.5-Clean
RUN_062,TRIAD_021,A07_Boundary-0.5-Clean_B600,R1,1343723075,1597834894,579,Det/images/normal_train/00862906.png,0,07,easy_clean,0.0023318395,1.0,0.0040550365,normal_replay,Boundary-0.5-Clean
RUN_062,TRIAD_021,A07_Boundary-0.5-Clean_B600,R1,1343723075,1597834894,580,Det/images/normal_train/00377018.png,0,01,easy_clean,0.0012191895,1.0,0.0018751453,normal_replay,Boundary-0.5-Clean
RUN_062,TRIAD_021,A07_Boundary-0.5-Clean_B600,R1,1343723075,1597834894,581,Det/images/normal_train/00456549.png,0,06,easy_clean,0.003836506,1.0,0.0052263055,normal_replay,Boundary-0.5-Clean
RUN_062,TRIAD_021,A07_Boundary-0.5-Clean_B600,R1,1343723075,1597834894,582,Det/images/normal_train/01283230.png,0,06,easy_clean,0.0284285067,1.0,0.0293397352,normal_replay,Boundary-0.5-Clean
RUN_062,TRIAD_021,A07_Boundary-0.5-Clean_B600,R1,1343723075,1597834894,583,Det/images/normal_train/01108075.png,0,01,easy_clean,0.0470566531,1.0,0.0418835587,normal_replay,Boundary-0.5-Clean
RUN_062,TRIAD_021,A07_Boundary-0.5-Clean_B600,R1,1343723075,1597834894,584,Det/images/normal_train/00195586.png,0,08,easy_clean,0.0103669054,1.0,0.0096903969,normal_replay,Boundary-0.5-Clean
RUN_062,TRIAD_021,A07_Boundary-0.5-Clean_B600,R1,1343723075,1597834894,585,Det/images/normal_train/00503696.png,0,03,easy_clean,0.0632575957,1.0,0.0587025288,normal_replay,Boundary-0.5-Clean
RUN_062,TRIAD_021,A07_Boundary-0.5-Clean_B600,R1,1343723075,1597834894,586,Det/images/normal_train/00910331.png,0,05,easy_clean,0.0355944715,1.0,0.0285859631,normal_replay,Boundary-0.5-Clean
RUN_062,TRIAD_021,A07_Boundary-0.5-Clean_B600,R1,1343723075,1597834894,587,Det/images/normal_train/00238231.png,0,02,learnable_hard,0.1467152063,0.99,0.100798554,normal_replay,Boundary-0.5-Clean
RUN_062,TRIAD_021,A07_Boundary-0.5-Clean_B600,R1,1343723075,1597834894,588,Det/images/normal_train/00819169.png,0,07,learnable_hard,0.1933723795,0.92,0.1860417503,normal_replay,Boundary-0.5-Clean
RUN_062,TRIAD_021,A07_Boundary-0.5-Clean_B600,R1,1343723075,1597834894,589,Det/images/normal_train/00677488.png,0,01,easy_clean,0.0022203548,1.0,0.005960896,normal_replay,Boundary-0.5-Clean
RUN_062,TRIAD_021,A07_Boundary-0.5-Clean_B600,R1,1343723075,1597834894,590,Det/images/normal_train/00300083.png,0,03,easy_clean,0.0290007775,1.0,0.0411751968,normal_replay,Boundary-0.5-Clean
RUN_062,TRIAD_021,A07_Boundary-0.5-Clean_B600,R1,1343723075,1597834894,591,Det/images/normal_train/00837682.png,0,02,easy_clean,0.0069848069,1.0,0.0106691021,normal_replay,Boundary-0.5-Clean
RUN_062,TRIAD_021,A07_Boundary-0.5-Clean_B600,R1,1343723075,1597834894,592,Det/images/normal_train/01196765.png,0,06,easy_clean,0.0116455725,1.0,0.0151356152,normal_replay,Boundary-0.5-Clean
RUN_062,TRIAD_021,A07_Boundary-0.5-Clean_B600,R1,1343723075,1597834894,593,Det/images/normal_train/01275290.png,0,06,easy_clean,0.0197043902,1.0,0.027711404,normal_replay,Boundary-0.5-Clean
RUN_062,TRIAD_021,A07_Boundary-0.5-Clean_B600,R1,1343723075,1597834894,594,Det/images/normal_train/00679660.png,0,07,easy_clean,0.0112147144,1.0,0.0352468025,normal_replay,Boundary-0.5-Clean
RUN_062,TRIAD_021,A07_Boundary-0.5-Clean_B600,R1,1343723075,1597834894,595,Det/images/normal_train/01275975.png,0,06,easy_clean,0.0568073563,1.0,0.0543117366,normal_replay,Boundary-0.5-Clean
RUN_062,TRIAD_021,A07_Boundary-0.5-Clean_B600,R1,1343723075,1597834894,596,Det/images/normal_train/00534242.png,0,03,easy_clean,0.008576504,1.0,0.0179125466,normal_replay,Boundary-0.5-Clean
RUN_062,TRIAD_021,A07_Boundary-0.5-Clean_B600,R1,1343723075,1597834894,597,Det/images/normal_train/00830268.png,0,06,learnable_hard,0.1677828208,0.99,0.1373199986,normal_replay,Boundary-0.5-Clean
RUN_062,TRIAD_021,A07_Boundary-0.5-Clean_B600,R1,1343723075,1597834894,598,Det/images/normal_train/01144367.png,0,05,ordinary,0.3930091315,0.77,0.2348103699,normal_replay,Boundary-0.5-Clean
RUN_062,TRIAD_021,A07_Boundary-0.5-Clean_B600,R1,1343723075,1597834894,599,Det/images/normal_train/00672228.png,0,09,easy_clean,0.0027097417,1.0,0.0090216294,normal_replay,Boundary-0.5-Clean
RUN_062,TRIAD_021,A07_Boundary-0.5-Clean_B600,R1,1343723075,1597834894,600,Det/images/normal_train/00854379.png,0,09,easy_clean,0.0008732712,1.0,0.0010531651,normal_replay,Boundary-0.5-Clean
