run_slot,triad_id,condition_id,arm,training_seed,selection_seed,rank,sample_id,y_true,oof_fold,dynamic_bucket,mean_p_defect,correct_rate,std_p_defect,replay_role,source_method
RUN_131,TRIAD_044,A15_GroupDiverse-Gap_B3000,R1,1385197443,1991832991,1,Det/images/normal_train/00256927.png,0,03,easy_clean,0.0496397261,1.0,0.019396204,normal_replay,GroupDiverse-Gap
RUN_131,TRIAD_044,A15_GroupDiverse-Gap_B3000,R1,1385197443,1991832991,2,Det/images/normal_train/00592212.png,0,07,easy_clean,0.0381161524,1.0,0.0393690457,normal_replay,GroupDiverse-Gap
RUN_131,TRIAD_044,A15_GroupDiverse-Gap_B3000,R1,1385197443,1991832991,3,Det/images/normal_train/00968851.png,0,09,easy_clean,0.0038687359,1.0,0.0058596609,normal_replay,GroupDiverse-Gap
RUN_131,TRIAD_044,A15_GroupDiverse-Gap_B3000,R1,1385197443,1991832991,4,Det/images/normal_train/00252804.png,0,08,easy_clean,0.0144726259,1.0,0.0142529061,normal_replay,GroupDiverse-Gap
RUN_131,TRIAD_044,A15_GroupDiverse-Gap_B3000,R1,1385197443,1991832991,5,Det/images/normal_train/01020012.png,0,02,easy_clean,0.0119663087,1.0,0.015124877,normal_replay,GroupDiverse-Gap
RUN_131,TRIAD_044,A15_GroupDiverse-Gap_B3000,R1,1385197443,1991832991,6,Det/images/normal_train/01008617.png,0,07,easy_clean,0.0298126453,1.0,0.0301218081,normal_replay,GroupDiverse-Gap
RUN_131,TRIAD_044,A15_GroupDiverse-Gap_B3000,R1,1385197443,1991832991,7,Det/images/normal_train/01123935.png,0,06,easy_clean,0.013293347,1.0,0.0186175085,normal_replay,GroupDiverse-Gap
RUN_131,TRIAD_044,A15_GroupDiverse-Gap_B3000,R1,1385197443,1991832991,8,Det/images/normal_train/00348727.png,0,03,easy_clean,0.0806091349,0.995,0.0904226184,normal_replay,GroupDiverse-Gap
RUN_131,TRIAD_044,A15_GroupDiverse-Gap_B3000,R1,1385197443,1991832991,9,Det/images/normal_train/00907837.png,0,02,easy_clean,0.0039294756,1.0,0.008151629,normal_replay,GroupDiverse-Gap
RUN_131,TRIAD_044,A15_GroupDiverse-Gap_B3000,R1,1385197443,1991832991,10,Det/images/normal_train/01241043.png,0,09,easy_clean,5.57945e-05,1.0,8.87496e-05,normal_replay,GroupDiverse-Gap
RUN_131,TRIAD_044,A15_GroupDiverse-Gap_B3000,R1,1385197443,1991832991,11,Det/images/normal_train/00210207.png,0,00,easy_clean,0.0003622895,1.0,0.0004340241,normal_replay,GroupDiverse-Gap
RUN_131,TRIAD_044,A15_GroupDiverse-Gap_B3000,R1,1385197443,1991832991,12,Det/images/normal_train/01243402.png,0,00,easy_clean,0.0016271168,1.0,0.0023128262,normal_replay,GroupDiverse-Gap
RUN_131,TRIAD_044,A15_GroupDiverse-Gap_B3000,R1,1385197443,1991832991,13,Det/images/normal_train/00770391.png,0,02,easy_clean,0.0008733191,1.0,0.0017108969,normal_replay,GroupDiverse-Gap
RUN_131,TRIAD_044,A15_GroupDiverse-Gap_B3000,R1,1385197443,1991832991,14,Det/images/normal_train/00540393.png,0,05,ordinary,0.3498852381,0.965,0.0993802375,normal_replay,GroupDiverse-Gap
RUN_131,TRIAD_044,A15_GroupDiverse-Gap_B3000,R1,1385197443,1991832991,15,Det/images/normal_train/00759439.png,0,08,easy_clean,0.0007577012,1.0,0.0018421304,normal_replay,GroupDiverse-Gap
RUN_131,TRIAD_044,A15_GroupDiverse-Gap_B3000,R1,1385197443,1991832991,16,Det/images/normal_train/00904517.png,0,06,ordinary,0.2011156344,1.0,0.0976599775,normal_replay,GroupDiverse-Gap
RUN_131,TRIAD_044,A15_GroupDiverse-Gap_B3000,R1,1385197443,1991832991,17,Det/images/normal_train/00284574.png,0,01,learnable_hard,0.1048390441,0.975,0.1380136149,normal_replay,GroupDiverse-Gap
RUN_131,TRIAD_044,A15_GroupDiverse-Gap_B3000,R1,1385197443,1991832991,18,Det/images/normal_train/00867368.png,0,05,easy_clean,0.0024631825,1.0,0.0036178007,normal_replay,GroupDiverse-Gap
RUN_131,TRIAD_044,A15_GroupDiverse-Gap_B3000,R1,1385197443,1991832991,19,Det/images/normal_train/00591103.png,0,07,easy_clean,0.0736363756,1.0,0.1128346425,normal_replay,GroupDiverse-Gap
RUN_131,TRIAD_044,A15_GroupDiverse-Gap_B3000,R1,1385197443,1991832991,20,Det/images/normal_train/00376218.png,0,00,easy_clean,0.000489563,1.0,0.0006419564,normal_replay,GroupDiverse-Gap
RUN_131,TRIAD_044,A15_GroupDiverse-Gap_B3000,R1,1385197443,1991832991,21,Det/images/normal_train/00250401.png,0,09,easy_clean,0.0018807871,1.0,0.0027211338,normal_replay,GroupDiverse-Gap
RUN_131,TRIAD_044,A15_GroupDiverse-Gap_B3000,R1,1385197443,1991832991,22,Det/images/normal_train/00405844.png,0,05,easy_clean,0.0127191223,1.0,0.0105847778,normal_replay,GroupDiverse-Gap
RUN_131,TRIAD_044,A15_GroupDiverse-Gap_B3000,R1,1385197443,1991832991,23,Det/images/normal_train/00503243.png,0,03,learnable_hard,0.1337782495,0.99,0.1163267181,normal_replay,GroupDiverse-Gap
RUN_131,TRIAD_044,A15_GroupDiverse-Gap_B3000,R1,1385197443,1991832991,24,Det/images/normal_train/00685132.png,0,08,easy_clean,0.0030553657,1.0,0.0063100174,normal_replay,GroupDiverse-Gap
RUN_131,TRIAD_044,A15_GroupDiverse-Gap_B3000,R1,1385197443,1991832991,25,Det/images/normal_train/00779596.png,0,08,easy_clean,0.002505438,1.0,0.0133446139,normal_replay,GroupDiverse-Gap
RUN_131,TRIAD_044,A15_GroupDiverse-Gap_B3000,R1,1385197443,1991832991,26,Det/images/normal_train/01064104.png,0,06,easy_clean,0.0049677469,1.0,0.0138396684,normal_replay,GroupDiverse-Gap
RUN_131,TRIAD_044,A15_GroupDiverse-Gap_B3000,R1,1385197443,1991832991,27,Det/images/normal_train/00367361.png,0,04,easy_clean,0.0212471213,1.0,0.0223420437,normal_replay,GroupDiverse-Gap
RUN_131,TRIAD_044,A15_GroupDiverse-Gap_B3000,R1,1385197443,1991832991,28,Det/images/normal_train/00577833.png,0,05,easy_clean,0.0012138965,1.0,0.0019301183,normal_replay,GroupDiverse-Gap
RUN_131,TRIAD_044,A15_GroupDiverse-Gap_B3000,R1,1385197443,1991832991,29,Det/images/normal_train/01203319.png,0,05,learnable_hard,0.0965485103,0.98,0.1164504493,normal_replay,GroupDiverse-Gap
RUN_131,TRIAD_044,A15_GroupDiverse-Gap_B3000,R1,1385197443,1991832991,30,Det/images/normal_train/00687343.png,0,01,easy_clean,0.0045983288,1.0,0.029579598,normal_replay,GroupDiverse-Gap
RUN_131,TRIAD_044,A15_GroupDiverse-Gap_B3000,R1,1385197443,1991832991,31,Det/images/normal_train/00575291.png,0,00,easy_clean,0.0042125264,1.0,0.0042021463,normal_replay,GroupDiverse-Gap
RUN_131,TRIAD_044,A15_GroupDiverse-Gap_B3000,R1,1385197443,1991832991,32,Det/images/normal_train/00255087.png,0,08,easy_clean,0.0034327867,1.0,0.0048963027,normal_replay,GroupDiverse-Gap
RUN_131,TRIAD_044,A15_GroupDiverse-Gap_B3000,R1,1385197443,1991832991,33,Det/images/normal_train/00858091.png,0,01,easy_clean,0.0073050471,1.0,0.0302470599,normal_replay,GroupDiverse-Gap
RUN_131,TRIAD_044,A15_GroupDiverse-Gap_B3000,R1,1385197443,1991832991,34,Det/images/normal_train/00476799.png,0,09,easy_clean,0.0086115221,1.0,0.019748034,normal_replay,GroupDiverse-Gap
RUN_131,TRIAD_044,A15_GroupDiverse-Gap_B3000,R1,1385197443,1991832991,35,Det/images/normal_train/01202892.png,0,08,easy_clean,0.0106573361,1.0,0.0173739355,normal_replay,GroupDiverse-Gap
RUN_131,TRIAD_044,A15_GroupDiverse-Gap_B3000,R1,1385197443,1991832991,36,Det/images/normal_train/01168530.png,0,02,easy_clean,0.0244527827,1.0,0.0338329635,normal_replay,GroupDiverse-Gap
RUN_131,TRIAD_044,A15_GroupDiverse-Gap_B3000,R1,1385197443,1991832991,37,Det/images/normal_train/00786330.png,0,03,learnable_hard,0.1252229249,0.99,0.1243076552,normal_replay,GroupDiverse-Gap
RUN_131,TRIAD_044,A15_GroupDiverse-Gap_B3000,R1,1385197443,1991832991,38,Det/images/normal_train/01126052.png,0,06,easy_clean,0.0336124796,1.0,0.0345353686,normal_replay,GroupDiverse-Gap
RUN_131,TRIAD_044,A15_GroupDiverse-Gap_B3000,R1,1385197443,1991832991,39,Det/images/normal_train/00261552.png,0,00,easy_clean,0.0006652245,1.0,0.0009597126,normal_replay,GroupDiverse-Gap
RUN_131,TRIAD_044,A15_GroupDiverse-Gap_B3000,R1,1385197443,1991832991,40,Det/images/normal_train/00317812.png,0,04,easy_clean,0.0039714934,1.0,0.0100450928,normal_replay,GroupDiverse-Gap
RUN_131,TRIAD_044,A15_GroupDiverse-Gap_B3000,R1,1385197443,1991832991,41,Det/images/normal_train/00242610.png,0,01,easy_clean,0.0019448373,1.0,0.0034685956,normal_replay,GroupDiverse-Gap
RUN_131,TRIAD_044,A15_GroupDiverse-Gap_B3000,R1,1385197443,1991832991,42,Det/images/normal_train/00888338.png,0,08,easy_clean,0.0007510473,1.0,0.0023328625,normal_replay,GroupDiverse-Gap
RUN_131,TRIAD_044,A15_GroupDiverse-Gap_B3000,R1,1385197443,1991832991,43,Det/images/normal_train/00286123.png,0,06,easy_clean,0.0050904853,1.0,0.0312200814,normal_replay,GroupDiverse-Gap
RUN_131,TRIAD_044,A15_GroupDiverse-Gap_B3000,R1,1385197443,1991832991,44,Det/images/normal_train/00921272.png,0,02,learnable_hard,0.0330878419,0.995,0.04242225,normal_replay,GroupDiverse-Gap
RUN_131,TRIAD_044,A15_GroupDiverse-Gap_B3000,R1,1385197443,1991832991,45,Det/images/normal_train/01271759.png,0,03,easy_clean,0.0592997014,1.0,0.0566475784,normal_replay,GroupDiverse-Gap
RUN_131,TRIAD_044,A15_GroupDiverse-Gap_B3000,R1,1385197443,1991832991,46,Det/images/normal_train/00532510.png,0,07,easy_clean,0.0007643965,1.0,0.0009989554,normal_replay,GroupDiverse-Gap
RUN_131,TRIAD_044,A15_GroupDiverse-Gap_B3000,R1,1385197443,1991832991,47,Det/images/normal_train/00682188.png,0,00,persistent_hard,0.6088548764,0.44,0.3770953679,normal_replay,GroupDiverse-Gap
RUN_131,TRIAD_044,A15_GroupDiverse-Gap_B3000,R1,1385197443,1991832991,48,Det/images/normal_train/01222153.png,0,07,learnable_hard,0.0298975549,0.995,0.0673711551,normal_replay,GroupDiverse-Gap
RUN_131,TRIAD_044,A15_GroupDiverse-Gap_B3000,R1,1385197443,1991832991,49,Det/images/normal_train/01138455.png,0,02,unstable_boundary,0.5146941096,0.54,0.1370569724,normal_replay,GroupDiverse-Gap
RUN_131,TRIAD_044,A15_GroupDiverse-Gap_B3000,R1,1385197443,1991832991,50,Det/images/normal_train/00439307.png,0,03,easy_clean,0.0087257932,1.0,0.0215945952,normal_replay,GroupDiverse-Gap
RUN_131,TRIAD_044,A15_GroupDiverse-Gap_B3000,R1,1385197443,1991832991,51,Det/images/normal_train/01041088.png,0,01,ordinary,0.281818578,0.825,0.2751611723,normal_replay,GroupDiverse-Gap
RUN_131,TRIAD_044,A15_GroupDiverse-Gap_B3000,R1,1385197443,1991832991,52,Det/images/normal_train/00406178.png,0,03,easy_clean,0.0119642286,1.0,0.0429690663,normal_replay,GroupDiverse-Gap
RUN_131,TRIAD_044,A15_GroupDiverse-Gap_B3000,R1,1385197443,1991832991,53,Det/images/normal_train/00393360.png,0,01,easy_clean,0.0232158374,1.0,0.0252810379,normal_replay,GroupDiverse-Gap
RUN_131,TRIAD_044,A15_GroupDiverse-Gap_B3000,R1,1385197443,1991832991,54,Det/images/normal_train/00847200.png,0,04,easy_clean,0.003842293,1.0,0.0055901641,normal_replay,GroupDiverse-Gap
RUN_131,TRIAD_044,A15_GroupDiverse-Gap_B3000,R1,1385197443,1991832991,55,Det/images/normal_train/00958820.png,0,05,easy_clean,0.0089347723,1.0,0.0104144364,normal_replay,GroupDiverse-Gap
RUN_131,TRIAD_044,A15_GroupDiverse-Gap_B3000,R1,1385197443,1991832991,56,Det/images/normal_train/00618275.png,0,04,easy_clean,0.0008516434,1.0,0.0012919738,normal_replay,GroupDiverse-Gap
RUN_131,TRIAD_044,A15_GroupDiverse-Gap_B3000,R1,1385197443,1991832991,57,Det/images/normal_train/01188978.png,0,01,unstable_boundary,0.4239998843,0.635,0.1251995689,normal_replay,GroupDiverse-Gap
RUN_131,TRIAD_044,A15_GroupDiverse-Gap_B3000,R1,1385197443,1991832991,58,Det/images/normal_train/00732663.png,0,04,learnable_hard,0.030825278,0.99,0.0619527251,normal_replay,GroupDiverse-Gap
RUN_131,TRIAD_044,A15_GroupDiverse-Gap_B3000,R1,1385197443,1991832991,59,Det/images/normal_train/00496088.png,0,07,easy_clean,0.0249846313,1.0,0.0484928002,normal_replay,GroupDiverse-Gap
RUN_131,TRIAD_044,A15_GroupDiverse-Gap_B3000,R1,1385197443,1991832991,60,Det/images/normal_train/00459291.png,0,02,easy_clean,0.0001647367,1.0,0.0007107041,normal_replay,GroupDiverse-Gap
RUN_131,TRIAD_044,A15_GroupDiverse-Gap_B3000,R1,1385197443,1991832991,61,Det/images/normal_train/01276738.png,0,01,easy_clean,0.0385513475,1.0,0.0446908152,normal_replay,GroupDiverse-Gap
RUN_131,TRIAD_044,A15_GroupDiverse-Gap_B3000,R1,1385197443,1991832991,62,Det/images/normal_train/01130930.png,0,00,ordinary,0.199902668,1.0,0.0935018414,normal_replay,GroupDiverse-Gap
RUN_131,TRIAD_044,A15_GroupDiverse-Gap_B3000,R1,1385197443,1991832991,63,Det/images/normal_train/01291803.png,0,07,ordinary,0.2821810267,0.915,0.173562064,normal_replay,GroupDiverse-Gap
RUN_131,TRIAD_044,A15_GroupDiverse-Gap_B3000,R1,1385197443,1991832991,64,Det/images/normal_train/00478917.png,0,01,easy_clean,0.0010031716,1.0,0.0017769868,normal_replay,GroupDiverse-Gap
RUN_131,TRIAD_044,A15_GroupDiverse-Gap_B3000,R1,1385197443,1991832991,65,Det/images/normal_train/01163798.png,0,08,easy_clean,0.0442639551,1.0,0.022668278,normal_replay,GroupDiverse-Gap
RUN_131,TRIAD_044,A15_GroupDiverse-Gap_B3000,R1,1385197443,1991832991,66,Det/images/normal_train/01122212.png,0,07,easy_clean,0.0425704032,1.0,0.0425192743,normal_replay,GroupDiverse-Gap
RUN_131,TRIAD_044,A15_GroupDiverse-Gap_B3000,R1,1385197443,1991832991,67,Det/images/normal_train/00910875.png,0,05,easy_clean,0.0173661636,1.0,0.0212514861,normal_replay,GroupDiverse-Gap
RUN_131,TRIAD_044,A15_GroupDiverse-Gap_B3000,R1,1385197443,1991832991,68,Det/images/normal_train/00367577.png,0,04,easy_clean,0.0016899792,1.0,0.0018388219,normal_replay,GroupDiverse-Gap
RUN_131,TRIAD_044,A15_GroupDiverse-Gap_B3000,R1,1385197443,1991832991,69,Det/images/normal_train/01162293.png,0,06,easy_clean,0.0245621389,1.0,0.0457917516,normal_replay,GroupDiverse-Gap
RUN_131,TRIAD_044,A15_GroupDiverse-Gap_B3000,R1,1385197443,1991832991,70,Det/images/normal_train/00292074.png,0,00,learnable_hard,0.1530666022,0.98,0.1519995731,normal_replay,GroupDiverse-Gap
RUN_131,TRIAD_044,A15_GroupDiverse-Gap_B3000,R1,1385197443,1991832991,71,Det/images/normal_train/00683093.png,0,07,learnable_hard,0.0452503758,0.98,0.09563279,normal_replay,GroupDiverse-Gap
RUN_131,TRIAD_044,A15_GroupDiverse-Gap_B3000,R1,1385197443,1991832991,72,Det/images/normal_train/00763567.png,0,07,easy_clean,0.0014648283,1.0,0.0045343243,normal_replay,GroupDiverse-Gap
RUN_131,TRIAD_044,A15_GroupDiverse-Gap_B3000,R1,1385197443,1991832991,73,Det/images/normal_train/00290137.png,0,00,easy_clean,0.0067923202,1.0,0.0072924178,normal_replay,GroupDiverse-Gap
RUN_131,TRIAD_044,A15_GroupDiverse-Gap_B3000,R1,1385197443,1991832991,74,Det/images/normal_train/00941100.png,0,00,easy_clean,0.0113808736,1.0,0.0169424767,normal_replay,GroupDiverse-Gap
RUN_131,TRIAD_044,A15_GroupDiverse-Gap_B3000,R1,1385197443,1991832991,75,Det/images/normal_train/00809742.png,0,05,easy_clean,0.0281311219,1.0,0.021831484,normal_replay,GroupDiverse-Gap
RUN_131,TRIAD_044,A15_GroupDiverse-Gap_B3000,R1,1385197443,1991832991,76,Det/images/normal_train/00992146.png,0,08,easy_clean,0.0040675484,1.0,0.018153336,normal_replay,GroupDiverse-Gap
RUN_131,TRIAD_044,A15_GroupDiverse-Gap_B3000,R1,1385197443,1991832991,77,Det/images/normal_train/01113530.png,0,07,ordinary,0.1173628507,1.0,0.0994417908,normal_replay,GroupDiverse-Gap
RUN_131,TRIAD_044,A15_GroupDiverse-Gap_B3000,R1,1385197443,1991832991,78,Det/images/normal_train/00487642.png,0,01,easy_clean,0.0269425518,1.0,0.0382721378,normal_replay,GroupDiverse-Gap
RUN_131,TRIAD_044,A15_GroupDiverse-Gap_B3000,R1,1385197443,1991832991,79,Det/images/normal_train/00978679.png,0,01,easy_clean,0.006128722,1.0,0.0229461314,normal_replay,GroupDiverse-Gap
RUN_131,TRIAD_044,A15_GroupDiverse-Gap_B3000,R1,1385197443,1991832991,80,Det/images/normal_train/01213679.png,0,03,easy_clean,0.0468399088,1.0,0.0305506331,normal_replay,GroupDiverse-Gap
RUN_131,TRIAD_044,A15_GroupDiverse-Gap_B3000,R1,1385197443,1991832991,81,Det/images/normal_train/00963050.png,0,05,easy_clean,0.0356370364,1.0,0.0409000672,normal_replay,GroupDiverse-Gap
RUN_131,TRIAD_044,A15_GroupDiverse-Gap_B3000,R1,1385197443,1991832991,82,Det/images/normal_train/01281191.png,0,05,easy_clean,0.0078393037,1.0,0.0091121759,normal_replay,GroupDiverse-Gap
RUN_131,TRIAD_044,A15_GroupDiverse-Gap_B3000,R1,1385197443,1991832991,83,Det/images/normal_train/00670353.png,0,04,learnable_hard,0.2534257033,0.995,0.0972144513,normal_replay,GroupDiverse-Gap
RUN_131,TRIAD_044,A15_GroupDiverse-Gap_B3000,R1,1385197443,1991832991,84,Det/images/normal_train/00807175.png,0,08,learnable_hard,0.0543884488,0.995,0.055232931,normal_replay,GroupDiverse-Gap
RUN_131,TRIAD_044,A15_GroupDiverse-Gap_B3000,R1,1385197443,1991832991,85,Det/images/normal_train/00788339.png,0,03,unstable_boundary,0.4756299059,0.435,0.1547069894,normal_replay,GroupDiverse-Gap
RUN_131,TRIAD_044,A15_GroupDiverse-Gap_B3000,R1,1385197443,1991832991,86,Det/images/normal_train/00283240.png,0,03,easy_clean,0.0431595293,0.995,0.0692751624,normal_replay,GroupDiverse-Gap
RUN_131,TRIAD_044,A15_GroupDiverse-Gap_B3000,R1,1385197443,1991832991,87,Det/images/normal_train/00215897.png,0,07,easy_clean,0.0035977349,1.0,0.0049108087,normal_replay,GroupDiverse-Gap
RUN_131,TRIAD_044,A15_GroupDiverse-Gap_B3000,R1,1385197443,1991832991,88,Det/images/normal_train/00237818.png,0,06,easy_clean,0.0222231144,1.0,0.0347610537,normal_replay,GroupDiverse-Gap
RUN_131,TRIAD_044,A15_GroupDiverse-Gap_B3000,R1,1385197443,1991832991,89,Det/images/normal_train/00590712.png,0,04,easy_clean,0.0050089704,1.0,0.011895072,normal_replay,GroupDiverse-Gap
RUN_131,TRIAD_044,A15_GroupDiverse-Gap_B3000,R1,1385197443,1991832991,90,Det/images/normal_train/01291814.png,0,07,easy_clean,0.0340515168,1.0,0.0391294791,normal_replay,GroupDiverse-Gap
RUN_131,TRIAD_044,A15_GroupDiverse-Gap_B3000,R1,1385197443,1991832991,91,Det/images/normal_train/00361501.png,0,00,easy_clean,0.0153987077,1.0,0.0235072624,normal_replay,GroupDiverse-Gap
RUN_131,TRIAD_044,A15_GroupDiverse-Gap_B3000,R1,1385197443,1991832991,92,Det/images/normal_train/00530886.png,0,01,easy_clean,0.0014773473,1.0,0.0023072567,normal_replay,GroupDiverse-Gap
RUN_131,TRIAD_044,A15_GroupDiverse-Gap_B3000,R1,1385197443,1991832991,93,Det/images/normal_train/01286909.png,0,00,easy_clean,0.0529656879,1.0,0.0547965444,normal_replay,GroupDiverse-Gap
RUN_131,TRIAD_044,A15_GroupDiverse-Gap_B3000,R1,1385197443,1991832991,94,Det/images/normal_train/00849135.png,0,05,easy_clean,0.0171525425,1.0,0.021348789,normal_replay,GroupDiverse-Gap
RUN_131,TRIAD_044,A15_GroupDiverse-Gap_B3000,R1,1385197443,1991832991,95,Det/images/normal_train/00277372.png,0,04,easy_clean,0.0086744767,1.0,0.0101895488,normal_replay,GroupDiverse-Gap
RUN_131,TRIAD_044,A15_GroupDiverse-Gap_B3000,R1,1385197443,1991832991,96,Det/images/normal_train/01115235.png,0,00,easy_clean,0.0015376018,1.0,0.001794798,normal_replay,GroupDiverse-Gap
RUN_131,TRIAD_044,A15_GroupDiverse-Gap_B3000,R1,1385197443,1991832991,97,Det/images/normal_train/00411349.png,0,06,easy_clean,0.0041376884,1.0,0.0049533023,normal_replay,GroupDiverse-Gap
RUN_131,TRIAD_044,A15_GroupDiverse-Gap_B3000,R1,1385197443,1991832991,98,Det/images/normal_train/00509171.png,0,08,ordinary,0.3572707431,0.81,0.1717254976,normal_replay,GroupDiverse-Gap
RUN_131,TRIAD_044,A15_GroupDiverse-Gap_B3000,R1,1385197443,1991832991,99,Det/images/normal_train/00458402.png,0,05,learnable_hard,0.0626727294,0.995,0.0942982372,normal_replay,GroupDiverse-Gap
RUN_131,TRIAD_044,A15_GroupDiverse-Gap_B3000,R1,1385197443,1991832991,100,Det/images/normal_train/00915076.png,0,09,learnable_hard,0.1212773728,0.995,0.1263720054,normal_replay,GroupDiverse-Gap
RUN_131,TRIAD_044,A15_GroupDiverse-Gap_B3000,R1,1385197443,1991832991,101,Det/images/normal_train/00717601.png,0,00,learnable_hard,0.1056661778,0.965,0.1398289568,normal_replay,GroupDiverse-Gap
RUN_131,TRIAD_044,A15_GroupDiverse-Gap_B3000,R1,1385197443,1991832991,102,Det/images/normal_train/00230490.png,0,02,easy_clean,0.0025913259,1.0,0.0038662559,normal_replay,GroupDiverse-Gap
RUN_131,TRIAD_044,A15_GroupDiverse-Gap_B3000,R1,1385197443,1991832991,103,Det/images/normal_train/00286727.png,0,06,easy_clean,0.0701271096,1.0,0.1042246407,normal_replay,GroupDiverse-Gap
RUN_131,TRIAD_044,A15_GroupDiverse-Gap_B3000,R1,1385197443,1991832991,104,Det/images/normal_train/01227840.png,0,08,easy_clean,0.0476397609,1.0,0.02440329,normal_replay,GroupDiverse-Gap
RUN_131,TRIAD_044,A15_GroupDiverse-Gap_B3000,R1,1385197443,1991832991,105,Det/images/normal_train/01171452.png,0,04,learnable_hard,0.5832953732,0.31,0.1745422054,normal_replay,GroupDiverse-Gap
RUN_131,TRIAD_044,A15_GroupDiverse-Gap_B3000,R1,1385197443,1991832991,106,Det/images/normal_train/00817752.png,0,07,easy_clean,0.0246912856,1.0,0.0380602342,normal_replay,GroupDiverse-Gap
RUN_131,TRIAD_044,A15_GroupDiverse-Gap_B3000,R1,1385197443,1991832991,107,Det/images/normal_train/00546596.png,0,07,easy_clean,0.0139318066,1.0,0.0202329639,normal_replay,GroupDiverse-Gap
RUN_131,TRIAD_044,A15_GroupDiverse-Gap_B3000,R1,1385197443,1991832991,108,Det/images/normal_train/01198922.png,0,03,easy_clean,0.0401627193,1.0,0.0557825574,normal_replay,GroupDiverse-Gap
RUN_131,TRIAD_044,A15_GroupDiverse-Gap_B3000,R1,1385197443,1991832991,109,Det/images/normal_train/01164118.png,0,08,easy_clean,0.0092967224,1.0,0.0059233559,normal_replay,GroupDiverse-Gap
RUN_131,TRIAD_044,A15_GroupDiverse-Gap_B3000,R1,1385197443,1991832991,110,Det/images/normal_train/00796596.png,0,04,easy_clean,0.00066966,1.0,0.0011555294,normal_replay,GroupDiverse-Gap
RUN_131,TRIAD_044,A15_GroupDiverse-Gap_B3000,R1,1385197443,1991832991,111,Det/images/normal_train/00554688.png,0,03,easy_clean,0.0163815501,1.0,0.0288887995,normal_replay,GroupDiverse-Gap
RUN_131,TRIAD_044,A15_GroupDiverse-Gap_B3000,R1,1385197443,1991832991,112,Det/images/normal_train/00219330.png,0,09,easy_clean,0.0031053732,1.0,0.0047785422,normal_replay,GroupDiverse-Gap
RUN_131,TRIAD_044,A15_GroupDiverse-Gap_B3000,R1,1385197443,1991832991,113,Det/images/normal_train/00215291.png,0,07,easy_clean,0.0215547923,1.0,0.0312500673,normal_replay,GroupDiverse-Gap
RUN_131,TRIAD_044,A15_GroupDiverse-Gap_B3000,R1,1385197443,1991832991,114,Det/images/normal_train/01077886.png,0,01,easy_clean,0.019699297,1.0,0.0290487524,normal_replay,GroupDiverse-Gap
RUN_131,TRIAD_044,A15_GroupDiverse-Gap_B3000,R1,1385197443,1991832991,115,Det/images/normal_train/00809042.png,0,05,ordinary,0.0947074168,1.0,0.0663958069,normal_replay,GroupDiverse-Gap
RUN_131,TRIAD_044,A15_GroupDiverse-Gap_B3000,R1,1385197443,1991832991,116,Det/images/normal_train/00316285.png,0,01,easy_clean,0.008075128,1.0,0.0158442041,normal_replay,GroupDiverse-Gap
RUN_131,TRIAD_044,A15_GroupDiverse-Gap_B3000,R1,1385197443,1991832991,117,Det/images/normal_train/00252523.png,0,08,easy_clean,0.00981441,1.0,0.0346507024,normal_replay,GroupDiverse-Gap
RUN_131,TRIAD_044,A15_GroupDiverse-Gap_B3000,R1,1385197443,1991832991,118,Det/images/normal_train/00369947.png,0,03,easy_clean,0.0002356506,1.0,0.00136818,normal_replay,GroupDiverse-Gap
RUN_131,TRIAD_044,A15_GroupDiverse-Gap_B3000,R1,1385197443,1991832991,119,Det/images/normal_train/00641905.png,0,02,easy_clean,0.0030918326,1.0,0.0065242784,normal_replay,GroupDiverse-Gap
RUN_131,TRIAD_044,A15_GroupDiverse-Gap_B3000,R1,1385197443,1991832991,120,Det/images/normal_train/01138518.png,0,02,easy_clean,0.0291312249,1.0,0.039403837,normal_replay,GroupDiverse-Gap
RUN_131,TRIAD_044,A15_GroupDiverse-Gap_B3000,R1,1385197443,1991832991,121,Det/images/normal_train/00866934.png,0,06,easy_clean,0.016801818,1.0,0.0211289156,normal_replay,GroupDiverse-Gap
RUN_131,TRIAD_044,A15_GroupDiverse-Gap_B3000,R1,1385197443,1991832991,122,Det/images/normal_train/00524487.png,0,02,unstable_boundary,0.5189536793,0.47,0.103165887,normal_replay,GroupDiverse-Gap
RUN_131,TRIAD_044,A15_GroupDiverse-Gap_B3000,R1,1385197443,1991832991,123,Det/images/normal_train/01156003.png,0,00,easy_clean,0.0241407943,1.0,0.0202676112,normal_replay,GroupDiverse-Gap
RUN_131,TRIAD_044,A15_GroupDiverse-Gap_B3000,R1,1385197443,1991832991,124,Det/images/normal_train/00262050.png,0,04,easy_clean,0.0059850178,1.0,0.0076398406,normal_replay,GroupDiverse-Gap
RUN_131,TRIAD_044,A15_GroupDiverse-Gap_B3000,R1,1385197443,1991832991,125,Det/images/normal_train/00875872.png,0,06,easy_clean,0.0705853521,1.0,0.0691384411,normal_replay,GroupDiverse-Gap
RUN_131,TRIAD_044,A15_GroupDiverse-Gap_B3000,R1,1385197443,1991832991,126,Det/images/normal_train/00926426.png,0,00,easy_clean,0.0026043221,1.0,0.0039696286,normal_replay,GroupDiverse-Gap
RUN_131,TRIAD_044,A15_GroupDiverse-Gap_B3000,R1,1385197443,1991832991,127,Det/images/normal_train/00826531.png,0,03,easy_clean,0.0006509444,1.0,0.0039997966,normal_replay,GroupDiverse-Gap
RUN_131,TRIAD_044,A15_GroupDiverse-Gap_B3000,R1,1385197443,1991832991,128,Det/images/normal_train/00259311.png,0,08,easy_clean,0.0008609653,1.0,0.0012628614,normal_replay,GroupDiverse-Gap
RUN_131,TRIAD_044,A15_GroupDiverse-Gap_B3000,R1,1385197443,1991832991,129,Det/images/normal_train/00238379.png,0,02,easy_clean,0.0086759487,1.0,0.0099620959,normal_replay,GroupDiverse-Gap
RUN_131,TRIAD_044,A15_GroupDiverse-Gap_B3000,R1,1385197443,1991832991,130,Det/images/normal_train/00841116.png,0,04,easy_clean,0.0192570189,1.0,0.0213076796,normal_replay,GroupDiverse-Gap
RUN_131,TRIAD_044,A15_GroupDiverse-Gap_B3000,R1,1385197443,1991832991,131,Det/images/normal_train/00586618.png,0,01,easy_clean,0.0069213023,1.0,0.0282333336,normal_replay,GroupDiverse-Gap
RUN_131,TRIAD_044,A15_GroupDiverse-Gap_B3000,R1,1385197443,1991832991,132,Det/images/normal_train/00317322.png,0,04,easy_clean,0.0170573379,1.0,0.0260276249,normal_replay,GroupDiverse-Gap
RUN_131,TRIAD_044,A15_GroupDiverse-Gap_B3000,R1,1385197443,1991832991,133,Det/images/normal_train/01215090.png,0,02,easy_clean,0.0216759201,1.0,0.0238979636,normal_replay,GroupDiverse-Gap
RUN_131,TRIAD_044,A15_GroupDiverse-Gap_B3000,R1,1385197443,1991832991,134,Det/images/normal_train/01241769.png,0,09,easy_clean,0.0014766695,1.0,0.0021792712,normal_replay,GroupDiverse-Gap
RUN_131,TRIAD_044,A15_GroupDiverse-Gap_B3000,R1,1385197443,1991832991,135,Det/images/normal_train/00207833.png,0,01,learnable_hard,0.0405295776,0.985,0.0737254982,normal_replay,GroupDiverse-Gap
RUN_131,TRIAD_044,A15_GroupDiverse-Gap_B3000,R1,1385197443,1991832991,136,Det/images/normal_train/00805525.png,0,07,easy_clean,0.0049810038,1.0,0.0066525389,normal_replay,GroupDiverse-Gap
RUN_131,TRIAD_044,A15_GroupDiverse-Gap_B3000,R1,1385197443,1991832991,137,Det/images/normal_train/00928629.png,0,03,easy_clean,0.0006013641,1.0,0.001091526,normal_replay,GroupDiverse-Gap
RUN_131,TRIAD_044,A15_GroupDiverse-Gap_B3000,R1,1385197443,1991832991,138,Det/images/normal_train/00964328.png,0,05,learnable_hard,0.0409807759,0.99,0.0765440335,normal_replay,GroupDiverse-Gap
RUN_131,TRIAD_044,A15_GroupDiverse-Gap_B3000,R1,1385197443,1991832991,139,Det/images/normal_train/00468883.png,0,06,easy_clean,0.0545003313,1.0,0.0471468617,normal_replay,GroupDiverse-Gap
RUN_131,TRIAD_044,A15_GroupDiverse-Gap_B3000,R1,1385197443,1991832991,140,Det/images/normal_train/00519633.png,0,09,easy_clean,0.0035356915,1.0,0.0081706906,normal_replay,GroupDiverse-Gap
RUN_131,TRIAD_044,A15_GroupDiverse-Gap_B3000,R1,1385197443,1991832991,141,Det/images/normal_train/00410183.png,0,00,unstable_boundary,0.5656684676,0.135,0.0677353014,normal_replay,GroupDiverse-Gap
RUN_131,TRIAD_044,A15_GroupDiverse-Gap_B3000,R1,1385197443,1991832991,142,Det/images/normal_train/00263097.png,0,07,easy_clean,0.0111679218,1.0,0.0157811292,normal_replay,GroupDiverse-Gap
RUN_131,TRIAD_044,A15_GroupDiverse-Gap_B3000,R1,1385197443,1991832991,143,Det/images/normal_train/01154886.png,0,01,easy_clean,0.0002042168,1.0,0.0004480906,normal_replay,GroupDiverse-Gap
RUN_131,TRIAD_044,A15_GroupDiverse-Gap_B3000,R1,1385197443,1991832991,144,Det/images/normal_train/00704588.png,0,06,easy_clean,0.0043027728,1.0,0.0132191613,normal_replay,GroupDiverse-Gap
RUN_131,TRIAD_044,A15_GroupDiverse-Gap_B3000,R1,1385197443,1991832991,145,Det/images/normal_train/00968253.png,0,09,easy_clean,0.0199969911,1.0,0.0315209666,normal_replay,GroupDiverse-Gap
RUN_131,TRIAD_044,A15_GroupDiverse-Gap_B3000,R1,1385197443,1991832991,146,Det/images/normal_train/01239563.png,0,04,easy_clean,0.0008039743,1.0,0.0011134818,normal_replay,GroupDiverse-Gap
RUN_131,TRIAD_044,A15_GroupDiverse-Gap_B3000,R1,1385197443,1991832991,147,Det/images/normal_train/00317274.png,0,04,easy_clean,0.0043969355,1.0,0.0065289194,normal_replay,GroupDiverse-Gap
RUN_131,TRIAD_044,A15_GroupDiverse-Gap_B3000,R1,1385197443,1991832991,148,Det/images/normal_train/00313213.png,0,01,easy_clean,0.0334921081,1.0,0.0442268292,normal_replay,GroupDiverse-Gap
RUN_131,TRIAD_044,A15_GroupDiverse-Gap_B3000,R1,1385197443,1991832991,149,Det/images/normal_train/01136992.png,0,07,easy_clean,0.0090725568,1.0,0.01040244,normal_replay,GroupDiverse-Gap
RUN_131,TRIAD_044,A15_GroupDiverse-Gap_B3000,R1,1385197443,1991832991,150,Det/images/normal_train/00823480.png,0,02,easy_clean,0.0010381516,1.0,0.0034656494,normal_replay,GroupDiverse-Gap
RUN_131,TRIAD_044,A15_GroupDiverse-Gap_B3000,R1,1385197443,1991832991,151,Det/images/normal_train/01230676.png,0,01,learnable_hard,0.13534823,0.995,0.0947928627,normal_replay,GroupDiverse-Gap
RUN_131,TRIAD_044,A15_GroupDiverse-Gap_B3000,R1,1385197443,1991832991,152,Det/images/normal_train/00948789.png,0,07,easy_clean,0.0083199915,1.0,0.0193893039,normal_replay,GroupDiverse-Gap
RUN_131,TRIAD_044,A15_GroupDiverse-Gap_B3000,R1,1385197443,1991832991,153,Det/images/normal_train/00378703.png,0,05,easy_clean,0.0007762415,1.0,0.0012113195,normal_replay,GroupDiverse-Gap
RUN_131,TRIAD_044,A15_GroupDiverse-Gap_B3000,R1,1385197443,1991832991,154,Det/images/normal_train/01139527.png,0,05,ordinary,0.4653746134,0.605,0.1943992772,normal_replay,GroupDiverse-Gap
RUN_131,TRIAD_044,A15_GroupDiverse-Gap_B3000,R1,1385197443,1991832991,155,Det/images/normal_train/00991587.png,0,00,easy_clean,0.0142367886,1.0,0.0132381837,normal_replay,GroupDiverse-Gap
RUN_131,TRIAD_044,A15_GroupDiverse-Gap_B3000,R1,1385197443,1991832991,156,Det/images/normal_train/01163988.png,0,08,easy_clean,0.0214306522,1.0,0.0393591068,normal_replay,GroupDiverse-Gap
RUN_131,TRIAD_044,A15_GroupDiverse-Gap_B3000,R1,1385197443,1991832991,157,Det/images/normal_train/01242949.png,0,02,easy_clean,0.002582972,1.0,0.0067610683,normal_replay,GroupDiverse-Gap
RUN_131,TRIAD_044,A15_GroupDiverse-Gap_B3000,R1,1385197443,1991832991,158,Det/images/normal_train/00189483.png,0,02,easy_clean,0.0004829534,1.0,0.0014569802,normal_replay,GroupDiverse-Gap
RUN_131,TRIAD_044,A15_GroupDiverse-Gap_B3000,R1,1385197443,1991832991,159,Det/images/normal_train/00340966.png,0,02,learnable_hard,0.0522063468,0.995,0.0709881718,normal_replay,GroupDiverse-Gap
RUN_131,TRIAD_044,A15_GroupDiverse-Gap_B3000,R1,1385197443,1991832991,160,Det/images/normal_train/00163161.png,0,08,learnable_hard,0.2197214799,0.935,0.1500702833,normal_replay,GroupDiverse-Gap
RUN_131,TRIAD_044,A15_GroupDiverse-Gap_B3000,R1,1385197443,1991832991,161,Det/images/normal_train/01129002.png,0,09,easy_clean,0.0356802791,1.0,0.0311091258,normal_replay,GroupDiverse-Gap
RUN_131,TRIAD_044,A15_GroupDiverse-Gap_B3000,R1,1385197443,1991832991,162,Det/images/normal_train/00531955.png,0,04,easy_clean,0.0263239147,1.0,0.0326563229,normal_replay,GroupDiverse-Gap
RUN_131,TRIAD_044,A15_GroupDiverse-Gap_B3000,R1,1385197443,1991832991,163,Det/images/normal_train/00844411.png,0,00,easy_clean,0.0007182326,1.0,0.0010855233,normal_replay,GroupDiverse-Gap
RUN_131,TRIAD_044,A15_GroupDiverse-Gap_B3000,R1,1385197443,1991832991,164,Det/images/normal_train/00771115.png,0,03,easy_clean,0.006318365,1.0,0.0183736711,normal_replay,GroupDiverse-Gap
RUN_131,TRIAD_044,A15_GroupDiverse-Gap_B3000,R1,1385197443,1991832991,165,Det/images/normal_train/01156036.png,0,00,easy_clean,0.0670026495,1.0,0.0662092251,normal_replay,GroupDiverse-Gap
RUN_131,TRIAD_044,A15_GroupDiverse-Gap_B3000,R1,1385197443,1991832991,166,Det/images/normal_train/01261587.png,0,00,easy_clean,0.0313129153,1.0,0.0275378858,normal_replay,GroupDiverse-Gap
RUN_131,TRIAD_044,A15_GroupDiverse-Gap_B3000,R1,1385197443,1991832991,167,Det/images/normal_train/00272258.png,0,00,easy_clean,6.74205e-05,1.0,0.0005533986,normal_replay,GroupDiverse-Gap
RUN_131,TRIAD_044,A15_GroupDiverse-Gap_B3000,R1,1385197443,1991832991,168,Det/images/normal_train/00589865.png,0,03,easy_clean,0.0025779542,1.0,0.0032638904,normal_replay,GroupDiverse-Gap
RUN_131,TRIAD_044,A15_GroupDiverse-Gap_B3000,R1,1385197443,1991832991,169,Det/images/normal_train/00922744.png,0,02,easy_clean,0.0072352587,1.0,0.0108069445,normal_replay,GroupDiverse-Gap
RUN_131,TRIAD_044,A15_GroupDiverse-Gap_B3000,R1,1385197443,1991832991,170,Det/images/normal_train/01244178.png,0,04,easy_clean,0.0013105628,1.0,0.0018678848,normal_replay,GroupDiverse-Gap
RUN_131,TRIAD_044,A15_GroupDiverse-Gap_B3000,R1,1385197443,1991832991,171,Det/images/normal_train/00415782.png,0,04,ordinary,0.1535710475,1.0,0.0919597978,normal_replay,GroupDiverse-Gap
RUN_131,TRIAD_044,A15_GroupDiverse-Gap_B3000,R1,1385197443,1991832991,172,Det/images/normal_train/00476406.png,0,09,learnable_hard,0.077106297,0.995,0.0695270899,normal_replay,GroupDiverse-Gap
RUN_131,TRIAD_044,A15_GroupDiverse-Gap_B3000,R1,1385197443,1991832991,173,Det/images/normal_train/00299822.png,0,01,easy_clean,0.0023526645,1.0,0.0076498158,normal_replay,GroupDiverse-Gap
RUN_131,TRIAD_044,A15_GroupDiverse-Gap_B3000,R1,1385197443,1991832991,174,Det/images/normal_train/00576492.png,0,04,easy_clean,0.0005610473,1.0,0.0009214464,normal_replay,GroupDiverse-Gap
RUN_131,TRIAD_044,A15_GroupDiverse-Gap_B3000,R1,1385197443,1991832991,175,Det/images/normal_train/01086086.png,0,04,learnable_hard,0.0506813033,0.985,0.097743586,normal_replay,GroupDiverse-Gap
RUN_131,TRIAD_044,A15_GroupDiverse-Gap_B3000,R1,1385197443,1991832991,176,Det/images/normal_train/00289681.png,0,07,easy_clean,0.0039903414,1.0,0.005856853,normal_replay,GroupDiverse-Gap
RUN_131,TRIAD_044,A15_GroupDiverse-Gap_B3000,R1,1385197443,1991832991,177,Det/images/normal_train/00540577.png,0,05,easy_clean,0.0100034242,1.0,0.0110793756,normal_replay,GroupDiverse-Gap
RUN_131,TRIAD_044,A15_GroupDiverse-Gap_B3000,R1,1385197443,1991832991,178,Det/images/normal_train/00448573.png,0,04,easy_clean,0.0035511764,1.0,0.0071302927,normal_replay,GroupDiverse-Gap
RUN_131,TRIAD_044,A15_GroupDiverse-Gap_B3000,R1,1385197443,1991832991,179,Det/images/normal_train/01197159.png,0,06,learnable_hard,0.0481717067,0.995,0.0710952718,normal_replay,GroupDiverse-Gap
RUN_131,TRIAD_044,A15_GroupDiverse-Gap_B3000,R1,1385197443,1991832991,180,Det/images/normal_train/00588758.png,0,04,easy_clean,0.0038742515,1.0,0.0055039815,normal_replay,GroupDiverse-Gap
RUN_131,TRIAD_044,A15_GroupDiverse-Gap_B3000,R1,1385197443,1991832991,181,Det/images/normal_train/00606450.png,0,00,ordinary,0.3841271757,0.77,0.261009721,normal_replay,GroupDiverse-Gap
RUN_131,TRIAD_044,A15_GroupDiverse-Gap_B3000,R1,1385197443,1991832991,182,Det/images/normal_train/00929786.png,0,06,learnable_hard,0.0932882343,0.99,0.1035479091,normal_replay,GroupDiverse-Gap
RUN_131,TRIAD_044,A15_GroupDiverse-Gap_B3000,R1,1385197443,1991832991,183,Det/images/normal_train/01200241.png,0,04,easy_clean,0.0302331559,1.0,0.0309576093,normal_replay,GroupDiverse-Gap
RUN_131,TRIAD_044,A15_GroupDiverse-Gap_B3000,R1,1385197443,1991832991,184,Det/images/normal_train/01203829.png,0,05,easy_clean,0.0133935326,1.0,0.0231396715,normal_replay,GroupDiverse-Gap
RUN_131,TRIAD_044,A15_GroupDiverse-Gap_B3000,R1,1385197443,1991832991,185,Det/images/normal_train/00314695.png,0,05,easy_clean,0.0555938931,1.0,0.0501442429,normal_replay,GroupDiverse-Gap
RUN_131,TRIAD_044,A15_GroupDiverse-Gap_B3000,R1,1385197443,1991832991,186,Det/images/normal_train/01173328.png,0,01,easy_clean,0.0066181174,1.0,0.0156334824,normal_replay,GroupDiverse-Gap
RUN_131,TRIAD_044,A15_GroupDiverse-Gap_B3000,R1,1385197443,1991832991,187,Det/images/normal_train/00518468.png,0,09,easy_clean,0.0025296533,1.0,0.0046152564,normal_replay,GroupDiverse-Gap
RUN_131,TRIAD_044,A15_GroupDiverse-Gap_B3000,R1,1385197443,1991832991,188,Det/images/normal_train/00191649.png,0,08,easy_clean,0.0083718586,1.0,0.0193846155,normal_replay,GroupDiverse-Gap
RUN_131,TRIAD_044,A15_GroupDiverse-Gap_B3000,R1,1385197443,1991832991,189,Det/images/normal_train/00518553.png,0,09,ordinary,0.3385328082,0.78,0.2743621482,normal_replay,GroupDiverse-Gap
RUN_131,TRIAD_044,A15_GroupDiverse-Gap_B3000,R1,1385197443,1991832991,190,Det/images/normal_train/00804340.png,0,09,easy_clean,0.005270187,1.0,0.0060574192,normal_replay,GroupDiverse-Gap
RUN_131,TRIAD_044,A15_GroupDiverse-Gap_B3000,R1,1385197443,1991832991,191,Det/images/normal_train/00764547.png,0,08,easy_clean,0.0021438585,1.0,0.0078198288,normal_replay,GroupDiverse-Gap
RUN_131,TRIAD_044,A15_GroupDiverse-Gap_B3000,R1,1385197443,1991832991,192,Det/images/normal_train/01168206.png,0,02,easy_clean,0.0046675023,1.0,0.0081860586,normal_replay,GroupDiverse-Gap
RUN_131,TRIAD_044,A15_GroupDiverse-Gap_B3000,R1,1385197443,1991832991,193,Det/images/normal_train/01176593.png,0,02,easy_clean,0.0132795234,1.0,0.0296853431,normal_replay,GroupDiverse-Gap
RUN_131,TRIAD_044,A15_GroupDiverse-Gap_B3000,R1,1385197443,1991832991,194,Det/images/normal_train/01122496.png,0,07,easy_clean,0.0376341266,1.0,0.0373411394,normal_replay,GroupDiverse-Gap
RUN_131,TRIAD_044,A15_GroupDiverse-Gap_B3000,R1,1385197443,1991832991,195,Det/images/normal_train/01071176.png,0,04,learnable_hard,0.1181849688,0.975,0.1534419632,normal_replay,GroupDiverse-Gap
RUN_131,TRIAD_044,A15_GroupDiverse-Gap_B3000,R1,1385197443,1991832991,196,Det/images/normal_train/01115263.png,0,00,easy_clean,0.0029926944,1.0,0.0035604971,normal_replay,GroupDiverse-Gap
RUN_131,TRIAD_044,A15_GroupDiverse-Gap_B3000,R1,1385197443,1991832991,197,Det/images/normal_train/00834894.png,0,08,learnable_hard,0.0146872078,0.995,0.0625715317,normal_replay,GroupDiverse-Gap
RUN_131,TRIAD_044,A15_GroupDiverse-Gap_B3000,R1,1385197443,1991832991,198,Det/images/normal_train/00266522.png,0,01,easy_clean,0.0194479549,1.0,0.0199918241,normal_replay,GroupDiverse-Gap
RUN_131,TRIAD_044,A15_GroupDiverse-Gap_B3000,R1,1385197443,1991832991,199,Det/images/normal_train/01179347.png,0,07,easy_clean,0.0071852548,1.0,0.0064511579,normal_replay,GroupDiverse-Gap
RUN_131,TRIAD_044,A15_GroupDiverse-Gap_B3000,R1,1385197443,1991832991,200,Det/images/normal_train/00458399.png,0,05,easy_clean,0.031490063,1.0,0.0616203952,normal_replay,GroupDiverse-Gap
RUN_131,TRIAD_044,A15_GroupDiverse-Gap_B3000,R1,1385197443,1991832991,201,Det/images/normal_train/01206591.png,0,05,learnable_hard,0.6774372815,0.225,0.1546488451,normal_replay,GroupDiverse-Gap
RUN_131,TRIAD_044,A15_GroupDiverse-Gap_B3000,R1,1385197443,1991832991,202,Det/images/normal_train/00819064.png,0,07,easy_clean,0.0027204848,1.0,0.003713154,normal_replay,GroupDiverse-Gap
RUN_131,TRIAD_044,A15_GroupDiverse-Gap_B3000,R1,1385197443,1991832991,203,Det/images/normal_train/00917658.png,0,08,unstable_boundary,0.4566075011,0.575,0.1360798984,normal_replay,GroupDiverse-Gap
RUN_131,TRIAD_044,A15_GroupDiverse-Gap_B3000,R1,1385197443,1991832991,204,Det/images/normal_train/00213279.png,0,03,easy_clean,0.0065871171,1.0,0.021140091,normal_replay,GroupDiverse-Gap
RUN_131,TRIAD_044,A15_GroupDiverse-Gap_B3000,R1,1385197443,1991832991,205,Det/images/normal_train/00447920.png,0,05,easy_clean,0.0017668667,1.0,0.0021961424,normal_replay,GroupDiverse-Gap
RUN_131,TRIAD_044,A15_GroupDiverse-Gap_B3000,R1,1385197443,1991832991,206,Det/images/normal_train/01023108.png,0,00,easy_clean,0.0384646463,1.0,0.04001169,normal_replay,GroupDiverse-Gap
RUN_131,TRIAD_044,A15_GroupDiverse-Gap_B3000,R1,1385197443,1991832991,207,Det/images/normal_train/00987439.png,0,05,learnable_hard,0.0433055486,0.995,0.064055318,normal_replay,GroupDiverse-Gap
RUN_131,TRIAD_044,A15_GroupDiverse-Gap_B3000,R1,1385197443,1991832991,208,Det/images/normal_train/00765294.png,0,08,easy_clean,0.0234518218,1.0,0.0464693671,normal_replay,GroupDiverse-Gap
RUN_131,TRIAD_044,A15_GroupDiverse-Gap_B3000,R1,1385197443,1991832991,209,Det/images/normal_train/00285339.png,0,00,easy_clean,0.0091830561,1.0,0.0206677679,normal_replay,GroupDiverse-Gap
RUN_131,TRIAD_044,A15_GroupDiverse-Gap_B3000,R1,1385197443,1991832991,210,Det/images/normal_train/00809748.png,0,05,easy_clean,0.0352913384,1.0,0.0375379895,normal_replay,GroupDiverse-Gap
RUN_131,TRIAD_044,A15_GroupDiverse-Gap_B3000,R1,1385197443,1991832991,211,Det/images/normal_train/00536318.png,0,02,easy_clean,0.0008821966,1.0,0.0021796893,normal_replay,GroupDiverse-Gap
RUN_131,TRIAD_044,A15_GroupDiverse-Gap_B3000,R1,1385197443,1991832991,212,Det/images/normal_train/00960677.png,0,02,easy_clean,0.0158000422,1.0,0.0192199263,normal_replay,GroupDiverse-Gap
RUN_131,TRIAD_044,A15_GroupDiverse-Gap_B3000,R1,1385197443,1991832991,213,Det/images/normal_train/00788433.png,0,03,ordinary,0.0964734458,1.0,0.0790563639,normal_replay,GroupDiverse-Gap
RUN_131,TRIAD_044,A15_GroupDiverse-Gap_B3000,R1,1385197443,1991832991,214,Det/images/normal_train/00973318.png,0,05,easy_clean,0.0052225126,1.0,0.0058891442,normal_replay,GroupDiverse-Gap
RUN_131,TRIAD_044,A15_GroupDiverse-Gap_B3000,R1,1385197443,1991832991,215,Det/images/normal_train/00240263.png,0,07,persistent_hard,0.652462666,0.155,0.1948485834,normal_replay,GroupDiverse-Gap
RUN_131,TRIAD_044,A15_GroupDiverse-Gap_B3000,R1,1385197443,1991832991,216,Det/images/normal_train/00576962.png,0,04,easy_clean,0.0002172671,1.0,0.0003476553,normal_replay,GroupDiverse-Gap
RUN_131,TRIAD_044,A15_GroupDiverse-Gap_B3000,R1,1385197443,1991832991,217,Det/images/normal_train/00918771.png,0,01,easy_clean,0.0303000408,1.0,0.0311909675,normal_replay,GroupDiverse-Gap
RUN_131,TRIAD_044,A15_GroupDiverse-Gap_B3000,R1,1385197443,1991832991,218,Det/images/normal_train/00227990.png,0,04,learnable_hard,0.0850982353,0.99,0.0956363831,normal_replay,GroupDiverse-Gap
RUN_131,TRIAD_044,A15_GroupDiverse-Gap_B3000,R1,1385197443,1991832991,219,Det/images/normal_train/00410921.png,0,00,easy_clean,0.0020550159,1.0,0.0029803411,normal_replay,GroupDiverse-Gap
RUN_131,TRIAD_044,A15_GroupDiverse-Gap_B3000,R1,1385197443,1991832991,220,Det/images/normal_train/01223934.png,0,03,easy_clean,0.0727099052,1.0,0.0501826881,normal_replay,GroupDiverse-Gap
RUN_131,TRIAD_044,A15_GroupDiverse-Gap_B3000,R1,1385197443,1991832991,221,Det/images/normal_train/00575076.png,0,00,easy_clean,0.0005029463,1.0,0.0005750479,normal_replay,GroupDiverse-Gap
RUN_131,TRIAD_044,A15_GroupDiverse-Gap_B3000,R1,1385197443,1991832991,222,Det/images/normal_train/01226230.png,0,00,easy_clean,0.005881083,1.0,0.0123461085,normal_replay,GroupDiverse-Gap
RUN_131,TRIAD_044,A15_GroupDiverse-Gap_B3000,R1,1385197443,1991832991,223,Det/images/normal_train/00528537.png,0,04,easy_clean,0.0265114818,1.0,0.0263279337,normal_replay,GroupDiverse-Gap
RUN_131,TRIAD_044,A15_GroupDiverse-Gap_B3000,R1,1385197443,1991832991,224,Det/images/normal_train/01085623.png,0,07,easy_clean,0.0485741172,1.0,0.0364525462,normal_replay,GroupDiverse-Gap
RUN_131,TRIAD_044,A15_GroupDiverse-Gap_B3000,R1,1385197443,1991832991,225,Det/images/normal_train/01293302.png,0,08,easy_clean,0.0547892255,1.0,0.042766371,normal_replay,GroupDiverse-Gap
RUN_131,TRIAD_044,A15_GroupDiverse-Gap_B3000,R1,1385197443,1991832991,226,Det/images/normal_train/00603950.png,0,09,easy_clean,0.0078746314,1.0,0.0155866419,normal_replay,GroupDiverse-Gap
RUN_131,TRIAD_044,A15_GroupDiverse-Gap_B3000,R1,1385197443,1991832991,227,Det/images/normal_train/01196468.png,0,06,easy_clean,0.011691463,1.0,0.0170302991,normal_replay,GroupDiverse-Gap
RUN_131,TRIAD_044,A15_GroupDiverse-Gap_B3000,R1,1385197443,1991832991,228,Det/images/normal_train/00821257.png,0,06,easy_clean,0.0019629376,1.0,0.0028467925,normal_replay,GroupDiverse-Gap
RUN_131,TRIAD_044,A15_GroupDiverse-Gap_B3000,R1,1385197443,1991832991,229,Det/images/normal_train/00352131.png,0,07,learnable_hard,0.6789519642,0.06,0.1196662005,normal_replay,GroupDiverse-Gap
RUN_131,TRIAD_044,A15_GroupDiverse-Gap_B3000,R1,1385197443,1991832991,230,Det/images/normal_train/01202188.png,0,08,easy_clean,0.0164594938,1.0,0.0165505865,normal_replay,GroupDiverse-Gap
RUN_131,TRIAD_044,A15_GroupDiverse-Gap_B3000,R1,1385197443,1991832991,231,Det/images/normal_train/00319576.png,0,04,easy_clean,0.0381058399,1.0,0.033791415,normal_replay,GroupDiverse-Gap
RUN_131,TRIAD_044,A15_GroupDiverse-Gap_B3000,R1,1385197443,1991832991,232,Det/images/normal_train/00736483.png,0,07,easy_clean,0.0090237535,1.0,0.0240388526,normal_replay,GroupDiverse-Gap
RUN_131,TRIAD_044,A15_GroupDiverse-Gap_B3000,R1,1385197443,1991832991,233,Det/images/normal_train/00846984.png,0,01,easy_clean,0.001789587,1.0,0.0023823776,normal_replay,GroupDiverse-Gap
RUN_131,TRIAD_044,A15_GroupDiverse-Gap_B3000,R1,1385197443,1991832991,234,Det/images/normal_train/01168771.png,0,02,learnable_hard,0.2454581975,0.99,0.1234195678,normal_replay,GroupDiverse-Gap
RUN_131,TRIAD_044,A15_GroupDiverse-Gap_B3000,R1,1385197443,1991832991,235,Det/images/normal_train/00923571.png,0,08,learnable_hard,0.3238056963,0.975,0.172892396,normal_replay,GroupDiverse-Gap
RUN_131,TRIAD_044,A15_GroupDiverse-Gap_B3000,R1,1385197443,1991832991,236,Det/images/normal_train/00284896.png,0,01,easy_clean,0.0008824856,1.0,0.0018357957,normal_replay,GroupDiverse-Gap
RUN_131,TRIAD_044,A15_GroupDiverse-Gap_B3000,R1,1385197443,1991832991,237,Det/images/normal_train/00840432.png,0,00,easy_clean,0.0015145519,1.0,0.0029644675,normal_replay,GroupDiverse-Gap
RUN_131,TRIAD_044,A15_GroupDiverse-Gap_B3000,R1,1385197443,1991832991,238,Det/images/normal_train/01123447.png,0,06,easy_clean,0.0013382748,1.0,0.0017534734,normal_replay,GroupDiverse-Gap
RUN_131,TRIAD_044,A15_GroupDiverse-Gap_B3000,R1,1385197443,1991832991,239,Det/images/normal_train/01259990.png,0,06,easy_clean,0.0647184988,1.0,0.0673663141,normal_replay,GroupDiverse-Gap
RUN_131,TRIAD_044,A15_GroupDiverse-Gap_B3000,R1,1385197443,1991832991,240,Det/images/normal_train/01247923.png,0,02,learnable_hard,0.1321892384,0.995,0.0719894344,normal_replay,GroupDiverse-Gap
RUN_131,TRIAD_044,A15_GroupDiverse-Gap_B3000,R1,1385197443,1991832991,241,Det/images/normal_train/00963144.png,0,05,learnable_hard,0.1169931328,0.99,0.0963528059,normal_replay,GroupDiverse-Gap
RUN_131,TRIAD_044,A15_GroupDiverse-Gap_B3000,R1,1385197443,1991832991,242,Det/images/normal_train/01130466.png,0,00,easy_clean,0.0736105181,1.0,0.0437649734,normal_replay,GroupDiverse-Gap
RUN_131,TRIAD_044,A15_GroupDiverse-Gap_B3000,R1,1385197443,1991832991,243,Det/images/normal_train/00908663.png,0,06,easy_clean,0.0115238443,1.0,0.0202906321,normal_replay,GroupDiverse-Gap
RUN_131,TRIAD_044,A15_GroupDiverse-Gap_B3000,R1,1385197443,1991832991,244,Det/images/normal_train/01280801.png,0,03,learnable_hard,0.0263574246,0.995,0.065452978,normal_replay,GroupDiverse-Gap
RUN_131,TRIAD_044,A15_GroupDiverse-Gap_B3000,R1,1385197443,1991832991,245,Det/images/normal_train/00367360.png,0,04,easy_clean,0.0426446287,1.0,0.0372076546,normal_replay,GroupDiverse-Gap
RUN_131,TRIAD_044,A15_GroupDiverse-Gap_B3000,R1,1385197443,1991832991,246,Det/images/normal_train/01111046.png,0,07,easy_clean,0.0603696237,1.0,0.0201521119,normal_replay,GroupDiverse-Gap
RUN_131,TRIAD_044,A15_GroupDiverse-Gap_B3000,R1,1385197443,1991832991,247,Det/images/normal_train/00909721.png,0,00,easy_clean,0.0005309994,1.0,0.0008232597,normal_replay,GroupDiverse-Gap
RUN_131,TRIAD_044,A15_GroupDiverse-Gap_B3000,R1,1385197443,1991832991,248,Det/images/normal_train/00577460.png,0,05,easy_clean,0.0002553548,1.0,0.000752345,normal_replay,GroupDiverse-Gap
RUN_131,TRIAD_044,A15_GroupDiverse-Gap_B3000,R1,1385197443,1991832991,249,Det/images/normal_train/00335623.png,0,07,learnable_hard,0.0392301741,0.99,0.0756814891,normal_replay,GroupDiverse-Gap
RUN_131,TRIAD_044,A15_GroupDiverse-Gap_B3000,R1,1385197443,1991832991,250,Det/images/normal_train/01227674.png,0,08,ordinary,0.1040024011,1.0,0.061351289,normal_replay,GroupDiverse-Gap
RUN_131,TRIAD_044,A15_GroupDiverse-Gap_B3000,R1,1385197443,1991832991,251,Det/images/normal_train/00907280.png,0,02,ordinary,0.2427410995,0.975,0.1163657645,normal_replay,GroupDiverse-Gap
RUN_131,TRIAD_044,A15_GroupDiverse-Gap_B3000,R1,1385197443,1991832991,252,Det/images/normal_train/00477411.png,0,00,learnable_hard,0.0232943985,0.995,0.0576041403,normal_replay,GroupDiverse-Gap
RUN_131,TRIAD_044,A15_GroupDiverse-Gap_B3000,R1,1385197443,1991832991,253,Det/images/normal_train/01238624.png,0,04,easy_clean,0.0031125838,1.0,0.0067395109,normal_replay,GroupDiverse-Gap
RUN_131,TRIAD_044,A15_GroupDiverse-Gap_B3000,R1,1385197443,1991832991,254,Det/images/normal_train/00526089.png,0,01,easy_clean,0.0020952792,1.0,0.0062659337,normal_replay,GroupDiverse-Gap
RUN_131,TRIAD_044,A15_GroupDiverse-Gap_B3000,R1,1385197443,1991832991,255,Det/images/normal_train/00666004.png,0,08,learnable_hard,0.1629414764,0.99,0.1327895727,normal_replay,GroupDiverse-Gap
RUN_131,TRIAD_044,A15_GroupDiverse-Gap_B3000,R1,1385197443,1991832991,256,Det/images/normal_train/00225405.png,0,01,easy_clean,0.010350964,1.0,0.0138371155,normal_replay,GroupDiverse-Gap
RUN_131,TRIAD_044,A15_GroupDiverse-Gap_B3000,R1,1385197443,1991832991,257,Det/images/normal_train/00626330.png,0,05,easy_clean,0.0093212356,1.0,0.0288810416,normal_replay,GroupDiverse-Gap
RUN_131,TRIAD_044,A15_GroupDiverse-Gap_B3000,R1,1385197443,1991832991,258,Det/images/normal_train/00317151.png,0,04,easy_clean,0.0095062276,1.0,0.0111477118,normal_replay,GroupDiverse-Gap
RUN_131,TRIAD_044,A15_GroupDiverse-Gap_B3000,R1,1385197443,1991832991,259,Det/images/normal_train/01169987.png,0,08,learnable_hard,0.08308321,0.99,0.0777232612,normal_replay,GroupDiverse-Gap
RUN_131,TRIAD_044,A15_GroupDiverse-Gap_B3000,R1,1385197443,1991832991,260,Det/images/normal_train/00810030.png,0,09,ordinary,0.1012454341,1.0,0.0793530387,normal_replay,GroupDiverse-Gap
RUN_131,TRIAD_044,A15_GroupDiverse-Gap_B3000,R1,1385197443,1991832991,261,Det/images/normal_train/01232617.png,0,09,easy_clean,0.0603109152,1.0,0.053480608,normal_replay,GroupDiverse-Gap
RUN_131,TRIAD_044,A15_GroupDiverse-Gap_B3000,R1,1385197443,1991832991,262,Det/images/normal_train/00694730.png,0,00,easy_clean,0.0011832218,1.0,0.0043080217,normal_replay,GroupDiverse-Gap
RUN_131,TRIAD_044,A15_GroupDiverse-Gap_B3000,R1,1385197443,1991832991,263,Det/images/normal_train/00478488.png,0,01,easy_clean,0.0042306972,1.0,0.0080384232,normal_replay,GroupDiverse-Gap
RUN_131,TRIAD_044,A15_GroupDiverse-Gap_B3000,R1,1385197443,1991832991,264,Det/images/normal_train/00208004.png,0,01,ordinary,0.1345105854,1.0,0.1048401152,normal_replay,GroupDiverse-Gap
RUN_131,TRIAD_044,A15_GroupDiverse-Gap_B3000,R1,1385197443,1991832991,265,Det/images/normal_train/01229305.png,0,00,easy_clean,0.0267909598,1.0,0.0217374685,normal_replay,GroupDiverse-Gap
RUN_131,TRIAD_044,A15_GroupDiverse-Gap_B3000,R1,1385197443,1991832991,266,Det/images/normal_train/00968197.png,0,09,easy_clean,0.0028967,1.0,0.0132975763,normal_replay,GroupDiverse-Gap
RUN_131,TRIAD_044,A15_GroupDiverse-Gap_B3000,R1,1385197443,1991832991,267,Det/images/normal_train/00394124.png,0,05,easy_clean,0.0151810268,1.0,0.0132002122,normal_replay,GroupDiverse-Gap
RUN_131,TRIAD_044,A15_GroupDiverse-Gap_B3000,R1,1385197443,1991832991,268,Det/images/normal_train/00996492.png,0,04,easy_clean,0.0079550649,1.0,0.0163033968,normal_replay,GroupDiverse-Gap
RUN_131,TRIAD_044,A15_GroupDiverse-Gap_B3000,R1,1385197443,1991832991,269,Det/images/normal_train/00851141.png,0,01,easy_clean,0.0065218659,1.0,0.0085774389,normal_replay,GroupDiverse-Gap
RUN_131,TRIAD_044,A15_GroupDiverse-Gap_B3000,R1,1385197443,1991832991,270,Det/images/normal_train/00300083.png,0,03,easy_clean,0.0290007775,1.0,0.0411751968,normal_replay,GroupDiverse-Gap
RUN_131,TRIAD_044,A15_GroupDiverse-Gap_B3000,R1,1385197443,1991832991,271,Det/images/normal_train/00320109.png,0,01,easy_clean,0.0067663026,1.0,0.0136191068,normal_replay,GroupDiverse-Gap
RUN_131,TRIAD_044,A15_GroupDiverse-Gap_B3000,R1,1385197443,1991832991,272,Det/images/normal_train/01022543.png,0,03,learnable_hard,0.2699619566,0.93,0.1622485374,normal_replay,GroupDiverse-Gap
RUN_131,TRIAD_044,A15_GroupDiverse-Gap_B3000,R1,1385197443,1991832991,273,Det/images/normal_train/00266769.png,0,01,easy_clean,0.0001563532,1.0,0.0006150262,normal_replay,GroupDiverse-Gap
RUN_131,TRIAD_044,A15_GroupDiverse-Gap_B3000,R1,1385197443,1991832991,274,Det/images/normal_train/00859499.png,0,08,easy_clean,0.0015581149,1.0,0.0024821914,normal_replay,GroupDiverse-Gap
RUN_131,TRIAD_044,A15_GroupDiverse-Gap_B3000,R1,1385197443,1991832991,275,Det/images/normal_train/00608271.png,0,06,easy_clean,0.0059559196,1.0,0.0087972438,normal_replay,GroupDiverse-Gap
RUN_131,TRIAD_044,A15_GroupDiverse-Gap_B3000,R1,1385197443,1991832991,276,Det/images/normal_train/00463474.png,0,09,easy_clean,0.00103736,1.0,0.0016036131,normal_replay,GroupDiverse-Gap
RUN_131,TRIAD_044,A15_GroupDiverse-Gap_B3000,R1,1385197443,1991832991,277,Det/images/normal_train/01005133.png,0,09,easy_clean,0.0060994693,1.0,0.0054116525,normal_replay,GroupDiverse-Gap
RUN_131,TRIAD_044,A15_GroupDiverse-Gap_B3000,R1,1385197443,1991832991,278,Det/images/normal_train/00252852.png,0,08,easy_clean,0.0039972966,1.0,0.0100535669,normal_replay,GroupDiverse-Gap
RUN_131,TRIAD_044,A15_GroupDiverse-Gap_B3000,R1,1385197443,1991832991,279,Det/images/normal_train/00967331.png,0,04,easy_clean,0.0076611047,1.0,0.0175355129,normal_replay,GroupDiverse-Gap
RUN_131,TRIAD_044,A15_GroupDiverse-Gap_B3000,R1,1385197443,1991832991,280,Det/images/normal_train/00364779.png,0,08,easy_clean,0.0007084702,1.0,0.0013458769,normal_replay,GroupDiverse-Gap
RUN_131,TRIAD_044,A15_GroupDiverse-Gap_B3000,R1,1385197443,1991832991,281,Det/images/normal_train/01013136.png,0,01,easy_clean,0.0031012686,1.0,0.0058177004,normal_replay,GroupDiverse-Gap
RUN_131,TRIAD_044,A15_GroupDiverse-Gap_B3000,R1,1385197443,1991832991,282,Det/images/normal_train/00694736.png,0,00,easy_clean,0.0031076085,1.0,0.0213715815,normal_replay,GroupDiverse-Gap
RUN_131,TRIAD_044,A15_GroupDiverse-Gap_B3000,R1,1385197443,1991832991,283,Det/images/normal_train/01261232.png,0,00,easy_clean,0.0640948237,1.0,0.0350596329,normal_replay,GroupDiverse-Gap
RUN_131,TRIAD_044,A15_GroupDiverse-Gap_B3000,R1,1385197443,1991832991,284,Det/images/normal_train/00879178.png,0,09,learnable_hard,0.1280299959,0.985,0.114393125,normal_replay,GroupDiverse-Gap
RUN_131,TRIAD_044,A15_GroupDiverse-Gap_B3000,R1,1385197443,1991832991,285,Det/images/normal_train/00897706.png,0,00,easy_clean,0.0121721349,1.0,0.0306850359,normal_replay,GroupDiverse-Gap
RUN_131,TRIAD_044,A15_GroupDiverse-Gap_B3000,R1,1385197443,1991832991,286,Det/images/normal_train/01230092.png,0,01,learnable_hard,0.5975349216,0.165,0.1677509511,normal_replay,GroupDiverse-Gap
RUN_131,TRIAD_044,A15_GroupDiverse-Gap_B3000,R1,1385197443,1991832991,287,Det/images/normal_train/00258330.png,0,02,easy_clean,0.0021322546,1.0,0.002680226,normal_replay,GroupDiverse-Gap
RUN_131,TRIAD_044,A15_GroupDiverse-Gap_B3000,R1,1385197443,1991832991,288,Det/images/normal_train/00767092.png,0,03,easy_clean,0.0341758243,1.0,0.0600653312,normal_replay,GroupDiverse-Gap
RUN_131,TRIAD_044,A15_GroupDiverse-Gap_B3000,R1,1385197443,1991832991,289,Det/images/normal_train/00318279.png,0,01,easy_clean,0.0282395628,1.0,0.0346814696,normal_replay,GroupDiverse-Gap
RUN_131,TRIAD_044,A15_GroupDiverse-Gap_B3000,R1,1385197443,1991832991,290,Det/images/normal_train/00410915.png,0,00,easy_clean,0.0034306072,1.0,0.0052178205,normal_replay,GroupDiverse-Gap
RUN_131,TRIAD_044,A15_GroupDiverse-Gap_B3000,R1,1385197443,1991832991,291,Det/images/normal_train/01285204.png,0,08,easy_clean,0.0020544207,1.0,0.0076002786,normal_replay,GroupDiverse-Gap
RUN_131,TRIAD_044,A15_GroupDiverse-Gap_B3000,R1,1385197443,1991832991,292,Det/images/normal_train/00959938.png,0,02,easy_clean,0.0032682175,1.0,0.0059677842,normal_replay,GroupDiverse-Gap
RUN_131,TRIAD_044,A15_GroupDiverse-Gap_B3000,R1,1385197443,1991832991,293,Det/images/normal_train/01141361.png,0,08,easy_clean,0.0060962037,1.0,0.0095389512,normal_replay,GroupDiverse-Gap
RUN_131,TRIAD_044,A15_GroupDiverse-Gap_B3000,R1,1385197443,1991832991,294,Det/images/normal_train/01295263.png,0,04,easy_clean,0.0737319415,1.0,0.0544810971,normal_replay,GroupDiverse-Gap
RUN_131,TRIAD_044,A15_GroupDiverse-Gap_B3000,R1,1385197443,1991832991,295,Det/images/normal_train/00778043.png,0,02,persistent_hard,0.6611046324,0.275,0.2034498366,normal_replay,GroupDiverse-Gap
RUN_131,TRIAD_044,A15_GroupDiverse-Gap_B3000,R1,1385197443,1991832991,296,Det/images/normal_train/00997634.png,0,08,easy_clean,0.0038533278,1.0,0.0046465874,normal_replay,GroupDiverse-Gap
RUN_131,TRIAD_044,A15_GroupDiverse-Gap_B3000,R1,1385197443,1991832991,297,Det/images/normal_train/00245809.png,0,08,easy_clean,0.0029503305,1.0,0.0077122053,normal_replay,GroupDiverse-Gap
RUN_131,TRIAD_044,A15_GroupDiverse-Gap_B3000,R1,1385197443,1991832991,298,Det/images/normal_train/01052814.png,0,01,easy_clean,0.0053555052,1.0,0.0059680125,normal_replay,GroupDiverse-Gap
RUN_131,TRIAD_044,A15_GroupDiverse-Gap_B3000,R1,1385197443,1991832991,299,Det/images/normal_train/01261835.png,0,00,unstable_boundary,0.3817104967,0.895,0.1270265038,normal_replay,GroupDiverse-Gap
RUN_131,TRIAD_044,A15_GroupDiverse-Gap_B3000,R1,1385197443,1991832991,300,Det/images/normal_train/01129263.png,0,09,easy_clean,0.0085306577,1.0,0.0130757103,normal_replay,GroupDiverse-Gap
RUN_131,TRIAD_044,A15_GroupDiverse-Gap_B3000,R1,1385197443,1991832991,301,Det/images/normal_train/00478619.png,0,01,easy_clean,0.0087570992,1.0,0.0269117516,normal_replay,GroupDiverse-Gap
RUN_131,TRIAD_044,A15_GroupDiverse-Gap_B3000,R1,1385197443,1991832991,302,Det/images/normal_train/01272050.png,0,00,easy_clean,0.0043680502,1.0,0.0113905704,normal_replay,GroupDiverse-Gap
RUN_131,TRIAD_044,A15_GroupDiverse-Gap_B3000,R1,1385197443,1991832991,303,Det/images/normal_train/00523595.png,0,00,easy_clean,0.0018644605,1.0,0.0045040201,normal_replay,GroupDiverse-Gap
RUN_131,TRIAD_044,A15_GroupDiverse-Gap_B3000,R1,1385197443,1991832991,304,Det/images/normal_train/00963620.png,0,05,ordinary,0.2248382795,1.0,0.0967594525,normal_replay,GroupDiverse-Gap
RUN_131,TRIAD_044,A15_GroupDiverse-Gap_B3000,R1,1385197443,1991832991,305,Det/images/normal_train/00260381.png,0,09,easy_clean,0.0117756762,1.0,0.0172543231,normal_replay,GroupDiverse-Gap
RUN_131,TRIAD_044,A15_GroupDiverse-Gap_B3000,R1,1385197443,1991832991,306,Det/images/normal_train/00578017.png,0,03,easy_clean,0.0013259614,1.0,0.0018549615,normal_replay,GroupDiverse-Gap
RUN_131,TRIAD_044,A15_GroupDiverse-Gap_B3000,R1,1385197443,1991832991,307,Det/images/normal_train/00536566.png,0,02,easy_clean,0.0003954939,1.0,0.0005801008,normal_replay,GroupDiverse-Gap
RUN_131,TRIAD_044,A15_GroupDiverse-Gap_B3000,R1,1385197443,1991832991,308,Det/images/normal_train/00425731.png,0,02,learnable_hard,0.1659259982,0.995,0.0961012541,normal_replay,GroupDiverse-Gap
RUN_131,TRIAD_044,A15_GroupDiverse-Gap_B3000,R1,1385197443,1991832991,309,Det/images/normal_train/00587824.png,0,00,ordinary,0.1141348259,1.0,0.0900508565,normal_replay,GroupDiverse-Gap
RUN_131,TRIAD_044,A15_GroupDiverse-Gap_B3000,R1,1385197443,1991832991,310,Det/images/normal_train/01078495.png,0,06,easy_clean,0.0313904218,1.0,0.0294622419,normal_replay,GroupDiverse-Gap
RUN_131,TRIAD_044,A15_GroupDiverse-Gap_B3000,R1,1385197443,1991832991,311,Det/images/normal_train/01295835.png,0,04,learnable_hard,0.8208576066,0.085,0.1757477133,normal_replay,GroupDiverse-Gap
RUN_131,TRIAD_044,A15_GroupDiverse-Gap_B3000,R1,1385197443,1991832991,312,Det/images/normal_train/00984834.png,0,02,easy_clean,0.0171782873,1.0,0.0257236949,normal_replay,GroupDiverse-Gap
RUN_131,TRIAD_044,A15_GroupDiverse-Gap_B3000,R1,1385197443,1991832991,313,Det/images/normal_train/00250745.png,0,09,easy_clean,0.0027006739,1.0,0.0046786331,normal_replay,GroupDiverse-Gap
RUN_131,TRIAD_044,A15_GroupDiverse-Gap_B3000,R1,1385197443,1991832991,314,Det/images/normal_train/01213548.png,0,03,easy_clean,0.0095195196,1.0,0.0278911345,normal_replay,GroupDiverse-Gap
RUN_131,TRIAD_044,A15_GroupDiverse-Gap_B3000,R1,1385197443,1991832991,315,Det/images/normal_train/00452221.png,0,06,easy_clean,0.0422785381,1.0,0.0562136662,normal_replay,GroupDiverse-Gap
RUN_131,TRIAD_044,A15_GroupDiverse-Gap_B3000,R1,1385197443,1991832991,316,Det/images/normal_train/01204730.png,0,09,easy_clean,0.0416192203,1.0,0.0545688265,normal_replay,GroupDiverse-Gap
RUN_131,TRIAD_044,A15_GroupDiverse-Gap_B3000,R1,1385197443,1991832991,317,Det/images/normal_train/00961848.png,0,07,easy_clean,0.0738323326,1.0,0.0678367135,normal_replay,GroupDiverse-Gap
RUN_131,TRIAD_044,A15_GroupDiverse-Gap_B3000,R1,1385197443,1991832991,318,Det/images/normal_train/00603480.png,0,09,learnable_hard,0.7071888351,0.09,0.1144085209,normal_replay,GroupDiverse-Gap
RUN_131,TRIAD_044,A15_GroupDiverse-Gap_B3000,R1,1385197443,1991832991,319,Det/images/normal_train/00204700.png,0,04,easy_clean,0.0114697783,1.0,0.0202080233,normal_replay,GroupDiverse-Gap
RUN_131,TRIAD_044,A15_GroupDiverse-Gap_B3000,R1,1385197443,1991832991,320,Det/images/normal_train/00175283.png,0,06,easy_clean,0.000119784,1.0,0.0001933619,normal_replay,GroupDiverse-Gap
RUN_131,TRIAD_044,A15_GroupDiverse-Gap_B3000,R1,1385197443,1991832991,321,Det/images/normal_train/01035652.png,0,01,easy_clean,0.0030630188,1.0,0.0026182856,normal_replay,GroupDiverse-Gap
RUN_131,TRIAD_044,A15_GroupDiverse-Gap_B3000,R1,1385197443,1991832991,322,Det/images/normal_train/00361622.png,0,00,easy_clean,0.0081688505,1.0,0.0075362529,normal_replay,GroupDiverse-Gap
RUN_131,TRIAD_044,A15_GroupDiverse-Gap_B3000,R1,1385197443,1991832991,323,Det/images/normal_train/00608967.png,0,06,easy_clean,0.0065046508,1.0,0.0048379037,normal_replay,GroupDiverse-Gap
RUN_131,TRIAD_044,A15_GroupDiverse-Gap_B3000,R1,1385197443,1991832991,324,Det/images/normal_train/00546843.png,0,07,ordinary,0.2552430685,0.835,0.308848201,normal_replay,GroupDiverse-Gap
RUN_131,TRIAD_044,A15_GroupDiverse-Gap_B3000,R1,1385197443,1991832991,325,Det/images/normal_train/00523901.png,0,00,easy_clean,0.0011381426,1.0,0.0018755567,normal_replay,GroupDiverse-Gap
RUN_131,TRIAD_044,A15_GroupDiverse-Gap_B3000,R1,1385197443,1991832991,326,Det/images/normal_train/00272798.png,0,00,easy_clean,0.002362717,1.0,0.0029705239,normal_replay,GroupDiverse-Gap
RUN_131,TRIAD_044,A15_GroupDiverse-Gap_B3000,R1,1385197443,1991832991,327,Det/images/normal_train/00498312.png,0,00,easy_clean,0.0144902434,1.0,0.0149079056,normal_replay,GroupDiverse-Gap
RUN_131,TRIAD_044,A15_GroupDiverse-Gap_B3000,R1,1385197443,1991832991,328,Det/images/normal_train/01023789.png,0,00,easy_clean,0.0215885233,1.0,0.0194609771,normal_replay,GroupDiverse-Gap
RUN_131,TRIAD_044,A15_GroupDiverse-Gap_B3000,R1,1385197443,1991832991,329,Det/images/normal_train/00729693.png,0,07,easy_clean,0.0093562095,1.0,0.0235577414,normal_replay,GroupDiverse-Gap
RUN_131,TRIAD_044,A15_GroupDiverse-Gap_B3000,R1,1385197443,1991832991,330,Det/images/normal_train/00444183.png,0,02,easy_clean,0.0086062576,1.0,0.0158930292,normal_replay,GroupDiverse-Gap
RUN_131,TRIAD_044,A15_GroupDiverse-Gap_B3000,R1,1385197443,1991832991,331,Det/images/normal_train/00997391.png,0,08,easy_clean,0.0029203119,1.0,0.0142100438,normal_replay,GroupDiverse-Gap
RUN_131,TRIAD_044,A15_GroupDiverse-Gap_B3000,R1,1385197443,1991832991,332,Det/images/normal_train/01151899.png,0,00,easy_clean,0.0720624073,1.0,0.0652196368,normal_replay,GroupDiverse-Gap
RUN_131,TRIAD_044,A15_GroupDiverse-Gap_B3000,R1,1385197443,1991832991,333,Det/images/normal_train/00405822.png,0,05,easy_clean,0.0627124819,0.995,0.0877058386,normal_replay,GroupDiverse-Gap
RUN_131,TRIAD_044,A15_GroupDiverse-Gap_B3000,R1,1385197443,1991832991,334,Det/images/normal_train/00611716.png,0,01,easy_clean,0.0120458165,1.0,0.0359988595,normal_replay,GroupDiverse-Gap
RUN_131,TRIAD_044,A15_GroupDiverse-Gap_B3000,R1,1385197443,1991832991,335,Det/images/normal_train/00272728.png,0,00,easy_clean,0.0005339909,1.0,0.0008350916,normal_replay,GroupDiverse-Gap
RUN_131,TRIAD_044,A15_GroupDiverse-Gap_B3000,R1,1385197443,1991832991,336,Det/images/normal_train/00635890.png,0,09,easy_clean,0.0074462115,1.0,0.0099934195,normal_replay,GroupDiverse-Gap
RUN_131,TRIAD_044,A15_GroupDiverse-Gap_B3000,R1,1385197443,1991832991,337,Det/images/normal_train/00366335.png,0,02,easy_clean,0.0027546999,1.0,0.0034023233,normal_replay,GroupDiverse-Gap
RUN_131,TRIAD_044,A15_GroupDiverse-Gap_B3000,R1,1385197443,1991832991,338,Det/images/normal_train/01222390.png,0,07,ordinary,0.158223787,0.95,0.1278417753,normal_replay,GroupDiverse-Gap
RUN_131,TRIAD_044,A15_GroupDiverse-Gap_B3000,R1,1385197443,1991832991,339,Det/images/normal_train/01124846.png,0,08,easy_clean,0.0145104612,1.0,0.0289812637,normal_replay,GroupDiverse-Gap
RUN_131,TRIAD_044,A15_GroupDiverse-Gap_B3000,R1,1385197443,1991832991,340,Det/images/normal_train/00823857.png,0,02,easy_clean,0.0003881432,1.0,0.0005851164,normal_replay,GroupDiverse-Gap
RUN_131,TRIAD_044,A15_GroupDiverse-Gap_B3000,R1,1385197443,1991832991,341,Det/images/normal_train/00621462.png,0,07,easy_clean,0.0013443598,1.0,0.0017397815,normal_replay,GroupDiverse-Gap
RUN_131,TRIAD_044,A15_GroupDiverse-Gap_B3000,R1,1385197443,1991832991,342,Det/images/normal_train/00773245.png,0,01,easy_clean,0.00345139,1.0,0.0155184497,normal_replay,GroupDiverse-Gap
RUN_131,TRIAD_044,A15_GroupDiverse-Gap_B3000,R1,1385197443,1991832991,343,Det/images/normal_train/00807489.png,0,08,learnable_hard,0.0909566523,0.985,0.1159651526,normal_replay,GroupDiverse-Gap
RUN_131,TRIAD_044,A15_GroupDiverse-Gap_B3000,R1,1385197443,1991832991,344,Det/images/normal_train/00716902.png,0,08,easy_clean,0.0215722958,1.0,0.0636430173,normal_replay,GroupDiverse-Gap
RUN_131,TRIAD_044,A15_GroupDiverse-Gap_B3000,R1,1385197443,1991832991,345,Det/images/normal_train/00717407.png,0,00,easy_clean,0.0014303161,1.0,0.0049508807,normal_replay,GroupDiverse-Gap
RUN_131,TRIAD_044,A15_GroupDiverse-Gap_B3000,R1,1385197443,1991832991,346,Det/images/normal_train/01057836.png,0,06,easy_clean,0.0270142035,1.0,0.0170490387,normal_replay,GroupDiverse-Gap
RUN_131,TRIAD_044,A15_GroupDiverse-Gap_B3000,R1,1385197443,1991832991,347,Det/images/normal_train/00395158.png,0,05,easy_clean,0.038892651,0.995,0.0630986294,normal_replay,GroupDiverse-Gap
RUN_131,TRIAD_044,A15_GroupDiverse-Gap_B3000,R1,1385197443,1991832991,348,Det/images/normal_train/01039676.png,0,01,easy_clean,0.0175539725,1.0,0.0205417326,normal_replay,GroupDiverse-Gap
RUN_131,TRIAD_044,A15_GroupDiverse-Gap_B3000,R1,1385197443,1991832991,349,Det/images/normal_train/00548898.png,0,00,easy_clean,0.014542548,1.0,0.0168688728,normal_replay,GroupDiverse-Gap
RUN_131,TRIAD_044,A15_GroupDiverse-Gap_B3000,R1,1385197443,1991832991,350,Det/images/normal_train/01006602.png,0,05,learnable_hard,0.0693205039,0.985,0.129111072,normal_replay,GroupDiverse-Gap
RUN_131,TRIAD_044,A15_GroupDiverse-Gap_B3000,R1,1385197443,1991832991,351,Det/images/normal_train/00941904.png,0,00,easy_clean,0.0068662076,1.0,0.0098900286,normal_replay,GroupDiverse-Gap
RUN_131,TRIAD_044,A15_GroupDiverse-Gap_B3000,R1,1385197443,1991832991,352,Det/images/normal_train/01201939.png,0,00,easy_clean,0.0094961906,1.0,0.016292742,normal_replay,GroupDiverse-Gap
RUN_131,TRIAD_044,A15_GroupDiverse-Gap_B3000,R1,1385197443,1991832991,353,Det/images/normal_train/00894909.png,0,05,easy_clean,0.0018242797,1.0,0.002556641,normal_replay,GroupDiverse-Gap
RUN_131,TRIAD_044,A15_GroupDiverse-Gap_B3000,R1,1385197443,1991832991,354,Det/images/normal_train/01281957.png,0,05,learnable_hard,0.0881066959,0.995,0.0793562506,normal_replay,GroupDiverse-Gap
RUN_131,TRIAD_044,A15_GroupDiverse-Gap_B3000,R1,1385197443,1991832991,355,Det/images/normal_train/00973564.png,0,05,easy_clean,0.0043957163,1.0,0.0051953843,normal_replay,GroupDiverse-Gap
RUN_131,TRIAD_044,A15_GroupDiverse-Gap_B3000,R1,1385197443,1991832991,356,Det/images/normal_train/00256414.png,0,03,easy_clean,0.0034697812,1.0,0.0050243192,normal_replay,GroupDiverse-Gap
RUN_131,TRIAD_044,A15_GroupDiverse-Gap_B3000,R1,1385197443,1991832991,357,Det/images/normal_train/00425279.png,0,02,easy_clean,0.0144217211,1.0,0.0107289612,normal_replay,GroupDiverse-Gap
RUN_131,TRIAD_044,A15_GroupDiverse-Gap_B3000,R1,1385197443,1991832991,358,Det/images/normal_train/00969542.png,0,04,easy_clean,0.0224533964,1.0,0.0215701993,normal_replay,GroupDiverse-Gap
RUN_131,TRIAD_044,A15_GroupDiverse-Gap_B3000,R1,1385197443,1991832991,359,Det/images/normal_train/00805659.png,0,07,easy_clean,0.004188257,1.0,0.006180753,normal_replay,GroupDiverse-Gap
RUN_131,TRIAD_044,A15_GroupDiverse-Gap_B3000,R1,1385197443,1991832991,360,Det/images/normal_train/01016685.png,0,04,easy_clean,0.0224803649,0.995,0.0523922391,normal_replay,GroupDiverse-Gap
RUN_131,TRIAD_044,A15_GroupDiverse-Gap_B3000,R1,1385197443,1991832991,361,Det/images/normal_train/01104148.png,0,08,learnable_hard,0.0321289096,0.995,0.0508507547,normal_replay,GroupDiverse-Gap
RUN_131,TRIAD_044,A15_GroupDiverse-Gap_B3000,R1,1385197443,1991832991,362,Det/images/normal_train/01250955.png,0,01,easy_clean,0.0072273971,1.0,0.0094225506,normal_replay,GroupDiverse-Gap
RUN_131,TRIAD_044,A15_GroupDiverse-Gap_B3000,R1,1385197443,1991832991,363,Det/images/normal_train/00313230.png,0,01,easy_clean,0.0060162737,1.0,0.0150054314,normal_replay,GroupDiverse-Gap
RUN_131,TRIAD_044,A15_GroupDiverse-Gap_B3000,R1,1385197443,1991832991,364,Det/images/normal_train/00907921.png,0,02,easy_clean,0.0061239445,1.0,0.0107407952,normal_replay,GroupDiverse-Gap
RUN_131,TRIAD_044,A15_GroupDiverse-Gap_B3000,R1,1385197443,1991832991,365,Det/images/normal_train/01271460.png,0,03,easy_clean,0.0035514184,1.0,0.0124406614,normal_replay,GroupDiverse-Gap
RUN_131,TRIAD_044,A15_GroupDiverse-Gap_B3000,R1,1385197443,1991832991,366,Det/images/normal_train/01188103.png,0,01,easy_clean,0.026937717,1.0,0.0241385936,normal_replay,GroupDiverse-Gap
RUN_131,TRIAD_044,A15_GroupDiverse-Gap_B3000,R1,1385197443,1991832991,367,Det/images/normal_train/01050534.png,0,08,easy_clean,0.0111706273,1.0,0.0116722182,normal_replay,GroupDiverse-Gap
RUN_131,TRIAD_044,A15_GroupDiverse-Gap_B3000,R1,1385197443,1991832991,368,Det/images/normal_train/01091601.png,0,02,easy_clean,0.0135125045,1.0,0.0152594384,normal_replay,GroupDiverse-Gap
RUN_131,TRIAD_044,A15_GroupDiverse-Gap_B3000,R1,1385197443,1991832991,369,Det/images/normal_train/00781072.png,0,02,easy_clean,0.0456733721,1.0,0.0459368474,normal_replay,GroupDiverse-Gap
RUN_131,TRIAD_044,A15_GroupDiverse-Gap_B3000,R1,1385197443,1991832991,370,Det/images/normal_train/00457387.png,0,09,ordinary,0.1069273569,1.0,0.1021916094,normal_replay,GroupDiverse-Gap
RUN_131,TRIAD_044,A15_GroupDiverse-Gap_B3000,R1,1385197443,1991832991,371,Det/images/normal_train/00226827.png,0,08,persistent_hard,0.7099385539,0.045,0.1069009288,normal_replay,GroupDiverse-Gap
RUN_131,TRIAD_044,A15_GroupDiverse-Gap_B3000,R1,1385197443,1991832991,372,Det/images/normal_train/00789353.png,0,09,easy_clean,0.0070813872,1.0,0.0172349365,normal_replay,GroupDiverse-Gap
RUN_131,TRIAD_044,A15_GroupDiverse-Gap_B3000,R1,1385197443,1991832991,373,Det/images/normal_train/01199659.png,0,03,easy_clean,0.0391124243,1.0,0.0535375997,normal_replay,GroupDiverse-Gap
RUN_131,TRIAD_044,A15_GroupDiverse-Gap_B3000,R1,1385197443,1991832991,374,Det/images/normal_train/00654481.png,0,02,easy_clean,0.0028853875,1.0,0.0034023056,normal_replay,GroupDiverse-Gap
RUN_131,TRIAD_044,A15_GroupDiverse-Gap_B3000,R1,1385197443,1991832991,375,Det/images/normal_train/00530621.png,0,01,easy_clean,0.000633245,1.0,0.0014070184,normal_replay,GroupDiverse-Gap
RUN_131,TRIAD_044,A15_GroupDiverse-Gap_B3000,R1,1385197443,1991832991,376,Det/images/normal_train/00966054.png,0,07,easy_clean,0.0038170308,1.0,0.0046294404,normal_replay,GroupDiverse-Gap
RUN_131,TRIAD_044,A15_GroupDiverse-Gap_B3000,R1,1385197443,1991832991,377,Det/images/normal_train/01260757.png,0,05,easy_clean,0.0132015984,1.0,0.0080437379,normal_replay,GroupDiverse-Gap
RUN_131,TRIAD_044,A15_GroupDiverse-Gap_B3000,R1,1385197443,1991832991,378,Det/images/normal_train/01029792.png,0,09,easy_clean,0.0102784276,1.0,0.0099941286,normal_replay,GroupDiverse-Gap
RUN_131,TRIAD_044,A15_GroupDiverse-Gap_B3000,R1,1385197443,1991832991,379,Det/images/normal_train/01292605.png,0,07,easy_clean,0.0483343743,1.0,0.0580468736,normal_replay,GroupDiverse-Gap
RUN_131,TRIAD_044,A15_GroupDiverse-Gap_B3000,R1,1385197443,1991832991,380,Det/images/normal_train/00888281.png,0,08,easy_clean,0.0012591554,1.0,0.0060199853,normal_replay,GroupDiverse-Gap
RUN_131,TRIAD_044,A15_GroupDiverse-Gap_B3000,R1,1385197443,1991832991,381,Det/images/normal_train/01235039.png,0,01,learnable_hard,0.1918770937,0.98,0.1301587681,normal_replay,GroupDiverse-Gap
RUN_131,TRIAD_044,A15_GroupDiverse-Gap_B3000,R1,1385197443,1991832991,382,Det/images/normal_train/00344808.png,0,00,easy_clean,0.0053885275,1.0,0.0054656727,normal_replay,GroupDiverse-Gap
RUN_131,TRIAD_044,A15_GroupDiverse-Gap_B3000,R1,1385197443,1991832991,383,Det/images/normal_train/00483409.png,0,06,easy_clean,0.0015551885,1.0,0.0033864711,normal_replay,GroupDiverse-Gap
RUN_131,TRIAD_044,A15_GroupDiverse-Gap_B3000,R1,1385197443,1991832991,384,Det/images/normal_train/00193871.png,0,06,easy_clean,0.0116808447,1.0,0.0109116416,normal_replay,GroupDiverse-Gap
RUN_131,TRIAD_044,A15_GroupDiverse-Gap_B3000,R1,1385197443,1991832991,385,Det/images/normal_train/00240708.png,0,07,easy_clean,0.0108307262,1.0,0.0262473775,normal_replay,GroupDiverse-Gap
RUN_131,TRIAD_044,A15_GroupDiverse-Gap_B3000,R1,1385197443,1991832991,386,Det/images/normal_train/00211948.png,0,06,easy_clean,0.0027543564,1.0,0.005512627,normal_replay,GroupDiverse-Gap
RUN_131,TRIAD_044,A15_GroupDiverse-Gap_B3000,R1,1385197443,1991832991,387,Det/images/normal_train/00508515.png,0,03,easy_clean,0.0021483178,1.0,0.0034650056,normal_replay,GroupDiverse-Gap
RUN_131,TRIAD_044,A15_GroupDiverse-Gap_B3000,R1,1385197443,1991832991,388,Det/images/normal_train/00776070.png,0,06,easy_clean,0.0045010396,1.0,0.0231775502,normal_replay,GroupDiverse-Gap
RUN_131,TRIAD_044,A15_GroupDiverse-Gap_B3000,R1,1385197443,1991832991,389,Det/images/normal_train/01071729.png,0,04,easy_clean,0.0543034314,1.0,0.0452660739,normal_replay,GroupDiverse-Gap
RUN_131,TRIAD_044,A15_GroupDiverse-Gap_B3000,R1,1385197443,1991832991,390,Det/images/normal_train/00843978.png,0,06,easy_clean,0.000799754,1.0,0.0010222609,normal_replay,GroupDiverse-Gap
RUN_131,TRIAD_044,A15_GroupDiverse-Gap_B3000,R1,1385197443,1991832991,391,Det/images/normal_train/00993409.png,0,04,easy_clean,0.0024953377,1.0,0.005820653,normal_replay,GroupDiverse-Gap
RUN_131,TRIAD_044,A15_GroupDiverse-Gap_B3000,R1,1385197443,1991832991,392,Det/images/normal_train/00607486.png,0,09,easy_clean,0.0226776202,1.0,0.0319722944,normal_replay,GroupDiverse-Gap
RUN_131,TRIAD_044,A15_GroupDiverse-Gap_B3000,R1,1385197443,1991832991,393,Det/images/normal_train/01250840.png,0,01,easy_clean,0.0334039985,1.0,0.051781975,normal_replay,GroupDiverse-Gap
RUN_131,TRIAD_044,A15_GroupDiverse-Gap_B3000,R1,1385197443,1991832991,394,Det/images/normal_train/00795480.png,0,01,easy_clean,0.0002229273,1.0,0.0004720207,normal_replay,GroupDiverse-Gap
RUN_131,TRIAD_044,A15_GroupDiverse-Gap_B3000,R1,1385197443,1991832991,395,Det/images/normal_train/00707135.png,0,07,learnable_hard,0.2072005101,0.995,0.1234904339,normal_replay,GroupDiverse-Gap
RUN_131,TRIAD_044,A15_GroupDiverse-Gap_B3000,R1,1385197443,1991832991,396,Det/images/normal_train/01183748.png,0,04,easy_clean,0.0082813238,1.0,0.0098369339,normal_replay,GroupDiverse-Gap
RUN_131,TRIAD_044,A15_GroupDiverse-Gap_B3000,R1,1385197443,1991832991,397,Det/images/normal_train/00924666.png,0,07,easy_clean,0.0054152326,1.0,0.0113197861,normal_replay,GroupDiverse-Gap
RUN_131,TRIAD_044,A15_GroupDiverse-Gap_B3000,R1,1385197443,1991832991,398,Det/images/normal_train/00517397.png,0,08,easy_clean,0.0086257619,1.0,0.0124672773,normal_replay,GroupDiverse-Gap
RUN_131,TRIAD_044,A15_GroupDiverse-Gap_B3000,R1,1385197443,1991832991,399,Det/images/normal_train/01142398.png,0,07,easy_clean,0.0124087507,1.0,0.0147159643,normal_replay,GroupDiverse-Gap
RUN_131,TRIAD_044,A15_GroupDiverse-Gap_B3000,R1,1385197443,1991832991,400,Det/images/normal_train/00307384.png,0,08,easy_clean,0.0248600616,1.0,0.0316116795,normal_replay,GroupDiverse-Gap
RUN_131,TRIAD_044,A15_GroupDiverse-Gap_B3000,R1,1385197443,1991832991,401,Det/images/normal_train/01170074.png,0,09,learnable_hard,0.094798224,0.98,0.0966990674,normal_replay,GroupDiverse-Gap
RUN_131,TRIAD_044,A15_GroupDiverse-Gap_B3000,R1,1385197443,1991832991,402,Det/images/normal_train/00656080.png,0,08,easy_clean,0.0132569729,1.0,0.0210457359,normal_replay,GroupDiverse-Gap
RUN_131,TRIAD_044,A15_GroupDiverse-Gap_B3000,R1,1385197443,1991832991,403,Det/images/normal_train/01147301.png,0,07,easy_clean,0.0890873085,1.0,0.0815206387,normal_replay,GroupDiverse-Gap
RUN_131,TRIAD_044,A15_GroupDiverse-Gap_B3000,R1,1385197443,1991832991,404,Det/images/normal_train/00615185.png,0,01,easy_clean,0.0031737922,1.0,0.0041082076,normal_replay,GroupDiverse-Gap
RUN_131,TRIAD_044,A15_GroupDiverse-Gap_B3000,R1,1385197443,1991832991,405,Det/images/normal_train/01275991.png,0,06,easy_clean,0.01856655,1.0,0.0197184011,normal_replay,GroupDiverse-Gap
RUN_131,TRIAD_044,A15_GroupDiverse-Gap_B3000,R1,1385197443,1991832991,406,Det/images/normal_train/00844353.png,0,00,easy_clean,0.0024509174,1.0,0.0029843635,normal_replay,GroupDiverse-Gap
RUN_131,TRIAD_044,A15_GroupDiverse-Gap_B3000,R1,1385197443,1991832991,407,Det/images/normal_train/01124990.png,0,08,easy_clean,0.0045551306,1.0,0.0108229321,normal_replay,GroupDiverse-Gap
RUN_131,TRIAD_044,A15_GroupDiverse-Gap_B3000,R1,1385197443,1991832991,408,Det/images/normal_train/00493589.png,0,03,easy_clean,0.020158623,1.0,0.056394235,normal_replay,GroupDiverse-Gap
RUN_131,TRIAD_044,A15_GroupDiverse-Gap_B3000,R1,1385197443,1991832991,409,Det/images/normal_train/01087875.png,0,08,easy_clean,0.0147056654,1.0,0.02231891,normal_replay,GroupDiverse-Gap
RUN_131,TRIAD_044,A15_GroupDiverse-Gap_B3000,R1,1385197443,1991832991,410,Det/images/normal_train/01102977.png,0,08,ordinary,0.177509629,0.955,0.1317905737,normal_replay,GroupDiverse-Gap
RUN_131,TRIAD_044,A15_GroupDiverse-Gap_B3000,R1,1385197443,1991832991,411,Det/images/normal_train/01053930.png,0,05,easy_clean,0.0140366273,1.0,0.0126156121,normal_replay,GroupDiverse-Gap
RUN_131,TRIAD_044,A15_GroupDiverse-Gap_B3000,R1,1385197443,1991832991,412,Det/images/normal_train/00853048.png,0,00,easy_clean,0.0003975924,1.0,0.0006482646,normal_replay,GroupDiverse-Gap
RUN_131,TRIAD_044,A15_GroupDiverse-Gap_B3000,R1,1385197443,1991832991,413,Det/images/normal_train/01120543.png,0,06,learnable_hard,0.1357373873,0.97,0.1346544175,normal_replay,GroupDiverse-Gap
RUN_131,TRIAD_044,A15_GroupDiverse-Gap_B3000,R1,1385197443,1991832991,414,Det/images/normal_train/00694775.png,0,00,easy_clean,0.0567593951,0.99,0.1062770664,normal_replay,GroupDiverse-Gap
RUN_131,TRIAD_044,A15_GroupDiverse-Gap_B3000,R1,1385197443,1991832991,415,Det/images/normal_train/00326889.png,0,09,easy_clean,0.0115027378,1.0,0.0160619601,normal_replay,GroupDiverse-Gap
RUN_131,TRIAD_044,A15_GroupDiverse-Gap_B3000,R1,1385197443,1991832991,416,Det/images/normal_train/00269195.png,0,03,persistent_hard,0.7126915175,0.125,0.1659249339,normal_replay,GroupDiverse-Gap
RUN_131,TRIAD_044,A15_GroupDiverse-Gap_B3000,R1,1385197443,1991832991,417,Det/images/normal_train/00403545.png,0,03,learnable_hard,0.4464003645,0.45,0.2673195009,normal_replay,GroupDiverse-Gap
RUN_131,TRIAD_044,A15_GroupDiverse-Gap_B3000,R1,1385197443,1991832991,418,Det/images/normal_train/00624245.png,0,08,persistent_hard,0.5737831543,0.345,0.1756523097,normal_replay,GroupDiverse-Gap
RUN_131,TRIAD_044,A15_GroupDiverse-Gap_B3000,R1,1385197443,1991832991,419,Det/images/normal_train/01284957.png,0,00,easy_clean,0.0150530384,1.0,0.0231888615,normal_replay,GroupDiverse-Gap
RUN_131,TRIAD_044,A15_GroupDiverse-Gap_B3000,R1,1385197443,1991832991,420,Det/images/normal_train/00550728.png,0,08,easy_clean,0.0134616296,1.0,0.0317524266,normal_replay,GroupDiverse-Gap
RUN_131,TRIAD_044,A15_GroupDiverse-Gap_B3000,R1,1385197443,1991832991,421,Det/images/normal_train/00365490.png,0,00,learnable_hard,0.1718941176,0.97,0.1507354984,normal_replay,GroupDiverse-Gap
RUN_131,TRIAD_044,A15_GroupDiverse-Gap_B3000,R1,1385197443,1991832991,422,Det/images/normal_train/00980230.png,0,01,easy_clean,0.0871049419,1.0,0.0822350606,normal_replay,GroupDiverse-Gap
RUN_131,TRIAD_044,A15_GroupDiverse-Gap_B3000,R1,1385197443,1991832991,423,Det/images/normal_train/00812617.png,0,00,easy_clean,0.0047149966,1.0,0.0038615522,normal_replay,GroupDiverse-Gap
RUN_131,TRIAD_044,A15_GroupDiverse-Gap_B3000,R1,1385197443,1991832991,424,Det/images/normal_train/00246524.png,0,08,easy_clean,0.0041544133,1.0,0.0133830526,normal_replay,GroupDiverse-Gap
RUN_131,TRIAD_044,A15_GroupDiverse-Gap_B3000,R1,1385197443,1991832991,425,Det/images/normal_train/00778415.png,0,02,easy_clean,0.0021552511,1.0,0.0097786475,normal_replay,GroupDiverse-Gap
RUN_131,TRIAD_044,A15_GroupDiverse-Gap_B3000,R1,1385197443,1991832991,426,Det/images/normal_train/00227916.png,0,04,easy_clean,0.0080361797,1.0,0.015173124,normal_replay,GroupDiverse-Gap
RUN_131,TRIAD_044,A15_GroupDiverse-Gap_B3000,R1,1385197443,1991832991,427,Det/images/normal_train/00495403.png,0,08,easy_clean,0.0299719702,1.0,0.04225788,normal_replay,GroupDiverse-Gap
RUN_131,TRIAD_044,A15_GroupDiverse-Gap_B3000,R1,1385197443,1991832991,428,Det/images/normal_train/00621160.png,0,07,easy_clean,0.0445369891,1.0,0.0558900401,normal_replay,GroupDiverse-Gap
RUN_131,TRIAD_044,A15_GroupDiverse-Gap_B3000,R1,1385197443,1991832991,429,Det/images/normal_train/00520561.png,0,06,easy_clean,0.0003914794,1.0,0.0005675868,normal_replay,GroupDiverse-Gap
RUN_131,TRIAD_044,A15_GroupDiverse-Gap_B3000,R1,1385197443,1991832991,430,Det/images/normal_train/00809044.png,0,05,easy_clean,0.0060813315,1.0,0.0155116956,normal_replay,GroupDiverse-Gap
RUN_131,TRIAD_044,A15_GroupDiverse-Gap_B3000,R1,1385197443,1991832991,431,Det/images/normal_train/01000227.png,0,04,learnable_hard,0.1206160763,0.975,0.1557989044,normal_replay,GroupDiverse-Gap
RUN_131,TRIAD_044,A15_GroupDiverse-Gap_B3000,R1,1385197443,1991832991,432,Det/images/normal_train/00590531.png,0,04,easy_clean,0.0015622349,1.0,0.0032803088,normal_replay,GroupDiverse-Gap
RUN_131,TRIAD_044,A15_GroupDiverse-Gap_B3000,R1,1385197443,1991832991,433,Det/images/normal_train/00260555.png,0,09,easy_clean,0.0006024081,1.0,0.0008641454,normal_replay,GroupDiverse-Gap
RUN_131,TRIAD_044,A15_GroupDiverse-Gap_B3000,R1,1385197443,1991832991,434,Det/images/normal_train/00284081.png,0,01,easy_clean,0.08059108,1.0,0.0586597784,normal_replay,GroupDiverse-Gap
RUN_131,TRIAD_044,A15_GroupDiverse-Gap_B3000,R1,1385197443,1991832991,435,Det/images/normal_train/00558719.png,0,06,easy_clean,0.0037521375,1.0,0.0069529663,normal_replay,GroupDiverse-Gap
RUN_131,TRIAD_044,A15_GroupDiverse-Gap_B3000,R1,1385197443,1991832991,436,Det/images/normal_train/00382527.png,0,00,ordinary,0.1044533934,1.0,0.0471586591,normal_replay,GroupDiverse-Gap
RUN_131,TRIAD_044,A15_GroupDiverse-Gap_B3000,R1,1385197443,1991832991,437,Det/images/normal_train/01015064.png,0,03,easy_clean,0.0349501995,1.0,0.0232504836,normal_replay,GroupDiverse-Gap
RUN_131,TRIAD_044,A15_GroupDiverse-Gap_B3000,R1,1385197443,1991832991,438,Det/images/normal_train/00814668.png,0,02,easy_clean,0.0055408922,1.0,0.0070069932,normal_replay,GroupDiverse-Gap
RUN_131,TRIAD_044,A15_GroupDiverse-Gap_B3000,R1,1385197443,1991832991,439,Det/images/normal_train/00394962.png,0,05,easy_clean,0.076600424,1.0,0.0488239725,normal_replay,GroupDiverse-Gap
RUN_131,TRIAD_044,A15_GroupDiverse-Gap_B3000,R1,1385197443,1991832991,440,Det/images/normal_train/00940192.png,0,08,easy_clean,0.0686671412,1.0,0.0358938805,normal_replay,GroupDiverse-Gap
RUN_131,TRIAD_044,A15_GroupDiverse-Gap_B3000,R1,1385197443,1991832991,441,Det/images/normal_train/00841174.png,0,04,learnable_hard,0.0187609188,0.995,0.0547023863,normal_replay,GroupDiverse-Gap
RUN_131,TRIAD_044,A15_GroupDiverse-Gap_B3000,R1,1385197443,1991832991,442,Det/images/normal_train/00768996.png,0,08,easy_clean,0.0071725185,1.0,0.0148312782,normal_replay,GroupDiverse-Gap
RUN_131,TRIAD_044,A15_GroupDiverse-Gap_B3000,R1,1385197443,1991832991,443,Det/images/normal_train/00965872.png,0,03,easy_clean,0.0130556775,0.995,0.0548374405,normal_replay,GroupDiverse-Gap
RUN_131,TRIAD_044,A15_GroupDiverse-Gap_B3000,R1,1385197443,1991832991,444,Det/images/normal_train/00668461.png,0,04,easy_clean,0.0009828232,1.0,0.0078308108,normal_replay,GroupDiverse-Gap
RUN_131,TRIAD_044,A15_GroupDiverse-Gap_B3000,R1,1385197443,1991832991,445,Det/images/normal_train/00637010.png,0,05,easy_clean,0.0648550906,1.0,0.0721479033,normal_replay,GroupDiverse-Gap
RUN_131,TRIAD_044,A15_GroupDiverse-Gap_B3000,R1,1385197443,1991832991,446,Det/images/normal_train/00476324.png,0,09,learnable_hard,0.0989988376,0.97,0.1459253886,normal_replay,GroupDiverse-Gap
RUN_131,TRIAD_044,A15_GroupDiverse-Gap_B3000,R1,1385197443,1991832991,447,Det/images/normal_train/00533321.png,0,02,easy_clean,0.0003203506,1.0,0.0008534259,normal_replay,GroupDiverse-Gap
RUN_131,TRIAD_044,A15_GroupDiverse-Gap_B3000,R1,1385197443,1991832991,448,Det/images/normal_train/00798250.png,0,03,easy_clean,0.0211369993,1.0,0.0221622591,normal_replay,GroupDiverse-Gap
RUN_131,TRIAD_044,A15_GroupDiverse-Gap_B3000,R1,1385197443,1991832991,449,Det/images/normal_train/01094459.png,0,05,easy_clean,0.0460260293,1.0,0.0465553198,normal_replay,GroupDiverse-Gap
RUN_131,TRIAD_044,A15_GroupDiverse-Gap_B3000,R1,1385197443,1991832991,450,Det/images/normal_train/00792331.png,0,03,easy_clean,0.0045287837,1.0,0.0102620782,normal_replay,GroupDiverse-Gap
RUN_131,TRIAD_044,A15_GroupDiverse-Gap_B3000,R1,1385197443,1991832991,451,Det/images/normal_train/00315694.png,0,03,easy_clean,0.0159397962,1.0,0.0236927616,normal_replay,GroupDiverse-Gap
RUN_131,TRIAD_044,A15_GroupDiverse-Gap_B3000,R1,1385197443,1991832991,452,Det/images/normal_train/01012587.png,0,00,ordinary,0.1376040534,1.0,0.1150405849,normal_replay,GroupDiverse-Gap
RUN_131,TRIAD_044,A15_GroupDiverse-Gap_B3000,R1,1385197443,1991832991,453,Det/images/normal_train/01211042.png,0,04,learnable_hard,0.3933052601,0.645,0.1660980612,normal_replay,GroupDiverse-Gap
RUN_131,TRIAD_044,A15_GroupDiverse-Gap_B3000,R1,1385197443,1991832991,454,Det/images/normal_train/00649621.png,0,09,learnable_hard,0.0464235622,0.995,0.042915323,normal_replay,GroupDiverse-Gap
RUN_131,TRIAD_044,A15_GroupDiverse-Gap_B3000,R1,1385197443,1991832991,455,Det/images/normal_train/00261032.png,0,00,easy_clean,0.0012205778,1.0,0.0030076016,normal_replay,GroupDiverse-Gap
RUN_131,TRIAD_044,A15_GroupDiverse-Gap_B3000,R1,1385197443,1991832991,456,Det/images/normal_train/00594513.png,0,06,easy_clean,0.0019648728,1.0,0.0075075946,normal_replay,GroupDiverse-Gap
RUN_131,TRIAD_044,A15_GroupDiverse-Gap_B3000,R1,1385197443,1991832991,457,Det/images/normal_train/00775751.png,0,09,easy_clean,0.0009300466,1.0,0.0014615917,normal_replay,GroupDiverse-Gap
RUN_131,TRIAD_044,A15_GroupDiverse-Gap_B3000,R1,1385197443,1991832991,458,Det/images/normal_train/00961252.png,0,07,learnable_hard,0.2070836156,0.99,0.1360615396,normal_replay,GroupDiverse-Gap
RUN_131,TRIAD_044,A15_GroupDiverse-Gap_B3000,R1,1385197443,1991832991,459,Det/images/normal_train/00965384.png,0,03,easy_clean,0.0446772278,1.0,0.0212799547,normal_replay,GroupDiverse-Gap
RUN_131,TRIAD_044,A15_GroupDiverse-Gap_B3000,R1,1385197443,1991832991,460,Det/images/normal_train/00605204.png,0,01,easy_clean,0.0121714493,1.0,0.0195092837,normal_replay,GroupDiverse-Gap
RUN_131,TRIAD_044,A15_GroupDiverse-Gap_B3000,R1,1385197443,1991832991,461,Det/images/normal_train/00603231.png,0,09,easy_clean,0.0016898262,1.0,0.0027342368,normal_replay,GroupDiverse-Gap
RUN_131,TRIAD_044,A15_GroupDiverse-Gap_B3000,R1,1385197443,1991832991,462,Det/images/normal_train/00970247.png,0,05,easy_clean,0.0101183806,1.0,0.0169142616,normal_replay,GroupDiverse-Gap
RUN_131,TRIAD_044,A15_GroupDiverse-Gap_B3000,R1,1385197443,1991832991,463,Det/images/normal_train/00296638.png,0,01,easy_clean,0.0227282994,1.0,0.0239397959,normal_replay,GroupDiverse-Gap
RUN_131,TRIAD_044,A15_GroupDiverse-Gap_B3000,R1,1385197443,1991832991,464,Det/images/normal_train/00530057.png,0,01,easy_clean,0.0005853392,1.0,0.0023368623,normal_replay,GroupDiverse-Gap
RUN_131,TRIAD_044,A15_GroupDiverse-Gap_B3000,R1,1385197443,1991832991,465,Det/images/normal_train/00895716.png,0,09,easy_clean,0.052503388,1.0,0.0606642482,normal_replay,GroupDiverse-Gap
RUN_131,TRIAD_044,A15_GroupDiverse-Gap_B3000,R1,1385197443,1991832991,466,Det/images/normal_train/00647420.png,0,01,easy_clean,0.0004646919,1.0,0.0034081977,normal_replay,GroupDiverse-Gap
RUN_131,TRIAD_044,A15_GroupDiverse-Gap_B3000,R1,1385197443,1991832991,467,Det/images/normal_train/01202200.png,0,08,easy_clean,0.0337423378,1.0,0.0288510235,normal_replay,GroupDiverse-Gap
RUN_131,TRIAD_044,A15_GroupDiverse-Gap_B3000,R1,1385197443,1991832991,468,Det/images/normal_train/00260730.png,0,09,ordinary,0.1908706035,1.0,0.1003719713,normal_replay,GroupDiverse-Gap
RUN_131,TRIAD_044,A15_GroupDiverse-Gap_B3000,R1,1385197443,1991832991,469,Det/images/normal_train/00995149.png,0,05,ordinary,0.3048748446,0.82,0.1968742536,normal_replay,GroupDiverse-Gap
RUN_131,TRIAD_044,A15_GroupDiverse-Gap_B3000,R1,1385197443,1991832991,470,Det/images/normal_train/01072222.png,0,03,learnable_hard,0.010285025,0.995,0.0394602024,normal_replay,GroupDiverse-Gap
RUN_131,TRIAD_044,A15_GroupDiverse-Gap_B3000,R1,1385197443,1991832991,471,Det/images/normal_train/00213759.png,0,03,easy_clean,0.0184045186,1.0,0.0231880436,normal_replay,GroupDiverse-Gap
RUN_131,TRIAD_044,A15_GroupDiverse-Gap_B3000,R1,1385197443,1991832991,472,Det/images/normal_train/00992396.png,0,08,learnable_hard,0.0584284851,0.995,0.0856873697,normal_replay,GroupDiverse-Gap
RUN_131,TRIAD_044,A15_GroupDiverse-Gap_B3000,R1,1385197443,1991832991,473,Det/images/normal_train/01069148.png,0,09,ordinary,0.1798289095,1.0,0.045606452,normal_replay,GroupDiverse-Gap
RUN_131,TRIAD_044,A15_GroupDiverse-Gap_B3000,R1,1385197443,1991832991,474,Det/images/normal_train/01158026.png,0,00,easy_clean,0.0164170624,1.0,0.0207234001,normal_replay,GroupDiverse-Gap
RUN_131,TRIAD_044,A15_GroupDiverse-Gap_B3000,R1,1385197443,1991832991,475,Det/images/normal_train/00188406.png,0,06,easy_clean,0.0051103027,1.0,0.0065349139,normal_replay,GroupDiverse-Gap
RUN_131,TRIAD_044,A15_GroupDiverse-Gap_B3000,R1,1385197443,1991832991,476,Det/images/normal_train/00178093.png,0,02,easy_clean,0.0078626162,1.0,0.0137741413,normal_replay,GroupDiverse-Gap
RUN_131,TRIAD_044,A15_GroupDiverse-Gap_B3000,R1,1385197443,1991832991,477,Det/images/normal_train/00356297.png,0,07,easy_clean,0.0225738826,1.0,0.0409737306,normal_replay,GroupDiverse-Gap
RUN_131,TRIAD_044,A15_GroupDiverse-Gap_B3000,R1,1385197443,1991832991,478,Det/images/normal_train/00591013.png,0,07,easy_clean,0.0054597732,1.0,0.0093557913,normal_replay,GroupDiverse-Gap
RUN_131,TRIAD_044,A15_GroupDiverse-Gap_B3000,R1,1385197443,1991832991,479,Det/images/normal_train/01103874.png,0,02,easy_clean,0.0129392249,1.0,0.0219071394,normal_replay,GroupDiverse-Gap
RUN_131,TRIAD_044,A15_GroupDiverse-Gap_B3000,R1,1385197443,1991832991,480,Det/images/normal_train/00370003.png,0,06,easy_clean,0.0042213427,1.0,0.0043724646,normal_replay,GroupDiverse-Gap
RUN_131,TRIAD_044,A15_GroupDiverse-Gap_B3000,R1,1385197443,1991832991,481,Det/images/normal_train/00195039.png,0,08,learnable_hard,0.762300717,0.035,0.1092798618,normal_replay,GroupDiverse-Gap
RUN_131,TRIAD_044,A15_GroupDiverse-Gap_B3000,R1,1385197443,1991832991,482,Det/images/normal_train/00489243.png,0,02,easy_clean,0.0025916821,1.0,0.0091927614,normal_replay,GroupDiverse-Gap
RUN_131,TRIAD_044,A15_GroupDiverse-Gap_B3000,R1,1385197443,1991832991,483,Det/images/normal_train/00842582.png,0,06,easy_clean,0.0029789335,1.0,0.0053647181,normal_replay,GroupDiverse-Gap
RUN_131,TRIAD_044,A15_GroupDiverse-Gap_B3000,R1,1385197443,1991832991,484,Det/images/normal_train/01118720.png,0,02,ordinary,0.1208645047,1.0,0.0755306719,normal_replay,GroupDiverse-Gap
RUN_131,TRIAD_044,A15_GroupDiverse-Gap_B3000,R1,1385197443,1991832991,485,Det/images/normal_train/00615132.png,0,01,easy_clean,0.0021537818,1.0,0.0021057006,normal_replay,GroupDiverse-Gap
RUN_131,TRIAD_044,A15_GroupDiverse-Gap_B3000,R1,1385197443,1991832991,486,Det/images/normal_train/00348538.png,0,03,learnable_hard,0.0130893295,0.995,0.0427647931,normal_replay,GroupDiverse-Gap
RUN_131,TRIAD_044,A15_GroupDiverse-Gap_B3000,R1,1385197443,1991832991,487,Det/images/normal_train/00919880.png,0,04,easy_clean,0.007080267,1.0,0.0117090847,normal_replay,GroupDiverse-Gap
RUN_131,TRIAD_044,A15_GroupDiverse-Gap_B3000,R1,1385197443,1991832991,488,Det/images/normal_train/00284570.png,0,01,easy_clean,0.0151072135,1.0,0.0293368551,normal_replay,GroupDiverse-Gap
RUN_131,TRIAD_044,A15_GroupDiverse-Gap_B3000,R1,1385197443,1991832991,489,Det/images/normal_train/01134225.png,0,08,easy_clean,0.0506751554,1.0,0.0637982724,normal_replay,GroupDiverse-Gap
RUN_131,TRIAD_044,A15_GroupDiverse-Gap_B3000,R1,1385197443,1991832991,490,Det/images/normal_train/00322071.png,0,05,easy_clean,0.0026491677,1.0,0.005376809,normal_replay,GroupDiverse-Gap
RUN_131,TRIAD_044,A15_GroupDiverse-Gap_B3000,R1,1385197443,1991832991,491,Det/images/normal_train/01141722.png,0,08,easy_clean,0.0515851066,1.0,0.0586073864,normal_replay,GroupDiverse-Gap
RUN_131,TRIAD_044,A15_GroupDiverse-Gap_B3000,R1,1385197443,1991832991,492,Det/images/normal_train/00596225.png,0,02,easy_clean,0.0034597648,1.0,0.0048209775,normal_replay,GroupDiverse-Gap
RUN_131,TRIAD_044,A15_GroupDiverse-Gap_B3000,R1,1385197443,1991832991,493,Det/images/normal_train/00462048.png,0,03,easy_clean,0.0002217139,1.0,0.0005811434,normal_replay,GroupDiverse-Gap
RUN_131,TRIAD_044,A15_GroupDiverse-Gap_B3000,R1,1385197443,1991832991,494,Det/images/normal_train/00250768.png,0,09,easy_clean,0.005570296,1.0,0.0086890292,normal_replay,GroupDiverse-Gap
RUN_131,TRIAD_044,A15_GroupDiverse-Gap_B3000,R1,1385197443,1991832991,495,Det/images/normal_train/00712452.png,0,01,easy_clean,0.0021458435,1.0,0.0076548576,normal_replay,GroupDiverse-Gap
RUN_131,TRIAD_044,A15_GroupDiverse-Gap_B3000,R1,1385197443,1991832991,496,Det/images/normal_train/00971138.png,0,02,easy_clean,0.0001460987,1.0,0.0003234416,normal_replay,GroupDiverse-Gap
RUN_131,TRIAD_044,A15_GroupDiverse-Gap_B3000,R1,1385197443,1991832991,497,Det/images/normal_train/00237766.png,0,06,easy_clean,0.0257059334,1.0,0.0303885095,normal_replay,GroupDiverse-Gap
RUN_131,TRIAD_044,A15_GroupDiverse-Gap_B3000,R1,1385197443,1991832991,498,Det/images/normal_train/00712489.png,0,01,easy_clean,0.0011935528,1.0,0.0030269618,normal_replay,GroupDiverse-Gap
RUN_131,TRIAD_044,A15_GroupDiverse-Gap_B3000,R1,1385197443,1991832991,499,Det/images/normal_train/01209784.png,0,08,easy_clean,0.0053392539,1.0,0.0077185378,normal_replay,GroupDiverse-Gap
RUN_131,TRIAD_044,A15_GroupDiverse-Gap_B3000,R1,1385197443,1991832991,500,Det/images/normal_train/00960309.png,0,02,easy_clean,0.0098555881,1.0,0.0147255499,normal_replay,GroupDiverse-Gap
RUN_131,TRIAD_044,A15_GroupDiverse-Gap_B3000,R1,1385197443,1991832991,501,Det/images/normal_train/00373777.png,0,03,learnable_hard,0.2964640699,0.955,0.1170728172,normal_replay,GroupDiverse-Gap
RUN_131,TRIAD_044,A15_GroupDiverse-Gap_B3000,R1,1385197443,1991832991,502,Det/images/normal_train/01222963.png,0,07,ordinary,0.1327493623,1.0,0.0214395893,normal_replay,GroupDiverse-Gap
RUN_131,TRIAD_044,A15_GroupDiverse-Gap_B3000,R1,1385197443,1991832991,503,Det/images/normal_train/01298031.png,0,00,easy_clean,0.0123851703,1.0,0.0220043277,normal_replay,GroupDiverse-Gap
RUN_131,TRIAD_044,A15_GroupDiverse-Gap_B3000,R1,1385197443,1991832991,504,Det/images/normal_train/01006858.png,0,05,easy_clean,0.0243571906,1.0,0.0128794088,normal_replay,GroupDiverse-Gap
RUN_131,TRIAD_044,A15_GroupDiverse-Gap_B3000,R1,1385197443,1991832991,505,Det/images/normal_train/00215771.png,0,07,easy_clean,0.0725989991,1.0,0.052920875,normal_replay,GroupDiverse-Gap
RUN_131,TRIAD_044,A15_GroupDiverse-Gap_B3000,R1,1385197443,1991832991,506,Det/images/normal_train/01153589.png,0,02,easy_clean,0.0110893451,1.0,0.0137652424,normal_replay,GroupDiverse-Gap
RUN_131,TRIAD_044,A15_GroupDiverse-Gap_B3000,R1,1385197443,1991832991,507,Det/images/normal_train/00629817.png,0,09,easy_clean,0.0183149061,1.0,0.0218889317,normal_replay,GroupDiverse-Gap
RUN_131,TRIAD_044,A15_GroupDiverse-Gap_B3000,R1,1385197443,1991832991,508,Det/images/normal_train/00181406.png,0,09,easy_clean,0.0344428211,0.99,0.0567922867,normal_replay,GroupDiverse-Gap
RUN_131,TRIAD_044,A15_GroupDiverse-Gap_B3000,R1,1385197443,1991832991,509,Det/images/normal_train/01168075.png,0,02,easy_clean,0.0677930485,1.0,0.0373026897,normal_replay,GroupDiverse-Gap
RUN_131,TRIAD_044,A15_GroupDiverse-Gap_B3000,R1,1385197443,1991832991,510,Det/images/normal_train/00948452.png,0,07,easy_clean,0.0162131046,1.0,0.0272089555,normal_replay,GroupDiverse-Gap
RUN_131,TRIAD_044,A15_GroupDiverse-Gap_B3000,R1,1385197443,1991832991,511,Det/images/normal_train/00375753.png,0,04,easy_clean,0.0094699642,1.0,0.0089113293,normal_replay,GroupDiverse-Gap
RUN_131,TRIAD_044,A15_GroupDiverse-Gap_B3000,R1,1385197443,1991832991,512,Det/images/normal_train/00306447.png,0,03,ordinary,0.3957876863,0.76,0.2083717843,normal_replay,GroupDiverse-Gap
RUN_131,TRIAD_044,A15_GroupDiverse-Gap_B3000,R1,1385197443,1991832991,513,Det/images/normal_train/01119527.png,0,01,learnable_hard,0.3339097318,0.755,0.1869767221,normal_replay,GroupDiverse-Gap
RUN_131,TRIAD_044,A15_GroupDiverse-Gap_B3000,R1,1385197443,1991832991,514,Det/images/normal_train/00537325.png,0,09,learnable_hard,0.2406556188,0.985,0.1634145866,normal_replay,GroupDiverse-Gap
RUN_131,TRIAD_044,A15_GroupDiverse-Gap_B3000,R1,1385197443,1991832991,515,Det/images/normal_train/00588899.png,0,04,easy_clean,0.0029231134,1.0,0.0116980013,normal_replay,GroupDiverse-Gap
RUN_131,TRIAD_044,A15_GroupDiverse-Gap_B3000,R1,1385197443,1991832991,516,Det/images/normal_train/00999339.png,0,08,easy_clean,0.0038129226,1.0,0.0047978896,normal_replay,GroupDiverse-Gap
RUN_131,TRIAD_044,A15_GroupDiverse-Gap_B3000,R1,1385197443,1991832991,517,Det/images/normal_train/00352794.png,0,07,ordinary,0.1587433955,1.0,0.0553750333,normal_replay,GroupDiverse-Gap
RUN_131,TRIAD_044,A15_GroupDiverse-Gap_B3000,R1,1385197443,1991832991,518,Det/images/normal_train/01105850.png,0,05,easy_clean,0.0135008887,1.0,0.0196508772,normal_replay,GroupDiverse-Gap
RUN_131,TRIAD_044,A15_GroupDiverse-Gap_B3000,R1,1385197443,1991832991,519,Det/images/normal_train/01050059.png,0,08,learnable_hard,0.255751442,0.975,0.0933996641,normal_replay,GroupDiverse-Gap
RUN_131,TRIAD_044,A15_GroupDiverse-Gap_B3000,R1,1385197443,1991832991,520,Det/images/normal_train/00670108.png,0,04,easy_clean,0.021645219,1.0,0.0225267091,normal_replay,GroupDiverse-Gap
RUN_131,TRIAD_044,A15_GroupDiverse-Gap_B3000,R1,1385197443,1991832991,521,Det/images/normal_train/00232469.png,0,00,easy_clean,0.0005771704,1.0,0.0010175549,normal_replay,GroupDiverse-Gap
RUN_131,TRIAD_044,A15_GroupDiverse-Gap_B3000,R1,1385197443,1991832991,522,Det/images/normal_train/00490803.png,0,05,easy_clean,0.0057431629,1.0,0.0039385808,normal_replay,GroupDiverse-Gap
RUN_131,TRIAD_044,A15_GroupDiverse-Gap_B3000,R1,1385197443,1991832991,523,Det/images/normal_train/00404921.png,0,09,easy_clean,0.0054552609,1.0,0.006600919,normal_replay,GroupDiverse-Gap
RUN_131,TRIAD_044,A15_GroupDiverse-Gap_B3000,R1,1385197443,1991832991,524,Det/images/normal_train/00708605.png,0,03,learnable_hard,0.0803877438,0.95,0.1720758796,normal_replay,GroupDiverse-Gap
RUN_131,TRIAD_044,A15_GroupDiverse-Gap_B3000,R1,1385197443,1991832991,525,Det/images/normal_train/01183928.png,0,04,learnable_hard,0.2146163273,0.975,0.1163111821,normal_replay,GroupDiverse-Gap
RUN_131,TRIAD_044,A15_GroupDiverse-Gap_B3000,R1,1385197443,1991832991,526,Det/images/normal_train/00812894.png,0,00,easy_clean,0.0216978765,1.0,0.0266912578,normal_replay,GroupDiverse-Gap
RUN_131,TRIAD_044,A15_GroupDiverse-Gap_B3000,R1,1385197443,1991832991,527,Det/images/normal_train/01024315.png,0,01,ordinary,0.2000731593,1.0,0.1018873666,normal_replay,GroupDiverse-Gap
RUN_131,TRIAD_044,A15_GroupDiverse-Gap_B3000,R1,1385197443,1991832991,528,Det/images/normal_train/01103996.png,0,02,easy_clean,0.0370185312,1.0,0.0310020819,normal_replay,GroupDiverse-Gap
RUN_131,TRIAD_044,A15_GroupDiverse-Gap_B3000,R1,1385197443,1991832991,529,Det/images/normal_train/00991330.png,0,00,easy_clean,0.0358065251,1.0,0.0435125647,normal_replay,GroupDiverse-Gap
RUN_131,TRIAD_044,A15_GroupDiverse-Gap_B3000,R1,1385197443,1991832991,530,Det/images/normal_train/01223692.png,0,03,easy_clean,0.0115093868,1.0,0.0195109377,normal_replay,GroupDiverse-Gap
RUN_131,TRIAD_044,A15_GroupDiverse-Gap_B3000,R1,1385197443,1991832991,531,Det/images/normal_train/00333507.png,0,00,easy_clean,0.0089591893,1.0,0.0103673794,normal_replay,GroupDiverse-Gap
RUN_131,TRIAD_044,A15_GroupDiverse-Gap_B3000,R1,1385197443,1991832991,532,Det/images/normal_train/00801433.png,0,06,easy_clean,0.002718619,1.0,0.003898766,normal_replay,GroupDiverse-Gap
RUN_131,TRIAD_044,A15_GroupDiverse-Gap_B3000,R1,1385197443,1991832991,533,Det/images/normal_train/00379380.png,0,02,easy_clean,0.0044636728,1.0,0.0070163284,normal_replay,GroupDiverse-Gap
RUN_131,TRIAD_044,A15_GroupDiverse-Gap_B3000,R1,1385197443,1991832991,534,Det/images/normal_train/01118224.png,0,02,learnable_hard,0.2356490166,0.9,0.1711850047,normal_replay,GroupDiverse-Gap
RUN_131,TRIAD_044,A15_GroupDiverse-Gap_B3000,R1,1385197443,1991832991,535,Det/images/normal_train/00522053.png,0,07,easy_clean,0.0194213806,1.0,0.0208674383,normal_replay,GroupDiverse-Gap
RUN_131,TRIAD_044,A15_GroupDiverse-Gap_B3000,R1,1385197443,1991832991,536,Det/images/normal_train/00373092.png,0,03,easy_clean,0.0059147911,1.0,0.0207181314,normal_replay,GroupDiverse-Gap
RUN_131,TRIAD_044,A15_GroupDiverse-Gap_B3000,R1,1385197443,1991832991,537,Det/images/normal_train/01023625.png,0,00,easy_clean,0.0140168248,1.0,0.010589014,normal_replay,GroupDiverse-Gap
RUN_131,TRIAD_044,A15_GroupDiverse-Gap_B3000,R1,1385197443,1991832991,538,Det/images/normal_train/00743657.png,0,02,easy_clean,0.0024810567,1.0,0.0028013787,normal_replay,GroupDiverse-Gap
RUN_131,TRIAD_044,A15_GroupDiverse-Gap_B3000,R1,1385197443,1991832991,539,Det/images/normal_train/00439475.png,0,03,easy_clean,0.0493162761,1.0,0.0600578274,normal_replay,GroupDiverse-Gap
RUN_131,TRIAD_044,A15_GroupDiverse-Gap_B3000,R1,1385197443,1991832991,540,Det/images/normal_train/00941056.png,0,00,easy_clean,0.0839262535,1.0,0.0769535406,normal_replay,GroupDiverse-Gap
RUN_131,TRIAD_044,A15_GroupDiverse-Gap_B3000,R1,1385197443,1991832991,541,Det/images/normal_train/01268499.png,0,05,easy_clean,0.0039639983,1.0,0.0043866747,normal_replay,GroupDiverse-Gap
RUN_131,TRIAD_044,A15_GroupDiverse-Gap_B3000,R1,1385197443,1991832991,542,Det/images/normal_train/00270820.png,0,04,easy_clean,0.001555423,1.0,0.0089281261,normal_replay,GroupDiverse-Gap
RUN_131,TRIAD_044,A15_GroupDiverse-Gap_B3000,R1,1385197443,1991832991,543,Det/images/normal_train/00587120.png,0,00,easy_clean,0.0015068799,1.0,0.0075331558,normal_replay,GroupDiverse-Gap
RUN_131,TRIAD_044,A15_GroupDiverse-Gap_B3000,R1,1385197443,1991832991,544,Det/images/normal_train/00931103.png,0,02,easy_clean,0.0655609716,1.0,0.0511797149,normal_replay,GroupDiverse-Gap
RUN_131,TRIAD_044,A15_GroupDiverse-Gap_B3000,R1,1385197443,1991832991,545,Det/images/normal_train/00625347.png,0,08,ordinary,0.1046478596,1.0,0.0699715868,normal_replay,GroupDiverse-Gap
RUN_131,TRIAD_044,A15_GroupDiverse-Gap_B3000,R1,1385197443,1991832991,546,Det/images/normal_train/00331212.png,0,02,easy_clean,0.0561832373,1.0,0.0456178413,normal_replay,GroupDiverse-Gap
RUN_131,TRIAD_044,A15_GroupDiverse-Gap_B3000,R1,1385197443,1991832991,547,Det/images/normal_train/00544691.png,0,04,easy_clean,0.02920894,1.0,0.0291154675,normal_replay,GroupDiverse-Gap
RUN_131,TRIAD_044,A15_GroupDiverse-Gap_B3000,R1,1385197443,1991832991,548,Det/images/normal_train/00841014.png,0,04,easy_clean,0.0014072594,1.0,0.003383025,normal_replay,GroupDiverse-Gap
RUN_131,TRIAD_044,A15_GroupDiverse-Gap_B3000,R1,1385197443,1991832991,549,Det/images/normal_train/00219103.png,0,09,easy_clean,0.0008231992,1.0,0.0013915834,normal_replay,GroupDiverse-Gap
RUN_131,TRIAD_044,A15_GroupDiverse-Gap_B3000,R1,1385197443,1991832991,550,Det/images/normal_train/01050302.png,0,08,easy_clean,0.0121898599,1.0,0.0143941223,normal_replay,GroupDiverse-Gap
RUN_131,TRIAD_044,A15_GroupDiverse-Gap_B3000,R1,1385197443,1991832991,551,Det/images/normal_train/00805299.png,0,07,easy_clean,0.0032861608,1.0,0.0037602602,normal_replay,GroupDiverse-Gap
RUN_131,TRIAD_044,A15_GroupDiverse-Gap_B3000,R1,1385197443,1991832991,552,Det/images/normal_train/00491105.png,0,06,easy_clean,0.0038514088,1.0,0.004901401,normal_replay,GroupDiverse-Gap
RUN_131,TRIAD_044,A15_GroupDiverse-Gap_B3000,R1,1385197443,1991832991,553,Det/images/normal_train/00886868.png,0,09,easy_clean,0.0005813303,1.0,0.0020286799,normal_replay,GroupDiverse-Gap
RUN_131,TRIAD_044,A15_GroupDiverse-Gap_B3000,R1,1385197443,1991832991,554,Det/images/normal_train/01040359.png,0,06,easy_clean,0.0765390942,1.0,0.0732295652,normal_replay,GroupDiverse-Gap
RUN_131,TRIAD_044,A15_GroupDiverse-Gap_B3000,R1,1385197443,1991832991,555,Det/images/normal_train/01051513.png,0,06,easy_clean,0.0064554445,1.0,0.0085377633,normal_replay,GroupDiverse-Gap
RUN_131,TRIAD_044,A15_GroupDiverse-Gap_B3000,R1,1385197443,1991832991,556,Det/images/normal_train/00991757.png,0,00,learnable_hard,0.338985105,0.7,0.2084231749,normal_replay,GroupDiverse-Gap
RUN_131,TRIAD_044,A15_GroupDiverse-Gap_B3000,R1,1385197443,1991832991,557,Det/images/normal_train/00944824.png,0,05,ordinary,0.1386330403,1.0,0.1054127805,normal_replay,GroupDiverse-Gap
RUN_131,TRIAD_044,A15_GroupDiverse-Gap_B3000,R1,1385197443,1991832991,558,Det/images/normal_train/01048946.png,0,07,easy_clean,0.0047809317,1.0,0.0056356577,normal_replay,GroupDiverse-Gap
RUN_131,TRIAD_044,A15_GroupDiverse-Gap_B3000,R1,1385197443,1991832991,559,Det/images/normal_train/01251343.png,0,04,easy_clean,0.0183744052,1.0,0.0246361228,normal_replay,GroupDiverse-Gap
RUN_131,TRIAD_044,A15_GroupDiverse-Gap_B3000,R1,1385197443,1991832991,560,Det/images/normal_train/01096815.png,0,06,learnable_hard,0.1796800004,0.995,0.0885857839,normal_replay,GroupDiverse-Gap
RUN_131,TRIAD_044,A15_GroupDiverse-Gap_B3000,R1,1385197443,1991832991,561,Det/images/normal_train/01263932.png,0,07,easy_clean,0.0093031421,1.0,0.0106158527,normal_replay,GroupDiverse-Gap
RUN_131,TRIAD_044,A15_GroupDiverse-Gap_B3000,R1,1385197443,1991832991,562,Det/images/normal_train/00664973.png,0,06,easy_clean,0.0834133687,0.995,0.09435048,normal_replay,GroupDiverse-Gap
RUN_131,TRIAD_044,A15_GroupDiverse-Gap_B3000,R1,1385197443,1991832991,563,Det/images/normal_train/00211125.png,0,06,easy_clean,0.0013402101,1.0,0.0023294884,normal_replay,GroupDiverse-Gap
RUN_131,TRIAD_044,A15_GroupDiverse-Gap_B3000,R1,1385197443,1991832991,564,Det/images/normal_train/00457962.png,0,09,easy_clean,0.0451497924,1.0,0.0384534182,normal_replay,GroupDiverse-Gap
RUN_131,TRIAD_044,A15_GroupDiverse-Gap_B3000,R1,1385197443,1991832991,565,Det/images/normal_train/01023760.png,0,00,easy_clean,0.0182962386,1.0,0.0176963494,normal_replay,GroupDiverse-Gap
RUN_131,TRIAD_044,A15_GroupDiverse-Gap_B3000,R1,1385197443,1991832991,566,Det/images/normal_train/00286352.png,0,06,easy_clean,0.0012049378,1.0,0.0017610168,normal_replay,GroupDiverse-Gap
RUN_131,TRIAD_044,A15_GroupDiverse-Gap_B3000,R1,1385197443,1991832991,567,Det/images/normal_train/01220712.png,0,01,easy_clean,0.0157541016,1.0,0.0132310183,normal_replay,GroupDiverse-Gap
RUN_131,TRIAD_044,A15_GroupDiverse-Gap_B3000,R1,1385197443,1991832991,568,Det/images/normal_train/01086457.png,0,04,easy_clean,0.0155531821,1.0,0.0183357298,normal_replay,GroupDiverse-Gap
RUN_131,TRIAD_044,A15_GroupDiverse-Gap_B3000,R1,1385197443,1991832991,569,Det/images/normal_train/00248610.png,0,00,easy_clean,0.0088621626,1.0,0.0105149737,normal_replay,GroupDiverse-Gap
RUN_131,TRIAD_044,A15_GroupDiverse-Gap_B3000,R1,1385197443,1991832991,570,Det/images/normal_train/00719219.png,0,01,learnable_hard,0.2416662242,0.99,0.1054179742,normal_replay,GroupDiverse-Gap
RUN_131,TRIAD_044,A15_GroupDiverse-Gap_B3000,R1,1385197443,1991832991,571,Det/images/normal_train/01122685.png,0,07,easy_clean,0.0172187503,1.0,0.0073784855,normal_replay,GroupDiverse-Gap
RUN_131,TRIAD_044,A15_GroupDiverse-Gap_B3000,R1,1385197443,1991832991,572,Det/images/normal_train/00850480.png,0,07,easy_clean,0.0009470492,1.0,0.0014113239,normal_replay,GroupDiverse-Gap
RUN_131,TRIAD_044,A15_GroupDiverse-Gap_B3000,R1,1385197443,1991832991,573,Det/images/normal_train/01071745.png,0,04,easy_clean,0.0441115353,1.0,0.0360179812,normal_replay,GroupDiverse-Gap
RUN_131,TRIAD_044,A15_GroupDiverse-Gap_B3000,R1,1385197443,1991832991,574,Det/images/normal_train/00611410.png,0,01,easy_clean,0.0021187654,1.0,0.0059524643,normal_replay,GroupDiverse-Gap
RUN_131,TRIAD_044,A15_GroupDiverse-Gap_B3000,R1,1385197443,1991832991,575,Det/images/normal_train/01099171.png,0,03,easy_clean,0.0076890361,1.0,0.021418315,normal_replay,GroupDiverse-Gap
RUN_131,TRIAD_044,A15_GroupDiverse-Gap_B3000,R1,1385197443,1991832991,576,Det/images/normal_train/00414751.png,0,05,easy_clean,0.0134819833,1.0,0.0158520547,normal_replay,GroupDiverse-Gap
RUN_131,TRIAD_044,A15_GroupDiverse-Gap_B3000,R1,1385197443,1991832991,577,Det/images/normal_train/01260211.png,0,05,easy_clean,0.0136688646,1.0,0.0143467613,normal_replay,GroupDiverse-Gap
RUN_131,TRIAD_044,A15_GroupDiverse-Gap_B3000,R1,1385197443,1991832991,578,Det/images/normal_train/01010759.png,0,00,easy_clean,0.0016361147,1.0,0.0021032146,normal_replay,GroupDiverse-Gap
RUN_131,TRIAD_044,A15_GroupDiverse-Gap_B3000,R1,1385197443,1991832991,579,Det/images/normal_train/00412659.png,0,06,ordinary,0.0984562015,1.0,0.1186123038,normal_replay,GroupDiverse-Gap
RUN_131,TRIAD_044,A15_GroupDiverse-Gap_B3000,R1,1385197443,1991832991,580,Det/images/normal_train/00371046.png,0,00,easy_clean,0.0025638529,1.0,0.0034654004,normal_replay,GroupDiverse-Gap
RUN_131,TRIAD_044,A15_GroupDiverse-Gap_B3000,R1,1385197443,1991832991,581,Det/images/normal_train/01137529.png,0,03,learnable_hard,0.0213965391,0.99,0.07468325,normal_replay,GroupDiverse-Gap
RUN_131,TRIAD_044,A15_GroupDiverse-Gap_B3000,R1,1385197443,1991832991,582,Det/images/normal_train/00984910.png,0,02,easy_clean,0.0303994871,0.99,0.0673579602,normal_replay,GroupDiverse-Gap
RUN_131,TRIAD_044,A15_GroupDiverse-Gap_B3000,R1,1385197443,1991832991,583,Det/images/normal_train/00421261.png,0,09,easy_clean,0.0100946066,1.0,0.0191263685,normal_replay,GroupDiverse-Gap
RUN_131,TRIAD_044,A15_GroupDiverse-Gap_B3000,R1,1385197443,1991832991,584,Det/images/normal_train/01131434.png,0,01,ordinary,0.1122111412,1.0,0.0556949984,normal_replay,GroupDiverse-Gap
RUN_131,TRIAD_044,A15_GroupDiverse-Gap_B3000,R1,1385197443,1991832991,585,Det/images/normal_train/00485080.png,0,09,easy_clean,0.0328656252,1.0,0.0464035663,normal_replay,GroupDiverse-Gap
RUN_131,TRIAD_044,A15_GroupDiverse-Gap_B3000,R1,1385197443,1991832991,586,Det/images/normal_train/01242494.png,0,02,easy_clean,0.0039622899,1.0,0.0137058231,normal_replay,GroupDiverse-Gap
RUN_131,TRIAD_044,A15_GroupDiverse-Gap_B3000,R1,1385197443,1991832991,587,Det/images/normal_train/01053167.png,0,05,easy_clean,0.047207436,1.0,0.0573773129,normal_replay,GroupDiverse-Gap
RUN_131,TRIAD_044,A15_GroupDiverse-Gap_B3000,R1,1385197443,1991832991,588,Det/images/normal_train/00954092.png,0,03,easy_clean,0.0183406477,1.0,0.0301626947,normal_replay,GroupDiverse-Gap
RUN_131,TRIAD_044,A15_GroupDiverse-Gap_B3000,R1,1385197443,1991832991,589,Det/images/normal_train/01101799.png,0,00,easy_clean,0.0138459106,1.0,0.0165333154,normal_replay,GroupDiverse-Gap
RUN_131,TRIAD_044,A15_GroupDiverse-Gap_B3000,R1,1385197443,1991832991,590,Det/images/normal_train/00869331.png,0,03,easy_clean,0.0057377429,1.0,0.0070165237,normal_replay,GroupDiverse-Gap
RUN_131,TRIAD_044,A15_GroupDiverse-Gap_B3000,R1,1385197443,1991832991,591,Det/images/normal_train/00242852.png,0,01,easy_clean,0.0026426066,1.0,0.0070360402,normal_replay,GroupDiverse-Gap
RUN_131,TRIAD_044,A15_GroupDiverse-Gap_B3000,R1,1385197443,1991832991,592,Det/images/normal_train/00205121.png,0,08,easy_clean,0.0074342772,1.0,0.0095331196,normal_replay,GroupDiverse-Gap
RUN_131,TRIAD_044,A15_GroupDiverse-Gap_B3000,R1,1385197443,1991832991,593,Det/images/normal_train/01260270.png,0,05,easy_clean,0.0229262546,1.0,0.0247695239,normal_replay,GroupDiverse-Gap
RUN_131,TRIAD_044,A15_GroupDiverse-Gap_B3000,R1,1385197443,1991832991,594,Det/images/normal_train/01240215.png,0,03,easy_clean,0.0018424103,1.0,0.0030000217,normal_replay,GroupDiverse-Gap
RUN_131,TRIAD_044,A15_GroupDiverse-Gap_B3000,R1,1385197443,1991832991,595,Det/images/normal_train/00859993.png,0,08,easy_clean,0.000456341,1.0,0.0009024038,normal_replay,GroupDiverse-Gap
RUN_131,TRIAD_044,A15_GroupDiverse-Gap_B3000,R1,1385197443,1991832991,596,Det/images/normal_train/01286084.png,0,00,ordinary,0.0980350856,1.0,0.0468553131,normal_replay,GroupDiverse-Gap
RUN_131,TRIAD_044,A15_GroupDiverse-Gap_B3000,R1,1385197443,1991832991,597,Det/images/normal_train/01113306.png,0,07,easy_clean,0.0347193139,1.0,0.0313908682,normal_replay,GroupDiverse-Gap
RUN_131,TRIAD_044,A15_GroupDiverse-Gap_B3000,R1,1385197443,1991832991,598,Det/images/normal_train/00335554.png,0,07,easy_clean,0.0368808346,1.0,0.037164762,normal_replay,GroupDiverse-Gap
RUN_131,TRIAD_044,A15_GroupDiverse-Gap_B3000,R1,1385197443,1991832991,599,Det/images/normal_train/00444409.png,0,02,ordinary,0.2220367677,1.0,0.1086056295,normal_replay,GroupDiverse-Gap
RUN_131,TRIAD_044,A15_GroupDiverse-Gap_B3000,R1,1385197443,1991832991,600,Det/images/normal_train/01139910.png,0,05,learnable_hard,0.0513811405,0.99,0.0762420617,normal_replay,GroupDiverse-Gap
RUN_131,TRIAD_044,A15_GroupDiverse-Gap_B3000,R1,1385197443,1991832991,601,Det/images/normal_train/00521886.png,0,05,learnable_hard,0.0518490693,0.995,0.0660322387,normal_replay,GroupDiverse-Gap
RUN_131,TRIAD_044,A15_GroupDiverse-Gap_B3000,R1,1385197443,1991832991,602,Det/images/normal_train/00421442.png,0,09,unstable_boundary,0.5037270637,0.435,0.129061001,normal_replay,GroupDiverse-Gap
RUN_131,TRIAD_044,A15_GroupDiverse-Gap_B3000,R1,1385197443,1991832991,603,Det/images/normal_train/00534081.png,0,03,easy_clean,0.003491446,1.0,0.0180934833,normal_replay,GroupDiverse-Gap
RUN_131,TRIAD_044,A15_GroupDiverse-Gap_B3000,R1,1385197443,1991832991,604,Det/images/normal_train/00206710.png,0,05,easy_clean,0.0041693196,1.0,0.0066464861,normal_replay,GroupDiverse-Gap
RUN_131,TRIAD_044,A15_GroupDiverse-Gap_B3000,R1,1385197443,1991832991,605,Det/images/normal_train/00285427.png,0,00,learnable_hard,0.0125853667,0.995,0.0672916973,normal_replay,GroupDiverse-Gap
RUN_131,TRIAD_044,A15_GroupDiverse-Gap_B3000,R1,1385197443,1991832991,606,Det/images/normal_train/01176031.png,0,02,easy_clean,0.0009722949,1.0,0.0017497283,normal_replay,GroupDiverse-Gap
RUN_131,TRIAD_044,A15_GroupDiverse-Gap_B3000,R1,1385197443,1991832991,607,Det/images/normal_train/00957227.png,0,02,learnable_hard,0.3712967238,0.66,0.2166428393,normal_replay,GroupDiverse-Gap
RUN_131,TRIAD_044,A15_GroupDiverse-Gap_B3000,R1,1385197443,1991832991,608,Det/images/normal_train/00690157.png,0,03,easy_clean,0.0104071542,1.0,0.0123993794,normal_replay,GroupDiverse-Gap
RUN_131,TRIAD_044,A15_GroupDiverse-Gap_B3000,R1,1385197443,1991832991,609,Det/images/normal_train/01187042.png,0,07,learnable_hard,0.0856998783,0.995,0.0578261987,normal_replay,GroupDiverse-Gap
RUN_131,TRIAD_044,A15_GroupDiverse-Gap_B3000,R1,1385197443,1991832991,610,Det/images/normal_train/01163723.png,0,08,ordinary,0.3872914398,0.82,0.1772681233,normal_replay,GroupDiverse-Gap
RUN_131,TRIAD_044,A15_GroupDiverse-Gap_B3000,R1,1385197443,1991832991,611,Det/images/normal_train/00730039.png,0,09,easy_clean,0.0030134563,1.0,0.0074962491,normal_replay,GroupDiverse-Gap
RUN_131,TRIAD_044,A15_GroupDiverse-Gap_B3000,R1,1385197443,1991832991,612,Det/images/normal_train/00995106.png,0,05,easy_clean,0.0259675864,1.0,0.0225345159,normal_replay,GroupDiverse-Gap
RUN_131,TRIAD_044,A15_GroupDiverse-Gap_B3000,R1,1385197443,1991832991,613,Det/images/normal_train/00901413.png,0,06,learnable_hard,0.1384173497,0.995,0.1118963535,normal_replay,GroupDiverse-Gap
RUN_131,TRIAD_044,A15_GroupDiverse-Gap_B3000,R1,1385197443,1991832991,614,Det/images/normal_train/00533403.png,0,02,easy_clean,0.0165094474,1.0,0.0348299502,normal_replay,GroupDiverse-Gap
RUN_131,TRIAD_044,A15_GroupDiverse-Gap_B3000,R1,1385197443,1991832991,615,Det/images/normal_train/00915825.png,0,09,persistent_hard,0.69400334,0.135,0.1285962599,normal_replay,GroupDiverse-Gap
RUN_131,TRIAD_044,A15_GroupDiverse-Gap_B3000,R1,1385197443,1991832991,616,Det/images/normal_train/01241742.png,0,09,easy_clean,0.001060504,1.0,0.0015779471,normal_replay,GroupDiverse-Gap
RUN_131,TRIAD_044,A15_GroupDiverse-Gap_B3000,R1,1385197443,1991832991,617,Det/images/normal_train/00534317.png,0,03,easy_clean,0.0046892414,1.0,0.0074278273,normal_replay,GroupDiverse-Gap
RUN_131,TRIAD_044,A15_GroupDiverse-Gap_B3000,R1,1385197443,1991832991,618,Det/images/normal_train/00376307.png,0,00,easy_clean,0.0567794378,1.0,0.0859450271,normal_replay,GroupDiverse-Gap
RUN_131,TRIAD_044,A15_GroupDiverse-Gap_B3000,R1,1385197443,1991832991,619,Det/images/normal_train/00498349.png,0,00,easy_clean,0.0179837102,1.0,0.0187377475,normal_replay,GroupDiverse-Gap
RUN_131,TRIAD_044,A15_GroupDiverse-Gap_B3000,R1,1385197443,1991832991,620,Det/images/normal_train/00895997.png,0,09,easy_clean,0.0229517177,1.0,0.0217554211,normal_replay,GroupDiverse-Gap
RUN_131,TRIAD_044,A15_GroupDiverse-Gap_B3000,R1,1385197443,1991832991,621,Det/images/normal_train/00364864.png,0,08,easy_clean,0.0012618914,1.0,0.0015424824,normal_replay,GroupDiverse-Gap
RUN_131,TRIAD_044,A15_GroupDiverse-Gap_B3000,R1,1385197443,1991832991,622,Det/images/normal_train/01112951.png,0,07,easy_clean,0.0639318614,1.0,0.065034816,normal_replay,GroupDiverse-Gap
RUN_131,TRIAD_044,A15_GroupDiverse-Gap_B3000,R1,1385197443,1991832991,623,Det/images/normal_train/00923505.png,0,08,easy_clean,0.0218649606,1.0,0.0436344899,normal_replay,GroupDiverse-Gap
RUN_131,TRIAD_044,A15_GroupDiverse-Gap_B3000,R1,1385197443,1991832991,624,Det/images/normal_train/00196547.png,0,03,easy_clean,0.0062433351,1.0,0.0086377974,normal_replay,GroupDiverse-Gap
RUN_131,TRIAD_044,A15_GroupDiverse-Gap_B3000,R1,1385197443,1991832991,625,Det/images/normal_train/00783869.png,0,01,learnable_hard,0.2662693488,0.945,0.1218191104,normal_replay,GroupDiverse-Gap
RUN_131,TRIAD_044,A15_GroupDiverse-Gap_B3000,R1,1385197443,1991832991,626,Det/images/normal_train/00534621.png,0,03,easy_clean,0.0428644832,1.0,0.0343775599,normal_replay,GroupDiverse-Gap
RUN_131,TRIAD_044,A15_GroupDiverse-Gap_B3000,R1,1385197443,1991832991,627,Det/images/normal_train/00789889.png,0,09,easy_clean,0.0149421938,1.0,0.0269954395,normal_replay,GroupDiverse-Gap
RUN_131,TRIAD_044,A15_GroupDiverse-Gap_B3000,R1,1385197443,1991832991,628,Det/images/normal_train/00381560.png,0,05,easy_clean,0.0298907184,1.0,0.0296231473,normal_replay,GroupDiverse-Gap
RUN_131,TRIAD_044,A15_GroupDiverse-Gap_B3000,R1,1385197443,1991832991,629,Det/images/normal_train/01204883.png,0,09,easy_clean,0.0544715025,1.0,0.0528305653,normal_replay,GroupDiverse-Gap
RUN_131,TRIAD_044,A15_GroupDiverse-Gap_B3000,R1,1385197443,1991832991,630,Det/images/normal_train/00273934.png,0,08,easy_clean,0.0016274915,1.0,0.0035762754,normal_replay,GroupDiverse-Gap
RUN_131,TRIAD_044,A15_GroupDiverse-Gap_B3000,R1,1385197443,1991832991,631,Det/images/normal_train/00832919.png,0,05,easy_clean,0.0004982039,1.0,0.0018641324,normal_replay,GroupDiverse-Gap
RUN_131,TRIAD_044,A15_GroupDiverse-Gap_B3000,R1,1385197443,1991832991,632,Det/images/normal_train/00579514.png,0,05,easy_clean,0.0039578162,1.0,0.0025996096,normal_replay,GroupDiverse-Gap
RUN_131,TRIAD_044,A15_GroupDiverse-Gap_B3000,R1,1385197443,1991832991,633,Det/images/normal_train/00525272.png,0,05,easy_clean,0.0176577886,1.0,0.0174273576,normal_replay,GroupDiverse-Gap
RUN_131,TRIAD_044,A15_GroupDiverse-Gap_B3000,R1,1385197443,1991832991,634,Det/images/normal_train/00656770.png,0,08,easy_clean,0.0186237401,1.0,0.0378437165,normal_replay,GroupDiverse-Gap
RUN_131,TRIAD_044,A15_GroupDiverse-Gap_B3000,R1,1385197443,1991832991,635,Det/images/normal_train/01136838.png,0,07,easy_clean,0.0017645479,1.0,0.0021728565,normal_replay,GroupDiverse-Gap
RUN_131,TRIAD_044,A15_GroupDiverse-Gap_B3000,R1,1385197443,1991832991,636,Det/images/normal_train/01201058.png,0,00,learnable_hard,0.3087572943,0.665,0.2659183545,normal_replay,GroupDiverse-Gap
RUN_131,TRIAD_044,A15_GroupDiverse-Gap_B3000,R1,1385197443,1991832991,637,Det/images/normal_train/01049890.png,0,08,easy_clean,0.0067711224,1.0,0.0114274376,normal_replay,GroupDiverse-Gap
RUN_131,TRIAD_044,A15_GroupDiverse-Gap_B3000,R1,1385197443,1991832991,638,Det/images/normal_train/00435941.png,0,01,easy_clean,0.0068405892,1.0,0.0074950333,normal_replay,GroupDiverse-Gap
RUN_131,TRIAD_044,A15_GroupDiverse-Gap_B3000,R1,1385197443,1991832991,639,Det/images/normal_train/01073524.png,0,07,learnable_hard,0.2268956451,0.965,0.1378145743,normal_replay,GroupDiverse-Gap
RUN_131,TRIAD_044,A15_GroupDiverse-Gap_B3000,R1,1385197443,1991832991,640,Det/images/normal_train/00862619.png,0,07,persistent_hard,0.6738094696,0.05,0.1081099374,normal_replay,GroupDiverse-Gap
RUN_131,TRIAD_044,A15_GroupDiverse-Gap_B3000,R1,1385197443,1991832991,641,Det/images/normal_train/00266910.png,0,01,easy_clean,0.0009008222,1.0,0.0017398755,normal_replay,GroupDiverse-Gap
RUN_131,TRIAD_044,A15_GroupDiverse-Gap_B3000,R1,1385197443,1991832991,642,Det/images/normal_train/00618316.png,0,04,easy_clean,0.0001901913,1.0,0.0002469686,normal_replay,GroupDiverse-Gap
RUN_131,TRIAD_044,A15_GroupDiverse-Gap_B3000,R1,1385197443,1991832991,643,Det/images/normal_train/00254051.png,0,03,easy_clean,0.0006114156,1.0,0.0010589834,normal_replay,GroupDiverse-Gap
RUN_131,TRIAD_044,A15_GroupDiverse-Gap_B3000,R1,1385197443,1991832991,644,Det/images/normal_train/00862789.png,0,07,easy_clean,0.0197280213,1.0,0.0257067904,normal_replay,GroupDiverse-Gap
RUN_131,TRIAD_044,A15_GroupDiverse-Gap_B3000,R1,1385197443,1991832991,645,Det/images/normal_train/00296093.png,0,01,easy_clean,0.0016672681,1.0,0.0020138071,normal_replay,GroupDiverse-Gap
RUN_131,TRIAD_044,A15_GroupDiverse-Gap_B3000,R1,1385197443,1991832991,646,Det/images/normal_train/00837068.png,0,02,easy_clean,0.0012868501,1.0,0.0056239224,normal_replay,GroupDiverse-Gap
RUN_131,TRIAD_044,A15_GroupDiverse-Gap_B3000,R1,1385197443,1991832991,647,Det/images/normal_train/00950488.png,0,01,easy_clean,0.0701415373,1.0,0.0354685307,normal_replay,GroupDiverse-Gap
RUN_131,TRIAD_044,A15_GroupDiverse-Gap_B3000,R1,1385197443,1991832991,648,Det/images/normal_train/00763933.png,0,07,easy_clean,0.0086431847,1.0,0.017774584,normal_replay,GroupDiverse-Gap
RUN_131,TRIAD_044,A15_GroupDiverse-Gap_B3000,R1,1385197443,1991832991,649,Det/images/normal_train/01191359.png,0,09,learnable_hard,0.3728633213,0.785,0.1327045081,normal_replay,GroupDiverse-Gap
RUN_131,TRIAD_044,A15_GroupDiverse-Gap_B3000,R1,1385197443,1991832991,650,Det/images/normal_train/00681391.png,0,09,learnable_hard,0.0415020301,0.99,0.10271006,normal_replay,GroupDiverse-Gap
RUN_131,TRIAD_044,A15_GroupDiverse-Gap_B3000,R1,1385197443,1991832991,651,Det/images/normal_train/00480072.png,0,07,easy_clean,0.0087891414,1.0,0.011866246,normal_replay,GroupDiverse-Gap
RUN_131,TRIAD_044,A15_GroupDiverse-Gap_B3000,R1,1385197443,1991832991,652,Det/images/normal_train/00584566.png,0,05,learnable_hard,0.2800007166,0.975,0.0933357152,normal_replay,GroupDiverse-Gap
RUN_131,TRIAD_044,A15_GroupDiverse-Gap_B3000,R1,1385197443,1991832991,653,Det/images/normal_train/01191862.png,0,09,learnable_hard,0.2352498596,0.98,0.1309915762,normal_replay,GroupDiverse-Gap
RUN_131,TRIAD_044,A15_GroupDiverse-Gap_B3000,R1,1385197443,1991832991,654,Det/images/normal_train/00854903.png,0,09,ordinary,0.1030961679,1.0,0.1120908972,normal_replay,GroupDiverse-Gap
RUN_131,TRIAD_044,A15_GroupDiverse-Gap_B3000,R1,1385197443,1991832991,655,Det/images/normal_train/00603793.png,0,09,easy_clean,0.0072262336,1.0,0.0074530699,normal_replay,GroupDiverse-Gap
RUN_131,TRIAD_044,A15_GroupDiverse-Gap_B3000,R1,1385197443,1991832991,656,Det/images/normal_train/00948494.png,0,07,learnable_hard,0.224807721,0.96,0.1527040577,normal_replay,GroupDiverse-Gap
RUN_131,TRIAD_044,A15_GroupDiverse-Gap_B3000,R1,1385197443,1991832991,657,Det/images/normal_train/01276262.png,0,01,easy_clean,0.0008423184,1.0,0.0018455326,normal_replay,GroupDiverse-Gap
RUN_131,TRIAD_044,A15_GroupDiverse-Gap_B3000,R1,1385197443,1991832991,658,Det/images/normal_train/00965865.png,0,03,learnable_hard,0.0794514892,0.98,0.1239217653,normal_replay,GroupDiverse-Gap
RUN_131,TRIAD_044,A15_GroupDiverse-Gap_B3000,R1,1385197443,1991832991,659,Det/images/normal_train/00447942.png,0,05,easy_clean,0.002702451,1.0,0.0026839316,normal_replay,GroupDiverse-Gap
RUN_131,TRIAD_044,A15_GroupDiverse-Gap_B3000,R1,1385197443,1991832991,660,Det/images/normal_train/01230657.png,0,01,easy_clean,0.0001560363,1.0,0.0015575427,normal_replay,GroupDiverse-Gap
RUN_131,TRIAD_044,A15_GroupDiverse-Gap_B3000,R1,1385197443,1991832991,661,Det/images/normal_train/00703683.png,0,01,ordinary,0.1744161799,1.0,0.0572831918,normal_replay,GroupDiverse-Gap
RUN_131,TRIAD_044,A15_GroupDiverse-Gap_B3000,R1,1385197443,1991832991,662,Det/images/normal_train/01142794.png,0,07,easy_clean,0.0251070096,1.0,0.0226652506,normal_replay,GroupDiverse-Gap
RUN_131,TRIAD_044,A15_GroupDiverse-Gap_B3000,R1,1385197443,1991832991,663,Det/images/normal_train/00973280.png,0,05,easy_clean,0.0011922267,1.0,0.0017884832,normal_replay,GroupDiverse-Gap
RUN_131,TRIAD_044,A15_GroupDiverse-Gap_B3000,R1,1385197443,1991832991,664,Det/images/normal_train/00804884.png,0,09,learnable_hard,0.1021915521,0.995,0.0576745142,normal_replay,GroupDiverse-Gap
RUN_131,TRIAD_044,A15_GroupDiverse-Gap_B3000,R1,1385197443,1991832991,665,Det/images/normal_train/01195815.png,0,03,ordinary,0.4888951613,0.685,0.2525838323,normal_replay,GroupDiverse-Gap
RUN_131,TRIAD_044,A15_GroupDiverse-Gap_B3000,R1,1385197443,1991832991,666,Det/images/normal_train/00617636.png,0,05,easy_clean,0.0006049443,1.0,0.0011413784,normal_replay,GroupDiverse-Gap
RUN_131,TRIAD_044,A15_GroupDiverse-Gap_B3000,R1,1385197443,1991832991,667,Det/images/normal_train/00596666.png,0,02,easy_clean,0.0454365853,1.0,0.0185208811,normal_replay,GroupDiverse-Gap
RUN_131,TRIAD_044,A15_GroupDiverse-Gap_B3000,R1,1385197443,1991832991,668,Det/images/normal_train/00802988.png,0,02,easy_clean,0.0202930892,1.0,0.0184106354,normal_replay,GroupDiverse-Gap
RUN_131,TRIAD_044,A15_GroupDiverse-Gap_B3000,R1,1385197443,1991832991,669,Det/images/normal_train/00560599.png,0,01,learnable_hard,0.3088870763,0.98,0.1056657377,normal_replay,GroupDiverse-Gap
RUN_131,TRIAD_044,A15_GroupDiverse-Gap_B3000,R1,1385197443,1991832991,670,Det/images/normal_train/00845191.png,0,04,easy_clean,7.26387e-05,1.0,0.0001039097,normal_replay,GroupDiverse-Gap
RUN_131,TRIAD_044,A15_GroupDiverse-Gap_B3000,R1,1385197443,1991832991,671,Det/images/normal_train/00323316.png,0,06,learnable_hard,0.0326187159,0.995,0.0769506727,normal_replay,GroupDiverse-Gap
RUN_131,TRIAD_044,A15_GroupDiverse-Gap_B3000,R1,1385197443,1991832991,672,Det/images/normal_train/00797046.png,0,06,easy_clean,0.0289846991,1.0,0.0437878222,normal_replay,GroupDiverse-Gap
RUN_131,TRIAD_044,A15_GroupDiverse-Gap_B3000,R1,1385197443,1991832991,673,Det/images/normal_train/01132577.png,0,07,easy_clean,0.0056046119,1.0,0.0081621743,normal_replay,GroupDiverse-Gap
RUN_131,TRIAD_044,A15_GroupDiverse-Gap_B3000,R1,1385197443,1991832991,674,Det/images/normal_train/00518660.png,0,09,easy_clean,0.0195101631,1.0,0.030587815,normal_replay,GroupDiverse-Gap
RUN_131,TRIAD_044,A15_GroupDiverse-Gap_B3000,R1,1385197443,1991832991,675,Det/images/normal_train/01078643.png,0,06,learnable_hard,0.3541371106,0.8,0.1893981568,normal_replay,GroupDiverse-Gap
RUN_131,TRIAD_044,A15_GroupDiverse-Gap_B3000,R1,1385197443,1991832991,676,Det/images/normal_train/01128797.png,0,09,easy_clean,0.0174773742,1.0,0.0189155627,normal_replay,GroupDiverse-Gap
RUN_131,TRIAD_044,A15_GroupDiverse-Gap_B3000,R1,1385197443,1991832991,677,Det/images/normal_train/01052506.png,0,01,easy_clean,0.010004814,1.0,0.0128318753,normal_replay,GroupDiverse-Gap
RUN_131,TRIAD_044,A15_GroupDiverse-Gap_B3000,R1,1385197443,1991832991,678,Det/images/normal_train/01181289.png,0,01,learnable_hard,0.3526183468,0.655,0.227763207,normal_replay,GroupDiverse-Gap
RUN_131,TRIAD_044,A15_GroupDiverse-Gap_B3000,R1,1385197443,1991832991,679,Det/images/normal_train/00366258.png,0,02,easy_clean,0.0126341248,1.0,0.0184727211,normal_replay,GroupDiverse-Gap
RUN_131,TRIAD_044,A15_GroupDiverse-Gap_B3000,R1,1385197443,1991832991,680,Det/images/normal_train/00924368.png,0,07,learnable_hard,0.0615159515,0.99,0.0823788141,normal_replay,GroupDiverse-Gap
RUN_131,TRIAD_044,A15_GroupDiverse-Gap_B3000,R1,1385197443,1991832991,681,Det/images/normal_train/00995708.png,0,05,ordinary,0.1211743028,1.0,0.0690680546,normal_replay,GroupDiverse-Gap
RUN_131,TRIAD_044,A15_GroupDiverse-Gap_B3000,R1,1385197443,1991832991,682,Det/images/normal_train/00174489.png,0,01,easy_clean,0.0101050816,1.0,0.0178685341,normal_replay,GroupDiverse-Gap
RUN_131,TRIAD_044,A15_GroupDiverse-Gap_B3000,R1,1385197443,1991832991,683,Det/images/normal_train/01030352.png,0,04,easy_clean,0.0189867703,1.0,0.0196119735,normal_replay,GroupDiverse-Gap
RUN_131,TRIAD_044,A15_GroupDiverse-Gap_B3000,R1,1385197443,1991832991,684,Det/images/normal_train/00622861.png,0,02,learnable_hard,0.2223705867,0.99,0.0835840046,normal_replay,GroupDiverse-Gap
RUN_131,TRIAD_044,A15_GroupDiverse-Gap_B3000,R1,1385197443,1991832991,685,Det/images/normal_train/00177079.png,0,07,easy_clean,0.0237324456,1.0,0.0336923371,normal_replay,GroupDiverse-Gap
RUN_131,TRIAD_044,A15_GroupDiverse-Gap_B3000,R1,1385197443,1991832991,686,Det/images/normal_train/01011300.png,0,07,easy_clean,0.0097500602,1.0,0.0137746953,normal_replay,GroupDiverse-Gap
RUN_131,TRIAD_044,A15_GroupDiverse-Gap_B3000,R1,1385197443,1991832991,687,Det/images/normal_train/00513354.png,0,09,easy_clean,0.0040265221,1.0,0.0059336383,normal_replay,GroupDiverse-Gap
RUN_131,TRIAD_044,A15_GroupDiverse-Gap_B3000,R1,1385197443,1991832991,688,Det/images/normal_train/01249315.png,0,05,ordinary,0.4725894915,0.66,0.2588667876,normal_replay,GroupDiverse-Gap
RUN_131,TRIAD_044,A15_GroupDiverse-Gap_B3000,R1,1385197443,1991832991,689,Det/images/normal_train/00819904.png,0,07,easy_clean,0.016250197,1.0,0.0221835885,normal_replay,GroupDiverse-Gap
RUN_131,TRIAD_044,A15_GroupDiverse-Gap_B3000,R1,1385197443,1991832991,690,Det/images/normal_train/01096894.png,0,06,learnable_hard,0.1896256546,0.995,0.1167120409,normal_replay,GroupDiverse-Gap
RUN_131,TRIAD_044,A15_GroupDiverse-Gap_B3000,R1,1385197443,1991832991,691,Det/images/normal_train/00493057.png,0,03,easy_clean,0.0066284164,1.0,0.0164573459,normal_replay,GroupDiverse-Gap
RUN_131,TRIAD_044,A15_GroupDiverse-Gap_B3000,R1,1385197443,1991832991,692,Det/images/normal_train/00147838.png,0,08,easy_clean,0.0026932004,1.0,0.0041460211,normal_replay,GroupDiverse-Gap
RUN_131,TRIAD_044,A15_GroupDiverse-Gap_B3000,R1,1385197443,1991832991,693,Det/images/normal_train/00366343.png,0,02,easy_clean,0.0034679302,1.0,0.0036881187,normal_replay,GroupDiverse-Gap
RUN_131,TRIAD_044,A15_GroupDiverse-Gap_B3000,R1,1385197443,1991832991,694,Det/images/normal_train/00846426.png,0,01,easy_clean,0.0003248027,1.0,0.0007422381,normal_replay,GroupDiverse-Gap
RUN_131,TRIAD_044,A15_GroupDiverse-Gap_B3000,R1,1385197443,1991832991,695,Det/images/normal_train/00528129.png,0,04,easy_clean,0.0483617255,1.0,0.0587699612,normal_replay,GroupDiverse-Gap
RUN_131,TRIAD_044,A15_GroupDiverse-Gap_B3000,R1,1385197443,1991832991,696,Det/images/normal_train/00944697.png,0,05,ordinary,0.1605581818,1.0,0.039795363,normal_replay,GroupDiverse-Gap
RUN_131,TRIAD_044,A15_GroupDiverse-Gap_B3000,R1,1385197443,1991832991,697,Det/images/normal_train/00849371.png,0,05,easy_clean,0.0243835961,1.0,0.0209839881,normal_replay,GroupDiverse-Gap
RUN_131,TRIAD_044,A15_GroupDiverse-Gap_B3000,R1,1385197443,1991832991,698,Det/images/normal_train/01256828.png,0,02,easy_clean,0.0076547211,1.0,0.0109183052,normal_replay,GroupDiverse-Gap
RUN_131,TRIAD_044,A15_GroupDiverse-Gap_B3000,R1,1385197443,1991832991,699,Det/images/normal_train/00251827.png,0,04,easy_clean,0.0023064588,1.0,0.0071065281,normal_replay,GroupDiverse-Gap
RUN_131,TRIAD_044,A15_GroupDiverse-Gap_B3000,R1,1385197443,1991832991,700,Det/images/normal_train/00414160.png,0,05,easy_clean,0.0030166679,1.0,0.0052206556,normal_replay,GroupDiverse-Gap
RUN_131,TRIAD_044,A15_GroupDiverse-Gap_B3000,R1,1385197443,1991832991,701,Det/images/normal_train/01129452.png,0,09,easy_clean,0.0388974062,1.0,0.0318290793,normal_replay,GroupDiverse-Gap
RUN_131,TRIAD_044,A15_GroupDiverse-Gap_B3000,R1,1385197443,1991832991,702,Det/images/normal_train/00854935.png,0,09,easy_clean,0.0019778988,1.0,0.0023630492,normal_replay,GroupDiverse-Gap
RUN_131,TRIAD_044,A15_GroupDiverse-Gap_B3000,R1,1385197443,1991832991,703,Det/images/normal_train/00767593.png,0,03,easy_clean,0.004755604,1.0,0.0148171929,normal_replay,GroupDiverse-Gap
RUN_131,TRIAD_044,A15_GroupDiverse-Gap_B3000,R1,1385197443,1991832991,704,Det/images/normal_train/00721241.png,0,09,easy_clean,0.008545691,1.0,0.0083564661,normal_replay,GroupDiverse-Gap
RUN_131,TRIAD_044,A15_GroupDiverse-Gap_B3000,R1,1385197443,1991832991,705,Det/images/normal_train/00990233.png,0,03,learnable_hard,0.0722312821,0.985,0.1000934854,normal_replay,GroupDiverse-Gap
RUN_131,TRIAD_044,A15_GroupDiverse-Gap_B3000,R1,1385197443,1991832991,706,Det/images/normal_train/00173282.png,0,04,learnable_hard,0.3013518507,0.855,0.2091271355,normal_replay,GroupDiverse-Gap
RUN_131,TRIAD_044,A15_GroupDiverse-Gap_B3000,R1,1385197443,1991832991,707,Det/images/normal_train/00741041.png,0,07,unstable_boundary,0.5865563767,0.28,0.1443636163,normal_replay,GroupDiverse-Gap
RUN_131,TRIAD_044,A15_GroupDiverse-Gap_B3000,R1,1385197443,1991832991,708,Det/images/normal_train/00603673.png,0,09,easy_clean,0.0039395953,1.0,0.004131743,normal_replay,GroupDiverse-Gap
RUN_131,TRIAD_044,A15_GroupDiverse-Gap_B3000,R1,1385197443,1991832991,709,Det/images/normal_train/00392745.png,0,08,learnable_hard,0.111722005,0.98,0.1217826835,normal_replay,GroupDiverse-Gap
RUN_131,TRIAD_044,A15_GroupDiverse-Gap_B3000,R1,1385197443,1991832991,710,Det/images/normal_train/01179256.png,0,07,easy_clean,0.0228456989,1.0,0.0192206054,normal_replay,GroupDiverse-Gap
RUN_131,TRIAD_044,A15_GroupDiverse-Gap_B3000,R1,1385197443,1991832991,711,Det/images/normal_train/01050913.png,0,08,learnable_hard,0.2109837902,0.965,0.1814835626,normal_replay,GroupDiverse-Gap
RUN_131,TRIAD_044,A15_GroupDiverse-Gap_B3000,R1,1385197443,1991832991,712,Det/images/normal_train/00980425.png,0,01,easy_clean,0.0040025916,1.0,0.0064827427,normal_replay,GroupDiverse-Gap
RUN_131,TRIAD_044,A15_GroupDiverse-Gap_B3000,R1,1385197443,1991832991,713,Det/images/normal_train/00524332.png,0,02,easy_clean,0.0068694367,1.0,0.0075385884,normal_replay,GroupDiverse-Gap
RUN_131,TRIAD_044,A15_GroupDiverse-Gap_B3000,R1,1385197443,1991832991,714,Det/images/normal_train/00928505.png,0,03,easy_clean,0.0048056336,1.0,0.0252418743,normal_replay,GroupDiverse-Gap
RUN_131,TRIAD_044,A15_GroupDiverse-Gap_B3000,R1,1385197443,1991832991,715,Det/images/normal_train/00990371.png,0,03,learnable_hard,0.3420528383,0.955,0.1287474799,normal_replay,GroupDiverse-Gap
RUN_131,TRIAD_044,A15_GroupDiverse-Gap_B3000,R1,1385197443,1991832991,716,Det/images/normal_train/00538572.png,0,09,easy_clean,0.0224642677,0.995,0.0552666148,normal_replay,GroupDiverse-Gap
RUN_131,TRIAD_044,A15_GroupDiverse-Gap_B3000,R1,1385197443,1991832991,717,Det/images/normal_train/00258514.png,0,02,easy_clean,0.0095054286,1.0,0.0197418708,normal_replay,GroupDiverse-Gap
RUN_131,TRIAD_044,A15_GroupDiverse-Gap_B3000,R1,1385197443,1991832991,718,Det/images/normal_train/01124111.png,0,08,persistent_hard,0.5294123789,0.435,0.2535835761,normal_replay,GroupDiverse-Gap
RUN_131,TRIAD_044,A15_GroupDiverse-Gap_B3000,R1,1385197443,1991832991,719,Det/images/normal_train/01025634.png,0,01,easy_clean,0.00138848,1.0,0.0014366452,normal_replay,GroupDiverse-Gap
RUN_131,TRIAD_044,A15_GroupDiverse-Gap_B3000,R1,1385197443,1991832991,720,Det/images/normal_train/00514191.png,0,02,easy_clean,0.0312970104,1.0,0.0407777356,normal_replay,GroupDiverse-Gap
RUN_131,TRIAD_044,A15_GroupDiverse-Gap_B3000,R1,1385197443,1991832991,721,Det/images/normal_train/00971588.png,0,02,learnable_hard,0.0407056382,0.995,0.0638947019,normal_replay,GroupDiverse-Gap
RUN_131,TRIAD_044,A15_GroupDiverse-Gap_B3000,R1,1385197443,1991832991,722,Det/images/normal_train/00732999.png,0,04,learnable_hard,0.061655535,0.985,0.1085769444,normal_replay,GroupDiverse-Gap
RUN_131,TRIAD_044,A15_GroupDiverse-Gap_B3000,R1,1385197443,1991832991,723,Det/images/normal_train/01291925.png,0,07,easy_clean,0.0127150469,1.0,0.0245473785,normal_replay,GroupDiverse-Gap
RUN_131,TRIAD_044,A15_GroupDiverse-Gap_B3000,R1,1385197443,1991832991,724,Det/images/normal_train/01113859.png,0,07,easy_clean,0.0129155354,1.0,0.0181946681,normal_replay,GroupDiverse-Gap
RUN_131,TRIAD_044,A15_GroupDiverse-Gap_B3000,R1,1385197443,1991832991,725,Det/images/normal_train/00810384.png,0,09,easy_clean,0.0055400941,1.0,0.0074554948,normal_replay,GroupDiverse-Gap
RUN_131,TRIAD_044,A15_GroupDiverse-Gap_B3000,R1,1385197443,1991832991,726,Det/images/normal_train/00334032.png,0,06,easy_clean,0.0033736176,1.0,0.0041289761,normal_replay,GroupDiverse-Gap
RUN_131,TRIAD_044,A15_GroupDiverse-Gap_B3000,R1,1385197443,1991832991,727,Det/images/normal_train/00971336.png,0,02,easy_clean,0.0153236614,1.0,0.0291449141,normal_replay,GroupDiverse-Gap
RUN_131,TRIAD_044,A15_GroupDiverse-Gap_B3000,R1,1385197443,1991832991,728,Det/images/normal_train/00837553.png,0,02,easy_clean,0.0029594763,1.0,0.006020947,normal_replay,GroupDiverse-Gap
RUN_131,TRIAD_044,A15_GroupDiverse-Gap_B3000,R1,1385197443,1991832991,729,Det/images/normal_train/00566541.png,0,07,easy_clean,0.000558908,1.0,0.000797213,normal_replay,GroupDiverse-Gap
RUN_131,TRIAD_044,A15_GroupDiverse-Gap_B3000,R1,1385197443,1991832991,730,Det/images/normal_train/00355508.png,0,01,easy_clean,0.0186716886,1.0,0.0363115934,normal_replay,GroupDiverse-Gap
RUN_131,TRIAD_044,A15_GroupDiverse-Gap_B3000,R1,1385197443,1991832991,731,Det/images/normal_train/00307482.png,0,08,easy_clean,0.0108935018,1.0,0.0116522633,normal_replay,GroupDiverse-Gap
RUN_131,TRIAD_044,A15_GroupDiverse-Gap_B3000,R1,1385197443,1991832991,732,Det/images/normal_train/00923618.png,0,08,easy_clean,0.0070306357,1.0,0.0099794186,normal_replay,GroupDiverse-Gap
RUN_131,TRIAD_044,A15_GroupDiverse-Gap_B3000,R1,1385197443,1991832991,733,Det/images/normal_train/01217348.png,0,06,easy_clean,0.0044323591,1.0,0.0050662125,normal_replay,GroupDiverse-Gap
RUN_131,TRIAD_044,A15_GroupDiverse-Gap_B3000,R1,1385197443,1991832991,734,Det/images/normal_train/00741713.png,0,07,easy_clean,0.0117770421,1.0,0.0136206896,normal_replay,GroupDiverse-Gap
RUN_131,TRIAD_044,A15_GroupDiverse-Gap_B3000,R1,1385197443,1991832991,735,Det/images/normal_train/00819325.png,0,07,easy_clean,0.0026969634,1.0,0.010107392,normal_replay,GroupDiverse-Gap
RUN_131,TRIAD_044,A15_GroupDiverse-Gap_B3000,R1,1385197443,1991832991,736,Det/images/normal_train/00875729.png,0,06,easy_clean,0.0029389824,1.0,0.0027815763,normal_replay,GroupDiverse-Gap
RUN_131,TRIAD_044,A15_GroupDiverse-Gap_B3000,R1,1385197443,1991832991,737,Det/images/normal_train/00550637.png,0,08,easy_clean,0.0192900009,0.995,0.0504499142,normal_replay,GroupDiverse-Gap
RUN_131,TRIAD_044,A15_GroupDiverse-Gap_B3000,R1,1385197443,1991832991,738,Det/images/normal_train/00515381.png,0,03,easy_clean,0.0049914865,1.0,0.007012216,normal_replay,GroupDiverse-Gap
RUN_131,TRIAD_044,A15_GroupDiverse-Gap_B3000,R1,1385197443,1991832991,739,Det/images/normal_train/01225647.png,0,01,easy_clean,0.0067093418,1.0,0.0117112237,normal_replay,GroupDiverse-Gap
RUN_131,TRIAD_044,A15_GroupDiverse-Gap_B3000,R1,1385197443,1991832991,740,Det/images/normal_train/00919404.png,0,04,easy_clean,0.0018943522,1.0,0.0024835284,normal_replay,GroupDiverse-Gap
RUN_131,TRIAD_044,A15_GroupDiverse-Gap_B3000,R1,1385197443,1991832991,741,Det/images/normal_train/00578020.png,0,03,easy_clean,0.0009648396,1.0,0.0015299608,normal_replay,GroupDiverse-Gap
RUN_131,TRIAD_044,A15_GroupDiverse-Gap_B3000,R1,1385197443,1991832991,742,Det/images/normal_train/01294129.png,0,05,easy_clean,0.0147819867,1.0,0.0132970798,normal_replay,GroupDiverse-Gap
RUN_131,TRIAD_044,A15_GroupDiverse-Gap_B3000,R1,1385197443,1991832991,743,Det/images/normal_train/00244576.png,0,07,easy_clean,0.0083108453,1.0,0.0089500654,normal_replay,GroupDiverse-Gap
RUN_131,TRIAD_044,A15_GroupDiverse-Gap_B3000,R1,1385197443,1991832991,744,Det/images/normal_train/00772973.png,0,01,easy_clean,0.0048271084,1.0,0.0056200199,normal_replay,GroupDiverse-Gap
RUN_131,TRIAD_044,A15_GroupDiverse-Gap_B3000,R1,1385197443,1991832991,745,Det/images/normal_train/01037991.png,0,03,learnable_hard,0.0746454565,0.985,0.0972921603,normal_replay,GroupDiverse-Gap
RUN_131,TRIAD_044,A15_GroupDiverse-Gap_B3000,R1,1385197443,1991832991,746,Det/images/normal_train/01191781.png,0,09,learnable_hard,0.1699366852,0.995,0.0822586838,normal_replay,GroupDiverse-Gap
RUN_131,TRIAD_044,A15_GroupDiverse-Gap_B3000,R1,1385197443,1991832991,747,Det/images/normal_train/00591744.png,0,07,easy_clean,0.0030631401,1.0,0.0048067888,normal_replay,GroupDiverse-Gap
RUN_131,TRIAD_044,A15_GroupDiverse-Gap_B3000,R1,1385197443,1991832991,748,Det/images/normal_train/01125801.png,0,02,easy_clean,0.0160803809,1.0,0.0176663526,normal_replay,GroupDiverse-Gap
RUN_131,TRIAD_044,A15_GroupDiverse-Gap_B3000,R1,1385197443,1991832991,749,Det/images/normal_train/01228631.png,0,02,easy_clean,0.0374450669,1.0,0.0329459433,normal_replay,GroupDiverse-Gap
RUN_131,TRIAD_044,A15_GroupDiverse-Gap_B3000,R1,1385197443,1991832991,750,Det/images/normal_train/01246443.png,0,01,easy_clean,0.001452791,1.0,0.0034059693,normal_replay,GroupDiverse-Gap
RUN_131,TRIAD_044,A15_GroupDiverse-Gap_B3000,R1,1385197443,1991832991,751,Det/images/normal_train/00817658.png,0,07,unstable_boundary,0.4022264197,0.71,0.1312053878,normal_replay,GroupDiverse-Gap
RUN_131,TRIAD_044,A15_GroupDiverse-Gap_B3000,R1,1385197443,1991832991,752,Det/images/normal_train/00588050.png,0,04,easy_clean,0.0093521122,1.0,0.0343518292,normal_replay,GroupDiverse-Gap
RUN_131,TRIAD_044,A15_GroupDiverse-Gap_B3000,R1,1385197443,1991832991,753,Det/images/normal_train/00325944.png,0,00,learnable_hard,0.0922901913,0.995,0.1075497251,normal_replay,GroupDiverse-Gap
RUN_131,TRIAD_044,A15_GroupDiverse-Gap_B3000,R1,1385197443,1991832991,754,Det/images/normal_train/01019868.png,0,08,unstable_boundary,0.3944073948,0.845,0.1143793735,normal_replay,GroupDiverse-Gap
RUN_131,TRIAD_044,A15_GroupDiverse-Gap_B3000,R1,1385197443,1991832991,755,Det/images/normal_train/01271713.png,0,03,easy_clean,0.0229725937,1.0,0.020177936,normal_replay,GroupDiverse-Gap
RUN_131,TRIAD_044,A15_GroupDiverse-Gap_B3000,R1,1385197443,1991832991,756,Det/images/normal_train/00879627.png,0,09,easy_clean,0.0008451924,1.0,0.0011936228,normal_replay,GroupDiverse-Gap
RUN_131,TRIAD_044,A15_GroupDiverse-Gap_B3000,R1,1385197443,1991832991,757,Det/images/normal_train/00174449.png,0,01,easy_clean,0.0119746192,1.0,0.014981128,normal_replay,GroupDiverse-Gap
RUN_131,TRIAD_044,A15_GroupDiverse-Gap_B3000,R1,1385197443,1991832991,758,Det/images/normal_train/00868109.png,0,09,easy_clean,0.0845605017,1.0,0.0586744631,normal_replay,GroupDiverse-Gap
RUN_131,TRIAD_044,A15_GroupDiverse-Gap_B3000,R1,1385197443,1991832991,759,Det/images/normal_train/00444481.png,0,02,persistent_hard,0.739236573,0.24,0.2266495417,normal_replay,GroupDiverse-Gap
RUN_131,TRIAD_044,A15_GroupDiverse-Gap_B3000,R1,1385197443,1991832991,760,Det/images/normal_train/01262166.png,0,00,easy_clean,0.0152530625,1.0,0.015032493,normal_replay,GroupDiverse-Gap
RUN_131,TRIAD_044,A15_GroupDiverse-Gap_B3000,R1,1385197443,1991832991,761,Det/images/normal_train/01111327.png,0,07,easy_clean,0.0665486031,1.0,0.0387288866,normal_replay,GroupDiverse-Gap
RUN_131,TRIAD_044,A15_GroupDiverse-Gap_B3000,R1,1385197443,1991832991,762,Det/images/normal_train/00264621.png,0,07,easy_clean,0.0003510844,1.0,0.0005610683,normal_replay,GroupDiverse-Gap
RUN_131,TRIAD_044,A15_GroupDiverse-Gap_B3000,R1,1385197443,1991832991,763,Det/images/normal_train/00639257.png,0,06,learnable_hard,0.0292900624,0.995,0.0722272397,normal_replay,GroupDiverse-Gap
RUN_131,TRIAD_044,A15_GroupDiverse-Gap_B3000,R1,1385197443,1991832991,764,Det/images/normal_train/00683685.png,0,07,easy_clean,0.0017348409,1.0,0.0027621633,normal_replay,GroupDiverse-Gap
RUN_131,TRIAD_044,A15_GroupDiverse-Gap_B3000,R1,1385197443,1991832991,765,Det/images/normal_train/01074734.png,0,04,easy_clean,8.77212e-05,1.0,0.0001915503,normal_replay,GroupDiverse-Gap
RUN_131,TRIAD_044,A15_GroupDiverse-Gap_B3000,R1,1385197443,1991832991,766,Det/images/normal_train/01074038.png,0,04,easy_clean,0.0218767509,1.0,0.017370414,normal_replay,GroupDiverse-Gap
RUN_131,TRIAD_044,A15_GroupDiverse-Gap_B3000,R1,1385197443,1991832991,767,Det/images/normal_train/00318806.png,0,01,easy_clean,0.0113640104,1.0,0.0130698794,normal_replay,GroupDiverse-Gap
RUN_131,TRIAD_044,A15_GroupDiverse-Gap_B3000,R1,1385197443,1991832991,768,Det/images/normal_train/00409246.png,0,06,easy_clean,0.0201575183,1.0,0.0147529085,normal_replay,GroupDiverse-Gap
RUN_131,TRIAD_044,A15_GroupDiverse-Gap_B3000,R1,1385197443,1991832991,769,Det/images/normal_train/00975713.png,0,02,easy_clean,0.0390838386,1.0,0.0273090366,normal_replay,GroupDiverse-Gap
RUN_131,TRIAD_044,A15_GroupDiverse-Gap_B3000,R1,1385197443,1991832991,770,Det/images/normal_train/01085015.png,0,07,easy_clean,0.0168635538,1.0,0.0219567269,normal_replay,GroupDiverse-Gap
RUN_131,TRIAD_044,A15_GroupDiverse-Gap_B3000,R1,1385197443,1991832991,771,Det/images/normal_train/00996586.png,0,04,easy_clean,0.0800118624,1.0,0.074601729,normal_replay,GroupDiverse-Gap
RUN_131,TRIAD_044,A15_GroupDiverse-Gap_B3000,R1,1385197443,1991832991,772,Det/images/normal_train/00608941.png,0,06,easy_clean,0.0030572109,1.0,0.0035880462,normal_replay,GroupDiverse-Gap
RUN_131,TRIAD_044,A15_GroupDiverse-Gap_B3000,R1,1385197443,1991832991,773,Det/images/normal_train/00531022.png,0,04,ordinary,0.2003783564,1.0,0.0923592378,normal_replay,GroupDiverse-Gap
RUN_131,TRIAD_044,A15_GroupDiverse-Gap_B3000,R1,1385197443,1991832991,774,Det/images/normal_train/01030361.png,0,04,easy_clean,0.0213176625,1.0,0.0259943928,normal_replay,GroupDiverse-Gap
RUN_131,TRIAD_044,A15_GroupDiverse-Gap_B3000,R1,1385197443,1991832991,775,Det/images/normal_train/00473460.png,0,06,easy_clean,0.0067021213,1.0,0.0073144947,normal_replay,GroupDiverse-Gap
RUN_131,TRIAD_044,A15_GroupDiverse-Gap_B3000,R1,1385197443,1991832991,776,Det/images/normal_train/01017392.png,0,07,easy_clean,0.0471318455,1.0,0.0324110413,normal_replay,GroupDiverse-Gap
RUN_131,TRIAD_044,A15_GroupDiverse-Gap_B3000,R1,1385197443,1991832991,777,Det/images/normal_train/00211148.png,0,06,easy_clean,0.0005974857,1.0,0.0008328163,normal_replay,GroupDiverse-Gap
RUN_131,TRIAD_044,A15_GroupDiverse-Gap_B3000,R1,1385197443,1991832991,778,Det/images/normal_train/00528820.png,0,04,easy_clean,0.0016073117,1.0,0.0025448567,normal_replay,GroupDiverse-Gap
RUN_131,TRIAD_044,A15_GroupDiverse-Gap_B3000,R1,1385197443,1991832991,779,Det/images/normal_train/00536103.png,0,02,easy_clean,0.0031557845,1.0,0.004312168,normal_replay,GroupDiverse-Gap
RUN_131,TRIAD_044,A15_GroupDiverse-Gap_B3000,R1,1385197443,1991832991,780,Det/images/normal_train/00392743.png,0,08,easy_clean,0.0215776557,1.0,0.0303928527,normal_replay,GroupDiverse-Gap
RUN_131,TRIAD_044,A15_GroupDiverse-Gap_B3000,R1,1385197443,1991832991,781,Det/images/normal_train/01212037.png,0,02,easy_clean,0.019532006,1.0,0.0219880539,normal_replay,GroupDiverse-Gap
RUN_131,TRIAD_044,A15_GroupDiverse-Gap_B3000,R1,1385197443,1991832991,782,Det/images/normal_train/00246413.png,0,08,easy_clean,0.0083781627,1.0,0.0113909578,normal_replay,GroupDiverse-Gap
RUN_131,TRIAD_044,A15_GroupDiverse-Gap_B3000,R1,1385197443,1991832991,783,Det/images/normal_train/00536533.png,0,02,learnable_hard,0.0717118141,0.995,0.0707573569,normal_replay,GroupDiverse-Gap
RUN_131,TRIAD_044,A15_GroupDiverse-Gap_B3000,R1,1385197443,1991832991,784,Det/images/normal_train/00855845.png,0,09,easy_clean,0.0029175271,1.0,0.0050124214,normal_replay,GroupDiverse-Gap
RUN_131,TRIAD_044,A15_GroupDiverse-Gap_B3000,R1,1385197443,1991832991,785,Det/images/normal_train/00996088.png,0,04,easy_clean,0.0686013664,1.0,0.0693248777,normal_replay,GroupDiverse-Gap
RUN_131,TRIAD_044,A15_GroupDiverse-Gap_B3000,R1,1385197443,1991832991,786,Det/images/normal_train/01289337.png,0,01,easy_clean,0.0857656155,1.0,0.0285913815,normal_replay,GroupDiverse-Gap
RUN_131,TRIAD_044,A15_GroupDiverse-Gap_B3000,R1,1385197443,1991832991,787,Det/images/normal_train/01031267.png,0,09,easy_clean,0.0542944831,1.0,0.0537860846,normal_replay,GroupDiverse-Gap
RUN_131,TRIAD_044,A15_GroupDiverse-Gap_B3000,R1,1385197443,1991832991,788,Det/images/normal_train/01126526.png,0,06,persistent_hard,0.641848534,0.16,0.1226703358,normal_replay,GroupDiverse-Gap
RUN_131,TRIAD_044,A15_GroupDiverse-Gap_B3000,R1,1385197443,1991832991,789,Det/images/normal_train/01288145.png,0,07,easy_clean,0.0130626838,1.0,0.0108204492,normal_replay,GroupDiverse-Gap
RUN_131,TRIAD_044,A15_GroupDiverse-Gap_B3000,R1,1385197443,1991832991,790,Det/images/normal_train/00248638.png,0,00,learnable_hard,0.3849276365,0.6,0.2861214555,normal_replay,GroupDiverse-Gap
RUN_131,TRIAD_044,A15_GroupDiverse-Gap_B3000,R1,1385197443,1991832991,791,Det/images/normal_train/00375850.png,0,04,learnable_hard,0.0756214381,0.995,0.10387787,normal_replay,GroupDiverse-Gap
RUN_131,TRIAD_044,A15_GroupDiverse-Gap_B3000,R1,1385197443,1991832991,792,Det/images/normal_train/00592498.png,0,07,easy_clean,0.0046381756,1.0,0.0063762826,normal_replay,GroupDiverse-Gap
RUN_131,TRIAD_044,A15_GroupDiverse-Gap_B3000,R1,1385197443,1991832991,793,Det/images/normal_train/00165382.png,0,06,learnable_hard,0.1377009316,0.915,0.1753016606,normal_replay,GroupDiverse-Gap
RUN_131,TRIAD_044,A15_GroupDiverse-Gap_B3000,R1,1385197443,1991832991,794,Det/images/normal_train/01243717.png,0,00,easy_clean,0.0307231002,1.0,0.0251466503,normal_replay,GroupDiverse-Gap
RUN_131,TRIAD_044,A15_GroupDiverse-Gap_B3000,R1,1385197443,1991832991,795,Det/images/normal_train/01074484.png,0,04,easy_clean,0.0013777497,1.0,0.0026772827,normal_replay,GroupDiverse-Gap
RUN_131,TRIAD_044,A15_GroupDiverse-Gap_B3000,R1,1385197443,1991832991,796,Det/images/normal_train/01198792.png,0,03,easy_clean,0.0192186428,1.0,0.0319935337,normal_replay,GroupDiverse-Gap
RUN_131,TRIAD_044,A15_GroupDiverse-Gap_B3000,R1,1385197443,1991832991,797,Det/images/normal_train/00314765.png,0,05,learnable_hard,0.1679546184,0.97,0.129242462,normal_replay,GroupDiverse-Gap
RUN_131,TRIAD_044,A15_GroupDiverse-Gap_B3000,R1,1385197443,1991832991,798,Det/images/normal_train/01143527.png,0,08,easy_clean,0.0055114031,1.0,0.0106392939,normal_replay,GroupDiverse-Gap
RUN_131,TRIAD_044,A15_GroupDiverse-Gap_B3000,R1,1385197443,1991832991,799,Det/images/normal_train/00895000.png,0,09,easy_clean,0.002352628,1.0,0.0102263322,normal_replay,GroupDiverse-Gap
RUN_131,TRIAD_044,A15_GroupDiverse-Gap_B3000,R1,1385197443,1991832991,800,Det/images/normal_train/01222065.png,0,07,learnable_hard,0.0847006054,0.995,0.0647448678,normal_replay,GroupDiverse-Gap
RUN_131,TRIAD_044,A15_GroupDiverse-Gap_B3000,R1,1385197443,1991832991,801,Det/images/normal_train/00972362.png,0,03,easy_clean,0.0005305159,1.0,0.0010325862,normal_replay,GroupDiverse-Gap
RUN_131,TRIAD_044,A15_GroupDiverse-Gap_B3000,R1,1385197443,1991832991,802,Det/images/normal_train/01122869.png,0,07,easy_clean,0.0085148879,1.0,0.006712785,normal_replay,GroupDiverse-Gap
RUN_131,TRIAD_044,A15_GroupDiverse-Gap_B3000,R1,1385197443,1991832991,803,Det/images/normal_train/01261191.png,0,00,ordinary,0.1150892093,1.0,0.0735844455,normal_replay,GroupDiverse-Gap
RUN_131,TRIAD_044,A15_GroupDiverse-Gap_B3000,R1,1385197443,1991832991,804,Det/images/normal_train/00362336.png,0,08,easy_clean,0.0008569868,1.0,0.0015760285,normal_replay,GroupDiverse-Gap
RUN_131,TRIAD_044,A15_GroupDiverse-Gap_B3000,R1,1385197443,1991832991,805,Det/images/normal_train/01155229.png,0,07,easy_clean,0.0007541519,1.0,0.0013458913,normal_replay,GroupDiverse-Gap
RUN_131,TRIAD_044,A15_GroupDiverse-Gap_B3000,R1,1385197443,1991832991,806,Det/images/normal_train/01191264.png,0,09,ordinary,0.1776045684,1.0,0.0577947218,normal_replay,GroupDiverse-Gap
RUN_131,TRIAD_044,A15_GroupDiverse-Gap_B3000,R1,1385197443,1991832991,807,Det/images/normal_train/00955931.png,0,02,easy_clean,0.0030084314,1.0,0.0044983309,normal_replay,GroupDiverse-Gap
RUN_131,TRIAD_044,A15_GroupDiverse-Gap_B3000,R1,1385197443,1991832991,808,Det/images/normal_train/01221252.png,0,02,easy_clean,0.0703157454,1.0,0.044626662,normal_replay,GroupDiverse-Gap
RUN_131,TRIAD_044,A15_GroupDiverse-Gap_B3000,R1,1385197443,1991832991,809,Det/images/normal_train/00193806.png,0,06,learnable_hard,0.2568397422,0.99,0.1585486612,normal_replay,GroupDiverse-Gap
RUN_131,TRIAD_044,A15_GroupDiverse-Gap_B3000,R1,1385197443,1991832991,810,Det/images/normal_train/00984561.png,0,02,easy_clean,0.0120260554,1.0,0.0172380925,normal_replay,GroupDiverse-Gap
RUN_131,TRIAD_044,A15_GroupDiverse-Gap_B3000,R1,1385197443,1991832991,811,Det/images/normal_train/00603552.png,0,09,easy_clean,0.0026620818,1.0,0.0026065988,normal_replay,GroupDiverse-Gap
RUN_131,TRIAD_044,A15_GroupDiverse-Gap_B3000,R1,1385197443,1991832991,812,Det/images/normal_train/00588706.png,0,04,easy_clean,0.0112233753,1.0,0.0134242085,normal_replay,GroupDiverse-Gap
RUN_131,TRIAD_044,A15_GroupDiverse-Gap_B3000,R1,1385197443,1991832991,813,Det/images/normal_train/00590291.png,0,04,easy_clean,0.0314507293,1.0,0.0185711158,normal_replay,GroupDiverse-Gap
RUN_131,TRIAD_044,A15_GroupDiverse-Gap_B3000,R1,1385197443,1991832991,814,Det/images/normal_train/00266989.png,0,01,easy_clean,0.0006498001,1.0,0.0009190858,normal_replay,GroupDiverse-Gap
RUN_131,TRIAD_044,A15_GroupDiverse-Gap_B3000,R1,1385197443,1991832991,815,Det/images/normal_train/00315442.png,0,03,learnable_hard,0.014623874,0.995,0.0443263433,normal_replay,GroupDiverse-Gap
RUN_131,TRIAD_044,A15_GroupDiverse-Gap_B3000,R1,1385197443,1991832991,816,Det/images/normal_train/00994051.png,0,04,easy_clean,0.0013937115,1.0,0.0027411879,normal_replay,GroupDiverse-Gap
RUN_131,TRIAD_044,A15_GroupDiverse-Gap_B3000,R1,1385197443,1991832991,817,Det/images/normal_train/00577739.png,0,05,easy_clean,0.0267233954,1.0,0.0292558332,normal_replay,GroupDiverse-Gap
RUN_131,TRIAD_044,A15_GroupDiverse-Gap_B3000,R1,1385197443,1991832991,818,Det/images/normal_train/00329304.png,0,03,easy_clean,0.0186121372,1.0,0.0257344269,normal_replay,GroupDiverse-Gap
RUN_131,TRIAD_044,A15_GroupDiverse-Gap_B3000,R1,1385197443,1991832991,819,Det/images/normal_train/00273106.png,0,08,easy_clean,0.0008563185,1.0,0.00123358,normal_replay,GroupDiverse-Gap
RUN_131,TRIAD_044,A15_GroupDiverse-Gap_B3000,R1,1385197443,1991832991,820,Det/images/normal_train/01139014.png,0,05,easy_clean,0.0058365036,1.0,0.0083966367,normal_replay,GroupDiverse-Gap
RUN_131,TRIAD_044,A15_GroupDiverse-Gap_B3000,R1,1385197443,1991832991,821,Det/images/normal_train/00541369.png,0,08,easy_clean,0.0146175285,1.0,0.0213405308,normal_replay,GroupDiverse-Gap
RUN_131,TRIAD_044,A15_GroupDiverse-Gap_B3000,R1,1385197443,1991832991,822,Det/images/normal_train/01168615.png,0,02,easy_clean,0.0195382367,1.0,0.0163100789,normal_replay,GroupDiverse-Gap
RUN_131,TRIAD_044,A15_GroupDiverse-Gap_B3000,R1,1385197443,1991832991,823,Det/images/normal_train/01222671.png,0,07,learnable_hard,0.2540252295,0.965,0.1366642789,normal_replay,GroupDiverse-Gap
RUN_131,TRIAD_044,A15_GroupDiverse-Gap_B3000,R1,1385197443,1991832991,824,Det/images/normal_train/00522563.png,0,07,easy_clean,0.0124597166,1.0,0.0150180897,normal_replay,GroupDiverse-Gap
RUN_131,TRIAD_044,A15_GroupDiverse-Gap_B3000,R1,1385197443,1991832991,825,Det/images/normal_train/00478928.png,0,01,easy_clean,0.0010481034,1.0,0.0017235807,normal_replay,GroupDiverse-Gap
RUN_131,TRIAD_044,A15_GroupDiverse-Gap_B3000,R1,1385197443,1991832991,826,Det/images/normal_train/00979320.png,0,05,ordinary,0.1166304144,1.0,0.0731188388,normal_replay,GroupDiverse-Gap
RUN_131,TRIAD_044,A15_GroupDiverse-Gap_B3000,R1,1385197443,1991832991,827,Det/images/normal_train/00503358.png,0,03,easy_clean,0.000199957,1.0,0.0010396266,normal_replay,GroupDiverse-Gap
RUN_131,TRIAD_044,A15_GroupDiverse-Gap_B3000,R1,1385197443,1991832991,828,Det/images/normal_train/01084470.png,0,01,easy_clean,0.0265545376,1.0,0.0330655328,normal_replay,GroupDiverse-Gap
RUN_131,TRIAD_044,A15_GroupDiverse-Gap_B3000,R1,1385197443,1991832991,829,Det/images/normal_train/01195074.png,0,03,easy_clean,0.0344671987,1.0,0.0326534184,normal_replay,GroupDiverse-Gap
RUN_131,TRIAD_044,A15_GroupDiverse-Gap_B3000,R1,1385197443,1991832991,830,Det/images/normal_train/00818666.png,0,02,easy_clean,0.0785399467,1.0,0.0599117527,normal_replay,GroupDiverse-Gap
RUN_131,TRIAD_044,A15_GroupDiverse-Gap_B3000,R1,1385197443,1991832991,831,Det/images/normal_train/00994716.png,0,04,easy_clean,0.0432255313,1.0,0.036078373,normal_replay,GroupDiverse-Gap
RUN_131,TRIAD_044,A15_GroupDiverse-Gap_B3000,R1,1385197443,1991832991,832,Det/images/normal_train/00314527.png,0,05,learnable_hard,0.1973390062,0.995,0.0868225647,normal_replay,GroupDiverse-Gap
RUN_131,TRIAD_044,A15_GroupDiverse-Gap_B3000,R1,1385197443,1991832991,833,Det/images/normal_train/00862756.png,0,07,easy_clean,0.0520347048,1.0,0.0682432112,normal_replay,GroupDiverse-Gap
RUN_131,TRIAD_044,A15_GroupDiverse-Gap_B3000,R1,1385197443,1991832991,834,Det/images/normal_train/00360658.png,0,08,easy_clean,0.0102511249,1.0,0.0066530091,normal_replay,GroupDiverse-Gap
RUN_131,TRIAD_044,A15_GroupDiverse-Gap_B3000,R1,1385197443,1991832991,835,Det/images/normal_train/01236843.png,0,06,easy_clean,0.0102834466,1.0,0.0222149829,normal_replay,GroupDiverse-Gap
RUN_131,TRIAD_044,A15_GroupDiverse-Gap_B3000,R1,1385197443,1991832991,836,Det/images/normal_train/01148273.png,0,04,easy_clean,0.0115114822,1.0,0.0187595051,normal_replay,GroupDiverse-Gap
RUN_131,TRIAD_044,A15_GroupDiverse-Gap_B3000,R1,1385197443,1991832991,837,Det/images/normal_train/00230014.png,0,02,easy_clean,0.0038236476,1.0,0.0077935697,normal_replay,GroupDiverse-Gap
RUN_131,TRIAD_044,A15_GroupDiverse-Gap_B3000,R1,1385197443,1991832991,838,Det/images/normal_train/01165716.png,0,06,easy_clean,0.0647011634,1.0,0.0557221323,normal_replay,GroupDiverse-Gap
RUN_131,TRIAD_044,A15_GroupDiverse-Gap_B3000,R1,1385197443,1991832991,839,Det/images/normal_train/00462690.png,0,03,easy_clean,0.0234209241,1.0,0.0272809823,normal_replay,GroupDiverse-Gap
RUN_131,TRIAD_044,A15_GroupDiverse-Gap_B3000,R1,1385197443,1991832991,840,Det/images/normal_train/01084351.png,0,01,easy_clean,0.0278236359,1.0,0.0339172171,normal_replay,GroupDiverse-Gap
RUN_131,TRIAD_044,A15_GroupDiverse-Gap_B3000,R1,1385197443,1991832991,841,Det/images/normal_train/00577416.png,0,05,easy_clean,0.0156936621,1.0,0.0170516209,normal_replay,GroupDiverse-Gap
RUN_131,TRIAD_044,A15_GroupDiverse-Gap_B3000,R1,1385197443,1991832991,842,Det/images/normal_train/00535824.png,0,02,easy_clean,0.0023205658,1.0,0.0037661771,normal_replay,GroupDiverse-Gap
RUN_131,TRIAD_044,A15_GroupDiverse-Gap_B3000,R1,1385197443,1991832991,843,Det/images/normal_train/00260770.png,0,09,easy_clean,0.0019755314,1.0,0.0027377163,normal_replay,GroupDiverse-Gap
RUN_131,TRIAD_044,A15_GroupDiverse-Gap_B3000,R1,1385197443,1991832991,844,Det/images/normal_train/00486741.png,0,04,easy_clean,0.0077638513,1.0,0.0109245176,normal_replay,GroupDiverse-Gap
RUN_131,TRIAD_044,A15_GroupDiverse-Gap_B3000,R1,1385197443,1991832991,845,Det/images/normal_train/01066137.png,0,00,easy_clean,0.0056903128,1.0,0.0096835519,normal_replay,GroupDiverse-Gap
RUN_131,TRIAD_044,A15_GroupDiverse-Gap_B3000,R1,1385197443,1991832991,846,Det/images/normal_train/00863225.png,0,07,easy_clean,0.0300269229,1.0,0.0219949588,normal_replay,GroupDiverse-Gap
RUN_131,TRIAD_044,A15_GroupDiverse-Gap_B3000,R1,1385197443,1991832991,847,Det/images/normal_train/01293845.png,0,08,easy_clean,0.0156223952,1.0,0.0219258833,normal_replay,GroupDiverse-Gap
RUN_131,TRIAD_044,A15_GroupDiverse-Gap_B3000,R1,1385197443,1991832991,848,Det/images/normal_train/00619084.png,0,04,easy_clean,0.0006447973,1.0,0.0007621771,normal_replay,GroupDiverse-Gap
RUN_131,TRIAD_044,A15_GroupDiverse-Gap_B3000,R1,1385197443,1991832991,849,Det/images/normal_train/00609681.png,0,08,learnable_hard,0.0269137193,0.995,0.0540414466,normal_replay,GroupDiverse-Gap
RUN_131,TRIAD_044,A15_GroupDiverse-Gap_B3000,R1,1385197443,1991832991,850,Det/images/normal_train/00208560.png,0,01,easy_clean,0.0056735415,1.0,0.0071489833,normal_replay,GroupDiverse-Gap
RUN_131,TRIAD_044,A15_GroupDiverse-Gap_B3000,R1,1385197443,1991832991,851,Det/images/normal_train/01084701.png,0,01,ordinary,0.1081127091,1.0,0.0617278506,normal_replay,GroupDiverse-Gap
RUN_131,TRIAD_044,A15_GroupDiverse-Gap_B3000,R1,1385197443,1991832991,852,Det/images/normal_train/01232350.png,0,09,easy_clean,0.0392553469,1.0,0.0391338441,normal_replay,GroupDiverse-Gap
RUN_131,TRIAD_044,A15_GroupDiverse-Gap_B3000,R1,1385197443,1991832991,853,Det/images/normal_train/00992156.png,0,08,easy_clean,0.012030875,1.0,0.0318766944,normal_replay,GroupDiverse-Gap
RUN_131,TRIAD_044,A15_GroupDiverse-Gap_B3000,R1,1385197443,1991832991,854,Det/images/normal_train/00971641.png,0,02,learnable_hard,0.0458100794,0.995,0.0563340918,normal_replay,GroupDiverse-Gap
RUN_131,TRIAD_044,A15_GroupDiverse-Gap_B3000,R1,1385197443,1991832991,855,Det/images/normal_train/01171911.png,0,04,persistent_hard,0.5684658593,0.415,0.1707995517,normal_replay,GroupDiverse-Gap
RUN_131,TRIAD_044,A15_GroupDiverse-Gap_B3000,R1,1385197443,1991832991,856,Det/images/normal_train/00946980.png,0,07,easy_clean,0.0010447118,1.0,0.0028086957,normal_replay,GroupDiverse-Gap
RUN_131,TRIAD_044,A15_GroupDiverse-Gap_B3000,R1,1385197443,1991832991,857,Det/images/normal_train/00786245.png,0,03,learnable_hard,0.0687889803,0.99,0.0967542975,normal_replay,GroupDiverse-Gap
RUN_131,TRIAD_044,A15_GroupDiverse-Gap_B3000,R1,1385197443,1991832991,858,Det/images/normal_train/00188875.png,0,06,easy_clean,0.0527720691,0.995,0.077289412,normal_replay,GroupDiverse-Gap
RUN_131,TRIAD_044,A15_GroupDiverse-Gap_B3000,R1,1385197443,1991832991,859,Det/images/normal_train/01234050.png,0,08,easy_clean,0.0199270464,1.0,0.0282809795,normal_replay,GroupDiverse-Gap
RUN_131,TRIAD_044,A15_GroupDiverse-Gap_B3000,R1,1385197443,1991832991,860,Det/images/normal_train/00825991.png,0,02,easy_clean,0.0065162441,1.0,0.0082352215,normal_replay,GroupDiverse-Gap
RUN_131,TRIAD_044,A15_GroupDiverse-Gap_B3000,R1,1385197443,1991832991,861,Det/images/normal_train/00539457.png,0,06,easy_clean,0.0077594114,1.0,0.0242903083,normal_replay,GroupDiverse-Gap
RUN_131,TRIAD_044,A15_GroupDiverse-Gap_B3000,R1,1385197443,1991832991,862,Det/images/normal_train/00247411.png,0,01,easy_clean,0.0169851885,1.0,0.0301490977,normal_replay,GroupDiverse-Gap
RUN_131,TRIAD_044,A15_GroupDiverse-Gap_B3000,R1,1385197443,1991832991,863,Det/images/normal_train/01114491.png,0,04,easy_clean,0.0322059225,1.0,0.0480953032,normal_replay,GroupDiverse-Gap
RUN_131,TRIAD_044,A15_GroupDiverse-Gap_B3000,R1,1385197443,1991832991,864,Det/images/normal_train/00443175.png,0,00,easy_clean,0.003261227,1.0,0.0050121422,normal_replay,GroupDiverse-Gap
RUN_131,TRIAD_044,A15_GroupDiverse-Gap_B3000,R1,1385197443,1991832991,865,Det/images/normal_train/00770019.png,0,02,easy_clean,0.0050899753,1.0,0.0240746893,normal_replay,GroupDiverse-Gap
RUN_131,TRIAD_044,A15_GroupDiverse-Gap_B3000,R1,1385197443,1991832991,866,Det/images/normal_train/01225850.png,0,01,easy_clean,0.0343671929,1.0,0.0458858332,normal_replay,GroupDiverse-Gap
RUN_131,TRIAD_044,A15_GroupDiverse-Gap_B3000,R1,1385197443,1991832991,867,Det/images/normal_train/00379895.png,0,02,easy_clean,0.0163778531,1.0,0.0186483278,normal_replay,GroupDiverse-Gap
RUN_131,TRIAD_044,A15_GroupDiverse-Gap_B3000,R1,1385197443,1991832991,868,Det/images/normal_train/00294934.png,0,05,easy_clean,0.0038341249,1.0,0.0102439634,normal_replay,GroupDiverse-Gap
RUN_131,TRIAD_044,A15_GroupDiverse-Gap_B3000,R1,1385197443,1991832991,869,Det/images/normal_train/00973986.png,0,05,easy_clean,0.0135307597,1.0,0.0175032514,normal_replay,GroupDiverse-Gap
RUN_131,TRIAD_044,A15_GroupDiverse-Gap_B3000,R1,1385197443,1991832991,870,Det/images/normal_train/00181256.png,0,09,easy_clean,0.0160250688,1.0,0.0096378849,normal_replay,GroupDiverse-Gap
RUN_131,TRIAD_044,A15_GroupDiverse-Gap_B3000,R1,1385197443,1991832991,871,Det/images/normal_train/00154140.png,0,04,easy_clean,0.0410195207,1.0,0.0364340017,normal_replay,GroupDiverse-Gap
RUN_131,TRIAD_044,A15_GroupDiverse-Gap_B3000,R1,1385197443,1991832991,872,Det/images/normal_train/00794689.png,0,08,unstable_boundary,0.6094981265,0.08,0.1203459932,normal_replay,GroupDiverse-Gap
RUN_131,TRIAD_044,A15_GroupDiverse-Gap_B3000,R1,1385197443,1991832991,873,Det/images/normal_train/00970062.png,0,05,easy_clean,0.0042470889,1.0,0.0058896208,normal_replay,GroupDiverse-Gap
RUN_131,TRIAD_044,A15_GroupDiverse-Gap_B3000,R1,1385197443,1991832991,874,Det/images/normal_train/01051827.png,0,06,easy_clean,0.0083815444,1.0,0.0143706832,normal_replay,GroupDiverse-Gap
RUN_131,TRIAD_044,A15_GroupDiverse-Gap_B3000,R1,1385197443,1991832991,875,Det/images/normal_train/00614089.png,0,05,learnable_hard,0.1116241363,0.995,0.0866826288,normal_replay,GroupDiverse-Gap
RUN_131,TRIAD_044,A15_GroupDiverse-Gap_B3000,R1,1385197443,1991832991,876,Det/images/normal_train/00317784.png,0,04,easy_clean,0.0057802953,1.0,0.0109915167,normal_replay,GroupDiverse-Gap
RUN_131,TRIAD_044,A15_GroupDiverse-Gap_B3000,R1,1385197443,1991832991,877,Det/images/normal_train/00596678.png,0,02,easy_clean,0.0598126723,1.0,0.0596479432,normal_replay,GroupDiverse-Gap
RUN_131,TRIAD_044,A15_GroupDiverse-Gap_B3000,R1,1385197443,1991832991,878,Det/images/normal_train/01170784.png,0,09,easy_clean,0.045904939,1.0,0.0370539902,normal_replay,GroupDiverse-Gap
RUN_131,TRIAD_044,A15_GroupDiverse-Gap_B3000,R1,1385197443,1991832991,879,Det/images/normal_train/00596214.png,0,02,easy_clean,0.0043583129,1.0,0.007517577,normal_replay,GroupDiverse-Gap
RUN_131,TRIAD_044,A15_GroupDiverse-Gap_B3000,R1,1385197443,1991832991,880,Det/images/normal_train/00640753.png,0,02,easy_clean,0.0152870623,1.0,0.0167358354,normal_replay,GroupDiverse-Gap
RUN_131,TRIAD_044,A15_GroupDiverse-Gap_B3000,R1,1385197443,1991832991,881,Det/images/normal_train/01176052.png,0,02,easy_clean,0.004672332,1.0,0.0065580227,normal_replay,GroupDiverse-Gap
RUN_131,TRIAD_044,A15_GroupDiverse-Gap_B3000,R1,1385197443,1991832991,882,Det/images/normal_train/00613936.png,0,06,easy_clean,0.0022101325,1.0,0.00150088,normal_replay,GroupDiverse-Gap
RUN_131,TRIAD_044,A15_GroupDiverse-Gap_B3000,R1,1385197443,1991832991,883,Det/images/normal_train/00399506.png,0,08,easy_clean,0.0447568978,1.0,0.0449588147,normal_replay,GroupDiverse-Gap
RUN_131,TRIAD_044,A15_GroupDiverse-Gap_B3000,R1,1385197443,1991832991,884,Det/images/normal_train/00234561.png,0,06,easy_clean,0.0142351257,1.0,0.0143146705,normal_replay,GroupDiverse-Gap
RUN_131,TRIAD_044,A15_GroupDiverse-Gap_B3000,R1,1385197443,1991832991,885,Det/images/normal_train/01176798.png,0,02,easy_clean,0.0087088218,1.0,0.0097297009,normal_replay,GroupDiverse-Gap
RUN_131,TRIAD_044,A15_GroupDiverse-Gap_B3000,R1,1385197443,1991832991,886,Det/images/normal_train/01261219.png,0,00,easy_clean,0.050591817,1.0,0.0253629248,normal_replay,GroupDiverse-Gap
RUN_131,TRIAD_044,A15_GroupDiverse-Gap_B3000,R1,1385197443,1991832991,887,Det/images/normal_train/00815061.png,0,08,easy_clean,0.0175364587,1.0,0.0202114216,normal_replay,GroupDiverse-Gap
RUN_131,TRIAD_044,A15_GroupDiverse-Gap_B3000,R1,1385197443,1991832991,888,Det/images/normal_train/00367628.png,0,04,easy_clean,0.0011868831,1.0,0.0020255036,normal_replay,GroupDiverse-Gap
RUN_131,TRIAD_044,A15_GroupDiverse-Gap_B3000,R1,1385197443,1991832991,889,Det/images/normal_train/00227776.png,0,04,easy_clean,0.0268428956,1.0,0.0321334279,normal_replay,GroupDiverse-Gap
RUN_131,TRIAD_044,A15_GroupDiverse-Gap_B3000,R1,1385197443,1991832991,890,Det/images/normal_train/00655964.png,0,08,learnable_hard,0.0141375058,0.995,0.0411660924,normal_replay,GroupDiverse-Gap
RUN_131,TRIAD_044,A15_GroupDiverse-Gap_B3000,R1,1385197443,1991832991,891,Det/images/normal_train/00410445.png,0,00,easy_clean,0.0227718128,1.0,0.0219481938,normal_replay,GroupDiverse-Gap
RUN_131,TRIAD_044,A15_GroupDiverse-Gap_B3000,R1,1385197443,1991832991,892,Det/images/normal_train/00405056.png,0,05,easy_clean,0.0065949929,1.0,0.0042144833,normal_replay,GroupDiverse-Gap
RUN_131,TRIAD_044,A15_GroupDiverse-Gap_B3000,R1,1385197443,1991832991,893,Det/images/normal_train/00241901.png,0,05,easy_clean,0.0013107232,1.0,0.0019180701,normal_replay,GroupDiverse-Gap
RUN_131,TRIAD_044,A15_GroupDiverse-Gap_B3000,R1,1385197443,1991832991,894,Det/images/normal_train/00864881.png,0,07,easy_clean,0.0026472753,1.0,0.0048513576,normal_replay,GroupDiverse-Gap
RUN_131,TRIAD_044,A15_GroupDiverse-Gap_B3000,R1,1385197443,1991832991,895,Det/images/normal_train/00376304.png,0,00,easy_clean,0.050437958,1.0,0.0702318382,normal_replay,GroupDiverse-Gap
RUN_131,TRIAD_044,A15_GroupDiverse-Gap_B3000,R1,1385197443,1991832991,896,Det/images/normal_train/00242227.png,0,01,easy_clean,0.0128409709,1.0,0.0342288738,normal_replay,GroupDiverse-Gap
RUN_131,TRIAD_044,A15_GroupDiverse-Gap_B3000,R1,1385197443,1991832991,897,Det/images/normal_train/00855104.png,0,09,easy_clean,0.0018700253,1.0,0.0015346466,normal_replay,GroupDiverse-Gap
RUN_131,TRIAD_044,A15_GroupDiverse-Gap_B3000,R1,1385197443,1991832991,898,Det/images/normal_train/00517644.png,0,08,easy_clean,0.0002626655,1.0,0.0005069091,normal_replay,GroupDiverse-Gap
RUN_131,TRIAD_044,A15_GroupDiverse-Gap_B3000,R1,1385197443,1991832991,899,Det/images/normal_train/01122727.png,0,07,easy_clean,0.00594874,1.0,0.0103841407,normal_replay,GroupDiverse-Gap
RUN_131,TRIAD_044,A15_GroupDiverse-Gap_B3000,R1,1385197443,1991832991,900,Det/images/normal_train/01078591.png,0,06,easy_clean,0.0050907562,1.0,0.0144257822,normal_replay,GroupDiverse-Gap
RUN_131,TRIAD_044,A15_GroupDiverse-Gap_B3000,R1,1385197443,1991832991,901,Det/images/normal_train/00558984.png,0,06,easy_clean,0.0012491613,1.0,0.0033152749,normal_replay,GroupDiverse-Gap
RUN_131,TRIAD_044,A15_GroupDiverse-Gap_B3000,R1,1385197443,1991832991,902,Det/images/normal_train/01084941.png,0,01,easy_clean,0.0243721821,1.0,0.0265156952,normal_replay,GroupDiverse-Gap
RUN_131,TRIAD_044,A15_GroupDiverse-Gap_B3000,R1,1385197443,1991832991,903,Det/images/normal_train/00581533.png,0,02,easy_clean,0.0009712469,1.0,0.0016554433,normal_replay,GroupDiverse-Gap
RUN_131,TRIAD_044,A15_GroupDiverse-Gap_B3000,R1,1385197443,1991832991,904,Det/images/normal_train/01265939.png,0,08,easy_clean,0.0470113467,1.0,0.0380322209,normal_replay,GroupDiverse-Gap
RUN_131,TRIAD_044,A15_GroupDiverse-Gap_B3000,R1,1385197443,1991832991,905,Det/images/normal_train/00425451.png,0,02,easy_clean,0.0384911836,1.0,0.0317319018,normal_replay,GroupDiverse-Gap
RUN_131,TRIAD_044,A15_GroupDiverse-Gap_B3000,R1,1385197443,1991832991,906,Det/images/normal_train/00591839.png,0,07,easy_clean,0.0025351699,1.0,0.0037787399,normal_replay,GroupDiverse-Gap
RUN_131,TRIAD_044,A15_GroupDiverse-Gap_B3000,R1,1385197443,1991832991,907,Det/images/normal_train/01177947.png,0,01,easy_clean,0.0106448884,1.0,0.0178567791,normal_replay,GroupDiverse-Gap
RUN_131,TRIAD_044,A15_GroupDiverse-Gap_B3000,R1,1385197443,1991832991,908,Det/images/normal_train/00841890.png,0,04,easy_clean,0.0022913672,1.0,0.0038665805,normal_replay,GroupDiverse-Gap
RUN_131,TRIAD_044,A15_GroupDiverse-Gap_B3000,R1,1385197443,1991832991,909,Det/images/normal_train/01151638.png,0,00,easy_clean,0.0145361235,1.0,0.0186873733,normal_replay,GroupDiverse-Gap
RUN_131,TRIAD_044,A15_GroupDiverse-Gap_B3000,R1,1385197443,1991832991,910,Det/images/normal_train/00263133.png,0,07,easy_clean,0.0002300936,1.0,0.0003859033,normal_replay,GroupDiverse-Gap
RUN_131,TRIAD_044,A15_GroupDiverse-Gap_B3000,R1,1385197443,1991832991,911,Det/images/normal_train/00268554.png,0,03,easy_clean,0.0050711434,1.0,0.0102517442,normal_replay,GroupDiverse-Gap
RUN_131,TRIAD_044,A15_GroupDiverse-Gap_B3000,R1,1385197443,1991832991,912,Det/images/normal_train/00958857.png,0,05,easy_clean,0.073266708,1.0,0.0813592065,normal_replay,GroupDiverse-Gap
RUN_131,TRIAD_044,A15_GroupDiverse-Gap_B3000,R1,1385197443,1991832991,913,Det/images/normal_train/01006691.png,0,05,easy_clean,0.0273235411,1.0,0.0338451893,normal_replay,GroupDiverse-Gap
RUN_131,TRIAD_044,A15_GroupDiverse-Gap_B3000,R1,1385197443,1991832991,914,Det/images/normal_train/00767329.png,0,03,easy_clean,0.0010116866,1.0,0.0046396033,normal_replay,GroupDiverse-Gap
RUN_131,TRIAD_044,A15_GroupDiverse-Gap_B3000,R1,1385197443,1991832991,915,Det/images/normal_train/00212602.png,0,05,easy_clean,0.0414655067,1.0,0.0596465482,normal_replay,GroupDiverse-Gap
RUN_131,TRIAD_044,A15_GroupDiverse-Gap_B3000,R1,1385197443,1991832991,916,Det/images/normal_train/01167349.png,0,01,easy_clean,0.0443565494,1.0,0.0531533898,normal_replay,GroupDiverse-Gap
RUN_131,TRIAD_044,A15_GroupDiverse-Gap_B3000,R1,1385197443,1991832991,917,Det/images/normal_train/01174726.png,0,01,easy_clean,0.0007576947,1.0,0.0019098588,normal_replay,GroupDiverse-Gap
RUN_131,TRIAD_044,A15_GroupDiverse-Gap_B3000,R1,1385197443,1991832991,918,Det/images/normal_train/00225974.png,0,01,easy_clean,0.00544812,1.0,0.0112596081,normal_replay,GroupDiverse-Gap
RUN_131,TRIAD_044,A15_GroupDiverse-Gap_B3000,R1,1385197443,1991832991,919,Det/images/normal_train/00752815.png,0,08,easy_clean,0.0070345186,1.0,0.0163577792,normal_replay,GroupDiverse-Gap
RUN_131,TRIAD_044,A15_GroupDiverse-Gap_B3000,R1,1385197443,1991832991,920,Det/images/normal_train/01142441.png,0,07,easy_clean,0.031801979,1.0,0.0315880227,normal_replay,GroupDiverse-Gap
RUN_131,TRIAD_044,A15_GroupDiverse-Gap_B3000,R1,1385197443,1991832991,921,Det/images/normal_train/00371955.png,0,00,easy_clean,0.0053814086,1.0,0.0084550569,normal_replay,GroupDiverse-Gap
RUN_131,TRIAD_044,A15_GroupDiverse-Gap_B3000,R1,1385197443,1991832991,922,Det/images/normal_train/00333543.png,0,00,easy_clean,0.0178122659,1.0,0.0209599089,normal_replay,GroupDiverse-Gap
RUN_131,TRIAD_044,A15_GroupDiverse-Gap_B3000,R1,1385197443,1991832991,923,Det/images/normal_train/01065133.png,0,08,easy_clean,0.0014295244,1.0,0.0027683207,normal_replay,GroupDiverse-Gap
RUN_131,TRIAD_044,A15_GroupDiverse-Gap_B3000,R1,1385197443,1991832991,924,Det/images/normal_train/01080588.png,0,03,easy_clean,0.0874702402,1.0,0.0608184917,normal_replay,GroupDiverse-Gap
RUN_131,TRIAD_044,A15_GroupDiverse-Gap_B3000,R1,1385197443,1991832991,925,Det/images/normal_train/00611482.png,0,01,easy_clean,0.006368859,1.0,0.0164978093,normal_replay,GroupDiverse-Gap
RUN_131,TRIAD_044,A15_GroupDiverse-Gap_B3000,R1,1385197443,1991832991,926,Det/images/normal_train/00338929.png,0,00,learnable_hard,0.2212126566,0.985,0.1266033739,normal_replay,GroupDiverse-Gap
RUN_131,TRIAD_044,A15_GroupDiverse-Gap_B3000,R1,1385197443,1991832991,927,Det/images/normal_train/01192633.png,0,09,easy_clean,0.0282630163,1.0,0.022847643,normal_replay,GroupDiverse-Gap
RUN_131,TRIAD_044,A15_GroupDiverse-Gap_B3000,R1,1385197443,1991832991,928,Det/images/normal_train/00818392.png,0,02,unstable_boundary,0.5839667673,0.385,0.1626343119,normal_replay,GroupDiverse-Gap
RUN_131,TRIAD_044,A15_GroupDiverse-Gap_B3000,R1,1385197443,1991832991,929,Det/images/normal_train/00853585.png,0,00,easy_clean,0.0014819222,1.0,0.0022063033,normal_replay,GroupDiverse-Gap
RUN_131,TRIAD_044,A15_GroupDiverse-Gap_B3000,R1,1385197443,1991832991,930,Det/images/normal_train/01163707.png,0,08,easy_clean,0.0521949453,1.0,0.0610446997,normal_replay,GroupDiverse-Gap
RUN_131,TRIAD_044,A15_GroupDiverse-Gap_B3000,R1,1385197443,1991832991,931,Det/images/normal_train/01009778.png,0,07,easy_clean,0.0127200083,1.0,0.0130164599,normal_replay,GroupDiverse-Gap
RUN_131,TRIAD_044,A15_GroupDiverse-Gap_B3000,R1,1385197443,1991832991,932,Det/images/normal_train/00779731.png,0,08,easy_clean,0.0022283173,1.0,0.0122927044,normal_replay,GroupDiverse-Gap
RUN_131,TRIAD_044,A15_GroupDiverse-Gap_B3000,R1,1385197443,1991832991,933,Det/images/normal_train/01148671.png,0,04,easy_clean,0.0046813721,1.0,0.0046318709,normal_replay,GroupDiverse-Gap
RUN_131,TRIAD_044,A15_GroupDiverse-Gap_B3000,R1,1385197443,1991832991,934,Det/images/normal_train/00667154.png,0,03,easy_clean,0.0087785367,1.0,0.0208445457,normal_replay,GroupDiverse-Gap
RUN_131,TRIAD_044,A15_GroupDiverse-Gap_B3000,R1,1385197443,1991832991,935,Det/images/normal_train/01054130.png,0,00,easy_clean,0.0072908676,1.0,0.0102835948,normal_replay,GroupDiverse-Gap
RUN_131,TRIAD_044,A15_GroupDiverse-Gap_B3000,R1,1385197443,1991832991,936,Det/images/normal_train/00962635.png,0,04,easy_clean,0.0068942,1.0,0.0086425002,normal_replay,GroupDiverse-Gap
RUN_131,TRIAD_044,A15_GroupDiverse-Gap_B3000,R1,1385197443,1991832991,937,Det/images/normal_train/00607999.png,0,09,easy_clean,0.0054912025,1.0,0.0070663451,normal_replay,GroupDiverse-Gap
RUN_131,TRIAD_044,A15_GroupDiverse-Gap_B3000,R1,1385197443,1991832991,938,Det/images/normal_train/00622816.png,0,02,easy_clean,0.0048720344,1.0,0.0066745397,normal_replay,GroupDiverse-Gap
RUN_131,TRIAD_044,A15_GroupDiverse-Gap_B3000,R1,1385197443,1991832991,939,Det/images/normal_train/01230556.png,0,01,easy_clean,0.0002467372,1.0,0.0006173774,normal_replay,GroupDiverse-Gap
RUN_131,TRIAD_044,A15_GroupDiverse-Gap_B3000,R1,1385197443,1991832991,940,Det/images/normal_train/01054801.png,0,00,easy_clean,0.0009090984,1.0,0.0048909582,normal_replay,GroupDiverse-Gap
RUN_131,TRIAD_044,A15_GroupDiverse-Gap_B3000,R1,1385197443,1991832991,941,Det/images/normal_train/01075298.png,0,05,easy_clean,0.0321170589,1.0,0.019197501,normal_replay,GroupDiverse-Gap
RUN_131,TRIAD_044,A15_GroupDiverse-Gap_B3000,R1,1385197443,1991832991,942,Det/images/normal_train/00653691.png,0,02,easy_clean,0.0175304199,1.0,0.0271623121,normal_replay,GroupDiverse-Gap
RUN_131,TRIAD_044,A15_GroupDiverse-Gap_B3000,R1,1385197443,1991832991,943,Det/images/normal_train/00779326.png,0,08,easy_clean,0.0004726163,1.0,0.0010505826,normal_replay,GroupDiverse-Gap
RUN_131,TRIAD_044,A15_GroupDiverse-Gap_B3000,R1,1385197443,1991832991,944,Det/images/normal_train/01142424.png,0,07,easy_clean,0.0051740788,1.0,0.0056241268,normal_replay,GroupDiverse-Gap
RUN_131,TRIAD_044,A15_GroupDiverse-Gap_B3000,R1,1385197443,1991832991,945,Det/images/normal_train/00534104.png,0,03,easy_clean,0.0018668051,1.0,0.0022157,normal_replay,GroupDiverse-Gap
RUN_131,TRIAD_044,A15_GroupDiverse-Gap_B3000,R1,1385197443,1991832991,946,Det/images/normal_train/01155272.png,0,07,easy_clean,0.0219838873,1.0,0.026976453,normal_replay,GroupDiverse-Gap
RUN_131,TRIAD_044,A15_GroupDiverse-Gap_B3000,R1,1385197443,1991832991,947,Det/images/normal_train/01226227.png,0,00,easy_clean,0.0130253024,1.0,0.023265822,normal_replay,GroupDiverse-Gap
RUN_131,TRIAD_044,A15_GroupDiverse-Gap_B3000,R1,1385197443,1991832991,948,Det/images/normal_train/01046210.png,0,03,learnable_hard,0.0583036709,0.995,0.0639738791,normal_replay,GroupDiverse-Gap
RUN_131,TRIAD_044,A15_GroupDiverse-Gap_B3000,R1,1385197443,1991832991,949,Det/images/normal_train/00445583.png,0,08,easy_clean,0.0058856402,1.0,0.0220559299,normal_replay,GroupDiverse-Gap
RUN_131,TRIAD_044,A15_GroupDiverse-Gap_B3000,R1,1385197443,1991832991,950,Det/images/normal_train/01157245.png,0,06,easy_clean,0.0009644801,1.0,0.0013408128,normal_replay,GroupDiverse-Gap
RUN_131,TRIAD_044,A15_GroupDiverse-Gap_B3000,R1,1385197443,1991832991,951,Det/images/normal_train/00756259.png,0,05,easy_clean,0.0008410114,1.0,0.0010274222,normal_replay,GroupDiverse-Gap
RUN_131,TRIAD_044,A15_GroupDiverse-Gap_B3000,R1,1385197443,1991832991,952,Det/images/normal_train/00282023.png,0,04,ordinary,0.1251958437,1.0,0.0850268449,normal_replay,GroupDiverse-Gap
RUN_131,TRIAD_044,A15_GroupDiverse-Gap_B3000,R1,1385197443,1991832991,953,Det/images/normal_train/01243635.png,0,00,easy_clean,0.0004510242,1.0,0.0008564175,normal_replay,GroupDiverse-Gap
RUN_131,TRIAD_044,A15_GroupDiverse-Gap_B3000,R1,1385197443,1991832991,954,Det/images/normal_train/00924086.png,0,07,easy_clean,0.0002300766,1.0,0.0004862582,normal_replay,GroupDiverse-Gap
RUN_131,TRIAD_044,A15_GroupDiverse-Gap_B3000,R1,1385197443,1991832991,955,Det/images/normal_train/00605058.png,0,01,learnable_hard,0.0629930184,0.995,0.0698961405,normal_replay,GroupDiverse-Gap
RUN_131,TRIAD_044,A15_GroupDiverse-Gap_B3000,R1,1385197443,1991832991,956,Det/images/normal_train/01272690.png,0,00,easy_clean,0.0327496812,1.0,0.0219921241,normal_replay,GroupDiverse-Gap
RUN_131,TRIAD_044,A15_GroupDiverse-Gap_B3000,R1,1385197443,1991832991,957,Det/images/normal_train/01221394.png,0,02,easy_clean,0.0298374428,1.0,0.0373698117,normal_replay,GroupDiverse-Gap
RUN_131,TRIAD_044,A15_GroupDiverse-Gap_B3000,R1,1385197443,1991832991,958,Det/images/normal_train/00787600.png,0,09,easy_clean,0.0089409096,1.0,0.0117496355,normal_replay,GroupDiverse-Gap
RUN_131,TRIAD_044,A15_GroupDiverse-Gap_B3000,R1,1385197443,1991832991,959,Det/images/normal_train/00318461.png,0,01,easy_clean,0.0520855129,1.0,0.0423788772,normal_replay,GroupDiverse-Gap
RUN_131,TRIAD_044,A15_GroupDiverse-Gap_B3000,R1,1385197443,1991832991,960,Det/images/normal_train/00174706.png,0,01,easy_clean,0.0001316047,1.0,0.0002623975,normal_replay,GroupDiverse-Gap
RUN_131,TRIAD_044,A15_GroupDiverse-Gap_B3000,R1,1385197443,1991832991,961,Det/images/normal_train/01250968.png,0,01,easy_clean,0.0115301311,1.0,0.0197159151,normal_replay,GroupDiverse-Gap
RUN_131,TRIAD_044,A15_GroupDiverse-Gap_B3000,R1,1385197443,1991832991,962,Det/images/normal_train/00525216.png,0,05,easy_clean,0.0135699803,1.0,0.0206630533,normal_replay,GroupDiverse-Gap
RUN_131,TRIAD_044,A15_GroupDiverse-Gap_B3000,R1,1385197443,1991832991,963,Det/images/normal_train/00922741.png,0,02,easy_clean,0.0011139885,1.0,0.0053111123,normal_replay,GroupDiverse-Gap
RUN_131,TRIAD_044,A15_GroupDiverse-Gap_B3000,R1,1385197443,1991832991,964,Det/images/normal_train/00178893.png,0,02,easy_clean,0.0796443063,1.0,0.0459338826,normal_replay,GroupDiverse-Gap
RUN_131,TRIAD_044,A15_GroupDiverse-Gap_B3000,R1,1385197443,1991832991,965,Det/images/normal_train/00373268.png,0,03,easy_clean,0.0036206334,1.0,0.0064124187,normal_replay,GroupDiverse-Gap
RUN_131,TRIAD_044,A15_GroupDiverse-Gap_B3000,R1,1385197443,1991832991,966,Det/images/normal_train/00769680.png,0,06,easy_clean,0.0026306788,1.0,0.0058847493,normal_replay,GroupDiverse-Gap
RUN_131,TRIAD_044,A15_GroupDiverse-Gap_B3000,R1,1385197443,1991832991,967,Det/images/normal_train/00257563.png,0,09,ordinary,0.2687454923,1.0,0.0692114087,normal_replay,GroupDiverse-Gap
RUN_131,TRIAD_044,A15_GroupDiverse-Gap_B3000,R1,1385197443,1991832991,968,Det/images/normal_train/00227427.png,0,04,easy_clean,0.0179261988,1.0,0.0455578484,normal_replay,GroupDiverse-Gap
RUN_131,TRIAD_044,A15_GroupDiverse-Gap_B3000,R1,1385197443,1991832991,969,Det/images/normal_train/00574996.png,0,03,easy_clean,0.0002034244,1.0,0.0002882495,normal_replay,GroupDiverse-Gap
RUN_131,TRIAD_044,A15_GroupDiverse-Gap_B3000,R1,1385197443,1991832991,970,Det/images/normal_train/01085049.png,0,07,easy_clean,0.0225091244,1.0,0.0267730786,normal_replay,GroupDiverse-Gap
RUN_131,TRIAD_044,A15_GroupDiverse-Gap_B3000,R1,1385197443,1991832991,971,Det/images/normal_train/00545447.png,0,07,easy_clean,0.0018929707,1.0,0.0029346752,normal_replay,GroupDiverse-Gap
RUN_131,TRIAD_044,A15_GroupDiverse-Gap_B3000,R1,1385197443,1991832991,972,Det/images/normal_train/01202205.png,0,08,easy_clean,0.0603626821,1.0,0.057793218,normal_replay,GroupDiverse-Gap
RUN_131,TRIAD_044,A15_GroupDiverse-Gap_B3000,R1,1385197443,1991832991,973,Det/images/normal_train/00677819.png,0,01,learnable_hard,0.0434665821,0.99,0.091835001,normal_replay,GroupDiverse-Gap
RUN_131,TRIAD_044,A15_GroupDiverse-Gap_B3000,R1,1385197443,1991832991,974,Det/images/normal_train/01031820.png,0,09,easy_clean,0.0327698387,1.0,0.0303273219,normal_replay,GroupDiverse-Gap
RUN_131,TRIAD_044,A15_GroupDiverse-Gap_B3000,R1,1385197443,1991832991,975,Det/images/normal_train/00629861.png,0,09,easy_clean,0.0445210999,1.0,0.0449448209,normal_replay,GroupDiverse-Gap
RUN_131,TRIAD_044,A15_GroupDiverse-Gap_B3000,R1,1385197443,1991832991,976,Det/images/normal_train/01168197.png,0,02,easy_clean,0.0187533075,1.0,0.019550232,normal_replay,GroupDiverse-Gap
RUN_131,TRIAD_044,A15_GroupDiverse-Gap_B3000,R1,1385197443,1991832991,977,Det/images/normal_train/01126500.png,0,06,easy_clean,0.0099331794,1.0,0.0116590975,normal_replay,GroupDiverse-Gap
RUN_131,TRIAD_044,A15_GroupDiverse-Gap_B3000,R1,1385197443,1991832991,978,Det/images/normal_train/00571502.png,0,03,learnable_hard,0.0343643792,0.975,0.1114199609,normal_replay,GroupDiverse-Gap
RUN_131,TRIAD_044,A15_GroupDiverse-Gap_B3000,R1,1385197443,1991832991,979,Det/images/normal_train/00971024.png,0,02,learnable_hard,0.1562444533,0.975,0.1451559892,normal_replay,GroupDiverse-Gap
RUN_131,TRIAD_044,A15_GroupDiverse-Gap_B3000,R1,1385197443,1991832991,980,Det/images/normal_train/00271097.png,0,03,easy_clean,0.0030800527,1.0,0.0036096697,normal_replay,GroupDiverse-Gap
RUN_131,TRIAD_044,A15_GroupDiverse-Gap_B3000,R1,1385197443,1991832991,981,Det/images/normal_train/00585762.png,0,05,learnable_hard,0.1820688389,0.98,0.1122640426,normal_replay,GroupDiverse-Gap
RUN_131,TRIAD_044,A15_GroupDiverse-Gap_B3000,R1,1385197443,1991832991,982,Det/images/normal_train/00644103.png,0,09,easy_clean,0.0207629023,1.0,0.0420027272,normal_replay,GroupDiverse-Gap
RUN_131,TRIAD_044,A15_GroupDiverse-Gap_B3000,R1,1385197443,1991832991,983,Det/images/normal_train/01196686.png,0,06,learnable_hard,0.0421157712,0.995,0.0522081609,normal_replay,GroupDiverse-Gap
RUN_131,TRIAD_044,A15_GroupDiverse-Gap_B3000,R1,1385197443,1991832991,984,Det/images/normal_train/00195001.png,0,08,easy_clean,0.0048105008,1.0,0.0080029304,normal_replay,GroupDiverse-Gap
RUN_131,TRIAD_044,A15_GroupDiverse-Gap_B3000,R1,1385197443,1991832991,985,Det/images/normal_train/01031562.png,0,09,easy_clean,0.0322241507,1.0,0.0415855899,normal_replay,GroupDiverse-Gap
RUN_131,TRIAD_044,A15_GroupDiverse-Gap_B3000,R1,1385197443,1991832991,986,Det/images/normal_train/00206975.png,0,05,learnable_hard,0.4032584712,0.6,0.2189545104,normal_replay,GroupDiverse-Gap
RUN_131,TRIAD_044,A15_GroupDiverse-Gap_B3000,R1,1385197443,1991832991,987,Det/images/normal_train/00271289.png,0,03,easy_clean,0.0030391777,1.0,0.002858455,normal_replay,GroupDiverse-Gap
RUN_131,TRIAD_044,A15_GroupDiverse-Gap_B3000,R1,1385197443,1991832991,988,Det/images/normal_train/00919754.png,0,04,easy_clean,0.019536794,1.0,0.0208817095,normal_replay,GroupDiverse-Gap
RUN_131,TRIAD_044,A15_GroupDiverse-Gap_B3000,R1,1385197443,1991832991,989,Det/images/normal_train/01163591.png,0,08,easy_clean,0.0193311077,1.0,0.0234547403,normal_replay,GroupDiverse-Gap
RUN_131,TRIAD_044,A15_GroupDiverse-Gap_B3000,R1,1385197443,1991832991,990,Det/images/normal_train/01033723.png,0,05,persistent_hard,0.6965737194,0.105,0.1278509146,normal_replay,GroupDiverse-Gap
RUN_131,TRIAD_044,A15_GroupDiverse-Gap_B3000,R1,1385197443,1991832991,991,Det/images/normal_train/01115335.png,0,00,easy_clean,0.0472598627,1.0,0.0367670022,normal_replay,GroupDiverse-Gap
RUN_131,TRIAD_044,A15_GroupDiverse-Gap_B3000,R1,1385197443,1991832991,992,Det/images/normal_train/00462244.png,0,03,easy_clean,0.0022000746,1.0,0.0033964861,normal_replay,GroupDiverse-Gap
RUN_131,TRIAD_044,A15_GroupDiverse-Gap_B3000,R1,1385197443,1991832991,993,Det/images/normal_train/01214588.png,0,00,easy_clean,0.0169729534,1.0,0.0244783278,normal_replay,GroupDiverse-Gap
RUN_131,TRIAD_044,A15_GroupDiverse-Gap_B3000,R1,1385197443,1991832991,994,Det/images/normal_train/01242289.png,0,02,easy_clean,0.0011915309,1.0,0.0019622162,normal_replay,GroupDiverse-Gap
RUN_131,TRIAD_044,A15_GroupDiverse-Gap_B3000,R1,1385197443,1991832991,995,Det/images/normal_train/00220955.png,0,04,learnable_hard,0.0191649655,0.995,0.0497364879,normal_replay,GroupDiverse-Gap
RUN_131,TRIAD_044,A15_GroupDiverse-Gap_B3000,R1,1385197443,1991832991,996,Det/images/normal_train/01174666.png,0,01,easy_clean,0.0026219323,1.0,0.003776905,normal_replay,GroupDiverse-Gap
RUN_131,TRIAD_044,A15_GroupDiverse-Gap_B3000,R1,1385197443,1991832991,997,Det/images/normal_train/00243891.png,0,06,easy_clean,0.0675245164,1.0,0.061218377,normal_replay,GroupDiverse-Gap
RUN_131,TRIAD_044,A15_GroupDiverse-Gap_B3000,R1,1385197443,1991832991,998,Det/images/normal_train/00258449.png,0,02,learnable_hard,0.0079733661,0.995,0.0564434425,normal_replay,GroupDiverse-Gap
RUN_131,TRIAD_044,A15_GroupDiverse-Gap_B3000,R1,1385197443,1991832991,999,Det/images/normal_train/00856190.png,0,08,easy_clean,0.0002349875,1.0,0.0011276248,normal_replay,GroupDiverse-Gap
RUN_131,TRIAD_044,A15_GroupDiverse-Gap_B3000,R1,1385197443,1991832991,1000,Det/images/normal_train/00938473.png,0,08,learnable_hard,0.0391439365,0.98,0.105428524,normal_replay,GroupDiverse-Gap
RUN_131,TRIAD_044,A15_GroupDiverse-Gap_B3000,R1,1385197443,1991832991,1001,Det/images/normal_train/00189430.png,0,02,easy_clean,0.0022365908,1.0,0.0102678129,normal_replay,GroupDiverse-Gap
RUN_131,TRIAD_044,A15_GroupDiverse-Gap_B3000,R1,1385197443,1991832991,1002,Det/images/normal_train/00977096.png,0,09,easy_clean,0.0058005231,1.0,0.0118207315,normal_replay,GroupDiverse-Gap
RUN_131,TRIAD_044,A15_GroupDiverse-Gap_B3000,R1,1385197443,1991832991,1003,Det/images/normal_train/01256294.png,0,02,easy_clean,0.0180042518,1.0,0.0288824729,normal_replay,GroupDiverse-Gap
RUN_131,TRIAD_044,A15_GroupDiverse-Gap_B3000,R1,1385197443,1991832991,1004,Det/images/normal_train/00917637.png,0,08,learnable_hard,0.1410031762,0.98,0.134128186,normal_replay,GroupDiverse-Gap
RUN_131,TRIAD_044,A15_GroupDiverse-Gap_B3000,R1,1385197443,1991832991,1005,Det/images/normal_train/00330696.png,0,00,easy_clean,0.0309162213,1.0,0.0702814072,normal_replay,GroupDiverse-Gap
RUN_131,TRIAD_044,A15_GroupDiverse-Gap_B3000,R1,1385197443,1991832991,1006,Det/images/normal_train/01175014.png,0,05,easy_clean,0.007123516,1.0,0.0139436617,normal_replay,GroupDiverse-Gap
RUN_131,TRIAD_044,A15_GroupDiverse-Gap_B3000,R1,1385197443,1991832991,1007,Det/images/normal_train/00932408.png,0,07,easy_clean,0.0040819516,1.0,0.0048649162,normal_replay,GroupDiverse-Gap
RUN_131,TRIAD_044,A15_GroupDiverse-Gap_B3000,R1,1385197443,1991832991,1008,Det/images/normal_train/01298651.png,0,00,easy_clean,0.0087297751,1.0,0.0078997629,normal_replay,GroupDiverse-Gap
RUN_131,TRIAD_044,A15_GroupDiverse-Gap_B3000,R1,1385197443,1991832991,1009,Det/images/normal_train/01209028.png,0,08,easy_clean,0.0788857157,1.0,0.0600021743,normal_replay,GroupDiverse-Gap
RUN_131,TRIAD_044,A15_GroupDiverse-Gap_B3000,R1,1385197443,1991832991,1010,Det/images/normal_train/00982543.png,0,00,easy_clean,0.0057001435,1.0,0.006310711,normal_replay,GroupDiverse-Gap
RUN_131,TRIAD_044,A15_GroupDiverse-Gap_B3000,R1,1385197443,1991832991,1011,Det/images/normal_train/00951658.png,0,08,easy_clean,0.0198806461,1.0,0.0370662861,normal_replay,GroupDiverse-Gap
RUN_131,TRIAD_044,A15_GroupDiverse-Gap_B3000,R1,1385197443,1991832991,1012,Det/images/normal_train/00266856.png,0,01,easy_clean,0.0109873831,1.0,0.0431098089,normal_replay,GroupDiverse-Gap
RUN_131,TRIAD_044,A15_GroupDiverse-Gap_B3000,R1,1385197443,1991832991,1013,Det/images/normal_train/00932477.png,0,07,easy_clean,0.0306656725,1.0,0.0371652836,normal_replay,GroupDiverse-Gap
RUN_131,TRIAD_044,A15_GroupDiverse-Gap_B3000,R1,1385197443,1991832991,1014,Det/images/normal_train/00752269.png,0,08,easy_clean,0.043342617,1.0,0.0510793584,normal_replay,GroupDiverse-Gap
RUN_131,TRIAD_044,A15_GroupDiverse-Gap_B3000,R1,1385197443,1991832991,1015,Det/images/normal_train/00405065.png,0,05,easy_clean,0.0050958945,1.0,0.0035185707,normal_replay,GroupDiverse-Gap
RUN_131,TRIAD_044,A15_GroupDiverse-Gap_B3000,R1,1385197443,1991832991,1016,Det/images/normal_train/00514275.png,0,02,easy_clean,0.001222786,1.0,0.0020807993,normal_replay,GroupDiverse-Gap
RUN_131,TRIAD_044,A15_GroupDiverse-Gap_B3000,R1,1385197443,1991832991,1017,Det/images/normal_train/01110435.png,0,09,easy_clean,0.014817693,1.0,0.0139215663,normal_replay,GroupDiverse-Gap
RUN_131,TRIAD_044,A15_GroupDiverse-Gap_B3000,R1,1385197443,1991832991,1018,Det/images/normal_train/00846212.png,0,01,easy_clean,0.006349417,1.0,0.0074341051,normal_replay,GroupDiverse-Gap
RUN_131,TRIAD_044,A15_GroupDiverse-Gap_B3000,R1,1385197443,1991832991,1019,Det/images/normal_train/00744893.png,0,06,learnable_hard,0.0902983779,0.995,0.0611607541,normal_replay,GroupDiverse-Gap
RUN_131,TRIAD_044,A15_GroupDiverse-Gap_B3000,R1,1385197443,1991832991,1020,Det/images/normal_train/01170948.png,0,09,easy_clean,0.0792694283,1.0,0.0280400913,normal_replay,GroupDiverse-Gap
RUN_131,TRIAD_044,A15_GroupDiverse-Gap_B3000,R1,1385197443,1991832991,1021,Det/images/normal_train/01157877.png,0,06,easy_clean,0.013205427,1.0,0.0223950759,normal_replay,GroupDiverse-Gap
RUN_131,TRIAD_044,A15_GroupDiverse-Gap_B3000,R1,1385197443,1991832991,1022,Det/images/normal_train/01280839.png,0,03,learnable_hard,0.1687609186,0.97,0.1543566209,normal_replay,GroupDiverse-Gap
RUN_131,TRIAD_044,A15_GroupDiverse-Gap_B3000,R1,1385197443,1991832991,1023,Det/images/normal_train/01070595.png,0,06,easy_clean,0.0086037654,1.0,0.0106109751,normal_replay,GroupDiverse-Gap
RUN_131,TRIAD_044,A15_GroupDiverse-Gap_B3000,R1,1385197443,1991832991,1024,Det/images/normal_train/01263969.png,0,07,unstable_boundary,0.4102158999,0.755,0.1218786273,normal_replay,GroupDiverse-Gap
RUN_131,TRIAD_044,A15_GroupDiverse-Gap_B3000,R1,1385197443,1991832991,1025,Det/images/normal_train/00810983.png,0,09,easy_clean,0.0046424671,1.0,0.0060086166,normal_replay,GroupDiverse-Gap
RUN_131,TRIAD_044,A15_GroupDiverse-Gap_B3000,R1,1385197443,1991832991,1026,Det/images/normal_train/00242281.png,0,01,easy_clean,0.0030567191,1.0,0.0043406787,normal_replay,GroupDiverse-Gap
RUN_131,TRIAD_044,A15_GroupDiverse-Gap_B3000,R1,1385197443,1991832991,1027,Det/images/normal_train/01247284.png,0,02,easy_clean,0.0174164015,1.0,0.0150488674,normal_replay,GroupDiverse-Gap
RUN_131,TRIAD_044,A15_GroupDiverse-Gap_B3000,R1,1385197443,1991832991,1028,Det/images/normal_train/01191865.png,0,09,learnable_hard,0.2222908633,0.98,0.1205938982,normal_replay,GroupDiverse-Gap
RUN_131,TRIAD_044,A15_GroupDiverse-Gap_B3000,R1,1385197443,1991832991,1029,Det/images/normal_train/00849349.png,0,05,easy_clean,0.0022730538,1.0,0.0030121788,normal_replay,GroupDiverse-Gap
RUN_131,TRIAD_044,A15_GroupDiverse-Gap_B3000,R1,1385197443,1991832991,1030,Det/images/normal_train/00579192.png,0,05,learnable_hard,0.0717123089,0.98,0.1050920677,normal_replay,GroupDiverse-Gap
RUN_131,TRIAD_044,A15_GroupDiverse-Gap_B3000,R1,1385197443,1991832991,1031,Det/images/normal_train/00337240.png,0,07,unstable_boundary,0.3543658053,0.99,0.0943601696,normal_replay,GroupDiverse-Gap
RUN_131,TRIAD_044,A15_GroupDiverse-Gap_B3000,R1,1385197443,1991832991,1032,Det/images/normal_train/00234750.png,0,06,easy_clean,0.0049595167,1.0,0.0052135173,normal_replay,GroupDiverse-Gap
RUN_131,TRIAD_044,A15_GroupDiverse-Gap_B3000,R1,1385197443,1991832991,1033,Det/images/normal_train/01193470.png,0,01,easy_clean,0.010354068,1.0,0.0116996326,normal_replay,GroupDiverse-Gap
RUN_131,TRIAD_044,A15_GroupDiverse-Gap_B3000,R1,1385197443,1991832991,1034,Det/images/normal_train/00575673.png,0,00,easy_clean,0.0035339461,1.0,0.0062393855,normal_replay,GroupDiverse-Gap
RUN_131,TRIAD_044,A15_GroupDiverse-Gap_B3000,R1,1385197443,1991832991,1035,Det/images/normal_train/00485992.png,0,09,learnable_hard,0.0565480439,0.995,0.0447953768,normal_replay,GroupDiverse-Gap
RUN_131,TRIAD_044,A15_GroupDiverse-Gap_B3000,R1,1385197443,1991832991,1036,Det/images/normal_train/00444422.png,0,02,learnable_hard,0.3780393272,0.74,0.1898269071,normal_replay,GroupDiverse-Gap
RUN_131,TRIAD_044,A15_GroupDiverse-Gap_B3000,R1,1385197443,1991832991,1037,Det/images/normal_train/00478364.png,0,01,easy_clean,0.0018181201,1.0,0.0027586614,normal_replay,GroupDiverse-Gap
RUN_131,TRIAD_044,A15_GroupDiverse-Gap_B3000,R1,1385197443,1991832991,1038,Det/images/normal_train/01188413.png,0,01,easy_clean,0.0808265611,1.0,0.0509059577,normal_replay,GroupDiverse-Gap
RUN_131,TRIAD_044,A15_GroupDiverse-Gap_B3000,R1,1385197443,1991832991,1039,Det/images/normal_train/00491123.png,0,06,easy_clean,0.0023349986,1.0,0.003215284,normal_replay,GroupDiverse-Gap
RUN_131,TRIAD_044,A15_GroupDiverse-Gap_B3000,R1,1385197443,1991832991,1040,Det/images/normal_train/01175695.png,0,05,learnable_hard,0.0358686928,0.995,0.0794912579,normal_replay,GroupDiverse-Gap
RUN_131,TRIAD_044,A15_GroupDiverse-Gap_B3000,R1,1385197443,1991832991,1041,Det/images/normal_train/00171052.png,0,02,learnable_hard,0.1344072844,0.99,0.1036449878,normal_replay,GroupDiverse-Gap
RUN_131,TRIAD_044,A15_GroupDiverse-Gap_B3000,R1,1385197443,1991832991,1042,Det/images/normal_train/00479285.png,0,03,easy_clean,0.0024080985,1.0,0.0035659227,normal_replay,GroupDiverse-Gap
RUN_131,TRIAD_044,A15_GroupDiverse-Gap_B3000,R1,1385197443,1991832991,1043,Det/images/normal_train/01256227.png,0,02,easy_clean,0.0767583831,1.0,0.0590403605,normal_replay,GroupDiverse-Gap
RUN_131,TRIAD_044,A15_GroupDiverse-Gap_B3000,R1,1385197443,1991832991,1044,Det/images/normal_train/00348604.png,0,03,easy_clean,0.0026323038,1.0,0.003928122,normal_replay,GroupDiverse-Gap
RUN_131,TRIAD_044,A15_GroupDiverse-Gap_B3000,R1,1385197443,1991832991,1045,Det/images/normal_train/00294554.png,0,05,easy_clean,0.0053707602,1.0,0.0066692965,normal_replay,GroupDiverse-Gap
RUN_131,TRIAD_044,A15_GroupDiverse-Gap_B3000,R1,1385197443,1991832991,1046,Det/images/normal_train/00265657.png,0,05,easy_clean,0.000899293,1.0,0.0014171796,normal_replay,GroupDiverse-Gap
RUN_131,TRIAD_044,A15_GroupDiverse-Gap_B3000,R1,1385197443,1991832991,1047,Det/images/normal_train/00333473.png,0,00,easy_clean,0.0160465115,1.0,0.0111920835,normal_replay,GroupDiverse-Gap
RUN_131,TRIAD_044,A15_GroupDiverse-Gap_B3000,R1,1385197443,1991832991,1048,Det/images/normal_train/00958526.png,0,05,easy_clean,0.028129451,1.0,0.0318261747,normal_replay,GroupDiverse-Gap
RUN_131,TRIAD_044,A15_GroupDiverse-Gap_B3000,R1,1385197443,1991832991,1049,Det/images/normal_train/01108837.png,0,01,easy_clean,0.0007268184,1.0,0.0011709116,normal_replay,GroupDiverse-Gap
RUN_131,TRIAD_044,A15_GroupDiverse-Gap_B3000,R1,1385197443,1991832991,1050,Det/images/normal_train/01190700.png,0,02,easy_clean,0.0851069885,1.0,0.0825230295,normal_replay,GroupDiverse-Gap
RUN_131,TRIAD_044,A15_GroupDiverse-Gap_B3000,R1,1385197443,1991832991,1051,Det/images/normal_train/00927492.png,0,09,easy_clean,0.0061585766,1.0,0.0254712671,normal_replay,GroupDiverse-Gap
RUN_131,TRIAD_044,A15_GroupDiverse-Gap_B3000,R1,1385197443,1991832991,1052,Det/images/normal_train/01149706.png,0,05,easy_clean,0.0149620652,1.0,0.0156395992,normal_replay,GroupDiverse-Gap
RUN_131,TRIAD_044,A15_GroupDiverse-Gap_B3000,R1,1385197443,1991832991,1053,Det/images/normal_train/00788646.png,0,03,easy_clean,0.0056238948,1.0,0.0203258454,normal_replay,GroupDiverse-Gap
RUN_131,TRIAD_044,A15_GroupDiverse-Gap_B3000,R1,1385197443,1991832991,1054,Det/images/normal_train/01289893.png,0,01,easy_clean,0.0098099593,1.0,0.006855137,normal_replay,GroupDiverse-Gap
RUN_131,TRIAD_044,A15_GroupDiverse-Gap_B3000,R1,1385197443,1991832991,1055,Det/images/normal_train/00757760.png,0,05,easy_clean,0.000332549,1.0,0.0006729288,normal_replay,GroupDiverse-Gap
RUN_131,TRIAD_044,A15_GroupDiverse-Gap_B3000,R1,1385197443,1991832991,1056,Det/images/normal_train/00249542.png,0,09,learnable_hard,0.0560126295,0.985,0.0991808702,normal_replay,GroupDiverse-Gap
RUN_131,TRIAD_044,A15_GroupDiverse-Gap_B3000,R1,1385197443,1991832991,1057,Det/images/normal_train/00776855.png,0,06,easy_clean,0.0049522323,1.0,0.0096515116,normal_replay,GroupDiverse-Gap
RUN_131,TRIAD_044,A15_GroupDiverse-Gap_B3000,R1,1385197443,1991832991,1058,Det/images/normal_train/01122703.png,0,07,ordinary,0.1226773258,1.0,0.0462089851,normal_replay,GroupDiverse-Gap
RUN_131,TRIAD_044,A15_GroupDiverse-Gap_B3000,R1,1385197443,1991832991,1059,Det/images/normal_train/01290800.png,0,03,ordinary,0.1856788668,1.0,0.1046479414,normal_replay,GroupDiverse-Gap
RUN_131,TRIAD_044,A15_GroupDiverse-Gap_B3000,R1,1385197443,1991832991,1060,Det/images/normal_train/00307941.png,0,08,learnable_hard,0.0618148657,0.995,0.0734481648,normal_replay,GroupDiverse-Gap
RUN_131,TRIAD_044,A15_GroupDiverse-Gap_B3000,R1,1385197443,1991832991,1061,Det/images/normal_train/00997249.png,0,08,learnable_hard,0.267382373,0.87,0.1524169723,normal_replay,GroupDiverse-Gap
RUN_131,TRIAD_044,A15_GroupDiverse-Gap_B3000,R1,1385197443,1991832991,1062,Det/images/normal_train/00927980.png,0,09,easy_clean,0.0027511818,1.0,0.0028048381,normal_replay,GroupDiverse-Gap
RUN_131,TRIAD_044,A15_GroupDiverse-Gap_B3000,R1,1385197443,1991832991,1063,Det/images/normal_train/00522480.png,0,07,easy_clean,0.0020467294,1.0,0.0030263135,normal_replay,GroupDiverse-Gap
RUN_131,TRIAD_044,A15_GroupDiverse-Gap_B3000,R1,1385197443,1991832991,1064,Det/images/normal_train/00538774.png,0,09,easy_clean,0.0025296892,1.0,0.0033785765,normal_replay,GroupDiverse-Gap
RUN_131,TRIAD_044,A15_GroupDiverse-Gap_B3000,R1,1385197443,1991832991,1065,Det/images/normal_train/01243597.png,0,00,easy_clean,7.17758e-05,1.0,0.000102829,normal_replay,GroupDiverse-Gap
RUN_131,TRIAD_044,A15_GroupDiverse-Gap_B3000,R1,1385197443,1991832991,1066,Det/images/normal_train/01030096.png,0,04,learnable_hard,0.1966206692,0.925,0.1738382726,normal_replay,GroupDiverse-Gap
RUN_131,TRIAD_044,A15_GroupDiverse-Gap_B3000,R1,1385197443,1991832991,1067,Det/images/normal_train/00367737.png,0,04,easy_clean,0.0003599497,1.0,0.0005272427,normal_replay,GroupDiverse-Gap
RUN_131,TRIAD_044,A15_GroupDiverse-Gap_B3000,R1,1385197443,1991832991,1068,Det/images/normal_train/00973658.png,0,05,easy_clean,0.001913183,1.0,0.0028071552,normal_replay,GroupDiverse-Gap
RUN_131,TRIAD_044,A15_GroupDiverse-Gap_B3000,R1,1385197443,1991832991,1069,Det/images/normal_train/00327815.png,0,06,learnable_hard,0.0961235658,0.995,0.0555924491,normal_replay,GroupDiverse-Gap
RUN_131,TRIAD_044,A15_GroupDiverse-Gap_B3000,R1,1385197443,1991832991,1070,Det/images/normal_train/00768919.png,0,08,learnable_hard,0.1713784673,0.985,0.1538788806,normal_replay,GroupDiverse-Gap
RUN_131,TRIAD_044,A15_GroupDiverse-Gap_B3000,R1,1385197443,1991832991,1071,Det/images/normal_train/01114097.png,0,04,easy_clean,0.03004435,1.0,0.0404535714,normal_replay,GroupDiverse-Gap
RUN_131,TRIAD_044,A15_GroupDiverse-Gap_B3000,R1,1385197443,1991832991,1072,Det/images/normal_train/00205367.png,0,08,easy_clean,0.0074863095,1.0,0.0334397661,normal_replay,GroupDiverse-Gap
RUN_131,TRIAD_044,A15_GroupDiverse-Gap_B3000,R1,1385197443,1991832991,1073,Det/images/normal_train/00350714.png,0,04,easy_clean,0.0612690627,1.0,0.0693371459,normal_replay,GroupDiverse-Gap
RUN_131,TRIAD_044,A15_GroupDiverse-Gap_B3000,R1,1385197443,1991832991,1074,Det/images/normal_train/00717360.png,0,00,learnable_hard,0.0068196216,0.995,0.0484008961,normal_replay,GroupDiverse-Gap
RUN_131,TRIAD_044,A15_GroupDiverse-Gap_B3000,R1,1385197443,1991832991,1075,Det/images/normal_train/00851098.png,0,01,easy_clean,0.023676566,1.0,0.0332765568,normal_replay,GroupDiverse-Gap
RUN_131,TRIAD_044,A15_GroupDiverse-Gap_B3000,R1,1385197443,1991832991,1076,Det/images/normal_train/01257064.png,0,07,learnable_hard,0.0472633711,0.985,0.1031099429,normal_replay,GroupDiverse-Gap
RUN_131,TRIAD_044,A15_GroupDiverse-Gap_B3000,R1,1385197443,1991832991,1077,Det/images/normal_train/00522383.png,0,07,easy_clean,0.0024303524,1.0,0.0051423146,normal_replay,GroupDiverse-Gap
RUN_131,TRIAD_044,A15_GroupDiverse-Gap_B3000,R1,1385197443,1991832991,1078,Det/images/normal_train/00355340.png,0,01,easy_clean,0.019355356,1.0,0.0300012125,normal_replay,GroupDiverse-Gap
RUN_131,TRIAD_044,A15_GroupDiverse-Gap_B3000,R1,1385197443,1991832991,1079,Det/images/normal_train/01151670.png,0,00,easy_clean,0.0131424617,1.0,0.0336766709,normal_replay,GroupDiverse-Gap
RUN_131,TRIAD_044,A15_GroupDiverse-Gap_B3000,R1,1385197443,1991832991,1080,Det/images/normal_train/01191244.png,0,09,easy_clean,0.0169291145,1.0,0.0117664231,normal_replay,GroupDiverse-Gap
RUN_131,TRIAD_044,A15_GroupDiverse-Gap_B3000,R1,1385197443,1991832991,1081,Det/images/normal_train/00297547.png,0,08,easy_clean,0.0010035945,1.0,0.0012356974,normal_replay,GroupDiverse-Gap
RUN_131,TRIAD_044,A15_GroupDiverse-Gap_B3000,R1,1385197443,1991832991,1082,Det/images/normal_train/01285854.png,0,08,easy_clean,0.0156148356,1.0,0.0212557265,normal_replay,GroupDiverse-Gap
RUN_131,TRIAD_044,A15_GroupDiverse-Gap_B3000,R1,1385197443,1991832991,1083,Det/images/normal_train/00187706.png,0,03,easy_clean,0.0015654371,1.0,0.0032690805,normal_replay,GroupDiverse-Gap
RUN_131,TRIAD_044,A15_GroupDiverse-Gap_B3000,R1,1385197443,1991832991,1084,Det/images/normal_train/01289105.png,0,01,ordinary,0.2723703517,0.965,0.0879846626,normal_replay,GroupDiverse-Gap
RUN_131,TRIAD_044,A15_GroupDiverse-Gap_B3000,R1,1385197443,1991832991,1085,Det/images/normal_train/00556803.png,0,04,learnable_hard,0.016805451,0.995,0.0557499865,normal_replay,GroupDiverse-Gap
RUN_131,TRIAD_044,A15_GroupDiverse-Gap_B3000,R1,1385197443,1991832991,1086,Det/images/normal_train/00703011.png,0,01,easy_clean,0.072111768,1.0,0.0533978028,normal_replay,GroupDiverse-Gap
RUN_131,TRIAD_044,A15_GroupDiverse-Gap_B3000,R1,1385197443,1991832991,1087,Det/images/normal_train/00964892.png,0,05,easy_clean,0.0112249847,0.995,0.0457695315,normal_replay,GroupDiverse-Gap
RUN_131,TRIAD_044,A15_GroupDiverse-Gap_B3000,R1,1385197443,1991832991,1088,Det/images/normal_train/01291291.png,0,07,easy_clean,0.0132080989,1.0,0.0390673461,normal_replay,GroupDiverse-Gap
RUN_131,TRIAD_044,A15_GroupDiverse-Gap_B3000,R1,1385197443,1991832991,1089,Det/images/normal_train/00847745.png,0,04,easy_clean,0.0136049619,1.0,0.0202536581,normal_replay,GroupDiverse-Gap
RUN_131,TRIAD_044,A15_GroupDiverse-Gap_B3000,R1,1385197443,1991832991,1090,Det/images/normal_train/00967974.png,0,04,easy_clean,0.0150224876,1.0,0.0239697273,normal_replay,GroupDiverse-Gap
RUN_131,TRIAD_044,A15_GroupDiverse-Gap_B3000,R1,1385197443,1991832991,1091,Det/images/normal_train/01180151.png,0,04,easy_clean,0.0565504601,1.0,0.05093917,normal_replay,GroupDiverse-Gap
RUN_131,TRIAD_044,A15_GroupDiverse-Gap_B3000,R1,1385197443,1991832991,1092,Det/images/normal_train/00290569.png,0,00,ordinary,0.1119106217,1.0,0.0519750351,normal_replay,GroupDiverse-Gap
RUN_131,TRIAD_044,A15_GroupDiverse-Gap_B3000,R1,1385197443,1991832991,1093,Det/images/normal_train/00187906.png,0,03,learnable_hard,0.1112575549,0.985,0.1356867299,normal_replay,GroupDiverse-Gap
RUN_131,TRIAD_044,A15_GroupDiverse-Gap_B3000,R1,1385197443,1991832991,1094,Det/images/normal_train/01274584.png,0,08,easy_clean,0.0027044774,1.0,0.003266635,normal_replay,GroupDiverse-Gap
RUN_131,TRIAD_044,A15_GroupDiverse-Gap_B3000,R1,1385197443,1991832991,1095,Det/images/normal_train/00150860.png,0,00,easy_clean,0.0468912448,1.0,0.0472576072,normal_replay,GroupDiverse-Gap
RUN_131,TRIAD_044,A15_GroupDiverse-Gap_B3000,R1,1385197443,1991832991,1096,Det/images/normal_train/00173895.png,0,04,learnable_hard,0.1117451937,0.985,0.1328273074,normal_replay,GroupDiverse-Gap
RUN_131,TRIAD_044,A15_GroupDiverse-Gap_B3000,R1,1385197443,1991832991,1097,Det/images/normal_train/00562312.png,0,08,ordinary,0.1168339531,1.0,0.0433491891,normal_replay,GroupDiverse-Gap
RUN_131,TRIAD_044,A15_GroupDiverse-Gap_B3000,R1,1385197443,1991832991,1098,Det/images/normal_train/00999328.png,0,08,easy_clean,0.0015262134,1.0,0.0016839685,normal_replay,GroupDiverse-Gap
RUN_131,TRIAD_044,A15_GroupDiverse-Gap_B3000,R1,1385197443,1991832991,1099,Det/images/normal_train/01054698.png,0,00,easy_clean,0.0014472096,1.0,0.0044064791,normal_replay,GroupDiverse-Gap
RUN_131,TRIAD_044,A15_GroupDiverse-Gap_B3000,R1,1385197443,1991832991,1100,Det/images/normal_train/00613854.png,0,06,easy_clean,0.0523395985,1.0,0.0462038254,normal_replay,GroupDiverse-Gap
RUN_131,TRIAD_044,A15_GroupDiverse-Gap_B3000,R1,1385197443,1991832991,1101,Det/images/normal_train/00472516.png,0,00,easy_clean,0.009822895,1.0,0.0275388937,normal_replay,GroupDiverse-Gap
RUN_131,TRIAD_044,A15_GroupDiverse-Gap_B3000,R1,1385197443,1991832991,1102,Det/images/normal_train/01247312.png,0,02,easy_clean,0.0114932122,1.0,0.0120808075,normal_replay,GroupDiverse-Gap
RUN_131,TRIAD_044,A15_GroupDiverse-Gap_B3000,R1,1385197443,1991832991,1103,Det/images/normal_train/00783088.png,0,01,ordinary,0.1258201783,1.0,0.0913478145,normal_replay,GroupDiverse-Gap
RUN_131,TRIAD_044,A15_GroupDiverse-Gap_B3000,R1,1385197443,1991832991,1104,Det/images/normal_train/00662596.png,0,02,easy_clean,0.0009127911,1.0,0.0022153586,normal_replay,GroupDiverse-Gap
RUN_131,TRIAD_044,A15_GroupDiverse-Gap_B3000,R1,1385197443,1991832991,1105,Det/images/normal_train/01186913.png,0,09,easy_clean,0.0414999634,1.0,0.0387608105,normal_replay,GroupDiverse-Gap
RUN_131,TRIAD_044,A15_GroupDiverse-Gap_B3000,R1,1385197443,1991832991,1106,Det/images/normal_train/00927354.png,0,09,easy_clean,0.0038330942,1.0,0.0037707325,normal_replay,GroupDiverse-Gap
RUN_131,TRIAD_044,A15_GroupDiverse-Gap_B3000,R1,1385197443,1991832991,1107,Det/images/normal_train/00324442.png,0,00,easy_clean,0.0020863178,1.0,0.0027550006,normal_replay,GroupDiverse-Gap
RUN_131,TRIAD_044,A15_GroupDiverse-Gap_B3000,R1,1385197443,1991832991,1108,Det/images/normal_train/00192641.png,0,09,easy_clean,0.000929105,1.0,0.0020352341,normal_replay,GroupDiverse-Gap
RUN_131,TRIAD_044,A15_GroupDiverse-Gap_B3000,R1,1385197443,1991832991,1109,Det/images/normal_train/00365303.png,0,00,easy_clean,0.0016602384,1.0,0.0023334808,normal_replay,GroupDiverse-Gap
RUN_131,TRIAD_044,A15_GroupDiverse-Gap_B3000,R1,1385197443,1991832991,1110,Det/images/normal_train/00658617.png,0,02,easy_clean,0.077894729,1.0,0.0726954351,normal_replay,GroupDiverse-Gap
RUN_131,TRIAD_044,A15_GroupDiverse-Gap_B3000,R1,1385197443,1991832991,1111,Det/images/normal_train/00618769.png,0,04,easy_clean,0.0008965557,1.0,0.0012222559,normal_replay,GroupDiverse-Gap
RUN_131,TRIAD_044,A15_GroupDiverse-Gap_B3000,R1,1385197443,1991832991,1112,Det/images/normal_train/00952500.png,0,09,easy_clean,0.0344781148,1.0,0.0304606077,normal_replay,GroupDiverse-Gap
RUN_131,TRIAD_044,A15_GroupDiverse-Gap_B3000,R1,1385197443,1991832991,1113,Det/images/normal_train/01074649.png,0,04,easy_clean,0.0248721328,1.0,0.0387740534,normal_replay,GroupDiverse-Gap
RUN_131,TRIAD_044,A15_GroupDiverse-Gap_B3000,R1,1385197443,1991832991,1114,Det/images/normal_train/00962243.png,0,04,easy_clean,0.0193366939,1.0,0.0297312437,normal_replay,GroupDiverse-Gap
RUN_131,TRIAD_044,A15_GroupDiverse-Gap_B3000,R1,1385197443,1991832991,1115,Det/images/normal_train/01102708.png,0,08,easy_clean,0.0021024071,1.0,0.0037483129,normal_replay,GroupDiverse-Gap
RUN_131,TRIAD_044,A15_GroupDiverse-Gap_B3000,R1,1385197443,1991832991,1116,Det/images/normal_train/01244413.png,0,04,learnable_hard,0.0852930397,0.99,0.0952132822,normal_replay,GroupDiverse-Gap
RUN_131,TRIAD_044,A15_GroupDiverse-Gap_B3000,R1,1385197443,1991832991,1117,Det/images/normal_train/00336360.png,0,03,easy_clean,0.0131752529,1.0,0.0317549844,normal_replay,GroupDiverse-Gap
RUN_131,TRIAD_044,A15_GroupDiverse-Gap_B3000,R1,1385197443,1991832991,1118,Det/images/normal_train/00530610.png,0,01,easy_clean,0.0011318146,1.0,0.0036334141,normal_replay,GroupDiverse-Gap
RUN_131,TRIAD_044,A15_GroupDiverse-Gap_B3000,R1,1385197443,1991832991,1119,Det/images/normal_train/01221425.png,0,02,learnable_hard,0.1217564146,0.99,0.0966010024,normal_replay,GroupDiverse-Gap
RUN_131,TRIAD_044,A15_GroupDiverse-Gap_B3000,R1,1385197443,1991832991,1120,Det/images/normal_train/00443514.png,0,00,learnable_hard,0.326244692,0.87,0.1889159138,normal_replay,GroupDiverse-Gap
RUN_131,TRIAD_044,A15_GroupDiverse-Gap_B3000,R1,1385197443,1991832991,1121,Det/images/normal_train/00452908.png,0,06,easy_clean,0.0053304955,1.0,0.0072119134,normal_replay,GroupDiverse-Gap
RUN_131,TRIAD_044,A15_GroupDiverse-Gap_B3000,R1,1385197443,1991832991,1122,Det/images/normal_train/01222951.png,0,07,learnable_hard,0.1847288148,0.995,0.1019079084,normal_replay,GroupDiverse-Gap
RUN_131,TRIAD_044,A15_GroupDiverse-Gap_B3000,R1,1385197443,1991832991,1123,Det/images/normal_train/00797708.png,0,06,easy_clean,0.0278721746,1.0,0.0292874492,normal_replay,GroupDiverse-Gap
RUN_131,TRIAD_044,A15_GroupDiverse-Gap_B3000,R1,1385197443,1991832991,1124,Det/images/normal_train/00890715.png,0,06,easy_clean,0.045098355,1.0,0.0271594761,normal_replay,GroupDiverse-Gap
RUN_131,TRIAD_044,A15_GroupDiverse-Gap_B3000,R1,1385197443,1991832991,1125,Det/images/normal_train/00838798.png,0,05,easy_clean,0.0618733762,1.0,0.084935234,normal_replay,GroupDiverse-Gap
RUN_131,TRIAD_044,A15_GroupDiverse-Gap_B3000,R1,1385197443,1991832991,1126,Det/images/normal_train/00944274.png,0,05,learnable_hard,0.0693530422,0.995,0.0705879023,normal_replay,GroupDiverse-Gap
RUN_131,TRIAD_044,A15_GroupDiverse-Gap_B3000,R1,1385197443,1991832991,1127,Det/images/normal_train/01258134.png,0,03,easy_clean,0.0182832,1.0,0.0328723066,normal_replay,GroupDiverse-Gap
RUN_131,TRIAD_044,A15_GroupDiverse-Gap_B3000,R1,1385197443,1991832991,1128,Det/images/normal_train/01269337.png,0,00,easy_clean,0.0045045495,1.0,0.0101637529,normal_replay,GroupDiverse-Gap
RUN_131,TRIAD_044,A15_GroupDiverse-Gap_B3000,R1,1385197443,1991832991,1129,Det/images/normal_train/01167542.png,0,01,easy_clean,0.0147467012,1.0,0.0196229393,normal_replay,GroupDiverse-Gap
RUN_131,TRIAD_044,A15_GroupDiverse-Gap_B3000,R1,1385197443,1991832991,1130,Det/images/normal_train/00857493.png,0,01,easy_clean,0.0032259244,1.0,0.0185794677,normal_replay,GroupDiverse-Gap
RUN_131,TRIAD_044,A15_GroupDiverse-Gap_B3000,R1,1385197443,1991832991,1131,Det/images/normal_train/00254081.png,0,03,easy_clean,0.0004845327,1.0,0.0007290373,normal_replay,GroupDiverse-Gap
RUN_131,TRIAD_044,A15_GroupDiverse-Gap_B3000,R1,1385197443,1991832991,1132,Det/images/normal_train/01002175.png,0,06,easy_clean,0.0233769569,1.0,0.0172331889,normal_replay,GroupDiverse-Gap
RUN_131,TRIAD_044,A15_GroupDiverse-Gap_B3000,R1,1385197443,1991832991,1133,Det/images/normal_train/00553918.png,0,04,unstable_boundary,0.420384519,0.715,0.1568327659,normal_replay,GroupDiverse-Gap
RUN_131,TRIAD_044,A15_GroupDiverse-Gap_B3000,R1,1385197443,1991832991,1134,Det/images/normal_train/00691191.png,0,07,easy_clean,0.0023123178,1.0,0.0037897774,normal_replay,GroupDiverse-Gap
RUN_131,TRIAD_044,A15_GroupDiverse-Gap_B3000,R1,1385197443,1991832991,1135,Det/images/normal_train/00291399.png,0,04,easy_clean,0.0079323383,1.0,0.032103126,normal_replay,GroupDiverse-Gap
RUN_131,TRIAD_044,A15_GroupDiverse-Gap_B3000,R1,1385197443,1991832991,1136,Det/images/normal_train/00809282.png,0,05,easy_clean,0.0100842616,1.0,0.0120287393,normal_replay,GroupDiverse-Gap
RUN_131,TRIAD_044,A15_GroupDiverse-Gap_B3000,R1,1385197443,1991832991,1137,Det/images/normal_train/00476512.png,0,09,easy_clean,0.0165635405,1.0,0.0245666219,normal_replay,GroupDiverse-Gap
RUN_131,TRIAD_044,A15_GroupDiverse-Gap_B3000,R1,1385197443,1991832991,1138,Det/images/normal_train/00975866.png,0,02,easy_clean,0.0572320326,1.0,0.0277881216,normal_replay,GroupDiverse-Gap
RUN_131,TRIAD_044,A15_GroupDiverse-Gap_B3000,R1,1385197443,1991832991,1139,Det/images/normal_train/00827083.png,0,09,easy_clean,0.0006458178,1.0,0.0017961462,normal_replay,GroupDiverse-Gap
RUN_131,TRIAD_044,A15_GroupDiverse-Gap_B3000,R1,1385197443,1991832991,1140,Det/images/normal_train/00945841.png,0,08,easy_clean,0.0137567468,1.0,0.0199356813,normal_replay,GroupDiverse-Gap
RUN_131,TRIAD_044,A15_GroupDiverse-Gap_B3000,R1,1385197443,1991832991,1141,Det/images/normal_train/00211767.png,0,06,easy_clean,0.063678604,1.0,0.0375931651,normal_replay,GroupDiverse-Gap
RUN_131,TRIAD_044,A15_GroupDiverse-Gap_B3000,R1,1385197443,1991832991,1142,Det/images/normal_train/00267244.png,0,07,easy_clean,0.0016637429,1.0,0.0024947119,normal_replay,GroupDiverse-Gap
RUN_131,TRIAD_044,A15_GroupDiverse-Gap_B3000,R1,1385197443,1991832991,1143,Det/images/normal_train/00908043.png,0,06,easy_clean,0.0041176436,1.0,0.0049121267,normal_replay,GroupDiverse-Gap
RUN_131,TRIAD_044,A15_GroupDiverse-Gap_B3000,R1,1385197443,1991832991,1144,Det/images/normal_train/00712063.png,0,01,easy_clean,0.0016443293,1.0,0.0027011542,normal_replay,GroupDiverse-Gap
RUN_131,TRIAD_044,A15_GroupDiverse-Gap_B3000,R1,1385197443,1991832991,1145,Det/images/normal_train/01122693.png,0,07,easy_clean,0.0063500762,1.0,0.0055594876,normal_replay,GroupDiverse-Gap
RUN_131,TRIAD_044,A15_GroupDiverse-Gap_B3000,R1,1385197443,1991832991,1146,Det/images/normal_train/00809991.png,0,05,easy_clean,0.0475754415,1.0,0.0519481076,normal_replay,GroupDiverse-Gap
RUN_131,TRIAD_044,A15_GroupDiverse-Gap_B3000,R1,1385197443,1991832991,1147,Det/images/normal_train/00800312.png,0,05,easy_clean,0.000686908,1.0,0.0014610967,normal_replay,GroupDiverse-Gap
RUN_131,TRIAD_044,A15_GroupDiverse-Gap_B3000,R1,1385197443,1991832991,1148,Det/images/normal_train/00372347.png,0,05,easy_clean,0.003593696,1.0,0.0050045088,normal_replay,GroupDiverse-Gap
RUN_131,TRIAD_044,A15_GroupDiverse-Gap_B3000,R1,1385197443,1991832991,1149,Det/images/normal_train/00856287.png,0,08,easy_clean,0.0360921617,1.0,0.0323789075,normal_replay,GroupDiverse-Gap
RUN_131,TRIAD_044,A15_GroupDiverse-Gap_B3000,R1,1385197443,1991832991,1150,Det/images/normal_train/00919475.png,0,04,easy_clean,0.0130342935,1.0,0.0190506606,normal_replay,GroupDiverse-Gap
RUN_131,TRIAD_044,A15_GroupDiverse-Gap_B3000,R1,1385197443,1991832991,1151,Det/images/normal_train/00248463.png,0,00,easy_clean,0.0101234066,1.0,0.0125800702,normal_replay,GroupDiverse-Gap
RUN_131,TRIAD_044,A15_GroupDiverse-Gap_B3000,R1,1385197443,1991832991,1152,Det/images/normal_train/00549208.png,0,04,easy_clean,0.0193520353,1.0,0.0211171367,normal_replay,GroupDiverse-Gap
RUN_131,TRIAD_044,A15_GroupDiverse-Gap_B3000,R1,1385197443,1991832991,1153,Det/images/normal_train/00243600.png,0,06,easy_clean,0.0250166234,1.0,0.0209816835,normal_replay,GroupDiverse-Gap
RUN_131,TRIAD_044,A15_GroupDiverse-Gap_B3000,R1,1385197443,1991832991,1154,Det/images/normal_train/00762370.png,0,06,unstable_boundary,0.5125064071,0.42,0.1350247587,normal_replay,GroupDiverse-Gap
RUN_131,TRIAD_044,A15_GroupDiverse-Gap_B3000,R1,1385197443,1991832991,1155,Det/images/normal_train/01165308.png,0,06,easy_clean,0.0092543132,1.0,0.0100407837,normal_replay,GroupDiverse-Gap
RUN_131,TRIAD_044,A15_GroupDiverse-Gap_B3000,R1,1385197443,1991832991,1156,Det/images/normal_train/01261367.png,0,00,learnable_hard,0.1574114503,0.99,0.1345696882,normal_replay,GroupDiverse-Gap
RUN_131,TRIAD_044,A15_GroupDiverse-Gap_B3000,R1,1385197443,1991832991,1157,Det/images/normal_train/00522429.png,0,07,easy_clean,0.0343972922,1.0,0.0353867085,normal_replay,GroupDiverse-Gap
RUN_131,TRIAD_044,A15_GroupDiverse-Gap_B3000,R1,1385197443,1991832991,1158,Det/images/normal_train/00310406.png,0,05,easy_clean,0.011321688,1.0,0.0225304653,normal_replay,GroupDiverse-Gap
RUN_131,TRIAD_044,A15_GroupDiverse-Gap_B3000,R1,1385197443,1991832991,1159,Det/images/normal_train/00580536.png,0,02,easy_clean,0.0269441483,1.0,0.0250016378,normal_replay,GroupDiverse-Gap
RUN_131,TRIAD_044,A15_GroupDiverse-Gap_B3000,R1,1385197443,1991832991,1160,Det/images/normal_train/00677522.png,0,01,learnable_hard,0.0774433187,0.98,0.1172193601,normal_replay,GroupDiverse-Gap
RUN_131,TRIAD_044,A15_GroupDiverse-Gap_B3000,R1,1385197443,1991832991,1161,Det/images/normal_train/00265678.png,0,05,easy_clean,0.0012233594,1.0,0.0019987235,normal_replay,GroupDiverse-Gap
RUN_131,TRIAD_044,A15_GroupDiverse-Gap_B3000,R1,1385197443,1991832991,1162,Det/images/normal_train/00693733.png,0,03,easy_clean,0.0067491808,1.0,0.0252835078,normal_replay,GroupDiverse-Gap
RUN_131,TRIAD_044,A15_GroupDiverse-Gap_B3000,R1,1385197443,1991832991,1163,Det/images/normal_train/00174497.png,0,01,easy_clean,0.0001776148,1.0,0.0004103917,normal_replay,GroupDiverse-Gap
RUN_131,TRIAD_044,A15_GroupDiverse-Gap_B3000,R1,1385197443,1991832991,1164,Det/images/normal_train/00611548.png,0,01,easy_clean,0.001814136,1.0,0.0044047317,normal_replay,GroupDiverse-Gap
RUN_131,TRIAD_044,A15_GroupDiverse-Gap_B3000,R1,1385197443,1991832991,1165,Det/images/normal_train/01054677.png,0,00,easy_clean,0.0009816533,1.0,0.0020356848,normal_replay,GroupDiverse-Gap
RUN_131,TRIAD_044,A15_GroupDiverse-Gap_B3000,R1,1385197443,1991832991,1166,Det/images/normal_train/01241915.png,0,09,easy_clean,8.83212e-05,1.0,0.0001521762,normal_replay,GroupDiverse-Gap
RUN_131,TRIAD_044,A15_GroupDiverse-Gap_B3000,R1,1385197443,1991832991,1167,Det/images/normal_train/01031799.png,0,09,easy_clean,0.025849225,1.0,0.0215358611,normal_replay,GroupDiverse-Gap
RUN_131,TRIAD_044,A15_GroupDiverse-Gap_B3000,R1,1385197443,1991832991,1168,Det/images/normal_train/00530934.png,0,01,easy_clean,0.0002336966,1.0,0.0005095642,normal_replay,GroupDiverse-Gap
RUN_131,TRIAD_044,A15_GroupDiverse-Gap_B3000,R1,1385197443,1991832991,1169,Det/images/normal_train/00187836.png,0,03,learnable_hard,0.0364681454,0.995,0.0651894149,normal_replay,GroupDiverse-Gap
RUN_131,TRIAD_044,A15_GroupDiverse-Gap_B3000,R1,1385197443,1991832991,1170,Det/images/normal_train/01239919.png,0,04,easy_clean,0.0064564924,1.0,0.0083846934,normal_replay,GroupDiverse-Gap
RUN_131,TRIAD_044,A15_GroupDiverse-Gap_B3000,R1,1385197443,1991832991,1171,Det/images/normal_train/01283629.png,0,06,easy_clean,0.0432887801,1.0,0.0375400087,normal_replay,GroupDiverse-Gap
RUN_131,TRIAD_044,A15_GroupDiverse-Gap_B3000,R1,1385197443,1991832991,1172,Det/images/normal_train/00785655.png,0,04,easy_clean,0.002368946,1.0,0.0037409869,normal_replay,GroupDiverse-Gap
RUN_131,TRIAD_044,A15_GroupDiverse-Gap_B3000,R1,1385197443,1991832991,1173,Det/images/normal_train/00562798.png,0,08,easy_clean,0.0122237305,1.0,0.0149248345,normal_replay,GroupDiverse-Gap
RUN_131,TRIAD_044,A15_GroupDiverse-Gap_B3000,R1,1385197443,1991832991,1174,Det/images/normal_train/01100219.png,0,06,easy_clean,0.0369206068,1.0,0.0437831291,normal_replay,GroupDiverse-Gap
RUN_131,TRIAD_044,A15_GroupDiverse-Gap_B3000,R1,1385197443,1991832991,1175,Det/images/normal_train/00881753.png,0,08,easy_clean,0.0019958844,1.0,0.0077092056,normal_replay,GroupDiverse-Gap
RUN_131,TRIAD_044,A15_GroupDiverse-Gap_B3000,R1,1385197443,1991832991,1176,Det/images/normal_train/00529979.png,0,03,easy_clean,0.0051428602,1.0,0.0073672235,normal_replay,GroupDiverse-Gap
RUN_131,TRIAD_044,A15_GroupDiverse-Gap_B3000,R1,1385197443,1991832991,1177,Det/images/normal_train/00784870.png,0,00,easy_clean,0.013330882,1.0,0.0319445863,normal_replay,GroupDiverse-Gap
RUN_131,TRIAD_044,A15_GroupDiverse-Gap_B3000,R1,1385197443,1991832991,1178,Det/images/normal_train/00244200.png,0,07,easy_clean,0.0038643256,1.0,0.0057614116,normal_replay,GroupDiverse-Gap
RUN_131,TRIAD_044,A15_GroupDiverse-Gap_B3000,R1,1385197443,1991832991,1179,Det/images/normal_train/00245937.png,0,08,easy_clean,0.0699023496,1.0,0.0837708818,normal_replay,GroupDiverse-Gap
RUN_131,TRIAD_044,A15_GroupDiverse-Gap_B3000,R1,1385197443,1991832991,1180,Det/images/normal_train/00948372.png,0,07,easy_clean,0.0183430427,1.0,0.0239763472,normal_replay,GroupDiverse-Gap
RUN_131,TRIAD_044,A15_GroupDiverse-Gap_B3000,R1,1385197443,1991832991,1181,Det/images/normal_train/00553003.png,0,04,easy_clean,0.0008588551,1.0,0.0041219859,normal_replay,GroupDiverse-Gap
RUN_131,TRIAD_044,A15_GroupDiverse-Gap_B3000,R1,1385197443,1991832991,1182,Det/images/normal_train/00708456.png,0,03,learnable_hard,0.0846669534,0.985,0.1115534119,normal_replay,GroupDiverse-Gap
RUN_131,TRIAD_044,A15_GroupDiverse-Gap_B3000,R1,1385197443,1991832991,1183,Det/images/normal_train/00388927.png,0,00,easy_clean,0.0242208983,1.0,0.0216063442,normal_replay,GroupDiverse-Gap
RUN_131,TRIAD_044,A15_GroupDiverse-Gap_B3000,R1,1385197443,1991832991,1184,Det/images/normal_train/00853245.png,0,00,learnable_hard,0.044798657,0.995,0.059728434,normal_replay,GroupDiverse-Gap
RUN_131,TRIAD_044,A15_GroupDiverse-Gap_B3000,R1,1385197443,1991832991,1185,Det/images/normal_train/00609658.png,0,08,easy_clean,0.0113218455,1.0,0.0137115027,normal_replay,GroupDiverse-Gap
RUN_131,TRIAD_044,A15_GroupDiverse-Gap_B3000,R1,1385197443,1991832991,1186,Det/images/normal_train/01188076.png,0,01,easy_clean,0.0691992509,1.0,0.056840728,normal_replay,GroupDiverse-Gap
RUN_131,TRIAD_044,A15_GroupDiverse-Gap_B3000,R1,1385197443,1991832991,1187,Det/images/normal_train/00679707.png,0,07,easy_clean,0.0005334455,1.0,0.0015110512,normal_replay,GroupDiverse-Gap
RUN_131,TRIAD_044,A15_GroupDiverse-Gap_B3000,R1,1385197443,1991832991,1188,Det/images/normal_train/00549682.png,0,04,easy_clean,0.0184115464,1.0,0.0207124595,normal_replay,GroupDiverse-Gap
RUN_131,TRIAD_044,A15_GroupDiverse-Gap_B3000,R1,1385197443,1991832991,1189,Det/images/normal_train/00797060.png,0,06,easy_clean,0.0113001652,1.0,0.0144819119,normal_replay,GroupDiverse-Gap
RUN_131,TRIAD_044,A15_GroupDiverse-Gap_B3000,R1,1385197443,1991832991,1190,Det/images/normal_train/00845082.png,0,04,easy_clean,0.0006114149,1.0,0.000825729,normal_replay,GroupDiverse-Gap
RUN_131,TRIAD_044,A15_GroupDiverse-Gap_B3000,R1,1385197443,1991832991,1191,Det/images/normal_train/00954659.png,0,03,easy_clean,0.0156345929,1.0,0.0491538663,normal_replay,GroupDiverse-Gap
RUN_131,TRIAD_044,A15_GroupDiverse-Gap_B3000,R1,1385197443,1991832991,1192,Det/images/normal_train/01244563.png,0,04,easy_clean,0.0108367657,1.0,0.0180089823,normal_replay,GroupDiverse-Gap
RUN_131,TRIAD_044,A15_GroupDiverse-Gap_B3000,R1,1385197443,1991832991,1193,Det/images/normal_train/00917070.png,0,08,ordinary,0.1532358836,1.0,0.1143607457,normal_replay,GroupDiverse-Gap
RUN_131,TRIAD_044,A15_GroupDiverse-Gap_B3000,R1,1385197443,1991832991,1194,Det/images/normal_train/01190848.png,0,02,easy_clean,0.081552748,1.0,0.0306219672,normal_replay,GroupDiverse-Gap
RUN_131,TRIAD_044,A15_GroupDiverse-Gap_B3000,R1,1385197443,1991832991,1195,Det/images/normal_train/00730422.png,0,09,learnable_hard,0.0865146184,0.985,0.0972858655,normal_replay,GroupDiverse-Gap
RUN_131,TRIAD_044,A15_GroupDiverse-Gap_B3000,R1,1385197443,1991832991,1196,Det/images/normal_train/00213190.png,0,03,easy_clean,0.0119317332,1.0,0.0141392058,normal_replay,GroupDiverse-Gap
RUN_131,TRIAD_044,A15_GroupDiverse-Gap_B3000,R1,1385197443,1991832991,1197,Det/images/normal_train/01119640.png,0,01,easy_clean,0.0150691746,1.0,0.0136527671,normal_replay,GroupDiverse-Gap
RUN_131,TRIAD_044,A15_GroupDiverse-Gap_B3000,R1,1385197443,1991832991,1198,Det/images/normal_train/00821175.png,0,06,easy_clean,0.0077445678,1.0,0.0145308641,normal_replay,GroupDiverse-Gap
RUN_131,TRIAD_044,A15_GroupDiverse-Gap_B3000,R1,1385197443,1991832991,1199,Det/images/normal_train/00588464.png,0,04,easy_clean,0.0044226752,1.0,0.0099625148,normal_replay,GroupDiverse-Gap
RUN_131,TRIAD_044,A15_GroupDiverse-Gap_B3000,R1,1385197443,1991832991,1200,Det/images/normal_train/01294030.png,0,05,ordinary,0.1156625503,1.0,0.0894047631,normal_replay,GroupDiverse-Gap
RUN_131,TRIAD_044,A15_GroupDiverse-Gap_B3000,R1,1385197443,1991832991,1201,Det/images/normal_train/01066969.png,0,00,ordinary,0.0999599345,1.0,0.0537307979,normal_replay,GroupDiverse-Gap
RUN_131,TRIAD_044,A15_GroupDiverse-Gap_B3000,R1,1385197443,1991832991,1202,Det/images/normal_train/00289001.png,0,07,easy_clean,0.0042197291,1.0,0.0053007907,normal_replay,GroupDiverse-Gap
RUN_131,TRIAD_044,A15_GroupDiverse-Gap_B3000,R1,1385197443,1991832991,1203,Det/images/normal_train/00324711.png,0,00,easy_clean,0.0227315867,1.0,0.0331095366,normal_replay,GroupDiverse-Gap
RUN_131,TRIAD_044,A15_GroupDiverse-Gap_B3000,R1,1385197443,1991832991,1204,Det/images/normal_train/00613787.png,0,06,easy_clean,0.0025010785,1.0,0.0034913493,normal_replay,GroupDiverse-Gap
RUN_131,TRIAD_044,A15_GroupDiverse-Gap_B3000,R1,1385197443,1991832991,1205,Det/images/normal_train/01018468.png,0,01,easy_clean,0.028770067,1.0,0.0396687616,normal_replay,GroupDiverse-Gap
RUN_131,TRIAD_044,A15_GroupDiverse-Gap_B3000,R1,1385197443,1991832991,1206,Det/images/normal_train/01017460.png,0,07,easy_clean,0.0200624914,1.0,0.024981216,normal_replay,GroupDiverse-Gap
RUN_131,TRIAD_044,A15_GroupDiverse-Gap_B3000,R1,1385197443,1991832991,1207,Det/images/normal_train/00460538.png,0,09,easy_clean,0.0038187437,1.0,0.0068621516,normal_replay,GroupDiverse-Gap
RUN_131,TRIAD_044,A15_GroupDiverse-Gap_B3000,R1,1385197443,1991832991,1208,Det/images/normal_train/01154908.png,0,01,easy_clean,6.28465e-05,1.0,0.0002676921,normal_replay,GroupDiverse-Gap
RUN_131,TRIAD_044,A15_GroupDiverse-Gap_B3000,R1,1385197443,1991832991,1209,Det/images/normal_train/00147652.png,0,08,easy_clean,0.0274238168,1.0,0.0336154159,normal_replay,GroupDiverse-Gap
RUN_131,TRIAD_044,A15_GroupDiverse-Gap_B3000,R1,1385197443,1991832991,1210,Det/images/normal_train/00318851.png,0,01,easy_clean,0.0125140214,1.0,0.0256210452,normal_replay,GroupDiverse-Gap
RUN_131,TRIAD_044,A15_GroupDiverse-Gap_B3000,R1,1385197443,1991832991,1211,Det/images/normal_train/00943432.png,0,09,easy_clean,0.0533044444,1.0,0.0453879364,normal_replay,GroupDiverse-Gap
RUN_131,TRIAD_044,A15_GroupDiverse-Gap_B3000,R1,1385197443,1991832991,1212,Det/images/normal_train/00839693.png,0,06,easy_clean,0.0038541998,1.0,0.0071680388,normal_replay,GroupDiverse-Gap
RUN_131,TRIAD_044,A15_GroupDiverse-Gap_B3000,R1,1385197443,1991832991,1213,Det/images/normal_train/01031436.png,0,09,easy_clean,0.0053066323,1.0,0.0077706897,normal_replay,GroupDiverse-Gap
RUN_131,TRIAD_044,A15_GroupDiverse-Gap_B3000,R1,1385197443,1991832991,1214,Det/images/normal_train/01057626.png,0,06,easy_clean,0.0038258391,1.0,0.0072715834,normal_replay,GroupDiverse-Gap
RUN_131,TRIAD_044,A15_GroupDiverse-Gap_B3000,R1,1385197443,1991832991,1215,Det/images/normal_train/01205723.png,0,04,learnable_hard,0.0363775534,0.995,0.0647590022,normal_replay,GroupDiverse-Gap
RUN_131,TRIAD_044,A15_GroupDiverse-Gap_B3000,R1,1385197443,1991832991,1216,Det/images/normal_train/00632386.png,0,09,easy_clean,0.0193500953,1.0,0.0212209924,normal_replay,GroupDiverse-Gap
RUN_131,TRIAD_044,A15_GroupDiverse-Gap_B3000,R1,1385197443,1991832991,1217,Det/images/normal_train/00849621.png,0,05,easy_clean,0.0006639205,1.0,0.0024651077,normal_replay,GroupDiverse-Gap
RUN_131,TRIAD_044,A15_GroupDiverse-Gap_B3000,R1,1385197443,1991832991,1218,Det/images/normal_train/01295975.png,0,04,easy_clean,0.0288118454,1.0,0.0343726436,normal_replay,GroupDiverse-Gap
RUN_131,TRIAD_044,A15_GroupDiverse-Gap_B3000,R1,1385197443,1991832991,1219,Det/images/normal_train/01215558.png,0,02,ordinary,0.1208546922,1.0,0.0485138199,normal_replay,GroupDiverse-Gap
RUN_131,TRIAD_044,A15_GroupDiverse-Gap_B3000,R1,1385197443,1991832991,1220,Det/images/normal_train/00847168.png,0,04,easy_clean,0.0008573215,1.0,0.0016010885,normal_replay,GroupDiverse-Gap
RUN_131,TRIAD_044,A15_GroupDiverse-Gap_B3000,R1,1385197443,1991832991,1221,Det/images/normal_train/00378453.png,0,05,ordinary,0.099196985,1.0,0.0904403381,normal_replay,GroupDiverse-Gap
RUN_131,TRIAD_044,A15_GroupDiverse-Gap_B3000,R1,1385197443,1991832991,1222,Det/images/normal_train/00552738.png,0,07,persistent_hard,0.6969783897,0.345,0.2642700236,normal_replay,GroupDiverse-Gap
RUN_131,TRIAD_044,A15_GroupDiverse-Gap_B3000,R1,1385197443,1991832991,1223,Det/images/normal_train/00912926.png,0,01,learnable_hard,0.0944471055,0.99,0.0877245018,normal_replay,GroupDiverse-Gap
RUN_131,TRIAD_044,A15_GroupDiverse-Gap_B3000,R1,1385197443,1991832991,1224,Det/images/normal_train/00296225.png,0,01,easy_clean,0.0014933654,1.0,0.0033184137,normal_replay,GroupDiverse-Gap
RUN_131,TRIAD_044,A15_GroupDiverse-Gap_B3000,R1,1385197443,1991832991,1225,Det/images/normal_train/00588202.png,0,04,easy_clean,0.0121228222,1.0,0.0157752576,normal_replay,GroupDiverse-Gap
RUN_131,TRIAD_044,A15_GroupDiverse-Gap_B3000,R1,1385197443,1991832991,1226,Det/images/normal_train/01113888.png,0,07,easy_clean,0.041747547,0.995,0.0584192387,normal_replay,GroupDiverse-Gap
RUN_131,TRIAD_044,A15_GroupDiverse-Gap_B3000,R1,1385197443,1991832991,1227,Det/images/normal_train/00893906.png,0,02,easy_clean,0.0274739498,1.0,0.0297858931,normal_replay,GroupDiverse-Gap
RUN_131,TRIAD_044,A15_GroupDiverse-Gap_B3000,R1,1385197443,1991832991,1228,Det/images/normal_train/01236924.png,0,06,easy_clean,0.0007171806,1.0,0.0017162583,normal_replay,GroupDiverse-Gap
RUN_131,TRIAD_044,A15_GroupDiverse-Gap_B3000,R1,1385197443,1991832991,1229,Det/images/normal_train/00935781.png,0,09,easy_clean,0.0056918883,1.0,0.0094472428,normal_replay,GroupDiverse-Gap
RUN_131,TRIAD_044,A15_GroupDiverse-Gap_B3000,R1,1385197443,1991832991,1230,Det/images/normal_train/00812581.png,0,00,easy_clean,0.0010194068,1.0,0.0011289291,normal_replay,GroupDiverse-Gap
RUN_131,TRIAD_044,A15_GroupDiverse-Gap_B3000,R1,1385197443,1991832991,1231,Det/images/normal_train/01068019.png,0,00,easy_clean,0.0475361247,1.0,0.0452523109,normal_replay,GroupDiverse-Gap
RUN_131,TRIAD_044,A15_GroupDiverse-Gap_B3000,R1,1385197443,1991832991,1232,Det/images/normal_train/00824947.png,0,05,easy_clean,0.004489506,1.0,0.0063982074,normal_replay,GroupDiverse-Gap
RUN_131,TRIAD_044,A15_GroupDiverse-Gap_B3000,R1,1385197443,1991832991,1233,Det/images/normal_train/01006826.png,0,05,easy_clean,0.006278363,1.0,0.0067449721,normal_replay,GroupDiverse-Gap
RUN_131,TRIAD_044,A15_GroupDiverse-Gap_B3000,R1,1385197443,1991832991,1234,Det/images/normal_train/00858250.png,0,01,easy_clean,0.0042426473,1.0,0.0191658589,normal_replay,GroupDiverse-Gap
RUN_131,TRIAD_044,A15_GroupDiverse-Gap_B3000,R1,1385197443,1991832991,1235,Det/images/normal_train/00682349.png,0,00,easy_clean,0.012478834,1.0,0.0326727718,normal_replay,GroupDiverse-Gap
RUN_131,TRIAD_044,A15_GroupDiverse-Gap_B3000,R1,1385197443,1991832991,1236,Det/images/normal_train/00842297.png,0,06,easy_clean,0.00504815,1.0,0.0111997667,normal_replay,GroupDiverse-Gap
RUN_131,TRIAD_044,A15_GroupDiverse-Gap_B3000,R1,1385197443,1991832991,1237,Det/images/normal_train/00849092.png,0,05,easy_clean,0.0609305178,1.0,0.0640879403,normal_replay,GroupDiverse-Gap
RUN_131,TRIAD_044,A15_GroupDiverse-Gap_B3000,R1,1385197443,1991832991,1238,Det/images/normal_train/00682749.png,0,00,learnable_hard,0.0132525534,0.995,0.0700389093,normal_replay,GroupDiverse-Gap
RUN_131,TRIAD_044,A15_GroupDiverse-Gap_B3000,R1,1385197443,1991832991,1239,Det/images/normal_train/00830861.png,0,06,easy_clean,0.0014362176,1.0,0.0019999829,normal_replay,GroupDiverse-Gap
RUN_131,TRIAD_044,A15_GroupDiverse-Gap_B3000,R1,1385197443,1991832991,1240,Det/images/normal_train/01248028.png,0,06,easy_clean,0.0373214305,1.0,0.0320998765,normal_replay,GroupDiverse-Gap
RUN_131,TRIAD_044,A15_GroupDiverse-Gap_B3000,R1,1385197443,1991832991,1241,Det/images/normal_train/00405666.png,0,05,learnable_hard,0.2474176688,0.965,0.0874736133,normal_replay,GroupDiverse-Gap
RUN_131,TRIAD_044,A15_GroupDiverse-Gap_B3000,R1,1385197443,1991832991,1242,Det/images/normal_train/00877056.png,0,04,easy_clean,0.0097536399,1.0,0.0219078055,normal_replay,GroupDiverse-Gap
RUN_131,TRIAD_044,A15_GroupDiverse-Gap_B3000,R1,1385197443,1991832991,1243,Det/images/normal_train/00767302.png,0,03,easy_clean,0.0005835468,1.0,0.0021735145,normal_replay,GroupDiverse-Gap
RUN_131,TRIAD_044,A15_GroupDiverse-Gap_B3000,R1,1385197443,1991832991,1244,Det/images/normal_train/00593345.png,0,03,easy_clean,0.0005166364,1.0,0.0026964099,normal_replay,GroupDiverse-Gap
RUN_131,TRIAD_044,A15_GroupDiverse-Gap_B3000,R1,1385197443,1991832991,1245,Det/images/normal_train/00874100.png,0,06,easy_clean,0.0113704954,1.0,0.0153918221,normal_replay,GroupDiverse-Gap
RUN_131,TRIAD_044,A15_GroupDiverse-Gap_B3000,R1,1385197443,1991832991,1246,Det/images/normal_train/00238668.png,0,02,easy_clean,0.0093230003,1.0,0.0158374043,normal_replay,GroupDiverse-Gap
RUN_131,TRIAD_044,A15_GroupDiverse-Gap_B3000,R1,1385197443,1991832991,1247,Det/images/normal_train/01203183.png,0,05,easy_clean,0.004922383,1.0,0.0052873,normal_replay,GroupDiverse-Gap
RUN_131,TRIAD_044,A15_GroupDiverse-Gap_B3000,R1,1385197443,1991832991,1248,Det/images/normal_train/00237824.png,0,06,easy_clean,0.0213368116,1.0,0.0293563332,normal_replay,GroupDiverse-Gap
RUN_131,TRIAD_044,A15_GroupDiverse-Gap_B3000,R1,1385197443,1991832991,1249,Det/images/normal_train/00840548.png,0,00,easy_clean,0.0019222266,1.0,0.0037791252,normal_replay,GroupDiverse-Gap
RUN_131,TRIAD_044,A15_GroupDiverse-Gap_B3000,R1,1385197443,1991832991,1250,Det/images/normal_train/00906743.png,0,05,easy_clean,0.0345671772,1.0,0.0240478488,normal_replay,GroupDiverse-Gap
RUN_131,TRIAD_044,A15_GroupDiverse-Gap_B3000,R1,1385197443,1991832991,1251,Det/images/normal_train/00267339.png,0,07,easy_clean,0.0009971499,1.0,0.0016635012,normal_replay,GroupDiverse-Gap
RUN_131,TRIAD_044,A15_GroupDiverse-Gap_B3000,R1,1385197443,1991832991,1252,Det/images/normal_train/00682783.png,0,00,easy_clean,0.0089489086,0.995,0.0385946774,normal_replay,GroupDiverse-Gap
RUN_131,TRIAD_044,A15_GroupDiverse-Gap_B3000,R1,1385197443,1991832991,1253,Det/images/normal_train/00611193.png,0,01,easy_clean,0.0010731154,1.0,0.0034453365,normal_replay,GroupDiverse-Gap
RUN_131,TRIAD_044,A15_GroupDiverse-Gap_B3000,R1,1385197443,1991832991,1254,Det/images/normal_train/00250571.png,0,09,easy_clean,0.0137134638,1.0,0.0212977462,normal_replay,GroupDiverse-Gap
RUN_131,TRIAD_044,A15_GroupDiverse-Gap_B3000,R1,1385197443,1991832991,1255,Det/images/normal_train/00589647.png,0,03,easy_clean,0.0028241948,1.0,0.0210298855,normal_replay,GroupDiverse-Gap
RUN_131,TRIAD_044,A15_GroupDiverse-Gap_B3000,R1,1385197443,1991832991,1256,Det/images/normal_train/00184759.png,0,05,easy_clean,0.0056668312,1.0,0.0081431362,normal_replay,GroupDiverse-Gap
RUN_131,TRIAD_044,A15_GroupDiverse-Gap_B3000,R1,1385197443,1991832991,1257,Det/images/normal_train/00319956.png,0,04,ordinary,0.2723035056,1.0,0.0860470842,normal_replay,GroupDiverse-Gap
RUN_131,TRIAD_044,A15_GroupDiverse-Gap_B3000,R1,1385197443,1991832991,1258,Det/images/normal_train/01124366.png,0,08,easy_clean,0.004791519,1.0,0.0115010813,normal_replay,GroupDiverse-Gap
RUN_131,TRIAD_044,A15_GroupDiverse-Gap_B3000,R1,1385197443,1991832991,1259,Det/images/normal_train/00244693.png,0,07,easy_clean,0.0172545559,1.0,0.0170879505,normal_replay,GroupDiverse-Gap
RUN_131,TRIAD_044,A15_GroupDiverse-Gap_B3000,R1,1385197443,1991832991,1260,Det/images/normal_train/00246815.png,0,08,easy_clean,0.0023060503,1.0,0.0041658965,normal_replay,GroupDiverse-Gap
RUN_131,TRIAD_044,A15_GroupDiverse-Gap_B3000,R1,1385197443,1991832991,1261,Det/images/normal_train/00850975.png,0,07,easy_clean,0.0048235762,1.0,0.0066475194,normal_replay,GroupDiverse-Gap
RUN_131,TRIAD_044,A15_GroupDiverse-Gap_B3000,R1,1385197443,1991832991,1262,Det/images/normal_train/01283862.png,0,06,easy_clean,0.0359064213,1.0,0.0421172461,normal_replay,GroupDiverse-Gap
RUN_131,TRIAD_044,A15_GroupDiverse-Gap_B3000,R1,1385197443,1991832991,1263,Det/images/normal_train/00492835.png,0,05,easy_clean,0.0220519616,1.0,0.0331101893,normal_replay,GroupDiverse-Gap
RUN_131,TRIAD_044,A15_GroupDiverse-Gap_B3000,R1,1385197443,1991832991,1264,Det/images/normal_train/00994633.png,0,04,easy_clean,0.0230824288,1.0,0.0207600407,normal_replay,GroupDiverse-Gap
RUN_131,TRIAD_044,A15_GroupDiverse-Gap_B3000,R1,1385197443,1991832991,1265,Det/images/normal_train/01247374.png,0,02,persistent_hard,0.6855972026,0.08,0.1199817267,normal_replay,GroupDiverse-Gap
RUN_131,TRIAD_044,A15_GroupDiverse-Gap_B3000,R1,1385197443,1991832991,1266,Det/images/normal_train/00187577.png,0,03,easy_clean,0.0379651585,1.0,0.0444185515,normal_replay,GroupDiverse-Gap
RUN_131,TRIAD_044,A15_GroupDiverse-Gap_B3000,R1,1385197443,1991832991,1267,Det/images/normal_train/01231003.png,0,09,easy_clean,0.0013053215,1.0,0.0027069966,normal_replay,GroupDiverse-Gap
RUN_131,TRIAD_044,A15_GroupDiverse-Gap_B3000,R1,1385197443,1991832991,1268,Det/images/normal_train/00219499.png,0,09,learnable_hard,0.3246941441,0.97,0.0990311275,normal_replay,GroupDiverse-Gap
RUN_131,TRIAD_044,A15_GroupDiverse-Gap_B3000,R1,1385197443,1991832991,1269,Det/images/normal_train/01273482.png,0,06,easy_clean,0.005196063,1.0,0.0066315368,normal_replay,GroupDiverse-Gap
RUN_131,TRIAD_044,A15_GroupDiverse-Gap_B3000,R1,1385197443,1991832991,1270,Det/images/normal_train/00416459.png,0,05,easy_clean,0.0408322445,1.0,0.0518351959,normal_replay,GroupDiverse-Gap
RUN_131,TRIAD_044,A15_GroupDiverse-Gap_B3000,R1,1385197443,1991832991,1271,Det/images/normal_train/00839489.png,0,06,easy_clean,0.001121193,1.0,0.0043977816,normal_replay,GroupDiverse-Gap
RUN_131,TRIAD_044,A15_GroupDiverse-Gap_B3000,R1,1385197443,1991832991,1272,Det/images/normal_train/01209745.png,0,08,easy_clean,0.0236423749,1.0,0.0120645581,normal_replay,GroupDiverse-Gap
RUN_131,TRIAD_044,A15_GroupDiverse-Gap_B3000,R1,1385197443,1991832991,1273,Det/images/normal_train/00869450.png,0,03,easy_clean,0.0018069385,1.0,0.0028324284,normal_replay,GroupDiverse-Gap
RUN_131,TRIAD_044,A15_GroupDiverse-Gap_B3000,R1,1385197443,1991832991,1274,Det/images/normal_train/00261294.png,0,00,easy_clean,0.0010913584,1.0,0.0016550266,normal_replay,GroupDiverse-Gap
RUN_131,TRIAD_044,A15_GroupDiverse-Gap_B3000,R1,1385197443,1991832991,1275,Det/images/normal_train/00255902.png,0,08,easy_clean,0.0028922256,1.0,0.0040675319,normal_replay,GroupDiverse-Gap
RUN_131,TRIAD_044,A15_GroupDiverse-Gap_B3000,R1,1385197443,1991832991,1276,Det/images/normal_train/00245983.png,0,08,easy_clean,0.0088175277,1.0,0.0120080132,normal_replay,GroupDiverse-Gap
RUN_131,TRIAD_044,A15_GroupDiverse-Gap_B3000,R1,1385197443,1991832991,1277,Det/images/normal_train/01294742.png,0,05,ordinary,0.1398618811,1.0,0.0945415773,normal_replay,GroupDiverse-Gap
RUN_131,TRIAD_044,A15_GroupDiverse-Gap_B3000,R1,1385197443,1991832991,1278,Det/images/normal_train/01237116.png,0,05,easy_clean,0.0097328738,1.0,0.0240485818,normal_replay,GroupDiverse-Gap
RUN_131,TRIAD_044,A15_GroupDiverse-Gap_B3000,R1,1385197443,1991832991,1279,Det/images/normal_train/01052665.png,0,01,easy_clean,0.0363489449,1.0,0.024409703,normal_replay,GroupDiverse-Gap
RUN_131,TRIAD_044,A15_GroupDiverse-Gap_B3000,R1,1385197443,1991832991,1280,Det/images/normal_train/00472496.png,0,00,easy_clean,0.0054760817,1.0,0.0062305779,normal_replay,GroupDiverse-Gap
RUN_131,TRIAD_044,A15_GroupDiverse-Gap_B3000,R1,1385197443,1991832991,1281,Det/images/normal_train/00618136.png,0,04,learnable_hard,0.0728836235,0.99,0.0880575474,normal_replay,GroupDiverse-Gap
RUN_131,TRIAD_044,A15_GroupDiverse-Gap_B3000,R1,1385197443,1991832991,1282,Det/images/normal_train/00456572.png,0,06,easy_clean,0.0151525293,1.0,0.0121204245,normal_replay,GroupDiverse-Gap
RUN_131,TRIAD_044,A15_GroupDiverse-Gap_B3000,R1,1385197443,1991832991,1283,Det/images/normal_train/01104471.png,0,08,easy_clean,0.024622161,1.0,0.0338374447,normal_replay,GroupDiverse-Gap
RUN_131,TRIAD_044,A15_GroupDiverse-Gap_B3000,R1,1385197443,1991832991,1284,Det/images/normal_train/00749996.png,0,03,learnable_hard,0.0054023393,0.995,0.0484782867,normal_replay,GroupDiverse-Gap
RUN_131,TRIAD_044,A15_GroupDiverse-Gap_B3000,R1,1385197443,1991832991,1285,Det/images/normal_train/00190770.png,0,09,easy_clean,0.0050973469,1.0,0.0213763448,normal_replay,GroupDiverse-Gap
RUN_131,TRIAD_044,A15_GroupDiverse-Gap_B3000,R1,1385197443,1991832991,1286,Det/images/normal_train/00211813.png,0,06,easy_clean,0.0362928384,1.0,0.0476644278,normal_replay,GroupDiverse-Gap
RUN_131,TRIAD_044,A15_GroupDiverse-Gap_B3000,R1,1385197443,1991832991,1287,Det/images/normal_train/01049961.png,0,08,easy_clean,0.0158843193,0.995,0.05990644,normal_replay,GroupDiverse-Gap
RUN_131,TRIAD_044,A15_GroupDiverse-Gap_B3000,R1,1385197443,1991832991,1288,Det/images/normal_train/00335559.png,0,07,easy_clean,0.0103889514,1.0,0.0341186684,normal_replay,GroupDiverse-Gap
RUN_131,TRIAD_044,A15_GroupDiverse-Gap_B3000,R1,1385197443,1991832991,1289,Det/images/normal_train/00356897.png,0,07,easy_clean,0.001833233,1.0,0.0022511467,normal_replay,GroupDiverse-Gap
RUN_131,TRIAD_044,A15_GroupDiverse-Gap_B3000,R1,1385197443,1991832991,1290,Det/images/normal_train/01200066.png,0,04,easy_clean,0.0241385071,1.0,0.0181853726,normal_replay,GroupDiverse-Gap
RUN_131,TRIAD_044,A15_GroupDiverse-Gap_B3000,R1,1385197443,1991832991,1291,Det/images/normal_train/00780869.png,0,00,easy_clean,0.0029998528,1.0,0.0036347342,normal_replay,GroupDiverse-Gap
RUN_131,TRIAD_044,A15_GroupDiverse-Gap_B3000,R1,1385197443,1991832991,1292,Det/images/normal_train/00328464.png,0,07,easy_clean,0.0060297835,1.0,0.0103145729,normal_replay,GroupDiverse-Gap
RUN_131,TRIAD_044,A15_GroupDiverse-Gap_B3000,R1,1385197443,1991832991,1293,Det/images/normal_train/00849700.png,0,05,easy_clean,0.0008881574,1.0,0.0013319423,normal_replay,GroupDiverse-Gap
RUN_131,TRIAD_044,A15_GroupDiverse-Gap_B3000,R1,1385197443,1991832991,1294,Det/images/normal_train/00175033.png,0,06,easy_clean,0.0005158578,1.0,0.0008598993,normal_replay,GroupDiverse-Gap
RUN_131,TRIAD_044,A15_GroupDiverse-Gap_B3000,R1,1385197443,1991832991,1295,Det/images/normal_train/00498323.png,0,00,easy_clean,0.027928289,1.0,0.0207260889,normal_replay,GroupDiverse-Gap
RUN_131,TRIAD_044,A15_GroupDiverse-Gap_B3000,R1,1385197443,1991832991,1296,Det/images/normal_train/00736815.png,0,07,learnable_hard,0.1184808905,0.98,0.125886222,normal_replay,GroupDiverse-Gap
RUN_131,TRIAD_044,A15_GroupDiverse-Gap_B3000,R1,1385197443,1991832991,1297,Det/images/normal_train/00654661.png,0,02,easy_clean,0.0012776582,1.0,0.0024155212,normal_replay,GroupDiverse-Gap
RUN_131,TRIAD_044,A15_GroupDiverse-Gap_B3000,R1,1385197443,1991832991,1298,Det/images/normal_train/01014986.png,0,04,unstable_boundary,0.4994364369,0.61,0.1853276565,normal_replay,GroupDiverse-Gap
RUN_131,TRIAD_044,A15_GroupDiverse-Gap_B3000,R1,1385197443,1991832991,1299,Det/images/normal_train/00206180.png,0,05,easy_clean,0.002081421,1.0,0.0071625456,normal_replay,GroupDiverse-Gap
RUN_131,TRIAD_044,A15_GroupDiverse-Gap_B3000,R1,1385197443,1991832991,1300,Det/images/normal_train/01231425.png,0,09,easy_clean,0.0084873176,1.0,0.0368634248,normal_replay,GroupDiverse-Gap
RUN_131,TRIAD_044,A15_GroupDiverse-Gap_B3000,R1,1385197443,1991832991,1301,Det/images/normal_train/00554059.png,0,03,easy_clean,0.0049787997,1.0,0.0230382273,normal_replay,GroupDiverse-Gap
RUN_131,TRIAD_044,A15_GroupDiverse-Gap_B3000,R1,1385197443,1991832991,1302,Det/images/normal_train/00991502.png,0,00,easy_clean,0.0006686957,1.0,0.0009692672,normal_replay,GroupDiverse-Gap
RUN_131,TRIAD_044,A15_GroupDiverse-Gap_B3000,R1,1385197443,1991832991,1303,Det/images/normal_train/01082532.png,0,02,easy_clean,0.0362115222,1.0,0.042965019,normal_replay,GroupDiverse-Gap
RUN_131,TRIAD_044,A15_GroupDiverse-Gap_B3000,R1,1385197443,1991832991,1304,Det/images/normal_train/00235036.png,0,07,easy_clean,0.0028072984,1.0,0.0047522917,normal_replay,GroupDiverse-Gap
RUN_131,TRIAD_044,A15_GroupDiverse-Gap_B3000,R1,1385197443,1991832991,1305,Det/images/normal_train/01082741.png,0,02,easy_clean,0.0633524048,1.0,0.0531678358,normal_replay,GroupDiverse-Gap
RUN_131,TRIAD_044,A15_GroupDiverse-Gap_B3000,R1,1385197443,1991832991,1306,Det/images/normal_train/00229891.png,0,03,easy_clean,0.0037244563,1.0,0.0051485769,normal_replay,GroupDiverse-Gap
RUN_131,TRIAD_044,A15_GroupDiverse-Gap_B3000,R1,1385197443,1991832991,1307,Det/images/normal_train/00703524.png,0,01,easy_clean,0.0159961911,1.0,0.0251013572,normal_replay,GroupDiverse-Gap
RUN_131,TRIAD_044,A15_GroupDiverse-Gap_B3000,R1,1385197443,1991832991,1308,Det/images/normal_train/00551347.png,0,02,easy_clean,0.0038080403,1.0,0.0059351719,normal_replay,GroupDiverse-Gap
RUN_131,TRIAD_044,A15_GroupDiverse-Gap_B3000,R1,1385197443,1991832991,1309,Det/images/normal_train/00797077.png,0,06,easy_clean,0.0046633224,1.0,0.0050292941,normal_replay,GroupDiverse-Gap
RUN_131,TRIAD_044,A15_GroupDiverse-Gap_B3000,R1,1385197443,1991832991,1310,Det/images/normal_train/00378393.png,0,05,easy_clean,0.0034569517,1.0,0.004329931,normal_replay,GroupDiverse-Gap
RUN_131,TRIAD_044,A15_GroupDiverse-Gap_B3000,R1,1385197443,1991832991,1311,Det/images/normal_train/01189148.png,0,05,easy_clean,0.0497452859,1.0,0.0394942559,normal_replay,GroupDiverse-Gap
RUN_131,TRIAD_044,A15_GroupDiverse-Gap_B3000,R1,1385197443,1991832991,1312,Det/images/normal_train/00773929.png,0,01,easy_clean,0.0029745366,1.0,0.009980875,normal_replay,GroupDiverse-Gap
RUN_131,TRIAD_044,A15_GroupDiverse-Gap_B3000,R1,1385197443,1991832991,1313,Det/images/normal_train/00495740.png,0,08,easy_clean,7.47019e-05,1.0,0.0001354792,normal_replay,GroupDiverse-Gap
RUN_131,TRIAD_044,A15_GroupDiverse-Gap_B3000,R1,1385197443,1991832991,1314,Det/images/normal_train/00820111.png,0,05,easy_clean,0.0044558512,1.0,0.0103063828,normal_replay,GroupDiverse-Gap
RUN_131,TRIAD_044,A15_GroupDiverse-Gap_B3000,R1,1385197443,1991832991,1315,Det/images/normal_train/01094755.png,0,05,easy_clean,0.022953518,1.0,0.0296979294,normal_replay,GroupDiverse-Gap
RUN_131,TRIAD_044,A15_GroupDiverse-Gap_B3000,R1,1385197443,1991832991,1316,Det/images/normal_train/00335762.png,0,07,learnable_hard,0.1634033444,0.99,0.0592104681,normal_replay,GroupDiverse-Gap
RUN_131,TRIAD_044,A15_GroupDiverse-Gap_B3000,R1,1385197443,1991832991,1317,Det/images/normal_train/00882764.png,0,03,easy_clean,0.0030232845,1.0,0.0099543451,normal_replay,GroupDiverse-Gap
RUN_131,TRIAD_044,A15_GroupDiverse-Gap_B3000,R1,1385197443,1991832991,1318,Det/images/normal_train/00766707.png,0,07,easy_clean,0.0125062248,1.0,0.0298548656,normal_replay,GroupDiverse-Gap
RUN_131,TRIAD_044,A15_GroupDiverse-Gap_B3000,R1,1385197443,1991832991,1319,Det/images/normal_train/00275167.png,0,01,easy_clean,0.0076257185,1.0,0.0192693524,normal_replay,GroupDiverse-Gap
RUN_131,TRIAD_044,A15_GroupDiverse-Gap_B3000,R1,1385197443,1991832991,1320,Det/images/normal_train/00547315.png,0,05,easy_clean,0.0042530421,1.0,0.0057976685,normal_replay,GroupDiverse-Gap
RUN_131,TRIAD_044,A15_GroupDiverse-Gap_B3000,R1,1385197443,1991832991,1321,Det/images/normal_train/01204192.png,0,09,easy_clean,0.02406183,1.0,0.0437767125,normal_replay,GroupDiverse-Gap
RUN_131,TRIAD_044,A15_GroupDiverse-Gap_B3000,R1,1385197443,1991832991,1322,Det/images/normal_train/00341456.png,0,04,easy_clean,0.0084025025,1.0,0.0230987183,normal_replay,GroupDiverse-Gap
RUN_131,TRIAD_044,A15_GroupDiverse-Gap_B3000,R1,1385197443,1991832991,1323,Det/images/normal_train/00857358.png,0,01,easy_clean,0.0006314401,1.0,0.0018728813,normal_replay,GroupDiverse-Gap
RUN_131,TRIAD_044,A15_GroupDiverse-Gap_B3000,R1,1385197443,1991832991,1324,Det/images/normal_train/00902610.png,0,04,learnable_hard,0.0392916635,0.995,0.0673018798,normal_replay,GroupDiverse-Gap
RUN_131,TRIAD_044,A15_GroupDiverse-Gap_B3000,R1,1385197443,1991832991,1325,Det/images/normal_train/00915894.png,0,09,easy_clean,0.0023468898,1.0,0.0024931627,normal_replay,GroupDiverse-Gap
RUN_131,TRIAD_044,A15_GroupDiverse-Gap_B3000,R1,1385197443,1991832991,1326,Det/images/normal_train/01025066.png,0,01,easy_clean,0.0050424105,1.0,0.005758311,normal_replay,GroupDiverse-Gap
RUN_131,TRIAD_044,A15_GroupDiverse-Gap_B3000,R1,1385197443,1991832991,1327,Det/images/normal_train/01108073.png,0,01,ordinary,0.0923443952,1.0,0.0729900599,normal_replay,GroupDiverse-Gap
RUN_131,TRIAD_044,A15_GroupDiverse-Gap_B3000,R1,1385197443,1991832991,1328,Det/images/normal_train/01039469.png,0,01,easy_clean,0.0346155575,1.0,0.0588535488,normal_replay,GroupDiverse-Gap
RUN_131,TRIAD_044,A15_GroupDiverse-Gap_B3000,R1,1385197443,1991832991,1329,Det/images/normal_train/00919419.png,0,04,easy_clean,0.0058402357,1.0,0.0084293308,normal_replay,GroupDiverse-Gap
RUN_131,TRIAD_044,A15_GroupDiverse-Gap_B3000,R1,1385197443,1991832991,1330,Det/images/normal_train/01018249.png,0,01,easy_clean,0.0236398035,1.0,0.0241685136,normal_replay,GroupDiverse-Gap
RUN_131,TRIAD_044,A15_GroupDiverse-Gap_B3000,R1,1385197443,1991832991,1331,Det/images/normal_train/00147590.png,0,08,easy_clean,0.0056503546,1.0,0.006428405,normal_replay,GroupDiverse-Gap
RUN_131,TRIAD_044,A15_GroupDiverse-Gap_B3000,R1,1385197443,1991832991,1332,Det/images/normal_train/01203231.png,0,05,easy_clean,0.0029878029,1.0,0.0068251238,normal_replay,GroupDiverse-Gap
RUN_131,TRIAD_044,A15_GroupDiverse-Gap_B3000,R1,1385197443,1991832991,1333,Det/images/normal_train/00965087.png,0,03,learnable_hard,0.0220474085,0.995,0.0407467547,normal_replay,GroupDiverse-Gap
RUN_131,TRIAD_044,A15_GroupDiverse-Gap_B3000,R1,1385197443,1991832991,1334,Det/images/normal_train/00875496.png,0,06,easy_clean,0.0010275761,1.0,0.0013330781,normal_replay,GroupDiverse-Gap
RUN_131,TRIAD_044,A15_GroupDiverse-Gap_B3000,R1,1385197443,1991832991,1335,Det/images/normal_train/01151067.png,0,00,easy_clean,0.0037028334,1.0,0.0050060084,normal_replay,GroupDiverse-Gap
RUN_131,TRIAD_044,A15_GroupDiverse-Gap_B3000,R1,1385197443,1991832991,1336,Det/images/normal_train/00875100.png,0,06,easy_clean,0.0151970707,1.0,0.0139784988,normal_replay,GroupDiverse-Gap
RUN_131,TRIAD_044,A15_GroupDiverse-Gap_B3000,R1,1385197443,1991832991,1337,Det/images/normal_train/00324948.png,0,00,easy_clean,0.0160015547,1.0,0.0165679508,normal_replay,GroupDiverse-Gap
RUN_131,TRIAD_044,A15_GroupDiverse-Gap_B3000,R1,1385197443,1991832991,1338,Det/images/normal_train/00999805.png,0,08,easy_clean,0.0317484132,1.0,0.0258323186,normal_replay,GroupDiverse-Gap
RUN_131,TRIAD_044,A15_GroupDiverse-Gap_B3000,R1,1385197443,1991832991,1339,Det/images/normal_train/00810003.png,0,09,easy_clean,0.0471868813,1.0,0.039148581,normal_replay,GroupDiverse-Gap
RUN_131,TRIAD_044,A15_GroupDiverse-Gap_B3000,R1,1385197443,1991832991,1340,Det/images/normal_train/00380336.png,0,09,easy_clean,0.0098187607,1.0,0.01510267,normal_replay,GroupDiverse-Gap
RUN_131,TRIAD_044,A15_GroupDiverse-Gap_B3000,R1,1385197443,1991832991,1341,Det/images/normal_train/00403619.png,0,03,easy_clean,0.0047757417,1.0,0.0079813555,normal_replay,GroupDiverse-Gap
RUN_131,TRIAD_044,A15_GroupDiverse-Gap_B3000,R1,1385197443,1991832991,1342,Det/images/normal_train/01060097.png,0,01,easy_clean,0.0048830727,1.0,0.0076327291,normal_replay,GroupDiverse-Gap
RUN_131,TRIAD_044,A15_GroupDiverse-Gap_B3000,R1,1385197443,1991832991,1343,Det/images/normal_train/01018411.png,0,01,easy_clean,0.0128212756,1.0,0.0154851802,normal_replay,GroupDiverse-Gap
RUN_131,TRIAD_044,A15_GroupDiverse-Gap_B3000,R1,1385197443,1991832991,1344,Det/images/normal_train/00235670.png,0,07,easy_clean,0.0010963078,1.0,0.001770562,normal_replay,GroupDiverse-Gap
RUN_131,TRIAD_044,A15_GroupDiverse-Gap_B3000,R1,1385197443,1991832991,1345,Det/images/normal_train/00952603.png,0,09,learnable_hard,0.0769456429,0.995,0.0753362404,normal_replay,GroupDiverse-Gap
RUN_131,TRIAD_044,A15_GroupDiverse-Gap_B3000,R1,1385197443,1991832991,1346,Det/images/normal_train/01006866.png,0,05,easy_clean,0.0467536196,1.0,0.0311066016,normal_replay,GroupDiverse-Gap
RUN_131,TRIAD_044,A15_GroupDiverse-Gap_B3000,R1,1385197443,1991832991,1347,Det/images/normal_train/00980452.png,0,01,easy_clean,0.0310000912,1.0,0.0430798362,normal_replay,GroupDiverse-Gap
RUN_131,TRIAD_044,A15_GroupDiverse-Gap_B3000,R1,1385197443,1991832991,1348,Det/images/normal_train/00857135.png,0,01,easy_clean,0.0052652165,1.0,0.0064272355,normal_replay,GroupDiverse-Gap
RUN_131,TRIAD_044,A15_GroupDiverse-Gap_B3000,R1,1385197443,1991832991,1349,Det/images/normal_train/01022861.png,0,03,easy_clean,0.0292049003,1.0,0.0242466962,normal_replay,GroupDiverse-Gap
RUN_131,TRIAD_044,A15_GroupDiverse-Gap_B3000,R1,1385197443,1991832991,1350,Det/images/normal_train/00299075.png,0,01,easy_clean,0.0278061059,1.0,0.0350677918,normal_replay,GroupDiverse-Gap
RUN_131,TRIAD_044,A15_GroupDiverse-Gap_B3000,R1,1385197443,1991832991,1351,Det/images/normal_train/00289729.png,0,07,easy_clean,0.0041376736,1.0,0.0044117381,normal_replay,GroupDiverse-Gap
RUN_131,TRIAD_044,A15_GroupDiverse-Gap_B3000,R1,1385197443,1991832991,1352,Det/images/normal_train/01286147.png,0,00,learnable_hard,0.1569188908,0.95,0.174453069,normal_replay,GroupDiverse-Gap
RUN_131,TRIAD_044,A15_GroupDiverse-Gap_B3000,R1,1385197443,1991832991,1353,Det/images/normal_train/00694390.png,0,00,easy_clean,0.0032502385,1.0,0.0076294119,normal_replay,GroupDiverse-Gap
RUN_131,TRIAD_044,A15_GroupDiverse-Gap_B3000,R1,1385197443,1991832991,1354,Det/images/normal_train/00962640.png,0,04,easy_clean,0.0054207496,1.0,0.0059934753,normal_replay,GroupDiverse-Gap
RUN_131,TRIAD_044,A15_GroupDiverse-Gap_B3000,R1,1385197443,1991832991,1355,Det/images/normal_train/01151065.png,0,00,easy_clean,0.0030513611,1.0,0.0039292241,normal_replay,GroupDiverse-Gap
RUN_131,TRIAD_044,A15_GroupDiverse-Gap_B3000,R1,1385197443,1991832991,1356,Det/images/normal_train/00220046.png,0,04,easy_clean,0.0473092816,1.0,0.0219651055,normal_replay,GroupDiverse-Gap
RUN_131,TRIAD_044,A15_GroupDiverse-Gap_B3000,R1,1385197443,1991832991,1357,Det/images/normal_train/01014731.png,0,04,learnable_hard,0.0772749557,0.985,0.1129176663,normal_replay,GroupDiverse-Gap
RUN_131,TRIAD_044,A15_GroupDiverse-Gap_B3000,R1,1385197443,1991832991,1358,Det/images/normal_train/00910740.png,0,05,easy_clean,0.0177568045,1.0,0.018358436,normal_replay,GroupDiverse-Gap
RUN_131,TRIAD_044,A15_GroupDiverse-Gap_B3000,R1,1385197443,1991832991,1359,Det/images/normal_train/00217307.png,0,07,easy_clean,0.0025278878,1.0,0.0039880769,normal_replay,GroupDiverse-Gap
RUN_131,TRIAD_044,A15_GroupDiverse-Gap_B3000,R1,1385197443,1991832991,1360,Det/images/normal_train/00768269.png,0,08,easy_clean,0.0004903083,1.0,0.0031585389,normal_replay,GroupDiverse-Gap
RUN_131,TRIAD_044,A15_GroupDiverse-Gap_B3000,R1,1385197443,1991832991,1361,Det/images/normal_train/01032127.png,0,02,easy_clean,0.0857906236,1.0,0.0423496997,normal_replay,GroupDiverse-Gap
RUN_131,TRIAD_044,A15_GroupDiverse-Gap_B3000,R1,1385197443,1991832991,1362,Det/images/normal_train/00521908.png,0,05,easy_clean,0.0041908545,1.0,0.005673004,normal_replay,GroupDiverse-Gap
RUN_131,TRIAD_044,A15_GroupDiverse-Gap_B3000,R1,1385197443,1991832991,1363,Det/images/normal_train/00228020.png,0,06,easy_clean,0.0271048251,1.0,0.0233019936,normal_replay,GroupDiverse-Gap
RUN_131,TRIAD_044,A15_GroupDiverse-Gap_B3000,R1,1385197443,1991832991,1364,Det/images/normal_train/01053258.png,0,05,unstable_boundary,0.5021589199,0.51,0.1428960031,normal_replay,GroupDiverse-Gap
RUN_131,TRIAD_044,A15_GroupDiverse-Gap_B3000,R1,1385197443,1991832991,1365,Det/images/normal_train/00253037.png,0,09,easy_clean,0.0262669383,1.0,0.0169157654,normal_replay,GroupDiverse-Gap
RUN_131,TRIAD_044,A15_GroupDiverse-Gap_B3000,R1,1385197443,1991832991,1366,Det/images/normal_train/01254100.png,0,05,easy_clean,0.048559019,1.0,0.0509562021,normal_replay,GroupDiverse-Gap
RUN_131,TRIAD_044,A15_GroupDiverse-Gap_B3000,R1,1385197443,1991832991,1367,Det/images/normal_train/00264979.png,0,07,easy_clean,0.0021329519,1.0,0.0028550572,normal_replay,GroupDiverse-Gap
RUN_131,TRIAD_044,A15_GroupDiverse-Gap_B3000,R1,1385197443,1991832991,1368,Det/images/normal_train/01282849.png,0,02,learnable_hard,0.0304638625,0.995,0.0532809675,normal_replay,GroupDiverse-Gap
RUN_131,TRIAD_044,A15_GroupDiverse-Gap_B3000,R1,1385197443,1991832991,1369,Det/images/normal_train/00987187.png,0,05,learnable_hard,0.0585224831,0.99,0.0942954072,normal_replay,GroupDiverse-Gap
RUN_131,TRIAD_044,A15_GroupDiverse-Gap_B3000,R1,1385197443,1991832991,1370,Det/images/normal_train/00778283.png,0,02,easy_clean,0.0184067243,1.0,0.0541084715,normal_replay,GroupDiverse-Gap
RUN_131,TRIAD_044,A15_GroupDiverse-Gap_B3000,R1,1385197443,1991832991,1371,Det/images/normal_train/00248679.png,0,00,easy_clean,0.0070890003,1.0,0.006505654,normal_replay,GroupDiverse-Gap
RUN_131,TRIAD_044,A15_GroupDiverse-Gap_B3000,R1,1385197443,1991832991,1372,Det/images/normal_train/01046751.png,0,03,persistent_hard,0.65436458,0.01,0.0801151157,normal_replay,GroupDiverse-Gap
RUN_131,TRIAD_044,A15_GroupDiverse-Gap_B3000,R1,1385197443,1991832991,1373,Det/images/normal_train/01230448.png,0,01,easy_clean,0.0005942912,1.0,0.001129268,normal_replay,GroupDiverse-Gap
RUN_131,TRIAD_044,A15_GroupDiverse-Gap_B3000,R1,1385197443,1991832991,1374,Det/images/normal_train/00273054.png,0,08,easy_clean,0.0183945415,1.0,0.0211139535,normal_replay,GroupDiverse-Gap
RUN_131,TRIAD_044,A15_GroupDiverse-Gap_B3000,R1,1385197443,1991832991,1375,Det/images/normal_train/00781768.png,0,02,easy_clean,0.0012458367,1.0,0.0017546008,normal_replay,GroupDiverse-Gap
RUN_131,TRIAD_044,A15_GroupDiverse-Gap_B3000,R1,1385197443,1991832991,1376,Det/images/normal_train/00810035.png,0,09,easy_clean,0.0368160785,1.0,0.0394973501,normal_replay,GroupDiverse-Gap
RUN_131,TRIAD_044,A15_GroupDiverse-Gap_B3000,R1,1385197443,1991832991,1377,Det/images/normal_train/00405677.png,0,05,easy_clean,0.0213043364,1.0,0.0225555999,normal_replay,GroupDiverse-Gap
RUN_131,TRIAD_044,A15_GroupDiverse-Gap_B3000,R1,1385197443,1991832991,1378,Det/images/normal_train/00896708.png,0,07,easy_clean,0.0352011575,1.0,0.0315590954,normal_replay,GroupDiverse-Gap
RUN_131,TRIAD_044,A15_GroupDiverse-Gap_B3000,R1,1385197443,1991832991,1379,Det/images/normal_train/00301980.png,0,05,learnable_hard,0.0719814203,0.99,0.0621340083,normal_replay,GroupDiverse-Gap
RUN_131,TRIAD_044,A15_GroupDiverse-Gap_B3000,R1,1385197443,1991832991,1380,Det/images/normal_train/00854631.png,0,09,easy_clean,0.001237532,1.0,0.0015470621,normal_replay,GroupDiverse-Gap
RUN_131,TRIAD_044,A15_GroupDiverse-Gap_B3000,R1,1385197443,1991832991,1381,Det/images/normal_train/00242087.png,0,01,easy_clean,0.0064759253,1.0,0.0132884556,normal_replay,GroupDiverse-Gap
RUN_131,TRIAD_044,A15_GroupDiverse-Gap_B3000,R1,1385197443,1991832991,1382,Det/images/normal_train/01165499.png,0,06,ordinary,0.0984101567,1.0,0.0837453509,normal_replay,GroupDiverse-Gap
RUN_131,TRIAD_044,A15_GroupDiverse-Gap_B3000,R1,1385197443,1991832991,1383,Det/images/normal_train/00539602.png,0,06,easy_clean,0.0072995653,1.0,0.0102906839,normal_replay,GroupDiverse-Gap
RUN_131,TRIAD_044,A15_GroupDiverse-Gap_B3000,R1,1385197443,1991832991,1384,Det/images/normal_train/01229312.png,0,00,easy_clean,0.0127181276,1.0,0.0246871857,normal_replay,GroupDiverse-Gap
RUN_131,TRIAD_044,A15_GroupDiverse-Gap_B3000,R1,1385197443,1991832991,1385,Det/images/normal_train/01226320.png,0,00,easy_clean,0.0076468383,1.0,0.00976719,normal_replay,GroupDiverse-Gap
RUN_131,TRIAD_044,A15_GroupDiverse-Gap_B3000,R1,1385197443,1991832991,1386,Det/images/normal_train/00193621.png,0,06,easy_clean,0.0016337238,1.0,0.0025490332,normal_replay,GroupDiverse-Gap
RUN_131,TRIAD_044,A15_GroupDiverse-Gap_B3000,R1,1385197443,1991832991,1387,Det/images/normal_train/00588537.png,0,04,easy_clean,0.0072384225,1.0,0.0087750491,normal_replay,GroupDiverse-Gap
RUN_131,TRIAD_044,A15_GroupDiverse-Gap_B3000,R1,1385197443,1991832991,1388,Det/images/normal_train/01229364.png,0,00,persistent_hard,0.7337108319,0.015,0.0846309742,normal_replay,GroupDiverse-Gap
RUN_131,TRIAD_044,A15_GroupDiverse-Gap_B3000,R1,1385197443,1991832991,1389,Det/images/normal_train/00661739.png,0,08,easy_clean,0.0042549342,1.0,0.0160048572,normal_replay,GroupDiverse-Gap
RUN_131,TRIAD_044,A15_GroupDiverse-Gap_B3000,R1,1385197443,1991832991,1390,Det/images/normal_train/00952620.png,0,09,easy_clean,0.0552124395,1.0,0.0385402519,normal_replay,GroupDiverse-Gap
RUN_131,TRIAD_044,A15_GroupDiverse-Gap_B3000,R1,1385197443,1991832991,1391,Det/images/normal_train/00972996.png,0,03,easy_clean,0.0012254837,1.0,0.0023537382,normal_replay,GroupDiverse-Gap
RUN_131,TRIAD_044,A15_GroupDiverse-Gap_B3000,R1,1385197443,1991832991,1392,Det/images/normal_train/00558013.png,0,06,easy_clean,0.0185666252,1.0,0.0485647796,normal_replay,GroupDiverse-Gap
RUN_131,TRIAD_044,A15_GroupDiverse-Gap_B3000,R1,1385197443,1991832991,1393,Det/images/normal_train/00683258.png,0,07,easy_clean,0.0041567336,1.0,0.0061446603,normal_replay,GroupDiverse-Gap
RUN_131,TRIAD_044,A15_GroupDiverse-Gap_B3000,R1,1385197443,1991832991,1394,Det/images/normal_train/00232094.png,0,00,easy_clean,0.0009651178,1.0,0.0016033035,normal_replay,GroupDiverse-Gap
RUN_131,TRIAD_044,A15_GroupDiverse-Gap_B3000,R1,1385197443,1991832991,1395,Det/images/normal_train/01054053.png,0,00,easy_clean,0.0124125369,1.0,0.0138203903,normal_replay,GroupDiverse-Gap
RUN_131,TRIAD_044,A15_GroupDiverse-Gap_B3000,R1,1385197443,1991832991,1396,Det/images/normal_train/01169709.png,0,08,easy_clean,0.0324587224,1.0,0.0233650565,normal_replay,GroupDiverse-Gap
RUN_131,TRIAD_044,A15_GroupDiverse-Gap_B3000,R1,1385197443,1991832991,1397,Det/images/normal_train/00386363.png,0,01,easy_clean,0.0139975076,1.0,0.0141124916,normal_replay,GroupDiverse-Gap
RUN_131,TRIAD_044,A15_GroupDiverse-Gap_B3000,R1,1385197443,1991832991,1398,Det/images/normal_train/00394408.png,0,05,easy_clean,0.0017930904,1.0,0.0023944466,normal_replay,GroupDiverse-Gap
RUN_131,TRIAD_044,A15_GroupDiverse-Gap_B3000,R1,1385197443,1991832991,1399,Det/images/normal_train/00607535.png,0,09,ordinary,0.0970208569,1.0,0.0982364611,normal_replay,GroupDiverse-Gap
RUN_131,TRIAD_044,A15_GroupDiverse-Gap_B3000,R1,1385197443,1991832991,1400,Det/images/normal_train/00842416.png,0,06,learnable_hard,0.2555355032,0.955,0.1712226976,normal_replay,GroupDiverse-Gap
RUN_131,TRIAD_044,A15_GroupDiverse-Gap_B3000,R1,1385197443,1991832991,1401,Det/images/normal_train/00937665.png,0,05,easy_clean,0.016258089,1.0,0.0148451451,normal_replay,GroupDiverse-Gap
RUN_131,TRIAD_044,A15_GroupDiverse-Gap_B3000,R1,1385197443,1991832991,1402,Det/images/normal_train/00308638.png,0,04,easy_clean,0.0003861928,1.0,0.0019893283,normal_replay,GroupDiverse-Gap
RUN_131,TRIAD_044,A15_GroupDiverse-Gap_B3000,R1,1385197443,1991832991,1403,Det/images/normal_train/00802195.png,0,02,easy_clean,0.0009004142,1.0,0.0010798005,normal_replay,GroupDiverse-Gap
RUN_131,TRIAD_044,A15_GroupDiverse-Gap_B3000,R1,1385197443,1991832991,1404,Det/images/normal_train/00319416.png,0,04,easy_clean,0.0036298601,1.0,0.005535497,normal_replay,GroupDiverse-Gap
RUN_131,TRIAD_044,A15_GroupDiverse-Gap_B3000,R1,1385197443,1991832991,1405,Det/images/normal_train/00334045.png,0,06,easy_clean,0.0021412338,1.0,0.0052024478,normal_replay,GroupDiverse-Gap
RUN_131,TRIAD_044,A15_GroupDiverse-Gap_B3000,R1,1385197443,1991832991,1406,Det/images/normal_train/00289980.png,0,07,easy_clean,0.0099149134,1.0,0.0134311503,normal_replay,GroupDiverse-Gap
RUN_131,TRIAD_044,A15_GroupDiverse-Gap_B3000,R1,1385197443,1991832991,1407,Det/images/normal_train/00411954.png,0,06,easy_clean,0.0048179268,1.0,0.0080764457,normal_replay,GroupDiverse-Gap
RUN_131,TRIAD_044,A15_GroupDiverse-Gap_B3000,R1,1385197443,1991832991,1408,Det/images/normal_train/00524822.png,0,02,easy_clean,0.0019316135,1.0,0.003959238,normal_replay,GroupDiverse-Gap
RUN_131,TRIAD_044,A15_GroupDiverse-Gap_B3000,R1,1385197443,1991832991,1409,Det/images/normal_train/00212462.png,0,05,easy_clean,0.0126599215,1.0,0.0188530872,normal_replay,GroupDiverse-Gap
RUN_131,TRIAD_044,A15_GroupDiverse-Gap_B3000,R1,1385197443,1991832991,1410,Det/images/normal_train/00590698.png,0,04,easy_clean,0.0169328243,1.0,0.0318670648,normal_replay,GroupDiverse-Gap
RUN_131,TRIAD_044,A15_GroupDiverse-Gap_B3000,R1,1385197443,1991832991,1411,Det/images/normal_train/01112051.png,0,07,learnable_hard,0.0410859109,0.995,0.0550611024,normal_replay,GroupDiverse-Gap
RUN_131,TRIAD_044,A15_GroupDiverse-Gap_B3000,R1,1385197443,1991832991,1412,Det/images/normal_train/00365337.png,0,00,easy_clean,0.0046167158,1.0,0.0054913266,normal_replay,GroupDiverse-Gap
RUN_131,TRIAD_044,A15_GroupDiverse-Gap_B3000,R1,1385197443,1991832991,1413,Det/images/normal_train/00797596.png,0,06,easy_clean,0.0226874399,1.0,0.0288624397,normal_replay,GroupDiverse-Gap
RUN_131,TRIAD_044,A15_GroupDiverse-Gap_B3000,R1,1385197443,1991832991,1414,Det/images/normal_train/00232552.png,0,00,easy_clean,0.0025526325,1.0,0.0043341077,normal_replay,GroupDiverse-Gap
RUN_131,TRIAD_044,A15_GroupDiverse-Gap_B3000,R1,1385197443,1991832991,1415,Det/images/normal_train/00367450.png,0,04,ordinary,0.1254923226,1.0,0.1106390821,normal_replay,GroupDiverse-Gap
RUN_131,TRIAD_044,A15_GroupDiverse-Gap_B3000,R1,1385197443,1991832991,1416,Det/images/normal_train/00255865.png,0,08,easy_clean,0.0024474278,1.0,0.0031275043,normal_replay,GroupDiverse-Gap
RUN_131,TRIAD_044,A15_GroupDiverse-Gap_B3000,R1,1385197443,1991832991,1417,Det/images/normal_train/00211457.png,0,06,easy_clean,0.0008996941,1.0,0.0015695699,normal_replay,GroupDiverse-Gap
RUN_131,TRIAD_044,A15_GroupDiverse-Gap_B3000,R1,1385197443,1991832991,1418,Det/images/normal_train/00489565.png,0,02,easy_clean,0.021484653,1.0,0.0251359463,normal_replay,GroupDiverse-Gap
RUN_131,TRIAD_044,A15_GroupDiverse-Gap_B3000,R1,1385197443,1991832991,1419,Det/images/normal_train/00517408.png,0,08,easy_clean,0.0333658201,1.0,0.029188564,normal_replay,GroupDiverse-Gap
RUN_131,TRIAD_044,A15_GroupDiverse-Gap_B3000,R1,1385197443,1991832991,1420,Det/images/normal_train/00562425.png,0,08,easy_clean,0.0014924956,1.0,0.0024343822,normal_replay,GroupDiverse-Gap
RUN_131,TRIAD_044,A15_GroupDiverse-Gap_B3000,R1,1385197443,1991832991,1421,Det/images/normal_train/00213835.png,0,03,easy_clean,0.0139267161,1.0,0.0167887012,normal_replay,GroupDiverse-Gap
RUN_131,TRIAD_044,A15_GroupDiverse-Gap_B3000,R1,1385197443,1991832991,1422,Det/images/normal_train/00860183.png,0,03,unstable_boundary,0.5467782445,0.325,0.1620235647,normal_replay,GroupDiverse-Gap
RUN_131,TRIAD_044,A15_GroupDiverse-Gap_B3000,R1,1385197443,1991832991,1423,Det/images/normal_train/00545004.png,0,07,easy_clean,0.0061383537,1.0,0.0080096035,normal_replay,GroupDiverse-Gap
RUN_131,TRIAD_044,A15_GroupDiverse-Gap_B3000,R1,1385197443,1991832991,1424,Det/images/normal_train/00336491.png,0,03,easy_clean,0.0332445103,1.0,0.0392443882,normal_replay,GroupDiverse-Gap
RUN_131,TRIAD_044,A15_GroupDiverse-Gap_B3000,R1,1385197443,1991832991,1425,Det/images/normal_train/00206772.png,0,05,easy_clean,0.0014773185,1.0,0.0022642165,normal_replay,GroupDiverse-Gap
RUN_131,TRIAD_044,A15_GroupDiverse-Gap_B3000,R1,1385197443,1991832991,1426,Det/images/normal_train/00613543.png,0,06,easy_clean,0.0024623841,1.0,0.0035219759,normal_replay,GroupDiverse-Gap
RUN_131,TRIAD_044,A15_GroupDiverse-Gap_B3000,R1,1385197443,1991832991,1427,Det/images/normal_train/00357343.png,0,09,learnable_hard,0.0254171092,0.995,0.0491128232,normal_replay,GroupDiverse-Gap
RUN_131,TRIAD_044,A15_GroupDiverse-Gap_B3000,R1,1385197443,1991832991,1428,Det/images/normal_train/00282881.png,0,04,easy_clean,0.0207546095,1.0,0.0317341685,normal_replay,GroupDiverse-Gap
RUN_131,TRIAD_044,A15_GroupDiverse-Gap_B3000,R1,1385197443,1991832991,1429,Det/images/normal_train/00361042.png,0,00,easy_clean,0.0089106752,1.0,0.009718448,normal_replay,GroupDiverse-Gap
RUN_131,TRIAD_044,A15_GroupDiverse-Gap_B3000,R1,1385197443,1991832991,1430,Det/images/normal_train/00541958.png,0,08,learnable_hard,0.2002854961,0.93,0.1730623812,normal_replay,GroupDiverse-Gap
RUN_131,TRIAD_044,A15_GroupDiverse-Gap_B3000,R1,1385197443,1991832991,1431,Det/images/normal_train/00187412.png,0,03,easy_clean,0.0233868737,1.0,0.0268186888,normal_replay,GroupDiverse-Gap
RUN_131,TRIAD_044,A15_GroupDiverse-Gap_B3000,R1,1385197443,1991832991,1432,Det/images/normal_train/00915409.png,0,09,ordinary,0.3160777514,0.825,0.1773775181,normal_replay,GroupDiverse-Gap
RUN_131,TRIAD_044,A15_GroupDiverse-Gap_B3000,R1,1385197443,1991832991,1433,Det/images/normal_train/00831127.png,0,00,easy_clean,0.0010382145,1.0,0.0017751289,normal_replay,GroupDiverse-Gap
RUN_131,TRIAD_044,A15_GroupDiverse-Gap_B3000,R1,1385197443,1991832991,1434,Det/images/normal_train/00858390.png,0,01,easy_clean,0.0028652681,1.0,0.0161058861,normal_replay,GroupDiverse-Gap
RUN_131,TRIAD_044,A15_GroupDiverse-Gap_B3000,R1,1385197443,1991832991,1435,Det/images/normal_train/00232217.png,0,00,easy_clean,0.0068762286,1.0,0.0087575589,normal_replay,GroupDiverse-Gap
RUN_131,TRIAD_044,A15_GroupDiverse-Gap_B3000,R1,1385197443,1991832991,1436,Det/images/normal_train/00548984.png,0,00,easy_clean,0.0906486479,1.0,0.0642487274,normal_replay,GroupDiverse-Gap
RUN_131,TRIAD_044,A15_GroupDiverse-Gap_B3000,R1,1385197443,1991832991,1437,Det/images/normal_train/00771605.png,0,03,easy_clean,0.0002406335,1.0,0.0004539442,normal_replay,GroupDiverse-Gap
RUN_131,TRIAD_044,A15_GroupDiverse-Gap_B3000,R1,1385197443,1991832991,1438,Det/images/normal_train/01085782.png,0,07,easy_clean,0.0847900599,1.0,0.0351674369,normal_replay,GroupDiverse-Gap
RUN_131,TRIAD_044,A15_GroupDiverse-Gap_B3000,R1,1385197443,1991832991,1439,Det/images/normal_train/00205902.png,0,08,persistent_hard,0.6495852648,0.025,0.0989016039,normal_replay,GroupDiverse-Gap
RUN_131,TRIAD_044,A15_GroupDiverse-Gap_B3000,R1,1385197443,1991832991,1440,Det/images/normal_train/01268527.png,0,05,easy_clean,0.0078352367,1.0,0.0080466758,normal_replay,GroupDiverse-Gap
RUN_131,TRIAD_044,A15_GroupDiverse-Gap_B3000,R1,1385197443,1991832991,1441,Det/images/normal_train/00824512.png,0,05,easy_clean,0.000551359,1.0,0.0007201214,normal_replay,GroupDiverse-Gap
RUN_131,TRIAD_044,A15_GroupDiverse-Gap_B3000,R1,1385197443,1991832991,1442,Det/images/normal_train/01002605.png,0,06,unstable_boundary,0.4079105751,0.79,0.1337021932,normal_replay,GroupDiverse-Gap
RUN_131,TRIAD_044,A15_GroupDiverse-Gap_B3000,R1,1385197443,1991832991,1443,Det/images/normal_train/00374795.png,0,06,easy_clean,0.047182037,1.0,0.0412028618,normal_replay,GroupDiverse-Gap
RUN_131,TRIAD_044,A15_GroupDiverse-Gap_B3000,R1,1385197443,1991832991,1444,Det/images/normal_train/00529875.png,0,03,easy_clean,0.0002659812,1.0,0.0004197382,normal_replay,GroupDiverse-Gap
RUN_131,TRIAD_044,A15_GroupDiverse-Gap_B3000,R1,1385197443,1991832991,1445,Det/images/normal_train/00295542.png,0,03,easy_clean,0.0033844568,1.0,0.0055595111,normal_replay,GroupDiverse-Gap
RUN_131,TRIAD_044,A15_GroupDiverse-Gap_B3000,R1,1385197443,1991832991,1446,Det/images/normal_train/00511481.png,0,02,easy_clean,0.0011699426,1.0,0.0019361841,normal_replay,GroupDiverse-Gap
RUN_131,TRIAD_044,A15_GroupDiverse-Gap_B3000,R1,1385197443,1991832991,1447,Det/images/normal_train/00365091.png,0,00,easy_clean,0.0006773398,1.0,0.0010742367,normal_replay,GroupDiverse-Gap
RUN_131,TRIAD_044,A15_GroupDiverse-Gap_B3000,R1,1385197443,1991832991,1448,Det/images/normal_train/00620416.png,0,06,easy_clean,0.0007911677,1.0,0.0022850664,normal_replay,GroupDiverse-Gap
RUN_131,TRIAD_044,A15_GroupDiverse-Gap_B3000,R1,1385197443,1991832991,1449,Det/images/normal_train/01270916.png,0,05,easy_clean,0.004384767,1.0,0.0067018859,normal_replay,GroupDiverse-Gap
RUN_131,TRIAD_044,A15_GroupDiverse-Gap_B3000,R1,1385197443,1991832991,1450,Det/images/normal_train/00540523.png,0,05,easy_clean,0.0284417911,1.0,0.0305159778,normal_replay,GroupDiverse-Gap
RUN_131,TRIAD_044,A15_GroupDiverse-Gap_B3000,R1,1385197443,1991832991,1451,Det/images/normal_train/00761090.png,0,05,easy_clean,0.0079710879,1.0,0.0098538987,normal_replay,GroupDiverse-Gap
RUN_131,TRIAD_044,A15_GroupDiverse-Gap_B3000,R1,1385197443,1991832991,1452,Det/images/normal_train/00232072.png,0,00,easy_clean,0.0007256714,1.0,0.0009312513,normal_replay,GroupDiverse-Gap
RUN_131,TRIAD_044,A15_GroupDiverse-Gap_B3000,R1,1385197443,1991832991,1453,Det/images/normal_train/01092192.png,0,03,easy_clean,0.0841323283,1.0,0.0625313672,normal_replay,GroupDiverse-Gap
RUN_131,TRIAD_044,A15_GroupDiverse-Gap_B3000,R1,1385197443,1991832991,1454,Det/images/normal_train/01179354.png,0,07,easy_clean,0.0083225219,1.0,0.0081362781,normal_replay,GroupDiverse-Gap
RUN_131,TRIAD_044,A15_GroupDiverse-Gap_B3000,R1,1385197443,1991832991,1455,Det/images/normal_train/00589588.png,0,03,easy_clean,0.0116042859,1.0,0.0270126191,normal_replay,GroupDiverse-Gap
RUN_131,TRIAD_044,A15_GroupDiverse-Gap_B3000,R1,1385197443,1991832991,1456,Det/images/normal_train/00537413.png,0,09,easy_clean,0.0019286815,1.0,0.0027794938,normal_replay,GroupDiverse-Gap
RUN_131,TRIAD_044,A15_GroupDiverse-Gap_B3000,R1,1385197443,1991832991,1457,Det/images/normal_train/00941228.png,0,00,easy_clean,0.0285456136,1.0,0.0359307595,normal_replay,GroupDiverse-Gap
RUN_131,TRIAD_044,A15_GroupDiverse-Gap_B3000,R1,1385197443,1991832991,1458,Det/images/normal_train/01222227.png,0,07,learnable_hard,0.1872424397,0.995,0.062592614,normal_replay,GroupDiverse-Gap
RUN_131,TRIAD_044,A15_GroupDiverse-Gap_B3000,R1,1385197443,1991832991,1459,Det/images/normal_train/00926662.png,0,00,easy_clean,0.0030045743,1.0,0.0022119945,normal_replay,GroupDiverse-Gap
RUN_131,TRIAD_044,A15_GroupDiverse-Gap_B3000,R1,1385197443,1991832991,1460,Det/images/normal_train/00646180.png,0,02,easy_clean,0.0144155166,1.0,0.0180755619,normal_replay,GroupDiverse-Gap
RUN_131,TRIAD_044,A15_GroupDiverse-Gap_B3000,R1,1385197443,1991832991,1461,Det/images/normal_train/00981666.png,0,05,learnable_hard,0.128816926,0.975,0.1294228948,normal_replay,GroupDiverse-Gap
RUN_131,TRIAD_044,A15_GroupDiverse-Gap_B3000,R1,1385197443,1991832991,1462,Det/images/normal_train/01258633.png,0,03,learnable_hard,0.0504745848,0.995,0.0824672679,normal_replay,GroupDiverse-Gap
RUN_131,TRIAD_044,A15_GroupDiverse-Gap_B3000,R1,1385197443,1991832991,1463,Det/images/normal_train/01185917.png,0,02,easy_clean,0.0129594912,1.0,0.0113099132,normal_replay,GroupDiverse-Gap
RUN_131,TRIAD_044,A15_GroupDiverse-Gap_B3000,R1,1385197443,1991832991,1464,Det/images/normal_train/01261652.png,0,00,ordinary,0.1289777762,0.945,0.1444605763,normal_replay,GroupDiverse-Gap
RUN_131,TRIAD_044,A15_GroupDiverse-Gap_B3000,R1,1385197443,1991832991,1465,Det/images/normal_train/00230815.png,0,02,easy_clean,0.0020974415,1.0,0.0037024432,normal_replay,GroupDiverse-Gap
RUN_131,TRIAD_044,A15_GroupDiverse-Gap_B3000,R1,1385197443,1991832991,1466,Det/images/normal_train/00248623.png,0,00,easy_clean,0.00456675,1.0,0.0056384442,normal_replay,GroupDiverse-Gap
RUN_131,TRIAD_044,A15_GroupDiverse-Gap_B3000,R1,1385197443,1991832991,1467,Det/images/normal_train/01103781.png,0,02,easy_clean,0.0149711277,1.0,0.0185499838,normal_replay,GroupDiverse-Gap
RUN_131,TRIAD_044,A15_GroupDiverse-Gap_B3000,R1,1385197443,1991832991,1468,Det/images/normal_train/00806068.png,0,08,easy_clean,0.0066556161,1.0,0.0159967718,normal_replay,GroupDiverse-Gap
RUN_131,TRIAD_044,A15_GroupDiverse-Gap_B3000,R1,1385197443,1991832991,1469,Det/images/normal_train/00672920.png,0,09,easy_clean,0.0005350149,1.0,0.003267258,normal_replay,GroupDiverse-Gap
RUN_131,TRIAD_044,A15_GroupDiverse-Gap_B3000,R1,1385197443,1991832991,1470,Det/images/normal_train/00922952.png,0,02,easy_clean,0.0034287584,1.0,0.0052769171,normal_replay,GroupDiverse-Gap
RUN_131,TRIAD_044,A15_GroupDiverse-Gap_B3000,R1,1385197443,1991832991,1471,Det/images/normal_train/00889017.png,0,09,easy_clean,0.0149923097,1.0,0.0185049686,normal_replay,GroupDiverse-Gap
RUN_131,TRIAD_044,A15_GroupDiverse-Gap_B3000,R1,1385197443,1991832991,1472,Det/images/normal_train/00581258.png,0,02,easy_clean,0.0002900422,1.0,0.000508914,normal_replay,GroupDiverse-Gap
RUN_131,TRIAD_044,A15_GroupDiverse-Gap_B3000,R1,1385197443,1991832991,1473,Det/images/normal_train/00920877.png,0,09,easy_clean,0.00171109,1.0,0.0023310747,normal_replay,GroupDiverse-Gap
RUN_131,TRIAD_044,A15_GroupDiverse-Gap_B3000,R1,1385197443,1991832991,1474,Det/images/normal_train/00788818.png,0,03,easy_clean,0.0035979651,1.0,0.0042653132,normal_replay,GroupDiverse-Gap
RUN_131,TRIAD_044,A15_GroupDiverse-Gap_B3000,R1,1385197443,1991832991,1475,Det/images/normal_train/00664053.png,0,06,easy_clean,0.0032705759,1.0,0.0120662147,normal_replay,GroupDiverse-Gap
RUN_131,TRIAD_044,A15_GroupDiverse-Gap_B3000,R1,1385197443,1991832991,1476,Det/images/normal_train/00335242.png,0,07,easy_clean,0.0367285165,1.0,0.0355581954,normal_replay,GroupDiverse-Gap
RUN_131,TRIAD_044,A15_GroupDiverse-Gap_B3000,R1,1385197443,1991832991,1477,Det/images/normal_train/01023809.png,0,00,easy_clean,0.0310856845,1.0,0.0273114977,normal_replay,GroupDiverse-Gap
RUN_131,TRIAD_044,A15_GroupDiverse-Gap_B3000,R1,1385197443,1991832991,1478,Det/images/normal_train/00150979.png,0,00,ordinary,0.1613150708,1.0,0.1144664266,normal_replay,GroupDiverse-Gap
RUN_131,TRIAD_044,A15_GroupDiverse-Gap_B3000,R1,1385197443,1991832991,1479,Det/images/normal_train/00915877.png,0,09,learnable_hard,0.2742451388,0.895,0.1882219059,normal_replay,GroupDiverse-Gap
RUN_131,TRIAD_044,A15_GroupDiverse-Gap_B3000,R1,1385197443,1991832991,1480,Det/images/normal_train/00858509.png,0,01,persistent_hard,0.7463099219,0.12,0.1538171224,normal_replay,GroupDiverse-Gap
RUN_131,TRIAD_044,A15_GroupDiverse-Gap_B3000,R1,1385197443,1991832991,1481,Det/images/normal_train/01173333.png,0,01,easy_clean,0.0039380782,1.0,0.0094480066,normal_replay,GroupDiverse-Gap
RUN_131,TRIAD_044,A15_GroupDiverse-Gap_B3000,R1,1385197443,1991832991,1482,Det/images/normal_train/01222853.png,0,07,easy_clean,0.0191653836,1.0,0.0199042305,normal_replay,GroupDiverse-Gap
RUN_131,TRIAD_044,A15_GroupDiverse-Gap_B3000,R1,1385197443,1991832991,1483,Det/images/normal_train/01232813.png,0,09,learnable_hard,0.3420872295,0.585,0.2205194028,normal_replay,GroupDiverse-Gap
RUN_131,TRIAD_044,A15_GroupDiverse-Gap_B3000,R1,1385197443,1991832991,1484,Det/images/normal_train/01032446.png,0,02,ordinary,0.2427997568,0.86,0.2303583738,normal_replay,GroupDiverse-Gap
RUN_131,TRIAD_044,A15_GroupDiverse-Gap_B3000,R1,1385197443,1991832991,1485,Det/images/normal_train/01141164.png,0,08,easy_clean,0.0017385291,1.0,0.0019397954,normal_replay,GroupDiverse-Gap
RUN_131,TRIAD_044,A15_GroupDiverse-Gap_B3000,R1,1385197443,1991832991,1486,Det/images/normal_train/00297299.png,0,08,easy_clean,0.0004298116,1.0,0.0011532033,normal_replay,GroupDiverse-Gap
RUN_131,TRIAD_044,A15_GroupDiverse-Gap_B3000,R1,1385197443,1991832991,1487,Det/images/normal_train/00922233.png,0,02,easy_clean,0.0014557922,1.0,0.0043082735,normal_replay,GroupDiverse-Gap
RUN_131,TRIAD_044,A15_GroupDiverse-Gap_B3000,R1,1385197443,1991832991,1488,Det/images/normal_train/01127242.png,0,06,easy_clean,0.005525886,1.0,0.0083696804,normal_replay,GroupDiverse-Gap
RUN_131,TRIAD_044,A15_GroupDiverse-Gap_B3000,R1,1385197443,1991832991,1489,Det/images/normal_train/01096379.png,0,06,learnable_hard,0.4422764548,0.58,0.1870535143,normal_replay,GroupDiverse-Gap
RUN_131,TRIAD_044,A15_GroupDiverse-Gap_B3000,R1,1385197443,1991832991,1490,Det/images/normal_train/01072232.png,0,03,easy_clean,0.0717033283,1.0,0.0673641442,normal_replay,GroupDiverse-Gap
RUN_131,TRIAD_044,A15_GroupDiverse-Gap_B3000,R1,1385197443,1991832991,1491,Det/images/normal_train/00843628.png,0,06,easy_clean,0.0012387505,1.0,0.0036949319,normal_replay,GroupDiverse-Gap
RUN_131,TRIAD_044,A15_GroupDiverse-Gap_B3000,R1,1385197443,1991832991,1492,Det/images/normal_train/00920582.png,0,09,easy_clean,0.0070013546,1.0,0.0185696481,normal_replay,GroupDiverse-Gap
RUN_131,TRIAD_044,A15_GroupDiverse-Gap_B3000,R1,1385197443,1991832991,1493,Det/images/normal_train/00348869.png,0,03,learnable_hard,0.1971408615,0.995,0.1027793946,normal_replay,GroupDiverse-Gap
RUN_131,TRIAD_044,A15_GroupDiverse-Gap_B3000,R1,1385197443,1991832991,1494,Det/images/normal_train/01107020.png,0,09,easy_clean,0.0107884528,1.0,0.0114403689,normal_replay,GroupDiverse-Gap
RUN_131,TRIAD_044,A15_GroupDiverse-Gap_B3000,R1,1385197443,1991832991,1495,Det/images/normal_train/01256070.png,0,02,persistent_hard,0.6681613776,0.13,0.145612107,normal_replay,GroupDiverse-Gap
RUN_131,TRIAD_044,A15_GroupDiverse-Gap_B3000,R1,1385197443,1991832991,1496,Det/images/normal_train/00565253.png,0,04,easy_clean,0.0004420396,1.0,0.0016753916,normal_replay,GroupDiverse-Gap
RUN_131,TRIAD_044,A15_GroupDiverse-Gap_B3000,R1,1385197443,1991832991,1497,Det/images/normal_train/00363151.png,0,02,easy_clean,0.0139296247,1.0,0.006642326,normal_replay,GroupDiverse-Gap
RUN_131,TRIAD_044,A15_GroupDiverse-Gap_B3000,R1,1385197443,1991832991,1498,Det/images/normal_train/00702444.png,0,06,easy_clean,0.0261027027,0.995,0.0438989783,normal_replay,GroupDiverse-Gap
RUN_131,TRIAD_044,A15_GroupDiverse-Gap_B3000,R1,1385197443,1991832991,1499,Det/images/normal_train/00902611.png,0,04,easy_clean,0.0060094511,1.0,0.0151216721,normal_replay,GroupDiverse-Gap
RUN_131,TRIAD_044,A15_GroupDiverse-Gap_B3000,R1,1385197443,1991832991,1500,Det/images/normal_train/00779942.png,0,08,easy_clean,0.023436863,1.0,0.0383672636,normal_replay,GroupDiverse-Gap
RUN_131,TRIAD_044,A15_GroupDiverse-Gap_B3000,R1,1385197443,1991832991,1501,Det/images/normal_train/01023907.png,0,00,ordinary,0.1006667095,1.0,0.0354395067,normal_replay,GroupDiverse-Gap
RUN_131,TRIAD_044,A15_GroupDiverse-Gap_B3000,R1,1385197443,1991832991,1502,Det/images/normal_train/00322241.png,0,05,easy_clean,0.0198781106,1.0,0.0340687317,normal_replay,GroupDiverse-Gap
RUN_131,TRIAD_044,A15_GroupDiverse-Gap_B3000,R1,1385197443,1991832991,1503,Det/images/normal_train/00248600.png,0,00,easy_clean,0.0533260339,1.0,0.0732014653,normal_replay,GroupDiverse-Gap
RUN_131,TRIAD_044,A15_GroupDiverse-Gap_B3000,R1,1385197443,1991832991,1504,Det/images/normal_train/00966322.png,0,07,easy_clean,0.0212522459,0.995,0.0429738396,normal_replay,GroupDiverse-Gap
RUN_131,TRIAD_044,A15_GroupDiverse-Gap_B3000,R1,1385197443,1991832991,1505,Det/images/normal_train/00218701.png,0,09,easy_clean,0.0048145086,1.0,0.0253419906,normal_replay,GroupDiverse-Gap
RUN_131,TRIAD_044,A15_GroupDiverse-Gap_B3000,R1,1385197443,1991832991,1506,Det/images/normal_train/00334360.png,0,06,easy_clean,0.0009916134,1.0,0.0027263178,normal_replay,GroupDiverse-Gap
RUN_131,TRIAD_044,A15_GroupDiverse-Gap_B3000,R1,1385197443,1991832991,1507,Det/images/normal_train/00164598.png,0,06,ordinary,0.1779054657,1.0,0.1061052566,normal_replay,GroupDiverse-Gap
RUN_131,TRIAD_044,A15_GroupDiverse-Gap_B3000,R1,1385197443,1991832991,1508,Det/images/normal_train/00247010.png,0,01,persistent_hard,0.625740055,0.215,0.1323364285,normal_replay,GroupDiverse-Gap
RUN_131,TRIAD_044,A15_GroupDiverse-Gap_B3000,R1,1385197443,1991832991,1509,Det/images/normal_train/00784464.png,0,00,easy_clean,0.0090686791,1.0,0.008445268,normal_replay,GroupDiverse-Gap
RUN_131,TRIAD_044,A15_GroupDiverse-Gap_B3000,R1,1385197443,1991832991,1510,Det/images/normal_train/00457750.png,0,09,easy_clean,0.0069574858,1.0,0.0098385443,normal_replay,GroupDiverse-Gap
RUN_131,TRIAD_044,A15_GroupDiverse-Gap_B3000,R1,1385197443,1991832991,1511,Det/images/normal_train/00232330.png,0,00,easy_clean,0.0007275412,1.0,0.0009323467,normal_replay,GroupDiverse-Gap
RUN_131,TRIAD_044,A15_GroupDiverse-Gap_B3000,R1,1385197443,1991832991,1512,Det/images/normal_train/01293729.png,0,08,easy_clean,0.0238977099,1.0,0.0197109525,normal_replay,GroupDiverse-Gap
RUN_131,TRIAD_044,A15_GroupDiverse-Gap_B3000,R1,1385197443,1991832991,1513,Det/images/normal_train/01031049.png,0,09,easy_clean,0.0162614037,1.0,0.0162722981,normal_replay,GroupDiverse-Gap
RUN_131,TRIAD_044,A15_GroupDiverse-Gap_B3000,R1,1385197443,1991832991,1514,Det/images/normal_train/01167445.png,0,01,easy_clean,0.0234898032,1.0,0.0366876724,normal_replay,GroupDiverse-Gap
RUN_131,TRIAD_044,A15_GroupDiverse-Gap_B3000,R1,1385197443,1991832991,1515,Det/images/normal_train/01143158.png,0,08,easy_clean,0.0016173686,1.0,0.0022447537,normal_replay,GroupDiverse-Gap
RUN_131,TRIAD_044,A15_GroupDiverse-Gap_B3000,R1,1385197443,1991832991,1516,Det/images/normal_train/00635701.png,0,09,easy_clean,0.012542303,1.0,0.0290897649,normal_replay,GroupDiverse-Gap
RUN_131,TRIAD_044,A15_GroupDiverse-Gap_B3000,R1,1385197443,1991832991,1517,Det/images/normal_train/01249508.png,0,05,easy_clean,0.020140154,1.0,0.0220511313,normal_replay,GroupDiverse-Gap
RUN_131,TRIAD_044,A15_GroupDiverse-Gap_B3000,R1,1385197443,1991832991,1518,Det/images/normal_train/00345867.png,0,05,easy_clean,0.0378907554,1.0,0.0341746658,normal_replay,GroupDiverse-Gap
RUN_131,TRIAD_044,A15_GroupDiverse-Gap_B3000,R1,1385197443,1991832991,1519,Det/images/normal_train/01286612.png,0,00,easy_clean,0.0141087328,1.0,0.0168073895,normal_replay,GroupDiverse-Gap
RUN_131,TRIAD_044,A15_GroupDiverse-Gap_B3000,R1,1385197443,1991832991,1520,Det/images/normal_train/01078831.png,0,06,easy_clean,0.0004010359,1.0,0.0012230642,normal_replay,GroupDiverse-Gap
RUN_131,TRIAD_044,A15_GroupDiverse-Gap_B3000,R1,1385197443,1991832991,1521,Det/images/normal_train/01265487.png,0,08,easy_clean,0.0115633939,1.0,0.0150568967,normal_replay,GroupDiverse-Gap
RUN_131,TRIAD_044,A15_GroupDiverse-Gap_B3000,R1,1385197443,1991832991,1522,Det/images/normal_train/00529960.png,0,03,easy_clean,0.0005547701,1.0,0.000827802,normal_replay,GroupDiverse-Gap
RUN_131,TRIAD_044,A15_GroupDiverse-Gap_B3000,R1,1385197443,1991832991,1523,Det/images/normal_train/01004228.png,0,07,easy_clean,0.0208978329,1.0,0.0464202394,normal_replay,GroupDiverse-Gap
RUN_131,TRIAD_044,A15_GroupDiverse-Gap_B3000,R1,1385197443,1991832991,1524,Det/images/normal_train/00698520.png,0,08,persistent_hard,0.7167786685,0.07,0.1349408326,normal_replay,GroupDiverse-Gap
RUN_131,TRIAD_044,A15_GroupDiverse-Gap_B3000,R1,1385197443,1991832991,1525,Det/images/normal_train/01286474.png,0,00,easy_clean,0.0633764105,1.0,0.0352061163,normal_replay,GroupDiverse-Gap
RUN_131,TRIAD_044,A15_GroupDiverse-Gap_B3000,R1,1385197443,1991832991,1526,Det/images/normal_train/00516302.png,0,04,easy_clean,0.0004864911,1.0,0.0007029239,normal_replay,GroupDiverse-Gap
RUN_131,TRIAD_044,A15_GroupDiverse-Gap_B3000,R1,1385197443,1991832991,1527,Det/images/normal_train/00951122.png,0,08,ordinary,0.106743033,1.0,0.0786056339,normal_replay,GroupDiverse-Gap
RUN_131,TRIAD_044,A15_GroupDiverse-Gap_B3000,R1,1385197443,1991832991,1528,Det/images/normal_train/00235738.png,0,07,easy_clean,0.0069506475,1.0,0.0094303977,normal_replay,GroupDiverse-Gap
RUN_131,TRIAD_044,A15_GroupDiverse-Gap_B3000,R1,1385197443,1991832991,1529,Det/images/normal_train/01276385.png,0,01,learnable_hard,0.1154519876,0.99,0.0989134784,normal_replay,GroupDiverse-Gap
RUN_131,TRIAD_044,A15_GroupDiverse-Gap_B3000,R1,1385197443,1991832991,1530,Det/images/normal_train/00495703.png,0,08,easy_clean,0.0011908881,1.0,0.002099117,normal_replay,GroupDiverse-Gap
RUN_131,TRIAD_044,A15_GroupDiverse-Gap_B3000,R1,1385197443,1991832991,1531,Det/images/normal_train/00317456.png,0,04,easy_clean,0.0122449761,1.0,0.0135203524,normal_replay,GroupDiverse-Gap
RUN_131,TRIAD_044,A15_GroupDiverse-Gap_B3000,R1,1385197443,1991832991,1532,Det/images/normal_train/01051139.png,0,06,easy_clean,0.0338012521,1.0,0.0438836065,normal_replay,GroupDiverse-Gap
RUN_131,TRIAD_044,A15_GroupDiverse-Gap_B3000,R1,1385197443,1991832991,1533,Det/images/normal_train/00973432.png,0,05,easy_clean,0.0011511955,1.0,0.0019109398,normal_replay,GroupDiverse-Gap
RUN_131,TRIAD_044,A15_GroupDiverse-Gap_B3000,R1,1385197443,1991832991,1534,Det/images/normal_train/00704550.png,0,06,easy_clean,0.0460269238,1.0,0.0744614578,normal_replay,GroupDiverse-Gap
RUN_131,TRIAD_044,A15_GroupDiverse-Gap_B3000,R1,1385197443,1991832991,1535,Det/images/normal_train/01145996.png,0,06,easy_clean,0.006977753,1.0,0.0125944995,normal_replay,GroupDiverse-Gap
RUN_131,TRIAD_044,A15_GroupDiverse-Gap_B3000,R1,1385197443,1991832991,1536,Det/images/normal_train/00894380.png,0,05,easy_clean,0.0210126757,1.0,0.0318743542,normal_replay,GroupDiverse-Gap
RUN_131,TRIAD_044,A15_GroupDiverse-Gap_B3000,R1,1385197443,1991832991,1537,Det/images/normal_train/00589816.png,0,03,easy_clean,0.0135030598,1.0,0.0423304375,normal_replay,GroupDiverse-Gap
RUN_131,TRIAD_044,A15_GroupDiverse-Gap_B3000,R1,1385197443,1991832991,1538,Det/images/normal_train/01185766.png,0,02,easy_clean,0.0089793483,1.0,0.0116531679,normal_replay,GroupDiverse-Gap
RUN_131,TRIAD_044,A15_GroupDiverse-Gap_B3000,R1,1385197443,1991832991,1539,Det/images/normal_train/00822766.png,0,08,easy_clean,0.0049887128,1.0,0.0113542896,normal_replay,GroupDiverse-Gap
RUN_131,TRIAD_044,A15_GroupDiverse-Gap_B3000,R1,1385197443,1991832991,1540,Det/images/normal_train/00368410.png,0,02,easy_clean,0.0034798492,1.0,0.0068862238,normal_replay,GroupDiverse-Gap
RUN_131,TRIAD_044,A15_GroupDiverse-Gap_B3000,R1,1385197443,1991832991,1541,Det/images/normal_train/01241410.png,0,09,easy_clean,0.0002313008,1.0,0.0003632879,normal_replay,GroupDiverse-Gap
RUN_131,TRIAD_044,A15_GroupDiverse-Gap_B3000,R1,1385197443,1991832991,1542,Det/images/normal_train/00619635.png,0,04,easy_clean,0.0046080667,1.0,0.004862408,normal_replay,GroupDiverse-Gap
RUN_131,TRIAD_044,A15_GroupDiverse-Gap_B3000,R1,1385197443,1991832991,1543,Det/images/normal_train/01237813.png,0,05,ordinary,0.1534240653,1.0,0.1083843757,normal_replay,GroupDiverse-Gap
RUN_131,TRIAD_044,A15_GroupDiverse-Gap_B3000,R1,1385197443,1991832991,1544,Det/images/normal_train/00808044.png,0,03,ordinary,0.1103509612,1.0,0.0475595504,normal_replay,GroupDiverse-Gap
RUN_131,TRIAD_044,A15_GroupDiverse-Gap_B3000,R1,1385197443,1991832991,1545,Det/images/normal_train/01102462.png,0,08,easy_clean,0.0246466044,0.995,0.042194755,normal_replay,GroupDiverse-Gap
RUN_131,TRIAD_044,A15_GroupDiverse-Gap_B3000,R1,1385197443,1991832991,1546,Det/images/normal_train/01220896.png,0,01,easy_clean,0.0274593852,1.0,0.0267966337,normal_replay,GroupDiverse-Gap
RUN_131,TRIAD_044,A15_GroupDiverse-Gap_B3000,R1,1385197443,1991832991,1547,Det/images/normal_train/00224663.png,0,00,easy_clean,0.0124990492,1.0,0.0135827374,normal_replay,GroupDiverse-Gap
RUN_131,TRIAD_044,A15_GroupDiverse-Gap_B3000,R1,1385197443,1991832991,1548,Det/images/normal_train/00315772.png,0,03,easy_clean,0.0032660448,1.0,0.0041426221,normal_replay,GroupDiverse-Gap
RUN_131,TRIAD_044,A15_GroupDiverse-Gap_B3000,R1,1385197443,1991832991,1549,Det/images/normal_train/00895284.png,0,09,easy_clean,0.0026481371,1.0,0.0068768044,normal_replay,GroupDiverse-Gap
RUN_131,TRIAD_044,A15_GroupDiverse-Gap_B3000,R1,1385197443,1991832991,1550,Det/images/normal_train/00672906.png,0,09,easy_clean,0.0059869734,1.0,0.0337360181,normal_replay,GroupDiverse-Gap
RUN_131,TRIAD_044,A15_GroupDiverse-Gap_B3000,R1,1385197443,1991832991,1551,Det/images/normal_train/01276375.png,0,01,ordinary,0.139695896,1.0,0.0715289756,normal_replay,GroupDiverse-Gap
RUN_131,TRIAD_044,A15_GroupDiverse-Gap_B3000,R1,1385197443,1991832991,1552,Det/images/normal_train/00397141.png,0,06,easy_clean,0.0040467037,1.0,0.0080639547,normal_replay,GroupDiverse-Gap
RUN_131,TRIAD_044,A15_GroupDiverse-Gap_B3000,R1,1385197443,1991832991,1553,Det/images/normal_train/00873535.png,0,04,easy_clean,0.0344025084,1.0,0.0306209884,normal_replay,GroupDiverse-Gap
RUN_131,TRIAD_044,A15_GroupDiverse-Gap_B3000,R1,1385197443,1991832991,1554,Det/images/normal_train/00376763.png,0,00,easy_clean,0.0016059751,1.0,0.0043483064,normal_replay,GroupDiverse-Gap
RUN_131,TRIAD_044,A15_GroupDiverse-Gap_B3000,R1,1385197443,1991832991,1555,Det/images/normal_train/00895490.png,0,09,learnable_hard,0.004430665,0.995,0.0438752619,normal_replay,GroupDiverse-Gap
RUN_131,TRIAD_044,A15_GroupDiverse-Gap_B3000,R1,1385197443,1991832991,1556,Det/images/normal_train/00583748.png,0,03,persistent_hard,0.7412173496,0.005,0.0981222125,normal_replay,GroupDiverse-Gap
RUN_131,TRIAD_044,A15_GroupDiverse-Gap_B3000,R1,1385197443,1991832991,1557,Det/images/normal_train/00384258.png,0,08,learnable_hard,0.2544121617,0.95,0.1752274197,normal_replay,GroupDiverse-Gap
RUN_131,TRIAD_044,A15_GroupDiverse-Gap_B3000,R1,1385197443,1991832991,1558,Det/images/normal_train/00524190.png,0,02,easy_clean,0.0060910589,1.0,0.0242092856,normal_replay,GroupDiverse-Gap
RUN_131,TRIAD_044,A15_GroupDiverse-Gap_B3000,R1,1385197443,1991832991,1559,Det/images/normal_train/00452705.png,0,06,learnable_hard,0.1826501527,0.925,0.1564612286,normal_replay,GroupDiverse-Gap
RUN_131,TRIAD_044,A15_GroupDiverse-Gap_B3000,R1,1385197443,1991832991,1560,Det/images/normal_train/01147279.png,0,07,easy_clean,0.012944697,1.0,0.018897255,normal_replay,GroupDiverse-Gap
RUN_131,TRIAD_044,A15_GroupDiverse-Gap_B3000,R1,1385197443,1991832991,1561,Det/images/normal_train/01185429.png,0,02,easy_clean,0.0078737288,1.0,0.0071774411,normal_replay,GroupDiverse-Gap
RUN_131,TRIAD_044,A15_GroupDiverse-Gap_B3000,R1,1385197443,1991832991,1562,Det/images/normal_train/01040046.png,0,06,learnable_hard,0.2088289985,0.935,0.1869350945,normal_replay,GroupDiverse-Gap
RUN_131,TRIAD_044,A15_GroupDiverse-Gap_B3000,R1,1385197443,1991832991,1563,Det/images/normal_train/00243434.png,0,06,easy_clean,0.0325650145,1.0,0.0307576041,normal_replay,GroupDiverse-Gap
RUN_131,TRIAD_044,A15_GroupDiverse-Gap_B3000,R1,1385197443,1991832991,1564,Det/images/normal_train/00861710.png,0,09,easy_clean,0.0005058178,1.0,0.0010060488,normal_replay,GroupDiverse-Gap
RUN_131,TRIAD_044,A15_GroupDiverse-Gap_B3000,R1,1385197443,1991832991,1565,Det/images/normal_train/00412593.png,0,06,easy_clean,0.0023454152,1.0,0.0032205839,normal_replay,GroupDiverse-Gap
RUN_131,TRIAD_044,A15_GroupDiverse-Gap_B3000,R1,1385197443,1991832991,1566,Det/images/normal_train/00936905.png,0,06,learnable_hard,0.1640472718,0.995,0.1482330937,normal_replay,GroupDiverse-Gap
RUN_131,TRIAD_044,A15_GroupDiverse-Gap_B3000,R1,1385197443,1991832991,1567,Det/images/normal_train/00219143.png,0,09,easy_clean,0.0020036166,1.0,0.0098876405,normal_replay,GroupDiverse-Gap
RUN_131,TRIAD_044,A15_GroupDiverse-Gap_B3000,R1,1385197443,1991832991,1568,Det/images/normal_train/00219831.png,0,09,easy_clean,0.0409546132,1.0,0.0340047829,normal_replay,GroupDiverse-Gap
RUN_131,TRIAD_044,A15_GroupDiverse-Gap_B3000,R1,1385197443,1991832991,1569,Det/images/normal_train/00189418.png,0,02,easy_clean,0.0118549968,1.0,0.0252580875,normal_replay,GroupDiverse-Gap
RUN_131,TRIAD_044,A15_GroupDiverse-Gap_B3000,R1,1385197443,1991832991,1570,Det/images/normal_train/00374921.png,0,06,easy_clean,0.0143887986,1.0,0.0147582127,normal_replay,GroupDiverse-Gap
RUN_131,TRIAD_044,A15_GroupDiverse-Gap_B3000,R1,1385197443,1991832991,1571,Det/images/normal_train/01285639.png,0,08,ordinary,0.125433465,1.0,0.0575474257,normal_replay,GroupDiverse-Gap
RUN_131,TRIAD_044,A15_GroupDiverse-Gap_B3000,R1,1385197443,1991832991,1572,Det/images/normal_train/00327636.png,0,06,easy_clean,0.0242429702,1.0,0.034377406,normal_replay,GroupDiverse-Gap
RUN_131,TRIAD_044,A15_GroupDiverse-Gap_B3000,R1,1385197443,1991832991,1573,Det/images/normal_train/00378539.png,0,05,easy_clean,0.0058330204,1.0,0.0097731467,normal_replay,GroupDiverse-Gap
RUN_131,TRIAD_044,A15_GroupDiverse-Gap_B3000,R1,1385197443,1991832991,1574,Det/images/normal_train/00952443.png,0,09,easy_clean,0.0733088319,1.0,0.068713733,normal_replay,GroupDiverse-Gap
RUN_131,TRIAD_044,A15_GroupDiverse-Gap_B3000,R1,1385197443,1991832991,1575,Det/images/normal_train/00596223.png,0,02,easy_clean,0.0022596487,1.0,0.0031954961,normal_replay,GroupDiverse-Gap
RUN_131,TRIAD_044,A15_GroupDiverse-Gap_B3000,R1,1385197443,1991832991,1576,Det/images/normal_train/01271440.png,0,03,unstable_boundary,0.4442688304,0.575,0.1954462785,normal_replay,GroupDiverse-Gap
RUN_131,TRIAD_044,A15_GroupDiverse-Gap_B3000,R1,1385197443,1991832991,1577,Det/images/normal_train/00228953.png,0,06,easy_clean,0.0029307363,1.0,0.0036099072,normal_replay,GroupDiverse-Gap
RUN_131,TRIAD_044,A15_GroupDiverse-Gap_B3000,R1,1385197443,1991832991,1578,Det/images/normal_train/00565683.png,0,04,ordinary,0.1002428347,1.0,0.1052814762,normal_replay,GroupDiverse-Gap
RUN_131,TRIAD_044,A15_GroupDiverse-Gap_B3000,R1,1385197443,1991832991,1579,Det/images/normal_train/00897714.png,0,00,learnable_hard,0.032612064,0.99,0.0732856611,normal_replay,GroupDiverse-Gap
RUN_131,TRIAD_044,A15_GroupDiverse-Gap_B3000,R1,1385197443,1991832991,1580,Det/images/normal_train/01265463.png,0,08,easy_clean,0.060624562,1.0,0.063591425,normal_replay,GroupDiverse-Gap
RUN_131,TRIAD_044,A15_GroupDiverse-Gap_B3000,R1,1385197443,1991832991,1581,Det/images/normal_train/00813940.png,0,03,easy_clean,0.0076757589,1.0,0.0172496755,normal_replay,GroupDiverse-Gap
RUN_131,TRIAD_044,A15_GroupDiverse-Gap_B3000,R1,1385197443,1991832991,1582,Det/images/normal_train/01048953.png,0,07,easy_clean,0.0062482968,1.0,0.0074018492,normal_replay,GroupDiverse-Gap
RUN_131,TRIAD_044,A15_GroupDiverse-Gap_B3000,R1,1385197443,1991832991,1583,Det/images/normal_train/00294800.png,0,05,easy_clean,0.0028042001,1.0,0.0150487088,normal_replay,GroupDiverse-Gap
RUN_131,TRIAD_044,A15_GroupDiverse-Gap_B3000,R1,1385197443,1991832991,1584,Det/images/normal_train/01122310.png,0,07,easy_clean,0.0023244826,1.0,0.0029655236,normal_replay,GroupDiverse-Gap
RUN_131,TRIAD_044,A15_GroupDiverse-Gap_B3000,R1,1385197443,1991832991,1585,Det/images/normal_train/00175569.png,0,06,easy_clean,0.0172174029,0.995,0.0395289088,normal_replay,GroupDiverse-Gap
RUN_131,TRIAD_044,A15_GroupDiverse-Gap_B3000,R1,1385197443,1991832991,1586,Det/images/normal_train/01152350.png,0,08,easy_clean,0.0205116497,1.0,0.0213911826,normal_replay,GroupDiverse-Gap
RUN_131,TRIAD_044,A15_GroupDiverse-Gap_B3000,R1,1385197443,1991832991,1587,Det/images/normal_train/01152978.png,0,08,ordinary,0.1880913702,0.9,0.2286447174,normal_replay,GroupDiverse-Gap
RUN_131,TRIAD_044,A15_GroupDiverse-Gap_B3000,R1,1385197443,1991832991,1588,Det/images/normal_train/00778900.png,0,02,easy_clean,0.0028196606,1.0,0.017256142,normal_replay,GroupDiverse-Gap
RUN_131,TRIAD_044,A15_GroupDiverse-Gap_B3000,R1,1385197443,1991832991,1589,Det/images/normal_train/01249460.png,0,05,easy_clean,0.0140914397,1.0,0.0091379345,normal_replay,GroupDiverse-Gap
RUN_131,TRIAD_044,A15_GroupDiverse-Gap_B3000,R1,1385197443,1991832991,1590,Det/images/normal_train/00803544.png,0,05,easy_clean,0.0223554699,1.0,0.0172827233,normal_replay,GroupDiverse-Gap
RUN_131,TRIAD_044,A15_GroupDiverse-Gap_B3000,R1,1385197443,1991832991,1591,Det/images/normal_train/00586737.png,0,01,learnable_hard,0.0145165255,0.995,0.0553085004,normal_replay,GroupDiverse-Gap
RUN_131,TRIAD_044,A15_GroupDiverse-Gap_B3000,R1,1385197443,1991832991,1592,Det/images/normal_train/01091980.png,0,02,persistent_hard,0.6249567564,0.315,0.2949935587,normal_replay,GroupDiverse-Gap
RUN_131,TRIAD_044,A15_GroupDiverse-Gap_B3000,R1,1385197443,1991832991,1593,Det/images/normal_train/01217437.png,0,06,easy_clean,0.005971821,1.0,0.0058794713,normal_replay,GroupDiverse-Gap
RUN_131,TRIAD_044,A15_GroupDiverse-Gap_B3000,R1,1385197443,1991832991,1594,Det/images/normal_train/00242300.png,0,01,easy_clean,0.0026280846,1.0,0.0034160264,normal_replay,GroupDiverse-Gap
RUN_131,TRIAD_044,A15_GroupDiverse-Gap_B3000,R1,1385197443,1991832991,1595,Det/images/normal_train/00975467.png,0,02,unstable_boundary,0.4100953788,0.75,0.1256046933,normal_replay,GroupDiverse-Gap
RUN_131,TRIAD_044,A15_GroupDiverse-Gap_B3000,R1,1385197443,1991832991,1596,Det/images/normal_train/00850092.png,0,07,easy_clean,0.0005734975,1.0,0.0009971206,normal_replay,GroupDiverse-Gap
RUN_131,TRIAD_044,A15_GroupDiverse-Gap_B3000,R1,1385197443,1991832991,1597,Det/images/normal_train/00511768.png,0,02,easy_clean,0.0028333375,1.0,0.0042878535,normal_replay,GroupDiverse-Gap
RUN_131,TRIAD_044,A15_GroupDiverse-Gap_B3000,R1,1385197443,1991832991,1598,Det/images/normal_train/00482286.png,0,02,easy_clean,0.0295378639,1.0,0.0310023471,normal_replay,GroupDiverse-Gap
RUN_131,TRIAD_044,A15_GroupDiverse-Gap_B3000,R1,1385197443,1991832991,1599,Det/images/normal_train/01029779.png,0,09,ordinary,0.4710323163,0.525,0.3047436497,normal_replay,GroupDiverse-Gap
RUN_131,TRIAD_044,A15_GroupDiverse-Gap_B3000,R1,1385197443,1991832991,1600,Det/images/normal_train/01294899.png,0,05,ordinary,0.142070504,0.99,0.0852672059,normal_replay,GroupDiverse-Gap
RUN_131,TRIAD_044,A15_GroupDiverse-Gap_B3000,R1,1385197443,1991832991,1601,Det/images/normal_train/00393069.png,0,01,easy_clean,0.0017588577,1.0,0.0025782107,normal_replay,GroupDiverse-Gap
RUN_131,TRIAD_044,A15_GroupDiverse-Gap_B3000,R1,1385197443,1991832991,1602,Det/images/normal_train/00700443.png,0,09,easy_clean,0.0038506434,1.0,0.0073349306,normal_replay,GroupDiverse-Gap
RUN_131,TRIAD_044,A15_GroupDiverse-Gap_B3000,R1,1385197443,1991832991,1603,Det/images/normal_train/00804575.png,0,09,easy_clean,0.004163577,1.0,0.0097344853,normal_replay,GroupDiverse-Gap
RUN_131,TRIAD_044,A15_GroupDiverse-Gap_B3000,R1,1385197443,1991832991,1604,Det/images/normal_train/01281591.png,0,05,persistent_hard,0.6237772098,0.28,0.1770065457,normal_replay,GroupDiverse-Gap
RUN_131,TRIAD_044,A15_GroupDiverse-Gap_B3000,R1,1385197443,1991832991,1605,Det/images/normal_train/00290344.png,0,00,easy_clean,0.0099038099,1.0,0.0088058311,normal_replay,GroupDiverse-Gap
RUN_131,TRIAD_044,A15_GroupDiverse-Gap_B3000,R1,1385197443,1991832991,1606,Det/images/normal_train/01121023.png,0,02,easy_clean,0.0239759024,1.0,0.0362358669,normal_replay,GroupDiverse-Gap
RUN_131,TRIAD_044,A15_GroupDiverse-Gap_B3000,R1,1385197443,1991832991,1607,Det/images/normal_train/01089003.png,0,01,easy_clean,0.0367595732,1.0,0.040538108,normal_replay,GroupDiverse-Gap
RUN_131,TRIAD_044,A15_GroupDiverse-Gap_B3000,R1,1385197443,1991832991,1608,Det/images/normal_train/01190904.png,0,02,easy_clean,0.0438099361,1.0,0.0330141998,normal_replay,GroupDiverse-Gap
RUN_131,TRIAD_044,A15_GroupDiverse-Gap_B3000,R1,1385197443,1991832991,1609,Det/images/normal_train/00429355.png,0,01,easy_clean,0.0365036891,0.995,0.0574924726,normal_replay,GroupDiverse-Gap
RUN_131,TRIAD_044,A15_GroupDiverse-Gap_B3000,R1,1385197443,1991832991,1610,Det/images/normal_train/00244355.png,0,07,easy_clean,0.0007591469,1.0,0.0014073312,normal_replay,GroupDiverse-Gap
RUN_131,TRIAD_044,A15_GroupDiverse-Gap_B3000,R1,1385197443,1991832991,1611,Det/images/normal_train/01047245.png,0,07,easy_clean,0.0091526027,1.0,0.0095652662,normal_replay,GroupDiverse-Gap
RUN_131,TRIAD_044,A15_GroupDiverse-Gap_B3000,R1,1385197443,1991832991,1612,Det/images/normal_train/01064969.png,0,06,ordinary,0.1844398786,0.87,0.2330416462,normal_replay,GroupDiverse-Gap
RUN_131,TRIAD_044,A15_GroupDiverse-Gap_B3000,R1,1385197443,1991832991,1613,Det/images/normal_train/01084744.png,0,01,easy_clean,0.0635689724,1.0,0.0420286189,normal_replay,GroupDiverse-Gap
RUN_131,TRIAD_044,A15_GroupDiverse-Gap_B3000,R1,1385197443,1991832991,1614,Det/images/normal_train/00269369.png,0,03,easy_clean,0.0042438278,1.0,0.0078430544,normal_replay,GroupDiverse-Gap
RUN_131,TRIAD_044,A15_GroupDiverse-Gap_B3000,R1,1385197443,1991832991,1615,Det/images/normal_train/00700709.png,0,09,easy_clean,0.0265611201,1.0,0.0328816803,normal_replay,GroupDiverse-Gap
RUN_131,TRIAD_044,A15_GroupDiverse-Gap_B3000,R1,1385197443,1991832991,1616,Det/images/normal_train/00217147.png,0,07,easy_clean,0.0097106343,1.0,0.0147691172,normal_replay,GroupDiverse-Gap
RUN_131,TRIAD_044,A15_GroupDiverse-Gap_B3000,R1,1385197443,1991832991,1617,Det/images/normal_train/00175691.png,0,06,easy_clean,0.0257131772,1.0,0.0265671234,normal_replay,GroupDiverse-Gap
RUN_131,TRIAD_044,A15_GroupDiverse-Gap_B3000,R1,1385197443,1991832991,1618,Det/images/normal_train/00328496.png,0,07,easy_clean,0.0037120297,1.0,0.0072134929,normal_replay,GroupDiverse-Gap
RUN_131,TRIAD_044,A15_GroupDiverse-Gap_B3000,R1,1385197443,1991832991,1619,Det/images/normal_train/00682700.png,0,00,easy_clean,0.0068571835,1.0,0.0187119166,normal_replay,GroupDiverse-Gap
RUN_131,TRIAD_044,A15_GroupDiverse-Gap_B3000,R1,1385197443,1991832991,1620,Det/images/normal_train/00935688.png,0,09,easy_clean,0.0257926851,1.0,0.0286011896,normal_replay,GroupDiverse-Gap
RUN_131,TRIAD_044,A15_GroupDiverse-Gap_B3000,R1,1385197443,1991832991,1621,Det/images/normal_train/00841018.png,0,04,easy_clean,0.004026397,1.0,0.0082696749,normal_replay,GroupDiverse-Gap
RUN_131,TRIAD_044,A15_GroupDiverse-Gap_B3000,R1,1385197443,1991832991,1622,Det/images/normal_train/00792160.png,0,03,learnable_hard,0.0835530892,0.995,0.0751760796,normal_replay,GroupDiverse-Gap
RUN_131,TRIAD_044,A15_GroupDiverse-Gap_B3000,R1,1385197443,1991832991,1623,Det/images/normal_train/00207729.png,0,01,ordinary,0.5038132031,0.585,0.2530877402,normal_replay,GroupDiverse-Gap
RUN_131,TRIAD_044,A15_GroupDiverse-Gap_B3000,R1,1385197443,1991832991,1624,Det/images/normal_train/00963063.png,0,05,easy_clean,0.005099413,1.0,0.0055133372,normal_replay,GroupDiverse-Gap
RUN_131,TRIAD_044,A15_GroupDiverse-Gap_B3000,R1,1385197443,1991832991,1625,Det/images/normal_train/00577742.png,0,05,easy_clean,0.000643562,1.0,0.001245585,normal_replay,GroupDiverse-Gap
RUN_131,TRIAD_044,A15_GroupDiverse-Gap_B3000,R1,1385197443,1991832991,1626,Det/images/normal_train/01216542.png,0,01,learnable_hard,0.2060918976,0.985,0.1078272969,normal_replay,GroupDiverse-Gap
RUN_131,TRIAD_044,A15_GroupDiverse-Gap_B3000,R1,1385197443,1991832991,1627,Det/images/normal_train/01006783.png,0,05,learnable_hard,0.3231191856,0.92,0.1513479758,normal_replay,GroupDiverse-Gap
RUN_131,TRIAD_044,A15_GroupDiverse-Gap_B3000,R1,1385197443,1991832991,1628,Det/images/normal_train/00968928.png,0,09,easy_clean,0.024046521,1.0,0.0263046697,normal_replay,GroupDiverse-Gap
RUN_131,TRIAD_044,A15_GroupDiverse-Gap_B3000,R1,1385197443,1991832991,1629,Det/images/normal_train/00795114.png,0,01,easy_clean,0.0062512352,1.0,0.0086430689,normal_replay,GroupDiverse-Gap
RUN_131,TRIAD_044,A15_GroupDiverse-Gap_B3000,R1,1385197443,1991832991,1630,Det/images/normal_train/00261710.png,0,00,easy_clean,0.0003090601,1.0,0.0004372741,normal_replay,GroupDiverse-Gap
RUN_131,TRIAD_044,A15_GroupDiverse-Gap_B3000,R1,1385197443,1991832991,1631,Det/images/normal_train/00482049.png,0,02,learnable_hard,0.0329184637,0.995,0.0653413544,normal_replay,GroupDiverse-Gap
RUN_131,TRIAD_044,A15_GroupDiverse-Gap_B3000,R1,1385197443,1991832991,1632,Det/images/normal_train/00888548.png,0,08,easy_clean,0.0023603505,1.0,0.0091843982,normal_replay,GroupDiverse-Gap
RUN_131,TRIAD_044,A15_GroupDiverse-Gap_B3000,R1,1385197443,1991832991,1633,Det/images/normal_train/00620137.png,0,06,easy_clean,0.0135735866,0.995,0.0395646565,normal_replay,GroupDiverse-Gap
RUN_131,TRIAD_044,A15_GroupDiverse-Gap_B3000,R1,1385197443,1991832991,1634,Det/images/normal_train/00613233.png,0,06,easy_clean,0.0714691038,1.0,0.067511398,normal_replay,GroupDiverse-Gap
RUN_131,TRIAD_044,A15_GroupDiverse-Gap_B3000,R1,1385197443,1991832991,1635,Det/images/normal_train/01235290.png,0,01,easy_clean,0.0255505526,1.0,0.0492395396,normal_replay,GroupDiverse-Gap
RUN_131,TRIAD_044,A15_GroupDiverse-Gap_B3000,R1,1385197443,1991832991,1636,Det/images/normal_train/00278255.png,0,00,easy_clean,0.0109976277,1.0,0.0123239448,normal_replay,GroupDiverse-Gap
RUN_131,TRIAD_044,A15_GroupDiverse-Gap_B3000,R1,1385197443,1991832991,1637,Det/images/normal_train/00780817.png,0,00,easy_clean,0.0706566573,1.0,0.069308127,normal_replay,GroupDiverse-Gap
RUN_131,TRIAD_044,A15_GroupDiverse-Gap_B3000,R1,1385197443,1991832991,1638,Det/images/normal_train/01023917.png,0,00,easy_clean,0.0497016927,1.0,0.0482248987,normal_replay,GroupDiverse-Gap
RUN_131,TRIAD_044,A15_GroupDiverse-Gap_B3000,R1,1385197443,1991832991,1639,Det/images/normal_train/00803308.png,0,05,easy_clean,0.0143594892,1.0,0.0196096285,normal_replay,GroupDiverse-Gap
RUN_131,TRIAD_044,A15_GroupDiverse-Gap_B3000,R1,1385197443,1991832991,1640,Det/images/normal_train/00993023.png,0,04,easy_clean,0.0009848694,1.0,0.0017405965,normal_replay,GroupDiverse-Gap
RUN_131,TRIAD_044,A15_GroupDiverse-Gap_B3000,R1,1385197443,1991832991,1641,Det/images/normal_train/00250770.png,0,09,easy_clean,0.004412907,1.0,0.0087474205,normal_replay,GroupDiverse-Gap
RUN_131,TRIAD_044,A15_GroupDiverse-Gap_B3000,R1,1385197443,1991832991,1642,Det/images/normal_train/01014633.png,0,04,easy_clean,0.0562082556,1.0,0.0395336188,normal_replay,GroupDiverse-Gap
RUN_131,TRIAD_044,A15_GroupDiverse-Gap_B3000,R1,1385197443,1991832991,1643,Det/images/normal_train/01101559.png,0,00,easy_clean,0.0186992502,1.0,0.0256622457,normal_replay,GroupDiverse-Gap
RUN_131,TRIAD_044,A15_GroupDiverse-Gap_B3000,R1,1385197443,1991832991,1644,Det/images/normal_train/00938367.png,0,08,easy_clean,0.0171730458,1.0,0.0245392655,normal_replay,GroupDiverse-Gap
RUN_131,TRIAD_044,A15_GroupDiverse-Gap_B3000,R1,1385197443,1991832991,1645,Det/images/normal_train/00306344.png,0,03,easy_clean,0.0056124117,1.0,0.0077414623,normal_replay,GroupDiverse-Gap
RUN_131,TRIAD_044,A15_GroupDiverse-Gap_B3000,R1,1385197443,1991832991,1646,Det/images/normal_train/01088444.png,0,00,easy_clean,0.0201412366,1.0,0.0237140287,normal_replay,GroupDiverse-Gap
RUN_131,TRIAD_044,A15_GroupDiverse-Gap_B3000,R1,1385197443,1991832991,1647,Det/images/normal_train/00382829.png,0,00,learnable_hard,0.0431211592,0.985,0.0889942521,normal_replay,GroupDiverse-Gap
RUN_131,TRIAD_044,A15_GroupDiverse-Gap_B3000,R1,1385197443,1991832991,1648,Det/images/normal_train/01233393.png,0,09,easy_clean,0.0055240093,1.0,0.0080987776,normal_replay,GroupDiverse-Gap
RUN_131,TRIAD_044,A15_GroupDiverse-Gap_B3000,R1,1385197443,1991832991,1649,Det/images/normal_train/00493415.png,0,03,easy_clean,0.0089415993,1.0,0.0117717174,normal_replay,GroupDiverse-Gap
RUN_131,TRIAD_044,A15_GroupDiverse-Gap_B3000,R1,1385197443,1991832991,1650,Det/images/normal_train/01024668.png,0,01,easy_clean,0.0071813912,1.0,0.0092298267,normal_replay,GroupDiverse-Gap
RUN_131,TRIAD_044,A15_GroupDiverse-Gap_B3000,R1,1385197443,1991832991,1651,Det/images/normal_train/00313366.png,0,01,easy_clean,0.0113287679,1.0,0.0113871483,normal_replay,GroupDiverse-Gap
RUN_131,TRIAD_044,A15_GroupDiverse-Gap_B3000,R1,1385197443,1991832991,1652,Det/images/normal_train/01047214.png,0,07,easy_clean,0.0083171786,1.0,0.0063068905,normal_replay,GroupDiverse-Gap
RUN_131,TRIAD_044,A15_GroupDiverse-Gap_B3000,R1,1385197443,1991832991,1653,Det/images/normal_train/00952884.png,0,09,easy_clean,0.0729943576,1.0,0.0715576006,normal_replay,GroupDiverse-Gap
RUN_131,TRIAD_044,A15_GroupDiverse-Gap_B3000,R1,1385197443,1991832991,1654,Det/images/normal_train/00267833.png,0,07,easy_clean,0.0702243277,1.0,0.0526210708,normal_replay,GroupDiverse-Gap
RUN_131,TRIAD_044,A15_GroupDiverse-Gap_B3000,R1,1385197443,1991832991,1655,Det/images/normal_train/00849613.png,0,05,easy_clean,0.0019054566,1.0,0.0029038952,normal_replay,GroupDiverse-Gap
RUN_131,TRIAD_044,A15_GroupDiverse-Gap_B3000,R1,1385197443,1991832991,1656,Det/images/normal_train/01281759.png,0,05,easy_clean,0.0176767669,1.0,0.0196479446,normal_replay,GroupDiverse-Gap
RUN_131,TRIAD_044,A15_GroupDiverse-Gap_B3000,R1,1385197443,1991832991,1657,Det/images/normal_train/00920436.png,0,09,easy_clean,0.0002207121,1.0,0.0009337422,normal_replay,GroupDiverse-Gap
RUN_131,TRIAD_044,A15_GroupDiverse-Gap_B3000,R1,1385197443,1991832991,1658,Det/images/normal_train/00374971.png,0,06,easy_clean,0.0110129546,1.0,0.0129097756,normal_replay,GroupDiverse-Gap
RUN_131,TRIAD_044,A15_GroupDiverse-Gap_B3000,R1,1385197443,1991832991,1659,Det/images/normal_train/00960058.png,0,02,easy_clean,0.0086753981,1.0,0.0121198966,normal_replay,GroupDiverse-Gap
RUN_131,TRIAD_044,A15_GroupDiverse-Gap_B3000,R1,1385197443,1991832991,1660,Det/images/normal_train/00877437.png,0,04,learnable_hard,0.3359256551,0.98,0.1069872313,normal_replay,GroupDiverse-Gap
RUN_131,TRIAD_044,A15_GroupDiverse-Gap_B3000,R1,1385197443,1991832991,1661,Det/images/normal_train/00808187.png,0,03,learnable_hard,0.1161099974,0.98,0.1105088398,normal_replay,GroupDiverse-Gap
RUN_131,TRIAD_044,A15_GroupDiverse-Gap_B3000,R1,1385197443,1991832991,1662,Det/images/normal_train/00922759.png,0,02,easy_clean,0.000592091,1.0,0.0015824677,normal_replay,GroupDiverse-Gap
RUN_131,TRIAD_044,A15_GroupDiverse-Gap_B3000,R1,1385197443,1991832991,1663,Det/images/normal_train/01282109.png,0,02,ordinary,0.0950768305,1.0,0.0218093495,normal_replay,GroupDiverse-Gap
RUN_131,TRIAD_044,A15_GroupDiverse-Gap_B3000,R1,1385197443,1991832991,1664,Det/images/normal_train/00550996.png,0,08,easy_clean,0.0023163831,1.0,0.0098872663,normal_replay,GroupDiverse-Gap
RUN_131,TRIAD_044,A15_GroupDiverse-Gap_B3000,R1,1385197443,1991832991,1665,Det/images/normal_train/01123227.png,0,06,learnable_hard,0.1713440815,0.99,0.134735073,normal_replay,GroupDiverse-Gap
RUN_131,TRIAD_044,A15_GroupDiverse-Gap_B3000,R1,1385197443,1991832991,1666,Det/images/normal_train/00913521.png,0,07,easy_clean,0.0242918019,1.0,0.0448964452,normal_replay,GroupDiverse-Gap
RUN_131,TRIAD_044,A15_GroupDiverse-Gap_B3000,R1,1385197443,1991832991,1667,Det/images/normal_train/01017346.png,0,07,easy_clean,0.0240056305,1.0,0.0285140531,normal_replay,GroupDiverse-Gap
RUN_131,TRIAD_044,A15_GroupDiverse-Gap_B3000,R1,1385197443,1991832991,1668,Det/images/normal_train/00248047.png,0,00,easy_clean,0.0045182615,1.0,0.0085844438,normal_replay,GroupDiverse-Gap
RUN_131,TRIAD_044,A15_GroupDiverse-Gap_B3000,R1,1385197443,1991832991,1669,Det/images/normal_train/00261766.png,0,00,easy_clean,0.0010276965,1.0,0.0015516591,normal_replay,GroupDiverse-Gap
RUN_131,TRIAD_044,A15_GroupDiverse-Gap_B3000,R1,1385197443,1991832991,1670,Det/images/normal_train/00452959.png,0,06,easy_clean,0.0062905334,1.0,0.0063237834,normal_replay,GroupDiverse-Gap
RUN_131,TRIAD_044,A15_GroupDiverse-Gap_B3000,R1,1385197443,1991832991,1671,Det/images/normal_train/00928716.png,0,03,learnable_hard,0.2471441432,0.915,0.1521289343,normal_replay,GroupDiverse-Gap
RUN_131,TRIAD_044,A15_GroupDiverse-Gap_B3000,R1,1385197443,1991832991,1672,Det/images/normal_train/00269767.png,0,03,easy_clean,0.0015256811,1.0,0.0065823994,normal_replay,GroupDiverse-Gap
RUN_131,TRIAD_044,A15_GroupDiverse-Gap_B3000,R1,1385197443,1991832991,1673,Det/images/normal_train/01026440.png,0,07,easy_clean,0.0611052222,1.0,0.0389333914,normal_replay,GroupDiverse-Gap
RUN_131,TRIAD_044,A15_GroupDiverse-Gap_B3000,R1,1385197443,1991832991,1674,Det/images/normal_train/01192692.png,0,09,easy_clean,0.0272134998,1.0,0.0312230656,normal_replay,GroupDiverse-Gap
RUN_131,TRIAD_044,A15_GroupDiverse-Gap_B3000,R1,1385197443,1991832991,1675,Det/images/normal_train/01086212.png,0,04,easy_clean,0.0121064662,1.0,0.0333948575,normal_replay,GroupDiverse-Gap
RUN_131,TRIAD_044,A15_GroupDiverse-Gap_B3000,R1,1385197443,1991832991,1676,Det/images/normal_train/01223522.png,0,03,easy_clean,0.091744943,1.0,0.0286413766,normal_replay,GroupDiverse-Gap
RUN_131,TRIAD_044,A15_GroupDiverse-Gap_B3000,R1,1385197443,1991832991,1677,Det/images/normal_train/00885136.png,0,04,easy_clean,0.0007415887,1.0,0.0024520072,normal_replay,GroupDiverse-Gap
RUN_131,TRIAD_044,A15_GroupDiverse-Gap_B3000,R1,1385197443,1991832991,1678,Det/images/normal_train/00477709.png,0,00,easy_clean,0.0147184,1.0,0.036076562,normal_replay,GroupDiverse-Gap
RUN_131,TRIAD_044,A15_GroupDiverse-Gap_B3000,R1,1385197443,1991832991,1679,Det/images/normal_train/00363700.png,0,02,easy_clean,0.0374221182,0.995,0.0539630243,normal_replay,GroupDiverse-Gap
RUN_131,TRIAD_044,A15_GroupDiverse-Gap_B3000,R1,1385197443,1991832991,1680,Det/images/normal_train/00276156.png,0,03,learnable_hard,0.0240465736,0.99,0.0808159479,normal_replay,GroupDiverse-Gap
RUN_131,TRIAD_044,A15_GroupDiverse-Gap_B3000,R1,1385197443,1991832991,1681,Det/images/normal_train/01033682.png,0,05,unstable_boundary,0.6169555346,0.195,0.1386423043,normal_replay,GroupDiverse-Gap
RUN_131,TRIAD_044,A15_GroupDiverse-Gap_B3000,R1,1385197443,1991832991,1682,Det/images/normal_train/00327362.png,0,06,easy_clean,0.0062992124,1.0,0.008935317,normal_replay,GroupDiverse-Gap
RUN_131,TRIAD_044,A15_GroupDiverse-Gap_B3000,R1,1385197443,1991832991,1683,Det/images/normal_train/01019649.png,0,08,easy_clean,0.0014518797,1.0,0.0018994588,normal_replay,GroupDiverse-Gap
RUN_131,TRIAD_044,A15_GroupDiverse-Gap_B3000,R1,1385197443,1991832991,1684,Det/images/normal_train/00806792.png,0,08,learnable_hard,0.4892110093,0.455,0.1851226848,normal_replay,GroupDiverse-Gap
RUN_131,TRIAD_044,A15_GroupDiverse-Gap_B3000,R1,1385197443,1991832991,1685,Det/images/normal_train/00250390.png,0,09,easy_clean,0.0034062477,1.0,0.0056359049,normal_replay,GroupDiverse-Gap
RUN_131,TRIAD_044,A15_GroupDiverse-Gap_B3000,R1,1385197443,1991832991,1686,Det/images/normal_train/01145583.png,0,06,easy_clean,0.003667214,1.0,0.0071546852,normal_replay,GroupDiverse-Gap
RUN_131,TRIAD_044,A15_GroupDiverse-Gap_B3000,R1,1385197443,1991832991,1687,Det/images/normal_train/01159156.png,0,04,easy_clean,0.0193613608,1.0,0.035804242,normal_replay,GroupDiverse-Gap
RUN_131,TRIAD_044,A15_GroupDiverse-Gap_B3000,R1,1385197443,1991832991,1688,Det/images/normal_train/00566517.png,0,07,easy_clean,0.037086022,1.0,0.0344716934,normal_replay,GroupDiverse-Gap
RUN_131,TRIAD_044,A15_GroupDiverse-Gap_B3000,R1,1385197443,1991832991,1689,Det/images/normal_train/01018953.png,0,01,easy_clean,0.0034818581,1.0,0.0059860481,normal_replay,GroupDiverse-Gap
RUN_131,TRIAD_044,A15_GroupDiverse-Gap_B3000,R1,1385197443,1991832991,1690,Det/images/normal_train/00695861.png,0,03,easy_clean,0.0036461018,1.0,0.0186865153,normal_replay,GroupDiverse-Gap
RUN_131,TRIAD_044,A15_GroupDiverse-Gap_B3000,R1,1385197443,1991832991,1691,Det/images/normal_train/00514573.png,0,02,easy_clean,0.0065785718,1.0,0.0121677952,normal_replay,GroupDiverse-Gap
RUN_131,TRIAD_044,A15_GroupDiverse-Gap_B3000,R1,1385197443,1991832991,1692,Det/images/normal_train/00388223.png,0,00,easy_clean,0.0051606033,1.0,0.0064153496,normal_replay,GroupDiverse-Gap
RUN_131,TRIAD_044,A15_GroupDiverse-Gap_B3000,R1,1385197443,1991832991,1693,Det/images/normal_train/00614132.png,0,05,unstable_boundary,0.5747007537,0.325,0.1367951321,normal_replay,GroupDiverse-Gap
RUN_131,TRIAD_044,A15_GroupDiverse-Gap_B3000,R1,1385197443,1991832991,1694,Det/images/normal_train/00459299.png,0,02,easy_clean,0.0027459178,1.0,0.0076392305,normal_replay,GroupDiverse-Gap
RUN_131,TRIAD_044,A15_GroupDiverse-Gap_B3000,R1,1385197443,1991832991,1695,Det/images/normal_train/00807484.png,0,08,easy_clean,0.0306324364,1.0,0.0343421125,normal_replay,GroupDiverse-Gap
RUN_131,TRIAD_044,A15_GroupDiverse-Gap_B3000,R1,1385197443,1991832991,1696,Det/images/normal_train/00632454.png,0,09,easy_clean,0.0570486513,1.0,0.0596048554,normal_replay,GroupDiverse-Gap
RUN_131,TRIAD_044,A15_GroupDiverse-Gap_B3000,R1,1385197443,1991832991,1697,Det/images/normal_train/01126418.png,0,06,easy_clean,0.009081879,1.0,0.0090244504,normal_replay,GroupDiverse-Gap
RUN_131,TRIAD_044,A15_GroupDiverse-Gap_B3000,R1,1385197443,1991832991,1698,Det/images/normal_train/00551631.png,0,02,easy_clean,0.0028059849,1.0,0.0055922882,normal_replay,GroupDiverse-Gap
RUN_131,TRIAD_044,A15_GroupDiverse-Gap_B3000,R1,1385197443,1991832991,1699,Det/images/normal_train/00764694.png,0,08,persistent_hard,0.5951538442,0.4,0.3400549819,normal_replay,GroupDiverse-Gap
RUN_131,TRIAD_044,A15_GroupDiverse-Gap_B3000,R1,1385197443,1991832991,1700,Det/images/normal_train/00227701.png,0,04,easy_clean,0.0015100666,1.0,0.0024441889,normal_replay,GroupDiverse-Gap
RUN_131,TRIAD_044,A15_GroupDiverse-Gap_B3000,R1,1385197443,1991832991,1701,Det/images/normal_train/01117283.png,0,07,easy_clean,0.0121409392,1.0,0.0137824818,normal_replay,GroupDiverse-Gap
RUN_131,TRIAD_044,A15_GroupDiverse-Gap_B3000,R1,1385197443,1991832991,1702,Det/images/normal_train/01042826.png,0,01,unstable_boundary,0.3993135653,0.84,0.1000102774,normal_replay,GroupDiverse-Gap
RUN_131,TRIAD_044,A15_GroupDiverse-Gap_B3000,R1,1385197443,1991832991,1703,Det/images/normal_train/00923518.png,0,08,easy_clean,0.0451704425,1.0,0.0426724653,normal_replay,GroupDiverse-Gap
RUN_131,TRIAD_044,A15_GroupDiverse-Gap_B3000,R1,1385197443,1991832991,1704,Det/images/normal_train/00548160.png,0,00,easy_clean,0.0078422029,1.0,0.010085182,normal_replay,GroupDiverse-Gap
RUN_131,TRIAD_044,A15_GroupDiverse-Gap_B3000,R1,1385197443,1991832991,1705,Det/images/normal_train/01232834.png,0,09,easy_clean,0.0364374704,1.0,0.0345101979,normal_replay,GroupDiverse-Gap
RUN_131,TRIAD_044,A15_GroupDiverse-Gap_B3000,R1,1385197443,1991832991,1706,Det/images/normal_train/00264891.png,0,07,easy_clean,0.0001525979,1.0,0.0001751734,normal_replay,GroupDiverse-Gap
RUN_131,TRIAD_044,A15_GroupDiverse-Gap_B3000,R1,1385197443,1991832991,1707,Det/images/normal_train/00191445.png,0,08,easy_clean,0.0039893991,1.0,0.0086738035,normal_replay,GroupDiverse-Gap
RUN_131,TRIAD_044,A15_GroupDiverse-Gap_B3000,R1,1385197443,1991832991,1708,Det/images/normal_train/00779680.png,0,08,easy_clean,0.0023313026,1.0,0.006749784,normal_replay,GroupDiverse-Gap
RUN_131,TRIAD_044,A15_GroupDiverse-Gap_B3000,R1,1385197443,1991832991,1709,Det/images/normal_train/00235033.png,0,07,easy_clean,0.0019159418,1.0,0.0028054166,normal_replay,GroupDiverse-Gap
RUN_131,TRIAD_044,A15_GroupDiverse-Gap_B3000,R1,1385197443,1991832991,1710,Det/images/normal_train/00694977.png,0,00,easy_clean,0.0034924625,1.0,0.0123828807,normal_replay,GroupDiverse-Gap
RUN_131,TRIAD_044,A15_GroupDiverse-Gap_B3000,R1,1385197443,1991832991,1711,Det/images/normal_train/01168870.png,0,02,learnable_hard,0.5737946436,0.34,0.1714556805,normal_replay,GroupDiverse-Gap
RUN_131,TRIAD_044,A15_GroupDiverse-Gap_B3000,R1,1385197443,1991832991,1712,Det/images/normal_train/00779677.png,0,08,easy_clean,0.0017634807,1.0,0.0031598886,normal_replay,GroupDiverse-Gap
RUN_131,TRIAD_044,A15_GroupDiverse-Gap_B3000,R1,1385197443,1991832991,1713,Det/images/normal_train/00987080.png,0,05,learnable_hard,0.0240801591,0.995,0.0629410395,normal_replay,GroupDiverse-Gap
RUN_131,TRIAD_044,A15_GroupDiverse-Gap_B3000,R1,1385197443,1991832991,1714,Det/images/normal_train/00235318.png,0,07,unstable_boundary,0.4224073789,0.8,0.1046359511,normal_replay,GroupDiverse-Gap
RUN_131,TRIAD_044,A15_GroupDiverse-Gap_B3000,R1,1385197443,1991832991,1715,Det/images/normal_train/00818699.png,0,02,easy_clean,0.0020450148,1.0,0.0030801469,normal_replay,GroupDiverse-Gap
RUN_131,TRIAD_044,A15_GroupDiverse-Gap_B3000,R1,1385197443,1991832991,1716,Det/images/normal_train/00792688.png,0,03,easy_clean,0.0001365015,1.0,0.0004141447,normal_replay,GroupDiverse-Gap
RUN_131,TRIAD_044,A15_GroupDiverse-Gap_B3000,R1,1385197443,1991832991,1717,Det/images/normal_train/00897049.png,0,00,easy_clean,0.0114395857,1.0,0.022597358,normal_replay,GroupDiverse-Gap
RUN_131,TRIAD_044,A15_GroupDiverse-Gap_B3000,R1,1385197443,1991832991,1718,Det/images/normal_train/00636730.png,0,08,learnable_hard,0.1754086427,0.96,0.169484561,normal_replay,GroupDiverse-Gap
RUN_131,TRIAD_044,A15_GroupDiverse-Gap_B3000,R1,1385197443,1991832991,1719,Det/images/normal_train/00891373.png,0,06,easy_clean,0.0300675372,1.0,0.0344158789,normal_replay,GroupDiverse-Gap
RUN_131,TRIAD_044,A15_GroupDiverse-Gap_B3000,R1,1385197443,1991832991,1720,Det/images/normal_train/01233540.png,0,09,easy_clean,0.0020568718,1.0,0.0028036949,normal_replay,GroupDiverse-Gap
RUN_131,TRIAD_044,A15_GroupDiverse-Gap_B3000,R1,1385197443,1991832991,1721,Det/images/normal_train/01059720.png,0,03,easy_clean,0.0105629193,1.0,0.0246204538,normal_replay,GroupDiverse-Gap
RUN_131,TRIAD_044,A15_GroupDiverse-Gap_B3000,R1,1385197443,1991832991,1722,Det/images/normal_train/00740642.png,0,04,easy_clean,0.0030214173,1.0,0.009088723,normal_replay,GroupDiverse-Gap
RUN_131,TRIAD_044,A15_GroupDiverse-Gap_B3000,R1,1385197443,1991832991,1723,Det/images/normal_train/01094813.png,0,05,easy_clean,0.0059519163,1.0,0.0106789248,normal_replay,GroupDiverse-Gap
RUN_131,TRIAD_044,A15_GroupDiverse-Gap_B3000,R1,1385197443,1991832991,1724,Det/images/normal_train/00990954.png,0,03,easy_clean,0.0839802559,1.0,0.079762922,normal_replay,GroupDiverse-Gap
RUN_131,TRIAD_044,A15_GroupDiverse-Gap_B3000,R1,1385197443,1991832991,1725,Det/images/normal_train/00789188.png,0,09,easy_clean,0.0293607786,1.0,0.0308214098,normal_replay,GroupDiverse-Gap
RUN_131,TRIAD_044,A15_GroupDiverse-Gap_B3000,R1,1385197443,1991832991,1726,Det/images/normal_train/01008581.png,0,07,easy_clean,0.0200565837,1.0,0.0173994699,normal_replay,GroupDiverse-Gap
RUN_131,TRIAD_044,A15_GroupDiverse-Gap_B3000,R1,1385197443,1991832991,1727,Det/images/normal_train/01012382.png,0,00,ordinary,0.1555044626,1.0,0.108832269,normal_replay,GroupDiverse-Gap
RUN_131,TRIAD_044,A15_GroupDiverse-Gap_B3000,R1,1385197443,1991832991,1728,Det/images/normal_train/00802077.png,0,02,easy_clean,0.0277358734,1.0,0.0318323746,normal_replay,GroupDiverse-Gap
RUN_131,TRIAD_044,A15_GroupDiverse-Gap_B3000,R1,1385197443,1991832991,1729,Det/images/normal_train/00898945.png,0,09,easy_clean,0.0165518571,1.0,0.0215385709,normal_replay,GroupDiverse-Gap
RUN_131,TRIAD_044,A15_GroupDiverse-Gap_B3000,R1,1385197443,1991832991,1730,Det/images/normal_train/01147685.png,0,07,easy_clean,0.0084682247,1.0,0.0115397086,normal_replay,GroupDiverse-Gap
RUN_131,TRIAD_044,A15_GroupDiverse-Gap_B3000,R1,1385197443,1991832991,1731,Det/images/normal_train/00264469.png,0,07,easy_clean,0.0013151713,1.0,0.0026406854,normal_replay,GroupDiverse-Gap
RUN_131,TRIAD_044,A15_GroupDiverse-Gap_B3000,R1,1385197443,1991832991,1732,Det/images/normal_train/01284350.png,0,00,easy_clean,0.0563884515,1.0,0.0302365474,normal_replay,GroupDiverse-Gap
RUN_131,TRIAD_044,A15_GroupDiverse-Gap_B3000,R1,1385197443,1991832991,1733,Det/images/normal_train/00173903.png,0,04,easy_clean,0.0179446019,1.0,0.0186405069,normal_replay,GroupDiverse-Gap
RUN_131,TRIAD_044,A15_GroupDiverse-Gap_B3000,R1,1385197443,1991832991,1734,Det/images/normal_train/00800396.png,0,05,easy_clean,0.0014617245,1.0,0.0044629137,normal_replay,GroupDiverse-Gap
RUN_131,TRIAD_044,A15_GroupDiverse-Gap_B3000,R1,1385197443,1991832991,1735,Det/images/normal_train/01258329.png,0,03,easy_clean,0.014111232,1.0,0.0256649039,normal_replay,GroupDiverse-Gap
RUN_131,TRIAD_044,A15_GroupDiverse-Gap_B3000,R1,1385197443,1991832991,1736,Det/images/normal_train/01247780.png,0,02,learnable_hard,0.103172113,0.995,0.0707145451,normal_replay,GroupDiverse-Gap
RUN_131,TRIAD_044,A15_GroupDiverse-Gap_B3000,R1,1385197443,1991832991,1737,Det/images/normal_train/00845941.png,0,04,easy_clean,0.0356669171,1.0,0.0362308525,normal_replay,GroupDiverse-Gap
RUN_131,TRIAD_044,A15_GroupDiverse-Gap_B3000,R1,1385197443,1991832991,1738,Det/images/normal_train/00764117.png,0,08,easy_clean,0.0002185553,1.0,0.0008170992,normal_replay,GroupDiverse-Gap
RUN_131,TRIAD_044,A15_GroupDiverse-Gap_B3000,R1,1385197443,1991832991,1739,Det/images/normal_train/01122314.png,0,07,easy_clean,0.0013754941,1.0,0.0035158875,normal_replay,GroupDiverse-Gap
RUN_131,TRIAD_044,A15_GroupDiverse-Gap_B3000,R1,1385197443,1991832991,1740,Det/images/normal_train/01025168.png,0,01,easy_clean,0.0153681463,1.0,0.0154043118,normal_replay,GroupDiverse-Gap
RUN_131,TRIAD_044,A15_GroupDiverse-Gap_B3000,R1,1385197443,1991832991,1741,Det/images/normal_train/01249520.png,0,05,easy_clean,0.0080418514,1.0,0.009296813,normal_replay,GroupDiverse-Gap
RUN_131,TRIAD_044,A15_GroupDiverse-Gap_B3000,R1,1385197443,1991832991,1742,Det/images/normal_train/01145668.png,0,06,easy_clean,0.0009945062,1.0,0.0013747229,normal_replay,GroupDiverse-Gap
RUN_131,TRIAD_044,A15_GroupDiverse-Gap_B3000,R1,1385197443,1991832991,1743,Det/images/normal_train/00248868.png,0,00,easy_clean,0.0018494698,1.0,0.0022963895,normal_replay,GroupDiverse-Gap
RUN_131,TRIAD_044,A15_GroupDiverse-Gap_B3000,R1,1385197443,1991832991,1744,Det/images/normal_train/01051252.png,0,06,easy_clean,0.0249318519,1.0,0.017798625,normal_replay,GroupDiverse-Gap
RUN_131,TRIAD_044,A15_GroupDiverse-Gap_B3000,R1,1385197443,1991832991,1745,Det/images/normal_train/00376295.png,0,00,ordinary,0.1262469833,1.0,0.0862181128,normal_replay,GroupDiverse-Gap
RUN_131,TRIAD_044,A15_GroupDiverse-Gap_B3000,R1,1385197443,1991832991,1746,Det/images/normal_train/00442960.png,0,07,easy_clean,0.0050933287,1.0,0.00551504,normal_replay,GroupDiverse-Gap
RUN_131,TRIAD_044,A15_GroupDiverse-Gap_B3000,R1,1385197443,1991832991,1747,Det/images/normal_train/00251772.png,0,04,easy_clean,0.0014895188,1.0,0.0096252297,normal_replay,GroupDiverse-Gap
RUN_131,TRIAD_044,A15_GroupDiverse-Gap_B3000,R1,1385197443,1991832991,1748,Det/images/normal_train/00758425.png,0,04,easy_clean,0.0019220324,1.0,0.0030712909,normal_replay,GroupDiverse-Gap
RUN_131,TRIAD_044,A15_GroupDiverse-Gap_B3000,R1,1385197443,1991832991,1749,Det/images/normal_train/00576407.png,0,04,easy_clean,0.0014077736,1.0,0.0056361888,normal_replay,GroupDiverse-Gap
RUN_131,TRIAD_044,A15_GroupDiverse-Gap_B3000,R1,1385197443,1991832991,1750,Det/images/normal_train/00990815.png,0,03,learnable_hard,0.1032328331,0.995,0.0702517268,normal_replay,GroupDiverse-Gap
RUN_131,TRIAD_044,A15_GroupDiverse-Gap_B3000,R1,1385197443,1991832991,1751,Det/images/normal_train/00369958.png,0,03,easy_clean,0.0001336527,1.0,0.0013589825,normal_replay,GroupDiverse-Gap
RUN_131,TRIAD_044,A15_GroupDiverse-Gap_B3000,R1,1385197443,1991832991,1752,Det/images/normal_train/01116501.png,0,04,easy_clean,0.014363892,1.0,0.0215037838,normal_replay,GroupDiverse-Gap
RUN_131,TRIAD_044,A15_GroupDiverse-Gap_B3000,R1,1385197443,1991832991,1753,Det/images/normal_train/01137992.png,0,03,easy_clean,0.0047648437,1.0,0.0070479215,normal_replay,GroupDiverse-Gap
RUN_131,TRIAD_044,A15_GroupDiverse-Gap_B3000,R1,1385197443,1991832991,1754,Det/images/normal_train/00349781.png,0,00,easy_clean,0.0292998066,1.0,0.0502585836,normal_replay,GroupDiverse-Gap
RUN_131,TRIAD_044,A15_GroupDiverse-Gap_B3000,R1,1385197443,1991832991,1755,Det/images/normal_train/00189217.png,0,02,easy_clean,0.0131868432,1.0,0.0163404109,normal_replay,GroupDiverse-Gap
RUN_131,TRIAD_044,A15_GroupDiverse-Gap_B3000,R1,1385197443,1991832991,1756,Det/images/normal_train/01137717.png,0,03,easy_clean,0.0003928094,1.0,0.0005532599,normal_replay,GroupDiverse-Gap
RUN_131,TRIAD_044,A15_GroupDiverse-Gap_B3000,R1,1385197443,1991832991,1757,Det/images/normal_train/00816604.png,0,00,easy_clean,0.0039143091,1.0,0.0190197706,normal_replay,GroupDiverse-Gap
RUN_131,TRIAD_044,A15_GroupDiverse-Gap_B3000,R1,1385197443,1991832991,1758,Det/images/normal_train/00401216.png,0,06,easy_clean,0.0043576959,1.0,0.0061556911,normal_replay,GroupDiverse-Gap
RUN_131,TRIAD_044,A15_GroupDiverse-Gap_B3000,R1,1385197443,1991832991,1759,Det/images/normal_train/00359450.png,0,05,easy_clean,0.0147007006,1.0,0.022015772,normal_replay,GroupDiverse-Gap
RUN_131,TRIAD_044,A15_GroupDiverse-Gap_B3000,R1,1385197443,1991832991,1760,Det/images/normal_train/00766824.png,0,07,easy_clean,0.0015787489,1.0,0.0027205518,normal_replay,GroupDiverse-Gap
RUN_131,TRIAD_044,A15_GroupDiverse-Gap_B3000,R1,1385197443,1991832991,1761,Det/images/normal_train/00938967.png,0,08,learnable_hard,0.0539896707,0.98,0.1058202026,normal_replay,GroupDiverse-Gap
RUN_131,TRIAD_044,A15_GroupDiverse-Gap_B3000,R1,1385197443,1991832991,1762,Det/images/normal_train/00697965.png,0,05,easy_clean,0.0017394196,1.0,0.0039101725,normal_replay,GroupDiverse-Gap
RUN_131,TRIAD_044,A15_GroupDiverse-Gap_B3000,R1,1385197443,1991832991,1763,Det/images/normal_train/01175850.png,0,05,easy_clean,0.0010587197,1.0,0.0015428263,normal_replay,GroupDiverse-Gap
RUN_131,TRIAD_044,A15_GroupDiverse-Gap_B3000,R1,1385197443,1991832991,1764,Det/images/normal_train/00225054.png,0,01,easy_clean,0.0065915174,1.0,0.0134569949,normal_replay,GroupDiverse-Gap
RUN_131,TRIAD_044,A15_GroupDiverse-Gap_B3000,R1,1385197443,1991832991,1765,Det/images/normal_train/00872272.png,0,03,learnable_hard,0.045852798,0.995,0.0602115112,normal_replay,GroupDiverse-Gap
RUN_131,TRIAD_044,A15_GroupDiverse-Gap_B3000,R1,1385197443,1991832991,1766,Det/images/normal_train/01246738.png,0,01,easy_clean,0.0095454004,1.0,0.0124239504,normal_replay,GroupDiverse-Gap
RUN_131,TRIAD_044,A15_GroupDiverse-Gap_B3000,R1,1385197443,1991832991,1767,Det/images/normal_train/00447490.png,0,05,easy_clean,0.0004340648,1.0,0.0009443251,normal_replay,GroupDiverse-Gap
RUN_131,TRIAD_044,A15_GroupDiverse-Gap_B3000,R1,1385197443,1991832991,1768,Det/images/normal_train/00585092.png,0,05,easy_clean,0.0453892807,1.0,0.0370616966,normal_replay,GroupDiverse-Gap
RUN_131,TRIAD_044,A15_GroupDiverse-Gap_B3000,R1,1385197443,1991832991,1769,Det/images/normal_train/00548143.png,0,00,easy_clean,0.020431374,1.0,0.0231558724,normal_replay,GroupDiverse-Gap
RUN_131,TRIAD_044,A15_GroupDiverse-Gap_B3000,R1,1385197443,1991832991,1770,Det/images/normal_train/01192885.png,0,09,easy_clean,0.0494104739,1.0,0.0387487728,normal_replay,GroupDiverse-Gap
RUN_131,TRIAD_044,A15_GroupDiverse-Gap_B3000,R1,1385197443,1991832991,1771,Det/images/normal_train/00318044.png,0,01,easy_clean,0.0063392813,1.0,0.0176064195,normal_replay,GroupDiverse-Gap
RUN_131,TRIAD_044,A15_GroupDiverse-Gap_B3000,R1,1385197443,1991832991,1772,Det/images/normal_train/00244141.png,0,07,easy_clean,0.0022663854,1.0,0.0040241046,normal_replay,GroupDiverse-Gap
RUN_131,TRIAD_044,A15_GroupDiverse-Gap_B3000,R1,1385197443,1991832991,1773,Det/images/normal_train/00767563.png,0,03,learnable_hard,0.1107267651,0.985,0.1366762019,normal_replay,GroupDiverse-Gap
RUN_131,TRIAD_044,A15_GroupDiverse-Gap_B3000,R1,1385197443,1991832991,1774,Det/images/normal_train/01187564.png,0,07,learnable_hard,0.1758235494,0.99,0.0846619199,normal_replay,GroupDiverse-Gap
RUN_131,TRIAD_044,A15_GroupDiverse-Gap_B3000,R1,1385197443,1991832991,1775,Det/images/normal_train/00671195.png,0,00,learnable_hard,0.1036123572,0.98,0.1186908049,normal_replay,GroupDiverse-Gap
RUN_131,TRIAD_044,A15_GroupDiverse-Gap_B3000,R1,1385197443,1991832991,1776,Det/images/normal_train/00970942.png,0,05,easy_clean,0.00299143,1.0,0.0050810397,normal_replay,GroupDiverse-Gap
RUN_131,TRIAD_044,A15_GroupDiverse-Gap_B3000,R1,1385197443,1991832991,1777,Det/images/normal_train/01225642.png,0,01,easy_clean,0.0130392182,1.0,0.0256510713,normal_replay,GroupDiverse-Gap
RUN_131,TRIAD_044,A15_GroupDiverse-Gap_B3000,R1,1385197443,1991832991,1778,Det/images/normal_train/00192463.png,0,09,easy_clean,0.0027026193,1.0,0.0040019194,normal_replay,GroupDiverse-Gap
RUN_131,TRIAD_044,A15_GroupDiverse-Gap_B3000,R1,1385197443,1991832991,1779,Det/images/normal_train/00244409.png,0,07,easy_clean,0.0125895558,1.0,0.0121568756,normal_replay,GroupDiverse-Gap
RUN_131,TRIAD_044,A15_GroupDiverse-Gap_B3000,R1,1385197443,1991832991,1780,Det/images/normal_train/00816672.png,0,00,easy_clean,0.0074725284,1.0,0.0084118038,normal_replay,GroupDiverse-Gap
RUN_131,TRIAD_044,A15_GroupDiverse-Gap_B3000,R1,1385197443,1991832991,1781,Det/images/normal_train/00213086.png,0,03,easy_clean,0.0366772079,1.0,0.0378825167,normal_replay,GroupDiverse-Gap
RUN_131,TRIAD_044,A15_GroupDiverse-Gap_B3000,R1,1385197443,1991832991,1782,Det/images/normal_train/00515135.png,0,03,learnable_hard,0.236762276,0.985,0.1606681896,normal_replay,GroupDiverse-Gap
RUN_131,TRIAD_044,A15_GroupDiverse-Gap_B3000,R1,1385197443,1991832991,1783,Det/images/normal_train/00670247.png,0,04,easy_clean,0.0087437228,1.0,0.0190671393,normal_replay,GroupDiverse-Gap
RUN_131,TRIAD_044,A15_GroupDiverse-Gap_B3000,R1,1385197443,1991832991,1784,Det/images/normal_train/00637877.png,0,05,easy_clean,0.0383393781,1.0,0.050342781,normal_replay,GroupDiverse-Gap
RUN_131,TRIAD_044,A15_GroupDiverse-Gap_B3000,R1,1385197443,1991832991,1785,Det/images/normal_train/01182998.png,0,05,learnable_hard,0.8455150788,0.055,0.1559882269,normal_replay,GroupDiverse-Gap
RUN_131,TRIAD_044,A15_GroupDiverse-Gap_B3000,R1,1385197443,1991832991,1786,Det/images/normal_train/00514005.png,0,02,easy_clean,0.0024421916,1.0,0.0035035936,normal_replay,GroupDiverse-Gap
RUN_131,TRIAD_044,A15_GroupDiverse-Gap_B3000,R1,1385197443,1991832991,1787,Det/images/normal_train/00345939.png,0,05,learnable_hard,0.1692208775,0.995,0.0744588336,normal_replay,GroupDiverse-Gap
RUN_131,TRIAD_044,A15_GroupDiverse-Gap_B3000,R1,1385197443,1991832991,1788,Det/images/normal_train/00496558.png,0,07,easy_clean,0.0001948176,1.0,0.0004002796,normal_replay,GroupDiverse-Gap
RUN_131,TRIAD_044,A15_GroupDiverse-Gap_B3000,R1,1385197443,1991832991,1789,Det/images/normal_train/01139472.png,0,05,learnable_hard,0.3326721685,0.855,0.151193141,normal_replay,GroupDiverse-Gap
RUN_131,TRIAD_044,A15_GroupDiverse-Gap_B3000,R1,1385197443,1991832991,1790,Det/images/normal_train/00826393.png,0,03,easy_clean,0.0001983761,1.0,0.000702326,normal_replay,GroupDiverse-Gap
RUN_131,TRIAD_044,A15_GroupDiverse-Gap_B3000,R1,1385197443,1991832991,1791,Det/images/normal_train/00429519.png,0,01,learnable_hard,0.0750111048,0.995,0.0567405481,normal_replay,GroupDiverse-Gap
RUN_131,TRIAD_044,A15_GroupDiverse-Gap_B3000,R1,1385197443,1991832991,1792,Det/images/normal_train/00255492.png,0,08,easy_clean,0.0017732807,1.0,0.0045366064,normal_replay,GroupDiverse-Gap
RUN_131,TRIAD_044,A15_GroupDiverse-Gap_B3000,R1,1385197443,1991832991,1793,Det/images/normal_train/01258062.png,0,03,easy_clean,0.0193859884,1.0,0.0189557016,normal_replay,GroupDiverse-Gap
RUN_131,TRIAD_044,A15_GroupDiverse-Gap_B3000,R1,1385197443,1991832991,1794,Det/images/normal_train/00498330.png,0,00,easy_clean,0.0306825263,1.0,0.0184551441,normal_replay,GroupDiverse-Gap
RUN_131,TRIAD_044,A15_GroupDiverse-Gap_B3000,R1,1385197443,1991832991,1795,Det/images/normal_train/00205319.png,0,08,easy_clean,0.0047399811,1.0,0.0143182974,normal_replay,GroupDiverse-Gap
RUN_131,TRIAD_044,A15_GroupDiverse-Gap_B3000,R1,1385197443,1991832991,1796,Det/images/normal_train/00607645.png,0,09,easy_clean,0.047412064,1.0,0.0506511752,normal_replay,GroupDiverse-Gap
RUN_131,TRIAD_044,A15_GroupDiverse-Gap_B3000,R1,1385197443,1991832991,1797,Det/images/normal_train/00968206.png,0,09,easy_clean,0.0020823965,1.0,0.0106313568,normal_replay,GroupDiverse-Gap
RUN_131,TRIAD_044,A15_GroupDiverse-Gap_B3000,R1,1385197443,1991832991,1798,Det/images/normal_train/00458780.png,0,05,easy_clean,0.0002922173,1.0,0.0003567546,normal_replay,GroupDiverse-Gap
RUN_131,TRIAD_044,A15_GroupDiverse-Gap_B3000,R1,1385197443,1991832991,1799,Det/images/normal_train/00617654.png,0,05,easy_clean,0.011756943,1.0,0.0118468034,normal_replay,GroupDiverse-Gap
RUN_131,TRIAD_044,A15_GroupDiverse-Gap_B3000,R1,1385197443,1991832991,1800,Det/images/normal_train/01256052.png,0,02,learnable_hard,0.1780629405,0.95,0.1745619431,normal_replay,GroupDiverse-Gap
RUN_131,TRIAD_044,A15_GroupDiverse-Gap_B3000,R1,1385197443,1991832991,1801,Det/images/normal_train/00807071.png,0,08,easy_clean,0.0283162407,1.0,0.0283860111,normal_replay,GroupDiverse-Gap
RUN_131,TRIAD_044,A15_GroupDiverse-Gap_B3000,R1,1385197443,1991832991,1802,Det/images/normal_train/00174893.png,0,01,easy_clean,0.000881712,1.0,0.001772829,normal_replay,GroupDiverse-Gap
RUN_131,TRIAD_044,A15_GroupDiverse-Gap_B3000,R1,1385197443,1991832991,1803,Det/images/normal_train/00614056.png,0,05,easy_clean,0.002778297,1.0,0.0062773647,normal_replay,GroupDiverse-Gap
RUN_131,TRIAD_044,A15_GroupDiverse-Gap_B3000,R1,1385197443,1991832991,1804,Det/images/normal_train/01114020.png,0,04,easy_clean,0.0225801916,1.0,0.0307547051,normal_replay,GroupDiverse-Gap
RUN_131,TRIAD_044,A15_GroupDiverse-Gap_B3000,R1,1385197443,1991832991,1805,Det/images/normal_train/00237615.png,0,06,easy_clean,0.0115343176,1.0,0.0123696121,normal_replay,GroupDiverse-Gap
RUN_131,TRIAD_044,A15_GroupDiverse-Gap_B3000,R1,1385197443,1991832991,1806,Det/images/normal_train/00359369.png,0,05,learnable_hard,0.0604605167,0.99,0.0899189085,normal_replay,GroupDiverse-Gap
RUN_131,TRIAD_044,A15_GroupDiverse-Gap_B3000,R1,1385197443,1991832991,1807,Det/images/normal_train/00235803.png,0,07,easy_clean,0.0009254224,1.0,0.0015769537,normal_replay,GroupDiverse-Gap
RUN_131,TRIAD_044,A15_GroupDiverse-Gap_B3000,R1,1385197443,1991832991,1808,Det/images/normal_train/00875131.png,0,06,easy_clean,0.0179376022,1.0,0.0198941528,normal_replay,GroupDiverse-Gap
RUN_131,TRIAD_044,A15_GroupDiverse-Gap_B3000,R1,1385197443,1991832991,1809,Det/images/normal_train/01016107.png,0,04,ordinary,0.277642444,0.77,0.3322287892,normal_replay,GroupDiverse-Gap
RUN_131,TRIAD_044,A15_GroupDiverse-Gap_B3000,R1,1385197443,1991832991,1810,Det/images/normal_train/00247956.png,0,01,easy_clean,0.0041713481,1.0,0.0081164301,normal_replay,GroupDiverse-Gap
RUN_131,TRIAD_044,A15_GroupDiverse-Gap_B3000,R1,1385197443,1991832991,1811,Det/images/normal_train/01237164.png,0,05,easy_clean,0.0254847047,1.0,0.0368412307,normal_replay,GroupDiverse-Gap
RUN_131,TRIAD_044,A15_GroupDiverse-Gap_B3000,R1,1385197443,1991832991,1812,Det/images/normal_train/00839229.png,0,06,easy_clean,0.0108945156,1.0,0.017260515,normal_replay,GroupDiverse-Gap
RUN_131,TRIAD_044,A15_GroupDiverse-Gap_B3000,R1,1385197443,1991832991,1813,Det/images/normal_train/00665064.png,0,09,easy_clean,0.0043938681,1.0,0.014267676,normal_replay,GroupDiverse-Gap
RUN_131,TRIAD_044,A15_GroupDiverse-Gap_B3000,R1,1385197443,1991832991,1814,Det/images/normal_train/00741207.png,0,07,easy_clean,0.0746144095,1.0,0.0605065534,normal_replay,GroupDiverse-Gap
RUN_131,TRIAD_044,A15_GroupDiverse-Gap_B3000,R1,1385197443,1991832991,1815,Det/images/normal_train/00593053.png,0,03,easy_clean,0.008201006,1.0,0.0443796559,normal_replay,GroupDiverse-Gap
RUN_131,TRIAD_044,A15_GroupDiverse-Gap_B3000,R1,1385197443,1991832991,1816,Det/images/normal_train/00383092.png,0,02,easy_clean,0.0456331824,1.0,0.0453261259,normal_replay,GroupDiverse-Gap
RUN_131,TRIAD_044,A15_GroupDiverse-Gap_B3000,R1,1385197443,1991832991,1817,Det/images/normal_train/01154375.png,0,01,easy_clean,0.0008490774,1.0,0.0016564321,normal_replay,GroupDiverse-Gap
RUN_131,TRIAD_044,A15_GroupDiverse-Gap_B3000,R1,1385197443,1991832991,1818,Det/images/normal_train/00944092.png,0,05,easy_clean,0.0212979608,1.0,0.0335296107,normal_replay,GroupDiverse-Gap
RUN_131,TRIAD_044,A15_GroupDiverse-Gap_B3000,R1,1385197443,1991832991,1819,Det/images/normal_train/00251753.png,0,04,easy_clean,0.0031781849,1.0,0.0157754624,normal_replay,GroupDiverse-Gap
RUN_131,TRIAD_044,A15_GroupDiverse-Gap_B3000,R1,1385197443,1991832991,1820,Det/images/normal_train/00259510.png,0,08,easy_clean,0.0021899301,1.0,0.0027547054,normal_replay,GroupDiverse-Gap
RUN_131,TRIAD_044,A15_GroupDiverse-Gap_B3000,R1,1385197443,1991832991,1821,Det/images/normal_train/00481229.png,0,01,easy_clean,0.0411515946,1.0,0.017984349,normal_replay,GroupDiverse-Gap
RUN_131,TRIAD_044,A15_GroupDiverse-Gap_B3000,R1,1385197443,1991832991,1822,Det/images/normal_train/00802028.png,0,02,easy_clean,0.0029345556,1.0,0.003742389,normal_replay,GroupDiverse-Gap
RUN_131,TRIAD_044,A15_GroupDiverse-Gap_B3000,R1,1385197443,1991832991,1823,Det/images/normal_train/00543695.png,0,06,learnable_hard,0.023738288,0.99,0.0758096514,normal_replay,GroupDiverse-Gap
RUN_131,TRIAD_044,A15_GroupDiverse-Gap_B3000,R1,1385197443,1991832991,1824,Det/images/normal_train/00481915.png,0,01,easy_clean,0.0077493496,1.0,0.0111017143,normal_replay,GroupDiverse-Gap
RUN_131,TRIAD_044,A15_GroupDiverse-Gap_B3000,R1,1385197443,1991832991,1825,Det/images/normal_train/00587781.png,0,00,easy_clean,0.0330391891,1.0,0.038347248,normal_replay,GroupDiverse-Gap
RUN_131,TRIAD_044,A15_GroupDiverse-Gap_B3000,R1,1385197443,1991832991,1826,Det/images/normal_train/01069569.png,0,09,easy_clean,0.0287652694,1.0,0.0312179926,normal_replay,GroupDiverse-Gap
RUN_131,TRIAD_044,A15_GroupDiverse-Gap_B3000,R1,1385197443,1991832991,1827,Det/images/normal_train/00887950.png,0,01,easy_clean,0.0084908793,1.0,0.0097487003,normal_replay,GroupDiverse-Gap
RUN_131,TRIAD_044,A15_GroupDiverse-Gap_B3000,R1,1385197443,1991832991,1828,Det/images/normal_train/01281839.png,0,05,learnable_hard,0.2581094925,0.855,0.2312026329,normal_replay,GroupDiverse-Gap
RUN_131,TRIAD_044,A15_GroupDiverse-Gap_B3000,R1,1385197443,1991832991,1829,Det/images/normal_train/00288959.png,0,07,easy_clean,0.006383197,1.0,0.0077333812,normal_replay,GroupDiverse-Gap
RUN_131,TRIAD_044,A15_GroupDiverse-Gap_B3000,R1,1385197443,1991832991,1830,Det/images/normal_train/01101279.png,0,00,easy_clean,0.0162506831,1.0,0.0121186439,normal_replay,GroupDiverse-Gap
RUN_131,TRIAD_044,A15_GroupDiverse-Gap_B3000,R1,1385197443,1991832991,1831,Det/images/normal_train/01246446.png,0,01,easy_clean,0.0046345125,1.0,0.0034748489,normal_replay,GroupDiverse-Gap
RUN_131,TRIAD_044,A15_GroupDiverse-Gap_B3000,R1,1385197443,1991832991,1832,Det/images/normal_train/00828878.png,0,08,easy_clean,0.0036300164,1.0,0.0048074004,normal_replay,GroupDiverse-Gap
RUN_131,TRIAD_044,A15_GroupDiverse-Gap_B3000,R1,1385197443,1991832991,1833,Det/images/normal_train/00758548.png,0,04,easy_clean,0.0077879143,1.0,0.0276299724,normal_replay,GroupDiverse-Gap
RUN_131,TRIAD_044,A15_GroupDiverse-Gap_B3000,R1,1385197443,1991832991,1834,Det/images/normal_train/01143651.png,0,08,easy_clean,0.0095860925,1.0,0.0104185434,normal_replay,GroupDiverse-Gap
RUN_131,TRIAD_044,A15_GroupDiverse-Gap_B3000,R1,1385197443,1991832991,1835,Det/images/normal_train/00901148.png,0,06,easy_clean,0.0069458556,1.0,0.0135067753,normal_replay,GroupDiverse-Gap
RUN_131,TRIAD_044,A15_GroupDiverse-Gap_B3000,R1,1385197443,1991832991,1836,Det/images/normal_train/00603579.png,0,09,easy_clean,0.0090815225,1.0,0.0075464133,normal_replay,GroupDiverse-Gap
RUN_131,TRIAD_044,A15_GroupDiverse-Gap_B3000,R1,1385197443,1991832991,1837,Det/images/normal_train/00455959.png,0,05,easy_clean,0.0059113122,1.0,0.0077772312,normal_replay,GroupDiverse-Gap
RUN_131,TRIAD_044,A15_GroupDiverse-Gap_B3000,R1,1385197443,1991832991,1838,Det/images/normal_train/00287125.png,0,08,easy_clean,0.0136874546,1.0,0.0366581195,normal_replay,GroupDiverse-Gap
RUN_131,TRIAD_044,A15_GroupDiverse-Gap_B3000,R1,1385197443,1991832991,1839,Det/images/normal_train/00550644.png,0,08,ordinary,0.1135413826,1.0,0.0733794114,normal_replay,GroupDiverse-Gap
RUN_131,TRIAD_044,A15_GroupDiverse-Gap_B3000,R1,1385197443,1991832991,1840,Det/images/normal_train/00489244.png,0,02,easy_clean,0.0042403228,1.0,0.0075517206,normal_replay,GroupDiverse-Gap
RUN_131,TRIAD_044,A15_GroupDiverse-Gap_B3000,R1,1385197443,1991832991,1841,Det/images/normal_train/01065512.png,0,08,easy_clean,0.0114332819,1.0,0.0170469755,normal_replay,GroupDiverse-Gap
RUN_131,TRIAD_044,A15_GroupDiverse-Gap_B3000,R1,1385197443,1991832991,1842,Det/images/normal_train/00754490.png,0,09,easy_clean,0.0358110726,1.0,0.0350287821,normal_replay,GroupDiverse-Gap
RUN_131,TRIAD_044,A15_GroupDiverse-Gap_B3000,R1,1385197443,1991832991,1843,Det/images/normal_train/01226393.png,0,00,easy_clean,0.0267468405,1.0,0.0345833404,normal_replay,GroupDiverse-Gap
RUN_131,TRIAD_044,A15_GroupDiverse-Gap_B3000,R1,1385197443,1991832991,1844,Det/images/normal_train/00343242.png,0,02,easy_clean,0.0275555527,1.0,0.0373593745,normal_replay,GroupDiverse-Gap
RUN_131,TRIAD_044,A15_GroupDiverse-Gap_B3000,R1,1385197443,1991832991,1845,Det/images/normal_train/01244166.png,0,04,easy_clean,0.0073393689,1.0,0.0117336278,normal_replay,GroupDiverse-Gap
RUN_131,TRIAD_044,A15_GroupDiverse-Gap_B3000,R1,1385197443,1991832991,1846,Det/images/normal_train/00210349.png,0,00,easy_clean,0.026588681,1.0,0.0315454436,normal_replay,GroupDiverse-Gap
RUN_131,TRIAD_044,A15_GroupDiverse-Gap_B3000,R1,1385197443,1991832991,1847,Det/images/normal_train/01229545.png,0,00,easy_clean,0.0073111483,1.0,0.0083797909,normal_replay,GroupDiverse-Gap
RUN_131,TRIAD_044,A15_GroupDiverse-Gap_B3000,R1,1385197443,1991832991,1848,Det/images/normal_train/00707584.png,0,07,easy_clean,0.0019821429,1.0,0.0043314803,normal_replay,GroupDiverse-Gap
RUN_131,TRIAD_044,A15_GroupDiverse-Gap_B3000,R1,1385197443,1991832991,1849,Det/images/normal_train/00965143.png,0,03,easy_clean,0.007649733,1.0,0.0327913316,normal_replay,GroupDiverse-Gap
RUN_131,TRIAD_044,A15_GroupDiverse-Gap_B3000,R1,1385197443,1991832991,1850,Det/images/normal_train/01164485.png,0,08,easy_clean,0.0113502464,1.0,0.0279316591,normal_replay,GroupDiverse-Gap
RUN_131,TRIAD_044,A15_GroupDiverse-Gap_B3000,R1,1385197443,1991832991,1851,Det/images/normal_train/00355849.png,0,01,learnable_hard,0.0951901937,0.98,0.1114543154,normal_replay,GroupDiverse-Gap
RUN_131,TRIAD_044,A15_GroupDiverse-Gap_B3000,R1,1385197443,1991832991,1852,Det/images/normal_train/00282170.png,0,04,easy_clean,0.0019321161,1.0,0.0063465246,normal_replay,GroupDiverse-Gap
RUN_131,TRIAD_044,A15_GroupDiverse-Gap_B3000,R1,1385197443,1991832991,1853,Det/images/normal_train/01259428.png,0,06,easy_clean,0.0101582265,1.0,0.0128325769,normal_replay,GroupDiverse-Gap
RUN_131,TRIAD_044,A15_GroupDiverse-Gap_B3000,R1,1385197443,1991832991,1854,Det/images/normal_train/00795638.png,0,01,easy_clean,0.0421177309,1.0,0.0186143913,normal_replay,GroupDiverse-Gap
RUN_131,TRIAD_044,A15_GroupDiverse-Gap_B3000,R1,1385197443,1991832991,1855,Det/images/normal_train/00928348.png,0,03,learnable_hard,0.1989034974,0.885,0.1990379198,normal_replay,GroupDiverse-Gap
RUN_131,TRIAD_044,A15_GroupDiverse-Gap_B3000,R1,1385197443,1991832991,1856,Det/images/normal_train/00842420.png,0,06,easy_clean,0.0080616199,1.0,0.0320776805,normal_replay,GroupDiverse-Gap
RUN_131,TRIAD_044,A15_GroupDiverse-Gap_B3000,R1,1385197443,1991832991,1857,Det/images/normal_train/00363680.png,0,02,easy_clean,0.0442894413,1.0,0.0456385549,normal_replay,GroupDiverse-Gap
RUN_131,TRIAD_044,A15_GroupDiverse-Gap_B3000,R1,1385197443,1991832991,1858,Det/images/normal_train/01260258.png,0,05,easy_clean,0.030525391,1.0,0.0300890418,normal_replay,GroupDiverse-Gap
RUN_131,TRIAD_044,A15_GroupDiverse-Gap_B3000,R1,1385197443,1991832991,1859,Det/images/normal_train/00812592.png,0,00,easy_clean,0.0013476112,1.0,0.0014736033,normal_replay,GroupDiverse-Gap
RUN_131,TRIAD_044,A15_GroupDiverse-Gap_B3000,R1,1385197443,1991832991,1860,Det/images/normal_train/00541012.png,0,08,easy_clean,0.0541723963,1.0,0.0648738404,normal_replay,GroupDiverse-Gap
RUN_131,TRIAD_044,A15_GroupDiverse-Gap_B3000,R1,1385197443,1991832991,1861,Det/images/normal_train/00374262.png,0,06,easy_clean,0.0011874629,1.0,0.0025898675,normal_replay,GroupDiverse-Gap
RUN_131,TRIAD_044,A15_GroupDiverse-Gap_B3000,R1,1385197443,1991832991,1862,Det/images/normal_train/00941087.png,0,00,easy_clean,0.018945875,1.0,0.0305557986,normal_replay,GroupDiverse-Gap
RUN_131,TRIAD_044,A15_GroupDiverse-Gap_B3000,R1,1385197443,1991832991,1863,Det/images/normal_train/00920447.png,0,09,easy_clean,0.007944187,1.0,0.0177172608,normal_replay,GroupDiverse-Gap
RUN_131,TRIAD_044,A15_GroupDiverse-Gap_B3000,R1,1385197443,1991832991,1864,Det/images/normal_train/01222635.png,0,07,easy_clean,0.0690178011,1.0,0.046625772,normal_replay,GroupDiverse-Gap
RUN_131,TRIAD_044,A15_GroupDiverse-Gap_B3000,R1,1385197443,1991832991,1865,Det/images/normal_train/00241601.png,0,05,persistent_hard,0.7020826551,0.2,0.2257711271,normal_replay,GroupDiverse-Gap
RUN_131,TRIAD_044,A15_GroupDiverse-Gap_B3000,R1,1385197443,1991832991,1866,Det/images/normal_train/01259973.png,0,06,ordinary,0.1234760017,1.0,0.1024216944,normal_replay,GroupDiverse-Gap
RUN_131,TRIAD_044,A15_GroupDiverse-Gap_B3000,R1,1385197443,1991832991,1867,Det/images/normal_train/00425410.png,0,02,easy_clean,0.0478194862,1.0,0.0548625336,normal_replay,GroupDiverse-Gap
RUN_131,TRIAD_044,A15_GroupDiverse-Gap_B3000,R1,1385197443,1991832991,1868,Det/images/normal_train/01233340.png,0,09,easy_clean,0.0022104148,1.0,0.0086201782,normal_replay,GroupDiverse-Gap
RUN_131,TRIAD_044,A15_GroupDiverse-Gap_B3000,R1,1385197443,1991832991,1869,Det/images/normal_train/00835629.png,0,02,easy_clean,0.0098053968,1.0,0.0189575664,normal_replay,GroupDiverse-Gap
RUN_131,TRIAD_044,A15_GroupDiverse-Gap_B3000,R1,1385197443,1991832991,1870,Det/images/normal_train/00997556.png,0,08,easy_clean,0.0012450194,1.0,0.0014597482,normal_replay,GroupDiverse-Gap
RUN_131,TRIAD_044,A15_GroupDiverse-Gap_B3000,R1,1385197443,1991832991,1871,Det/images/normal_train/00587290.png,0,00,easy_clean,0.0208098437,1.0,0.0446944691,normal_replay,GroupDiverse-Gap
RUN_131,TRIAD_044,A15_GroupDiverse-Gap_B3000,R1,1385197443,1991832991,1872,Det/images/normal_train/01194881.png,0,00,easy_clean,0.020605677,1.0,0.0174245511,normal_replay,GroupDiverse-Gap
RUN_131,TRIAD_044,A15_GroupDiverse-Gap_B3000,R1,1385197443,1991832991,1873,Det/images/normal_train/00776942.png,0,06,easy_clean,0.0009055229,1.0,0.0036026729,normal_replay,GroupDiverse-Gap
RUN_131,TRIAD_044,A15_GroupDiverse-Gap_B3000,R1,1385197443,1991832991,1874,Det/images/normal_train/00734194.png,0,01,easy_clean,0.0023228305,1.0,0.0034933026,normal_replay,GroupDiverse-Gap
RUN_131,TRIAD_044,A15_GroupDiverse-Gap_B3000,R1,1385197443,1991832991,1875,Det/images/normal_train/00901286.png,0,06,learnable_hard,0.0603922537,0.995,0.0784234242,normal_replay,GroupDiverse-Gap
RUN_131,TRIAD_044,A15_GroupDiverse-Gap_B3000,R1,1385197443,1991832991,1876,Det/images/normal_train/01020308.png,0,02,easy_clean,0.0171726524,1.0,0.0211242209,normal_replay,GroupDiverse-Gap
RUN_131,TRIAD_044,A15_GroupDiverse-Gap_B3000,R1,1385197443,1991832991,1877,Det/images/normal_train/01093351.png,0,04,easy_clean,0.011732758,1.0,0.0164166392,normal_replay,GroupDiverse-Gap
RUN_131,TRIAD_044,A15_GroupDiverse-Gap_B3000,R1,1385197443,1991832991,1878,Det/images/normal_train/01054434.png,0,00,easy_clean,0.0128508617,1.0,0.0168802076,normal_replay,GroupDiverse-Gap
RUN_131,TRIAD_044,A15_GroupDiverse-Gap_B3000,R1,1385197443,1991832991,1879,Det/images/normal_train/00757790.png,0,05,easy_clean,0.0002598043,1.0,0.0006067262,normal_replay,GroupDiverse-Gap
RUN_131,TRIAD_044,A15_GroupDiverse-Gap_B3000,R1,1385197443,1991832991,1880,Det/images/normal_train/00316982.png,0,01,easy_clean,0.0036460652,1.0,0.009175467,normal_replay,GroupDiverse-Gap
RUN_131,TRIAD_044,A15_GroupDiverse-Gap_B3000,R1,1385197443,1991832991,1881,Det/images/normal_train/00969550.png,0,04,easy_clean,0.0001813164,1.0,0.0007117004,normal_replay,GroupDiverse-Gap
RUN_131,TRIAD_044,A15_GroupDiverse-Gap_B3000,R1,1385197443,1991832991,1882,Det/images/normal_train/00978750.png,0,01,learnable_hard,0.0584808099,0.98,0.1135487063,normal_replay,GroupDiverse-Gap
RUN_131,TRIAD_044,A15_GroupDiverse-Gap_B3000,R1,1385197443,1991832991,1883,Det/images/normal_train/00580352.png,0,02,easy_clean,0.0034373877,1.0,0.0046558067,normal_replay,GroupDiverse-Gap
RUN_131,TRIAD_044,A15_GroupDiverse-Gap_B3000,R1,1385197443,1991832991,1884,Det/images/normal_train/01299755.png,0,03,easy_clean,0.0005571611,1.0,0.0007901278,normal_replay,GroupDiverse-Gap
RUN_131,TRIAD_044,A15_GroupDiverse-Gap_B3000,R1,1385197443,1991832991,1885,Det/images/normal_train/00909727.png,0,00,easy_clean,0.0005080682,1.0,0.0006716428,normal_replay,GroupDiverse-Gap
RUN_131,TRIAD_044,A15_GroupDiverse-Gap_B3000,R1,1385197443,1991832991,1886,Det/images/normal_train/01170648.png,0,09,learnable_hard,0.1658574585,0.995,0.103453628,normal_replay,GroupDiverse-Gap
RUN_131,TRIAD_044,A15_GroupDiverse-Gap_B3000,R1,1385197443,1991832991,1887,Det/images/normal_train/00210612.png,0,00,learnable_hard,0.0401574945,0.995,0.0571811255,normal_replay,GroupDiverse-Gap
RUN_131,TRIAD_044,A15_GroupDiverse-Gap_B3000,R1,1385197443,1991832991,1888,Det/images/normal_train/00183058.png,0,09,easy_clean,0.0030058687,1.0,0.0074864158,normal_replay,GroupDiverse-Gap
RUN_131,TRIAD_044,A15_GroupDiverse-Gap_B3000,R1,1385197443,1991832991,1889,Det/images/normal_train/00328971.png,0,07,easy_clean,0.0106584008,1.0,0.0215283797,normal_replay,GroupDiverse-Gap
RUN_131,TRIAD_044,A15_GroupDiverse-Gap_B3000,R1,1385197443,1991832991,1890,Det/images/normal_train/01194107.png,0,00,easy_clean,0.0057191379,1.0,0.0089433637,normal_replay,GroupDiverse-Gap
RUN_131,TRIAD_044,A15_GroupDiverse-Gap_B3000,R1,1385197443,1991832991,1891,Det/images/normal_train/00518851.png,0,09,ordinary,0.4973333134,0.555,0.326798508,normal_replay,GroupDiverse-Gap
RUN_131,TRIAD_044,A15_GroupDiverse-Gap_B3000,R1,1385197443,1991832991,1892,Det/images/normal_train/00205829.png,0,08,easy_clean,0.0088014265,1.0,0.0284827318,normal_replay,GroupDiverse-Gap
RUN_131,TRIAD_044,A15_GroupDiverse-Gap_B3000,R1,1385197443,1991832991,1893,Det/images/normal_train/01257536.png,0,07,easy_clean,0.0186694373,1.0,0.0211115647,normal_replay,GroupDiverse-Gap
RUN_131,TRIAD_044,A15_GroupDiverse-Gap_B3000,R1,1385197443,1991832991,1894,Det/images/normal_train/00880843.png,0,07,easy_clean,0.0011795702,1.0,0.0022012968,normal_replay,GroupDiverse-Gap
RUN_131,TRIAD_044,A15_GroupDiverse-Gap_B3000,R1,1385197443,1991832991,1895,Det/images/normal_train/00620330.png,0,06,easy_clean,0.0059228474,1.0,0.0155041227,normal_replay,GroupDiverse-Gap
RUN_131,TRIAD_044,A15_GroupDiverse-Gap_B3000,R1,1385197443,1991832991,1896,Det/images/normal_train/00756949.png,0,05,easy_clean,0.0401934119,1.0,0.0298430735,normal_replay,GroupDiverse-Gap
RUN_131,TRIAD_044,A15_GroupDiverse-Gap_B3000,R1,1385197443,1991832991,1897,Det/images/normal_train/00730686.png,0,09,learnable_hard,0.2833903389,0.905,0.161179867,normal_replay,GroupDiverse-Gap
RUN_131,TRIAD_044,A15_GroupDiverse-Gap_B3000,R1,1385197443,1991832991,1898,Det/images/normal_train/00965095.png,0,03,learnable_hard,0.1170468917,0.995,0.1314739671,normal_replay,GroupDiverse-Gap
RUN_131,TRIAD_044,A15_GroupDiverse-Gap_B3000,R1,1385197443,1991832991,1899,Det/images/normal_train/01079707.png,0,02,easy_clean,0.0119846764,1.0,0.0200440784,normal_replay,GroupDiverse-Gap
RUN_131,TRIAD_044,A15_GroupDiverse-Gap_B3000,R1,1385197443,1991832991,1900,Det/images/normal_train/01220691.png,0,01,easy_clean,0.0138055771,1.0,0.0095652725,normal_replay,GroupDiverse-Gap
RUN_131,TRIAD_044,A15_GroupDiverse-Gap_B3000,R1,1385197443,1991832991,1901,Det/images/normal_train/00392976.png,0,08,easy_clean,0.02015328,1.0,0.0280193726,normal_replay,GroupDiverse-Gap
RUN_131,TRIAD_044,A15_GroupDiverse-Gap_B3000,R1,1385197443,1991832991,1902,Det/images/normal_train/01133001.png,0,09,easy_clean,0.0048818947,1.0,0.0066201948,normal_replay,GroupDiverse-Gap
RUN_131,TRIAD_044,A15_GroupDiverse-Gap_B3000,R1,1385197443,1991832991,1903,Det/images/normal_train/00374984.png,0,06,ordinary,0.1448916024,1.0,0.0727547718,normal_replay,GroupDiverse-Gap
RUN_131,TRIAD_044,A15_GroupDiverse-Gap_B3000,R1,1385197443,1991832991,1904,Det/images/normal_train/00538784.png,0,09,easy_clean,0.0057192423,1.0,0.0102878465,normal_replay,GroupDiverse-Gap
RUN_131,TRIAD_044,A15_GroupDiverse-Gap_B3000,R1,1385197443,1991832991,1905,Det/images/normal_train/01039403.png,0,01,learnable_hard,0.0343632204,0.995,0.0733517256,normal_replay,GroupDiverse-Gap
RUN_131,TRIAD_044,A15_GroupDiverse-Gap_B3000,R1,1385197443,1991832991,1906,Det/images/normal_train/00254638.png,0,03,learnable_hard,0.0392130034,0.995,0.0697524581,normal_replay,GroupDiverse-Gap
RUN_131,TRIAD_044,A15_GroupDiverse-Gap_B3000,R1,1385197443,1991832991,1907,Det/images/normal_train/01019874.png,0,08,easy_clean,0.0054611651,1.0,0.0061488019,normal_replay,GroupDiverse-Gap
RUN_131,TRIAD_044,A15_GroupDiverse-Gap_B3000,R1,1385197443,1991832991,1908,Det/images/normal_train/00375726.png,0,04,learnable_hard,0.3544096819,0.685,0.2003435801,normal_replay,GroupDiverse-Gap
RUN_131,TRIAD_044,A15_GroupDiverse-Gap_B3000,R1,1385197443,1991832991,1909,Det/images/normal_train/00331162.png,0,02,easy_clean,0.011830474,1.0,0.0148059182,normal_replay,GroupDiverse-Gap
RUN_131,TRIAD_044,A15_GroupDiverse-Gap_B3000,R1,1385197443,1991832991,1910,Det/images/normal_train/01277440.png,0,07,easy_clean,0.0569794072,1.0,0.0389030767,normal_replay,GroupDiverse-Gap
RUN_131,TRIAD_044,A15_GroupDiverse-Gap_B3000,R1,1385197443,1991832991,1911,Det/images/normal_train/00245742.png,0,08,easy_clean,0.0012846008,1.0,0.0020604912,normal_replay,GroupDiverse-Gap
RUN_131,TRIAD_044,A15_GroupDiverse-Gap_B3000,R1,1385197443,1991832991,1912,Det/images/normal_train/00841393.png,0,04,easy_clean,0.0137844329,1.0,0.0388513352,normal_replay,GroupDiverse-Gap
RUN_131,TRIAD_044,A15_GroupDiverse-Gap_B3000,R1,1385197443,1991832991,1913,Det/images/normal_train/00196428.png,0,03,learnable_hard,0.0143390635,0.995,0.0397572593,normal_replay,GroupDiverse-Gap
RUN_131,TRIAD_044,A15_GroupDiverse-Gap_B3000,R1,1385197443,1991832991,1914,Det/images/normal_train/00541330.png,0,08,easy_clean,0.0227893692,1.0,0.0198669106,normal_replay,GroupDiverse-Gap
RUN_131,TRIAD_044,A15_GroupDiverse-Gap_B3000,R1,1385197443,1991832991,1915,Det/images/normal_train/00880011.png,0,07,easy_clean,0.0187471413,1.0,0.0225021698,normal_replay,GroupDiverse-Gap
RUN_131,TRIAD_044,A15_GroupDiverse-Gap_B3000,R1,1385197443,1991832991,1916,Det/images/normal_train/00364030.png,0,08,easy_clean,0.0005781918,1.0,0.0011587635,normal_replay,GroupDiverse-Gap
RUN_131,TRIAD_044,A15_GroupDiverse-Gap_B3000,R1,1385197443,1991832991,1917,Det/images/normal_train/00861587.png,0,09,easy_clean,0.000563724,1.0,0.000787253,normal_replay,GroupDiverse-Gap
RUN_131,TRIAD_044,A15_GroupDiverse-Gap_B3000,R1,1385197443,1991832991,1918,Det/images/normal_train/00241902.png,0,05,easy_clean,0.0033164453,1.0,0.005567252,normal_replay,GroupDiverse-Gap
RUN_131,TRIAD_044,A15_GroupDiverse-Gap_B3000,R1,1385197443,1991832991,1919,Det/images/normal_train/01242180.png,0,02,easy_clean,0.0289033175,1.0,0.0422966118,normal_replay,GroupDiverse-Gap
RUN_131,TRIAD_044,A15_GroupDiverse-Gap_B3000,R1,1385197443,1991832991,1920,Det/images/normal_train/00407081.png,0,00,easy_clean,0.0020131246,1.0,0.002688392,normal_replay,GroupDiverse-Gap
RUN_131,TRIAD_044,A15_GroupDiverse-Gap_B3000,R1,1385197443,1991832991,1921,Det/images/normal_train/00705722.png,0,04,easy_clean,0.0061355138,1.0,0.0180113957,normal_replay,GroupDiverse-Gap
RUN_131,TRIAD_044,A15_GroupDiverse-Gap_B3000,R1,1385197443,1991832991,1922,Det/images/normal_train/00354059.png,0,00,easy_clean,0.002282999,1.0,0.0033565067,normal_replay,GroupDiverse-Gap
RUN_131,TRIAD_044,A15_GroupDiverse-Gap_B3000,R1,1385197443,1991832991,1923,Det/images/normal_train/00748166.png,0,04,easy_clean,0.0055293523,1.0,0.012399173,normal_replay,GroupDiverse-Gap
RUN_131,TRIAD_044,A15_GroupDiverse-Gap_B3000,R1,1385197443,1991832991,1924,Det/images/normal_train/00669389.png,0,08,learnable_hard,0.0651858275,0.98,0.1113450292,normal_replay,GroupDiverse-Gap
RUN_131,TRIAD_044,A15_GroupDiverse-Gap_B3000,R1,1385197443,1991832991,1925,Det/images/normal_train/00495390.png,0,08,easy_clean,0.0107271676,1.0,0.0376546665,normal_replay,GroupDiverse-Gap
RUN_131,TRIAD_044,A15_GroupDiverse-Gap_B3000,R1,1385197443,1991832991,1926,Det/images/normal_train/01171969.png,0,04,easy_clean,0.0750405559,1.0,0.0275598485,normal_replay,GroupDiverse-Gap
RUN_131,TRIAD_044,A15_GroupDiverse-Gap_B3000,R1,1385197443,1991832991,1927,Det/images/normal_train/00297906.png,0,08,easy_clean,0.0013742138,1.0,0.0017390942,normal_replay,GroupDiverse-Gap
RUN_131,TRIAD_044,A15_GroupDiverse-Gap_B3000,R1,1385197443,1991832991,1928,Det/images/normal_train/00274393.png,0,05,easy_clean,0.0105567515,1.0,0.0187668079,normal_replay,GroupDiverse-Gap
RUN_131,TRIAD_044,A15_GroupDiverse-Gap_B3000,R1,1385197443,1991832991,1929,Det/images/normal_train/00191502.png,0,08,easy_clean,0.0020050756,1.0,0.0033989022,normal_replay,GroupDiverse-Gap
RUN_131,TRIAD_044,A15_GroupDiverse-Gap_B3000,R1,1385197443,1991832991,1930,Det/images/normal_train/00710234.png,0,01,easy_clean,0.0513449494,1.0,0.0656177308,normal_replay,GroupDiverse-Gap
RUN_131,TRIAD_044,A15_GroupDiverse-Gap_B3000,R1,1385197443,1991832991,1931,Det/images/normal_train/00775401.png,0,09,easy_clean,0.0019066306,1.0,0.0025946593,normal_replay,GroupDiverse-Gap
RUN_131,TRIAD_044,A15_GroupDiverse-Gap_B3000,R1,1385197443,1991832991,1932,Det/images/normal_train/01072584.png,0,03,easy_clean,0.0081897146,1.0,0.0076771574,normal_replay,GroupDiverse-Gap
RUN_131,TRIAD_044,A15_GroupDiverse-Gap_B3000,R1,1385197443,1991832991,1933,Det/images/normal_train/00579250.png,0,05,easy_clean,0.0023487261,1.0,0.0036827756,normal_replay,GroupDiverse-Gap
RUN_131,TRIAD_044,A15_GroupDiverse-Gap_B3000,R1,1385197443,1991832991,1934,Det/images/normal_train/00950788.png,0,01,easy_clean,0.0080261178,1.0,0.0104097945,normal_replay,GroupDiverse-Gap
RUN_131,TRIAD_044,A15_GroupDiverse-Gap_B3000,R1,1385197443,1991832991,1935,Det/images/normal_train/01283768.png,0,06,easy_clean,0.0142269246,1.0,0.0187878041,normal_replay,GroupDiverse-Gap
RUN_131,TRIAD_044,A15_GroupDiverse-Gap_B3000,R1,1385197443,1991832991,1936,Det/images/normal_train/00618953.png,0,04,easy_clean,0.0005507884,1.0,0.0007038132,normal_replay,GroupDiverse-Gap
RUN_131,TRIAD_044,A15_GroupDiverse-Gap_B3000,R1,1385197443,1991832991,1937,Det/images/normal_train/01145387.png,0,06,easy_clean,0.0392799274,1.0,0.0310996209,normal_replay,GroupDiverse-Gap
RUN_131,TRIAD_044,A15_GroupDiverse-Gap_B3000,R1,1385197443,1991832991,1938,Det/images/normal_train/00663760.png,0,08,easy_clean,0.0219329466,1.0,0.0550605075,normal_replay,GroupDiverse-Gap
RUN_131,TRIAD_044,A15_GroupDiverse-Gap_B3000,R1,1385197443,1991832991,1939,Det/images/normal_train/01138921.png,0,02,easy_clean,0.0091691533,1.0,0.0324900822,normal_replay,GroupDiverse-Gap
RUN_131,TRIAD_044,A15_GroupDiverse-Gap_B3000,R1,1385197443,1991832991,1940,Det/images/normal_train/01137562.png,0,03,easy_clean,0.093473969,1.0,0.0472663935,normal_replay,GroupDiverse-Gap
RUN_131,TRIAD_044,A15_GroupDiverse-Gap_B3000,R1,1385197443,1991832991,1941,Det/images/normal_train/00619233.png,0,04,learnable_hard,0.3269097224,0.905,0.1717539133,normal_replay,GroupDiverse-Gap
RUN_131,TRIAD_044,A15_GroupDiverse-Gap_B3000,R1,1385197443,1991832991,1942,Det/images/normal_train/01005225.png,0,09,easy_clean,0.0373255364,1.0,0.0639724822,normal_replay,GroupDiverse-Gap
RUN_131,TRIAD_044,A15_GroupDiverse-Gap_B3000,R1,1385197443,1991832991,1943,Det/images/normal_train/00239011.png,0,09,easy_clean,0.0440573881,1.0,0.0489032463,normal_replay,GroupDiverse-Gap
RUN_131,TRIAD_044,A15_GroupDiverse-Gap_B3000,R1,1385197443,1991832991,1944,Det/images/normal_train/00236756.png,0,03,easy_clean,0.0298791725,1.0,0.0323391789,normal_replay,GroupDiverse-Gap
RUN_131,TRIAD_044,A15_GroupDiverse-Gap_B3000,R1,1385197443,1991832991,1945,Det/images/normal_train/00366510.png,0,02,ordinary,0.1882641629,1.0,0.1221576475,normal_replay,GroupDiverse-Gap
RUN_131,TRIAD_044,A15_GroupDiverse-Gap_B3000,R1,1385197443,1991832991,1946,Det/images/normal_train/00862573.png,0,07,easy_clean,0.0008154677,1.0,0.0011322953,normal_replay,GroupDiverse-Gap
RUN_131,TRIAD_044,A15_GroupDiverse-Gap_B3000,R1,1385197443,1991832991,1947,Det/images/normal_train/00927390.png,0,09,learnable_hard,0.0625248951,0.975,0.1024032992,normal_replay,GroupDiverse-Gap
RUN_131,TRIAD_044,A15_GroupDiverse-Gap_B3000,R1,1385197443,1991832991,1948,Det/images/normal_train/00262126.png,0,04,easy_clean,0.0030751183,1.0,0.0131485728,normal_replay,GroupDiverse-Gap
RUN_131,TRIAD_044,A15_GroupDiverse-Gap_B3000,R1,1385197443,1991832991,1949,Det/images/normal_train/00541278.png,0,08,easy_clean,0.0086116323,1.0,0.0085929743,normal_replay,GroupDiverse-Gap
RUN_131,TRIAD_044,A15_GroupDiverse-Gap_B3000,R1,1385197443,1991832991,1950,Det/images/normal_train/00295901.png,0,03,easy_clean,0.0227502266,1.0,0.0271714794,normal_replay,GroupDiverse-Gap
RUN_131,TRIAD_044,A15_GroupDiverse-Gap_B3000,R1,1385197443,1991832991,1951,Det/images/normal_train/01164530.png,0,08,easy_clean,0.0096582828,1.0,0.0184963259,normal_replay,GroupDiverse-Gap
RUN_131,TRIAD_044,A15_GroupDiverse-Gap_B3000,R1,1385197443,1991832991,1952,Det/images/normal_train/00927447.png,0,09,easy_clean,0.0071291465,1.0,0.0164693722,normal_replay,GroupDiverse-Gap
RUN_131,TRIAD_044,A15_GroupDiverse-Gap_B3000,R1,1385197443,1991832991,1953,Det/images/normal_train/01080551.png,0,03,easy_clean,0.0378099108,1.0,0.0391608574,normal_replay,GroupDiverse-Gap
RUN_131,TRIAD_044,A15_GroupDiverse-Gap_B3000,R1,1385197443,1991832991,1954,Det/images/normal_train/00148156.png,0,03,easy_clean,0.0029083031,1.0,0.0045454363,normal_replay,GroupDiverse-Gap
RUN_131,TRIAD_044,A15_GroupDiverse-Gap_B3000,R1,1385197443,1991832991,1955,Det/images/normal_train/01226691.png,0,00,easy_clean,0.0176383206,1.0,0.0197380262,normal_replay,GroupDiverse-Gap
RUN_131,TRIAD_044,A15_GroupDiverse-Gap_B3000,R1,1385197443,1991832991,1956,Det/images/normal_train/00720560.png,0,09,easy_clean,0.0232507417,1.0,0.0240030157,normal_replay,GroupDiverse-Gap
RUN_131,TRIAD_044,A15_GroupDiverse-Gap_B3000,R1,1385197443,1991832991,1957,Det/images/normal_train/00716888.png,0,08,learnable_hard,0.0229078857,0.995,0.0547874162,normal_replay,GroupDiverse-Gap
RUN_131,TRIAD_044,A15_GroupDiverse-Gap_B3000,R1,1385197443,1991832991,1958,Det/images/normal_train/00286790.png,0,06,easy_clean,0.0150027909,1.0,0.0192644134,normal_replay,GroupDiverse-Gap
RUN_131,TRIAD_044,A15_GroupDiverse-Gap_B3000,R1,1385197443,1991832991,1959,Det/images/normal_train/00926917.png,0,00,learnable_hard,0.4348164998,0.62,0.2817448945,normal_replay,GroupDiverse-Gap
RUN_131,TRIAD_044,A15_GroupDiverse-Gap_B3000,R1,1385197443,1991832991,1960,Det/images/normal_train/00996077.png,0,04,easy_clean,0.0082912805,1.0,0.0108971724,normal_replay,GroupDiverse-Gap
RUN_131,TRIAD_044,A15_GroupDiverse-Gap_B3000,R1,1385197443,1991832991,1961,Det/images/normal_train/01203646.png,0,05,easy_clean,0.0348644334,1.0,0.0422201025,normal_replay,GroupDiverse-Gap
RUN_131,TRIAD_044,A15_GroupDiverse-Gap_B3000,R1,1385197443,1991832991,1962,Det/images/normal_train/00189717.png,0,02,easy_clean,0.0032434991,1.0,0.0058692832,normal_replay,GroupDiverse-Gap
RUN_131,TRIAD_044,A15_GroupDiverse-Gap_B3000,R1,1385197443,1991832991,1963,Det/images/normal_train/00283808.png,0,03,easy_clean,0.0066250068,1.0,0.0079621779,normal_replay,GroupDiverse-Gap
RUN_131,TRIAD_044,A15_GroupDiverse-Gap_B3000,R1,1385197443,1991832991,1964,Det/images/normal_train/00562217.png,0,08,easy_clean,0.0015416301,1.0,0.0021820354,normal_replay,GroupDiverse-Gap
RUN_131,TRIAD_044,A15_GroupDiverse-Gap_B3000,R1,1385197443,1991832991,1965,Det/images/normal_train/00210934.png,0,00,easy_clean,0.0105461658,1.0,0.0107070748,normal_replay,GroupDiverse-Gap
RUN_131,TRIAD_044,A15_GroupDiverse-Gap_B3000,R1,1385197443,1991832991,1966,Det/images/normal_train/01140853.png,0,00,easy_clean,0.0019322167,1.0,0.0022841937,normal_replay,GroupDiverse-Gap
RUN_131,TRIAD_044,A15_GroupDiverse-Gap_B3000,R1,1385197443,1991832991,1967,Det/images/normal_train/00624031.png,0,08,easy_clean,0.0720727593,1.0,0.0521614839,normal_replay,GroupDiverse-Gap
RUN_131,TRIAD_044,A15_GroupDiverse-Gap_B3000,R1,1385197443,1991832991,1968,Det/images/normal_train/00967270.png,0,04,easy_clean,0.0151233007,1.0,0.0269033199,normal_replay,GroupDiverse-Gap
RUN_131,TRIAD_044,A15_GroupDiverse-Gap_B3000,R1,1385197443,1991832991,1969,Det/images/normal_train/00603721.png,0,09,easy_clean,0.0105030929,1.0,0.0207301312,normal_replay,GroupDiverse-Gap
RUN_131,TRIAD_044,A15_GroupDiverse-Gap_B3000,R1,1385197443,1991832991,1970,Det/images/normal_train/00817001.png,0,07,ordinary,0.0910182064,1.0,0.0975583802,normal_replay,GroupDiverse-Gap
RUN_131,TRIAD_044,A15_GroupDiverse-Gap_B3000,R1,1385197443,1991832991,1971,Det/images/normal_train/00850089.png,0,07,easy_clean,0.0011670971,1.0,0.0017800094,normal_replay,GroupDiverse-Gap
RUN_131,TRIAD_044,A15_GroupDiverse-Gap_B3000,R1,1385197443,1991832991,1972,Det/images/normal_train/00582059.png,0,03,easy_clean,0.0173722238,1.0,0.0336043584,normal_replay,GroupDiverse-Gap
RUN_131,TRIAD_044,A15_GroupDiverse-Gap_B3000,R1,1385197443,1991832991,1973,Det/images/normal_train/01031099.png,0,09,learnable_hard,0.0328554737,0.995,0.0609573699,normal_replay,GroupDiverse-Gap
RUN_131,TRIAD_044,A15_GroupDiverse-Gap_B3000,R1,1385197443,1991832991,1974,Det/images/normal_train/00254885.png,0,03,easy_clean,0.0031201999,1.0,0.0039651196,normal_replay,GroupDiverse-Gap
RUN_131,TRIAD_044,A15_GroupDiverse-Gap_B3000,R1,1385197443,1991832991,1975,Det/images/normal_train/00335316.png,0,07,easy_clean,0.0225638128,1.0,0.023736914,normal_replay,GroupDiverse-Gap
RUN_131,TRIAD_044,A15_GroupDiverse-Gap_B3000,R1,1385197443,1991832991,1976,Det/images/normal_train/00350103.png,0,04,learnable_hard,0.2243012409,0.985,0.1178119542,normal_replay,GroupDiverse-Gap
RUN_131,TRIAD_044,A15_GroupDiverse-Gap_B3000,R1,1385197443,1991832991,1977,Det/images/normal_train/01143820.png,0,08,easy_clean,0.0089800284,1.0,0.0101148501,normal_replay,GroupDiverse-Gap
RUN_131,TRIAD_044,A15_GroupDiverse-Gap_B3000,R1,1385197443,1991832991,1978,Det/images/normal_train/01216365.png,0,01,learnable_hard,0.1445380646,0.99,0.102429761,normal_replay,GroupDiverse-Gap
RUN_131,TRIAD_044,A15_GroupDiverse-Gap_B3000,R1,1385197443,1991832991,1979,Det/images/normal_train/00808623.png,0,03,learnable_hard,0.0558226835,0.995,0.0850023077,normal_replay,GroupDiverse-Gap
RUN_131,TRIAD_044,A15_GroupDiverse-Gap_B3000,R1,1385197443,1991832991,1980,Det/images/normal_train/01280572.png,0,03,learnable_hard,0.0528096206,0.995,0.0796779002,normal_replay,GroupDiverse-Gap
RUN_131,TRIAD_044,A15_GroupDiverse-Gap_B3000,R1,1385197443,1991832991,1981,Det/images/normal_train/00850334.png,0,07,easy_clean,0.001232391,1.0,0.0017748477,normal_replay,GroupDiverse-Gap
RUN_131,TRIAD_044,A15_GroupDiverse-Gap_B3000,R1,1385197443,1991832991,1982,Det/images/normal_train/01298127.png,0,00,easy_clean,0.0232329176,1.0,0.0178176423,normal_replay,GroupDiverse-Gap
RUN_131,TRIAD_044,A15_GroupDiverse-Gap_B3000,R1,1385197443,1991832991,1983,Det/images/normal_train/00858132.png,0,01,easy_clean,0.0006487616,1.0,0.0023412735,normal_replay,GroupDiverse-Gap
RUN_131,TRIAD_044,A15_GroupDiverse-Gap_B3000,R1,1385197443,1991832991,1984,Det/images/normal_train/01163453.png,0,08,easy_clean,0.0386299959,1.0,0.0234733056,normal_replay,GroupDiverse-Gap
RUN_131,TRIAD_044,A15_GroupDiverse-Gap_B3000,R1,1385197443,1991832991,1985,Det/images/normal_train/00457838.png,0,09,easy_clean,0.0030379634,1.0,0.0108333088,normal_replay,GroupDiverse-Gap
RUN_131,TRIAD_044,A15_GroupDiverse-Gap_B3000,R1,1385197443,1991832991,1986,Det/images/normal_train/00825368.png,0,02,easy_clean,0.0028030856,1.0,0.0032920045,normal_replay,GroupDiverse-Gap
RUN_131,TRIAD_044,A15_GroupDiverse-Gap_B3000,R1,1385197443,1991832991,1987,Det/images/normal_train/01027405.png,0,08,easy_clean,0.012064761,1.0,0.0425206455,normal_replay,GroupDiverse-Gap
RUN_131,TRIAD_044,A15_GroupDiverse-Gap_B3000,R1,1385197443,1991832991,1988,Det/images/normal_train/01232978.png,0,09,easy_clean,0.006412746,1.0,0.0290215801,normal_replay,GroupDiverse-Gap
RUN_131,TRIAD_044,A15_GroupDiverse-Gap_B3000,R1,1385197443,1991832991,1989,Det/images/normal_train/00169111.png,0,06,easy_clean,0.0116371904,1.0,0.0150773942,normal_replay,GroupDiverse-Gap
RUN_131,TRIAD_044,A15_GroupDiverse-Gap_B3000,R1,1385197443,1991832991,1990,Det/images/normal_train/00938414.png,0,08,easy_clean,0.046021596,1.0,0.0308622045,normal_replay,GroupDiverse-Gap
RUN_131,TRIAD_044,A15_GroupDiverse-Gap_B3000,R1,1385197443,1991832991,1991,Det/images/normal_train/01004202.png,0,07,easy_clean,0.0078470671,1.0,0.0209397661,normal_replay,GroupDiverse-Gap
RUN_131,TRIAD_044,A15_GroupDiverse-Gap_B3000,R1,1385197443,1991832991,1992,Det/images/normal_train/00812110.png,0,00,easy_clean,0.0086723221,1.0,0.0334613198,normal_replay,GroupDiverse-Gap
RUN_131,TRIAD_044,A15_GroupDiverse-Gap_B3000,R1,1385197443,1991832991,1993,Det/images/normal_train/00354655.png,0,00,easy_clean,0.0029703644,1.0,0.0089513198,normal_replay,GroupDiverse-Gap
RUN_131,TRIAD_044,A15_GroupDiverse-Gap_B3000,R1,1385197443,1991832991,1994,Det/images/normal_train/00410841.png,0,00,easy_clean,0.0094267607,1.0,0.0180890664,normal_replay,GroupDiverse-Gap
RUN_131,TRIAD_044,A15_GroupDiverse-Gap_B3000,R1,1385197443,1991832991,1995,Det/images/normal_train/01259994.png,0,06,ordinary,0.1469461743,1.0,0.1169214579,normal_replay,GroupDiverse-Gap
RUN_131,TRIAD_044,A15_GroupDiverse-Gap_B3000,R1,1385197443,1991832991,1996,Det/images/normal_train/00365344.png,0,00,easy_clean,0.0555710527,1.0,0.0405723886,normal_replay,GroupDiverse-Gap
RUN_131,TRIAD_044,A15_GroupDiverse-Gap_B3000,R1,1385197443,1991832991,1997,Det/images/normal_train/00866709.png,0,06,easy_clean,0.0131952941,1.0,0.0285769974,normal_replay,GroupDiverse-Gap
RUN_131,TRIAD_044,A15_GroupDiverse-Gap_B3000,R1,1385197443,1991832991,1998,Det/images/normal_train/00555021.png,0,07,easy_clean,0.0071807589,1.0,0.0106795631,normal_replay,GroupDiverse-Gap
RUN_131,TRIAD_044,A15_GroupDiverse-Gap_B3000,R1,1385197443,1991832991,1999,Det/images/normal_train/00256153.png,0,03,learnable_hard,0.1937399872,0.98,0.1280797816,normal_replay,GroupDiverse-Gap
RUN_131,TRIAD_044,A15_GroupDiverse-Gap_B3000,R1,1385197443,1991832991,2000,Det/images/normal_train/00486861.png,0,04,learnable_hard,0.1323161593,0.96,0.146885466,normal_replay,GroupDiverse-Gap
RUN_131,TRIAD_044,A15_GroupDiverse-Gap_B3000,R1,1385197443,1991832991,2001,Det/images/normal_train/01068003.png,0,00,easy_clean,0.0526119225,1.0,0.0452775967,normal_replay,GroupDiverse-Gap
RUN_131,TRIAD_044,A15_GroupDiverse-Gap_B3000,R1,1385197443,1991832991,2002,Det/images/normal_train/00951071.png,0,08,easy_clean,0.0346164163,1.0,0.0533688787,normal_replay,GroupDiverse-Gap
RUN_131,TRIAD_044,A15_GroupDiverse-Gap_B3000,R1,1385197443,1991832991,2003,Det/images/normal_train/01272013.png,0,00,easy_clean,0.0048906246,1.0,0.0156513215,normal_replay,GroupDiverse-Gap
RUN_131,TRIAD_044,A15_GroupDiverse-Gap_B3000,R1,1385197443,1991832991,2004,Det/images/normal_train/00412555.png,0,06,easy_clean,0.0063714943,1.0,0.0325419881,normal_replay,GroupDiverse-Gap
RUN_131,TRIAD_044,A15_GroupDiverse-Gap_B3000,R1,1385197443,1991832991,2005,Det/images/normal_train/01032680.png,0,02,ordinary,0.1223320429,1.0,0.0526027276,normal_replay,GroupDiverse-Gap
RUN_131,TRIAD_044,A15_GroupDiverse-Gap_B3000,R1,1385197443,1991832991,2006,Det/images/normal_train/00781666.png,0,02,easy_clean,0.0164840956,1.0,0.0165378858,normal_replay,GroupDiverse-Gap
RUN_131,TRIAD_044,A15_GroupDiverse-Gap_B3000,R1,1385197443,1991832991,2007,Det/images/normal_train/01203169.png,0,05,easy_clean,0.0113936763,1.0,0.0123338706,normal_replay,GroupDiverse-Gap
RUN_131,TRIAD_044,A15_GroupDiverse-Gap_B3000,R1,1385197443,1991832991,2008,Det/images/normal_train/00931240.png,0,02,easy_clean,0.0026837568,1.0,0.0032411701,normal_replay,GroupDiverse-Gap
RUN_131,TRIAD_044,A15_GroupDiverse-Gap_B3000,R1,1385197443,1991832991,2009,Det/images/normal_train/00256862.png,0,03,easy_clean,0.0041478525,1.0,0.008956954,normal_replay,GroupDiverse-Gap
RUN_131,TRIAD_044,A15_GroupDiverse-Gap_B3000,R1,1385197443,1991832991,2010,Det/images/normal_train/00338422.png,0,00,easy_clean,0.0291723989,1.0,0.0230412394,normal_replay,GroupDiverse-Gap
RUN_131,TRIAD_044,A15_GroupDiverse-Gap_B3000,R1,1385197443,1991832991,2011,Det/images/normal_train/00905964.png,0,09,easy_clean,0.042995403,1.0,0.0531797056,normal_replay,GroupDiverse-Gap
RUN_131,TRIAD_044,A15_GroupDiverse-Gap_B3000,R1,1385197443,1991832991,2012,Det/images/normal_train/00219604.png,0,09,easy_clean,0.002845631,1.0,0.0040388112,normal_replay,GroupDiverse-Gap
RUN_131,TRIAD_044,A15_GroupDiverse-Gap_B3000,R1,1385197443,1991832991,2013,Det/images/normal_train/00213657.png,0,03,learnable_hard,0.018937918,0.995,0.0425153076,normal_replay,GroupDiverse-Gap
RUN_131,TRIAD_044,A15_GroupDiverse-Gap_B3000,R1,1385197443,1991832991,2014,Det/images/normal_train/00174681.png,0,01,easy_clean,0.0001987234,1.0,0.000512009,normal_replay,GroupDiverse-Gap
RUN_131,TRIAD_044,A15_GroupDiverse-Gap_B3000,R1,1385197443,1991832991,2015,Det/images/normal_train/00366056.png,0,02,easy_clean,0.0013295419,1.0,0.001840534,normal_replay,GroupDiverse-Gap
RUN_131,TRIAD_044,A15_GroupDiverse-Gap_B3000,R1,1385197443,1991832991,2016,Det/images/normal_train/00804912.png,0,09,ordinary,0.1081874164,1.0,0.0900360376,normal_replay,GroupDiverse-Gap
RUN_131,TRIAD_044,A15_GroupDiverse-Gap_B3000,R1,1385197443,1991832991,2017,Det/images/normal_train/01247874.png,0,02,easy_clean,0.017453413,1.0,0.0115095645,normal_replay,GroupDiverse-Gap
RUN_131,TRIAD_044,A15_GroupDiverse-Gap_B3000,R1,1385197443,1991832991,2018,Det/images/normal_train/01200493.png,0,04,easy_clean,0.0467944507,1.0,0.0194344364,normal_replay,GroupDiverse-Gap
RUN_131,TRIAD_044,A15_GroupDiverse-Gap_B3000,R1,1385197443,1991832991,2019,Det/images/normal_train/00530792.png,0,01,easy_clean,0.0006099471,1.0,0.000983089,normal_replay,GroupDiverse-Gap
RUN_131,TRIAD_044,A15_GroupDiverse-Gap_B3000,R1,1385197443,1991832991,2020,Det/images/normal_train/01067318.png,0,09,easy_clean,0.031120642,1.0,0.0290087028,normal_replay,GroupDiverse-Gap
RUN_131,TRIAD_044,A15_GroupDiverse-Gap_B3000,R1,1385197443,1991832991,2021,Det/images/normal_train/00894172.png,0,05,easy_clean,0.0006597428,1.0,0.0016841555,normal_replay,GroupDiverse-Gap
RUN_131,TRIAD_044,A15_GroupDiverse-Gap_B3000,R1,1385197443,1991832991,2022,Det/images/normal_train/00631762.png,0,08,easy_clean,0.019961508,1.0,0.0232350255,normal_replay,GroupDiverse-Gap
RUN_131,TRIAD_044,A15_GroupDiverse-Gap_B3000,R1,1385197443,1991832991,2023,Det/images/normal_train/00269912.png,0,03,easy_clean,0.0002426153,1.0,0.0005313914,normal_replay,GroupDiverse-Gap
RUN_131,TRIAD_044,A15_GroupDiverse-Gap_B3000,R1,1385197443,1991832991,2024,Det/images/normal_train/00644102.png,0,09,ordinary,0.4240344107,0.655,0.2242450805,normal_replay,GroupDiverse-Gap
RUN_131,TRIAD_044,A15_GroupDiverse-Gap_B3000,R1,1385197443,1991832991,2025,Det/images/normal_train/00187820.png,0,03,easy_clean,0.0104587177,1.0,0.0132738159,normal_replay,GroupDiverse-Gap
RUN_131,TRIAD_044,A15_GroupDiverse-Gap_B3000,R1,1385197443,1991832991,2026,Det/images/normal_train/01261851.png,0,00,ordinary,0.1006152442,1.0,0.057367512,normal_replay,GroupDiverse-Gap
RUN_131,TRIAD_044,A15_GroupDiverse-Gap_B3000,R1,1385197443,1991832991,2027,Det/images/normal_train/00347548.png,0,09,easy_clean,0.0026585866,1.0,0.003691652,normal_replay,GroupDiverse-Gap
RUN_131,TRIAD_044,A15_GroupDiverse-Gap_B3000,R1,1385197443,1991832991,2028,Det/images/normal_train/00863520.png,0,07,easy_clean,0.0029626705,1.0,0.0035682767,normal_replay,GroupDiverse-Gap
RUN_131,TRIAD_044,A15_GroupDiverse-Gap_B3000,R1,1385197443,1991832991,2029,Det/images/normal_train/00511596.png,0,02,learnable_hard,0.2436492874,0.975,0.1933548165,normal_replay,GroupDiverse-Gap
RUN_131,TRIAD_044,A15_GroupDiverse-Gap_B3000,R1,1385197443,1991832991,2030,Det/images/normal_train/01260743.png,0,05,ordinary,0.137806772,1.0,0.0336503599,normal_replay,GroupDiverse-Gap
RUN_131,TRIAD_044,A15_GroupDiverse-Gap_B3000,R1,1385197443,1991832991,2031,Det/images/normal_train/00993586.png,0,04,learnable_hard,0.0159677593,0.995,0.0519343796,normal_replay,GroupDiverse-Gap
RUN_131,TRIAD_044,A15_GroupDiverse-Gap_B3000,R1,1385197443,1991832991,2032,Det/images/normal_train/00515887.png,0,03,easy_clean,0.0048462228,1.0,0.0064699363,normal_replay,GroupDiverse-Gap
RUN_131,TRIAD_044,A15_GroupDiverse-Gap_B3000,R1,1385197443,1991832991,2033,Det/images/normal_train/01187048.png,0,07,ordinary,0.0947840266,1.0,0.0503974521,normal_replay,GroupDiverse-Gap
RUN_131,TRIAD_044,A15_GroupDiverse-Gap_B3000,R1,1385197443,1991832991,2034,Det/images/normal_train/00610896.png,0,05,easy_clean,0.0043715477,1.0,0.0059767491,normal_replay,GroupDiverse-Gap
RUN_131,TRIAD_044,A15_GroupDiverse-Gap_B3000,R1,1385197443,1991832991,2035,Det/images/normal_train/00772370.png,0,01,easy_clean,0.0005303466,1.0,0.0012205619,normal_replay,GroupDiverse-Gap
RUN_131,TRIAD_044,A15_GroupDiverse-Gap_B3000,R1,1385197443,1991832991,2036,Det/images/normal_train/00366601.png,0,02,easy_clean,0.0009536873,1.0,0.0007308456,normal_replay,GroupDiverse-Gap
RUN_131,TRIAD_044,A15_GroupDiverse-Gap_B3000,R1,1385197443,1991832991,2037,Det/images/normal_train/01048930.png,0,07,easy_clean,0.0085650895,1.0,0.014652978,normal_replay,GroupDiverse-Gap
RUN_131,TRIAD_044,A15_GroupDiverse-Gap_B3000,R1,1385197443,1991832991,2038,Det/images/normal_train/00550964.png,0,08,learnable_hard,0.036084727,0.995,0.0721075417,normal_replay,GroupDiverse-Gap
RUN_131,TRIAD_044,A15_GroupDiverse-Gap_B3000,R1,1385197443,1991832991,2039,Det/images/normal_train/00830777.png,0,06,easy_clean,0.0004922094,1.0,0.0007673473,normal_replay,GroupDiverse-Gap
RUN_131,TRIAD_044,A15_GroupDiverse-Gap_B3000,R1,1385197443,1991832991,2040,Det/images/normal_train/00942558.png,0,09,easy_clean,0.0502345403,1.0,0.0538859197,normal_replay,GroupDiverse-Gap
RUN_131,TRIAD_044,A15_GroupDiverse-Gap_B3000,R1,1385197443,1991832991,2041,Det/images/normal_train/00792310.png,0,03,easy_clean,0.0181152637,1.0,0.0236081107,normal_replay,GroupDiverse-Gap
RUN_131,TRIAD_044,A15_GroupDiverse-Gap_B3000,R1,1385197443,1991832991,2042,Det/images/normal_train/01225637.png,0,01,easy_clean,0.0100367227,1.0,0.0234273607,normal_replay,GroupDiverse-Gap
RUN_131,TRIAD_044,A15_GroupDiverse-Gap_B3000,R1,1385197443,1991832991,2043,Det/images/normal_train/00880070.png,0,07,easy_clean,0.0134484653,1.0,0.0174360212,normal_replay,GroupDiverse-Gap
RUN_131,TRIAD_044,A15_GroupDiverse-Gap_B3000,R1,1385197443,1991832991,2044,Det/images/normal_train/00967431.png,0,04,easy_clean,0.012549809,1.0,0.0255513047,normal_replay,GroupDiverse-Gap
RUN_131,TRIAD_044,A15_GroupDiverse-Gap_B3000,R1,1385197443,1991832991,2045,Det/images/normal_train/00446530.png,0,09,easy_clean,0.0007699992,1.0,0.0015027773,normal_replay,GroupDiverse-Gap
RUN_131,TRIAD_044,A15_GroupDiverse-Gap_B3000,R1,1385197443,1991832991,2046,Det/images/normal_train/01174010.png,0,01,easy_clean,0.0221173199,1.0,0.0486967109,normal_replay,GroupDiverse-Gap
RUN_131,TRIAD_044,A15_GroupDiverse-Gap_B3000,R1,1385197443,1991832991,2047,Det/images/normal_train/01029552.png,0,09,easy_clean,0.0545790796,1.0,0.0535995968,normal_replay,GroupDiverse-Gap
RUN_131,TRIAD_044,A15_GroupDiverse-Gap_B3000,R1,1385197443,1991832991,2048,Det/images/normal_train/00808522.png,0,03,learnable_hard,0.127073407,0.99,0.1203794052,normal_replay,GroupDiverse-Gap
RUN_131,TRIAD_044,A15_GroupDiverse-Gap_B3000,R1,1385197443,1991832991,2049,Det/images/normal_train/00647865.png,0,01,learnable_hard,0.2899219708,0.875,0.14667083,normal_replay,GroupDiverse-Gap
RUN_131,TRIAD_044,A15_GroupDiverse-Gap_B3000,R1,1385197443,1991832991,2050,Det/images/normal_train/00553024.png,0,04,easy_clean,0.0028735677,1.0,0.0228543612,normal_replay,GroupDiverse-Gap
RUN_131,TRIAD_044,A15_GroupDiverse-Gap_B3000,R1,1385197443,1991832991,2051,Det/images/normal_train/00853463.png,0,00,easy_clean,0.0005830622,1.0,0.0008708434,normal_replay,GroupDiverse-Gap
RUN_131,TRIAD_044,A15_GroupDiverse-Gap_B3000,R1,1385197443,1991832991,2052,Det/images/normal_train/00302088.png,0,09,easy_clean,0.0281298697,1.0,0.0460918327,normal_replay,GroupDiverse-Gap
RUN_131,TRIAD_044,A15_GroupDiverse-Gap_B3000,R1,1385197443,1991832991,2053,Det/images/normal_train/00862909.png,0,07,easy_clean,0.0058746481,1.0,0.0111756112,normal_replay,GroupDiverse-Gap
RUN_131,TRIAD_044,A15_GroupDiverse-Gap_B3000,R1,1385197443,1991832991,2054,Det/images/normal_train/00932881.png,0,07,ordinary,0.0988170431,1.0,0.1135581934,normal_replay,GroupDiverse-Gap
RUN_131,TRIAD_044,A15_GroupDiverse-Gap_B3000,R1,1385197443,1991832991,2055,Det/images/normal_train/01084622.png,0,01,easy_clean,0.0068883861,1.0,0.0076361174,normal_replay,GroupDiverse-Gap
RUN_131,TRIAD_044,A15_GroupDiverse-Gap_B3000,R1,1385197443,1991832991,2056,Det/images/normal_train/00703715.png,0,01,easy_clean,0.0281640199,1.0,0.0131106607,normal_replay,GroupDiverse-Gap
RUN_131,TRIAD_044,A15_GroupDiverse-Gap_B3000,R1,1385197443,1991832991,2057,Det/images/normal_train/01276063.png,0,01,ordinary,0.1373311567,1.0,0.0533404258,normal_replay,GroupDiverse-Gap
RUN_131,TRIAD_044,A15_GroupDiverse-Gap_B3000,R1,1385197443,1991832991,2058,Det/images/normal_train/00877091.png,0,04,learnable_hard,0.0177236916,0.995,0.0757510047,normal_replay,GroupDiverse-Gap
RUN_131,TRIAD_044,A15_GroupDiverse-Gap_B3000,R1,1385197443,1991832991,2059,Det/images/normal_train/01269715.png,0,00,easy_clean,0.00275396,1.0,0.0055573981,normal_replay,GroupDiverse-Gap
RUN_131,TRIAD_044,A15_GroupDiverse-Gap_B3000,R1,1385197443,1991832991,2060,Det/images/normal_train/00853089.png,0,00,easy_clean,0.020172587,1.0,0.0202615783,normal_replay,GroupDiverse-Gap
RUN_131,TRIAD_044,A15_GroupDiverse-Gap_B3000,R1,1385197443,1991832991,2061,Det/images/normal_train/00628870.png,0,07,easy_clean,0.017717087,1.0,0.0344109112,normal_replay,GroupDiverse-Gap
RUN_131,TRIAD_044,A15_GroupDiverse-Gap_B3000,R1,1385197443,1991832991,2062,Det/images/normal_train/01051088.png,0,06,easy_clean,0.0065372199,1.0,0.0095075398,normal_replay,GroupDiverse-Gap
RUN_131,TRIAD_044,A15_GroupDiverse-Gap_B3000,R1,1385197443,1991832991,2063,Det/images/normal_train/00879781.png,0,09,easy_clean,0.0118096356,1.0,0.0347163327,normal_replay,GroupDiverse-Gap
RUN_131,TRIAD_044,A15_GroupDiverse-Gap_B3000,R1,1385197443,1991832991,2064,Det/images/normal_train/01085085.png,0,07,easy_clean,0.0096313897,1.0,0.0127783866,normal_replay,GroupDiverse-Gap
RUN_131,TRIAD_044,A15_GroupDiverse-Gap_B3000,R1,1385197443,1991832991,2065,Det/images/normal_train/00208239.png,0,01,easy_clean,0.018687319,1.0,0.0291642827,normal_replay,GroupDiverse-Gap
RUN_131,TRIAD_044,A15_GroupDiverse-Gap_B3000,R1,1385197443,1991832991,2066,Det/images/normal_train/00381303.png,0,05,learnable_hard,0.0782948562,0.995,0.0822663657,normal_replay,GroupDiverse-Gap
RUN_131,TRIAD_044,A15_GroupDiverse-Gap_B3000,R1,1385197443,1991832991,2067,Det/images/normal_train/00517363.png,0,08,easy_clean,0.001209665,1.0,0.002200775,normal_replay,GroupDiverse-Gap
RUN_131,TRIAD_044,A15_GroupDiverse-Gap_B3000,R1,1385197443,1991832991,2068,Det/images/normal_train/00716939.png,0,08,easy_clean,0.0100393255,1.0,0.0305461284,normal_replay,GroupDiverse-Gap
RUN_131,TRIAD_044,A15_GroupDiverse-Gap_B3000,R1,1385197443,1991832991,2069,Det/images/normal_train/00595277.png,0,01,learnable_hard,0.0947015765,0.98,0.1289780397,normal_replay,GroupDiverse-Gap
RUN_131,TRIAD_044,A15_GroupDiverse-Gap_B3000,R1,1385197443,1991832991,2070,Det/images/normal_train/00754737.png,0,09,easy_clean,0.0294163643,1.0,0.039263774,normal_replay,GroupDiverse-Gap
RUN_131,TRIAD_044,A15_GroupDiverse-Gap_B3000,R1,1385197443,1991832991,2071,Det/images/normal_train/00316661.png,0,01,ordinary,0.1836215432,1.0,0.0677020771,normal_replay,GroupDiverse-Gap
RUN_131,TRIAD_044,A15_GroupDiverse-Gap_B3000,R1,1385197443,1991832991,2072,Det/images/normal_train/01243894.png,0,00,easy_clean,0.0086530147,1.0,0.0082140838,normal_replay,GroupDiverse-Gap
RUN_131,TRIAD_044,A15_GroupDiverse-Gap_B3000,R1,1385197443,1991832991,2073,Det/images/normal_train/00764371.png,0,08,easy_clean,0.0068425187,1.0,0.013526199,normal_replay,GroupDiverse-Gap
RUN_131,TRIAD_044,A15_GroupDiverse-Gap_B3000,R1,1385197443,1991832991,2074,Det/images/normal_train/01298625.png,0,00,easy_clean,0.0088106799,1.0,0.0077268831,normal_replay,GroupDiverse-Gap
RUN_131,TRIAD_044,A15_GroupDiverse-Gap_B3000,R1,1385197443,1991832991,2075,Det/images/normal_train/00361625.png,0,00,easy_clean,0.0062835973,1.0,0.0116448492,normal_replay,GroupDiverse-Gap
RUN_131,TRIAD_044,A15_GroupDiverse-Gap_B3000,R1,1385197443,1991832991,2076,Det/images/normal_train/01123359.png,0,06,easy_clean,0.0027942978,1.0,0.0044721822,normal_replay,GroupDiverse-Gap
RUN_131,TRIAD_044,A15_GroupDiverse-Gap_B3000,R1,1385197443,1991832991,2077,Det/images/normal_train/00476902.png,0,09,easy_clean,0.0045136416,1.0,0.0076859313,normal_replay,GroupDiverse-Gap
RUN_131,TRIAD_044,A15_GroupDiverse-Gap_B3000,R1,1385197443,1991832991,2078,Det/images/normal_train/00561869.png,0,09,learnable_hard,0.1338093584,0.96,0.1727055252,normal_replay,GroupDiverse-Gap
RUN_131,TRIAD_044,A15_GroupDiverse-Gap_B3000,R1,1385197443,1991832991,2079,Det/images/normal_train/01060763.png,0,01,easy_clean,0.0175551401,1.0,0.0177121381,normal_replay,GroupDiverse-Gap
RUN_131,TRIAD_044,A15_GroupDiverse-Gap_B3000,R1,1385197443,1991832991,2080,Det/images/normal_train/01146736.png,0,05,easy_clean,0.0038511582,1.0,0.0049927749,normal_replay,GroupDiverse-Gap
RUN_131,TRIAD_044,A15_GroupDiverse-Gap_B3000,R1,1385197443,1991832991,2081,Det/images/normal_train/00952673.png,0,09,learnable_hard,0.0473792897,0.995,0.0610240058,normal_replay,GroupDiverse-Gap
RUN_131,TRIAD_044,A15_GroupDiverse-Gap_B3000,R1,1385197443,1991832991,2082,Det/images/normal_train/01020179.png,0,02,easy_clean,0.0404381912,1.0,0.0352580667,normal_replay,GroupDiverse-Gap
RUN_131,TRIAD_044,A15_GroupDiverse-Gap_B3000,R1,1385197443,1991832991,2083,Det/images/normal_train/01140681.png,0,00,learnable_hard,0.0139255749,0.995,0.0524083671,normal_replay,GroupDiverse-Gap
RUN_131,TRIAD_044,A15_GroupDiverse-Gap_B3000,R1,1385197443,1991832991,2084,Det/images/normal_train/00282317.png,0,04,easy_clean,0.0101581945,1.0,0.0158892382,normal_replay,GroupDiverse-Gap
RUN_131,TRIAD_044,A15_GroupDiverse-Gap_B3000,R1,1385197443,1991832991,2085,Det/images/normal_train/00168281.png,0,07,learnable_hard,0.0563630065,0.995,0.0749800929,normal_replay,GroupDiverse-Gap
RUN_131,TRIAD_044,A15_GroupDiverse-Gap_B3000,R1,1385197443,1991832991,2086,Det/images/normal_train/00563039.png,0,06,easy_clean,0.0008875624,1.0,0.0009755944,normal_replay,GroupDiverse-Gap
RUN_131,TRIAD_044,A15_GroupDiverse-Gap_B3000,R1,1385197443,1991832991,2087,Det/images/normal_train/01185871.png,0,02,easy_clean,0.0064875749,1.0,0.0066610259,normal_replay,GroupDiverse-Gap
RUN_131,TRIAD_044,A15_GroupDiverse-Gap_B3000,R1,1385197443,1991832991,2088,Det/images/normal_train/00503825.png,0,03,easy_clean,0.0204310223,1.0,0.022456473,normal_replay,GroupDiverse-Gap
RUN_131,TRIAD_044,A15_GroupDiverse-Gap_B3000,R1,1385197443,1991832991,2089,Det/images/normal_train/00883737.png,0,05,easy_clean,0.0088726116,1.0,0.0125190358,normal_replay,GroupDiverse-Gap
RUN_131,TRIAD_044,A15_GroupDiverse-Gap_B3000,R1,1385197443,1991832991,2090,Det/images/normal_train/00720091.png,0,09,easy_clean,0.0533390509,1.0,0.0433486971,normal_replay,GroupDiverse-Gap
RUN_131,TRIAD_044,A15_GroupDiverse-Gap_B3000,R1,1385197443,1991832991,2091,Det/images/normal_train/00696399.png,0,03,easy_clean,0.0089127743,1.0,0.0373548025,normal_replay,GroupDiverse-Gap
RUN_131,TRIAD_044,A15_GroupDiverse-Gap_B3000,R1,1385197443,1991832991,2092,Det/images/normal_train/00332962.png,0,00,easy_clean,0.0027304801,1.0,0.0080709904,normal_replay,GroupDiverse-Gap
RUN_131,TRIAD_044,A15_GroupDiverse-Gap_B3000,R1,1385197443,1991832991,2093,Det/images/normal_train/00996794.png,0,04,easy_clean,0.0019523757,1.0,0.0025934119,normal_replay,GroupDiverse-Gap
RUN_131,TRIAD_044,A15_GroupDiverse-Gap_B3000,R1,1385197443,1991832991,2094,Det/images/normal_train/00883688.png,0,05,easy_clean,0.0060192886,1.0,0.0138483162,normal_replay,GroupDiverse-Gap
RUN_131,TRIAD_044,A15_GroupDiverse-Gap_B3000,R1,1385197443,1991832991,2095,Det/images/normal_train/01220108.png,0,01,easy_clean,0.0311330903,1.0,0.0399365713,normal_replay,GroupDiverse-Gap
RUN_131,TRIAD_044,A15_GroupDiverse-Gap_B3000,R1,1385197443,1991832991,2096,Det/images/normal_train/01054366.png,0,00,easy_clean,0.0907101359,1.0,0.080892249,normal_replay,GroupDiverse-Gap
RUN_131,TRIAD_044,A15_GroupDiverse-Gap_B3000,R1,1385197443,1991832991,2097,Det/images/normal_train/00596215.png,0,02,easy_clean,0.0021442907,1.0,0.006164818,normal_replay,GroupDiverse-Gap
RUN_131,TRIAD_044,A15_GroupDiverse-Gap_B3000,R1,1385197443,1991832991,2098,Det/images/normal_train/00523796.png,0,00,easy_clean,5.87522e-05,1.0,0.0001083172,normal_replay,GroupDiverse-Gap
RUN_131,TRIAD_044,A15_GroupDiverse-Gap_B3000,R1,1385197443,1991832991,2099,Det/images/normal_train/00208740.png,0,01,easy_clean,0.0027954515,1.0,0.004811467,normal_replay,GroupDiverse-Gap
RUN_131,TRIAD_044,A15_GroupDiverse-Gap_B3000,R1,1385197443,1991832991,2100,Det/images/normal_train/00812516.png,0,00,easy_clean,0.0011118173,1.0,0.0014018885,normal_replay,GroupDiverse-Gap
RUN_131,TRIAD_044,A15_GroupDiverse-Gap_B3000,R1,1385197443,1991832991,2101,Det/images/normal_train/00291767.png,0,04,easy_clean,0.0008865651,1.0,0.0015451296,normal_replay,GroupDiverse-Gap
RUN_131,TRIAD_044,A15_GroupDiverse-Gap_B3000,R1,1385197443,1991832991,2102,Det/images/normal_train/01156581.png,0,00,easy_clean,0.0092108395,1.0,0.0081374356,normal_replay,GroupDiverse-Gap
RUN_131,TRIAD_044,A15_GroupDiverse-Gap_B3000,R1,1385197443,1991832991,2103,Det/images/normal_train/00585185.png,0,05,easy_clean,0.025595273,1.0,0.0327536577,normal_replay,GroupDiverse-Gap
RUN_131,TRIAD_044,A15_GroupDiverse-Gap_B3000,R1,1385197443,1991832991,2104,Det/images/normal_train/00255903.png,0,08,easy_clean,0.0064581352,1.0,0.0268731801,normal_replay,GroupDiverse-Gap
RUN_131,TRIAD_044,A15_GroupDiverse-Gap_B3000,R1,1385197443,1991832991,2105,Det/images/normal_train/00944243.png,0,05,easy_clean,0.0103066168,1.0,0.0142908398,normal_replay,GroupDiverse-Gap
RUN_131,TRIAD_044,A15_GroupDiverse-Gap_B3000,R1,1385197443,1991832991,2106,Det/images/normal_train/00632336.png,0,09,easy_clean,0.0650413759,1.0,0.078717563,normal_replay,GroupDiverse-Gap
RUN_131,TRIAD_044,A15_GroupDiverse-Gap_B3000,R1,1385197443,1991832991,2107,Det/images/normal_train/00830162.png,0,06,learnable_hard,0.0251424185,0.985,0.0791899779,normal_replay,GroupDiverse-Gap
RUN_131,TRIAD_044,A15_GroupDiverse-Gap_B3000,R1,1385197443,1991832991,2108,Det/images/normal_train/00843534.png,0,06,easy_clean,0.016431852,1.0,0.0166272397,normal_replay,GroupDiverse-Gap
RUN_131,TRIAD_044,A15_GroupDiverse-Gap_B3000,R1,1385197443,1991832991,2109,Det/images/normal_train/00394308.png,0,05,easy_clean,0.019228964,1.0,0.0286633686,normal_replay,GroupDiverse-Gap
RUN_131,TRIAD_044,A15_GroupDiverse-Gap_B3000,R1,1385197443,1991832991,2110,Det/images/normal_train/00755847.png,0,05,easy_clean,0.0329337375,1.0,0.0351610545,normal_replay,GroupDiverse-Gap
RUN_131,TRIAD_044,A15_GroupDiverse-Gap_B3000,R1,1385197443,1991832991,2111,Det/images/normal_train/01229762.png,0,00,easy_clean,0.0132220879,1.0,0.0124729767,normal_replay,GroupDiverse-Gap
RUN_131,TRIAD_044,A15_GroupDiverse-Gap_B3000,R1,1385197443,1991832991,2112,Det/images/normal_train/00607282.png,0,09,learnable_hard,0.0998093868,0.995,0.1033498128,normal_replay,GroupDiverse-Gap
RUN_131,TRIAD_044,A15_GroupDiverse-Gap_B3000,R1,1385197443,1991832991,2113,Det/images/normal_train/00797731.png,0,06,easy_clean,0.0124660883,1.0,0.0123866127,normal_replay,GroupDiverse-Gap
RUN_131,TRIAD_044,A15_GroupDiverse-Gap_B3000,R1,1385197443,1991832991,2114,Det/images/normal_train/00245524.png,0,08,easy_clean,0.0066885331,1.0,0.0088482589,normal_replay,GroupDiverse-Gap
RUN_131,TRIAD_044,A15_GroupDiverse-Gap_B3000,R1,1385197443,1991832991,2115,Det/images/normal_train/00363715.png,0,02,easy_clean,0.0017890062,1.0,0.0018235784,normal_replay,GroupDiverse-Gap
RUN_131,TRIAD_044,A15_GroupDiverse-Gap_B3000,R1,1385197443,1991832991,2116,Det/images/normal_train/00437870.png,0,05,easy_clean,0.007615384,1.0,0.0081347063,normal_replay,GroupDiverse-Gap
RUN_131,TRIAD_044,A15_GroupDiverse-Gap_B3000,R1,1385197443,1991832991,2117,Det/images/normal_train/00804051.png,0,09,easy_clean,0.0080430765,1.0,0.0088526845,normal_replay,GroupDiverse-Gap
RUN_131,TRIAD_044,A15_GroupDiverse-Gap_B3000,R1,1385197443,1991832991,2118,Det/images/normal_train/01038879.png,0,00,ordinary,0.1569041363,1.0,0.0605344846,normal_replay,GroupDiverse-Gap
RUN_131,TRIAD_044,A15_GroupDiverse-Gap_B3000,R1,1385197443,1991832991,2119,Det/images/normal_train/01158989.png,0,00,persistent_hard,0.7163859838,0.0,0.0781665666,normal_replay,GroupDiverse-Gap
RUN_131,TRIAD_044,A15_GroupDiverse-Gap_B3000,R1,1385197443,1991832991,2120,Det/images/normal_train/00221008.png,0,00,easy_clean,0.0173988253,1.0,0.0247159682,normal_replay,GroupDiverse-Gap
RUN_131,TRIAD_044,A15_GroupDiverse-Gap_B3000,R1,1385197443,1991832991,2121,Det/images/normal_train/01164400.png,0,08,easy_clean,0.0105719838,1.0,0.0352185694,normal_replay,GroupDiverse-Gap
RUN_131,TRIAD_044,A15_GroupDiverse-Gap_B3000,R1,1385197443,1991832991,2122,Det/images/normal_train/01202373.png,0,08,easy_clean,0.0185698507,1.0,0.0214208345,normal_replay,GroupDiverse-Gap
RUN_131,TRIAD_044,A15_GroupDiverse-Gap_B3000,R1,1385197443,1991832991,2123,Det/images/normal_train/00693154.png,0,03,easy_clean,0.0024305318,1.0,0.0070018683,normal_replay,GroupDiverse-Gap
RUN_131,TRIAD_044,A15_GroupDiverse-Gap_B3000,R1,1385197443,1991832991,2124,Det/images/normal_train/00191628.png,0,08,easy_clean,0.0046214653,1.0,0.0133841142,normal_replay,GroupDiverse-Gap
RUN_131,TRIAD_044,A15_GroupDiverse-Gap_B3000,R1,1385197443,1991832991,2125,Det/images/normal_train/00317371.png,0,04,easy_clean,0.0009237387,1.0,0.0014743074,normal_replay,GroupDiverse-Gap
RUN_131,TRIAD_044,A15_GroupDiverse-Gap_B3000,R1,1385197443,1991832991,2126,Det/images/normal_train/01216673.png,0,01,learnable_hard,0.0908955227,0.985,0.1039605001,normal_replay,GroupDiverse-Gap
RUN_131,TRIAD_044,A15_GroupDiverse-Gap_B3000,R1,1385197443,1991832991,2127,Det/images/normal_train/01012381.png,0,00,easy_clean,0.0646785052,1.0,0.0179298902,normal_replay,GroupDiverse-Gap
RUN_131,TRIAD_044,A15_GroupDiverse-Gap_B3000,R1,1385197443,1991832991,2128,Det/images/normal_train/00767966.png,0,03,learnable_hard,0.0147087485,0.995,0.0589041111,normal_replay,GroupDiverse-Gap
RUN_131,TRIAD_044,A15_GroupDiverse-Gap_B3000,R1,1385197443,1991832991,2129,Det/images/normal_train/00368887.png,0,02,easy_clean,0.0434945439,1.0,0.0554286968,normal_replay,GroupDiverse-Gap
RUN_131,TRIAD_044,A15_GroupDiverse-Gap_B3000,R1,1385197443,1991832991,2130,Det/images/normal_train/00471329.png,0,00,easy_clean,0.0113618509,1.0,0.0244121304,normal_replay,GroupDiverse-Gap
RUN_131,TRIAD_044,A15_GroupDiverse-Gap_B3000,R1,1385197443,1991832991,2131,Det/images/normal_train/00839640.png,0,06,easy_clean,0.0011846782,1.0,0.0061644856,normal_replay,GroupDiverse-Gap
RUN_131,TRIAD_044,A15_GroupDiverse-Gap_B3000,R1,1385197443,1991832991,2132,Det/images/normal_train/01141232.png,0,08,easy_clean,0.0075416273,1.0,0.0089625864,normal_replay,GroupDiverse-Gap
RUN_131,TRIAD_044,A15_GroupDiverse-Gap_B3000,R1,1385197443,1991832991,2133,Det/images/normal_train/00539464.png,0,06,easy_clean,0.0116459324,1.0,0.0237339194,normal_replay,GroupDiverse-Gap
RUN_131,TRIAD_044,A15_GroupDiverse-Gap_B3000,R1,1385197443,1991832991,2134,Det/images/normal_train/00890753.png,0,06,easy_clean,0.0018605829,1.0,0.0020766593,normal_replay,GroupDiverse-Gap
RUN_131,TRIAD_044,A15_GroupDiverse-Gap_B3000,R1,1385197443,1991832991,2135,Det/images/normal_train/01163937.png,0,08,learnable_hard,0.7531976961,0.04,0.1113340871,normal_replay,GroupDiverse-Gap
RUN_131,TRIAD_044,A15_GroupDiverse-Gap_B3000,R1,1385197443,1991832991,2136,Det/images/normal_train/00229978.png,0,03,easy_clean,0.0017757799,1.0,0.0027177546,normal_replay,GroupDiverse-Gap
RUN_131,TRIAD_044,A15_GroupDiverse-Gap_B3000,R1,1385197443,1991832991,2137,Det/images/normal_train/00901701.png,0,06,learnable_hard,0.0494523656,0.99,0.093642467,normal_replay,GroupDiverse-Gap
RUN_131,TRIAD_044,A15_GroupDiverse-Gap_B3000,R1,1385197443,1991832991,2138,Det/images/normal_train/00218961.png,0,09,easy_clean,0.0041049245,1.0,0.0102681318,normal_replay,GroupDiverse-Gap
RUN_131,TRIAD_044,A15_GroupDiverse-Gap_B3000,R1,1385197443,1991832991,2139,Det/images/normal_train/01275588.png,0,06,easy_clean,0.0124414317,1.0,0.0085530202,normal_replay,GroupDiverse-Gap
RUN_131,TRIAD_044,A15_GroupDiverse-Gap_B3000,R1,1385197443,1991832991,2140,Det/images/normal_train/00461742.png,0,02,easy_clean,0.0118450649,1.0,0.0248132763,normal_replay,GroupDiverse-Gap
RUN_131,TRIAD_044,A15_GroupDiverse-Gap_B3000,R1,1385197443,1991832991,2141,Det/images/normal_train/00633146.png,0,02,easy_clean,0.0171221057,1.0,0.0229996259,normal_replay,GroupDiverse-Gap
RUN_131,TRIAD_044,A15_GroupDiverse-Gap_B3000,R1,1385197443,1991832991,2142,Det/images/normal_train/00824048.png,0,05,easy_clean,0.0001183607,1.0,0.0001910616,normal_replay,GroupDiverse-Gap
RUN_131,TRIAD_044,A15_GroupDiverse-Gap_B3000,R1,1385197443,1991832991,2143,Det/images/normal_train/00263550.png,0,07,easy_clean,0.0057870772,1.0,0.007740859,normal_replay,GroupDiverse-Gap
RUN_131,TRIAD_044,A15_GroupDiverse-Gap_B3000,R1,1385197443,1991832991,2144,Det/images/normal_train/00248458.png,0,00,easy_clean,0.001483092,1.0,0.0022554846,normal_replay,GroupDiverse-Gap
RUN_131,TRIAD_044,A15_GroupDiverse-Gap_B3000,R1,1385197443,1991832991,2145,Det/images/normal_train/00147517.png,0,08,ordinary,0.1252464091,1.0,0.078373311,normal_replay,GroupDiverse-Gap
RUN_131,TRIAD_044,A15_GroupDiverse-Gap_B3000,R1,1385197443,1991832991,2146,Det/images/normal_train/00531394.png,0,04,easy_clean,0.0023243514,1.0,0.00300794,normal_replay,GroupDiverse-Gap
RUN_131,TRIAD_044,A15_GroupDiverse-Gap_B3000,R1,1385197443,1991832991,2147,Det/images/normal_train/00364852.png,0,08,easy_clean,0.0127007851,1.0,0.0314630348,normal_replay,GroupDiverse-Gap
RUN_131,TRIAD_044,A15_GroupDiverse-Gap_B3000,R1,1385197443,1991832991,2148,Det/images/normal_train/00842845.png,0,06,easy_clean,0.005718199,1.0,0.0148280871,normal_replay,GroupDiverse-Gap
RUN_131,TRIAD_044,A15_GroupDiverse-Gap_B3000,R1,1385197443,1991832991,2149,Det/images/normal_train/00492655.png,0,05,easy_clean,0.0103464187,1.0,0.0128608485,normal_replay,GroupDiverse-Gap
RUN_131,TRIAD_044,A15_GroupDiverse-Gap_B3000,R1,1385197443,1991832991,2150,Det/images/normal_train/00889042.png,0,09,ordinary,0.158776625,1.0,0.0915309964,normal_replay,GroupDiverse-Gap
RUN_131,TRIAD_044,A15_GroupDiverse-Gap_B3000,R1,1385197443,1991832991,2151,Det/images/normal_train/01114540.png,0,04,easy_clean,0.0329946569,1.0,0.0199311662,normal_replay,GroupDiverse-Gap
RUN_131,TRIAD_044,A15_GroupDiverse-Gap_B3000,R1,1385197443,1991832991,2152,Det/images/normal_train/00577324.png,0,05,easy_clean,0.0368071981,1.0,0.0521470888,normal_replay,GroupDiverse-Gap
RUN_131,TRIAD_044,A15_GroupDiverse-Gap_B3000,R1,1385197443,1991832991,2153,Det/images/normal_train/01145434.png,0,06,easy_clean,0.0004883088,1.0,0.0007323743,normal_replay,GroupDiverse-Gap
RUN_131,TRIAD_044,A15_GroupDiverse-Gap_B3000,R1,1385197443,1991832991,2154,Det/images/normal_train/01040946.png,0,06,ordinary,0.0990440927,1.0,0.1051208734,normal_replay,GroupDiverse-Gap
RUN_131,TRIAD_044,A15_GroupDiverse-Gap_B3000,R1,1385197443,1991832991,2155,Det/images/normal_train/00527124.png,0,07,easy_clean,0.018378071,1.0,0.0217926451,normal_replay,GroupDiverse-Gap
RUN_131,TRIAD_044,A15_GroupDiverse-Gap_B3000,R1,1385197443,1991832991,2156,Det/images/normal_train/00319259.png,0,04,easy_clean,0.0500239845,1.0,0.0425880603,normal_replay,GroupDiverse-Gap
RUN_131,TRIAD_044,A15_GroupDiverse-Gap_B3000,R1,1385197443,1991832991,2157,Det/images/normal_train/01230820.png,0,01,easy_clean,0.0002771951,1.0,0.0013481352,normal_replay,GroupDiverse-Gap
RUN_131,TRIAD_044,A15_GroupDiverse-Gap_B3000,R1,1385197443,1991832991,2158,Det/images/normal_train/00814043.png,0,02,easy_clean,0.0167211165,1.0,0.0213095758,normal_replay,GroupDiverse-Gap
RUN_131,TRIAD_044,A15_GroupDiverse-Gap_B3000,R1,1385197443,1991832991,2159,Det/images/normal_train/01190203.png,0,02,easy_clean,0.0915074033,1.0,0.0376568856,normal_replay,GroupDiverse-Gap
RUN_131,TRIAD_044,A15_GroupDiverse-Gap_B3000,R1,1385197443,1991832991,2160,Det/images/normal_train/00916303.png,0,00,unstable_boundary,0.4087756886,0.575,0.1637366288,normal_replay,GroupDiverse-Gap
RUN_131,TRIAD_044,A15_GroupDiverse-Gap_B3000,R1,1385197443,1991832991,2161,Det/images/normal_train/00970891.png,0,05,easy_clean,0.0028395363,1.0,0.0093774596,normal_replay,GroupDiverse-Gap
RUN_131,TRIAD_044,A15_GroupDiverse-Gap_B3000,R1,1385197443,1991832991,2162,Det/images/normal_train/00733554.png,0,07,easy_clean,0.0038396005,1.0,0.0080478722,normal_replay,GroupDiverse-Gap
RUN_131,TRIAD_044,A15_GroupDiverse-Gap_B3000,R1,1385197443,1991832991,2163,Det/images/normal_train/00902471.png,0,04,easy_clean,0.0034350988,1.0,0.0058554508,normal_replay,GroupDiverse-Gap
RUN_131,TRIAD_044,A15_GroupDiverse-Gap_B3000,R1,1385197443,1991832991,2164,Det/images/normal_train/00766635.png,0,07,easy_clean,0.0478536611,1.0,0.0358757549,normal_replay,GroupDiverse-Gap
RUN_131,TRIAD_044,A15_GroupDiverse-Gap_B3000,R1,1385197443,1991832991,2165,Det/images/normal_train/00977767.png,0,09,easy_clean,0.0652412955,1.0,0.0329163739,normal_replay,GroupDiverse-Gap
RUN_131,TRIAD_044,A15_GroupDiverse-Gap_B3000,R1,1385197443,1991832991,2166,Det/images/normal_train/00468881.png,0,06,easy_clean,0.0427965998,1.0,0.0306162546,normal_replay,GroupDiverse-Gap
RUN_131,TRIAD_044,A15_GroupDiverse-Gap_B3000,R1,1385197443,1991832991,2167,Det/images/normal_train/01078428.png,0,06,easy_clean,0.0058264327,1.0,0.0099712787,normal_replay,GroupDiverse-Gap
RUN_131,TRIAD_044,A15_GroupDiverse-Gap_B3000,R1,1385197443,1991832991,2168,Det/images/normal_train/00788261.png,0,03,easy_clean,0.002175939,1.0,0.002676553,normal_replay,GroupDiverse-Gap
RUN_131,TRIAD_044,A15_GroupDiverse-Gap_B3000,R1,1385197443,1991832991,2169,Det/images/normal_train/00251596.png,0,04,easy_clean,0.0016738687,1.0,0.0071153949,normal_replay,GroupDiverse-Gap
RUN_131,TRIAD_044,A15_GroupDiverse-Gap_B3000,R1,1385197443,1991832991,2170,Det/images/normal_train/00392363.png,0,08,easy_clean,0.0291691727,1.0,0.0341441892,normal_replay,GroupDiverse-Gap
RUN_131,TRIAD_044,A15_GroupDiverse-Gap_B3000,R1,1385197443,1991832991,2171,Det/images/normal_train/00920544.png,0,09,easy_clean,0.0081395859,1.0,0.0146381594,normal_replay,GroupDiverse-Gap
RUN_131,TRIAD_044,A15_GroupDiverse-Gap_B3000,R1,1385197443,1991832991,2172,Det/images/normal_train/00154144.png,0,04,easy_clean,0.0148078019,1.0,0.0164556784,normal_replay,GroupDiverse-Gap
RUN_131,TRIAD_044,A15_GroupDiverse-Gap_B3000,R1,1385197443,1991832991,2173,Det/images/normal_train/00517593.png,0,08,easy_clean,0.003239419,1.0,0.0058149147,normal_replay,GroupDiverse-Gap
RUN_131,TRIAD_044,A15_GroupDiverse-Gap_B3000,R1,1385197443,1991832991,2174,Det/images/normal_train/01260974.png,0,05,easy_clean,0.0709636926,1.0,0.0506017992,normal_replay,GroupDiverse-Gap
RUN_131,TRIAD_044,A15_GroupDiverse-Gap_B3000,R1,1385197443,1991832991,2175,Det/images/normal_train/00968844.png,0,09,easy_clean,0.0018178322,1.0,0.0059281341,normal_replay,GroupDiverse-Gap
RUN_131,TRIAD_044,A15_GroupDiverse-Gap_B3000,R1,1385197443,1991832991,2176,Det/images/normal_train/01233842.png,0,09,easy_clean,0.0154833095,1.0,0.0146963382,normal_replay,GroupDiverse-Gap
RUN_131,TRIAD_044,A15_GroupDiverse-Gap_B3000,R1,1385197443,1991832991,2177,Det/images/normal_train/00320344.png,0,01,easy_clean,0.027822693,1.0,0.0485862229,normal_replay,GroupDiverse-Gap
RUN_131,TRIAD_044,A15_GroupDiverse-Gap_B3000,R1,1385197443,1991832991,2178,Det/images/normal_train/01088485.png,0,00,persistent_hard,0.6183792355,0.36,0.2313386881,normal_replay,GroupDiverse-Gap
RUN_131,TRIAD_044,A15_GroupDiverse-Gap_B3000,R1,1385197443,1991832991,2179,Det/images/normal_train/01025884.png,0,01,easy_clean,0.0057785504,1.0,0.0060221738,normal_replay,GroupDiverse-Gap
RUN_131,TRIAD_044,A15_GroupDiverse-Gap_B3000,R1,1385197443,1991832991,2180,Det/images/normal_train/00768162.png,0,08,easy_clean,0.0049438049,1.0,0.0179715129,normal_replay,GroupDiverse-Gap
RUN_131,TRIAD_044,A15_GroupDiverse-Gap_B3000,R1,1385197443,1991832991,2181,Det/images/normal_train/01212826.png,0,02,easy_clean,0.0194343331,1.0,0.0150963793,normal_replay,GroupDiverse-Gap
RUN_131,TRIAD_044,A15_GroupDiverse-Gap_B3000,R1,1385197443,1991832991,2182,Det/images/normal_train/00541708.png,0,08,easy_clean,0.0699891531,1.0,0.0547510041,normal_replay,GroupDiverse-Gap
RUN_131,TRIAD_044,A15_GroupDiverse-Gap_B3000,R1,1385197443,1991832991,2183,Det/images/normal_train/00777963.png,0,08,easy_clean,0.0062192759,1.0,0.0108268491,normal_replay,GroupDiverse-Gap
RUN_131,TRIAD_044,A15_GroupDiverse-Gap_B3000,R1,1385197443,1991832991,2184,Det/images/normal_train/01081163.png,0,04,easy_clean,0.0233440097,1.0,0.0206515001,normal_replay,GroupDiverse-Gap
RUN_131,TRIAD_044,A15_GroupDiverse-Gap_B3000,R1,1385197443,1991832991,2185,Det/images/normal_train/00250194.png,0,09,easy_clean,0.0010525874,1.0,0.001441707,normal_replay,GroupDiverse-Gap
RUN_131,TRIAD_044,A15_GroupDiverse-Gap_B3000,R1,1385197443,1991832991,2186,Det/images/normal_train/00797803.png,0,06,easy_clean,0.0322430661,1.0,0.0240589229,normal_replay,GroupDiverse-Gap
RUN_131,TRIAD_044,A15_GroupDiverse-Gap_B3000,R1,1385197443,1991832991,2187,Det/images/normal_train/00791636.png,0,06,learnable_hard,0.0381598187,0.975,0.0972542469,normal_replay,GroupDiverse-Gap
RUN_131,TRIAD_044,A15_GroupDiverse-Gap_B3000,R1,1385197443,1991832991,2188,Det/images/normal_train/00533314.png,0,02,easy_clean,0.0029164507,1.0,0.0043363764,normal_replay,GroupDiverse-Gap
RUN_131,TRIAD_044,A15_GroupDiverse-Gap_B3000,R1,1385197443,1991832991,2189,Det/images/normal_train/01121971.png,0,02,easy_clean,0.0013121439,1.0,0.0017417823,normal_replay,GroupDiverse-Gap
RUN_131,TRIAD_044,A15_GroupDiverse-Gap_B3000,R1,1385197443,1991832991,2190,Det/images/normal_train/00215290.png,0,07,ordinary,0.2729298002,0.945,0.1396440725,normal_replay,GroupDiverse-Gap
RUN_131,TRIAD_044,A15_GroupDiverse-Gap_B3000,R1,1385197443,1991832991,2191,Det/images/normal_train/01224293.png,0,04,ordinary,0.1289580536,1.0,0.0818288621,normal_replay,GroupDiverse-Gap
RUN_131,TRIAD_044,A15_GroupDiverse-Gap_B3000,R1,1385197443,1991832991,2192,Det/images/normal_train/00240519.png,0,07,easy_clean,0.0698901844,1.0,0.0754313887,normal_replay,GroupDiverse-Gap
RUN_131,TRIAD_044,A15_GroupDiverse-Gap_B3000,R1,1385197443,1991832991,2193,Det/images/normal_train/00523730.png,0,00,easy_clean,0.0003908731,1.0,0.0008237003,normal_replay,GroupDiverse-Gap
RUN_131,TRIAD_044,A15_GroupDiverse-Gap_B3000,R1,1385197443,1991832991,2194,Det/images/normal_train/00218721.png,0,09,easy_clean,0.002226603,1.0,0.0076096045,normal_replay,GroupDiverse-Gap
RUN_131,TRIAD_044,A15_GroupDiverse-Gap_B3000,R1,1385197443,1991832991,2195,Det/images/normal_train/00907754.png,0,02,easy_clean,0.0024601832,1.0,0.0025970452,normal_replay,GroupDiverse-Gap
RUN_131,TRIAD_044,A15_GroupDiverse-Gap_B3000,R1,1385197443,1991832991,2196,Det/images/normal_train/00589313.png,0,03,learnable_hard,0.0109475919,0.995,0.0597372288,normal_replay,GroupDiverse-Gap
RUN_131,TRIAD_044,A15_GroupDiverse-Gap_B3000,R1,1385197443,1991832991,2197,Det/images/normal_train/01209918.png,0,08,persistent_hard,0.6386221711,0.11,0.104625777,normal_replay,GroupDiverse-Gap
RUN_131,TRIAD_044,A15_GroupDiverse-Gap_B3000,R1,1385197443,1991832991,2198,Det/images/normal_train/01295118.png,0,04,learnable_hard,0.2071506655,0.985,0.1139031592,normal_replay,GroupDiverse-Gap
RUN_131,TRIAD_044,A15_GroupDiverse-Gap_B3000,R1,1385197443,1991832991,2199,Det/images/normal_train/01265826.png,0,08,ordinary,0.1297001796,1.0,0.1207119712,normal_replay,GroupDiverse-Gap
RUN_131,TRIAD_044,A15_GroupDiverse-Gap_B3000,R1,1385197443,1991832991,2200,Det/images/normal_train/00814814.png,0,02,ordinary,0.1381692594,1.0,0.0793521554,normal_replay,GroupDiverse-Gap
RUN_131,TRIAD_044,A15_GroupDiverse-Gap_B3000,R1,1385197443,1991832991,2201,Det/images/normal_train/00180559.png,0,08,easy_clean,0.0141986373,1.0,0.0143535049,normal_replay,GroupDiverse-Gap
RUN_131,TRIAD_044,A15_GroupDiverse-Gap_B3000,R1,1385197443,1991832991,2202,Det/images/normal_train/00679911.png,0,07,easy_clean,0.0044752661,1.0,0.0299284004,normal_replay,GroupDiverse-Gap
RUN_131,TRIAD_044,A15_GroupDiverse-Gap_B3000,R1,1385197443,1991832991,2203,Det/images/normal_train/00770933.png,0,02,easy_clean,0.0002651797,1.0,0.0009687325,normal_replay,GroupDiverse-Gap
RUN_131,TRIAD_044,A15_GroupDiverse-Gap_B3000,R1,1385197443,1991832991,2204,Det/images/normal_train/00770860.png,0,02,learnable_hard,0.0167834303,0.99,0.0805120291,normal_replay,GroupDiverse-Gap
RUN_131,TRIAD_044,A15_GroupDiverse-Gap_B3000,R1,1385197443,1991832991,2205,Det/images/normal_train/00211483.png,0,06,easy_clean,0.0106533712,1.0,0.0281542678,normal_replay,GroupDiverse-Gap
RUN_131,TRIAD_044,A15_GroupDiverse-Gap_B3000,R1,1385197443,1991832991,2206,Det/images/normal_train/00291797.png,0,04,easy_clean,0.004143869,1.0,0.0066934485,normal_replay,GroupDiverse-Gap
RUN_131,TRIAD_044,A15_GroupDiverse-Gap_B3000,R1,1385197443,1991832991,2207,Det/images/normal_train/01230725.png,0,01,easy_clean,0.001567928,1.0,0.0076642942,normal_replay,GroupDiverse-Gap
RUN_131,TRIAD_044,A15_GroupDiverse-Gap_B3000,R1,1385197443,1991832991,2208,Det/images/normal_train/01132930.png,0,07,ordinary,0.2237217766,0.825,0.2950849815,normal_replay,GroupDiverse-Gap
RUN_131,TRIAD_044,A15_GroupDiverse-Gap_B3000,R1,1385197443,1991832991,2209,Det/images/normal_train/00523483.png,0,00,easy_clean,0.0018104825,1.0,0.0021673415,normal_replay,GroupDiverse-Gap
RUN_131,TRIAD_044,A15_GroupDiverse-Gap_B3000,R1,1385197443,1991832991,2210,Det/images/normal_train/00973807.png,0,05,easy_clean,0.0007069877,1.0,0.0010705972,normal_replay,GroupDiverse-Gap
RUN_131,TRIAD_044,A15_GroupDiverse-Gap_B3000,R1,1385197443,1991832991,2211,Det/images/normal_train/00700586.png,0,09,persistent_hard,0.7275800332,0.115,0.1555490806,normal_replay,GroupDiverse-Gap
RUN_131,TRIAD_044,A15_GroupDiverse-Gap_B3000,R1,1385197443,1991832991,2212,Det/images/normal_train/00776823.png,0,06,easy_clean,0.0064776251,1.0,0.0225912132,normal_replay,GroupDiverse-Gap
RUN_131,TRIAD_044,A15_GroupDiverse-Gap_B3000,R1,1385197443,1991832991,2213,Det/images/normal_train/01131787.png,0,01,ordinary,0.1230964859,1.0,0.085440516,normal_replay,GroupDiverse-Gap
RUN_131,TRIAD_044,A15_GroupDiverse-Gap_B3000,R1,1385197443,1991832991,2214,Det/images/normal_train/01060124.png,0,01,easy_clean,0.0025916758,1.0,0.0044390811,normal_replay,GroupDiverse-Gap
RUN_131,TRIAD_044,A15_GroupDiverse-Gap_B3000,R1,1385197443,1991832991,2215,Det/images/normal_train/00365878.png,0,00,ordinary,0.4315055489,0.77,0.2112184972,normal_replay,GroupDiverse-Gap
RUN_131,TRIAD_044,A15_GroupDiverse-Gap_B3000,R1,1385197443,1991832991,2216,Det/images/normal_train/00842967.png,0,06,easy_clean,0.0011945352,1.0,0.0031654616,normal_replay,GroupDiverse-Gap
RUN_131,TRIAD_044,A15_GroupDiverse-Gap_B3000,R1,1385197443,1991832991,2217,Det/images/normal_train/00263753.png,0,07,easy_clean,0.0020207167,1.0,0.0022728286,normal_replay,GroupDiverse-Gap
RUN_131,TRIAD_044,A15_GroupDiverse-Gap_B3000,R1,1385197443,1991832991,2218,Det/images/normal_train/00262069.png,0,04,easy_clean,0.0034025457,1.0,0.0091523942,normal_replay,GroupDiverse-Gap
RUN_131,TRIAD_044,A15_GroupDiverse-Gap_B3000,R1,1385197443,1991832991,2219,Det/images/normal_train/00969389.png,0,04,ordinary,0.1851652419,1.0,0.1136068884,normal_replay,GroupDiverse-Gap
RUN_131,TRIAD_044,A15_GroupDiverse-Gap_B3000,R1,1385197443,1991832991,2220,Det/images/normal_train/01028612.png,0,06,easy_clean,0.0135539002,1.0,0.0098048295,normal_replay,GroupDiverse-Gap
RUN_131,TRIAD_044,A15_GroupDiverse-Gap_B3000,R1,1385197443,1991832991,2221,Det/images/normal_train/01229469.png,0,00,easy_clean,0.0033162598,1.0,0.0038073297,normal_replay,GroupDiverse-Gap
RUN_131,TRIAD_044,A15_GroupDiverse-Gap_B3000,R1,1385197443,1991832991,2222,Det/images/normal_train/00898635.png,0,09,learnable_hard,0.0735055395,0.995,0.0653713609,normal_replay,GroupDiverse-Gap
RUN_131,TRIAD_044,A15_GroupDiverse-Gap_B3000,R1,1385197443,1991832991,2223,Det/images/normal_train/00583367.png,0,03,easy_clean,0.0025648724,1.0,0.0133193412,normal_replay,GroupDiverse-Gap
RUN_131,TRIAD_044,A15_GroupDiverse-Gap_B3000,R1,1385197443,1991832991,2224,Det/images/normal_train/00558781.png,0,06,easy_clean,0.0380771255,1.0,0.0637304305,normal_replay,GroupDiverse-Gap
RUN_131,TRIAD_044,A15_GroupDiverse-Gap_B3000,R1,1385197443,1991832991,2225,Det/images/normal_train/00663350.png,0,08,easy_clean,0.0031320806,1.0,0.0089699302,normal_replay,GroupDiverse-Gap
RUN_131,TRIAD_044,A15_GroupDiverse-Gap_B3000,R1,1385197443,1991832991,2226,Det/images/normal_train/01279030.png,0,06,easy_clean,0.0516532609,1.0,0.0625370177,normal_replay,GroupDiverse-Gap
RUN_131,TRIAD_044,A15_GroupDiverse-Gap_B3000,R1,1385197443,1991832991,2227,Det/images/normal_train/01043363.png,0,00,easy_clean,0.0273168383,1.0,0.034711932,normal_replay,GroupDiverse-Gap
RUN_131,TRIAD_044,A15_GroupDiverse-Gap_B3000,R1,1385197443,1991832991,2228,Det/images/normal_train/00826339.png,0,03,easy_clean,0.0020443756,1.0,0.0070116294,normal_replay,GroupDiverse-Gap
RUN_131,TRIAD_044,A15_GroupDiverse-Gap_B3000,R1,1385197443,1991832991,2229,Det/images/normal_train/00997435.png,0,08,easy_clean,0.0034749863,1.0,0.0063717122,normal_replay,GroupDiverse-Gap
RUN_131,TRIAD_044,A15_GroupDiverse-Gap_B3000,R1,1385197443,1991832991,2230,Det/images/normal_train/00405185.png,0,05,easy_clean,0.0101407367,1.0,0.0079027424,normal_replay,GroupDiverse-Gap
RUN_131,TRIAD_044,A15_GroupDiverse-Gap_B3000,R1,1385197443,1991832991,2231,Det/images/normal_train/01195471.png,0,03,easy_clean,0.0331729946,1.0,0.0355074026,normal_replay,GroupDiverse-Gap
RUN_131,TRIAD_044,A15_GroupDiverse-Gap_B3000,R1,1385197443,1991832991,2232,Det/images/normal_train/01118781.png,0,02,easy_clean,0.006925514,1.0,0.0174704804,normal_replay,GroupDiverse-Gap
RUN_131,TRIAD_044,A15_GroupDiverse-Gap_B3000,R1,1385197443,1991832991,2233,Det/images/normal_train/00245586.png,0,08,easy_clean,0.0019901522,1.0,0.0027773531,normal_replay,GroupDiverse-Gap
RUN_131,TRIAD_044,A15_GroupDiverse-Gap_B3000,R1,1385197443,1991832991,2234,Det/images/normal_train/00181219.png,0,09,easy_clean,0.0033676475,1.0,0.0045006686,normal_replay,GroupDiverse-Gap
RUN_131,TRIAD_044,A15_GroupDiverse-Gap_B3000,R1,1385197443,1991832991,2235,Det/images/normal_train/01203104.png,0,05,easy_clean,0.0015579506,1.0,0.0030455425,normal_replay,GroupDiverse-Gap
RUN_131,TRIAD_044,A15_GroupDiverse-Gap_B3000,R1,1385197443,1991832991,2236,Det/images/normal_train/00252545.png,0,08,easy_clean,0.0082000958,1.0,0.0174691495,normal_replay,GroupDiverse-Gap
RUN_131,TRIAD_044,A15_GroupDiverse-Gap_B3000,R1,1385197443,1991832991,2237,Det/images/normal_train/01054666.png,0,00,easy_clean,0.0537234996,1.0,0.0502321141,normal_replay,GroupDiverse-Gap
RUN_131,TRIAD_044,A15_GroupDiverse-Gap_B3000,R1,1385197443,1991832991,2238,Det/images/normal_train/01292284.png,0,07,easy_clean,0.0287136409,1.0,0.039857273,normal_replay,GroupDiverse-Gap
RUN_131,TRIAD_044,A15_GroupDiverse-Gap_B3000,R1,1385197443,1991832991,2239,Det/images/normal_train/00825750.png,0,02,easy_clean,4.11286e-05,1.0,7.49882e-05,normal_replay,GroupDiverse-Gap
RUN_131,TRIAD_044,A15_GroupDiverse-Gap_B3000,R1,1385197443,1991832991,2240,Det/images/normal_train/00218284.png,0,09,easy_clean,0.0007597845,1.0,0.0011448519,normal_replay,GroupDiverse-Gap
RUN_131,TRIAD_044,A15_GroupDiverse-Gap_B3000,R1,1385197443,1991832991,2241,Det/images/normal_train/01166453.png,0,08,unstable_boundary,0.4052997226,0.695,0.1335794784,normal_replay,GroupDiverse-Gap
RUN_131,TRIAD_044,A15_GroupDiverse-Gap_B3000,R1,1385197443,1991832991,2242,Det/images/normal_train/01051820.png,0,06,easy_clean,0.0049608234,1.0,0.0074715901,normal_replay,GroupDiverse-Gap
RUN_131,TRIAD_044,A15_GroupDiverse-Gap_B3000,R1,1385197443,1991832991,2243,Det/images/normal_train/00654291.png,0,02,easy_clean,0.0018640109,1.0,0.0021516705,normal_replay,GroupDiverse-Gap
RUN_131,TRIAD_044,A15_GroupDiverse-Gap_B3000,R1,1385197443,1991832991,2244,Det/images/normal_train/00596537.png,0,02,easy_clean,0.0200506131,1.0,0.0193373656,normal_replay,GroupDiverse-Gap
RUN_131,TRIAD_044,A15_GroupDiverse-Gap_B3000,R1,1385197443,1991832991,2245,Det/images/normal_train/00277714.png,0,04,learnable_hard,0.0182176822,0.995,0.0577502272,normal_replay,GroupDiverse-Gap
RUN_131,TRIAD_044,A15_GroupDiverse-Gap_B3000,R1,1385197443,1991832991,2246,Det/images/normal_train/00847738.png,0,04,easy_clean,0.0163155183,1.0,0.0209878402,normal_replay,GroupDiverse-Gap
RUN_131,TRIAD_044,A15_GroupDiverse-Gap_B3000,R1,1385197443,1991832991,2247,Det/images/normal_train/00931732.png,0,02,easy_clean,0.0179000599,1.0,0.0258585966,normal_replay,GroupDiverse-Gap
RUN_131,TRIAD_044,A15_GroupDiverse-Gap_B3000,R1,1385197443,1991832991,2248,Det/images/normal_train/00711034.png,0,08,easy_clean,0.0284512676,1.0,0.054423829,normal_replay,GroupDiverse-Gap
RUN_131,TRIAD_044,A15_GroupDiverse-Gap_B3000,R1,1385197443,1991832991,2249,Det/images/normal_train/00669386.png,0,08,easy_clean,0.008673514,1.0,0.0366709579,normal_replay,GroupDiverse-Gap
RUN_131,TRIAD_044,A15_GroupDiverse-Gap_B3000,R1,1385197443,1991832991,2250,Det/images/normal_train/00815229.png,0,08,easy_clean,0.0436493571,1.0,0.0455581675,normal_replay,GroupDiverse-Gap
RUN_131,TRIAD_044,A15_GroupDiverse-Gap_B3000,R1,1385197443,1991832991,2251,Det/images/normal_train/00828885.png,0,08,easy_clean,0.0012293016,1.0,0.0020677655,normal_replay,GroupDiverse-Gap
RUN_131,TRIAD_044,A15_GroupDiverse-Gap_B3000,R1,1385197443,1991832991,2252,Det/images/normal_train/00218978.png,0,09,easy_clean,0.0062235745,1.0,0.0131358111,normal_replay,GroupDiverse-Gap
RUN_131,TRIAD_044,A15_GroupDiverse-Gap_B3000,R1,1385197443,1991832991,2253,Det/images/normal_train/01085448.png,0,07,easy_clean,0.0279537834,1.0,0.0391425327,normal_replay,GroupDiverse-Gap
RUN_131,TRIAD_044,A15_GroupDiverse-Gap_B3000,R1,1385197443,1991832991,2254,Det/images/normal_train/00266833.png,0,01,easy_clean,0.0002602138,1.0,0.0005087542,normal_replay,GroupDiverse-Gap
RUN_131,TRIAD_044,A15_GroupDiverse-Gap_B3000,R1,1385197443,1991832991,2255,Det/images/normal_train/00296708.png,0,01,easy_clean,0.0083901984,1.0,0.0236796418,normal_replay,GroupDiverse-Gap
RUN_131,TRIAD_044,A15_GroupDiverse-Gap_B3000,R1,1385197443,1991832991,2256,Det/images/normal_train/00563409.png,0,06,easy_clean,0.0023427127,1.0,0.0041218663,normal_replay,GroupDiverse-Gap
RUN_131,TRIAD_044,A15_GroupDiverse-Gap_B3000,R1,1385197443,1991832991,2257,Det/images/normal_train/00931803.png,0,02,easy_clean,0.0292731886,1.0,0.0327375983,normal_replay,GroupDiverse-Gap
RUN_131,TRIAD_044,A15_GroupDiverse-Gap_B3000,R1,1385197443,1991832991,2258,Det/images/normal_train/00267878.png,0,07,easy_clean,0.0068402327,1.0,0.0177329047,normal_replay,GroupDiverse-Gap
RUN_131,TRIAD_044,A15_GroupDiverse-Gap_B3000,R1,1385197443,1991832991,2259,Det/images/normal_train/00148126.png,0,03,easy_clean,0.005890161,1.0,0.0104755919,normal_replay,GroupDiverse-Gap
RUN_131,TRIAD_044,A15_GroupDiverse-Gap_B3000,R1,1385197443,1991832991,2260,Det/images/normal_train/01164716.png,0,08,easy_clean,0.0050731139,1.0,0.0053930638,normal_replay,GroupDiverse-Gap
RUN_131,TRIAD_044,A15_GroupDiverse-Gap_B3000,R1,1385197443,1991832991,2261,Det/images/normal_train/00506718.png,0,09,learnable_hard,0.1488314174,0.995,0.0774493917,normal_replay,GroupDiverse-Gap
RUN_131,TRIAD_044,A15_GroupDiverse-Gap_B3000,R1,1385197443,1991832991,2262,Det/images/normal_train/00557726.png,0,01,easy_clean,0.0061724184,1.0,0.0232785013,normal_replay,GroupDiverse-Gap
RUN_131,TRIAD_044,A15_GroupDiverse-Gap_B3000,R1,1385197443,1991832991,2263,Det/images/normal_train/00297305.png,0,08,easy_clean,0.0547879337,1.0,0.0519818571,normal_replay,GroupDiverse-Gap
RUN_131,TRIAD_044,A15_GroupDiverse-Gap_B3000,R1,1385197443,1991832991,2264,Det/images/normal_train/00778069.png,0,02,unstable_boundary,0.3894219998,0.9,0.0965932434,normal_replay,GroupDiverse-Gap
RUN_131,TRIAD_044,A15_GroupDiverse-Gap_B3000,R1,1385197443,1991832991,2265,Det/images/normal_train/00523084.png,0,00,easy_clean,0.0029607721,1.0,0.008304806,normal_replay,GroupDiverse-Gap
RUN_131,TRIAD_044,A15_GroupDiverse-Gap_B3000,R1,1385197443,1991832991,2266,Det/images/normal_train/00191175.png,0,08,learnable_hard,0.0331820417,0.995,0.0614727672,normal_replay,GroupDiverse-Gap
RUN_131,TRIAD_044,A15_GroupDiverse-Gap_B3000,R1,1385197443,1991832991,2267,Det/images/normal_train/00335031.png,0,07,easy_clean,0.0199730189,1.0,0.0292990638,normal_replay,GroupDiverse-Gap
RUN_131,TRIAD_044,A15_GroupDiverse-Gap_B3000,R1,1385197443,1991832991,2268,Det/images/normal_train/01039994.png,0,01,easy_clean,0.0220007259,1.0,0.0253240884,normal_replay,GroupDiverse-Gap
RUN_131,TRIAD_044,A15_GroupDiverse-Gap_B3000,R1,1385197443,1991832991,2269,Det/images/normal_train/00253581.png,0,09,easy_clean,0.001149296,1.0,0.0016863193,normal_replay,GroupDiverse-Gap
RUN_131,TRIAD_044,A15_GroupDiverse-Gap_B3000,R1,1385197443,1991832991,2270,Det/images/normal_train/00231818.png,0,08,easy_clean,0.0045172812,1.0,0.0063826116,normal_replay,GroupDiverse-Gap
RUN_131,TRIAD_044,A15_GroupDiverse-Gap_B3000,R1,1385197443,1991832991,2271,Det/images/normal_train/00897017.png,0,00,easy_clean,0.0047257649,1.0,0.0212455427,normal_replay,GroupDiverse-Gap
RUN_131,TRIAD_044,A15_GroupDiverse-Gap_B3000,R1,1385197443,1991832991,2272,Det/images/normal_train/00534144.png,0,03,easy_clean,0.0014747749,1.0,0.0079268877,normal_replay,GroupDiverse-Gap
RUN_131,TRIAD_044,A15_GroupDiverse-Gap_B3000,R1,1385197443,1991832991,2273,Det/images/normal_train/01236556.png,0,06,easy_clean,0.0574771571,1.0,0.0309404691,normal_replay,GroupDiverse-Gap
RUN_131,TRIAD_044,A15_GroupDiverse-Gap_B3000,R1,1385197443,1991832991,2274,Det/images/normal_train/01246750.png,0,01,easy_clean,0.0003056926,1.0,0.0005286907,normal_replay,GroupDiverse-Gap
RUN_131,TRIAD_044,A15_GroupDiverse-Gap_B3000,R1,1385197443,1991832991,2275,Det/images/normal_train/01246265.png,0,01,easy_clean,0.0040560695,1.0,0.0054340284,normal_replay,GroupDiverse-Gap
RUN_131,TRIAD_044,A15_GroupDiverse-Gap_B3000,R1,1385197443,1991832991,2276,Det/images/normal_train/00425070.png,0,02,easy_clean,0.0631608124,1.0,0.060848391,normal_replay,GroupDiverse-Gap
RUN_131,TRIAD_044,A15_GroupDiverse-Gap_B3000,R1,1385197443,1991832991,2277,Det/images/normal_train/01280646.png,0,03,easy_clean,0.006637895,1.0,0.0183591175,normal_replay,GroupDiverse-Gap
RUN_131,TRIAD_044,A15_GroupDiverse-Gap_B3000,R1,1385197443,1991832991,2278,Det/images/normal_train/01294750.png,0,05,easy_clean,0.0671246358,1.0,0.0708278265,normal_replay,GroupDiverse-Gap
RUN_131,TRIAD_044,A15_GroupDiverse-Gap_B3000,R1,1385197443,1991832991,2279,Det/images/normal_train/01185787.png,0,02,easy_clean,0.0090548142,1.0,0.012229394,normal_replay,GroupDiverse-Gap
RUN_131,TRIAD_044,A15_GroupDiverse-Gap_B3000,R1,1385197443,1991832991,2280,Det/images/normal_train/01119936.png,0,01,ordinary,0.2568102109,1.0,0.1033168853,normal_replay,GroupDiverse-Gap
RUN_131,TRIAD_044,A15_GroupDiverse-Gap_B3000,R1,1385197443,1991832991,2281,Det/images/normal_train/00766323.png,0,07,easy_clean,0.0041651477,1.0,0.0180044983,normal_replay,GroupDiverse-Gap
RUN_131,TRIAD_044,A15_GroupDiverse-Gap_B3000,R1,1385197443,1991832991,2282,Det/images/normal_train/00471037.png,0,00,easy_clean,0.0033006191,1.0,0.0050721477,normal_replay,GroupDiverse-Gap
RUN_131,TRIAD_044,A15_GroupDiverse-Gap_B3000,R1,1385197443,1991832991,2283,Det/images/normal_train/00391910.png,0,02,easy_clean,0.0323617819,1.0,0.0330121911,normal_replay,GroupDiverse-Gap
RUN_131,TRIAD_044,A15_GroupDiverse-Gap_B3000,R1,1385197443,1991832991,2284,Det/images/normal_train/01293171.png,0,08,easy_clean,0.0083173344,1.0,0.0205098547,normal_replay,GroupDiverse-Gap
RUN_131,TRIAD_044,A15_GroupDiverse-Gap_B3000,R1,1385197443,1991832991,2285,Det/images/normal_train/00857161.png,0,01,easy_clean,0.006938862,1.0,0.0116393024,normal_replay,GroupDiverse-Gap
RUN_131,TRIAD_044,A15_GroupDiverse-Gap_B3000,R1,1385197443,1991832991,2286,Det/images/normal_train/01002966.png,0,06,easy_clean,0.0061712099,1.0,0.0067973563,normal_replay,GroupDiverse-Gap
RUN_131,TRIAD_044,A15_GroupDiverse-Gap_B3000,R1,1385197443,1991832991,2287,Det/images/normal_train/00384501.png,0,08,learnable_hard,0.1553646095,0.995,0.1345296558,normal_replay,GroupDiverse-Gap
RUN_131,TRIAD_044,A15_GroupDiverse-Gap_B3000,R1,1385197443,1991832991,2288,Det/images/normal_train/00535912.png,0,02,easy_clean,0.0101958562,1.0,0.0274258035,normal_replay,GroupDiverse-Gap
RUN_131,TRIAD_044,A15_GroupDiverse-Gap_B3000,R1,1385197443,1991832991,2289,Det/images/normal_train/00536187.png,0,02,easy_clean,0.0106830399,1.0,0.0150405738,normal_replay,GroupDiverse-Gap
RUN_131,TRIAD_044,A15_GroupDiverse-Gap_B3000,R1,1385197443,1991832991,2290,Det/images/normal_train/00844471.png,0,00,easy_clean,0.0003824811,1.0,0.0006548981,normal_replay,GroupDiverse-Gap
RUN_131,TRIAD_044,A15_GroupDiverse-Gap_B3000,R1,1385197443,1991832991,2291,Det/images/normal_train/00627524.png,0,03,easy_clean,0.0410298923,1.0,0.0376180595,normal_replay,GroupDiverse-Gap
RUN_131,TRIAD_044,A15_GroupDiverse-Gap_B3000,R1,1385197443,1991832991,2292,Det/images/normal_train/00566367.png,0,07,learnable_hard,0.0645363974,0.995,0.0741500457,normal_replay,GroupDiverse-Gap
RUN_131,TRIAD_044,A15_GroupDiverse-Gap_B3000,R1,1385197443,1991832991,2293,Det/images/normal_train/01233814.png,0,09,learnable_hard,0.0911246288,0.995,0.082746478,normal_replay,GroupDiverse-Gap
RUN_131,TRIAD_044,A15_GroupDiverse-Gap_B3000,R1,1385197443,1991832991,2294,Det/images/normal_train/00211848.png,0,06,easy_clean,0.0386199288,1.0,0.0443039751,normal_replay,GroupDiverse-Gap
RUN_131,TRIAD_044,A15_GroupDiverse-Gap_B3000,R1,1385197443,1991832991,2295,Det/images/normal_train/00550734.png,0,08,easy_clean,0.0213783718,1.0,0.0449140129,normal_replay,GroupDiverse-Gap
RUN_131,TRIAD_044,A15_GroupDiverse-Gap_B3000,R1,1385197443,1991832991,2296,Det/images/normal_train/01040624.png,0,06,ordinary,0.1013862076,1.0,0.058488775,normal_replay,GroupDiverse-Gap
RUN_131,TRIAD_044,A15_GroupDiverse-Gap_B3000,R1,1385197443,1991832991,2297,Det/images/normal_train/01118141.png,0,02,learnable_hard,0.319772275,0.88,0.1643854909,normal_replay,GroupDiverse-Gap
RUN_131,TRIAD_044,A15_GroupDiverse-Gap_B3000,R1,1385197443,1991832991,2298,Det/images/normal_train/01189270.png,0,05,easy_clean,0.0783206588,1.0,0.025885547,normal_replay,GroupDiverse-Gap
RUN_131,TRIAD_044,A15_GroupDiverse-Gap_B3000,R1,1385197443,1991832991,2299,Det/images/normal_train/00282876.png,0,04,easy_clean,0.0838684824,1.0,0.0679018795,normal_replay,GroupDiverse-Gap
RUN_131,TRIAD_044,A15_GroupDiverse-Gap_B3000,R1,1385197443,1991832991,2300,Det/images/normal_train/00480239.png,0,07,easy_clean,0.0011626573,1.0,0.0014988467,normal_replay,GroupDiverse-Gap
RUN_131,TRIAD_044,A15_GroupDiverse-Gap_B3000,R1,1385197443,1991832991,2301,Det/images/normal_train/00335402.png,0,07,easy_clean,0.0027663507,1.0,0.0044836235,normal_replay,GroupDiverse-Gap
RUN_131,TRIAD_044,A15_GroupDiverse-Gap_B3000,R1,1385197443,1991832991,2302,Det/images/normal_train/00537627.png,0,09,easy_clean,0.0004075575,1.0,0.0006525724,normal_replay,GroupDiverse-Gap
RUN_131,TRIAD_044,A15_GroupDiverse-Gap_B3000,R1,1385197443,1991832991,2303,Det/images/normal_train/00564892.png,0,04,easy_clean,0.000832549,1.0,0.0016677739,normal_replay,GroupDiverse-Gap
RUN_131,TRIAD_044,A15_GroupDiverse-Gap_B3000,R1,1385197443,1991832991,2304,Det/images/normal_train/00342148.png,0,02,easy_clean,0.0057590381,1.0,0.0103435326,normal_replay,GroupDiverse-Gap
RUN_131,TRIAD_044,A15_GroupDiverse-Gap_B3000,R1,1385197443,1991832991,2305,Det/images/normal_train/00374114.png,0,06,easy_clean,0.0010041958,1.0,0.0014667054,normal_replay,GroupDiverse-Gap
RUN_131,TRIAD_044,A15_GroupDiverse-Gap_B3000,R1,1385197443,1991832991,2306,Det/images/normal_train/01275376.png,0,06,easy_clean,0.0182363282,1.0,0.0124670196,normal_replay,GroupDiverse-Gap
RUN_131,TRIAD_044,A15_GroupDiverse-Gap_B3000,R1,1385197443,1991832991,2307,Det/images/normal_train/00440515.png,0,07,unstable_boundary,0.463684453,0.66,0.1031649912,normal_replay,GroupDiverse-Gap
RUN_131,TRIAD_044,A15_GroupDiverse-Gap_B3000,R1,1385197443,1991832991,2308,Det/images/normal_train/01158053.png,0,00,easy_clean,0.0115511813,1.0,0.0206360082,normal_replay,GroupDiverse-Gap
RUN_131,TRIAD_044,A15_GroupDiverse-Gap_B3000,R1,1385197443,1991832991,2309,Det/images/normal_train/01298120.png,0,00,easy_clean,0.020197725,1.0,0.0321358175,normal_replay,GroupDiverse-Gap
RUN_131,TRIAD_044,A15_GroupDiverse-Gap_B3000,R1,1385197443,1991832991,2310,Det/images/normal_train/00533936.png,0,02,easy_clean,0.0001298559,1.0,0.0001926949,normal_replay,GroupDiverse-Gap
RUN_131,TRIAD_044,A15_GroupDiverse-Gap_B3000,R1,1385197443,1991832991,2311,Det/images/normal_train/00503151.png,0,03,easy_clean,0.0316118863,1.0,0.0320621854,normal_replay,GroupDiverse-Gap
RUN_131,TRIAD_044,A15_GroupDiverse-Gap_B3000,R1,1385197443,1991832991,2312,Det/images/normal_train/00621439.png,0,07,easy_clean,0.0040452465,1.0,0.0049305018,normal_replay,GroupDiverse-Gap
RUN_131,TRIAD_044,A15_GroupDiverse-Gap_B3000,R1,1385197443,1991832991,2313,Det/images/normal_train/00648312.png,0,05,easy_clean,0.0535079362,1.0,0.0579458452,normal_replay,GroupDiverse-Gap
RUN_131,TRIAD_044,A15_GroupDiverse-Gap_B3000,R1,1385197443,1991832991,2314,Det/images/normal_train/00850110.png,0,07,easy_clean,0.0008821151,1.0,0.0022107491,normal_replay,GroupDiverse-Gap
RUN_131,TRIAD_044,A15_GroupDiverse-Gap_B3000,R1,1385197443,1991832991,2315,Det/images/normal_train/00245724.png,0,08,easy_clean,0.0042201025,1.0,0.0061140055,normal_replay,GroupDiverse-Gap
RUN_131,TRIAD_044,A15_GroupDiverse-Gap_B3000,R1,1385197443,1991832991,2316,Det/images/normal_train/01096891.png,0,06,learnable_hard,0.3149729754,0.9,0.1497150385,normal_replay,GroupDiverse-Gap
RUN_131,TRIAD_044,A15_GroupDiverse-Gap_B3000,R1,1385197443,1991832991,2317,Det/images/normal_train/00190106.png,0,09,easy_clean,0.0062773883,1.0,0.0090597056,normal_replay,GroupDiverse-Gap
RUN_131,TRIAD_044,A15_GroupDiverse-Gap_B3000,R1,1385197443,1991832991,2318,Det/images/normal_train/00221972.png,0,00,easy_clean,0.0402077317,1.0,0.0352011119,normal_replay,GroupDiverse-Gap
RUN_131,TRIAD_044,A15_GroupDiverse-Gap_B3000,R1,1385197443,1991832991,2319,Det/images/normal_train/00968300.png,0,09,easy_clean,0.0027790797,1.0,0.0130920243,normal_replay,GroupDiverse-Gap
RUN_131,TRIAD_044,A15_GroupDiverse-Gap_B3000,R1,1385197443,1991832991,2320,Det/images/normal_train/01210690.png,0,01,easy_clean,0.0321653324,1.0,0.0378772387,normal_replay,GroupDiverse-Gap
RUN_131,TRIAD_044,A15_GroupDiverse-Gap_B3000,R1,1385197443,1991832991,2321,Det/images/normal_train/01040344.png,0,06,easy_clean,0.0931059408,1.0,0.0526321043,normal_replay,GroupDiverse-Gap
RUN_131,TRIAD_044,A15_GroupDiverse-Gap_B3000,R1,1385197443,1991832991,2322,Det/images/normal_train/01170527.png,0,09,learnable_hard,0.1425376353,0.975,0.1074758839,normal_replay,GroupDiverse-Gap
RUN_131,TRIAD_044,A15_GroupDiverse-Gap_B3000,R1,1385197443,1991832991,2323,Det/images/normal_train/00531024.png,0,04,easy_clean,0.0037325101,1.0,0.0037492067,normal_replay,GroupDiverse-Gap
RUN_131,TRIAD_044,A15_GroupDiverse-Gap_B3000,R1,1385197443,1991832991,2324,Det/images/normal_train/00411194.png,0,06,easy_clean,0.0032977554,1.0,0.0041340971,normal_replay,GroupDiverse-Gap
RUN_131,TRIAD_044,A15_GroupDiverse-Gap_B3000,R1,1385197443,1991832991,2325,Det/images/normal_train/00346456.png,0,07,easy_clean,0.004021382,1.0,0.0051346511,normal_replay,GroupDiverse-Gap
RUN_131,TRIAD_044,A15_GroupDiverse-Gap_B3000,R1,1385197443,1991832991,2326,Det/images/normal_train/01177887.png,0,01,easy_clean,0.0289736267,1.0,0.0523813624,normal_replay,GroupDiverse-Gap
RUN_131,TRIAD_044,A15_GroupDiverse-Gap_B3000,R1,1385197443,1991832991,2327,Det/images/normal_train/00265359.png,0,05,easy_clean,0.0210677853,1.0,0.0337934017,normal_replay,GroupDiverse-Gap
RUN_131,TRIAD_044,A15_GroupDiverse-Gap_B3000,R1,1385197443,1991832991,2328,Det/images/normal_train/00800106.png,0,05,easy_clean,0.0004667218,1.0,0.0011757399,normal_replay,GroupDiverse-Gap
RUN_131,TRIAD_044,A15_GroupDiverse-Gap_B3000,R1,1385197443,1991832991,2329,Det/images/normal_train/00810183.png,0,09,easy_clean,0.0495995113,1.0,0.0391392555,normal_replay,GroupDiverse-Gap
RUN_131,TRIAD_044,A15_GroupDiverse-Gap_B3000,R1,1385197443,1991832991,2330,Det/images/normal_train/01013303.png,0,01,learnable_hard,0.0849509344,0.995,0.0701773359,normal_replay,GroupDiverse-Gap
RUN_131,TRIAD_044,A15_GroupDiverse-Gap_B3000,R1,1385197443,1991832991,2331,Det/images/normal_train/00225731.png,0,01,easy_clean,0.0018020248,1.0,0.0055448544,normal_replay,GroupDiverse-Gap
RUN_131,TRIAD_044,A15_GroupDiverse-Gap_B3000,R1,1385197443,1991832991,2332,Det/images/normal_train/00846351.png,0,01,easy_clean,0.0251312646,1.0,0.0448289318,normal_replay,GroupDiverse-Gap
RUN_131,TRIAD_044,A15_GroupDiverse-Gap_B3000,R1,1385197443,1991832991,2333,Det/images/normal_train/00529926.png,0,03,easy_clean,0.0006199091,1.0,0.0041655075,normal_replay,GroupDiverse-Gap
RUN_131,TRIAD_044,A15_GroupDiverse-Gap_B3000,R1,1385197443,1991832991,2334,Det/images/normal_train/01299976.png,0,03,easy_clean,0.0003049773,1.0,0.0008308236,normal_replay,GroupDiverse-Gap
RUN_131,TRIAD_044,A15_GroupDiverse-Gap_B3000,R1,1385197443,1991832991,2335,Det/images/normal_train/01036477.png,0,01,easy_clean,0.0185693727,1.0,0.0431096926,normal_replay,GroupDiverse-Gap
RUN_131,TRIAD_044,A15_GroupDiverse-Gap_B3000,R1,1385197443,1991832991,2336,Det/images/normal_train/00208910.png,0,01,easy_clean,0.0035740161,1.0,0.0054480998,normal_replay,GroupDiverse-Gap
RUN_131,TRIAD_044,A15_GroupDiverse-Gap_B3000,R1,1385197443,1991832991,2337,Det/images/normal_train/00421359.png,0,09,easy_clean,0.0258193362,1.0,0.0272115406,normal_replay,GroupDiverse-Gap
RUN_131,TRIAD_044,A15_GroupDiverse-Gap_B3000,R1,1385197443,1991832991,2338,Det/images/normal_train/00849720.png,0,05,easy_clean,0.0079100987,1.0,0.0136938686,normal_replay,GroupDiverse-Gap
RUN_131,TRIAD_044,A15_GroupDiverse-Gap_B3000,R1,1385197443,1991832991,2339,Det/images/normal_train/00944455.png,0,05,learnable_hard,0.1884216571,0.955,0.1428253585,normal_replay,GroupDiverse-Gap
RUN_131,TRIAD_044,A15_GroupDiverse-Gap_B3000,R1,1385197443,1991832991,2340,Det/images/normal_train/00583905.png,0,03,learnable_hard,0.1676702407,0.98,0.1224266588,normal_replay,GroupDiverse-Gap
RUN_131,TRIAD_044,A15_GroupDiverse-Gap_B3000,R1,1385197443,1991832991,2341,Det/images/normal_train/01027113.png,0,08,easy_clean,0.0033237094,1.0,0.0093554165,normal_replay,GroupDiverse-Gap
RUN_131,TRIAD_044,A15_GroupDiverse-Gap_B3000,R1,1385197443,1991832991,2342,Det/images/normal_train/01246412.png,0,01,ordinary,0.3468273679,0.7,0.2282898278,normal_replay,GroupDiverse-Gap
RUN_131,TRIAD_044,A15_GroupDiverse-Gap_B3000,R1,1385197443,1991832991,2343,Det/images/normal_train/01070268.png,0,06,easy_clean,0.0218319824,1.0,0.0240071424,normal_replay,GroupDiverse-Gap
RUN_131,TRIAD_044,A15_GroupDiverse-Gap_B3000,R1,1385197443,1991832991,2344,Det/images/normal_train/00534242.png,0,03,easy_clean,0.008576504,1.0,0.0179125466,normal_replay,GroupDiverse-Gap
RUN_131,TRIAD_044,A15_GroupDiverse-Gap_B3000,R1,1385197443,1991832991,2345,Det/images/normal_train/00514322.png,0,02,easy_clean,0.0011920294,1.0,0.0018597907,normal_replay,GroupDiverse-Gap
RUN_131,TRIAD_044,A15_GroupDiverse-Gap_B3000,R1,1385197443,1991832991,2346,Det/images/normal_train/00958835.png,0,05,learnable_hard,0.2576535388,0.915,0.163306784,normal_replay,GroupDiverse-Gap
RUN_131,TRIAD_044,A15_GroupDiverse-Gap_B3000,R1,1385197443,1991832991,2347,Det/images/normal_train/00887677.png,0,01,easy_clean,0.0032176327,1.0,0.0045768131,normal_replay,GroupDiverse-Gap
RUN_131,TRIAD_044,A15_GroupDiverse-Gap_B3000,R1,1385197443,1991832991,2348,Det/images/normal_train/00242321.png,0,01,easy_clean,0.0146187267,1.0,0.0164434489,normal_replay,GroupDiverse-Gap
RUN_131,TRIAD_044,A15_GroupDiverse-Gap_B3000,R1,1385197443,1991832991,2349,Det/images/normal_train/00944631.png,0,05,learnable_hard,0.1628626703,0.995,0.0479865541,normal_replay,GroupDiverse-Gap
RUN_131,TRIAD_044,A15_GroupDiverse-Gap_B3000,R1,1385197443,1991832991,2350,Det/images/normal_train/01176624.png,0,02,easy_clean,0.0028881567,1.0,0.0036766922,normal_replay,GroupDiverse-Gap
RUN_131,TRIAD_044,A15_GroupDiverse-Gap_B3000,R1,1385197443,1991832991,2351,Det/images/normal_train/01140477.png,0,00,easy_clean,0.0038675459,1.0,0.0057031765,normal_replay,GroupDiverse-Gap
RUN_131,TRIAD_044,A15_GroupDiverse-Gap_B3000,R1,1385197443,1991832991,2352,Det/images/normal_train/00592147.png,0,07,easy_clean,0.0051027985,1.0,0.0131242106,normal_replay,GroupDiverse-Gap
RUN_131,TRIAD_044,A15_GroupDiverse-Gap_B3000,R1,1385197443,1991832991,2353,Det/images/normal_train/00973508.png,0,05,easy_clean,0.0009365705,1.0,0.0013635292,normal_replay,GroupDiverse-Gap
RUN_131,TRIAD_044,A15_GroupDiverse-Gap_B3000,R1,1385197443,1991832991,2354,Det/images/normal_train/01212153.png,0,02,easy_clean,0.0099974818,1.0,0.0134814667,normal_replay,GroupDiverse-Gap
RUN_131,TRIAD_044,A15_GroupDiverse-Gap_B3000,R1,1385197443,1991832991,2355,Det/images/normal_train/00672278.png,0,09,easy_clean,0.0031906243,1.0,0.0158331231,normal_replay,GroupDiverse-Gap
RUN_131,TRIAD_044,A15_GroupDiverse-Gap_B3000,R1,1385197443,1991832991,2356,Det/images/normal_train/00190103.png,0,09,easy_clean,0.0030050803,1.0,0.0039460344,normal_replay,GroupDiverse-Gap
RUN_131,TRIAD_044,A15_GroupDiverse-Gap_B3000,R1,1385197443,1991832991,2357,Det/images/normal_train/00901944.png,0,06,learnable_hard,0.0735907052,0.99,0.1016407865,normal_replay,GroupDiverse-Gap
RUN_131,TRIAD_044,A15_GroupDiverse-Gap_B3000,R1,1385197443,1991832991,2358,Det/images/normal_train/00344071.png,0,00,easy_clean,0.0759804083,1.0,0.0329905954,normal_replay,GroupDiverse-Gap
RUN_131,TRIAD_044,A15_GroupDiverse-Gap_B3000,R1,1385197443,1991832991,2359,Det/images/normal_train/01295101.png,0,04,learnable_hard,0.2649705722,0.985,0.086630571,normal_replay,GroupDiverse-Gap
RUN_131,TRIAD_044,A15_GroupDiverse-Gap_B3000,R1,1385197443,1991832991,2360,Det/images/normal_train/00900530.png,0,07,easy_clean,0.0165075436,1.0,0.0213385545,normal_replay,GroupDiverse-Gap
RUN_131,TRIAD_044,A15_GroupDiverse-Gap_B3000,R1,1385197443,1991832991,2361,Det/images/normal_train/00334420.png,0,06,easy_clean,0.016912363,1.0,0.0236852072,normal_replay,GroupDiverse-Gap
RUN_131,TRIAD_044,A15_GroupDiverse-Gap_B3000,R1,1385197443,1991832991,2362,Det/images/normal_train/00578221.png,0,03,easy_clean,0.0016397307,1.0,0.0031307198,normal_replay,GroupDiverse-Gap
RUN_131,TRIAD_044,A15_GroupDiverse-Gap_B3000,R1,1385197443,1991832991,2363,Det/images/normal_train/01100554.png,0,06,easy_clean,0.0196822169,1.0,0.0208661674,normal_replay,GroupDiverse-Gap
RUN_131,TRIAD_044,A15_GroupDiverse-Gap_B3000,R1,1385197443,1991832991,2364,Det/images/normal_train/01174581.png,0,01,easy_clean,0.0304028218,1.0,0.0402571493,normal_replay,GroupDiverse-Gap
RUN_131,TRIAD_044,A15_GroupDiverse-Gap_B3000,R1,1385197443,1991832991,2365,Det/images/normal_train/01071251.png,0,04,easy_clean,0.005664507,1.0,0.0094249531,normal_replay,GroupDiverse-Gap
RUN_131,TRIAD_044,A15_GroupDiverse-Gap_B3000,R1,1385197443,1991832991,2366,Det/images/normal_train/00884966.png,0,09,easy_clean,0.0282035811,1.0,0.0354246492,normal_replay,GroupDiverse-Gap
RUN_131,TRIAD_044,A15_GroupDiverse-Gap_B3000,R1,1385197443,1991832991,2367,Det/images/normal_train/01163632.png,0,08,easy_clean,0.011682837,1.0,0.0358443961,normal_replay,GroupDiverse-Gap
RUN_131,TRIAD_044,A15_GroupDiverse-Gap_B3000,R1,1385197443,1991832991,2368,Det/images/normal_train/00406035.png,0,03,easy_clean,0.0032786407,1.0,0.009344858,normal_replay,GroupDiverse-Gap
RUN_131,TRIAD_044,A15_GroupDiverse-Gap_B3000,R1,1385197443,1991832991,2369,Det/images/normal_train/00480351.png,0,07,easy_clean,0.0001914402,1.0,0.0002862831,normal_replay,GroupDiverse-Gap
RUN_131,TRIAD_044,A15_GroupDiverse-Gap_B3000,R1,1385197443,1991832991,2370,Det/images/normal_train/00974225.png,0,05,easy_clean,0.0129778034,1.0,0.0179481482,normal_replay,GroupDiverse-Gap
RUN_131,TRIAD_044,A15_GroupDiverse-Gap_B3000,R1,1385197443,1991832991,2371,Det/images/normal_train/01287259.png,0,06,learnable_hard,0.1965570411,0.98,0.1708555437,normal_replay,GroupDiverse-Gap
RUN_131,TRIAD_044,A15_GroupDiverse-Gap_B3000,R1,1385197443,1991832991,2372,Det/images/normal_train/00476309.png,0,09,easy_clean,0.0056078016,1.0,0.0056237544,normal_replay,GroupDiverse-Gap
RUN_131,TRIAD_044,A15_GroupDiverse-Gap_B3000,R1,1385197443,1991832991,2373,Det/images/normal_train/00624175.png,0,08,unstable_boundary,0.5765510763,0.15,0.0974102513,normal_replay,GroupDiverse-Gap
RUN_131,TRIAD_044,A15_GroupDiverse-Gap_B3000,R1,1385197443,1991832991,2374,Det/images/normal_train/00620455.png,0,06,easy_clean,0.0027802107,1.0,0.0086594305,normal_replay,GroupDiverse-Gap
RUN_131,TRIAD_044,A15_GroupDiverse-Gap_B3000,R1,1385197443,1991832991,2375,Det/images/normal_train/00237221.png,0,06,easy_clean,0.0017705535,1.0,0.0022365906,normal_replay,GroupDiverse-Gap
RUN_131,TRIAD_044,A15_GroupDiverse-Gap_B3000,R1,1385197443,1991832991,2376,Det/images/normal_train/00212925.png,0,05,easy_clean,0.0062998624,1.0,0.0085549938,normal_replay,GroupDiverse-Gap
RUN_131,TRIAD_044,A15_GroupDiverse-Gap_B3000,R1,1385197443,1991832991,2377,Det/images/normal_train/00338909.png,0,00,easy_clean,0.0016082816,1.0,0.0032148983,normal_replay,GroupDiverse-Gap
RUN_131,TRIAD_044,A15_GroupDiverse-Gap_B3000,R1,1385197443,1991832991,2378,Det/images/normal_train/00483247.png,0,06,easy_clean,0.0248751358,1.0,0.0379895396,normal_replay,GroupDiverse-Gap
RUN_131,TRIAD_044,A15_GroupDiverse-Gap_B3000,R1,1385197443,1991832991,2379,Det/images/normal_train/01146637.png,0,05,easy_clean,0.0289063854,1.0,0.0308610304,normal_replay,GroupDiverse-Gap
RUN_131,TRIAD_044,A15_GroupDiverse-Gap_B3000,R1,1385197443,1991832991,2380,Det/images/normal_train/01285387.png,0,08,easy_clean,0.0188245587,1.0,0.0174729518,normal_replay,GroupDiverse-Gap
RUN_131,TRIAD_044,A15_GroupDiverse-Gap_B3000,R1,1385197443,1991832991,2381,Det/images/normal_train/00591641.png,0,07,learnable_hard,0.0427570335,0.985,0.0933470881,normal_replay,GroupDiverse-Gap
RUN_131,TRIAD_044,A15_GroupDiverse-Gap_B3000,R1,1385197443,1991832991,2382,Det/images/normal_train/01133400.png,0,09,easy_clean,0.0232327157,1.0,0.0283193247,normal_replay,GroupDiverse-Gap
RUN_131,TRIAD_044,A15_GroupDiverse-Gap_B3000,R1,1385197443,1991832991,2383,Det/images/normal_train/01137276.png,0,03,learnable_hard,0.0100401356,0.995,0.0508014722,normal_replay,GroupDiverse-Gap
RUN_131,TRIAD_044,A15_GroupDiverse-Gap_B3000,R1,1385197443,1991832991,2384,Det/images/normal_train/00583827.png,0,03,learnable_hard,0.1390920789,0.985,0.1327885699,normal_replay,GroupDiverse-Gap
RUN_131,TRIAD_044,A15_GroupDiverse-Gap_B3000,R1,1385197443,1991832991,2385,Det/images/normal_train/01119636.png,0,01,easy_clean,0.0173545151,1.0,0.0145231414,normal_replay,GroupDiverse-Gap
RUN_131,TRIAD_044,A15_GroupDiverse-Gap_B3000,R1,1385197443,1991832991,2386,Det/images/normal_train/00195504.png,0,08,easy_clean,0.0514071939,0.995,0.0575480307,normal_replay,GroupDiverse-Gap
RUN_131,TRIAD_044,A15_GroupDiverse-Gap_B3000,R1,1385197443,1991832991,2387,Det/images/normal_train/01103616.png,0,02,easy_clean,0.090082631,1.0,0.0917553719,normal_replay,GroupDiverse-Gap
RUN_131,TRIAD_044,A15_GroupDiverse-Gap_B3000,R1,1385197443,1991832991,2388,Det/images/normal_train/00989763.png,0,04,easy_clean,0.0087761227,1.0,0.0178736294,normal_replay,GroupDiverse-Gap
RUN_131,TRIAD_044,A15_GroupDiverse-Gap_B3000,R1,1385197443,1991832991,2389,Det/images/normal_train/01139037.png,0,05,easy_clean,0.0102279678,1.0,0.0151830113,normal_replay,GroupDiverse-Gap
RUN_131,TRIAD_044,A15_GroupDiverse-Gap_B3000,R1,1385197443,1991832991,2390,Det/images/normal_train/01047648.png,0,07,easy_clean,0.0319398376,1.0,0.0348262356,normal_replay,GroupDiverse-Gap
RUN_131,TRIAD_044,A15_GroupDiverse-Gap_B3000,R1,1385197443,1991832991,2391,Det/images/normal_train/00205196.png,0,08,learnable_hard,0.2056167547,0.89,0.2029623097,normal_replay,GroupDiverse-Gap
RUN_131,TRIAD_044,A15_GroupDiverse-Gap_B3000,R1,1385197443,1991832991,2392,Det/images/normal_train/00858026.png,0,01,easy_clean,0.0007335329,1.0,0.0042071286,normal_replay,GroupDiverse-Gap
RUN_131,TRIAD_044,A15_GroupDiverse-Gap_B3000,R1,1385197443,1991832991,2393,Det/images/normal_train/01240670.png,0,03,easy_clean,0.000923101,1.0,0.0016434136,normal_replay,GroupDiverse-Gap
RUN_131,TRIAD_044,A15_GroupDiverse-Gap_B3000,R1,1385197443,1991832991,2394,Det/images/normal_train/01140335.png,0,00,easy_clean,0.0001896974,1.0,0.0002898043,normal_replay,GroupDiverse-Gap
RUN_131,TRIAD_044,A15_GroupDiverse-Gap_B3000,R1,1385197443,1991832991,2395,Det/images/normal_train/00396420.png,0,05,easy_clean,0.0010139529,1.0,0.0015161274,normal_replay,GroupDiverse-Gap
RUN_131,TRIAD_044,A15_GroupDiverse-Gap_B3000,R1,1385197443,1991832991,2396,Det/images/normal_train/01123352.png,0,06,learnable_hard,0.264990836,0.98,0.1208637691,normal_replay,GroupDiverse-Gap
RUN_131,TRIAD_044,A15_GroupDiverse-Gap_B3000,R1,1385197443,1991832991,2397,Det/images/normal_train/00207366.png,0,01,learnable_hard,0.0667407628,0.995,0.0982396406,normal_replay,GroupDiverse-Gap
RUN_131,TRIAD_044,A15_GroupDiverse-Gap_B3000,R1,1385197443,1991832991,2398,Det/images/normal_train/00992544.png,0,08,easy_clean,0.0016668844,1.0,0.0030387288,normal_replay,GroupDiverse-Gap
RUN_131,TRIAD_044,A15_GroupDiverse-Gap_B3000,R1,1385197443,1991832991,2399,Det/images/normal_train/00996137.png,0,04,easy_clean,0.0016198806,1.0,0.0024237234,normal_replay,GroupDiverse-Gap
RUN_131,TRIAD_044,A15_GroupDiverse-Gap_B3000,R1,1385197443,1991832991,2400,Det/images/normal_train/00321717.png,0,03,easy_clean,0.0013940327,1.0,0.0072319046,normal_replay,GroupDiverse-Gap
RUN_131,TRIAD_044,A15_GroupDiverse-Gap_B3000,R1,1385197443,1991832991,2401,Det/images/normal_train/00966642.png,0,07,learnable_hard,0.6484949636,0.22,0.1953029377,normal_replay,GroupDiverse-Gap
RUN_131,TRIAD_044,A15_GroupDiverse-Gap_B3000,R1,1385197443,1991832991,2402,Det/images/normal_train/00922205.png,0,02,easy_clean,0.0036519282,1.0,0.0048862795,normal_replay,GroupDiverse-Gap
RUN_131,TRIAD_044,A15_GroupDiverse-Gap_B3000,R1,1385197443,1991832991,2403,Det/images/normal_train/00907949.png,0,02,easy_clean,0.0001798259,1.0,0.0004602878,normal_replay,GroupDiverse-Gap
RUN_131,TRIAD_044,A15_GroupDiverse-Gap_B3000,R1,1385197443,1991832991,2404,Det/images/normal_train/00327641.png,0,06,easy_clean,0.0043248733,1.0,0.0070812663,normal_replay,GroupDiverse-Gap
RUN_131,TRIAD_044,A15_GroupDiverse-Gap_B3000,R1,1385197443,1991832991,2405,Det/images/normal_train/00340244.png,0,02,easy_clean,0.024324482,1.0,0.035453459,normal_replay,GroupDiverse-Gap
RUN_131,TRIAD_044,A15_GroupDiverse-Gap_B3000,R1,1385197443,1991832991,2406,Det/images/normal_train/00730899.png,0,09,easy_clean,0.0501840225,1.0,0.0357781464,normal_replay,GroupDiverse-Gap
RUN_131,TRIAD_044,A15_GroupDiverse-Gap_B3000,R1,1385197443,1991832991,2407,Det/images/normal_train/00847906.png,0,04,easy_clean,0.0045174596,1.0,0.0097179446,normal_replay,GroupDiverse-Gap
RUN_131,TRIAD_044,A15_GroupDiverse-Gap_B3000,R1,1385197443,1991832991,2408,Det/images/normal_train/01277151.png,0,07,ordinary,0.1806938659,0.98,0.1093680258,normal_replay,GroupDiverse-Gap
RUN_131,TRIAD_044,A15_GroupDiverse-Gap_B3000,R1,1385197443,1991832991,2409,Det/images/normal_train/00844676.png,0,00,easy_clean,0.0067886877,1.0,0.0087596594,normal_replay,GroupDiverse-Gap
RUN_131,TRIAD_044,A15_GroupDiverse-Gap_B3000,R1,1385197443,1991832991,2410,Det/images/normal_train/01286251.png,0,00,learnable_hard,0.1267395648,0.995,0.1025471346,normal_replay,GroupDiverse-Gap
RUN_131,TRIAD_044,A15_GroupDiverse-Gap_B3000,R1,1385197443,1991832991,2411,Det/images/normal_train/00212248.png,0,05,easy_clean,0.0084310981,1.0,0.009018628,normal_replay,GroupDiverse-Gap
RUN_131,TRIAD_044,A15_GroupDiverse-Gap_B3000,R1,1385197443,1991832991,2412,Det/images/normal_train/00991473.png,0,00,easy_clean,0.0008531457,1.0,0.0011134353,normal_replay,GroupDiverse-Gap
RUN_131,TRIAD_044,A15_GroupDiverse-Gap_B3000,R1,1385197443,1991832991,2413,Det/images/normal_train/01251289.png,0,04,easy_clean,0.0576695871,1.0,0.0436895866,normal_replay,GroupDiverse-Gap
RUN_131,TRIAD_044,A15_GroupDiverse-Gap_B3000,R1,1385197443,1991832991,2414,Det/images/normal_train/01292652.png,0,07,easy_clean,0.0571956407,1.0,0.0485037322,normal_replay,GroupDiverse-Gap
RUN_131,TRIAD_044,A15_GroupDiverse-Gap_B3000,R1,1385197443,1991832991,2415,Det/images/normal_train/00512931.png,0,05,easy_clean,0.0015500685,1.0,0.002201027,normal_replay,GroupDiverse-Gap
RUN_131,TRIAD_044,A15_GroupDiverse-Gap_B3000,R1,1385197443,1991832991,2416,Det/images/normal_train/00829987.png,0,09,easy_clean,0.0006256075,1.0,0.0009973312,normal_replay,GroupDiverse-Gap
RUN_131,TRIAD_044,A15_GroupDiverse-Gap_B3000,R1,1385197443,1991832991,2417,Det/images/normal_train/00565342.png,0,04,easy_clean,0.0007513902,1.0,0.0010708819,normal_replay,GroupDiverse-Gap
RUN_131,TRIAD_044,A15_GroupDiverse-Gap_B3000,R1,1385197443,1991832991,2418,Det/images/normal_train/00774358.png,0,00,learnable_hard,0.0610961017,0.98,0.1228468799,normal_replay,GroupDiverse-Gap
RUN_131,TRIAD_044,A15_GroupDiverse-Gap_B3000,R1,1385197443,1991832991,2419,Det/images/normal_train/00867446.png,0,05,easy_clean,0.0595306238,1.0,0.0437949375,normal_replay,GroupDiverse-Gap
RUN_131,TRIAD_044,A15_GroupDiverse-Gap_B3000,R1,1385197443,1991832991,2420,Det/images/normal_train/00909322.png,0,00,easy_clean,0.0013847388,1.0,0.0022473053,normal_replay,GroupDiverse-Gap
RUN_131,TRIAD_044,A15_GroupDiverse-Gap_B3000,R1,1385197443,1991832991,2421,Det/images/normal_train/00919514.png,0,04,easy_clean,0.0180153815,1.0,0.0137778857,normal_replay,GroupDiverse-Gap
RUN_131,TRIAD_044,A15_GroupDiverse-Gap_B3000,R1,1385197443,1991832991,2422,Det/images/normal_train/00252915.png,0,08,easy_clean,0.0003586365,1.0,0.0004633007,normal_replay,GroupDiverse-Gap
RUN_131,TRIAD_044,A15_GroupDiverse-Gap_B3000,R1,1385197443,1991832991,2423,Det/images/normal_train/01194774.png,0,00,ordinary,0.1735459828,0.93,0.1571381993,normal_replay,GroupDiverse-Gap
RUN_131,TRIAD_044,A15_GroupDiverse-Gap_B3000,R1,1385197443,1991832991,2424,Det/images/normal_train/00580289.png,0,02,ordinary,0.3683505503,0.815,0.2151635582,normal_replay,GroupDiverse-Gap
RUN_131,TRIAD_044,A15_GroupDiverse-Gap_B3000,R1,1385197443,1991832991,2425,Det/images/normal_train/01226639.png,0,00,easy_clean,0.0116747794,1.0,0.0146925558,normal_replay,GroupDiverse-Gap
RUN_131,TRIAD_044,A15_GroupDiverse-Gap_B3000,R1,1385197443,1991832991,2426,Det/images/normal_train/00523150.png,0,00,easy_clean,0.0082530122,1.0,0.0092733261,normal_replay,GroupDiverse-Gap
RUN_131,TRIAD_044,A15_GroupDiverse-Gap_B3000,R1,1385197443,1991832991,2427,Det/images/normal_train/00425732.png,0,02,easy_clean,0.0195292582,1.0,0.0212715447,normal_replay,GroupDiverse-Gap
RUN_131,TRIAD_044,A15_GroupDiverse-Gap_B3000,R1,1385197443,1991832991,2428,Det/images/normal_train/01117427.png,0,07,easy_clean,0.0070579489,1.0,0.0123160961,normal_replay,GroupDiverse-Gap
RUN_131,TRIAD_044,A15_GroupDiverse-Gap_B3000,R1,1385197443,1991832991,2429,Det/images/normal_train/00904284.png,0,06,easy_clean,0.0160641933,1.0,0.0178090827,normal_replay,GroupDiverse-Gap
RUN_131,TRIAD_044,A15_GroupDiverse-Gap_B3000,R1,1385197443,1991832991,2430,Det/images/normal_train/00917688.png,0,08,easy_clean,0.0028019871,1.0,0.0063769185,normal_replay,GroupDiverse-Gap
RUN_131,TRIAD_044,A15_GroupDiverse-Gap_B3000,R1,1385197443,1991832991,2431,Det/images/normal_train/00185757.png,0,00,easy_clean,0.000214093,1.0,0.0016699408,normal_replay,GroupDiverse-Gap
RUN_131,TRIAD_044,A15_GroupDiverse-Gap_B3000,R1,1385197443,1991832991,2432,Det/images/normal_train/00267852.png,0,07,easy_clean,0.0002473811,1.0,0.0003475386,normal_replay,GroupDiverse-Gap
RUN_131,TRIAD_044,A15_GroupDiverse-Gap_B3000,R1,1385197443,1991832991,2433,Det/images/normal_train/00225962.png,0,01,easy_clean,0.0070499953,1.0,0.0102929316,normal_replay,GroupDiverse-Gap
RUN_131,TRIAD_044,A15_GroupDiverse-Gap_B3000,R1,1385197443,1991832991,2434,Det/images/normal_train/00327027.png,0,06,easy_clean,0.0044913248,1.0,0.0065453349,normal_replay,GroupDiverse-Gap
RUN_131,TRIAD_044,A15_GroupDiverse-Gap_B3000,R1,1385197443,1991832991,2435,Det/images/normal_train/00887483.png,0,01,easy_clean,0.0198549139,1.0,0.0222105901,normal_replay,GroupDiverse-Gap
RUN_131,TRIAD_044,A15_GroupDiverse-Gap_B3000,R1,1385197443,1991832991,2436,Det/images/normal_train/00922537.png,0,02,easy_clean,0.0601975115,1.0,0.0453879309,normal_replay,GroupDiverse-Gap
RUN_131,TRIAD_044,A15_GroupDiverse-Gap_B3000,R1,1385197443,1991832991,2437,Det/images/normal_train/01231879.png,0,09,easy_clean,0.0035779212,1.0,0.0046510707,normal_replay,GroupDiverse-Gap
RUN_131,TRIAD_044,A15_GroupDiverse-Gap_B3000,R1,1385197443,1991832991,2438,Det/images/normal_train/00230240.png,0,02,easy_clean,0.0192755663,1.0,0.0226078765,normal_replay,GroupDiverse-Gap
RUN_131,TRIAD_044,A15_GroupDiverse-Gap_B3000,R1,1385197443,1991832991,2439,Det/images/normal_train/01247632.png,0,02,easy_clean,0.0161070316,1.0,0.0163039605,normal_replay,GroupDiverse-Gap
RUN_131,TRIAD_044,A15_GroupDiverse-Gap_B3000,R1,1385197443,1991832991,2440,Det/images/normal_train/00272185.png,0,00,easy_clean,0.0007604588,1.0,0.0012705747,normal_replay,GroupDiverse-Gap
RUN_131,TRIAD_044,A15_GroupDiverse-Gap_B3000,R1,1385197443,1991832991,2441,Det/images/normal_train/00975385.png,0,02,easy_clean,0.0136059915,1.0,0.0333439799,normal_replay,GroupDiverse-Gap
RUN_131,TRIAD_044,A15_GroupDiverse-Gap_B3000,R1,1385197443,1991832991,2442,Det/images/normal_train/00224107.png,0,00,ordinary,0.2136363081,1.0,0.1403505093,normal_replay,GroupDiverse-Gap
RUN_131,TRIAD_044,A15_GroupDiverse-Gap_B3000,R1,1385197443,1991832991,2443,Det/images/normal_train/00379544.png,0,02,easy_clean,0.0007981817,1.0,0.001610544,normal_replay,GroupDiverse-Gap
RUN_131,TRIAD_044,A15_GroupDiverse-Gap_B3000,R1,1385197443,1991832991,2444,Det/images/normal_train/00216246.png,0,08,easy_clean,0.0030300589,1.0,0.0040515973,normal_replay,GroupDiverse-Gap
RUN_131,TRIAD_044,A15_GroupDiverse-Gap_B3000,R1,1385197443,1991832991,2445,Det/images/normal_train/00856484.png,0,08,easy_clean,0.0029631947,1.0,0.0222383254,normal_replay,GroupDiverse-Gap
RUN_131,TRIAD_044,A15_GroupDiverse-Gap_B3000,R1,1385197443,1991832991,2446,Det/images/normal_train/00921700.png,0,02,easy_clean,0.0036051788,1.0,0.0051056914,normal_replay,GroupDiverse-Gap
RUN_131,TRIAD_044,A15_GroupDiverse-Gap_B3000,R1,1385197443,1991832991,2447,Det/images/normal_train/00516305.png,0,04,easy_clean,0.0004510974,1.0,0.0008352992,normal_replay,GroupDiverse-Gap
RUN_131,TRIAD_044,A15_GroupDiverse-Gap_B3000,R1,1385197443,1991832991,2448,Det/images/normal_train/01122247.png,0,07,easy_clean,0.0028300197,1.0,0.0038787922,normal_replay,GroupDiverse-Gap
RUN_131,TRIAD_044,A15_GroupDiverse-Gap_B3000,R1,1385197443,1991832991,2449,Det/images/normal_train/01248697.png,0,06,learnable_hard,0.1630323043,0.995,0.0820433576,normal_replay,GroupDiverse-Gap
RUN_131,TRIAD_044,A15_GroupDiverse-Gap_B3000,R1,1385197443,1991832991,2450,Det/images/normal_train/00810176.png,0,09,easy_clean,0.0027573892,1.0,0.0052068659,normal_replay,GroupDiverse-Gap
RUN_131,TRIAD_044,A15_GroupDiverse-Gap_B3000,R1,1385197443,1991832991,2451,Det/images/normal_train/00848365.png,0,07,ordinary,0.2657842371,1.0,0.1289952145,normal_replay,GroupDiverse-Gap
RUN_131,TRIAD_044,A15_GroupDiverse-Gap_B3000,R1,1385197443,1991832991,2452,Det/images/normal_train/00891973.png,0,06,easy_clean,0.0052180992,1.0,0.007913317,normal_replay,GroupDiverse-Gap
RUN_131,TRIAD_044,A15_GroupDiverse-Gap_B3000,R1,1385197443,1991832991,2453,Det/images/normal_train/00495739.png,0,08,easy_clean,0.0015945149,1.0,0.0075344331,normal_replay,GroupDiverse-Gap
RUN_131,TRIAD_044,A15_GroupDiverse-Gap_B3000,R1,1385197443,1991832991,2454,Det/images/normal_train/00676941.png,0,07,easy_clean,0.0199749225,1.0,0.0271755602,normal_replay,GroupDiverse-Gap
RUN_131,TRIAD_044,A15_GroupDiverse-Gap_B3000,R1,1385197443,1991832991,2455,Det/images/normal_train/00565214.png,0,04,easy_clean,0.0001541579,1.0,0.0002920232,normal_replay,GroupDiverse-Gap
RUN_131,TRIAD_044,A15_GroupDiverse-Gap_B3000,R1,1385197443,1991832991,2456,Det/images/normal_train/01230981.png,0,01,easy_clean,0.0038950405,1.0,0.009210308,normal_replay,GroupDiverse-Gap
RUN_131,TRIAD_044,A15_GroupDiverse-Gap_B3000,R1,1385197443,1991832991,2457,Det/images/normal_train/00785073.png,0,04,easy_clean,0.0047326586,1.0,0.0248129809,normal_replay,GroupDiverse-Gap
RUN_131,TRIAD_044,A15_GroupDiverse-Gap_B3000,R1,1385197443,1991832991,2458,Det/images/normal_train/01218523.png,0,03,easy_clean,0.0103779096,1.0,0.0355324504,normal_replay,GroupDiverse-Gap
RUN_131,TRIAD_044,A15_GroupDiverse-Gap_B3000,R1,1385197443,1991832991,2459,Det/images/normal_train/01093347.png,0,04,easy_clean,0.014380533,1.0,0.0239459191,normal_replay,GroupDiverse-Gap
RUN_131,TRIAD_044,A15_GroupDiverse-Gap_B3000,R1,1385197443,1991832991,2460,Det/images/normal_train/00283237.png,0,03,easy_clean,0.0112350913,1.0,0.0208676978,normal_replay,GroupDiverse-Gap
RUN_131,TRIAD_044,A15_GroupDiverse-Gap_B3000,R1,1385197443,1991832991,2461,Det/images/normal_train/00210584.png,0,00,easy_clean,0.0055669813,1.0,0.0046475588,normal_replay,GroupDiverse-Gap
RUN_131,TRIAD_044,A15_GroupDiverse-Gap_B3000,R1,1385197443,1991832991,2462,Det/images/normal_train/00847987.png,0,04,easy_clean,0.0018772592,1.0,0.0038243547,normal_replay,GroupDiverse-Gap
RUN_131,TRIAD_044,A15_GroupDiverse-Gap_B3000,R1,1385197443,1991832991,2463,Det/images/normal_train/00697500.png,0,05,easy_clean,0.0112225366,1.0,0.0403893089,normal_replay,GroupDiverse-Gap
RUN_131,TRIAD_044,A15_GroupDiverse-Gap_B3000,R1,1385197443,1991832991,2464,Det/images/normal_train/00370258.png,0,06,easy_clean,0.0008505188,1.0,0.0014900638,normal_replay,GroupDiverse-Gap
RUN_131,TRIAD_044,A15_GroupDiverse-Gap_B3000,R1,1385197443,1991832991,2465,Det/images/normal_train/01068736.png,0,00,ordinary,0.321860746,0.77,0.1570680033,normal_replay,GroupDiverse-Gap
RUN_131,TRIAD_044,A15_GroupDiverse-Gap_B3000,R1,1385197443,1991832991,2466,Det/images/normal_train/00270474.png,0,04,easy_clean,0.0019750317,1.0,0.0054328515,normal_replay,GroupDiverse-Gap
RUN_131,TRIAD_044,A15_GroupDiverse-Gap_B3000,R1,1385197443,1991832991,2467,Det/images/normal_train/00781603.png,0,02,easy_clean,0.0037322857,1.0,0.0086696277,normal_replay,GroupDiverse-Gap
RUN_131,TRIAD_044,A15_GroupDiverse-Gap_B3000,R1,1385197443,1991832991,2468,Det/images/normal_train/00636817.png,0,08,easy_clean,0.0338746164,1.0,0.0360246984,normal_replay,GroupDiverse-Gap
RUN_131,TRIAD_044,A15_GroupDiverse-Gap_B3000,R1,1385197443,1991832991,2469,Det/images/normal_train/00728082.png,0,03,easy_clean,0.0017501819,1.0,0.0096139309,normal_replay,GroupDiverse-Gap
RUN_131,TRIAD_044,A15_GroupDiverse-Gap_B3000,R1,1385197443,1991832991,2470,Det/images/normal_train/00894377.png,0,05,easy_clean,0.0054276726,1.0,0.018510613,normal_replay,GroupDiverse-Gap
RUN_131,TRIAD_044,A15_GroupDiverse-Gap_B3000,R1,1385197443,1991832991,2471,Det/images/normal_train/01016010.png,0,04,easy_clean,0.0855906857,1.0,0.0741405762,normal_replay,GroupDiverse-Gap
RUN_131,TRIAD_044,A15_GroupDiverse-Gap_B3000,R1,1385197443,1991832991,2472,Det/images/normal_train/00912728.png,0,01,learnable_hard,0.2028144882,0.965,0.1356102868,normal_replay,GroupDiverse-Gap
RUN_131,TRIAD_044,A15_GroupDiverse-Gap_B3000,R1,1385197443,1991832991,2473,Det/images/normal_train/01216535.png,0,01,ordinary,0.3540331227,0.74,0.1993587626,normal_replay,GroupDiverse-Gap
RUN_131,TRIAD_044,A15_GroupDiverse-Gap_B3000,R1,1385197443,1991832991,2474,Det/images/normal_train/01010392.png,0,00,easy_clean,0.0215067204,1.0,0.0184670186,normal_replay,GroupDiverse-Gap
RUN_131,TRIAD_044,A15_GroupDiverse-Gap_B3000,R1,1385197443,1991832991,2475,Det/images/normal_train/00909063.png,0,00,learnable_hard,0.0450837481,0.99,0.0840606054,normal_replay,GroupDiverse-Gap
RUN_131,TRIAD_044,A15_GroupDiverse-Gap_B3000,R1,1385197443,1991832991,2476,Det/images/normal_train/00201540.png,0,08,easy_clean,0.0020685059,1.0,0.0028515167,normal_replay,GroupDiverse-Gap
RUN_131,TRIAD_044,A15_GroupDiverse-Gap_B3000,R1,1385197443,1991832991,2477,Det/images/normal_train/00233205.png,0,03,easy_clean,0.0500687189,1.0,0.0287413924,normal_replay,GroupDiverse-Gap
RUN_131,TRIAD_044,A15_GroupDiverse-Gap_B3000,R1,1385197443,1991832991,2478,Det/images/normal_train/00839095.png,0,06,learnable_hard,0.0840574307,0.995,0.0854208281,normal_replay,GroupDiverse-Gap
RUN_131,TRIAD_044,A15_GroupDiverse-Gap_B3000,R1,1385197443,1991832991,2479,Det/images/normal_train/00193654.png,0,06,easy_clean,0.003415013,1.0,0.0089612653,normal_replay,GroupDiverse-Gap
RUN_131,TRIAD_044,A15_GroupDiverse-Gap_B3000,R1,1385197443,1991832991,2480,Det/images/normal_train/00762398.png,0,06,easy_clean,0.0093882929,1.0,0.0159031099,normal_replay,GroupDiverse-Gap
RUN_131,TRIAD_044,A15_GroupDiverse-Gap_B3000,R1,1385197443,1991832991,2481,Det/images/normal_train/00737984.png,0,02,easy_clean,0.0833997212,1.0,0.0712896498,normal_replay,GroupDiverse-Gap
RUN_131,TRIAD_044,A15_GroupDiverse-Gap_B3000,R1,1385197443,1991832991,2482,Det/images/normal_train/01232814.png,0,09,easy_clean,0.0411232956,1.0,0.0456462354,normal_replay,GroupDiverse-Gap
RUN_131,TRIAD_044,A15_GroupDiverse-Gap_B3000,R1,1385197443,1991832991,2483,Det/images/normal_train/00522216.png,0,07,easy_clean,0.003870604,1.0,0.0047379141,normal_replay,GroupDiverse-Gap
RUN_131,TRIAD_044,A15_GroupDiverse-Gap_B3000,R1,1385197443,1991832991,2484,Det/images/normal_train/00592265.png,0,07,easy_clean,0.0009333021,1.0,0.0017615952,normal_replay,GroupDiverse-Gap
RUN_131,TRIAD_044,A15_GroupDiverse-Gap_B3000,R1,1385197443,1991832991,2485,Det/images/normal_train/00334418.png,0,06,easy_clean,0.0025961978,1.0,0.0033710258,normal_replay,GroupDiverse-Gap
RUN_131,TRIAD_044,A15_GroupDiverse-Gap_B3000,R1,1385197443,1991832991,2486,Det/images/normal_train/00508274.png,0,03,easy_clean,0.0060360271,1.0,0.02293108,normal_replay,GroupDiverse-Gap
RUN_131,TRIAD_044,A15_GroupDiverse-Gap_B3000,R1,1385197443,1991832991,2487,Det/images/normal_train/01270895.png,0,05,easy_clean,0.0757956882,1.0,0.0583935906,normal_replay,GroupDiverse-Gap
RUN_131,TRIAD_044,A15_GroupDiverse-Gap_B3000,R1,1385197443,1991832991,2488,Det/images/normal_train/00945698.png,0,08,easy_clean,0.0069224721,1.0,0.0099658983,normal_replay,GroupDiverse-Gap
RUN_131,TRIAD_044,A15_GroupDiverse-Gap_B3000,R1,1385197443,1991832991,2489,Det/images/normal_train/01259851.png,0,06,easy_clean,0.0349284955,1.0,0.0295442793,normal_replay,GroupDiverse-Gap
RUN_131,TRIAD_044,A15_GroupDiverse-Gap_B3000,R1,1385197443,1991832991,2490,Det/images/normal_train/01220823.png,0,01,easy_clean,0.0449369869,1.0,0.0311193653,normal_replay,GroupDiverse-Gap
RUN_131,TRIAD_044,A15_GroupDiverse-Gap_B3000,R1,1385197443,1991832991,2491,Det/images/normal_train/00965454.png,0,03,learnable_hard,0.0130073507,0.995,0.0602273645,normal_replay,GroupDiverse-Gap
RUN_131,TRIAD_044,A15_GroupDiverse-Gap_B3000,R1,1385197443,1991832991,2492,Det/images/normal_train/00364870.png,0,08,easy_clean,0.0067123552,1.0,0.0111376504,normal_replay,GroupDiverse-Gap
RUN_131,TRIAD_044,A15_GroupDiverse-Gap_B3000,R1,1385197443,1991832991,2493,Det/images/normal_train/00345571.png,0,05,easy_clean,0.0042890351,1.0,0.0056276821,normal_replay,GroupDiverse-Gap
RUN_131,TRIAD_044,A15_GroupDiverse-Gap_B3000,R1,1385197443,1991832991,2494,Det/images/normal_train/01233201.png,0,09,easy_clean,0.0069307369,1.0,0.01899732,normal_replay,GroupDiverse-Gap
RUN_131,TRIAD_044,A15_GroupDiverse-Gap_B3000,R1,1385197443,1991832991,2495,Det/images/normal_train/00312433.png,0,02,easy_clean,0.0055724747,1.0,0.0307945309,normal_replay,GroupDiverse-Gap
RUN_131,TRIAD_044,A15_GroupDiverse-Gap_B3000,R1,1385197443,1991832991,2496,Det/images/normal_train/01021072.png,0,06,easy_clean,0.0730843997,0.995,0.0815520764,normal_replay,GroupDiverse-Gap
RUN_131,TRIAD_044,A15_GroupDiverse-Gap_B3000,R1,1385197443,1991832991,2497,Det/images/normal_train/00374364.png,0,06,easy_clean,0.0049530544,1.0,0.0056073159,normal_replay,GroupDiverse-Gap
RUN_131,TRIAD_044,A15_GroupDiverse-Gap_B3000,R1,1385197443,1991832991,2498,Det/images/normal_train/00546268.png,0,07,learnable_hard,0.0786282596,0.97,0.1121790165,normal_replay,GroupDiverse-Gap
RUN_131,TRIAD_044,A15_GroupDiverse-Gap_B3000,R1,1385197443,1991832991,2499,Det/images/normal_train/01102189.png,0,08,easy_clean,0.0025011148,1.0,0.0047073493,normal_replay,GroupDiverse-Gap
RUN_131,TRIAD_044,A15_GroupDiverse-Gap_B3000,R1,1385197443,1991832991,2500,Det/images/normal_train/00566968.png,0,07,easy_clean,0.00033814,1.0,0.0004801396,normal_replay,GroupDiverse-Gap
RUN_131,TRIAD_044,A15_GroupDiverse-Gap_B3000,R1,1385197443,1991832991,2501,Det/images/normal_train/00746358.png,0,00,easy_clean,0.0008857567,1.0,0.0041313323,normal_replay,GroupDiverse-Gap
RUN_131,TRIAD_044,A15_GroupDiverse-Gap_B3000,R1,1385197443,1991832991,2502,Det/images/normal_train/00728056.png,0,03,easy_clean,0.0071783837,1.0,0.0285837467,normal_replay,GroupDiverse-Gap
RUN_131,TRIAD_044,A15_GroupDiverse-Gap_B3000,R1,1385197443,1991832991,2503,Det/images/normal_train/01226725.png,0,00,easy_clean,0.0653793241,1.0,0.0611869108,normal_replay,GroupDiverse-Gap
RUN_131,TRIAD_044,A15_GroupDiverse-Gap_B3000,R1,1385197443,1991832991,2504,Det/images/normal_train/00788382.png,0,03,easy_clean,0.0076824147,1.0,0.0165990347,normal_replay,GroupDiverse-Gap
RUN_131,TRIAD_044,A15_GroupDiverse-Gap_B3000,R1,1385197443,1991832991,2505,Det/images/normal_train/00931323.png,0,02,easy_clean,0.0023320972,1.0,0.0036863567,normal_replay,GroupDiverse-Gap
RUN_131,TRIAD_044,A15_GroupDiverse-Gap_B3000,R1,1385197443,1991832991,2506,Det/images/normal_train/01123883.png,0,06,easy_clean,0.0064384594,1.0,0.0067065204,normal_replay,GroupDiverse-Gap
RUN_131,TRIAD_044,A15_GroupDiverse-Gap_B3000,R1,1385197443,1991832991,2507,Det/images/normal_train/00282488.png,0,04,easy_clean,0.0240918353,1.0,0.0418998031,normal_replay,GroupDiverse-Gap
RUN_131,TRIAD_044,A15_GroupDiverse-Gap_B3000,R1,1385197443,1991832991,2508,Det/images/normal_train/00683046.png,0,07,learnable_hard,0.0595582983,0.99,0.0708600801,normal_replay,GroupDiverse-Gap
RUN_131,TRIAD_044,A15_GroupDiverse-Gap_B3000,R1,1385197443,1991832991,2509,Det/images/normal_train/00972436.png,0,03,easy_clean,0.0055825592,1.0,0.0339052681,normal_replay,GroupDiverse-Gap
RUN_131,TRIAD_044,A15_GroupDiverse-Gap_B3000,R1,1385197443,1991832991,2510,Det/images/normal_train/01182442.png,0,05,unstable_boundary,0.3667352929,0.915,0.1102913766,normal_replay,GroupDiverse-Gap
RUN_131,TRIAD_044,A15_GroupDiverse-Gap_B3000,R1,1385197443,1991832991,2511,Det/images/normal_train/00995844.png,0,05,easy_clean,0.0004837408,1.0,0.0009731515,normal_replay,GroupDiverse-Gap
RUN_131,TRIAD_044,A15_GroupDiverse-Gap_B3000,R1,1385197443,1991832991,2512,Det/images/normal_train/00614099.png,0,05,learnable_hard,0.3715242476,0.61,0.2123105323,normal_replay,GroupDiverse-Gap
RUN_131,TRIAD_044,A15_GroupDiverse-Gap_B3000,R1,1385197443,1991832991,2513,Det/images/normal_train/00816390.png,0,00,easy_clean,0.0047418879,1.0,0.0059360189,normal_replay,GroupDiverse-Gap
RUN_131,TRIAD_044,A15_GroupDiverse-Gap_B3000,R1,1385197443,1991832991,2514,Det/images/normal_train/00768923.png,0,08,easy_clean,0.0016743456,1.0,0.0027541075,normal_replay,GroupDiverse-Gap
RUN_131,TRIAD_044,A15_GroupDiverse-Gap_B3000,R1,1385197443,1991832991,2515,Det/images/normal_train/01281218.png,0,05,easy_clean,0.0153350194,1.0,0.0116630326,normal_replay,GroupDiverse-Gap
RUN_131,TRIAD_044,A15_GroupDiverse-Gap_B3000,R1,1385197443,1991832991,2516,Det/images/normal_train/00822321.png,0,08,easy_clean,0.0161920804,1.0,0.0186924728,normal_replay,GroupDiverse-Gap
RUN_131,TRIAD_044,A15_GroupDiverse-Gap_B3000,R1,1385197443,1991832991,2517,Det/images/normal_train/00578360.png,0,03,easy_clean,0.0262580855,1.0,0.0258322707,normal_replay,GroupDiverse-Gap
RUN_131,TRIAD_044,A15_GroupDiverse-Gap_B3000,R1,1385197443,1991832991,2518,Det/images/normal_train/00916301.png,0,00,ordinary,0.3560677139,0.815,0.1644605033,normal_replay,GroupDiverse-Gap
RUN_131,TRIAD_044,A15_GroupDiverse-Gap_B3000,R1,1385197443,1991832991,2519,Det/images/normal_train/01293828.png,0,08,easy_clean,0.0071410756,1.0,0.0093148032,normal_replay,GroupDiverse-Gap
RUN_131,TRIAD_044,A15_GroupDiverse-Gap_B3000,R1,1385197443,1991832991,2520,Det/images/normal_train/00532844.png,0,07,learnable_hard,0.6558546211,0.225,0.2939297759,normal_replay,GroupDiverse-Gap
RUN_131,TRIAD_044,A15_GroupDiverse-Gap_B3000,R1,1385197443,1991832991,2521,Det/images/normal_train/00340118.png,0,02,learnable_hard,0.6415761496,0.065,0.0928829459,normal_replay,GroupDiverse-Gap
RUN_131,TRIAD_044,A15_GroupDiverse-Gap_B3000,R1,1385197443,1991832991,2522,Det/images/normal_train/00842033.png,0,06,easy_clean,0.0034445745,1.0,0.006930597,normal_replay,GroupDiverse-Gap
RUN_131,TRIAD_044,A15_GroupDiverse-Gap_B3000,R1,1385197443,1991832991,2523,Det/images/normal_train/00196654.png,0,03,easy_clean,0.0017415125,1.0,0.0110005179,normal_replay,GroupDiverse-Gap
RUN_131,TRIAD_044,A15_GroupDiverse-Gap_B3000,R1,1385197443,1991832991,2524,Det/images/normal_train/00868794.png,0,09,easy_clean,0.0008514035,1.0,0.0051200978,normal_replay,GroupDiverse-Gap
RUN_131,TRIAD_044,A15_GroupDiverse-Gap_B3000,R1,1385197443,1991832991,2525,Det/images/normal_train/01168791.png,0,02,easy_clean,0.0155872591,1.0,0.0101808434,normal_replay,GroupDiverse-Gap
RUN_131,TRIAD_044,A15_GroupDiverse-Gap_B3000,R1,1385197443,1991832991,2526,Det/images/normal_train/00347128.png,0,09,ordinary,0.2345443592,1.0,0.0644811557,normal_replay,GroupDiverse-Gap
RUN_131,TRIAD_044,A15_GroupDiverse-Gap_B3000,R1,1385197443,1991832991,2527,Det/images/normal_train/00612356.png,0,04,easy_clean,0.0036586336,1.0,0.0171836865,normal_replay,GroupDiverse-Gap
RUN_131,TRIAD_044,A15_GroupDiverse-Gap_B3000,R1,1385197443,1991832991,2528,Det/images/normal_train/00513286.png,0,09,learnable_hard,0.2564213467,0.98,0.1048396564,normal_replay,GroupDiverse-Gap
RUN_131,TRIAD_044,A15_GroupDiverse-Gap_B3000,R1,1385197443,1991832991,2529,Det/images/normal_train/01290760.png,0,03,easy_clean,0.009393273,1.0,0.0106462944,normal_replay,GroupDiverse-Gap
RUN_131,TRIAD_044,A15_GroupDiverse-Gap_B3000,R1,1385197443,1991832991,2530,Det/images/normal_train/00591430.png,0,07,easy_clean,0.0007706548,1.0,0.0013338348,normal_replay,GroupDiverse-Gap
RUN_131,TRIAD_044,A15_GroupDiverse-Gap_B3000,R1,1385197443,1991832991,2531,Det/images/normal_train/01176306.png,0,02,easy_clean,0.0057178471,1.0,0.00677203,normal_replay,GroupDiverse-Gap
RUN_131,TRIAD_044,A15_GroupDiverse-Gap_B3000,R1,1385197443,1991832991,2532,Det/images/normal_train/00802379.png,0,02,easy_clean,0.0020326083,1.0,0.0022143844,normal_replay,GroupDiverse-Gap
RUN_131,TRIAD_044,A15_GroupDiverse-Gap_B3000,R1,1385197443,1991832991,2533,Det/images/normal_train/00717621.png,0,00,easy_clean,0.0757924704,1.0,0.1056628096,normal_replay,GroupDiverse-Gap
RUN_131,TRIAD_044,A15_GroupDiverse-Gap_B3000,R1,1385197443,1991832991,2534,Det/images/normal_train/00276841.png,0,03,learnable_hard,0.0245713417,0.995,0.0543726883,normal_replay,GroupDiverse-Gap
RUN_131,TRIAD_044,A15_GroupDiverse-Gap_B3000,R1,1385197443,1991832991,2535,Det/images/normal_train/01220073.png,0,01,easy_clean,0.0277653257,1.0,0.0519071013,normal_replay,GroupDiverse-Gap
RUN_131,TRIAD_044,A15_GroupDiverse-Gap_B3000,R1,1385197443,1991832991,2536,Det/images/normal_train/00184399.png,0,05,learnable_hard,0.2564334457,0.875,0.186620948,normal_replay,GroupDiverse-Gap
RUN_131,TRIAD_044,A15_GroupDiverse-Gap_B3000,R1,1385197443,1991832991,2537,Det/images/normal_train/00754771.png,0,09,ordinary,0.1681487063,1.0,0.0859284484,normal_replay,GroupDiverse-Gap
RUN_131,TRIAD_044,A15_GroupDiverse-Gap_B3000,R1,1385197443,1991832991,2538,Det/images/normal_train/00925241.png,0,09,easy_clean,0.0003479141,1.0,0.0012543916,normal_replay,GroupDiverse-Gap
RUN_131,TRIAD_044,A15_GroupDiverse-Gap_B3000,R1,1385197443,1991832991,2539,Det/images/normal_train/01010128.png,0,00,easy_clean,0.0112037791,1.0,0.0150958512,normal_replay,GroupDiverse-Gap
RUN_131,TRIAD_044,A15_GroupDiverse-Gap_B3000,R1,1385197443,1991832991,2540,Det/images/normal_train/00319687.png,0,04,learnable_hard,0.2550268339,0.95,0.1433637124,normal_replay,GroupDiverse-Gap
RUN_131,TRIAD_044,A15_GroupDiverse-Gap_B3000,R1,1385197443,1991832991,2541,Det/images/normal_train/00923382.png,0,08,easy_clean,0.0442486735,1.0,0.0574098809,normal_replay,GroupDiverse-Gap
RUN_131,TRIAD_044,A15_GroupDiverse-Gap_B3000,R1,1385197443,1991832991,2542,Det/images/normal_train/00938446.png,0,08,learnable_hard,0.055155837,0.985,0.0833296134,normal_replay,GroupDiverse-Gap
RUN_131,TRIAD_044,A15_GroupDiverse-Gap_B3000,R1,1385197443,1991832991,2543,Det/images/normal_train/00858260.png,0,01,easy_clean,0.0013189669,1.0,0.0045451472,normal_replay,GroupDiverse-Gap
RUN_131,TRIAD_044,A15_GroupDiverse-Gap_B3000,R1,1385197443,1991832991,2544,Det/images/normal_train/00214726.png,0,09,easy_clean,0.0120365885,1.0,0.0167811807,normal_replay,GroupDiverse-Gap
RUN_131,TRIAD_044,A15_GroupDiverse-Gap_B3000,R1,1385197443,1991832991,2545,Det/images/normal_train/01039414.png,0,01,easy_clean,0.0213226507,1.0,0.0373519918,normal_replay,GroupDiverse-Gap
RUN_131,TRIAD_044,A15_GroupDiverse-Gap_B3000,R1,1385197443,1991832991,2546,Det/images/normal_train/00905781.png,0,09,easy_clean,0.0349459961,1.0,0.0302362574,normal_replay,GroupDiverse-Gap
RUN_131,TRIAD_044,A15_GroupDiverse-Gap_B3000,R1,1385197443,1991832991,2547,Det/images/normal_train/00850106.png,0,07,easy_clean,0.0010763595,1.0,0.0019043712,normal_replay,GroupDiverse-Gap
RUN_131,TRIAD_044,A15_GroupDiverse-Gap_B3000,R1,1385197443,1991832991,2548,Det/images/normal_train/00458915.png,0,05,easy_clean,0.0041771874,1.0,0.0049063716,normal_replay,GroupDiverse-Gap
RUN_131,TRIAD_044,A15_GroupDiverse-Gap_B3000,R1,1385197443,1991832991,2549,Det/images/normal_train/01105074.png,0,05,easy_clean,0.0472140829,1.0,0.0459231976,normal_replay,GroupDiverse-Gap
RUN_131,TRIAD_044,A15_GroupDiverse-Gap_B3000,R1,1385197443,1991832991,2550,Det/images/normal_train/01027454.png,0,08,easy_clean,0.0101789403,1.0,0.0393847391,normal_replay,GroupDiverse-Gap
RUN_131,TRIAD_044,A15_GroupDiverse-Gap_B3000,R1,1385197443,1991832991,2551,Det/images/normal_train/01287834.png,0,06,learnable_hard,0.4456130618,0.47,0.2181596254,normal_replay,GroupDiverse-Gap
RUN_131,TRIAD_044,A15_GroupDiverse-Gap_B3000,R1,1385197443,1991832991,2552,Det/images/normal_train/00966184.png,0,07,learnable_hard,0.1456233522,0.98,0.1170723614,normal_replay,GroupDiverse-Gap
RUN_131,TRIAD_044,A15_GroupDiverse-Gap_B3000,R1,1385197443,1991832991,2553,Det/images/normal_train/00304725.png,0,06,easy_clean,0.0151107519,1.0,0.0235963445,normal_replay,GroupDiverse-Gap
RUN_131,TRIAD_044,A15_GroupDiverse-Gap_B3000,R1,1385197443,1991832991,2554,Det/images/normal_train/00530160.png,0,01,learnable_hard,0.4324239786,0.675,0.1934189545,normal_replay,GroupDiverse-Gap
RUN_131,TRIAD_044,A15_GroupDiverse-Gap_B3000,R1,1385197443,1991832991,2555,Det/images/normal_train/00957426.png,0,02,learnable_hard,0.1897152315,0.995,0.1156583575,normal_replay,GroupDiverse-Gap
RUN_131,TRIAD_044,A15_GroupDiverse-Gap_B3000,R1,1385197443,1991832991,2556,Det/images/normal_train/01156042.png,0,00,easy_clean,0.0689884106,1.0,0.0577658657,normal_replay,GroupDiverse-Gap
RUN_131,TRIAD_044,A15_GroupDiverse-Gap_B3000,R1,1385197443,1991832991,2557,Det/images/normal_train/00875516.png,0,06,easy_clean,0.000972042,1.0,0.002024471,normal_replay,GroupDiverse-Gap
RUN_131,TRIAD_044,A15_GroupDiverse-Gap_B3000,R1,1385197443,1991832991,2558,Det/images/normal_train/00982456.png,0,00,easy_clean,0.0007754453,1.0,0.0015315606,normal_replay,GroupDiverse-Gap
RUN_131,TRIAD_044,A15_GroupDiverse-Gap_B3000,R1,1385197443,1991832991,2559,Det/images/normal_train/00318947.png,0,01,easy_clean,0.008545932,1.0,0.0112889459,normal_replay,GroupDiverse-Gap
RUN_131,TRIAD_044,A15_GroupDiverse-Gap_B3000,R1,1385197443,1991832991,2560,Det/images/normal_train/00491137.png,0,06,easy_clean,0.0089049667,1.0,0.0127770495,normal_replay,GroupDiverse-Gap
RUN_131,TRIAD_044,A15_GroupDiverse-Gap_B3000,R1,1385197443,1991832991,2561,Det/images/normal_train/00334964.png,0,06,easy_clean,0.0025801931,1.0,0.0034939875,normal_replay,GroupDiverse-Gap
RUN_131,TRIAD_044,A15_GroupDiverse-Gap_B3000,R1,1385197443,1991832991,2562,Det/images/normal_train/01190190.png,0,02,easy_clean,0.0824285978,1.0,0.0423549846,normal_replay,GroupDiverse-Gap
RUN_131,TRIAD_044,A15_GroupDiverse-Gap_B3000,R1,1385197443,1991832991,2563,Det/images/normal_train/00781564.png,0,02,easy_clean,0.0010638979,1.0,0.0021557021,normal_replay,GroupDiverse-Gap
RUN_131,TRIAD_044,A15_GroupDiverse-Gap_B3000,R1,1385197443,1991832991,2564,Det/images/normal_train/00847503.png,0,04,easy_clean,0.0005252953,1.0,0.0007544608,normal_replay,GroupDiverse-Gap
RUN_131,TRIAD_044,A15_GroupDiverse-Gap_B3000,R1,1385197443,1991832991,2565,Det/images/normal_train/00530758.png,0,01,easy_clean,0.0002796213,1.0,0.0005257648,normal_replay,GroupDiverse-Gap
RUN_131,TRIAD_044,A15_GroupDiverse-Gap_B3000,R1,1385197443,1991832991,2566,Det/images/normal_train/01119308.png,0,01,learnable_hard,0.1536327602,0.995,0.0829070312,normal_replay,GroupDiverse-Gap
RUN_131,TRIAD_044,A15_GroupDiverse-Gap_B3000,R1,1385197443,1991832991,2567,Det/images/normal_train/00571438.png,0,03,learnable_hard,0.0927869473,0.955,0.1556854703,normal_replay,GroupDiverse-Gap
RUN_131,TRIAD_044,A15_GroupDiverse-Gap_B3000,R1,1385197443,1991832991,2568,Det/images/normal_train/00548708.png,0,00,easy_clean,0.016242913,1.0,0.0106366851,normal_replay,GroupDiverse-Gap
RUN_131,TRIAD_044,A15_GroupDiverse-Gap_B3000,R1,1385197443,1991832991,2569,Det/images/normal_train/00727982.png,0,04,easy_clean,0.0078247766,1.0,0.0105457165,normal_replay,GroupDiverse-Gap
RUN_131,TRIAD_044,A15_GroupDiverse-Gap_B3000,R1,1385197443,1991832991,2570,Det/images/normal_train/01065953.png,0,08,easy_clean,0.0050258222,1.0,0.0049143167,normal_replay,GroupDiverse-Gap
RUN_131,TRIAD_044,A15_GroupDiverse-Gap_B3000,R1,1385197443,1991832991,2571,Det/images/normal_train/00998230.png,0,03,unstable_boundary,0.5559945364,0.21,0.1293911688,normal_replay,GroupDiverse-Gap
RUN_131,TRIAD_044,A15_GroupDiverse-Gap_B3000,R1,1385197443,1991832991,2572,Det/images/normal_train/00976846.png,0,04,easy_clean,0.0016194642,1.0,0.0026631827,normal_replay,GroupDiverse-Gap
RUN_131,TRIAD_044,A15_GroupDiverse-Gap_B3000,R1,1385197443,1991832991,2573,Det/images/normal_train/01281213.png,0,05,easy_clean,0.0378728683,1.0,0.0397375023,normal_replay,GroupDiverse-Gap
RUN_131,TRIAD_044,A15_GroupDiverse-Gap_B3000,R1,1385197443,1991832991,2574,Det/images/normal_train/00429013.png,0,01,easy_clean,0.0038786153,1.0,0.0055383447,normal_replay,GroupDiverse-Gap
RUN_131,TRIAD_044,A15_GroupDiverse-Gap_B3000,R1,1385197443,1991832991,2575,Det/images/normal_train/01127489.png,0,06,easy_clean,0.0065464814,1.0,0.0111585193,normal_replay,GroupDiverse-Gap
RUN_131,TRIAD_044,A15_GroupDiverse-Gap_B3000,R1,1385197443,1991832991,2576,Det/images/normal_train/00924231.png,0,07,easy_clean,0.0003733323,1.0,0.0006498526,normal_replay,GroupDiverse-Gap
RUN_131,TRIAD_044,A15_GroupDiverse-Gap_B3000,R1,1385197443,1991832991,2577,Det/images/normal_train/00830392.png,0,06,easy_clean,0.002938076,1.0,0.0042431645,normal_replay,GroupDiverse-Gap
RUN_131,TRIAD_044,A15_GroupDiverse-Gap_B3000,R1,1385197443,1991832991,2578,Det/images/normal_train/00318850.png,0,01,easy_clean,0.016004027,1.0,0.0324693434,normal_replay,GroupDiverse-Gap
RUN_131,TRIAD_044,A15_GroupDiverse-Gap_B3000,R1,1385197443,1991832991,2579,Det/images/normal_train/00174534.png,0,01,learnable_hard,0.1759356402,0.99,0.1201071131,normal_replay,GroupDiverse-Gap
RUN_131,TRIAD_044,A15_GroupDiverse-Gap_B3000,R1,1385197443,1991832991,2580,Det/images/normal_train/00291642.png,0,04,easy_clean,0.0785446937,0.995,0.0880105468,normal_replay,GroupDiverse-Gap
RUN_131,TRIAD_044,A15_GroupDiverse-Gap_B3000,R1,1385197443,1991832991,2581,Det/images/normal_train/00849468.png,0,05,easy_clean,0.0024252612,1.0,0.0025418003,normal_replay,GroupDiverse-Gap
RUN_131,TRIAD_044,A15_GroupDiverse-Gap_B3000,R1,1385197443,1991832991,2582,Det/images/normal_train/00186521.png,0,01,easy_clean,0.0007051949,1.0,0.0006769232,normal_replay,GroupDiverse-Gap
RUN_131,TRIAD_044,A15_GroupDiverse-Gap_B3000,R1,1385197443,1991832991,2583,Det/images/normal_train/00847508.png,0,04,easy_clean,0.0577859107,1.0,0.0578720041,normal_replay,GroupDiverse-Gap
RUN_131,TRIAD_044,A15_GroupDiverse-Gap_B3000,R1,1385197443,1991832991,2584,Det/images/normal_train/00919953.png,0,04,easy_clean,0.0047945008,1.0,0.0059790149,normal_replay,GroupDiverse-Gap
RUN_131,TRIAD_044,A15_GroupDiverse-Gap_B3000,R1,1385197443,1991832991,2585,Det/images/normal_train/00215716.png,0,07,easy_clean,0.0052727644,1.0,0.0062181062,normal_replay,GroupDiverse-Gap
RUN_131,TRIAD_044,A15_GroupDiverse-Gap_B3000,R1,1385197443,1991832991,2586,Det/images/normal_train/01105816.png,0,05,easy_clean,0.0054846399,1.0,0.0069349874,normal_replay,GroupDiverse-Gap
RUN_131,TRIAD_044,A15_GroupDiverse-Gap_B3000,R1,1385197443,1991832991,2587,Det/images/normal_train/01278223.png,0,05,easy_clean,0.01244547,1.0,0.0140385774,normal_replay,GroupDiverse-Gap
RUN_131,TRIAD_044,A15_GroupDiverse-Gap_B3000,R1,1385197443,1991832991,2588,Det/images/normal_train/00506923.png,0,09,learnable_hard,0.0367384119,0.98,0.0857149149,normal_replay,GroupDiverse-Gap
RUN_131,TRIAD_044,A15_GroupDiverse-Gap_B3000,R1,1385197443,1991832991,2589,Det/images/normal_train/00463025.png,0,09,easy_clean,0.0403059994,1.0,0.050653856,normal_replay,GroupDiverse-Gap
RUN_131,TRIAD_044,A15_GroupDiverse-Gap_B3000,R1,1385197443,1991832991,2590,Det/images/normal_train/00189706.png,0,02,easy_clean,0.0049414917,1.0,0.0171236334,normal_replay,GroupDiverse-Gap
RUN_131,TRIAD_044,A15_GroupDiverse-Gap_B3000,R1,1385197443,1991832991,2591,Det/images/normal_train/00335363.png,0,07,easy_clean,0.0009386454,1.0,0.0018956315,normal_replay,GroupDiverse-Gap
RUN_131,TRIAD_044,A15_GroupDiverse-Gap_B3000,R1,1385197443,1991832991,2592,Det/images/normal_train/00351209.png,0,03,learnable_hard,0.3011349784,0.94,0.1329624462,normal_replay,GroupDiverse-Gap
RUN_131,TRIAD_044,A15_GroupDiverse-Gap_B3000,R1,1385197443,1991832991,2593,Det/images/normal_train/01127688.png,0,06,easy_clean,0.0059077016,1.0,0.0077607722,normal_replay,GroupDiverse-Gap
RUN_131,TRIAD_044,A15_GroupDiverse-Gap_B3000,R1,1385197443,1991832991,2594,Det/images/normal_train/00590695.png,0,04,easy_clean,0.002343522,1.0,0.0030381838,normal_replay,GroupDiverse-Gap
RUN_131,TRIAD_044,A15_GroupDiverse-Gap_B3000,R1,1385197443,1991832991,2595,Det/images/normal_train/01269015.png,0,00,learnable_hard,0.3137610588,0.9,0.1381894104,normal_replay,GroupDiverse-Gap
RUN_131,TRIAD_044,A15_GroupDiverse-Gap_B3000,R1,1385197443,1991832991,2596,Det/images/normal_train/00578047.png,0,03,easy_clean,0.0009796165,1.0,0.0015281157,normal_replay,GroupDiverse-Gap
RUN_131,TRIAD_044,A15_GroupDiverse-Gap_B3000,R1,1385197443,1991832991,2597,Det/images/normal_train/00740402.png,0,04,ordinary,0.1206607248,1.0,0.0695814704,normal_replay,GroupDiverse-Gap
RUN_131,TRIAD_044,A15_GroupDiverse-Gap_B3000,R1,1385197443,1991832991,2598,Det/images/normal_train/01286505.png,0,00,easy_clean,0.0312456676,1.0,0.0291928792,normal_replay,GroupDiverse-Gap
RUN_131,TRIAD_044,A15_GroupDiverse-Gap_B3000,R1,1385197443,1991832991,2599,Det/images/normal_train/00712109.png,0,01,learnable_hard,0.1380276729,0.99,0.0690394692,normal_replay,GroupDiverse-Gap
RUN_131,TRIAD_044,A15_GroupDiverse-Gap_B3000,R1,1385197443,1991832991,2600,Det/images/normal_train/01276835.png,0,01,learnable_hard,0.3422578772,0.985,0.0691191525,normal_replay,GroupDiverse-Gap
RUN_131,TRIAD_044,A15_GroupDiverse-Gap_B3000,R1,1385197443,1991832991,2601,Det/images/normal_train/01216408.png,0,01,unstable_boundary,0.5013343149,0.335,0.1999997864,normal_replay,GroupDiverse-Gap
RUN_131,TRIAD_044,A15_GroupDiverse-Gap_B3000,R1,1385197443,1991832991,2602,Det/images/normal_train/01225869.png,0,01,easy_clean,0.0490820384,1.0,0.0352086894,normal_replay,GroupDiverse-Gap
RUN_131,TRIAD_044,A15_GroupDiverse-Gap_B3000,R1,1385197443,1991832991,2603,Det/images/normal_train/00810048.png,0,09,easy_clean,0.0301619694,1.0,0.0251200147,normal_replay,GroupDiverse-Gap
RUN_131,TRIAD_044,A15_GroupDiverse-Gap_B3000,R1,1385197443,1991832991,2604,Det/images/normal_train/00829910.png,0,09,easy_clean,0.000191162,1.0,0.0005720553,normal_replay,GroupDiverse-Gap
RUN_131,TRIAD_044,A15_GroupDiverse-Gap_B3000,R1,1385197443,1991832991,2605,Det/images/normal_train/00193478.png,0,06,easy_clean,0.007129696,1.0,0.008689651,normal_replay,GroupDiverse-Gap
RUN_131,TRIAD_044,A15_GroupDiverse-Gap_B3000,R1,1385197443,1991832991,2606,Det/images/normal_train/00814689.png,0,02,easy_clean,0.007084717,1.0,0.0107700173,normal_replay,GroupDiverse-Gap
RUN_131,TRIAD_044,A15_GroupDiverse-Gap_B3000,R1,1385197443,1991832991,2607,Det/images/normal_train/01293346.png,0,08,easy_clean,0.0165410082,1.0,0.028933726,normal_replay,GroupDiverse-Gap
RUN_131,TRIAD_044,A15_GroupDiverse-Gap_B3000,R1,1385197443,1991832991,2608,Det/images/normal_train/00299825.png,0,01,easy_clean,0.0074362755,1.0,0.0278906263,normal_replay,GroupDiverse-Gap
RUN_131,TRIAD_044,A15_GroupDiverse-Gap_B3000,R1,1385197443,1991832991,2609,Det/images/normal_train/01068904.png,0,00,learnable_hard,0.195475655,0.995,0.0736954677,normal_replay,GroupDiverse-Gap
RUN_131,TRIAD_044,A15_GroupDiverse-Gap_B3000,R1,1385197443,1991832991,2610,Det/images/normal_train/01103887.png,0,02,easy_clean,0.0061657571,1.0,0.0100123322,normal_replay,GroupDiverse-Gap
RUN_131,TRIAD_044,A15_GroupDiverse-Gap_B3000,R1,1385197443,1991832991,2611,Det/images/normal_train/01179283.png,0,07,easy_clean,0.0485275026,1.0,0.0296082297,normal_replay,GroupDiverse-Gap
RUN_131,TRIAD_044,A15_GroupDiverse-Gap_B3000,R1,1385197443,1991832991,2612,Det/images/normal_train/00538310.png,0,09,easy_clean,0.0151190251,1.0,0.0220285716,normal_replay,GroupDiverse-Gap
RUN_131,TRIAD_044,A15_GroupDiverse-Gap_B3000,R1,1385197443,1991832991,2613,Det/images/normal_train/00591003.png,0,07,easy_clean,0.005373537,1.0,0.012809166,normal_replay,GroupDiverse-Gap
RUN_131,TRIAD_044,A15_GroupDiverse-Gap_B3000,R1,1385197443,1991832991,2614,Det/images/normal_train/00331054.png,0,02,learnable_hard,0.0092129565,0.995,0.0492847092,normal_replay,GroupDiverse-Gap
RUN_131,TRIAD_044,A15_GroupDiverse-Gap_B3000,R1,1385197443,1991832991,2615,Det/images/normal_train/00372978.png,0,05,easy_clean,0.001079987,1.0,0.0023694974,normal_replay,GroupDiverse-Gap
RUN_131,TRIAD_044,A15_GroupDiverse-Gap_B3000,R1,1385197443,1991832991,2616,Det/images/normal_train/00425190.png,0,02,learnable_hard,0.0210438933,0.995,0.0464446227,normal_replay,GroupDiverse-Gap
RUN_131,TRIAD_044,A15_GroupDiverse-Gap_B3000,R1,1385197443,1991832991,2617,Det/images/normal_train/00492190.png,0,05,easy_clean,0.0309392622,1.0,0.0376693924,normal_replay,GroupDiverse-Gap
RUN_131,TRIAD_044,A15_GroupDiverse-Gap_B3000,R1,1385197443,1991832991,2618,Det/images/normal_train/00616007.png,0,00,easy_clean,0.087196585,1.0,0.0596078262,normal_replay,GroupDiverse-Gap
RUN_131,TRIAD_044,A15_GroupDiverse-Gap_B3000,R1,1385197443,1991832991,2619,Det/images/normal_train/01238548.png,0,04,easy_clean,0.009311339,1.0,0.0109348461,normal_replay,GroupDiverse-Gap
RUN_131,TRIAD_044,A15_GroupDiverse-Gap_B3000,R1,1385197443,1991832991,2620,Det/images/normal_train/00574871.png,0,03,easy_clean,0.0064279585,1.0,0.0107624705,normal_replay,GroupDiverse-Gap
RUN_131,TRIAD_044,A15_GroupDiverse-Gap_B3000,R1,1385197443,1991832991,2621,Det/images/normal_train/00822655.png,0,08,easy_clean,0.0677860786,1.0,0.0833686469,normal_replay,GroupDiverse-Gap
RUN_131,TRIAD_044,A15_GroupDiverse-Gap_B3000,R1,1385197443,1991832991,2622,Det/images/normal_train/00747150.png,0,06,persistent_hard,0.7318716843,0.22,0.231821913,normal_replay,GroupDiverse-Gap
RUN_131,TRIAD_044,A15_GroupDiverse-Gap_B3000,R1,1385197443,1991832991,2623,Det/images/normal_train/00219544.png,0,09,easy_clean,0.0019471188,1.0,0.0028123951,normal_replay,GroupDiverse-Gap
RUN_131,TRIAD_044,A15_GroupDiverse-Gap_B3000,R1,1385197443,1991832991,2624,Det/images/normal_train/01139785.png,0,05,learnable_hard,0.1318634067,0.985,0.1206106632,normal_replay,GroupDiverse-Gap
RUN_131,TRIAD_044,A15_GroupDiverse-Gap_B3000,R1,1385197443,1991832991,2625,Det/images/normal_train/00520559.png,0,06,easy_clean,0.0041093567,1.0,0.0051841794,normal_replay,GroupDiverse-Gap
RUN_131,TRIAD_044,A15_GroupDiverse-Gap_B3000,R1,1385197443,1991832991,2626,Det/images/normal_train/01016030.png,0,04,learnable_hard,0.3666296523,0.755,0.1682029285,normal_replay,GroupDiverse-Gap
RUN_131,TRIAD_044,A15_GroupDiverse-Gap_B3000,R1,1385197443,1991832991,2627,Det/images/normal_train/01237587.png,0,05,easy_clean,0.0041319194,1.0,0.0130127681,normal_replay,GroupDiverse-Gap
RUN_131,TRIAD_044,A15_GroupDiverse-Gap_B3000,R1,1385197443,1991832991,2628,Det/images/normal_train/00594841.png,0,06,learnable_hard,0.0968777224,0.97,0.1344797792,normal_replay,GroupDiverse-Gap
RUN_131,TRIAD_044,A15_GroupDiverse-Gap_B3000,R1,1385197443,1991832991,2629,Det/images/normal_train/00458007.png,0,05,easy_clean,0.0092881704,1.0,0.01068551,normal_replay,GroupDiverse-Gap
RUN_131,TRIAD_044,A15_GroupDiverse-Gap_B3000,R1,1385197443,1991832991,2630,Det/images/normal_train/00329235.png,0,03,easy_clean,0.0048397952,1.0,0.0082367401,normal_replay,GroupDiverse-Gap
RUN_131,TRIAD_044,A15_GroupDiverse-Gap_B3000,R1,1385197443,1991832991,2631,Det/images/normal_train/00175456.png,0,06,easy_clean,0.0017925831,1.0,0.0026376484,normal_replay,GroupDiverse-Gap
RUN_131,TRIAD_044,A15_GroupDiverse-Gap_B3000,R1,1385197443,1991832991,2632,Det/images/normal_train/00571150.png,0,03,unstable_boundary,0.4544118351,0.61,0.1518995138,normal_replay,GroupDiverse-Gap
RUN_131,TRIAD_044,A15_GroupDiverse-Gap_B3000,R1,1385197443,1991832991,2633,Det/images/normal_train/00365957.png,0,00,easy_clean,0.002471879,1.0,0.0045177613,normal_replay,GroupDiverse-Gap
RUN_131,TRIAD_044,A15_GroupDiverse-Gap_B3000,R1,1385197443,1991832991,2634,Det/images/normal_train/01023851.png,0,00,easy_clean,0.0260872283,1.0,0.0282673649,normal_replay,GroupDiverse-Gap
RUN_131,TRIAD_044,A15_GroupDiverse-Gap_B3000,R1,1385197443,1991832991,2635,Det/images/normal_train/00245814.png,0,08,easy_clean,0.0047813711,1.0,0.009287567,normal_replay,GroupDiverse-Gap
RUN_131,TRIAD_044,A15_GroupDiverse-Gap_B3000,R1,1385197443,1991832991,2636,Det/images/normal_train/00702082.png,0,06,easy_clean,0.0129855679,1.0,0.0166514095,normal_replay,GroupDiverse-Gap
RUN_131,TRIAD_044,A15_GroupDiverse-Gap_B3000,R1,1385197443,1991832991,2637,Det/images/normal_train/00654652.png,0,02,easy_clean,0.0005315108,1.0,0.0012332048,normal_replay,GroupDiverse-Gap
RUN_131,TRIAD_044,A15_GroupDiverse-Gap_B3000,R1,1385197443,1991832991,2638,Det/images/normal_train/00827104.png,0,09,easy_clean,0.0126373672,0.99,0.0703567873,normal_replay,GroupDiverse-Gap
RUN_131,TRIAD_044,A15_GroupDiverse-Gap_B3000,R1,1385197443,1991832991,2639,Det/images/normal_train/01079234.png,0,02,easy_clean,0.0005594435,1.0,0.0008401365,normal_replay,GroupDiverse-Gap
RUN_131,TRIAD_044,A15_GroupDiverse-Gap_B3000,R1,1385197443,1991832991,2640,Det/images/normal_train/00800458.png,0,05,easy_clean,0.047820546,1.0,0.0537105916,normal_replay,GroupDiverse-Gap
RUN_131,TRIAD_044,A15_GroupDiverse-Gap_B3000,R1,1385197443,1991832991,2641,Det/images/normal_train/00695501.png,0,03,easy_clean,0.0423700939,0.995,0.0643383941,normal_replay,GroupDiverse-Gap
RUN_131,TRIAD_044,A15_GroupDiverse-Gap_B3000,R1,1385197443,1991832991,2642,Det/images/normal_train/01163635.png,0,08,easy_clean,0.0065585131,1.0,0.0059177824,normal_replay,GroupDiverse-Gap
RUN_131,TRIAD_044,A15_GroupDiverse-Gap_B3000,R1,1385197443,1991832991,2643,Det/images/normal_train/01101867.png,0,00,ordinary,0.2686735297,0.8,0.3370992594,normal_replay,GroupDiverse-Gap
RUN_131,TRIAD_044,A15_GroupDiverse-Gap_B3000,R1,1385197443,1991832991,2644,Det/images/normal_train/00625444.png,0,08,easy_clean,0.0084279805,1.0,0.0107724048,normal_replay,GroupDiverse-Gap
RUN_131,TRIAD_044,A15_GroupDiverse-Gap_B3000,R1,1385197443,1991832991,2645,Det/images/normal_train/01174104.png,0,01,easy_clean,0.0029353933,1.0,0.0044655643,normal_replay,GroupDiverse-Gap
RUN_131,TRIAD_044,A15_GroupDiverse-Gap_B3000,R1,1385197443,1991832991,2646,Det/images/normal_train/00354605.png,0,00,persistent_hard,0.7321824637,0.01,0.1331489982,normal_replay,GroupDiverse-Gap
RUN_131,TRIAD_044,A15_GroupDiverse-Gap_B3000,R1,1385197443,1991832991,2647,Det/images/normal_train/00574889.png,0,03,easy_clean,0.0060972314,1.0,0.0138418648,normal_replay,GroupDiverse-Gap
RUN_131,TRIAD_044,A15_GroupDiverse-Gap_B3000,R1,1385197443,1991832991,2648,Det/images/normal_train/00798698.png,0,03,easy_clean,0.0012379234,1.0,0.0034191436,normal_replay,GroupDiverse-Gap
RUN_131,TRIAD_044,A15_GroupDiverse-Gap_B3000,R1,1385197443,1991832991,2649,Det/images/normal_train/01114260.png,0,04,easy_clean,0.0464644066,1.0,0.0326135941,normal_replay,GroupDiverse-Gap
RUN_131,TRIAD_044,A15_GroupDiverse-Gap_B3000,R1,1385197443,1991832991,2650,Det/images/normal_train/01088270.png,0,00,easy_clean,0.0199827414,1.0,0.0193501016,normal_replay,GroupDiverse-Gap
RUN_131,TRIAD_044,A15_GroupDiverse-Gap_B3000,R1,1385197443,1991832991,2651,Det/images/normal_train/01147957.png,0,07,easy_clean,0.0004282493,1.0,0.0008984091,normal_replay,GroupDiverse-Gap
RUN_131,TRIAD_044,A15_GroupDiverse-Gap_B3000,R1,1385197443,1991832991,2652,Det/images/normal_train/00998053.png,0,03,easy_clean,0.0013914784,1.0,0.0048932628,normal_replay,GroupDiverse-Gap
RUN_131,TRIAD_044,A15_GroupDiverse-Gap_B3000,R1,1385197443,1991832991,2653,Det/images/normal_train/01223546.png,0,03,easy_clean,0.0768196094,1.0,0.060072548,normal_replay,GroupDiverse-Gap
RUN_131,TRIAD_044,A15_GroupDiverse-Gap_B3000,R1,1385197443,1991832991,2654,Det/images/normal_train/00346405.png,0,07,easy_clean,0.0041997991,1.0,0.0078440333,normal_replay,GroupDiverse-Gap
RUN_131,TRIAD_044,A15_GroupDiverse-Gap_B3000,R1,1385197443,1991832991,2655,Det/images/normal_train/00730906.png,0,09,easy_clean,0.0219024558,1.0,0.0325630259,normal_replay,GroupDiverse-Gap
RUN_131,TRIAD_044,A15_GroupDiverse-Gap_B3000,R1,1385197443,1991832991,2656,Det/images/normal_train/00776110.png,0,06,easy_clean,0.0083076692,1.0,0.0196782205,normal_replay,GroupDiverse-Gap
RUN_131,TRIAD_044,A15_GroupDiverse-Gap_B3000,R1,1385197443,1991832991,2657,Det/images/normal_train/00319381.png,0,04,easy_clean,0.0135511751,1.0,0.0114895259,normal_replay,GroupDiverse-Gap
RUN_131,TRIAD_044,A15_GroupDiverse-Gap_B3000,R1,1385197443,1991832991,2658,Det/images/normal_train/00536915.png,0,02,easy_clean,0.0071695906,1.0,0.0053984374,normal_replay,GroupDiverse-Gap
RUN_131,TRIAD_044,A15_GroupDiverse-Gap_B3000,R1,1385197443,1991832991,2659,Det/images/normal_train/01173053.png,0,01,learnable_hard,0.0238114569,0.995,0.0449638258,normal_replay,GroupDiverse-Gap
RUN_131,TRIAD_044,A15_GroupDiverse-Gap_B3000,R1,1385197443,1991832991,2660,Det/images/normal_train/01187596.png,0,07,learnable_hard,0.2500733768,0.985,0.1519561501,normal_replay,GroupDiverse-Gap
RUN_131,TRIAD_044,A15_GroupDiverse-Gap_B3000,R1,1385197443,1991832991,2661,Det/images/normal_train/00357706.png,0,09,easy_clean,0.0187011775,1.0,0.0158999176,normal_replay,GroupDiverse-Gap
RUN_131,TRIAD_044,A15_GroupDiverse-Gap_B3000,R1,1385197443,1991832991,2662,Det/images/normal_train/00410906.png,0,00,easy_clean,0.0091702378,1.0,0.0136692284,normal_replay,GroupDiverse-Gap
RUN_131,TRIAD_044,A15_GroupDiverse-Gap_B3000,R1,1385197443,1991832991,2663,Det/images/normal_train/00448067.png,0,04,easy_clean,0.0003165673,1.0,0.0004277536,normal_replay,GroupDiverse-Gap
RUN_131,TRIAD_044,A15_GroupDiverse-Gap_B3000,R1,1385197443,1991832991,2664,Det/images/normal_train/00376011.png,0,00,easy_clean,0.0018267372,1.0,0.0022834493,normal_replay,GroupDiverse-Gap
RUN_131,TRIAD_044,A15_GroupDiverse-Gap_B3000,R1,1385197443,1991832991,2665,Det/images/normal_train/01271747.png,0,03,easy_clean,0.0091938245,1.0,0.0204625097,normal_replay,GroupDiverse-Gap
RUN_131,TRIAD_044,A15_GroupDiverse-Gap_B3000,R1,1385197443,1991832991,2666,Det/images/normal_train/00566722.png,0,07,easy_clean,0.018445694,1.0,0.0233082196,normal_replay,GroupDiverse-Gap
RUN_131,TRIAD_044,A15_GroupDiverse-Gap_B3000,R1,1385197443,1991832991,2667,Det/images/normal_train/00576992.png,0,04,easy_clean,0.0008627372,1.0,0.0024134238,normal_replay,GroupDiverse-Gap
RUN_131,TRIAD_044,A15_GroupDiverse-Gap_B3000,R1,1385197443,1991832991,2668,Det/images/normal_train/00461054.png,0,02,easy_clean,0.0001181995,1.0,0.0002113357,normal_replay,GroupDiverse-Gap
RUN_131,TRIAD_044,A15_GroupDiverse-Gap_B3000,R1,1385197443,1991832991,2669,Det/images/normal_train/01049453.png,0,08,easy_clean,0.0046646654,1.0,0.0074944764,normal_replay,GroupDiverse-Gap
RUN_131,TRIAD_044,A15_GroupDiverse-Gap_B3000,R1,1385197443,1991832991,2670,Det/images/normal_train/00294996.png,0,05,easy_clean,0.0111510491,1.0,0.0105760081,normal_replay,GroupDiverse-Gap
RUN_131,TRIAD_044,A15_GroupDiverse-Gap_B3000,R1,1385197443,1991832991,2671,Det/images/normal_train/01088257.png,0,00,easy_clean,0.0423469573,1.0,0.0420888304,normal_replay,GroupDiverse-Gap
RUN_131,TRIAD_044,A15_GroupDiverse-Gap_B3000,R1,1385197443,1991832991,2672,Det/images/normal_train/00374570.png,0,06,easy_clean,0.0013766259,1.0,0.0018183303,normal_replay,GroupDiverse-Gap
RUN_131,TRIAD_044,A15_GroupDiverse-Gap_B3000,R1,1385197443,1991832991,2673,Det/images/normal_train/00232212.png,0,00,easy_clean,0.009183605,1.0,0.0259626847,normal_replay,GroupDiverse-Gap
RUN_131,TRIAD_044,A15_GroupDiverse-Gap_B3000,R1,1385197443,1991832991,2674,Det/images/normal_train/00994430.png,0,04,learnable_hard,0.2827910791,0.9,0.1430565417,normal_replay,GroupDiverse-Gap
RUN_131,TRIAD_044,A15_GroupDiverse-Gap_B3000,R1,1385197443,1991832991,2675,Det/images/normal_train/00789170.png,0,09,easy_clean,0.0011876737,1.0,0.0018132322,normal_replay,GroupDiverse-Gap
RUN_131,TRIAD_044,A15_GroupDiverse-Gap_B3000,R1,1385197443,1991832991,2676,Det/images/normal_train/00260801.png,0,09,easy_clean,0.0042253827,1.0,0.0084587706,normal_replay,GroupDiverse-Gap
RUN_131,TRIAD_044,A15_GroupDiverse-Gap_B3000,R1,1385197443,1991832991,2677,Det/images/normal_train/00415726.png,0,04,ordinary,0.2196719764,1.0,0.1476786256,normal_replay,GroupDiverse-Gap
RUN_131,TRIAD_044,A15_GroupDiverse-Gap_B3000,R1,1385197443,1991832991,2678,Det/images/normal_train/00318672.png,0,01,easy_clean,0.0108464069,1.0,0.0145864389,normal_replay,GroupDiverse-Gap
RUN_131,TRIAD_044,A15_GroupDiverse-Gap_B3000,R1,1385197443,1991832991,2679,Det/images/normal_train/01163973.png,0,08,easy_clean,0.0345452538,1.0,0.0311077859,normal_replay,GroupDiverse-Gap
RUN_131,TRIAD_044,A15_GroupDiverse-Gap_B3000,R1,1385197443,1991832991,2680,Det/images/normal_train/00531479.png,0,04,easy_clean,0.0010515366,1.0,0.0036524432,normal_replay,GroupDiverse-Gap
RUN_131,TRIAD_044,A15_GroupDiverse-Gap_B3000,R1,1385197443,1991832991,2681,Det/images/normal_train/00799305.png,0,09,unstable_boundary,0.4498787189,0.41,0.1729756167,normal_replay,GroupDiverse-Gap
RUN_131,TRIAD_044,A15_GroupDiverse-Gap_B3000,R1,1385197443,1991832991,2682,Det/images/normal_train/01238177.png,0,04,easy_clean,0.0021874537,1.0,0.0034094738,normal_replay,GroupDiverse-Gap
RUN_131,TRIAD_044,A15_GroupDiverse-Gap_B3000,R1,1385197443,1991832991,2683,Det/images/normal_train/00943739.png,0,09,easy_clean,0.0732828139,1.0,0.049305868,normal_replay,GroupDiverse-Gap
RUN_131,TRIAD_044,A15_GroupDiverse-Gap_B3000,R1,1385197443,1991832991,2684,Det/images/normal_train/01251078.png,0,04,learnable_hard,0.0146166919,0.995,0.0489205185,normal_replay,GroupDiverse-Gap
RUN_131,TRIAD_044,A15_GroupDiverse-Gap_B3000,R1,1385197443,1991832991,2685,Det/images/normal_train/00830079.png,0,06,easy_clean,0.0016898814,1.0,0.0020710516,normal_replay,GroupDiverse-Gap
RUN_131,TRIAD_044,A15_GroupDiverse-Gap_B3000,R1,1385197443,1991832991,2686,Det/images/normal_train/00856231.png,0,08,easy_clean,0.0005592863,1.0,0.0008760515,normal_replay,GroupDiverse-Gap
RUN_131,TRIAD_044,A15_GroupDiverse-Gap_B3000,R1,1385197443,1991832991,2687,Det/images/normal_train/00245440.png,0,08,easy_clean,0.0681152097,1.0,0.0182294827,normal_replay,GroupDiverse-Gap
RUN_131,TRIAD_044,A15_GroupDiverse-Gap_B3000,R1,1385197443,1991832991,2688,Det/images/normal_train/00897705.png,0,00,learnable_hard,0.1944599822,0.95,0.1537262667,normal_replay,GroupDiverse-Gap
RUN_131,TRIAD_044,A15_GroupDiverse-Gap_B3000,R1,1385197443,1991832991,2689,Det/images/normal_train/00779897.png,0,08,easy_clean,0.0017261005,1.0,0.0028387449,normal_replay,GroupDiverse-Gap
RUN_131,TRIAD_044,A15_GroupDiverse-Gap_B3000,R1,1385197443,1991832991,2690,Det/images/normal_train/00654241.png,0,02,easy_clean,0.0013803186,1.0,0.0016876818,normal_replay,GroupDiverse-Gap
RUN_131,TRIAD_044,A15_GroupDiverse-Gap_B3000,R1,1385197443,1991832991,2691,Det/images/normal_train/00252137.png,0,08,easy_clean,0.0027103897,1.0,0.0219933479,normal_replay,GroupDiverse-Gap
RUN_131,TRIAD_044,A15_GroupDiverse-Gap_B3000,R1,1385197443,1991832991,2692,Det/images/normal_train/00798966.png,0,03,easy_clean,0.0022037763,1.0,0.0053014816,normal_replay,GroupDiverse-Gap
RUN_131,TRIAD_044,A15_GroupDiverse-Gap_B3000,R1,1385197443,1991832991,2693,Det/images/normal_train/00763999.png,0,07,easy_clean,0.0041450764,1.0,0.0180117312,normal_replay,GroupDiverse-Gap
RUN_131,TRIAD_044,A15_GroupDiverse-Gap_B3000,R1,1385197443,1991832991,2694,Det/images/normal_train/00315376.png,0,03,learnable_hard,0.1053074058,0.99,0.1137580002,normal_replay,GroupDiverse-Gap
RUN_131,TRIAD_044,A15_GroupDiverse-Gap_B3000,R1,1385197443,1991832991,2695,Det/images/normal_train/00859130.png,0,08,easy_clean,0.0043010234,1.0,0.0134545766,normal_replay,GroupDiverse-Gap
RUN_131,TRIAD_044,A15_GroupDiverse-Gap_B3000,R1,1385197443,1991832991,2696,Det/images/normal_train/01258589.png,0,03,easy_clean,0.0236545662,1.0,0.0276954392,normal_replay,GroupDiverse-Gap
RUN_131,TRIAD_044,A15_GroupDiverse-Gap_B3000,R1,1385197443,1991832991,2697,Det/images/normal_train/00207647.png,0,01,easy_clean,0.0100259413,1.0,0.0225653256,normal_replay,GroupDiverse-Gap
RUN_131,TRIAD_044,A15_GroupDiverse-Gap_B3000,R1,1385197443,1991832991,2698,Det/images/normal_train/00773274.png,0,01,easy_clean,0.0035987047,1.0,0.0141732454,normal_replay,GroupDiverse-Gap
RUN_131,TRIAD_044,A15_GroupDiverse-Gap_B3000,R1,1385197443,1991832991,2699,Det/images/normal_train/01290103.png,0,03,easy_clean,0.0094151097,1.0,0.0130452889,normal_replay,GroupDiverse-Gap
RUN_131,TRIAD_044,A15_GroupDiverse-Gap_B3000,R1,1385197443,1991832991,2700,Det/images/normal_train/00714615.png,0,06,easy_clean,0.0058617983,1.0,0.0105346777,normal_replay,GroupDiverse-Gap
RUN_131,TRIAD_044,A15_GroupDiverse-Gap_B3000,R1,1385197443,1991832991,2701,Det/images/normal_train/00277316.png,0,04,easy_clean,0.0498814296,1.0,0.0442874746,normal_replay,GroupDiverse-Gap
RUN_131,TRIAD_044,A15_GroupDiverse-Gap_B3000,R1,1385197443,1991832991,2702,Det/images/normal_train/00495870.png,0,08,easy_clean,0.0033755893,1.0,0.0064726085,normal_replay,GroupDiverse-Gap
RUN_131,TRIAD_044,A15_GroupDiverse-Gap_B3000,R1,1385197443,1991832991,2703,Det/images/normal_train/00542219.png,0,04,learnable_hard,0.1870091128,0.99,0.1156999872,normal_replay,GroupDiverse-Gap
RUN_131,TRIAD_044,A15_GroupDiverse-Gap_B3000,R1,1385197443,1991832991,2704,Det/images/normal_train/00237736.png,0,06,easy_clean,0.0362271084,1.0,0.0514072785,normal_replay,GroupDiverse-Gap
RUN_131,TRIAD_044,A15_GroupDiverse-Gap_B3000,R1,1385197443,1991832991,2705,Det/images/normal_train/00708013.png,0,03,easy_clean,0.0076803029,1.0,0.0292448609,normal_replay,GroupDiverse-Gap
RUN_131,TRIAD_044,A15_GroupDiverse-Gap_B3000,R1,1385197443,1991832991,2706,Det/images/normal_train/00511089.png,0,02,learnable_hard,0.2389773834,0.95,0.1824440774,normal_replay,GroupDiverse-Gap
RUN_131,TRIAD_044,A15_GroupDiverse-Gap_B3000,R1,1385197443,1991832991,2707,Det/images/normal_train/01295740.png,0,04,learnable_hard,0.1274500358,0.99,0.1150728543,normal_replay,GroupDiverse-Gap
RUN_131,TRIAD_044,A15_GroupDiverse-Gap_B3000,R1,1385197443,1991832991,2708,Det/images/normal_train/01205323.png,0,04,learnable_hard,0.0151327879,0.995,0.0528596415,normal_replay,GroupDiverse-Gap
RUN_131,TRIAD_044,A15_GroupDiverse-Gap_B3000,R1,1385197443,1991832991,2709,Det/images/normal_train/00708441.png,0,03,learnable_hard,0.0092306327,0.995,0.0519338916,normal_replay,GroupDiverse-Gap
RUN_131,TRIAD_044,A15_GroupDiverse-Gap_B3000,R1,1385197443,1991832991,2710,Det/images/normal_train/00184765.png,0,05,easy_clean,0.0056354564,1.0,0.0080398049,normal_replay,GroupDiverse-Gap
RUN_131,TRIAD_044,A15_GroupDiverse-Gap_B3000,R1,1385197443,1991832991,2711,Det/images/normal_train/00542552.png,0,04,easy_clean,0.0292035239,1.0,0.0385517885,normal_replay,GroupDiverse-Gap
RUN_131,TRIAD_044,A15_GroupDiverse-Gap_B3000,R1,1385197443,1991832991,2712,Det/images/normal_train/00482496.png,0,02,easy_clean,0.0203512937,1.0,0.0177834492,normal_replay,GroupDiverse-Gap
RUN_131,TRIAD_044,A15_GroupDiverse-Gap_B3000,R1,1385197443,1991832991,2713,Det/images/normal_train/01214412.png,0,00,learnable_hard,0.1468046825,0.99,0.0712982347,normal_replay,GroupDiverse-Gap
RUN_131,TRIAD_044,A15_GroupDiverse-Gap_B3000,R1,1385197443,1991832991,2714,Det/images/normal_train/00826024.png,0,03,easy_clean,0.0022120033,1.0,0.0038611405,normal_replay,GroupDiverse-Gap
RUN_131,TRIAD_044,A15_GroupDiverse-Gap_B3000,R1,1385197443,1991832991,2715,Det/images/normal_train/01222869.png,0,07,easy_clean,0.0357258886,1.0,0.0256295206,normal_replay,GroupDiverse-Gap
RUN_131,TRIAD_044,A15_GroupDiverse-Gap_B3000,R1,1385197443,1991832991,2716,Det/images/normal_train/00195594.png,0,08,learnable_hard,0.1878371374,0.99,0.1645583086,normal_replay,GroupDiverse-Gap
RUN_131,TRIAD_044,A15_GroupDiverse-Gap_B3000,R1,1385197443,1991832991,2717,Det/images/normal_train/01246610.png,0,01,persistent_hard,0.6325367415,0.25,0.1614034817,normal_replay,GroupDiverse-Gap
RUN_131,TRIAD_044,A15_GroupDiverse-Gap_B3000,R1,1385197443,1991832991,2718,Det/images/normal_train/00366101.png,0,02,easy_clean,0.0161752799,1.0,0.0307098131,normal_replay,GroupDiverse-Gap
RUN_131,TRIAD_044,A15_GroupDiverse-Gap_B3000,R1,1385197443,1991832991,2719,Det/images/normal_train/00707191.png,0,07,easy_clean,0.0050783122,1.0,0.0171787468,normal_replay,GroupDiverse-Gap
RUN_131,TRIAD_044,A15_GroupDiverse-Gap_B3000,R1,1385197443,1991832991,2720,Det/images/normal_train/00677777.png,0,01,easy_clean,0.0206037161,1.0,0.0380794276,normal_replay,GroupDiverse-Gap
RUN_131,TRIAD_044,A15_GroupDiverse-Gap_B3000,R1,1385197443,1991832991,2721,Det/images/normal_train/01155505.png,0,07,easy_clean,0.0004893992,1.0,0.0008789727,normal_replay,GroupDiverse-Gap
RUN_131,TRIAD_044,A15_GroupDiverse-Gap_B3000,R1,1385197443,1991832991,2722,Det/images/normal_train/00961675.png,0,07,easy_clean,0.0135363555,1.0,0.0263259818,normal_replay,GroupDiverse-Gap
RUN_131,TRIAD_044,A15_GroupDiverse-Gap_B3000,R1,1385197443,1991832991,2723,Det/images/normal_train/00254304.png,0,03,learnable_hard,0.2693749176,0.925,0.176815276,normal_replay,GroupDiverse-Gap
RUN_131,TRIAD_044,A15_GroupDiverse-Gap_B3000,R1,1385197443,1991832991,2724,Det/images/normal_train/00347984.png,0,09,easy_clean,0.0738821131,1.0,0.0512508233,normal_replay,GroupDiverse-Gap
RUN_131,TRIAD_044,A15_GroupDiverse-Gap_B3000,R1,1385197443,1991832991,2725,Det/images/normal_train/00535052.png,0,02,easy_clean,0.0001824716,1.0,0.0002687802,normal_replay,GroupDiverse-Gap
RUN_131,TRIAD_044,A15_GroupDiverse-Gap_B3000,R1,1385197443,1991832991,2726,Det/images/normal_train/00243021.png,0,06,easy_clean,0.0708218855,1.0,0.0457025371,normal_replay,GroupDiverse-Gap
RUN_131,TRIAD_044,A15_GroupDiverse-Gap_B3000,R1,1385197443,1991832991,2727,Det/images/normal_train/00367547.png,0,04,easy_clean,0.003098855,1.0,0.0051702078,normal_replay,GroupDiverse-Gap
RUN_131,TRIAD_044,A15_GroupDiverse-Gap_B3000,R1,1385197443,1991832991,2728,Det/images/normal_train/01112261.png,0,07,ordinary,0.16317522,1.0,0.0435792699,normal_replay,GroupDiverse-Gap
RUN_131,TRIAD_044,A15_GroupDiverse-Gap_B3000,R1,1385197443,1991832991,2729,Det/images/normal_train/00322753.png,0,05,easy_clean,0.0092219044,1.0,0.0127148411,normal_replay,GroupDiverse-Gap
RUN_131,TRIAD_044,A15_GroupDiverse-Gap_B3000,R1,1385197443,1991832991,2730,Det/images/normal_train/00783039.png,0,01,easy_clean,0.0110018937,1.0,0.0268497931,normal_replay,GroupDiverse-Gap
RUN_131,TRIAD_044,A15_GroupDiverse-Gap_B3000,R1,1385197443,1991832991,2731,Det/images/normal_train/00961838.png,0,07,easy_clean,0.0067018063,1.0,0.0084316422,normal_replay,GroupDiverse-Gap
RUN_131,TRIAD_044,A15_GroupDiverse-Gap_B3000,R1,1385197443,1991832991,2732,Det/images/normal_train/01244282.png,0,04,easy_clean,0.0052891383,1.0,0.0064093662,normal_replay,GroupDiverse-Gap
RUN_131,TRIAD_044,A15_GroupDiverse-Gap_B3000,R1,1385197443,1991832991,2733,Det/images/normal_train/00377898.png,0,01,easy_clean,0.0216517166,1.0,0.0164582284,normal_replay,GroupDiverse-Gap
RUN_131,TRIAD_044,A15_GroupDiverse-Gap_B3000,R1,1385197443,1991832991,2734,Det/images/normal_train/00252051.png,0,08,easy_clean,0.0029143164,1.0,0.0032999065,normal_replay,GroupDiverse-Gap
RUN_131,TRIAD_044,A15_GroupDiverse-Gap_B3000,R1,1385197443,1991832991,2735,Det/images/normal_train/00841701.png,0,04,easy_clean,0.0019319569,1.0,0.0040853575,normal_replay,GroupDiverse-Gap
RUN_131,TRIAD_044,A15_GroupDiverse-Gap_B3000,R1,1385197443,1991832991,2736,Det/images/normal_train/00758741.png,0,04,easy_clean,0.0022039801,1.0,0.0079545975,normal_replay,GroupDiverse-Gap
RUN_131,TRIAD_044,A15_GroupDiverse-Gap_B3000,R1,1385197443,1991832991,2737,Det/images/normal_train/00535814.png,0,02,easy_clean,0.0006593127,1.0,0.0021796294,normal_replay,GroupDiverse-Gap
RUN_131,TRIAD_044,A15_GroupDiverse-Gap_B3000,R1,1385197443,1991832991,2738,Det/images/normal_train/00660119.png,0,00,easy_clean,0.0050920225,1.0,0.0059046048,normal_replay,GroupDiverse-Gap
RUN_131,TRIAD_044,A15_GroupDiverse-Gap_B3000,R1,1385197443,1991832991,2739,Det/images/normal_train/00617052.png,0,05,easy_clean,0.0081688358,1.0,0.0323162497,normal_replay,GroupDiverse-Gap
RUN_131,TRIAD_044,A15_GroupDiverse-Gap_B3000,R1,1385197443,1991832991,2740,Det/images/normal_train/00523684.png,0,00,easy_clean,0.0006026979,1.0,0.0010273106,normal_replay,GroupDiverse-Gap
RUN_131,TRIAD_044,A15_GroupDiverse-Gap_B3000,R1,1385197443,1991832991,2741,Det/images/normal_train/00334034.png,0,06,easy_clean,0.0025183722,1.0,0.0032984858,normal_replay,GroupDiverse-Gap
RUN_131,TRIAD_044,A15_GroupDiverse-Gap_B3000,R1,1385197443,1991832991,2742,Det/images/normal_train/00587281.png,0,00,learnable_hard,0.0289321694,0.995,0.0490315693,normal_replay,GroupDiverse-Gap
RUN_131,TRIAD_044,A15_GroupDiverse-Gap_B3000,R1,1385197443,1991832991,2743,Det/images/normal_train/01072427.png,0,03,unstable_boundary,0.5875582692,0.375,0.1415541792,normal_replay,GroupDiverse-Gap
RUN_131,TRIAD_044,A15_GroupDiverse-Gap_B3000,R1,1385197443,1991832991,2744,Det/images/normal_train/00615166.png,0,01,easy_clean,0.0142772787,1.0,0.0122516815,normal_replay,GroupDiverse-Gap
RUN_131,TRIAD_044,A15_GroupDiverse-Gap_B3000,R1,1385197443,1991832991,2745,Det/images/normal_train/00819192.png,0,07,easy_clean,0.0125155979,1.0,0.0149701444,normal_replay,GroupDiverse-Gap
RUN_131,TRIAD_044,A15_GroupDiverse-Gap_B3000,R1,1385197443,1991832991,2746,Det/images/normal_train/00531321.png,0,04,easy_clean,0.0328642499,1.0,0.022943791,normal_replay,GroupDiverse-Gap
RUN_131,TRIAD_044,A15_GroupDiverse-Gap_B3000,R1,1385197443,1991832991,2747,Det/images/normal_train/00208742.png,0,01,easy_clean,0.0078324496,1.0,0.0172583651,normal_replay,GroupDiverse-Gap
RUN_131,TRIAD_044,A15_GroupDiverse-Gap_B3000,R1,1385197443,1991832991,2748,Det/images/normal_train/01280442.png,0,03,learnable_hard,0.0379098667,0.995,0.0774853919,normal_replay,GroupDiverse-Gap
RUN_131,TRIAD_044,A15_GroupDiverse-Gap_B3000,R1,1385197443,1991832991,2749,Det/images/normal_train/01075434.png,0,05,easy_clean,0.0428721674,1.0,0.0302374585,normal_replay,GroupDiverse-Gap
RUN_131,TRIAD_044,A15_GroupDiverse-Gap_B3000,R1,1385197443,1991832991,2750,Det/images/normal_train/00543819.png,0,06,learnable_hard,0.0122314527,0.995,0.054811775,normal_replay,GroupDiverse-Gap
RUN_131,TRIAD_044,A15_GroupDiverse-Gap_B3000,R1,1385197443,1991832991,2751,Det/images/normal_train/00859848.png,0,08,easy_clean,0.0009559843,1.0,0.0013981178,normal_replay,GroupDiverse-Gap
RUN_131,TRIAD_044,A15_GroupDiverse-Gap_B3000,R1,1385197443,1991832991,2752,Det/images/normal_train/01008688.png,0,07,easy_clean,0.0095231743,1.0,0.0123150297,normal_replay,GroupDiverse-Gap
RUN_131,TRIAD_044,A15_GroupDiverse-Gap_B3000,R1,1385197443,1991832991,2753,Det/images/normal_train/00822755.png,0,08,easy_clean,0.0040071944,1.0,0.0087969921,normal_replay,GroupDiverse-Gap
RUN_131,TRIAD_044,A15_GroupDiverse-Gap_B3000,R1,1385197443,1991832991,2754,Det/images/normal_train/00830898.png,0,06,easy_clean,0.0062059004,1.0,0.0065377917,normal_replay,GroupDiverse-Gap
RUN_131,TRIAD_044,A15_GroupDiverse-Gap_B3000,R1,1385197443,1991832991,2755,Det/images/normal_train/00747233.png,0,06,easy_clean,0.0080895337,1.0,0.0159234617,normal_replay,GroupDiverse-Gap
RUN_131,TRIAD_044,A15_GroupDiverse-Gap_B3000,R1,1385197443,1991832991,2756,Det/images/normal_train/00295613.png,0,03,easy_clean,0.0004333256,1.0,0.0011954136,normal_replay,GroupDiverse-Gap
RUN_131,TRIAD_044,A15_GroupDiverse-Gap_B3000,R1,1385197443,1991832991,2757,Det/images/normal_train/00483482.png,0,06,easy_clean,0.0046890176,1.0,0.0124871169,normal_replay,GroupDiverse-Gap
RUN_131,TRIAD_044,A15_GroupDiverse-Gap_B3000,R1,1385197443,1991832991,2758,Det/images/normal_train/00901162.png,0,06,easy_clean,0.0180726414,1.0,0.0302932759,normal_replay,GroupDiverse-Gap
RUN_131,TRIAD_044,A15_GroupDiverse-Gap_B3000,R1,1385197443,1991832991,2759,Det/images/normal_train/01113693.png,0,07,easy_clean,0.0268406289,1.0,0.0359375077,normal_replay,GroupDiverse-Gap
RUN_131,TRIAD_044,A15_GroupDiverse-Gap_B3000,R1,1385197443,1991832991,2760,Det/images/normal_train/01162476.png,0,06,learnable_hard,0.157480546,0.99,0.0878721956,normal_replay,GroupDiverse-Gap
RUN_131,TRIAD_044,A15_GroupDiverse-Gap_B3000,R1,1385197443,1991832991,2761,Det/images/normal_train/00151288.png,0,01,easy_clean,0.0119571806,1.0,0.0139511184,normal_replay,GroupDiverse-Gap
RUN_131,TRIAD_044,A15_GroupDiverse-Gap_B3000,R1,1385197443,1991832991,2762,Det/images/normal_train/00192419.png,0,09,easy_clean,0.0285623793,1.0,0.0453238007,normal_replay,GroupDiverse-Gap
RUN_131,TRIAD_044,A15_GroupDiverse-Gap_B3000,R1,1385197443,1991832991,2763,Det/images/normal_train/00590081.png,0,04,easy_clean,0.0071211217,1.0,0.0097553235,normal_replay,GroupDiverse-Gap
RUN_131,TRIAD_044,A15_GroupDiverse-Gap_B3000,R1,1385197443,1991832991,2764,Det/images/normal_train/00871082.png,0,07,easy_clean,0.0010475616,1.0,0.0013947893,normal_replay,GroupDiverse-Gap
RUN_131,TRIAD_044,A15_GroupDiverse-Gap_B3000,R1,1385197443,1991832991,2765,Det/images/normal_train/00617786.png,0,05,easy_clean,0.0021645129,1.0,0.0021955889,normal_replay,GroupDiverse-Gap
RUN_131,TRIAD_044,A15_GroupDiverse-Gap_B3000,R1,1385197443,1991832991,2766,Det/images/normal_train/00620847.png,0,06,easy_clean,0.0025515782,1.0,0.0035391329,normal_replay,GroupDiverse-Gap
RUN_131,TRIAD_044,A15_GroupDiverse-Gap_B3000,R1,1385197443,1991832991,2767,Det/images/normal_train/00826428.png,0,03,easy_clean,0.0030894886,1.0,0.0042710755,normal_replay,GroupDiverse-Gap
RUN_131,TRIAD_044,A15_GroupDiverse-Gap_B3000,R1,1385197443,1991832991,2768,Det/images/normal_train/00989017.png,0,04,easy_clean,0.0147644181,1.0,0.0121637045,normal_replay,GroupDiverse-Gap
RUN_131,TRIAD_044,A15_GroupDiverse-Gap_B3000,R1,1385197443,1991832991,2769,Det/images/normal_train/01118324.png,0,02,easy_clean,0.0319588749,1.0,0.0233705619,normal_replay,GroupDiverse-Gap
RUN_131,TRIAD_044,A15_GroupDiverse-Gap_B3000,R1,1385197443,1991832991,2770,Det/images/normal_train/00647275.png,0,01,ordinary,0.2815257497,0.915,0.1553104183,normal_replay,GroupDiverse-Gap
RUN_131,TRIAD_044,A15_GroupDiverse-Gap_B3000,R1,1385197443,1991832991,2771,Det/images/normal_train/00709500.png,0,07,easy_clean,0.0019933539,1.0,0.0059910107,normal_replay,GroupDiverse-Gap
RUN_131,TRIAD_044,A15_GroupDiverse-Gap_B3000,R1,1385197443,1991832991,2772,Det/images/normal_train/01143082.png,0,08,easy_clean,0.016854457,1.0,0.0425913646,normal_replay,GroupDiverse-Gap
RUN_131,TRIAD_044,A15_GroupDiverse-Gap_B3000,R1,1385197443,1991832991,2773,Det/images/normal_train/00205833.png,0,08,learnable_hard,0.037077922,0.995,0.0686778995,normal_replay,GroupDiverse-Gap
RUN_131,TRIAD_044,A15_GroupDiverse-Gap_B3000,R1,1385197443,1991832991,2774,Det/images/normal_train/01015236.png,0,03,easy_clean,0.0032005631,1.0,0.0036674515,normal_replay,GroupDiverse-Gap
RUN_131,TRIAD_044,A15_GroupDiverse-Gap_B3000,R1,1385197443,1991832991,2775,Det/images/normal_train/00299809.png,0,01,learnable_hard,0.0677155694,0.955,0.1573747332,normal_replay,GroupDiverse-Gap
RUN_131,TRIAD_044,A15_GroupDiverse-Gap_B3000,R1,1385197443,1991832991,2776,Det/images/normal_train/01221369.png,0,02,easy_clean,0.0129199215,1.0,0.018655881,normal_replay,GroupDiverse-Gap
RUN_131,TRIAD_044,A15_GroupDiverse-Gap_B3000,R1,1385197443,1991832991,2777,Det/images/normal_train/01026028.png,0,07,easy_clean,0.001344064,1.0,0.0016053302,normal_replay,GroupDiverse-Gap
RUN_131,TRIAD_044,A15_GroupDiverse-Gap_B3000,R1,1385197443,1991832991,2778,Det/images/normal_train/01184722.png,0,04,learnable_hard,0.6252819736,0.165,0.1835032516,normal_replay,GroupDiverse-Gap
RUN_131,TRIAD_044,A15_GroupDiverse-Gap_B3000,R1,1385197443,1991832991,2779,Det/images/normal_train/01168740.png,0,02,easy_clean,0.0803914963,1.0,0.0450058357,normal_replay,GroupDiverse-Gap
RUN_131,TRIAD_044,A15_GroupDiverse-Gap_B3000,R1,1385197443,1991832991,2780,Det/images/normal_train/00809477.png,0,05,easy_clean,0.0036321983,1.0,0.0045773373,normal_replay,GroupDiverse-Gap
RUN_131,TRIAD_044,A15_GroupDiverse-Gap_B3000,R1,1385197443,1991832991,2781,Det/images/normal_train/00655182.png,0,08,learnable_hard,0.0361656494,0.995,0.0505762424,normal_replay,GroupDiverse-Gap
RUN_131,TRIAD_044,A15_GroupDiverse-Gap_B3000,R1,1385197443,1991832991,2782,Det/images/normal_train/00532104.png,0,07,learnable_hard,0.0411590366,0.985,0.0865425897,normal_replay,GroupDiverse-Gap
RUN_131,TRIAD_044,A15_GroupDiverse-Gap_B3000,R1,1385197443,1991832991,2783,Det/images/normal_train/01075436.png,0,05,easy_clean,0.0375127666,1.0,0.0280114593,normal_replay,GroupDiverse-Gap
RUN_131,TRIAD_044,A15_GroupDiverse-Gap_B3000,R1,1385197443,1991832991,2784,Det/images/normal_train/01084348.png,0,01,easy_clean,0.0167681888,1.0,0.0224740263,normal_replay,GroupDiverse-Gap
RUN_131,TRIAD_044,A15_GroupDiverse-Gap_B3000,R1,1385197443,1991832991,2785,Det/images/normal_train/00625616.png,0,08,ordinary,0.2050111082,0.975,0.1183170417,normal_replay,GroupDiverse-Gap
RUN_131,TRIAD_044,A15_GroupDiverse-Gap_B3000,R1,1385197443,1991832991,2786,Det/images/normal_train/00862481.png,0,07,easy_clean,0.004694411,1.0,0.0040674745,normal_replay,GroupDiverse-Gap
RUN_131,TRIAD_044,A15_GroupDiverse-Gap_B3000,R1,1385197443,1991832991,2787,Det/images/normal_train/00684881.png,0,09,learnable_hard,0.0119200912,0.995,0.0576985018,normal_replay,GroupDiverse-Gap
RUN_131,TRIAD_044,A15_GroupDiverse-Gap_B3000,R1,1385197443,1991832991,2788,Det/images/normal_train/00522253.png,0,07,easy_clean,0.0268628183,1.0,0.0354831154,normal_replay,GroupDiverse-Gap
RUN_131,TRIAD_044,A15_GroupDiverse-Gap_B3000,R1,1385197443,1991832991,2789,Det/images/normal_train/00683067.png,0,07,easy_clean,0.0112192989,1.0,0.0303378207,normal_replay,GroupDiverse-Gap
RUN_131,TRIAD_044,A15_GroupDiverse-Gap_B3000,R1,1385197443,1991832991,2790,Det/images/normal_train/01274644.png,0,08,easy_clean,0.0238416857,1.0,0.0318507224,normal_replay,GroupDiverse-Gap
RUN_131,TRIAD_044,A15_GroupDiverse-Gap_B3000,R1,1385197443,1991832991,2791,Det/images/normal_train/01138958.png,0,02,easy_clean,0.0046176317,1.0,0.0057880615,normal_replay,GroupDiverse-Gap
RUN_131,TRIAD_044,A15_GroupDiverse-Gap_B3000,R1,1385197443,1991832991,2792,Det/images/normal_train/01025292.png,0,01,easy_clean,0.0009477043,1.0,0.0028181494,normal_replay,GroupDiverse-Gap
RUN_131,TRIAD_044,A15_GroupDiverse-Gap_B3000,R1,1385197443,1991832991,2793,Det/images/normal_train/01275160.png,0,06,easy_clean,0.0097387147,1.0,0.013715196,normal_replay,GroupDiverse-Gap
RUN_131,TRIAD_044,A15_GroupDiverse-Gap_B3000,R1,1385197443,1991832991,2794,Det/images/normal_train/01232163.png,0,09,easy_clean,0.0054223869,1.0,0.0105475171,normal_replay,GroupDiverse-Gap
RUN_131,TRIAD_044,A15_GroupDiverse-Gap_B3000,R1,1385197443,1991832991,2795,Det/images/normal_train/00621656.png,0,07,easy_clean,0.0002236903,1.0,0.0003527073,normal_replay,GroupDiverse-Gap
RUN_131,TRIAD_044,A15_GroupDiverse-Gap_B3000,R1,1385197443,1991832991,2796,Det/images/normal_train/00556324.png,0,04,easy_clean,0.0226012828,1.0,0.0329137239,normal_replay,GroupDiverse-Gap
RUN_131,TRIAD_044,A15_GroupDiverse-Gap_B3000,R1,1385197443,1991832991,2797,Det/images/normal_train/00540298.png,0,05,easy_clean,0.0148283351,1.0,0.0228358723,normal_replay,GroupDiverse-Gap
RUN_131,TRIAD_044,A15_GroupDiverse-Gap_B3000,R1,1385197443,1991832991,2798,Det/images/normal_train/01050330.png,0,08,easy_clean,0.0469997014,1.0,0.0618340601,normal_replay,GroupDiverse-Gap
RUN_131,TRIAD_044,A15_GroupDiverse-Gap_B3000,R1,1385197443,1991832991,2799,Det/images/normal_train/00247831.png,0,01,easy_clean,0.0054004063,1.0,0.0100290684,normal_replay,GroupDiverse-Gap
RUN_131,TRIAD_044,A15_GroupDiverse-Gap_B3000,R1,1385197443,1991832991,2800,Det/images/normal_train/00535557.png,0,02,easy_clean,0.0019104272,1.0,0.003894837,normal_replay,GroupDiverse-Gap
RUN_131,TRIAD_044,A15_GroupDiverse-Gap_B3000,R1,1385197443,1991832991,2801,Det/images/normal_train/00886205.png,0,09,learnable_hard,0.2596837166,0.705,0.2711736661,normal_replay,GroupDiverse-Gap
RUN_131,TRIAD_044,A15_GroupDiverse-Gap_B3000,R1,1385197443,1991832991,2802,Det/images/normal_train/01147697.png,0,07,easy_clean,0.031715301,1.0,0.0269978555,normal_replay,GroupDiverse-Gap
RUN_131,TRIAD_044,A15_GroupDiverse-Gap_B3000,R1,1385197443,1991832991,2803,Det/images/normal_train/00357226.png,0,09,easy_clean,0.0493245239,1.0,0.0393472533,normal_replay,GroupDiverse-Gap
RUN_131,TRIAD_044,A15_GroupDiverse-Gap_B3000,R1,1385197443,1991832991,2804,Det/images/normal_train/00266190.png,0,01,easy_clean,0.0003503908,1.0,0.0007833163,normal_replay,GroupDiverse-Gap
RUN_131,TRIAD_044,A15_GroupDiverse-Gap_B3000,R1,1385197443,1991832991,2805,Det/images/normal_train/00720481.png,0,09,easy_clean,0.0087098723,1.0,0.0172351434,normal_replay,GroupDiverse-Gap
RUN_131,TRIAD_044,A15_GroupDiverse-Gap_B3000,R1,1385197443,1991832991,2806,Det/images/normal_train/00705807.png,0,04,easy_clean,0.0176950654,1.0,0.0211741854,normal_replay,GroupDiverse-Gap
RUN_131,TRIAD_044,A15_GroupDiverse-Gap_B3000,R1,1385197443,1991832991,2807,Det/images/normal_train/01164046.png,0,08,easy_clean,0.0206253592,1.0,0.0162085354,normal_replay,GroupDiverse-Gap
RUN_131,TRIAD_044,A15_GroupDiverse-Gap_B3000,R1,1385197443,1991832991,2808,Det/images/normal_train/00489125.png,0,02,easy_clean,0.0187185253,1.0,0.0222117156,normal_replay,GroupDiverse-Gap
RUN_131,TRIAD_044,A15_GroupDiverse-Gap_B3000,R1,1385197443,1991832991,2809,Det/images/normal_train/00564604.png,0,04,easy_clean,0.0068777331,1.0,0.0085199218,normal_replay,GroupDiverse-Gap
RUN_131,TRIAD_044,A15_GroupDiverse-Gap_B3000,R1,1385197443,1991832991,2810,Det/images/normal_train/00314302.png,0,05,learnable_hard,0.1146185775,0.99,0.1017977128,normal_replay,GroupDiverse-Gap
RUN_131,TRIAD_044,A15_GroupDiverse-Gap_B3000,R1,1385197443,1991832991,2811,Det/images/normal_train/00977752.png,0,09,easy_clean,0.0834642944,1.0,0.0430658773,normal_replay,GroupDiverse-Gap
RUN_131,TRIAD_044,A15_GroupDiverse-Gap_B3000,R1,1385197443,1991832991,2812,Det/images/normal_train/00324907.png,0,00,easy_clean,0.0174622222,1.0,0.0189802136,normal_replay,GroupDiverse-Gap
RUN_131,TRIAD_044,A15_GroupDiverse-Gap_B3000,R1,1385197443,1991832991,2813,Det/images/normal_train/00794557.png,0,08,easy_clean,0.0031476341,1.0,0.0044113852,normal_replay,GroupDiverse-Gap
RUN_131,TRIAD_044,A15_GroupDiverse-Gap_B3000,R1,1385197443,1991832991,2814,Det/images/normal_train/00994777.png,0,04,easy_clean,0.0004071503,1.0,0.0005688552,normal_replay,GroupDiverse-Gap
RUN_131,TRIAD_044,A15_GroupDiverse-Gap_B3000,R1,1385197443,1991832991,2815,Det/images/normal_train/00966125.png,0,07,easy_clean,0.0149804663,1.0,0.0265943146,normal_replay,GroupDiverse-Gap
RUN_131,TRIAD_044,A15_GroupDiverse-Gap_B3000,R1,1385197443,1991832991,2816,Det/images/normal_train/00907510.png,0,02,easy_clean,0.0285622131,1.0,0.0451569366,normal_replay,GroupDiverse-Gap
RUN_131,TRIAD_044,A15_GroupDiverse-Gap_B3000,R1,1385197443,1991832991,2817,Det/images/normal_train/00497294.png,0,01,easy_clean,0.0698493648,1.0,0.082611676,normal_replay,GroupDiverse-Gap
RUN_131,TRIAD_044,A15_GroupDiverse-Gap_B3000,R1,1385197443,1991832991,2818,Det/images/normal_train/00656512.png,0,08,easy_clean,0.0144398294,1.0,0.0319704622,normal_replay,GroupDiverse-Gap
RUN_131,TRIAD_044,A15_GroupDiverse-Gap_B3000,R1,1385197443,1991832991,2819,Det/images/normal_train/01099145.png,0,03,easy_clean,0.0035835754,1.0,0.0065882763,normal_replay,GroupDiverse-Gap
RUN_131,TRIAD_044,A15_GroupDiverse-Gap_B3000,R1,1385197443,1991832991,2820,Det/images/normal_train/00938835.png,0,08,easy_clean,0.0110254153,1.0,0.0142267044,normal_replay,GroupDiverse-Gap
RUN_131,TRIAD_044,A15_GroupDiverse-Gap_B3000,R1,1385197443,1991832991,2821,Det/images/normal_train/00192064.png,0,09,easy_clean,0.0081286056,1.0,0.0073436853,normal_replay,GroupDiverse-Gap
RUN_131,TRIAD_044,A15_GroupDiverse-Gap_B3000,R1,1385197443,1991832991,2822,Det/images/normal_train/00480480.png,0,07,easy_clean,0.0328886642,1.0,0.0240213983,normal_replay,GroupDiverse-Gap
RUN_131,TRIAD_044,A15_GroupDiverse-Gap_B3000,R1,1385197443,1991832991,2823,Det/images/normal_train/01009297.png,0,07,easy_clean,0.0017777467,1.0,0.0020090281,normal_replay,GroupDiverse-Gap
RUN_131,TRIAD_044,A15_GroupDiverse-Gap_B3000,R1,1385197443,1991832991,2824,Det/images/normal_train/00337570.png,0,07,learnable_hard,0.0469673022,0.99,0.0684948685,normal_replay,GroupDiverse-Gap
RUN_131,TRIAD_044,A15_GroupDiverse-Gap_B3000,R1,1385197443,1991832991,2825,Det/images/normal_train/00242299.png,0,01,easy_clean,0.0045128088,1.0,0.003913398,normal_replay,GroupDiverse-Gap
RUN_131,TRIAD_044,A15_GroupDiverse-Gap_B3000,R1,1385197443,1991832991,2826,Det/images/normal_train/00860830.png,0,03,easy_clean,0.0073593423,1.0,0.0136409611,normal_replay,GroupDiverse-Gap
RUN_131,TRIAD_044,A15_GroupDiverse-Gap_B3000,R1,1385197443,1991832991,2827,Det/images/normal_train/01243399.png,0,00,easy_clean,0.003189676,1.0,0.0065285954,normal_replay,GroupDiverse-Gap
RUN_131,TRIAD_044,A15_GroupDiverse-Gap_B3000,R1,1385197443,1991832991,2828,Det/images/normal_train/00388165.png,0,00,easy_clean,0.0075047627,1.0,0.0083006125,normal_replay,GroupDiverse-Gap
RUN_131,TRIAD_044,A15_GroupDiverse-Gap_B3000,R1,1385197443,1991832991,2829,Det/images/normal_train/01144075.png,0,05,easy_clean,0.0064039633,1.0,0.0143354767,normal_replay,GroupDiverse-Gap
RUN_131,TRIAD_044,A15_GroupDiverse-Gap_B3000,R1,1385197443,1991832991,2830,Det/images/normal_train/01093306.png,0,04,ordinary,0.2722150922,0.83,0.2847674406,normal_replay,GroupDiverse-Gap
RUN_131,TRIAD_044,A15_GroupDiverse-Gap_B3000,R1,1385197443,1991832991,2831,Det/images/normal_train/00187932.png,0,03,easy_clean,0.0139780505,1.0,0.0160502284,normal_replay,GroupDiverse-Gap
RUN_131,TRIAD_044,A15_GroupDiverse-Gap_B3000,R1,1385197443,1991832991,2832,Det/images/normal_train/00638478.png,0,00,easy_clean,0.0563428341,1.0,0.0749905759,normal_replay,GroupDiverse-Gap
RUN_131,TRIAD_044,A15_GroupDiverse-Gap_B3000,R1,1385197443,1991832991,2833,Det/images/normal_train/00238165.png,0,02,easy_clean,0.0178688503,1.0,0.0230478946,normal_replay,GroupDiverse-Gap
RUN_131,TRIAD_044,A15_GroupDiverse-Gap_B3000,R1,1385197443,1991832991,2834,Det/images/normal_train/00862674.png,0,07,learnable_hard,0.107276967,0.99,0.0976197038,normal_replay,GroupDiverse-Gap
RUN_131,TRIAD_044,A15_GroupDiverse-Gap_B3000,R1,1385197443,1991832991,2835,Det/images/normal_train/01186888.png,0,09,learnable_hard,0.326056769,0.8,0.1794020461,normal_replay,GroupDiverse-Gap
RUN_131,TRIAD_044,A15_GroupDiverse-Gap_B3000,R1,1385197443,1991832991,2836,Det/images/normal_train/01091544.png,0,02,easy_clean,0.0160067793,1.0,0.0209859988,normal_replay,GroupDiverse-Gap
RUN_131,TRIAD_044,A15_GroupDiverse-Gap_B3000,R1,1385197443,1991832991,2837,Det/images/normal_train/00904819.png,0,06,easy_clean,0.0040595606,1.0,0.0056103481,normal_replay,GroupDiverse-Gap
RUN_131,TRIAD_044,A15_GroupDiverse-Gap_B3000,R1,1385197443,1991832991,2838,Det/images/normal_train/01129325.png,0,09,easy_clean,0.0134547437,1.0,0.0165065168,normal_replay,GroupDiverse-Gap
RUN_131,TRIAD_044,A15_GroupDiverse-Gap_B3000,R1,1385197443,1991832991,2839,Det/images/normal_train/00636908.png,0,08,easy_clean,0.0100199322,1.0,0.0158999606,normal_replay,GroupDiverse-Gap
RUN_131,TRIAD_044,A15_GroupDiverse-Gap_B3000,R1,1385197443,1991832991,2840,Det/images/normal_train/01085690.png,0,07,easy_clean,0.0403342024,1.0,0.0315434728,normal_replay,GroupDiverse-Gap
RUN_131,TRIAD_044,A15_GroupDiverse-Gap_B3000,R1,1385197443,1991832991,2841,Det/images/normal_train/00881736.png,0,08,easy_clean,0.0177539432,1.0,0.0473263685,normal_replay,GroupDiverse-Gap
RUN_131,TRIAD_044,A15_GroupDiverse-Gap_B3000,R1,1385197443,1991832991,2842,Det/images/normal_train/00616774.png,0,00,easy_clean,0.0009377832,1.0,0.0008657435,normal_replay,GroupDiverse-Gap
RUN_131,TRIAD_044,A15_GroupDiverse-Gap_B3000,R1,1385197443,1991832991,2843,Det/images/normal_train/00368507.png,0,02,easy_clean,0.0002757689,1.0,0.0004318373,normal_replay,GroupDiverse-Gap
RUN_131,TRIAD_044,A15_GroupDiverse-Gap_B3000,R1,1385197443,1991832991,2844,Det/images/normal_train/00910346.png,0,05,ordinary,0.1048290722,1.0,0.0950367566,normal_replay,GroupDiverse-Gap
RUN_131,TRIAD_044,A15_GroupDiverse-Gap_B3000,R1,1385197443,1991832991,2845,Det/images/normal_train/00759736.png,0,08,easy_clean,0.0120945329,1.0,0.0175810918,normal_replay,GroupDiverse-Gap
RUN_131,TRIAD_044,A15_GroupDiverse-Gap_B3000,R1,1385197443,1991832991,2846,Det/images/normal_train/01286374.png,0,00,easy_clean,0.0237411664,1.0,0.0225973302,normal_replay,GroupDiverse-Gap
RUN_131,TRIAD_044,A15_GroupDiverse-Gap_B3000,R1,1385197443,1991832991,2847,Det/images/normal_train/00522670.png,0,07,easy_clean,0.0016056759,1.0,0.0025580138,normal_replay,GroupDiverse-Gap
RUN_131,TRIAD_044,A15_GroupDiverse-Gap_B3000,R1,1385197443,1991832991,2848,Det/images/normal_train/00986413.png,0,08,learnable_hard,0.8450796299,0.005,0.0823135595,normal_replay,GroupDiverse-Gap
RUN_131,TRIAD_044,A15_GroupDiverse-Gap_B3000,R1,1385197443,1991832991,2849,Det/images/normal_train/01241208.png,0,09,ordinary,0.1398437692,1.0,0.1063451367,normal_replay,GroupDiverse-Gap
RUN_131,TRIAD_044,A15_GroupDiverse-Gap_B3000,R1,1385197443,1991832991,2850,Det/images/normal_train/00535658.png,0,02,learnable_hard,0.0083076038,0.995,0.0538860097,normal_replay,GroupDiverse-Gap
RUN_131,TRIAD_044,A15_GroupDiverse-Gap_B3000,R1,1385197443,1991832991,2851,Det/images/normal_train/00814723.png,0,02,persistent_hard,0.5299710574,0.36,0.2170756898,normal_replay,GroupDiverse-Gap
RUN_131,TRIAD_044,A15_GroupDiverse-Gap_B3000,R1,1385197443,1991832991,2852,Det/images/normal_train/00462518.png,0,03,easy_clean,0.0487061868,1.0,0.0312495471,normal_replay,GroupDiverse-Gap
RUN_131,TRIAD_044,A15_GroupDiverse-Gap_B3000,R1,1385197443,1991832991,2853,Det/images/normal_train/00253335.png,0,09,learnable_hard,0.0345576534,0.995,0.0775358275,normal_replay,GroupDiverse-Gap
RUN_131,TRIAD_044,A15_GroupDiverse-Gap_B3000,R1,1385197443,1991832991,2854,Det/images/normal_train/00397874.png,0,06,easy_clean,0.0669348348,1.0,0.0580648991,normal_replay,GroupDiverse-Gap
RUN_131,TRIAD_044,A15_GroupDiverse-Gap_B3000,R1,1385197443,1991832991,2855,Det/images/normal_train/00876725.png,0,04,learnable_hard,0.3221382007,0.78,0.2183034786,normal_replay,GroupDiverse-Gap
RUN_131,TRIAD_044,A15_GroupDiverse-Gap_B3000,R1,1385197443,1991832991,2856,Det/images/normal_train/01298398.png,0,00,easy_clean,0.0111440852,1.0,0.0129217355,normal_replay,GroupDiverse-Gap
RUN_131,TRIAD_044,A15_GroupDiverse-Gap_B3000,R1,1385197443,1991832991,2857,Det/images/normal_train/00585926.png,0,05,easy_clean,0.0031780164,1.0,0.003667041,normal_replay,GroupDiverse-Gap
RUN_131,TRIAD_044,A15_GroupDiverse-Gap_B3000,R1,1385197443,1991832991,2858,Det/images/normal_train/00931282.png,0,02,easy_clean,0.0162065334,1.0,0.0277887839,normal_replay,GroupDiverse-Gap
RUN_131,TRIAD_044,A15_GroupDiverse-Gap_B3000,R1,1385197443,1991832991,2859,Det/images/normal_train/01126724.png,0,06,easy_clean,0.0180555637,1.0,0.0269357802,normal_replay,GroupDiverse-Gap
RUN_131,TRIAD_044,A15_GroupDiverse-Gap_B3000,R1,1385197443,1991832991,2860,Det/images/normal_train/00267596.png,0,07,easy_clean,0.0029144405,1.0,0.0055210439,normal_replay,GroupDiverse-Gap
RUN_131,TRIAD_044,A15_GroupDiverse-Gap_B3000,R1,1385197443,1991832991,2861,Det/images/normal_train/01126533.png,0,06,easy_clean,0.0293573805,0.995,0.0572278176,normal_replay,GroupDiverse-Gap
RUN_131,TRIAD_044,A15_GroupDiverse-Gap_B3000,R1,1385197443,1991832991,2862,Det/images/normal_train/01246424.png,0,01,learnable_hard,0.069978529,0.985,0.089310681,normal_replay,GroupDiverse-Gap
RUN_131,TRIAD_044,A15_GroupDiverse-Gap_B3000,R1,1385197443,1991832991,2863,Det/images/normal_train/00191692.png,0,08,unstable_boundary,0.4214459569,0.735,0.1310326656,normal_replay,GroupDiverse-Gap
RUN_131,TRIAD_044,A15_GroupDiverse-Gap_B3000,R1,1385197443,1991832991,2864,Det/images/normal_train/01173345.png,0,01,learnable_hard,0.1749069976,0.99,0.0807378717,normal_replay,GroupDiverse-Gap
RUN_131,TRIAD_044,A15_GroupDiverse-Gap_B3000,R1,1385197443,1991832991,2865,Det/images/normal_train/00317616.png,0,04,easy_clean,0.0082924375,1.0,0.0410617518,normal_replay,GroupDiverse-Gap
RUN_131,TRIAD_044,A15_GroupDiverse-Gap_B3000,R1,1385197443,1991832991,2866,Det/images/normal_train/00351064.png,0,03,easy_clean,0.0244231257,1.0,0.0334681097,normal_replay,GroupDiverse-Gap
RUN_131,TRIAD_044,A15_GroupDiverse-Gap_B3000,R1,1385197443,1991832991,2867,Det/images/normal_train/00574898.png,0,03,learnable_hard,0.3788820135,0.615,0.1993531146,normal_replay,GroupDiverse-Gap
RUN_131,TRIAD_044,A15_GroupDiverse-Gap_B3000,R1,1385197443,1991832991,2868,Det/images/normal_train/00841274.png,0,04,easy_clean,0.0017340293,1.0,0.0058125762,normal_replay,GroupDiverse-Gap
RUN_131,TRIAD_044,A15_GroupDiverse-Gap_B3000,R1,1385197443,1991832991,2869,Det/images/normal_train/01237984.png,0,05,easy_clean,0.0040532505,1.0,0.0036471226,normal_replay,GroupDiverse-Gap
RUN_131,TRIAD_044,A15_GroupDiverse-Gap_B3000,R1,1385197443,1991832991,2870,Det/images/normal_train/01036189.png,0,01,easy_clean,0.0002849976,1.0,0.0005173041,normal_replay,GroupDiverse-Gap
RUN_131,TRIAD_044,A15_GroupDiverse-Gap_B3000,R1,1385197443,1991832991,2871,Det/images/normal_train/01258399.png,0,03,easy_clean,0.0181330151,1.0,0.0253921379,normal_replay,GroupDiverse-Gap
RUN_131,TRIAD_044,A15_GroupDiverse-Gap_B3000,R1,1385197443,1991832991,2872,Det/images/normal_train/00248647.png,0,00,easy_clean,0.0234586652,1.0,0.0364491883,normal_replay,GroupDiverse-Gap
RUN_131,TRIAD_044,A15_GroupDiverse-Gap_B3000,R1,1385197443,1991832991,2873,Det/images/normal_train/00225480.png,0,01,easy_clean,0.0007829383,1.0,0.0015986324,normal_replay,GroupDiverse-Gap
RUN_131,TRIAD_044,A15_GroupDiverse-Gap_B3000,R1,1385197443,1991832991,2874,Det/images/normal_train/01123940.png,0,06,easy_clean,0.0727922696,1.0,0.0627728282,normal_replay,GroupDiverse-Gap
RUN_131,TRIAD_044,A15_GroupDiverse-Gap_B3000,R1,1385197443,1991832991,2875,Det/images/normal_train/00339614.png,0,09,easy_clean,0.0316878199,1.0,0.0259915245,normal_replay,GroupDiverse-Gap
RUN_131,TRIAD_044,A15_GroupDiverse-Gap_B3000,R1,1385197443,1991832991,2876,Det/images/normal_train/00566611.png,0,07,easy_clean,0.0002393552,1.0,0.0004387516,normal_replay,GroupDiverse-Gap
RUN_131,TRIAD_044,A15_GroupDiverse-Gap_B3000,R1,1385197443,1991832991,2877,Det/images/normal_train/00972926.png,0,03,easy_clean,0.0009368149,1.0,0.0033449944,normal_replay,GroupDiverse-Gap
RUN_131,TRIAD_044,A15_GroupDiverse-Gap_B3000,R1,1385197443,1991832991,2878,Det/images/normal_train/00936678.png,0,06,easy_clean,0.014456795,1.0,0.0159165747,normal_replay,GroupDiverse-Gap
RUN_131,TRIAD_044,A15_GroupDiverse-Gap_B3000,R1,1385197443,1991832991,2879,Det/images/normal_train/00189705.png,0,02,easy_clean,0.0066177276,1.0,0.0168749852,normal_replay,GroupDiverse-Gap
RUN_131,TRIAD_044,A15_GroupDiverse-Gap_B3000,R1,1385197443,1991832991,2880,Det/images/normal_train/00290909.png,0,00,ordinary,0.0956608525,1.0,0.0583507586,normal_replay,GroupDiverse-Gap
RUN_131,TRIAD_044,A15_GroupDiverse-Gap_B3000,R1,1385197443,1991832991,2881,Det/images/normal_train/00389798.png,0,01,easy_clean,0.0055327068,1.0,0.0087287599,normal_replay,GroupDiverse-Gap
RUN_131,TRIAD_044,A15_GroupDiverse-Gap_B3000,R1,1385197443,1991832991,2882,Det/images/normal_train/01264205.png,0,08,learnable_hard,0.2203778988,0.93,0.1949338022,normal_replay,GroupDiverse-Gap
RUN_131,TRIAD_044,A15_GroupDiverse-Gap_B3000,R1,1385197443,1991832991,2883,Det/images/normal_train/00276167.png,0,03,easy_clean,0.0091999529,1.0,0.0190598836,normal_replay,GroupDiverse-Gap
RUN_131,TRIAD_044,A15_GroupDiverse-Gap_B3000,R1,1385197443,1991832991,2884,Det/images/normal_train/00273571.png,0,08,easy_clean,0.0122188831,1.0,0.0209498018,normal_replay,GroupDiverse-Gap
RUN_131,TRIAD_044,A15_GroupDiverse-Gap_B3000,R1,1385197443,1991832991,2885,Det/images/normal_train/01020668.png,0,02,easy_clean,0.0190328283,1.0,0.0202004015,normal_replay,GroupDiverse-Gap
RUN_131,TRIAD_044,A15_GroupDiverse-Gap_B3000,R1,1385197443,1991832991,2886,Det/images/normal_train/01032686.png,0,02,learnable_hard,0.3608181313,0.745,0.2044043034,normal_replay,GroupDiverse-Gap
RUN_131,TRIAD_044,A15_GroupDiverse-Gap_B3000,R1,1385197443,1991832991,2887,Det/images/normal_train/00632600.png,0,09,easy_clean,0.0098239589,1.0,0.0103266176,normal_replay,GroupDiverse-Gap
RUN_131,TRIAD_044,A15_GroupDiverse-Gap_B3000,R1,1385197443,1991832991,2888,Det/images/normal_train/00412209.png,0,06,learnable_hard,0.0295090099,0.99,0.0639897459,normal_replay,GroupDiverse-Gap
RUN_131,TRIAD_044,A15_GroupDiverse-Gap_B3000,R1,1385197443,1991832991,2889,Det/images/normal_train/01122050.png,0,07,easy_clean,0.0306932852,1.0,0.0175509541,normal_replay,GroupDiverse-Gap
RUN_131,TRIAD_044,A15_GroupDiverse-Gap_B3000,R1,1385197443,1991832991,2890,Det/images/normal_train/00971837.png,0,02,easy_clean,0.0512402898,1.0,0.0499014851,normal_replay,GroupDiverse-Gap
RUN_131,TRIAD_044,A15_GroupDiverse-Gap_B3000,R1,1385197443,1991832991,2891,Det/images/normal_train/00296614.png,0,01,easy_clean,0.0003543845,1.0,0.0005774746,normal_replay,GroupDiverse-Gap
RUN_131,TRIAD_044,A15_GroupDiverse-Gap_B3000,R1,1385197443,1991832991,2892,Det/images/normal_train/01059562.png,0,03,easy_clean,0.010152908,1.0,0.0177662915,normal_replay,GroupDiverse-Gap
RUN_131,TRIAD_044,A15_GroupDiverse-Gap_B3000,R1,1385197443,1991832991,2893,Det/images/normal_train/01002973.png,0,06,easy_clean,0.0029289627,1.0,0.0033665487,normal_replay,GroupDiverse-Gap
RUN_131,TRIAD_044,A15_GroupDiverse-Gap_B3000,R1,1385197443,1991832991,2894,Det/images/normal_train/00852893.png,0,02,easy_clean,0.0007709425,1.0,0.0013824671,normal_replay,GroupDiverse-Gap
RUN_131,TRIAD_044,A15_GroupDiverse-Gap_B3000,R1,1385197443,1991832991,2895,Det/images/normal_train/01100077.png,0,06,easy_clean,0.0078239593,1.0,0.0131115402,normal_replay,GroupDiverse-Gap
RUN_131,TRIAD_044,A15_GroupDiverse-Gap_B3000,R1,1385197443,1991832991,2896,Det/images/normal_train/00319387.png,0,04,easy_clean,0.0112555062,1.0,0.0104014788,normal_replay,GroupDiverse-Gap
RUN_131,TRIAD_044,A15_GroupDiverse-Gap_B3000,R1,1385197443,1991832991,2897,Det/images/normal_train/00544703.png,0,04,easy_clean,0.0145571843,1.0,0.0187777081,normal_replay,GroupDiverse-Gap
RUN_131,TRIAD_044,A15_GroupDiverse-Gap_B3000,R1,1385197443,1991832991,2898,Det/images/normal_train/00447124.png,0,05,easy_clean,9.51771e-05,1.0,0.0001582722,normal_replay,GroupDiverse-Gap
RUN_131,TRIAD_044,A15_GroupDiverse-Gap_B3000,R1,1385197443,1991832991,2899,Det/images/normal_train/00228460.png,0,06,easy_clean,0.0106943433,1.0,0.0134495856,normal_replay,GroupDiverse-Gap
RUN_131,TRIAD_044,A15_GroupDiverse-Gap_B3000,R1,1385197443,1991832991,2900,Det/images/normal_train/01279080.png,0,06,learnable_hard,0.0481534076,0.99,0.0805076439,normal_replay,GroupDiverse-Gap
RUN_131,TRIAD_044,A15_GroupDiverse-Gap_B3000,R1,1385197443,1991832991,2901,Det/images/normal_train/00462741.png,0,03,learnable_hard,0.0277972604,0.995,0.0663682903,normal_replay,GroupDiverse-Gap
RUN_131,TRIAD_044,A15_GroupDiverse-Gap_B3000,R1,1385197443,1991832991,2902,Det/images/normal_train/00323876.png,0,06,easy_clean,0.0078007506,1.0,0.0159750388,normal_replay,GroupDiverse-Gap
RUN_131,TRIAD_044,A15_GroupDiverse-Gap_B3000,R1,1385197443,1991832991,2903,Det/images/normal_train/00394544.png,0,05,easy_clean,0.0144521018,1.0,0.0109308258,normal_replay,GroupDiverse-Gap
RUN_131,TRIAD_044,A15_GroupDiverse-Gap_B3000,R1,1385197443,1991832991,2904,Det/images/normal_train/00523437.png,0,00,easy_clean,0.0022433582,1.0,0.0044409545,normal_replay,GroupDiverse-Gap
RUN_131,TRIAD_044,A15_GroupDiverse-Gap_B3000,R1,1385197443,1991832991,2905,Det/images/normal_train/00378091.png,0,05,easy_clean,0.0272776819,1.0,0.0459703962,normal_replay,GroupDiverse-Gap
RUN_131,TRIAD_044,A15_GroupDiverse-Gap_B3000,R1,1385197443,1991832991,2906,Det/images/normal_train/01021031.png,0,06,easy_clean,0.0096288975,1.0,0.0129807565,normal_replay,GroupDiverse-Gap
RUN_131,TRIAD_044,A15_GroupDiverse-Gap_B3000,R1,1385197443,1991832991,2907,Det/images/normal_train/00359640.png,0,05,easy_clean,0.0639464415,1.0,0.0559579559,normal_replay,GroupDiverse-Gap
RUN_131,TRIAD_044,A15_GroupDiverse-Gap_B3000,R1,1385197443,1991832991,2908,Det/images/normal_train/00563844.png,0,06,easy_clean,0.0029463187,1.0,0.0036190714,normal_replay,GroupDiverse-Gap
RUN_131,TRIAD_044,A15_GroupDiverse-Gap_B3000,R1,1385197443,1991832991,2909,Det/images/normal_train/00370551.png,0,06,easy_clean,0.0003547784,1.0,0.0005739991,normal_replay,GroupDiverse-Gap
RUN_131,TRIAD_044,A15_GroupDiverse-Gap_B3000,R1,1385197443,1991832991,2910,Det/images/normal_train/00818920.png,0,02,easy_clean,0.0128708898,1.0,0.0145936065,normal_replay,GroupDiverse-Gap
RUN_131,TRIAD_044,A15_GroupDiverse-Gap_B3000,R1,1385197443,1991832991,2911,Det/images/normal_train/00206123.png,0,05,easy_clean,0.0325930552,1.0,0.0380196473,normal_replay,GroupDiverse-Gap
RUN_131,TRIAD_044,A15_GroupDiverse-Gap_B3000,R1,1385197443,1991832991,2912,Det/images/normal_train/01130211.png,0,00,easy_clean,0.0165254712,1.0,0.015672495,normal_replay,GroupDiverse-Gap
RUN_131,TRIAD_044,A15_GroupDiverse-Gap_B3000,R1,1385197443,1991832991,2913,Det/images/normal_train/00656330.png,0,08,ordinary,0.2931319121,0.885,0.1802032044,normal_replay,GroupDiverse-Gap
RUN_131,TRIAD_044,A15_GroupDiverse-Gap_B3000,R1,1385197443,1991832991,2914,Det/images/normal_train/00705860.png,0,04,easy_clean,0.0034761703,1.0,0.0040050154,normal_replay,GroupDiverse-Gap
RUN_131,TRIAD_044,A15_GroupDiverse-Gap_B3000,R1,1385197443,1991832991,2915,Det/images/normal_train/00928101.png,0,03,easy_clean,0.0007607981,1.0,0.0040754107,normal_replay,GroupDiverse-Gap
RUN_131,TRIAD_044,A15_GroupDiverse-Gap_B3000,R1,1385197443,1991832991,2916,Det/images/normal_train/00779302.png,0,08,easy_clean,0.0002600511,1.0,0.0005108834,normal_replay,GroupDiverse-Gap
RUN_131,TRIAD_044,A15_GroupDiverse-Gap_B3000,R1,1385197443,1991832991,2917,Det/images/normal_train/00626352.png,0,05,easy_clean,0.0136337457,1.0,0.0131015483,normal_replay,GroupDiverse-Gap
RUN_131,TRIAD_044,A15_GroupDiverse-Gap_B3000,R1,1385197443,1991832991,2918,Det/images/normal_train/01261860.png,0,00,easy_clean,0.0547464035,1.0,0.0385874708,normal_replay,GroupDiverse-Gap
RUN_131,TRIAD_044,A15_GroupDiverse-Gap_B3000,R1,1385197443,1991832991,2919,Det/images/normal_train/01101790.png,0,00,easy_clean,0.0086795552,1.0,0.0120847797,normal_replay,GroupDiverse-Gap
RUN_131,TRIAD_044,A15_GroupDiverse-Gap_B3000,R1,1385197443,1991832991,2920,Det/images/normal_train/00852471.png,0,02,easy_clean,0.0008050917,1.0,0.0045183247,normal_replay,GroupDiverse-Gap
RUN_131,TRIAD_044,A15_GroupDiverse-Gap_B3000,R1,1385197443,1991832991,2921,Det/images/normal_train/00250686.png,0,09,easy_clean,0.0089536082,1.0,0.0157280858,normal_replay,GroupDiverse-Gap
RUN_131,TRIAD_044,A15_GroupDiverse-Gap_B3000,R1,1385197443,1991832991,2922,Det/images/normal_train/00310583.png,0,05,easy_clean,0.0043569891,1.0,0.0073977325,normal_replay,GroupDiverse-Gap
RUN_131,TRIAD_044,A15_GroupDiverse-Gap_B3000,R1,1385197443,1991832991,2923,Det/images/normal_train/00456587.png,0,06,easy_clean,0.0027949599,1.0,0.0038826445,normal_replay,GroupDiverse-Gap
RUN_131,TRIAD_044,A15_GroupDiverse-Gap_B3000,R1,1385197443,1991832991,2924,Det/images/normal_train/00992574.png,0,08,easy_clean,0.0024945487,1.0,0.0046642616,normal_replay,GroupDiverse-Gap
RUN_131,TRIAD_044,A15_GroupDiverse-Gap_B3000,R1,1385197443,1991832991,2925,Det/images/normal_train/00461148.png,0,02,easy_clean,0.000139628,1.0,0.0002090719,normal_replay,GroupDiverse-Gap
RUN_131,TRIAD_044,A15_GroupDiverse-Gap_B3000,R1,1385197443,1991832991,2926,Det/images/normal_train/00498998.png,0,00,easy_clean,0.0436037663,1.0,0.052172778,normal_replay,GroupDiverse-Gap
RUN_131,TRIAD_044,A15_GroupDiverse-Gap_B3000,R1,1385197443,1991832991,2927,Det/images/normal_train/01238659.png,0,04,easy_clean,0.0178681681,1.0,0.0311149083,normal_replay,GroupDiverse-Gap
RUN_131,TRIAD_044,A15_GroupDiverse-Gap_B3000,R1,1385197443,1991832991,2928,Det/images/normal_train/00756256.png,0,05,easy_clean,0.0014792962,1.0,0.0011135248,normal_replay,GroupDiverse-Gap
RUN_131,TRIAD_044,A15_GroupDiverse-Gap_B3000,R1,1385197443,1991832991,2929,Det/images/normal_train/01282857.png,0,02,learnable_hard,0.0929997546,0.995,0.1043801818,normal_replay,GroupDiverse-Gap
RUN_131,TRIAD_044,A15_GroupDiverse-Gap_B3000,R1,1385197443,1991832991,2930,Det/images/normal_train/00229359.png,0,03,easy_clean,0.0187906712,1.0,0.0206333559,normal_replay,GroupDiverse-Gap
RUN_131,TRIAD_044,A15_GroupDiverse-Gap_B3000,R1,1385197443,1991832991,2931,Det/images/normal_train/00624952.png,0,08,learnable_hard,0.07091051,0.995,0.068266481,normal_replay,GroupDiverse-Gap
RUN_131,TRIAD_044,A15_GroupDiverse-Gap_B3000,R1,1385197443,1991832991,2932,Det/images/normal_train/00338306.png,0,00,easy_clean,0.0353508595,1.0,0.0386921163,normal_replay,GroupDiverse-Gap
RUN_131,TRIAD_044,A15_GroupDiverse-Gap_B3000,R1,1385197443,1991832991,2933,Det/images/normal_train/00379572.png,0,02,easy_clean,0.0039187169,1.0,0.0076884791,normal_replay,GroupDiverse-Gap
RUN_131,TRIAD_044,A15_GroupDiverse-Gap_B3000,R1,1385197443,1991832991,2934,Det/images/normal_train/01185059.png,0,02,easy_clean,0.0067428977,1.0,0.0083573461,normal_replay,GroupDiverse-Gap
RUN_131,TRIAD_044,A15_GroupDiverse-Gap_B3000,R1,1385197443,1991832991,2935,Det/images/normal_train/01292644.png,0,07,learnable_hard,0.1358529059,0.985,0.1297969016,normal_replay,GroupDiverse-Gap
RUN_131,TRIAD_044,A15_GroupDiverse-Gap_B3000,R1,1385197443,1991832991,2936,Det/images/normal_train/00289761.png,0,07,easy_clean,0.015451641,1.0,0.0185145184,normal_replay,GroupDiverse-Gap
RUN_131,TRIAD_044,A15_GroupDiverse-Gap_B3000,R1,1385197443,1991832991,2937,Det/images/normal_train/01163698.png,0,08,easy_clean,0.0214774742,1.0,0.034518059,normal_replay,GroupDiverse-Gap
RUN_131,TRIAD_044,A15_GroupDiverse-Gap_B3000,R1,1385197443,1991832991,2938,Det/images/normal_train/01118079.png,0,02,easy_clean,0.0330720145,1.0,0.0353697876,normal_replay,GroupDiverse-Gap
RUN_131,TRIAD_044,A15_GroupDiverse-Gap_B3000,R1,1385197443,1991832991,2939,Det/images/normal_train/00768730.png,0,08,easy_clean,0.009717134,1.0,0.0145903593,normal_replay,GroupDiverse-Gap
RUN_131,TRIAD_044,A15_GroupDiverse-Gap_B3000,R1,1385197443,1991832991,2940,Det/images/normal_train/00992527.png,0,08,easy_clean,0.0008541951,1.0,0.0028507697,normal_replay,GroupDiverse-Gap
RUN_131,TRIAD_044,A15_GroupDiverse-Gap_B3000,R1,1385197443,1991832991,2941,Det/images/normal_train/01036368.png,0,01,easy_clean,0.0254121765,1.0,0.013349959,normal_replay,GroupDiverse-Gap
RUN_131,TRIAD_044,A15_GroupDiverse-Gap_B3000,R1,1385197443,1991832991,2942,Det/images/normal_train/01005545.png,0,09,easy_clean,0.0068568074,1.0,0.0097501014,normal_replay,GroupDiverse-Gap
RUN_131,TRIAD_044,A15_GroupDiverse-Gap_B3000,R1,1385197443,1991832991,2943,Det/images/normal_train/00482463.png,0,02,easy_clean,0.0077165953,1.0,0.0146031137,normal_replay,GroupDiverse-Gap
RUN_131,TRIAD_044,A15_GroupDiverse-Gap_B3000,R1,1385197443,1991832991,2944,Det/images/normal_train/01217562.png,0,06,easy_clean,0.0189090518,1.0,0.022103614,normal_replay,GroupDiverse-Gap
RUN_131,TRIAD_044,A15_GroupDiverse-Gap_B3000,R1,1385197443,1991832991,2945,Det/images/normal_train/00836202.png,0,07,learnable_hard,0.2229969508,0.885,0.1758177465,normal_replay,GroupDiverse-Gap
RUN_131,TRIAD_044,A15_GroupDiverse-Gap_B3000,R1,1385197443,1991832991,2946,Det/images/normal_train/00550153.png,0,08,persistent_hard,0.5190487448,0.475,0.2036753098,normal_replay,GroupDiverse-Gap
RUN_131,TRIAD_044,A15_GroupDiverse-Gap_B3000,R1,1385197443,1991832991,2947,Det/images/normal_train/00861742.png,0,09,easy_clean,0.000538633,1.0,0.0010758537,normal_replay,GroupDiverse-Gap
RUN_131,TRIAD_044,A15_GroupDiverse-Gap_B3000,R1,1385197443,1991832991,2948,Det/images/normal_train/01142354.png,0,07,easy_clean,0.0331100154,1.0,0.0356939384,normal_replay,GroupDiverse-Gap
RUN_131,TRIAD_044,A15_GroupDiverse-Gap_B3000,R1,1385197443,1991832991,2949,Det/images/normal_train/00973555.png,0,05,easy_clean,0.0077272367,1.0,0.010831003,normal_replay,GroupDiverse-Gap
RUN_131,TRIAD_044,A15_GroupDiverse-Gap_B3000,R1,1385197443,1991832991,2950,Det/images/normal_train/01080431.png,0,03,easy_clean,0.0297364749,1.0,0.0434233229,normal_replay,GroupDiverse-Gap
RUN_131,TRIAD_044,A15_GroupDiverse-Gap_B3000,R1,1385197443,1991832991,2951,Det/images/normal_train/00977943.png,0,09,ordinary,0.3073001196,0.78,0.2145152078,normal_replay,GroupDiverse-Gap
RUN_131,TRIAD_044,A15_GroupDiverse-Gap_B3000,R1,1385197443,1991832991,2952,Det/images/normal_train/00491924.png,0,06,easy_clean,0.0081327072,1.0,0.0087060706,normal_replay,GroupDiverse-Gap
RUN_131,TRIAD_044,A15_GroupDiverse-Gap_B3000,R1,1385197443,1991832991,2953,Det/images/normal_train/00211759.png,0,06,easy_clean,0.005671631,1.0,0.0069859785,normal_replay,GroupDiverse-Gap
RUN_131,TRIAD_044,A15_GroupDiverse-Gap_B3000,R1,1385197443,1991832991,2954,Det/images/normal_train/01208526.png,0,04,easy_clean,0.0149170007,1.0,0.0163988854,normal_replay,GroupDiverse-Gap
RUN_131,TRIAD_044,A15_GroupDiverse-Gap_B3000,R1,1385197443,1991832991,2955,Det/images/normal_train/00616296.png,0,00,easy_clean,0.0003389786,1.0,0.0008143182,normal_replay,GroupDiverse-Gap
RUN_131,TRIAD_044,A15_GroupDiverse-Gap_B3000,R1,1385197443,1991832991,2956,Det/images/normal_train/00890455.png,0,06,easy_clean,0.0146698193,1.0,0.0142062515,normal_replay,GroupDiverse-Gap
RUN_131,TRIAD_044,A15_GroupDiverse-Gap_B3000,R1,1385197443,1991832991,2957,Det/images/normal_train/00781012.png,0,02,easy_clean,0.0052141632,1.0,0.0099926508,normal_replay,GroupDiverse-Gap
RUN_131,TRIAD_044,A15_GroupDiverse-Gap_B3000,R1,1385197443,1991832991,2958,Det/images/normal_train/01146470.png,0,05,easy_clean,0.079746949,1.0,0.060488172,normal_replay,GroupDiverse-Gap
RUN_131,TRIAD_044,A15_GroupDiverse-Gap_B3000,R1,1385197443,1991832991,2959,Det/images/normal_train/00509182.png,0,08,learnable_hard,0.2756966186,0.9,0.1921086908,normal_replay,GroupDiverse-Gap
RUN_131,TRIAD_044,A15_GroupDiverse-Gap_B3000,R1,1385197443,1991832991,2960,Det/images/normal_train/00368402.png,0,02,easy_clean,0.0005252662,1.0,0.0009997256,normal_replay,GroupDiverse-Gap
RUN_131,TRIAD_044,A15_GroupDiverse-Gap_B3000,R1,1385197443,1991832991,2961,Det/images/normal_train/00537425.png,0,09,easy_clean,0.0042977046,1.0,0.0072294359,normal_replay,GroupDiverse-Gap
RUN_131,TRIAD_044,A15_GroupDiverse-Gap_B3000,R1,1385197443,1991832991,2962,Det/images/normal_train/01067977.png,0,09,easy_clean,0.0769690695,1.0,0.0582845316,normal_replay,GroupDiverse-Gap
RUN_131,TRIAD_044,A15_GroupDiverse-Gap_B3000,R1,1385197443,1991832991,2963,Det/images/normal_train/00855353.png,0,09,easy_clean,0.000775853,1.0,0.0018477809,normal_replay,GroupDiverse-Gap
RUN_131,TRIAD_044,A15_GroupDiverse-Gap_B3000,R1,1385197443,1991832991,2964,Det/images/normal_train/00773984.png,0,01,easy_clean,0.0019431964,1.0,0.007355649,normal_replay,GroupDiverse-Gap
RUN_131,TRIAD_044,A15_GroupDiverse-Gap_B3000,R1,1385197443,1991832991,2965,Det/images/normal_train/00437711.png,0,05,persistent_hard,0.7278455295,0.005,0.0743393775,normal_replay,GroupDiverse-Gap
RUN_131,TRIAD_044,A15_GroupDiverse-Gap_B3000,R1,1385197443,1991832991,2966,Det/images/normal_train/01103521.png,0,02,easy_clean,0.0574201004,1.0,0.0588327227,normal_replay,GroupDiverse-Gap
RUN_131,TRIAD_044,A15_GroupDiverse-Gap_B3000,R1,1385197443,1991832991,2967,Det/images/normal_train/00694922.png,0,00,easy_clean,0.0021846704,1.0,0.0061385093,normal_replay,GroupDiverse-Gap
RUN_131,TRIAD_044,A15_GroupDiverse-Gap_B3000,R1,1385197443,1991832991,2968,Det/images/normal_train/00826373.png,0,03,easy_clean,0.0003590097,1.0,0.0007936397,normal_replay,GroupDiverse-Gap
RUN_131,TRIAD_044,A15_GroupDiverse-Gap_B3000,R1,1385197443,1991832991,2969,Det/images/normal_train/00636933.png,0,08,easy_clean,0.0201705947,1.0,0.0340605699,normal_replay,GroupDiverse-Gap
RUN_131,TRIAD_044,A15_GroupDiverse-Gap_B3000,R1,1385197443,1991832991,2970,Det/images/normal_train/00498346.png,0,00,easy_clean,0.0103019258,1.0,0.0105470455,normal_replay,GroupDiverse-Gap
RUN_131,TRIAD_044,A15_GroupDiverse-Gap_B3000,R1,1385197443,1991832991,2971,Det/images/normal_train/01060649.png,0,01,easy_clean,0.0418701639,1.0,0.0385126772,normal_replay,GroupDiverse-Gap
RUN_131,TRIAD_044,A15_GroupDiverse-Gap_B3000,R1,1385197443,1991832991,2972,Det/images/normal_train/00511656.png,0,02,easy_clean,0.0065981355,1.0,0.0147716871,normal_replay,GroupDiverse-Gap
RUN_131,TRIAD_044,A15_GroupDiverse-Gap_B3000,R1,1385197443,1991832991,2973,Det/images/normal_train/00901403.png,0,06,learnable_hard,0.2961209908,0.865,0.1950965773,normal_replay,GroupDiverse-Gap
RUN_131,TRIAD_044,A15_GroupDiverse-Gap_B3000,R1,1385197443,1991832991,2974,Det/images/normal_train/00333022.png,0,00,easy_clean,0.0036569015,1.0,0.0046703358,normal_replay,GroupDiverse-Gap
RUN_131,TRIAD_044,A15_GroupDiverse-Gap_B3000,R1,1385197443,1991832991,2975,Det/images/normal_train/00366435.png,0,02,learnable_hard,0.1906931524,0.995,0.1069637879,normal_replay,GroupDiverse-Gap
RUN_131,TRIAD_044,A15_GroupDiverse-Gap_B3000,R1,1385197443,1991832991,2976,Det/images/normal_train/00777144.png,0,08,easy_clean,0.0087698352,1.0,0.0119222485,normal_replay,GroupDiverse-Gap
RUN_131,TRIAD_044,A15_GroupDiverse-Gap_B3000,R1,1385197443,1991832991,2977,Det/images/normal_train/01068688.png,0,00,easy_clean,0.0718463634,1.0,0.0339864029,normal_replay,GroupDiverse-Gap
RUN_131,TRIAD_044,A15_GroupDiverse-Gap_B3000,R1,1385197443,1991832991,2978,Det/images/normal_train/01033509.png,0,05,unstable_boundary,0.4185617571,0.835,0.1084722711,normal_replay,GroupDiverse-Gap
RUN_131,TRIAD_044,A15_GroupDiverse-Gap_B3000,R1,1385197443,1991832991,2979,Det/images/normal_train/01020982.png,0,02,easy_clean,0.0445912456,1.0,0.0419518261,normal_replay,GroupDiverse-Gap
RUN_131,TRIAD_044,A15_GroupDiverse-Gap_B3000,R1,1385197443,1991832991,2980,Det/images/normal_train/01011138.png,0,07,learnable_hard,0.1418617269,0.995,0.1129277433,normal_replay,GroupDiverse-Gap
RUN_131,TRIAD_044,A15_GroupDiverse-Gap_B3000,R1,1385197443,1991832991,2981,Det/images/normal_train/00737225.png,0,02,easy_clean,0.0019548782,1.0,0.0042102905,normal_replay,GroupDiverse-Gap
RUN_131,TRIAD_044,A15_GroupDiverse-Gap_B3000,R1,1385197443,1991832991,2982,Det/images/normal_train/00219424.png,0,09,easy_clean,0.0249235946,1.0,0.0284122084,normal_replay,GroupDiverse-Gap
RUN_131,TRIAD_044,A15_GroupDiverse-Gap_B3000,R1,1385197443,1991832991,2983,Det/images/normal_train/00267782.png,0,07,easy_clean,0.0011798319,1.0,0.0018542483,normal_replay,GroupDiverse-Gap
RUN_131,TRIAD_044,A15_GroupDiverse-Gap_B3000,R1,1385197443,1991832991,2984,Det/images/normal_train/00540524.png,0,05,easy_clean,0.0132184768,1.0,0.0145438756,normal_replay,GroupDiverse-Gap
RUN_131,TRIAD_044,A15_GroupDiverse-Gap_B3000,R1,1385197443,1991832991,2985,Det/images/normal_train/00260164.png,0,09,easy_clean,0.0015329247,1.0,0.0016366426,normal_replay,GroupDiverse-Gap
RUN_131,TRIAD_044,A15_GroupDiverse-Gap_B3000,R1,1385197443,1991832991,2986,Det/images/normal_train/00557096.png,0,01,easy_clean,0.0017076765,1.0,0.004031365,normal_replay,GroupDiverse-Gap
RUN_131,TRIAD_044,A15_GroupDiverse-Gap_B3000,R1,1385197443,1991832991,2987,Det/images/normal_train/00512767.png,0,05,easy_clean,0.0049726125,1.0,0.0097557698,normal_replay,GroupDiverse-Gap
RUN_131,TRIAD_044,A15_GroupDiverse-Gap_B3000,R1,1385197443,1991832991,2988,Det/images/normal_train/01276338.png,0,01,learnable_hard,0.1270539661,0.985,0.1137805739,normal_replay,GroupDiverse-Gap
RUN_131,TRIAD_044,A15_GroupDiverse-Gap_B3000,R1,1385197443,1991832991,2989,Det/images/normal_train/00665658.png,0,09,easy_clean,0.0179513867,1.0,0.0239179541,normal_replay,GroupDiverse-Gap
RUN_131,TRIAD_044,A15_GroupDiverse-Gap_B3000,R1,1385197443,1991832991,2990,Det/images/normal_train/00766457.png,0,07,learnable_hard,0.3728071067,0.585,0.2252683509,normal_replay,GroupDiverse-Gap
RUN_131,TRIAD_044,A15_GroupDiverse-Gap_B3000,R1,1385197443,1991832991,2991,Det/images/normal_train/00509598.png,0,08,easy_clean,0.0249640541,1.0,0.0619964053,normal_replay,GroupDiverse-Gap
RUN_131,TRIAD_044,A15_GroupDiverse-Gap_B3000,R1,1385197443,1991832991,2992,Det/images/normal_train/01146613.png,0,05,easy_clean,0.0174711429,1.0,0.0224198997,normal_replay,GroupDiverse-Gap
RUN_131,TRIAD_044,A15_GroupDiverse-Gap_B3000,R1,1385197443,1991832991,2993,Det/images/normal_train/01113746.png,0,07,ordinary,0.1719295677,1.0,0.0531830386,normal_replay,GroupDiverse-Gap
RUN_131,TRIAD_044,A15_GroupDiverse-Gap_B3000,R1,1385197443,1991832991,2994,Det/images/normal_train/01212119.png,0,02,easy_clean,0.0044498611,1.0,0.0051762232,normal_replay,GroupDiverse-Gap
RUN_131,TRIAD_044,A15_GroupDiverse-Gap_B3000,R1,1385197443,1991832991,2995,Det/images/normal_train/00953861.png,0,06,easy_clean,0.0036175128,1.0,0.0040397978,normal_replay,GroupDiverse-Gap
RUN_131,TRIAD_044,A15_GroupDiverse-Gap_B3000,R1,1385197443,1991832991,2996,Det/images/normal_train/00368450.png,0,02,easy_clean,0.003800246,1.0,0.0081842618,normal_replay,GroupDiverse-Gap
RUN_131,TRIAD_044,A15_GroupDiverse-Gap_B3000,R1,1385197443,1991832991,2997,Det/images/normal_train/00633022.png,0,02,easy_clean,0.0294111169,1.0,0.0504926571,normal_replay,GroupDiverse-Gap
RUN_131,TRIAD_044,A15_GroupDiverse-Gap_B3000,R1,1385197443,1991832991,2998,Det/images/normal_train/00686445.png,0,08,easy_clean,0.018938329,1.0,0.0390998168,normal_replay,GroupDiverse-Gap
RUN_131,TRIAD_044,A15_GroupDiverse-Gap_B3000,R1,1385197443,1991832991,2999,Det/images/normal_train/01004731.png,0,07,easy_clean,0.0138428316,1.0,0.0158885298,normal_replay,GroupDiverse-Gap
RUN_131,TRIAD_044,A15_GroupDiverse-Gap_B3000,R1,1385197443,1991832991,3000,Det/images/normal_train/00702670.png,0,06,learnable_hard,0.2644515173,0.865,0.1595260786,normal_replay,GroupDiverse-Gap
