run_slot,triad_id,condition_id,arm,training_seed,selection_seed,rank,sample_id,y_true,oof_fold,dynamic_bucket,mean_p_defect,correct_rate,std_p_defect,replay_role,source_method
RUN_095,TRIAD_032,A11_EndpointTrend_B600,R1,1385197443,936867673,1,Det/images/normal_train/00192957.png,0,09,easy_clean,0.0022700467,1.0,0.0037125823,normal_replay,EndpointTrend
RUN_095,TRIAD_032,A11_EndpointTrend_B600,R1,1385197443,936867673,2,Det/images/normal_train/00705508.png,0,04,easy_clean,0.0209384878,1.0,0.0281534797,normal_replay,EndpointTrend
RUN_095,TRIAD_032,A11_EndpointTrend_B600,R1,1385197443,936867673,3,Det/images/normal_train/00421009.png,0,09,easy_clean,0.0055771729,1.0,0.0070600045,normal_replay,EndpointTrend
RUN_095,TRIAD_032,A11_EndpointTrend_B600,R1,1385197443,936867673,4,Det/images/normal_train/00959900.png,0,02,persistent_hard,0.5064846332,0.485,0.1989484708,normal_replay,EndpointTrend
RUN_095,TRIAD_032,A11_EndpointTrend_B600,R1,1385197443,936867673,5,Det/images/normal_train/00221835.png,0,00,easy_clean,0.0482927461,1.0,0.0469698548,normal_replay,EndpointTrend
RUN_095,TRIAD_032,A11_EndpointTrend_B600,R1,1385197443,936867673,6,Det/images/normal_train/00863225.png,0,07,easy_clean,0.0300269229,1.0,0.0219949588,normal_replay,EndpointTrend
RUN_095,TRIAD_032,A11_EndpointTrend_B600,R1,1385197443,936867673,7,Det/images/normal_train/00683436.png,0,07,learnable_hard,0.1724608464,0.965,0.1302513632,normal_replay,EndpointTrend
RUN_095,TRIAD_032,A11_EndpointTrend_B600,R1,1385197443,936867673,8,Det/images/normal_train/00944687.png,0,05,learnable_hard,0.1588098641,0.995,0.0486515234,normal_replay,EndpointTrend
RUN_095,TRIAD_032,A11_EndpointTrend_B600,R1,1385197443,936867673,9,Det/images/normal_train/00799595.png,0,09,easy_clean,0.0238466488,1.0,0.0433254772,normal_replay,EndpointTrend
RUN_095,TRIAD_032,A11_EndpointTrend_B600,R1,1385197443,936867673,10,Det/images/normal_train/01020817.png,0,02,learnable_hard,0.3676259321,0.58,0.2162529805,normal_replay,EndpointTrend
RUN_095,TRIAD_032,A11_EndpointTrend_B600,R1,1385197443,936867673,11,Det/images/normal_train/00824098.png,0,05,learnable_hard,0.5809116867,0.335,0.2425015497,normal_replay,EndpointTrend
RUN_095,TRIAD_032,A11_EndpointTrend_B600,R1,1385197443,936867673,12,Det/images/normal_train/00388963.png,0,00,easy_clean,0.0040698474,1.0,0.0050509287,normal_replay,EndpointTrend
RUN_095,TRIAD_032,A11_EndpointTrend_B600,R1,1385197443,936867673,13,Det/images/normal_train/00242996.png,0,01,easy_clean,0.0053146688,1.0,0.009989139,normal_replay,EndpointTrend
RUN_095,TRIAD_032,A11_EndpointTrend_B600,R1,1385197443,936867673,14,Det/images/normal_train/01068985.png,0,00,easy_clean,0.0915878834,1.0,0.0347189232,normal_replay,EndpointTrend
RUN_095,TRIAD_032,A11_EndpointTrend_B600,R1,1385197443,936867673,15,Det/images/normal_train/00292100.png,0,00,persistent_hard,0.7205807259,0.145,0.1810452947,normal_replay,EndpointTrend
RUN_095,TRIAD_032,A11_EndpointTrend_B600,R1,1385197443,936867673,16,Det/images/normal_train/00855337.png,0,09,easy_clean,0.0031049448,1.0,0.0045253854,normal_replay,EndpointTrend
RUN_095,TRIAD_032,A11_EndpointTrend_B600,R1,1385197443,936867673,17,Det/images/normal_train/01049493.png,0,08,easy_clean,0.0156180863,1.0,0.0149722028,normal_replay,EndpointTrend
RUN_095,TRIAD_032,A11_EndpointTrend_B600,R1,1385197443,936867673,18,Det/images/normal_train/00824649.png,0,05,easy_clean,0.0006493731,1.0,0.0012158735,normal_replay,EndpointTrend
RUN_095,TRIAD_032,A11_EndpointTrend_B600,R1,1385197443,936867673,19,Det/images/normal_train/01188309.png,0,01,learnable_hard,0.2773028775,0.925,0.1295389924,normal_replay,EndpointTrend
RUN_095,TRIAD_032,A11_EndpointTrend_B600,R1,1385197443,936867673,20,Det/images/normal_train/01101781.png,0,00,easy_clean,0.0031442768,1.0,0.0040282199,normal_replay,EndpointTrend
RUN_095,TRIAD_032,A11_EndpointTrend_B600,R1,1385197443,936867673,21,Det/images/normal_train/01266314.png,0,01,learnable_hard,0.6591977085,0.225,0.1714685386,normal_replay,EndpointTrend
RUN_095,TRIAD_032,A11_EndpointTrend_B600,R1,1385197443,936867673,22,Det/images/normal_train/00805166.png,0,07,easy_clean,0.002320225,1.0,0.0028420729,normal_replay,EndpointTrend
RUN_095,TRIAD_032,A11_EndpointTrend_B600,R1,1385197443,936867673,23,Det/images/normal_train/00610387.png,0,05,easy_clean,0.0007128022,1.0,0.001319626,normal_replay,EndpointTrend
RUN_095,TRIAD_032,A11_EndpointTrend_B600,R1,1385197443,936867673,24,Det/images/normal_train/00327563.png,0,06,ordinary,0.5249132052,0.5,0.2484678529,normal_replay,EndpointTrend
RUN_095,TRIAD_032,A11_EndpointTrend_B600,R1,1385197443,936867673,25,Det/images/normal_train/01043158.png,0,00,ordinary,0.1315308482,1.0,0.0434145774,normal_replay,EndpointTrend
RUN_095,TRIAD_032,A11_EndpointTrend_B600,R1,1385197443,936867673,26,Det/images/normal_train/00829137.png,0,09,easy_clean,0.013685678,1.0,0.0207409827,normal_replay,EndpointTrend
RUN_095,TRIAD_032,A11_EndpointTrend_B600,R1,1385197443,936867673,27,Det/images/normal_train/00478190.png,0,01,easy_clean,0.004005748,1.0,0.0132733489,normal_replay,EndpointTrend
RUN_095,TRIAD_032,A11_EndpointTrend_B600,R1,1385197443,936867673,28,Det/images/normal_train/00971621.png,0,02,easy_clean,0.0652679925,1.0,0.0971022336,normal_replay,EndpointTrend
RUN_095,TRIAD_032,A11_EndpointTrend_B600,R1,1385197443,936867673,29,Det/images/normal_train/00603552.png,0,09,easy_clean,0.0026620818,1.0,0.0026065988,normal_replay,EndpointTrend
RUN_095,TRIAD_032,A11_EndpointTrend_B600,R1,1385197443,936867673,30,Det/images/normal_train/01126437.png,0,06,easy_clean,0.0079087973,1.0,0.0105395562,normal_replay,EndpointTrend
RUN_095,TRIAD_032,A11_EndpointTrend_B600,R1,1385197443,936867673,31,Det/images/normal_train/00550615.png,0,08,learnable_hard,0.1295188269,0.985,0.1250938341,normal_replay,EndpointTrend
RUN_095,TRIAD_032,A11_EndpointTrend_B600,R1,1385197443,936867673,32,Det/images/normal_train/00363967.png,0,02,easy_clean,0.0003228232,1.0,0.0006223227,normal_replay,EndpointTrend
RUN_095,TRIAD_032,A11_EndpointTrend_B600,R1,1385197443,936867673,33,Det/images/normal_train/00458906.png,0,05,easy_clean,0.0044408123,1.0,0.005156151,normal_replay,EndpointTrend
RUN_095,TRIAD_032,A11_EndpointTrend_B600,R1,1385197443,936867673,34,Det/images/normal_train/00196570.png,0,03,easy_clean,0.0071601886,1.0,0.0082849699,normal_replay,EndpointTrend
RUN_095,TRIAD_032,A11_EndpointTrend_B600,R1,1385197443,936867673,35,Det/images/normal_train/00163565.png,0,08,easy_clean,0.0226004379,1.0,0.0337891391,normal_replay,EndpointTrend
RUN_095,TRIAD_032,A11_EndpointTrend_B600,R1,1385197443,936867673,36,Det/images/normal_train/01041061.png,0,01,easy_clean,0.0533502404,1.0,0.0610849161,normal_replay,EndpointTrend
RUN_095,TRIAD_032,A11_EndpointTrend_B600,R1,1385197443,936867673,37,Det/images/normal_train/00910744.png,0,05,ordinary,0.2332962196,1.0,0.0848843963,normal_replay,EndpointTrend
RUN_095,TRIAD_032,A11_EndpointTrend_B600,R1,1385197443,936867673,38,Det/images/normal_train/00921721.png,0,02,easy_clean,0.0015782578,1.0,0.0077519868,normal_replay,EndpointTrend
RUN_095,TRIAD_032,A11_EndpointTrend_B600,R1,1385197443,936867673,39,Det/images/normal_train/00920580.png,0,09,easy_clean,0.0028447061,1.0,0.0090930783,normal_replay,EndpointTrend
RUN_095,TRIAD_032,A11_EndpointTrend_B600,R1,1385197443,936867673,40,Det/images/normal_train/01094082.png,0,05,persistent_hard,0.552225575,0.335,0.1880460954,normal_replay,EndpointTrend
RUN_095,TRIAD_032,A11_EndpointTrend_B600,R1,1385197443,936867673,41,Det/images/normal_train/00243772.png,0,06,easy_clean,0.0067406743,1.0,0.0095642013,normal_replay,EndpointTrend
RUN_095,TRIAD_032,A11_EndpointTrend_B600,R1,1385197443,936867673,42,Det/images/normal_train/00191543.png,0,08,unstable_boundary,0.5608757874,0.385,0.1685319988,normal_replay,EndpointTrend
RUN_095,TRIAD_032,A11_EndpointTrend_B600,R1,1385197443,936867673,43,Det/images/normal_train/00459646.png,0,02,easy_clean,0.0176427214,1.0,0.0192163045,normal_replay,EndpointTrend
RUN_095,TRIAD_032,A11_EndpointTrend_B600,R1,1385197443,936867673,44,Det/images/normal_train/01175768.png,0,05,learnable_hard,0.691802307,0.125,0.1954133709,normal_replay,EndpointTrend
RUN_095,TRIAD_032,A11_EndpointTrend_B600,R1,1385197443,936867673,45,Det/images/normal_train/00927739.png,0,09,easy_clean,0.0138934806,1.0,0.026365034,normal_replay,EndpointTrend
RUN_095,TRIAD_032,A11_EndpointTrend_B600,R1,1385197443,936867673,46,Det/images/normal_train/01012459.png,0,00,easy_clean,0.0027273852,1.0,0.0030172147,normal_replay,EndpointTrend
RUN_095,TRIAD_032,A11_EndpointTrend_B600,R1,1385197443,936867673,47,Det/images/normal_train/00758837.png,0,04,easy_clean,0.0049336689,1.0,0.0256922567,normal_replay,EndpointTrend
RUN_095,TRIAD_032,A11_EndpointTrend_B600,R1,1385197443,936867673,48,Det/images/normal_train/00765059.png,0,08,easy_clean,0.0006286712,1.0,0.0024610926,normal_replay,EndpointTrend
RUN_095,TRIAD_032,A11_EndpointTrend_B600,R1,1385197443,936867673,49,Det/images/normal_train/01026576.png,0,07,easy_clean,0.0212060365,1.0,0.0256142956,normal_replay,EndpointTrend
RUN_095,TRIAD_032,A11_EndpointTrend_B600,R1,1385197443,936867673,50,Det/images/normal_train/00258866.png,0,02,ordinary,0.1689587069,1.0,0.0581009563,normal_replay,EndpointTrend
RUN_095,TRIAD_032,A11_EndpointTrend_B600,R1,1385197443,936867673,51,Det/images/normal_train/00854686.png,0,09,easy_clean,0.0141156046,1.0,0.0199881607,normal_replay,EndpointTrend
RUN_095,TRIAD_032,A11_EndpointTrend_B600,R1,1385197443,936867673,52,Det/images/normal_train/01170312.png,0,09,learnable_hard,0.0495226181,0.98,0.117524011,normal_replay,EndpointTrend
RUN_095,TRIAD_032,A11_EndpointTrend_B600,R1,1385197443,936867673,53,Det/images/normal_train/00580352.png,0,02,easy_clean,0.0034373877,1.0,0.0046558067,normal_replay,EndpointTrend
RUN_095,TRIAD_032,A11_EndpointTrend_B600,R1,1385197443,936867673,54,Det/images/normal_train/00446464.png,0,09,easy_clean,0.0027025344,1.0,0.0242635546,normal_replay,EndpointTrend
RUN_095,TRIAD_032,A11_EndpointTrend_B600,R1,1385197443,936867673,55,Det/images/normal_train/00847616.png,0,04,easy_clean,0.0016888177,1.0,0.0025056965,normal_replay,EndpointTrend
RUN_095,TRIAD_032,A11_EndpointTrend_B600,R1,1385197443,936867673,56,Det/images/normal_train/00420442.png,0,05,learnable_hard,0.7293658861,0.06,0.1406401999,normal_replay,EndpointTrend
RUN_095,TRIAD_032,A11_EndpointTrend_B600,R1,1385197443,936867673,57,Det/images/normal_train/01146302.png,0,05,easy_clean,0.0142209828,1.0,0.0146786853,normal_replay,EndpointTrend
RUN_095,TRIAD_032,A11_EndpointTrend_B600,R1,1385197443,936867673,58,Det/images/normal_train/00939065.png,0,08,ordinary,0.094777109,1.0,0.0959548812,normal_replay,EndpointTrend
RUN_095,TRIAD_032,A11_EndpointTrend_B600,R1,1385197443,936867673,59,Det/images/normal_train/01189839.png,0,05,easy_clean,0.077756615,1.0,0.0617756899,normal_replay,EndpointTrend
RUN_095,TRIAD_032,A11_EndpointTrend_B600,R1,1385197443,936867673,60,Det/images/normal_train/00240639.png,0,07,learnable_hard,0.0517866093,0.985,0.1086960485,normal_replay,EndpointTrend
RUN_095,TRIAD_032,A11_EndpointTrend_B600,R1,1385197443,936867673,61,Det/images/normal_train/01124033.png,0,08,learnable_hard,0.2160677404,0.99,0.1519316746,normal_replay,EndpointTrend
RUN_095,TRIAD_032,A11_EndpointTrend_B600,R1,1385197443,936867673,62,Det/images/normal_train/00873809.png,0,04,ordinary,0.1165782269,1.0,0.0962001633,normal_replay,EndpointTrend
RUN_095,TRIAD_032,A11_EndpointTrend_B600,R1,1385197443,936867673,63,Det/images/normal_train/01226759.png,0,00,easy_clean,0.0173855007,1.0,0.0126609496,normal_replay,EndpointTrend
RUN_095,TRIAD_032,A11_EndpointTrend_B600,R1,1385197443,936867673,64,Det/images/normal_train/00794064.png,0,08,easy_clean,0.0003080796,1.0,0.0005402178,normal_replay,EndpointTrend
RUN_095,TRIAD_032,A11_EndpointTrend_B600,R1,1385197443,936867673,65,Det/images/normal_train/00556878.png,0,04,easy_clean,0.0312356864,1.0,0.0504601203,normal_replay,EndpointTrend
RUN_095,TRIAD_032,A11_EndpointTrend_B600,R1,1385197443,936867673,66,Det/images/normal_train/00586878.png,0,01,easy_clean,0.0280673169,1.0,0.0314212235,normal_replay,EndpointTrend
RUN_095,TRIAD_032,A11_EndpointTrend_B600,R1,1385197443,936867673,67,Det/images/normal_train/01015314.png,0,03,easy_clean,0.0358704663,1.0,0.0248122489,normal_replay,EndpointTrend
RUN_095,TRIAD_032,A11_EndpointTrend_B600,R1,1385197443,936867673,68,Det/images/normal_train/00262362.png,0,04,easy_clean,0.0011770621,1.0,0.0017918169,normal_replay,EndpointTrend
RUN_095,TRIAD_032,A11_EndpointTrend_B600,R1,1385197443,936867673,69,Det/images/normal_train/00339245.png,0,09,easy_clean,0.0130049988,1.0,0.0163973794,normal_replay,EndpointTrend
RUN_095,TRIAD_032,A11_EndpointTrend_B600,R1,1385197443,936867673,70,Det/images/normal_train/00807230.png,0,08,learnable_hard,0.5502561765,0.33,0.2891538646,normal_replay,EndpointTrend
RUN_095,TRIAD_032,A11_EndpointTrend_B600,R1,1385197443,936867673,71,Det/images/normal_train/00399397.png,0,08,easy_clean,0.0151715647,1.0,0.0210385292,normal_replay,EndpointTrend
RUN_095,TRIAD_032,A11_EndpointTrend_B600,R1,1385197443,936867673,72,Det/images/normal_train/00860830.png,0,03,easy_clean,0.0073593423,1.0,0.0136409611,normal_replay,EndpointTrend
RUN_095,TRIAD_032,A11_EndpointTrend_B600,R1,1385197443,936867673,73,Det/images/normal_train/00213981.png,0,03,easy_clean,0.0058669582,1.0,0.0131133601,normal_replay,EndpointTrend
RUN_095,TRIAD_032,A11_EndpointTrend_B600,R1,1385197443,936867673,74,Det/images/normal_train/00252748.png,0,08,easy_clean,0.0049245434,1.0,0.01841093,normal_replay,EndpointTrend
RUN_095,TRIAD_032,A11_EndpointTrend_B600,R1,1385197443,936867673,75,Det/images/normal_train/00266999.png,0,01,easy_clean,0.002116755,1.0,0.0028660628,normal_replay,EndpointTrend
RUN_095,TRIAD_032,A11_EndpointTrend_B600,R1,1385197443,936867673,76,Det/images/normal_train/00589243.png,0,03,easy_clean,0.0023608515,1.0,0.0220767174,normal_replay,EndpointTrend
RUN_095,TRIAD_032,A11_EndpointTrend_B600,R1,1385197443,936867673,77,Det/images/normal_train/01145579.png,0,06,easy_clean,0.000682986,1.0,0.0010677529,normal_replay,EndpointTrend
RUN_095,TRIAD_032,A11_EndpointTrend_B600,R1,1385197443,936867673,78,Det/images/normal_train/00397271.png,0,06,easy_clean,0.0171190317,1.0,0.0121739203,normal_replay,EndpointTrend
RUN_095,TRIAD_032,A11_EndpointTrend_B600,R1,1385197443,936867673,79,Det/images/normal_train/00733781.png,0,07,easy_clean,0.0663672825,1.0,0.0500146764,normal_replay,EndpointTrend
RUN_095,TRIAD_032,A11_EndpointTrend_B600,R1,1385197443,936867673,80,Det/images/normal_train/01291978.png,0,07,easy_clean,0.0030627971,1.0,0.0099098861,normal_replay,EndpointTrend
RUN_095,TRIAD_032,A11_EndpointTrend_B600,R1,1385197443,936867673,81,Det/images/normal_train/01211489.png,0,04,persistent_hard,0.7681333202,0.12,0.1703275769,normal_replay,EndpointTrend
RUN_095,TRIAD_032,A11_EndpointTrend_B600,R1,1385197443,936867673,82,Det/images/normal_train/01265458.png,0,08,easy_clean,0.0857872741,1.0,0.0563969626,normal_replay,EndpointTrend
RUN_095,TRIAD_032,A11_EndpointTrend_B600,R1,1385197443,936867673,83,Det/images/normal_train/00341334.png,0,04,easy_clean,0.0037314431,1.0,0.0058940243,normal_replay,EndpointTrend
RUN_095,TRIAD_032,A11_EndpointTrend_B600,R1,1385197443,936867673,84,Det/images/normal_train/01195649.png,0,03,learnable_hard,0.1505708495,0.995,0.1341514699,normal_replay,EndpointTrend
RUN_095,TRIAD_032,A11_EndpointTrend_B600,R1,1385197443,936867673,85,Det/images/normal_train/00802416.png,0,02,easy_clean,0.0045876023,1.0,0.0071080307,normal_replay,EndpointTrend
RUN_095,TRIAD_032,A11_EndpointTrend_B600,R1,1385197443,936867673,86,Det/images/normal_train/00754771.png,0,09,ordinary,0.1681487063,1.0,0.0859284484,normal_replay,EndpointTrend
RUN_095,TRIAD_032,A11_EndpointTrend_B600,R1,1385197443,936867673,87,Det/images/normal_train/00373268.png,0,03,easy_clean,0.0036206334,1.0,0.0064124187,normal_replay,EndpointTrend
RUN_095,TRIAD_032,A11_EndpointTrend_B600,R1,1385197443,936867673,88,Det/images/normal_train/00847229.png,0,04,easy_clean,0.0060332432,1.0,0.0111910987,normal_replay,EndpointTrend
RUN_095,TRIAD_032,A11_EndpointTrend_B600,R1,1385197443,936867673,89,Det/images/normal_train/00592393.png,0,07,easy_clean,0.0005708023,1.0,0.0047764417,normal_replay,EndpointTrend
RUN_095,TRIAD_032,A11_EndpointTrend_B600,R1,1385197443,936867673,90,Det/images/normal_train/00381485.png,0,05,easy_clean,0.0174574734,1.0,0.0231804494,normal_replay,EndpointTrend
RUN_095,TRIAD_032,A11_EndpointTrend_B600,R1,1385197443,936867673,91,Det/images/normal_train/00920665.png,0,09,learnable_hard,0.1106159167,0.995,0.1124564687,normal_replay,EndpointTrend
RUN_095,TRIAD_032,A11_EndpointTrend_B600,R1,1385197443,936867673,92,Det/images/normal_train/00871089.png,0,07,easy_clean,0.0016629929,1.0,0.0020655535,normal_replay,EndpointTrend
RUN_095,TRIAD_032,A11_EndpointTrend_B600,R1,1385197443,936867673,93,Det/images/normal_train/00350056.png,0,04,ordinary,0.1839650168,1.0,0.1104706128,normal_replay,EndpointTrend
RUN_095,TRIAD_032,A11_EndpointTrend_B600,R1,1385197443,936867673,94,Det/images/normal_train/00265989.png,0,05,easy_clean,9.70164e-05,1.0,0.0001678132,normal_replay,EndpointTrend
RUN_095,TRIAD_032,A11_EndpointTrend_B600,R1,1385197443,936867673,95,Det/images/normal_train/00590221.png,0,04,easy_clean,0.0003874848,1.0,0.0006069425,normal_replay,EndpointTrend
RUN_095,TRIAD_032,A11_EndpointTrend_B600,R1,1385197443,936867673,96,Det/images/normal_train/00679861.png,0,07,easy_clean,0.0178822925,0.995,0.0647953662,normal_replay,EndpointTrend
RUN_095,TRIAD_032,A11_EndpointTrend_B600,R1,1385197443,936867673,97,Det/images/normal_train/00324634.png,0,00,learnable_hard,0.2553667672,0.725,0.2536843442,normal_replay,EndpointTrend
RUN_095,TRIAD_032,A11_EndpointTrend_B600,R1,1385197443,936867673,98,Det/images/normal_train/01073046.png,0,07,learnable_hard,0.1427252086,0.985,0.150688885,normal_replay,EndpointTrend
RUN_095,TRIAD_032,A11_EndpointTrend_B600,R1,1385197443,936867673,99,Det/images/normal_train/00172791.png,0,05,ordinary,0.1283750809,1.0,0.1004068548,normal_replay,EndpointTrend
RUN_095,TRIAD_032,A11_EndpointTrend_B600,R1,1385197443,936867673,100,Det/images/normal_train/00478610.png,0,01,easy_clean,0.0025583963,1.0,0.0044407358,normal_replay,EndpointTrend
RUN_095,TRIAD_032,A11_EndpointTrend_B600,R1,1385197443,936867673,101,Det/images/normal_train/00965346.png,0,03,learnable_hard,0.055268742,0.985,0.0925755611,normal_replay,EndpointTrend
RUN_095,TRIAD_032,A11_EndpointTrend_B600,R1,1385197443,936867673,102,Det/images/normal_train/01088124.png,0,00,easy_clean,0.0204275597,1.0,0.0235441283,normal_replay,EndpointTrend
RUN_095,TRIAD_032,A11_EndpointTrend_B600,R1,1385197443,936867673,103,Det/images/normal_train/00476442.png,0,09,easy_clean,0.0083760817,1.0,0.0122306267,normal_replay,EndpointTrend
RUN_095,TRIAD_032,A11_EndpointTrend_B600,R1,1385197443,936867673,104,Det/images/normal_train/00238749.png,0,02,easy_clean,0.0016860806,1.0,0.0029122792,normal_replay,EndpointTrend
RUN_095,TRIAD_032,A11_EndpointTrend_B600,R1,1385197443,936867673,105,Det/images/normal_train/00928353.png,0,03,ordinary,0.1041010783,1.0,0.0747513206,normal_replay,EndpointTrend
RUN_095,TRIAD_032,A11_EndpointTrend_B600,R1,1385197443,936867673,106,Det/images/normal_train/00924107.png,0,07,easy_clean,0.0030396093,1.0,0.0065788779,normal_replay,EndpointTrend
RUN_095,TRIAD_032,A11_EndpointTrend_B600,R1,1385197443,936867673,107,Det/images/normal_train/01150531.png,0,04,easy_clean,0.0068537734,1.0,0.0150467474,normal_replay,EndpointTrend
RUN_095,TRIAD_032,A11_EndpointTrend_B600,R1,1385197443,936867673,108,Det/images/normal_train/00916933.png,0,00,easy_clean,0.0399723864,1.0,0.0493826809,normal_replay,EndpointTrend
RUN_095,TRIAD_032,A11_EndpointTrend_B600,R1,1385197443,936867673,109,Det/images/normal_train/00812110.png,0,00,easy_clean,0.0086723221,1.0,0.0334613198,normal_replay,EndpointTrend
RUN_095,TRIAD_032,A11_EndpointTrend_B600,R1,1385197443,936867673,110,Det/images/normal_train/00344635.png,0,00,easy_clean,0.0089223049,1.0,0.0111499189,normal_replay,EndpointTrend
RUN_095,TRIAD_032,A11_EndpointTrend_B600,R1,1385197443,936867673,111,Det/images/normal_train/00556701.png,0,04,easy_clean,0.0166616114,1.0,0.0187566709,normal_replay,EndpointTrend
RUN_095,TRIAD_032,A11_EndpointTrend_B600,R1,1385197443,936867673,112,Det/images/normal_train/01142441.png,0,07,easy_clean,0.031801979,1.0,0.0315880227,normal_replay,EndpointTrend
RUN_095,TRIAD_032,A11_EndpointTrend_B600,R1,1385197443,936867673,113,Det/images/normal_train/01260604.png,0,05,easy_clean,0.0681797573,1.0,0.0773291268,normal_replay,EndpointTrend
RUN_095,TRIAD_032,A11_EndpointTrend_B600,R1,1385197443,936867673,114,Det/images/normal_train/01094042.png,0,05,easy_clean,0.0450817193,1.0,0.0464710558,normal_replay,EndpointTrend
RUN_095,TRIAD_032,A11_EndpointTrend_B600,R1,1385197443,936867673,115,Det/images/normal_train/00206341.png,0,05,unstable_boundary,0.3807957546,0.83,0.1492619575,normal_replay,EndpointTrend
RUN_095,TRIAD_032,A11_EndpointTrend_B600,R1,1385197443,936867673,116,Det/images/normal_train/00654564.png,0,02,easy_clean,0.0013038222,1.0,0.001706587,normal_replay,EndpointTrend
RUN_095,TRIAD_032,A11_EndpointTrend_B600,R1,1385197443,936867673,117,Det/images/normal_train/01160245.png,0,05,easy_clean,0.0206316672,1.0,0.0212177514,normal_replay,EndpointTrend
RUN_095,TRIAD_032,A11_EndpointTrend_B600,R1,1385197443,936867673,118,Det/images/normal_train/00976278.png,0,04,easy_clean,0.0070866519,1.0,0.0159611157,normal_replay,EndpointTrend
RUN_095,TRIAD_032,A11_EndpointTrend_B600,R1,1385197443,936867673,119,Det/images/normal_train/00476870.png,0,09,easy_clean,0.003886094,1.0,0.006927625,normal_replay,EndpointTrend
RUN_095,TRIAD_032,A11_EndpointTrend_B600,R1,1385197443,936867673,120,Det/images/normal_train/00257463.png,0,09,easy_clean,0.0037158338,1.0,0.0069490276,normal_replay,EndpointTrend
RUN_095,TRIAD_032,A11_EndpointTrend_B600,R1,1385197443,936867673,121,Det/images/normal_train/00516303.png,0,04,easy_clean,0.000739658,1.0,0.001273321,normal_replay,EndpointTrend
RUN_095,TRIAD_032,A11_EndpointTrend_B600,R1,1385197443,936867673,122,Det/images/normal_train/00959372.png,0,02,easy_clean,0.0426346344,1.0,0.0444452054,normal_replay,EndpointTrend
RUN_095,TRIAD_032,A11_EndpointTrend_B600,R1,1385197443,936867673,123,Det/images/normal_train/00694113.png,0,00,learnable_hard,0.0770228155,0.995,0.0904014056,normal_replay,EndpointTrend
RUN_095,TRIAD_032,A11_EndpointTrend_B600,R1,1385197443,936867673,124,Det/images/normal_train/00975516.png,0,02,easy_clean,0.0124031452,1.0,0.0241234002,normal_replay,EndpointTrend
RUN_095,TRIAD_032,A11_EndpointTrend_B600,R1,1385197443,936867673,125,Det/images/normal_train/00448940.png,0,04,ordinary,0.1101305856,1.0,0.0783031454,normal_replay,EndpointTrend
RUN_095,TRIAD_032,A11_EndpointTrend_B600,R1,1385197443,936867673,126,Det/images/normal_train/01168083.png,0,02,ordinary,0.3378873423,0.71,0.2703089073,normal_replay,EndpointTrend
RUN_095,TRIAD_032,A11_EndpointTrend_B600,R1,1385197443,936867673,127,Det/images/normal_train/01212152.png,0,02,easy_clean,0.0083399347,1.0,0.0203297215,normal_replay,EndpointTrend
RUN_095,TRIAD_032,A11_EndpointTrend_B600,R1,1385197443,936867673,128,Det/images/normal_train/00564698.png,0,04,easy_clean,0.0662962039,0.995,0.0632458687,normal_replay,EndpointTrend
RUN_095,TRIAD_032,A11_EndpointTrend_B600,R1,1385197443,936867673,129,Det/images/normal_train/01204830.png,0,09,easy_clean,0.0229018881,1.0,0.0325639934,normal_replay,EndpointTrend
RUN_095,TRIAD_032,A11_EndpointTrend_B600,R1,1385197443,936867673,130,Det/images/normal_train/00393378.png,0,01,learnable_hard,0.0613713315,0.985,0.0965609867,normal_replay,EndpointTrend
RUN_095,TRIAD_032,A11_EndpointTrend_B600,R1,1385197443,936867673,131,Det/images/normal_train/01247994.png,0,02,easy_clean,0.0004957419,1.0,0.0007573835,normal_replay,EndpointTrend
RUN_095,TRIAD_032,A11_EndpointTrend_B600,R1,1385197443,936867673,132,Det/images/normal_train/01043159.png,0,00,learnable_hard,0.1601110208,0.995,0.104068362,normal_replay,EndpointTrend
RUN_095,TRIAD_032,A11_EndpointTrend_B600,R1,1385197443,936867673,133,Det/images/normal_train/01257974.png,0,07,easy_clean,0.0144885288,1.0,0.0218918694,normal_replay,EndpointTrend
RUN_095,TRIAD_032,A11_EndpointTrend_B600,R1,1385197443,936867673,134,Det/images/normal_train/01186542.png,0,09,easy_clean,0.0815030052,1.0,0.0391942583,normal_replay,EndpointTrend
RUN_095,TRIAD_032,A11_EndpointTrend_B600,R1,1385197443,936867673,135,Det/images/normal_train/00315942.png,0,03,easy_clean,0.0031713956,1.0,0.0042388644,normal_replay,EndpointTrend
RUN_095,TRIAD_032,A11_EndpointTrend_B600,R1,1385197443,936867673,136,Det/images/normal_train/00992497.png,0,08,easy_clean,0.0019857027,1.0,0.0025397003,normal_replay,EndpointTrend
RUN_095,TRIAD_032,A11_EndpointTrend_B600,R1,1385197443,936867673,137,Det/images/normal_train/01113039.png,0,07,easy_clean,0.0283756894,1.0,0.041227316,normal_replay,EndpointTrend
RUN_095,TRIAD_032,A11_EndpointTrend_B600,R1,1385197443,936867673,138,Det/images/normal_train/00964811.png,0,05,easy_clean,0.0135049017,1.0,0.015946906,normal_replay,EndpointTrend
RUN_095,TRIAD_032,A11_EndpointTrend_B600,R1,1385197443,936867673,139,Det/images/normal_train/00860381.png,0,03,learnable_hard,0.1906550734,0.995,0.0855161327,normal_replay,EndpointTrend
RUN_095,TRIAD_032,A11_EndpointTrend_B600,R1,1385197443,936867673,140,Det/images/normal_train/00661260.png,0,08,easy_clean,0.0250021206,0.995,0.0833943217,normal_replay,EndpointTrend
RUN_095,TRIAD_032,A11_EndpointTrend_B600,R1,1385197443,936867673,141,Det/images/normal_train/00251361.png,0,04,easy_clean,0.0012725716,1.0,0.0054565906,normal_replay,EndpointTrend
RUN_095,TRIAD_032,A11_EndpointTrend_B600,R1,1385197443,936867673,142,Det/images/normal_train/00522040.png,0,07,easy_clean,0.0055022167,1.0,0.0132100718,normal_replay,EndpointTrend
RUN_095,TRIAD_032,A11_EndpointTrend_B600,R1,1385197443,936867673,143,Det/images/normal_train/00255375.png,0,08,easy_clean,0.0003194965,1.0,0.0004894156,normal_replay,EndpointTrend
RUN_095,TRIAD_032,A11_EndpointTrend_B600,R1,1385197443,936867673,144,Det/images/normal_train/00547204.png,0,05,easy_clean,0.0050905325,1.0,0.0098808418,normal_replay,EndpointTrend
RUN_095,TRIAD_032,A11_EndpointTrend_B600,R1,1385197443,936867673,145,Det/images/normal_train/01071113.png,0,04,easy_clean,0.0266926598,1.0,0.0242666528,normal_replay,EndpointTrend
RUN_095,TRIAD_032,A11_EndpointTrend_B600,R1,1385197443,936867673,146,Det/images/normal_train/00344857.png,0,00,easy_clean,0.007037888,1.0,0.0146174687,normal_replay,EndpointTrend
RUN_095,TRIAD_032,A11_EndpointTrend_B600,R1,1385197443,936867673,147,Det/images/normal_train/00439575.png,0,03,easy_clean,0.0025128111,1.0,0.0055644251,normal_replay,EndpointTrend
RUN_095,TRIAD_032,A11_EndpointTrend_B600,R1,1385197443,936867673,148,Det/images/normal_train/00617160.png,0,05,easy_clean,0.0043423266,1.0,0.0053200215,normal_replay,EndpointTrend
RUN_095,TRIAD_032,A11_EndpointTrend_B600,R1,1385197443,936867673,149,Det/images/normal_train/00808117.png,0,03,unstable_boundary,0.4639924805,0.465,0.1404269134,normal_replay,EndpointTrend
RUN_095,TRIAD_032,A11_EndpointTrend_B600,R1,1385197443,936867673,150,Det/images/normal_train/01086229.png,0,04,easy_clean,0.0175483083,1.0,0.0358022822,normal_replay,EndpointTrend
RUN_095,TRIAD_032,A11_EndpointTrend_B600,R1,1385197443,936867673,151,Det/images/normal_train/00529929.png,0,03,learnable_hard,0.1141150229,0.995,0.0999271968,normal_replay,EndpointTrend
RUN_095,TRIAD_032,A11_EndpointTrend_B600,R1,1385197443,936867673,152,Det/images/normal_train/00173057.png,0,04,easy_clean,0.0537796554,1.0,0.0484250147,normal_replay,EndpointTrend
RUN_095,TRIAD_032,A11_EndpointTrend_B600,R1,1385197443,936867673,153,Det/images/normal_train/00993997.png,0,04,easy_clean,0.0018289955,1.0,0.0047017912,normal_replay,EndpointTrend
RUN_095,TRIAD_032,A11_EndpointTrend_B600,R1,1385197443,936867673,154,Det/images/normal_train/00409845.png,0,06,learnable_hard,0.2807126458,0.96,0.1540328247,normal_replay,EndpointTrend
RUN_095,TRIAD_032,A11_EndpointTrend_B600,R1,1385197443,936867673,155,Det/images/normal_train/00913451.png,0,07,easy_clean,0.0454112683,1.0,0.0308587373,normal_replay,EndpointTrend
RUN_095,TRIAD_032,A11_EndpointTrend_B600,R1,1385197443,936867673,156,Det/images/normal_train/00974404.png,0,05,easy_clean,0.0070209759,1.0,0.0182613483,normal_replay,EndpointTrend
RUN_095,TRIAD_032,A11_EndpointTrend_B600,R1,1385197443,936867673,157,Det/images/normal_train/01006838.png,0,05,easy_clean,0.0049895849,1.0,0.0050553142,normal_replay,EndpointTrend
RUN_095,TRIAD_032,A11_EndpointTrend_B600,R1,1385197443,936867673,158,Det/images/normal_train/01019603.png,0,08,learnable_hard,0.0575504129,0.995,0.069387033,normal_replay,EndpointTrend
RUN_095,TRIAD_032,A11_EndpointTrend_B600,R1,1385197443,936867673,159,Det/images/normal_train/00727957.png,0,04,easy_clean,0.007648132,1.0,0.0127820169,normal_replay,EndpointTrend
RUN_095,TRIAD_032,A11_EndpointTrend_B600,R1,1385197443,936867673,160,Det/images/normal_train/00622861.png,0,02,learnable_hard,0.2223705867,0.99,0.0835840046,normal_replay,EndpointTrend
RUN_095,TRIAD_032,A11_EndpointTrend_B600,R1,1385197443,936867673,161,Det/images/normal_train/00284599.png,0,01,learnable_hard,0.2062712086,0.965,0.1732492676,normal_replay,EndpointTrend
RUN_095,TRIAD_032,A11_EndpointTrend_B600,R1,1385197443,936867673,162,Det/images/normal_train/00191522.png,0,08,easy_clean,0.0034660457,1.0,0.0111127018,normal_replay,EndpointTrend
RUN_095,TRIAD_032,A11_EndpointTrend_B600,R1,1385197443,936867673,163,Det/images/normal_train/00901693.png,0,06,learnable_hard,0.1539827522,0.99,0.1207857248,normal_replay,EndpointTrend
RUN_095,TRIAD_032,A11_EndpointTrend_B600,R1,1385197443,936867673,164,Det/images/normal_train/01154375.png,0,01,easy_clean,0.0008490774,1.0,0.0016564321,normal_replay,EndpointTrend
RUN_095,TRIAD_032,A11_EndpointTrend_B600,R1,1385197443,936867673,165,Det/images/normal_train/01173328.png,0,01,easy_clean,0.0066181174,1.0,0.0156334824,normal_replay,EndpointTrend
RUN_095,TRIAD_032,A11_EndpointTrend_B600,R1,1385197443,936867673,166,Det/images/normal_train/00619794.png,0,04,easy_clean,0.0020836068,1.0,0.0028470123,normal_replay,EndpointTrend
RUN_095,TRIAD_032,A11_EndpointTrend_B600,R1,1385197443,936867673,167,Det/images/normal_train/00388051.png,0,00,learnable_hard,0.0148018448,0.995,0.0443438754,normal_replay,EndpointTrend
RUN_095,TRIAD_032,A11_EndpointTrend_B600,R1,1385197443,936867673,168,Det/images/normal_train/01005004.png,0,09,easy_clean,0.0194285695,1.0,0.0206778692,normal_replay,EndpointTrend
RUN_095,TRIAD_032,A11_EndpointTrend_B600,R1,1385197443,936867673,169,Det/images/normal_train/00261145.png,0,00,easy_clean,0.0085984349,1.0,0.0113395085,normal_replay,EndpointTrend
RUN_095,TRIAD_032,A11_EndpointTrend_B600,R1,1385197443,936867673,170,Det/images/normal_train/00781126.png,0,02,easy_clean,0.0007458057,1.0,0.0024791305,normal_replay,EndpointTrend
RUN_095,TRIAD_032,A11_EndpointTrend_B600,R1,1385197443,936867673,171,Det/images/normal_train/00219988.png,0,09,easy_clean,0.0126823976,1.0,0.0293003696,normal_replay,EndpointTrend
RUN_095,TRIAD_032,A11_EndpointTrend_B600,R1,1385197443,936867673,172,Det/images/normal_train/00936951.png,0,06,learnable_hard,0.3183611973,0.75,0.2204858035,normal_replay,EndpointTrend
RUN_095,TRIAD_032,A11_EndpointTrend_B600,R1,1385197443,936867673,173,Det/images/normal_train/01022705.png,0,03,learnable_hard,0.3317615835,0.98,0.1353001662,normal_replay,EndpointTrend
RUN_095,TRIAD_032,A11_EndpointTrend_B600,R1,1385197443,936867673,174,Det/images/normal_train/01174145.png,0,01,ordinary,0.2700465894,1.0,0.1647635022,normal_replay,EndpointTrend
RUN_095,TRIAD_032,A11_EndpointTrend_B600,R1,1385197443,936867673,175,Det/images/normal_train/01209950.png,0,08,easy_clean,0.0426374079,1.0,0.0445124216,normal_replay,EndpointTrend
RUN_095,TRIAD_032,A11_EndpointTrend_B600,R1,1385197443,936867673,176,Det/images/normal_train/00863257.png,0,07,ordinary,0.0954983167,1.0,0.0822938888,normal_replay,EndpointTrend
RUN_095,TRIAD_032,A11_EndpointTrend_B600,R1,1385197443,936867673,177,Det/images/normal_train/00758493.png,0,04,easy_clean,0.0072683136,1.0,0.0342157804,normal_replay,EndpointTrend
RUN_095,TRIAD_032,A11_EndpointTrend_B600,R1,1385197443,936867673,178,Det/images/normal_train/00603798.png,0,09,easy_clean,0.0082721005,1.0,0.0322900087,normal_replay,EndpointTrend
RUN_095,TRIAD_032,A11_EndpointTrend_B600,R1,1385197443,936867673,179,Det/images/normal_train/00610090.png,0,05,easy_clean,0.0037704668,1.0,0.0044948258,normal_replay,EndpointTrend
RUN_095,TRIAD_032,A11_EndpointTrend_B600,R1,1385197443,936867673,180,Det/images/normal_train/00268905.png,0,03,easy_clean,0.0019062275,1.0,0.0033787733,normal_replay,EndpointTrend
RUN_095,TRIAD_032,A11_EndpointTrend_B600,R1,1385197443,936867673,181,Det/images/normal_train/00934439.png,0,01,easy_clean,0.0457248471,1.0,0.0353064893,normal_replay,EndpointTrend
RUN_095,TRIAD_032,A11_EndpointTrend_B600,R1,1385197443,936867673,182,Det/images/normal_train/01091362.png,0,02,unstable_boundary,0.5909566796,0.4,0.1690439542,normal_replay,EndpointTrend
RUN_095,TRIAD_032,A11_EndpointTrend_B600,R1,1385197443,936867673,183,Det/images/normal_train/00908811.png,0,06,easy_clean,0.0118583624,1.0,0.0187364249,normal_replay,EndpointTrend
RUN_095,TRIAD_032,A11_EndpointTrend_B600,R1,1385197443,936867673,184,Det/images/normal_train/01073737.png,0,07,easy_clean,0.0625693416,1.0,0.0259366133,normal_replay,EndpointTrend
RUN_095,TRIAD_032,A11_EndpointTrend_B600,R1,1385197443,936867673,185,Det/images/normal_train/00654604.png,0,02,easy_clean,0.0005190616,1.0,0.0007352969,normal_replay,EndpointTrend
RUN_095,TRIAD_032,A11_EndpointTrend_B600,R1,1385197443,936867673,186,Det/images/normal_train/00688344.png,0,05,easy_clean,0.0018720236,1.0,0.0040318462,normal_replay,EndpointTrend
RUN_095,TRIAD_032,A11_EndpointTrend_B600,R1,1385197443,936867673,187,Det/images/normal_train/00810349.png,0,09,easy_clean,0.0323986516,1.0,0.0335781667,normal_replay,EndpointTrend
RUN_095,TRIAD_032,A11_EndpointTrend_B600,R1,1385197443,936867673,188,Det/images/normal_train/00821175.png,0,06,easy_clean,0.0077445678,1.0,0.0145308641,normal_replay,EndpointTrend
RUN_095,TRIAD_032,A11_EndpointTrend_B600,R1,1385197443,936867673,189,Det/images/normal_train/00212878.png,0,05,learnable_hard,0.2644524041,0.96,0.174202298,normal_replay,EndpointTrend
RUN_095,TRIAD_032,A11_EndpointTrend_B600,R1,1385197443,936867673,190,Det/images/normal_train/00850527.png,0,07,easy_clean,0.0016029709,1.0,0.0023834733,normal_replay,EndpointTrend
RUN_095,TRIAD_032,A11_EndpointTrend_B600,R1,1385197443,936867673,191,Det/images/normal_train/01013879.png,0,01,learnable_hard,0.0730505696,0.99,0.0855793529,normal_replay,EndpointTrend
RUN_095,TRIAD_032,A11_EndpointTrend_B600,R1,1385197443,936867673,192,Det/images/normal_train/01091813.png,0,02,easy_clean,0.0706395137,1.0,0.0812287472,normal_replay,EndpointTrend
RUN_095,TRIAD_032,A11_EndpointTrend_B600,R1,1385197443,936867673,193,Det/images/normal_train/00660322.png,0,00,easy_clean,0.0029282411,1.0,0.0032377663,normal_replay,EndpointTrend
RUN_095,TRIAD_032,A11_EndpointTrend_B600,R1,1385197443,936867673,194,Det/images/normal_train/00967390.png,0,04,unstable_boundary,0.442279857,0.7,0.138413524,normal_replay,EndpointTrend
RUN_095,TRIAD_032,A11_EndpointTrend_B600,R1,1385197443,936867673,195,Det/images/normal_train/00324607.png,0,00,easy_clean,0.0349027837,1.0,0.0210508831,normal_replay,EndpointTrend
RUN_095,TRIAD_032,A11_EndpointTrend_B600,R1,1385197443,936867673,196,Det/images/normal_train/00368141.png,0,02,easy_clean,0.0006235295,1.0,0.0013276726,normal_replay,EndpointTrend
RUN_095,TRIAD_032,A11_EndpointTrend_B600,R1,1385197443,936867673,197,Det/images/normal_train/00317513.png,0,04,easy_clean,0.0016237047,1.0,0.0047514283,normal_replay,EndpointTrend
RUN_095,TRIAD_032,A11_EndpointTrend_B600,R1,1385197443,936867673,198,Det/images/normal_train/01007750.png,0,01,easy_clean,0.0053154899,1.0,0.006167497,normal_replay,EndpointTrend
RUN_095,TRIAD_032,A11_EndpointTrend_B600,R1,1385197443,936867673,199,Det/images/normal_train/00592791.png,0,07,learnable_hard,0.0582539133,0.995,0.0868469868,normal_replay,EndpointTrend
RUN_095,TRIAD_032,A11_EndpointTrend_B600,R1,1385197443,936867673,200,Det/images/normal_train/00448285.png,0,04,easy_clean,0.0005335537,1.0,0.0011694598,normal_replay,EndpointTrend
RUN_095,TRIAD_032,A11_EndpointTrend_B600,R1,1385197443,936867673,201,Det/images/normal_train/01091678.png,0,02,easy_clean,0.045326019,1.0,0.0401756755,normal_replay,EndpointTrend
RUN_095,TRIAD_032,A11_EndpointTrend_B600,R1,1385197443,936867673,202,Det/images/normal_train/00999339.png,0,08,easy_clean,0.0038129226,1.0,0.0047978896,normal_replay,EndpointTrend
RUN_095,TRIAD_032,A11_EndpointTrend_B600,R1,1385197443,936867673,203,Det/images/normal_train/01080918.png,0,03,learnable_hard,0.1988341203,0.995,0.1645870377,normal_replay,EndpointTrend
RUN_095,TRIAD_032,A11_EndpointTrend_B600,R1,1385197443,936867673,204,Det/images/normal_train/00713333.png,0,06,easy_clean,0.0007102489,1.0,0.0023458444,normal_replay,EndpointTrend
RUN_095,TRIAD_032,A11_EndpointTrend_B600,R1,1385197443,936867673,205,Det/images/normal_train/00962762.png,0,04,ordinary,0.1211313878,0.89,0.2222345736,normal_replay,EndpointTrend
RUN_095,TRIAD_032,A11_EndpointTrend_B600,R1,1385197443,936867673,206,Det/images/normal_train/00577879.png,0,05,easy_clean,0.0117050594,1.0,0.0156715249,normal_replay,EndpointTrend
RUN_095,TRIAD_032,A11_EndpointTrend_B600,R1,1385197443,936867673,207,Det/images/normal_train/00253374.png,0,09,easy_clean,0.0019556849,1.0,0.0039025564,normal_replay,EndpointTrend
RUN_095,TRIAD_032,A11_EndpointTrend_B600,R1,1385197443,936867673,208,Det/images/normal_train/01137267.png,0,03,learnable_hard,0.2066771027,0.98,0.0925137428,normal_replay,EndpointTrend
RUN_095,TRIAD_032,A11_EndpointTrend_B600,R1,1385197443,936867673,209,Det/images/normal_train/01142722.png,0,07,easy_clean,0.0183662392,1.0,0.0335458097,normal_replay,EndpointTrend
RUN_095,TRIAD_032,A11_EndpointTrend_B600,R1,1385197443,936867673,210,Det/images/normal_train/00349219.png,0,00,easy_clean,0.0170244391,1.0,0.0321487551,normal_replay,EndpointTrend
RUN_095,TRIAD_032,A11_EndpointTrend_B600,R1,1385197443,936867673,211,Det/images/normal_train/00189914.png,0,02,easy_clean,0.0027985366,1.0,0.0043799409,normal_replay,EndpointTrend
RUN_095,TRIAD_032,A11_EndpointTrend_B600,R1,1385197443,936867673,212,Det/images/normal_train/00473184.png,0,06,easy_clean,0.0016375915,1.0,0.0020054038,normal_replay,EndpointTrend
RUN_095,TRIAD_032,A11_EndpointTrend_B600,R1,1385197443,936867673,213,Det/images/normal_train/00352839.png,0,07,easy_clean,0.0079377977,1.0,0.0102739406,normal_replay,EndpointTrend
RUN_095,TRIAD_032,A11_EndpointTrend_B600,R1,1385197443,936867673,214,Det/images/normal_train/00529542.png,0,03,easy_clean,0.0008672467,1.0,0.0013386521,normal_replay,EndpointTrend
RUN_095,TRIAD_032,A11_EndpointTrend_B600,R1,1385197443,936867673,215,Det/images/normal_train/00478042.png,0,01,easy_clean,0.0097028215,1.0,0.0220839773,normal_replay,EndpointTrend
RUN_095,TRIAD_032,A11_EndpointTrend_B600,R1,1385197443,936867673,216,Det/images/normal_train/00459801.png,0,02,easy_clean,0.0005528156,1.0,0.0009986568,normal_replay,EndpointTrend
RUN_095,TRIAD_032,A11_EndpointTrend_B600,R1,1385197443,936867673,217,Det/images/normal_train/00958514.png,0,05,easy_clean,0.001200693,1.0,0.002332507,normal_replay,EndpointTrend
RUN_095,TRIAD_032,A11_EndpointTrend_B600,R1,1385197443,936867673,218,Det/images/normal_train/00554118.png,0,03,learnable_hard,0.0565791138,0.99,0.0819792711,normal_replay,EndpointTrend
RUN_095,TRIAD_032,A11_EndpointTrend_B600,R1,1385197443,936867673,219,Det/images/normal_train/00205003.png,0,08,easy_clean,0.004073543,1.0,0.0062730706,normal_replay,EndpointTrend
RUN_095,TRIAD_032,A11_EndpointTrend_B600,R1,1385197443,936867673,220,Det/images/normal_train/00205613.png,0,08,easy_clean,0.0146996848,0.995,0.047261407,normal_replay,EndpointTrend
RUN_095,TRIAD_032,A11_EndpointTrend_B600,R1,1385197443,936867673,221,Det/images/normal_train/01105100.png,0,05,ordinary,0.1082365818,1.0,0.0781539892,normal_replay,EndpointTrend
RUN_095,TRIAD_032,A11_EndpointTrend_B600,R1,1385197443,936867673,222,Det/images/normal_train/00546246.png,0,07,easy_clean,0.0161501795,1.0,0.0431691641,normal_replay,EndpointTrend
RUN_095,TRIAD_032,A11_EndpointTrend_B600,R1,1385197443,936867673,223,Det/images/normal_train/00255509.png,0,08,easy_clean,0.0008729351,1.0,0.0014958028,normal_replay,EndpointTrend
RUN_095,TRIAD_032,A11_EndpointTrend_B600,R1,1385197443,936867673,224,Det/images/normal_train/01232487.png,0,09,easy_clean,0.0051954107,1.0,0.0116863722,normal_replay,EndpointTrend
RUN_095,TRIAD_032,A11_EndpointTrend_B600,R1,1385197443,936867673,225,Det/images/normal_train/00316176.png,0,01,easy_clean,0.0013113187,1.0,0.002461636,normal_replay,EndpointTrend
RUN_095,TRIAD_032,A11_EndpointTrend_B600,R1,1385197443,936867673,226,Det/images/normal_train/01155828.png,0,07,unstable_boundary,0.4200218926,0.735,0.1395014208,normal_replay,EndpointTrend
RUN_095,TRIAD_032,A11_EndpointTrend_B600,R1,1385197443,936867673,227,Det/images/normal_train/00951805.png,0,08,easy_clean,0.0106383436,1.0,0.0131652388,normal_replay,EndpointTrend
RUN_095,TRIAD_032,A11_EndpointTrend_B600,R1,1385197443,936867673,228,Det/images/normal_train/00334384.png,0,06,easy_clean,0.0100321726,1.0,0.0175619048,normal_replay,EndpointTrend
RUN_095,TRIAD_032,A11_EndpointTrend_B600,R1,1385197443,936867673,229,Det/images/normal_train/00980757.png,0,01,easy_clean,0.020111344,1.0,0.0278067697,normal_replay,EndpointTrend
RUN_095,TRIAD_032,A11_EndpointTrend_B600,R1,1385197443,936867673,230,Det/images/normal_train/00193700.png,0,06,easy_clean,0.0140175494,1.0,0.0179876528,normal_replay,EndpointTrend
RUN_095,TRIAD_032,A11_EndpointTrend_B600,R1,1385197443,936867673,231,Det/images/normal_train/01073659.png,0,07,easy_clean,0.0599137292,0.995,0.0733095965,normal_replay,EndpointTrend
RUN_095,TRIAD_032,A11_EndpointTrend_B600,R1,1385197443,936867673,232,Det/images/normal_train/00823790.png,0,02,easy_clean,0.0026746945,1.0,0.0131765213,normal_replay,EndpointTrend
RUN_095,TRIAD_032,A11_EndpointTrend_B600,R1,1385197443,936867673,233,Det/images/normal_train/00520372.png,0,06,easy_clean,0.0568201996,1.0,0.0586904761,normal_replay,EndpointTrend
RUN_095,TRIAD_032,A11_EndpointTrend_B600,R1,1385197443,936867673,234,Det/images/normal_train/00603178.png,0,09,easy_clean,0.0026025943,1.0,0.0034188882,normal_replay,EndpointTrend
RUN_095,TRIAD_032,A11_EndpointTrend_B600,R1,1385197443,936867673,235,Det/images/normal_train/00575071.png,0,00,easy_clean,0.0002401396,1.0,0.0005082235,normal_replay,EndpointTrend
RUN_095,TRIAD_032,A11_EndpointTrend_B600,R1,1385197443,936867673,236,Det/images/normal_train/01157443.png,0,06,easy_clean,0.0029384541,1.0,0.002615419,normal_replay,EndpointTrend
RUN_095,TRIAD_032,A11_EndpointTrend_B600,R1,1385197443,936867673,237,Det/images/normal_train/01153163.png,0,02,learnable_hard,0.0898846396,0.995,0.0566199464,normal_replay,EndpointTrend
RUN_095,TRIAD_032,A11_EndpointTrend_B600,R1,1385197443,936867673,238,Det/images/normal_train/01270493.png,0,05,easy_clean,0.0695484571,1.0,0.0371619816,normal_replay,EndpointTrend
RUN_095,TRIAD_032,A11_EndpointTrend_B600,R1,1385197443,936867673,239,Det/images/normal_train/00993284.png,0,04,easy_clean,0.0002548441,1.0,0.0006363121,normal_replay,EndpointTrend
RUN_095,TRIAD_032,A11_EndpointTrend_B600,R1,1385197443,936867673,240,Det/images/normal_train/00972403.png,0,03,easy_clean,0.0010028972,1.0,0.0017483897,normal_replay,EndpointTrend
RUN_095,TRIAD_032,A11_EndpointTrend_B600,R1,1385197443,936867673,241,Det/images/normal_train/00308639.png,0,04,easy_clean,0.0001781177,1.0,0.0004644532,normal_replay,EndpointTrend
RUN_095,TRIAD_032,A11_EndpointTrend_B600,R1,1385197443,936867673,242,Det/images/normal_train/00784935.png,0,00,easy_clean,0.0031983415,1.0,0.0038903781,normal_replay,EndpointTrend
RUN_095,TRIAD_032,A11_EndpointTrend_B600,R1,1385197443,936867673,243,Det/images/normal_train/01247328.png,0,02,easy_clean,0.0228432753,1.0,0.0230874664,normal_replay,EndpointTrend
RUN_095,TRIAD_032,A11_EndpointTrend_B600,R1,1385197443,936867673,244,Det/images/normal_train/01074972.png,0,04,learnable_hard,0.4197446409,0.535,0.1910281874,normal_replay,EndpointTrend
RUN_095,TRIAD_032,A11_EndpointTrend_B600,R1,1385197443,936867673,245,Det/images/normal_train/00902552.png,0,04,learnable_hard,0.0481228663,0.995,0.0752828448,normal_replay,EndpointTrend
RUN_095,TRIAD_032,A11_EndpointTrend_B600,R1,1385197443,936867673,246,Det/images/normal_train/01274352.png,0,08,easy_clean,0.0193068528,1.0,0.0231218592,normal_replay,EndpointTrend
RUN_095,TRIAD_032,A11_EndpointTrend_B600,R1,1385197443,936867673,247,Det/images/normal_train/00540604.png,0,05,easy_clean,0.0080885587,1.0,0.0094309697,normal_replay,EndpointTrend
RUN_095,TRIAD_032,A11_EndpointTrend_B600,R1,1385197443,936867673,248,Det/images/normal_train/01079608.png,0,02,easy_clean,0.0037589838,1.0,0.0048700905,normal_replay,EndpointTrend
RUN_095,TRIAD_032,A11_EndpointTrend_B600,R1,1385197443,936867673,249,Det/images/normal_train/01269908.png,0,00,easy_clean,0.0016748628,1.0,0.001745907,normal_replay,EndpointTrend
RUN_095,TRIAD_032,A11_EndpointTrend_B600,R1,1385197443,936867673,250,Det/images/normal_train/00636825.png,0,08,easy_clean,0.0628046624,1.0,0.0505790024,normal_replay,EndpointTrend
RUN_095,TRIAD_032,A11_EndpointTrend_B600,R1,1385197443,936867673,251,Det/images/normal_train/00428730.png,0,04,easy_clean,0.0060709591,1.0,0.007077943,normal_replay,EndpointTrend
RUN_095,TRIAD_032,A11_EndpointTrend_B600,R1,1385197443,936867673,252,Det/images/normal_train/00976032.png,0,04,ordinary,0.4629125417,0.56,0.2298726612,normal_replay,EndpointTrend
RUN_095,TRIAD_032,A11_EndpointTrend_B600,R1,1385197443,936867673,253,Det/images/normal_train/01016030.png,0,04,learnable_hard,0.3666296523,0.755,0.1682029285,normal_replay,EndpointTrend
RUN_095,TRIAD_032,A11_EndpointTrend_B600,R1,1385197443,936867673,254,Det/images/normal_train/00219457.png,0,09,learnable_hard,0.2456041218,0.9,0.1985399339,normal_replay,EndpointTrend
RUN_095,TRIAD_032,A11_EndpointTrend_B600,R1,1385197443,936867673,255,Det/images/normal_train/00554078.png,0,03,learnable_hard,0.3630856253,0.785,0.2095155166,normal_replay,EndpointTrend
RUN_095,TRIAD_032,A11_EndpointTrend_B600,R1,1385197443,936867673,256,Det/images/normal_train/01245927.png,0,09,easy_clean,0.0180166609,1.0,0.0166830988,normal_replay,EndpointTrend
RUN_095,TRIAD_032,A11_EndpointTrend_B600,R1,1385197443,936867673,257,Det/images/normal_train/01145435.png,0,06,easy_clean,0.0134164406,1.0,0.018388033,normal_replay,EndpointTrend
RUN_095,TRIAD_032,A11_EndpointTrend_B600,R1,1385197443,936867673,258,Det/images/normal_train/00503442.png,0,03,learnable_hard,0.0447794172,0.995,0.0530002024,normal_replay,EndpointTrend
RUN_095,TRIAD_032,A11_EndpointTrend_B600,R1,1385197443,936867673,259,Det/images/normal_train/00195596.png,0,08,easy_clean,0.0187567706,1.0,0.0217524437,normal_replay,EndpointTrend
RUN_095,TRIAD_032,A11_EndpointTrend_B600,R1,1385197443,936867673,260,Det/images/normal_train/00826957.png,0,03,easy_clean,0.0079884339,1.0,0.0298670238,normal_replay,EndpointTrend
RUN_095,TRIAD_032,A11_EndpointTrend_B600,R1,1385197443,936867673,261,Det/images/normal_train/01148294.png,0,04,easy_clean,0.0077197788,1.0,0.0083481265,normal_replay,EndpointTrend
RUN_095,TRIAD_032,A11_EndpointTrend_B600,R1,1385197443,936867673,262,Det/images/normal_train/00706540.png,0,02,easy_clean,0.0082133897,1.0,0.0131949841,normal_replay,EndpointTrend
RUN_095,TRIAD_032,A11_EndpointTrend_B600,R1,1385197443,936867673,263,Det/images/normal_train/00289750.png,0,07,ordinary,0.1786941817,1.0,0.1234913033,normal_replay,EndpointTrend
RUN_095,TRIAD_032,A11_EndpointTrend_B600,R1,1385197443,936867673,264,Det/images/normal_train/00244877.png,0,07,easy_clean,0.0016547932,1.0,0.0023979769,normal_replay,EndpointTrend
RUN_095,TRIAD_032,A11_EndpointTrend_B600,R1,1385197443,936867673,265,Det/images/normal_train/00506705.png,0,09,unstable_boundary,0.4413814108,0.745,0.171547462,normal_replay,EndpointTrend
RUN_095,TRIAD_032,A11_EndpointTrend_B600,R1,1385197443,936867673,266,Det/images/normal_train/00240300.png,0,07,easy_clean,0.0156965184,1.0,0.0171387517,normal_replay,EndpointTrend
RUN_095,TRIAD_032,A11_EndpointTrend_B600,R1,1385197443,936867673,267,Det/images/normal_train/00350792.png,0,04,easy_clean,0.0286805592,1.0,0.0242695665,normal_replay,EndpointTrend
RUN_095,TRIAD_032,A11_EndpointTrend_B600,R1,1385197443,936867673,268,Det/images/normal_train/01115203.png,0,00,easy_clean,0.0009223122,1.0,0.0010256722,normal_replay,EndpointTrend
RUN_095,TRIAD_032,A11_EndpointTrend_B600,R1,1385197443,936867673,269,Det/images/normal_train/00974411.png,0,05,easy_clean,0.0074304564,1.0,0.0111538617,normal_replay,EndpointTrend
RUN_095,TRIAD_032,A11_EndpointTrend_B600,R1,1385197443,936867673,270,Det/images/normal_train/00801436.png,0,06,easy_clean,0.0017444917,1.0,0.0026480452,normal_replay,EndpointTrend
RUN_095,TRIAD_032,A11_EndpointTrend_B600,R1,1385197443,936867673,271,Det/images/normal_train/01293697.png,0,08,learnable_hard,0.2852470943,0.93,0.192409959,normal_replay,EndpointTrend
RUN_095,TRIAD_032,A11_EndpointTrend_B600,R1,1385197443,936867673,272,Det/images/normal_train/01222440.png,0,07,easy_clean,0.0351578697,1.0,0.0167550086,normal_replay,EndpointTrend
RUN_095,TRIAD_032,A11_EndpointTrend_B600,R1,1385197443,936867673,273,Det/images/normal_train/00996848.png,0,04,easy_clean,0.0022506078,1.0,0.0165918305,normal_replay,EndpointTrend
RUN_095,TRIAD_032,A11_EndpointTrend_B600,R1,1385197443,936867673,274,Det/images/normal_train/01242983.png,0,02,ordinary,0.3409901449,0.9,0.1519333472,normal_replay,EndpointTrend
RUN_095,TRIAD_032,A11_EndpointTrend_B600,R1,1385197443,936867673,275,Det/images/normal_train/00581943.png,0,02,easy_clean,0.0833074098,1.0,0.0626787519,normal_replay,EndpointTrend
RUN_095,TRIAD_032,A11_EndpointTrend_B600,R1,1385197443,936867673,276,Det/images/normal_train/00711996.png,0,08,easy_clean,0.0023691189,1.0,0.0056500679,normal_replay,EndpointTrend
RUN_095,TRIAD_032,A11_EndpointTrend_B600,R1,1385197443,936867673,277,Det/images/normal_train/00397097.png,0,06,easy_clean,0.0049959823,1.0,0.009104846,normal_replay,EndpointTrend
RUN_095,TRIAD_032,A11_EndpointTrend_B600,R1,1385197443,936867673,278,Det/images/normal_train/00666975.png,0,08,easy_clean,0.0163607995,0.995,0.0489673912,normal_replay,EndpointTrend
RUN_095,TRIAD_032,A11_EndpointTrend_B600,R1,1385197443,936867673,279,Det/images/normal_train/00270228.png,0,04,easy_clean,0.0009212613,1.0,0.0014738227,normal_replay,EndpointTrend
RUN_095,TRIAD_032,A11_EndpointTrend_B600,R1,1385197443,936867673,280,Det/images/normal_train/00922711.png,0,02,easy_clean,0.0016881788,1.0,0.0089335233,normal_replay,EndpointTrend
RUN_095,TRIAD_032,A11_EndpointTrend_B600,R1,1385197443,936867673,281,Det/images/normal_train/00496222.png,0,07,easy_clean,0.0656553106,1.0,0.0708664013,normal_replay,EndpointTrend
RUN_095,TRIAD_032,A11_EndpointTrend_B600,R1,1385197443,936867673,282,Det/images/normal_train/00830332.png,0,06,easy_clean,0.0015270326,1.0,0.0019215826,normal_replay,EndpointTrend
RUN_095,TRIAD_032,A11_EndpointTrend_B600,R1,1385197443,936867673,283,Det/images/normal_train/00831364.png,0,00,easy_clean,0.0222591718,1.0,0.0343628421,normal_replay,EndpointTrend
RUN_095,TRIAD_032,A11_EndpointTrend_B600,R1,1385197443,936867673,284,Det/images/normal_train/00856475.png,0,08,easy_clean,0.0004485483,1.0,0.0019756252,normal_replay,EndpointTrend
RUN_095,TRIAD_032,A11_EndpointTrend_B600,R1,1385197443,936867673,285,Det/images/normal_train/00318717.png,0,01,easy_clean,0.0009480035,1.0,0.0013634722,normal_replay,EndpointTrend
RUN_095,TRIAD_032,A11_EndpointTrend_B600,R1,1385197443,936867673,286,Det/images/normal_train/00583995.png,0,03,easy_clean,0.0316063547,1.0,0.0653104965,normal_replay,EndpointTrend
RUN_095,TRIAD_032,A11_EndpointTrend_B600,R1,1385197443,936867673,287,Det/images/normal_train/00315712.png,0,03,easy_clean,0.0142779511,1.0,0.0196376448,normal_replay,EndpointTrend
RUN_095,TRIAD_032,A11_EndpointTrend_B600,R1,1385197443,936867673,288,Det/images/normal_train/00616296.png,0,00,easy_clean,0.0003389786,1.0,0.0008143182,normal_replay,EndpointTrend
RUN_095,TRIAD_032,A11_EndpointTrend_B600,R1,1385197443,936867673,289,Det/images/normal_train/00169103.png,0,06,easy_clean,0.0126814567,1.0,0.0153389279,normal_replay,EndpointTrend
RUN_095,TRIAD_032,A11_EndpointTrend_B600,R1,1385197443,936867673,290,Det/images/normal_train/00325355.png,0,00,easy_clean,0.0003709258,1.0,0.0005226274,normal_replay,EndpointTrend
RUN_095,TRIAD_032,A11_EndpointTrend_B600,R1,1385197443,936867673,291,Det/images/normal_train/00353828.png,0,02,easy_clean,0.0010967309,1.0,0.0013581573,normal_replay,EndpointTrend
RUN_095,TRIAD_032,A11_EndpointTrend_B600,R1,1385197443,936867673,292,Det/images/normal_train/00647456.png,0,01,easy_clean,0.0073002644,1.0,0.0182207796,normal_replay,EndpointTrend
RUN_095,TRIAD_032,A11_EndpointTrend_B600,R1,1385197443,936867673,293,Det/images/normal_train/00591822.png,0,07,easy_clean,0.0194205985,1.0,0.0269047894,normal_replay,EndpointTrend
RUN_095,TRIAD_032,A11_EndpointTrend_B600,R1,1385197443,936867673,294,Det/images/normal_train/01144436.png,0,05,easy_clean,0.0021896754,1.0,0.0024879372,normal_replay,EndpointTrend
RUN_095,TRIAD_032,A11_EndpointTrend_B600,R1,1385197443,936867673,295,Det/images/normal_train/01026482.png,0,07,easy_clean,0.0012998245,1.0,0.0071558371,normal_replay,EndpointTrend
RUN_095,TRIAD_032,A11_EndpointTrend_B600,R1,1385197443,936867673,296,Det/images/normal_train/00415900.png,0,04,persistent_hard,0.6781308352,0.01,0.102508815,normal_replay,EndpointTrend
RUN_095,TRIAD_032,A11_EndpointTrend_B600,R1,1385197443,936867673,297,Det/images/normal_train/00609858.png,0,08,easy_clean,0.0006057204,1.0,0.0008836685,normal_replay,EndpointTrend
RUN_095,TRIAD_032,A11_EndpointTrend_B600,R1,1385197443,936867673,298,Det/images/normal_train/00971418.png,0,02,easy_clean,0.0026439423,1.0,0.0038818117,normal_replay,EndpointTrend
RUN_095,TRIAD_032,A11_EndpointTrend_B600,R1,1385197443,936867673,299,Det/images/normal_train/00994364.png,0,04,easy_clean,0.0468470492,1.0,0.0387303369,normal_replay,EndpointTrend
RUN_095,TRIAD_032,A11_EndpointTrend_B600,R1,1385197443,936867673,300,Det/images/normal_train/00984972.png,0,02,learnable_hard,0.6454106715,0.26,0.2322342541,normal_replay,EndpointTrend
RUN_095,TRIAD_032,A11_EndpointTrend_B600,R1,1385197443,936867673,301,Det/images/normal_train/00368958.png,0,02,easy_clean,0.0083541682,1.0,0.0168958222,normal_replay,EndpointTrend
RUN_095,TRIAD_032,A11_EndpointTrend_B600,R1,1385197443,936867673,302,Det/images/normal_train/00793488.png,0,05,easy_clean,0.0180271284,1.0,0.0323531624,normal_replay,EndpointTrend
RUN_095,TRIAD_032,A11_EndpointTrend_B600,R1,1385197443,936867673,303,Det/images/normal_train/00207936.png,0,01,easy_clean,0.002527402,1.0,0.0136950298,normal_replay,EndpointTrend
RUN_095,TRIAD_032,A11_EndpointTrend_B600,R1,1385197443,936867673,304,Det/images/normal_train/01134513.png,0,08,easy_clean,0.0174526324,1.0,0.032083275,normal_replay,EndpointTrend
RUN_095,TRIAD_032,A11_EndpointTrend_B600,R1,1385197443,936867673,305,Det/images/normal_train/00425296.png,0,02,learnable_hard,0.8174685983,0.14,0.189706749,normal_replay,EndpointTrend
RUN_095,TRIAD_032,A11_EndpointTrend_B600,R1,1385197443,936867673,306,Det/images/normal_train/00324442.png,0,00,easy_clean,0.0020863178,1.0,0.0027550006,normal_replay,EndpointTrend
RUN_095,TRIAD_032,A11_EndpointTrend_B600,R1,1385197443,936867673,307,Det/images/normal_train/00460324.png,0,09,easy_clean,0.0004661187,1.0,0.0007545119,normal_replay,EndpointTrend
RUN_095,TRIAD_032,A11_EndpointTrend_B600,R1,1385197443,936867673,308,Det/images/normal_train/01204349.png,0,09,easy_clean,0.0034490633,1.0,0.0056501629,normal_replay,EndpointTrend
RUN_095,TRIAD_032,A11_EndpointTrend_B600,R1,1385197443,936867673,309,Det/images/normal_train/00767302.png,0,03,easy_clean,0.0005835468,1.0,0.0021735145,normal_replay,EndpointTrend
RUN_095,TRIAD_032,A11_EndpointTrend_B600,R1,1385197443,936867673,310,Det/images/normal_train/00777542.png,0,08,easy_clean,0.0025656733,1.0,0.0051708323,normal_replay,EndpointTrend
RUN_095,TRIAD_032,A11_EndpointTrend_B600,R1,1385197443,936867673,311,Det/images/normal_train/00840767.png,0,00,easy_clean,0.0006606195,1.0,0.0008500175,normal_replay,EndpointTrend
RUN_095,TRIAD_032,A11_EndpointTrend_B600,R1,1385197443,936867673,312,Det/images/normal_train/00148136.png,0,03,easy_clean,0.0046770305,1.0,0.0080086854,normal_replay,EndpointTrend
RUN_095,TRIAD_032,A11_EndpointTrend_B600,R1,1385197443,936867673,313,Det/images/normal_train/00290114.png,0,00,easy_clean,0.0089378039,1.0,0.0101435024,normal_replay,EndpointTrend
RUN_095,TRIAD_032,A11_EndpointTrend_B600,R1,1385197443,936867673,314,Det/images/normal_train/00806810.png,0,08,ordinary,0.225172049,1.0,0.1260907929,normal_replay,EndpointTrend
RUN_095,TRIAD_032,A11_EndpointTrend_B600,R1,1385197443,936867673,315,Det/images/normal_train/00978051.png,0,01,ordinary,0.126108828,1.0,0.1011893533,normal_replay,EndpointTrend
RUN_095,TRIAD_032,A11_EndpointTrend_B600,R1,1385197443,936867673,316,Det/images/normal_train/00991398.png,0,00,learnable_hard,0.1553780739,0.91,0.2123922461,normal_replay,EndpointTrend
RUN_095,TRIAD_032,A11_EndpointTrend_B600,R1,1385197443,936867673,317,Det/images/normal_train/00823135.png,0,02,easy_clean,0.0021498511,1.0,0.0043384145,normal_replay,EndpointTrend
RUN_095,TRIAD_032,A11_EndpointTrend_B600,R1,1385197443,936867673,318,Det/images/normal_train/00274572.png,0,05,easy_clean,0.0038174066,1.0,0.0037927152,normal_replay,EndpointTrend
RUN_095,TRIAD_032,A11_EndpointTrend_B600,R1,1385197443,936867673,319,Det/images/normal_train/00373769.png,0,03,easy_clean,0.0017907415,1.0,0.0061725232,normal_replay,EndpointTrend
RUN_095,TRIAD_032,A11_EndpointTrend_B600,R1,1385197443,936867673,320,Det/images/normal_train/00222782.png,0,00,easy_clean,0.0363133219,1.0,0.0322908104,normal_replay,EndpointTrend
RUN_095,TRIAD_032,A11_EndpointTrend_B600,R1,1385197443,936867673,321,Det/images/normal_train/00706289.png,0,02,easy_clean,0.0034182125,1.0,0.0233332728,normal_replay,EndpointTrend
RUN_095,TRIAD_032,A11_EndpointTrend_B600,R1,1385197443,936867673,322,Det/images/normal_train/00848550.png,0,07,easy_clean,0.0009532275,1.0,0.0032834695,normal_replay,EndpointTrend
RUN_095,TRIAD_032,A11_EndpointTrend_B600,R1,1385197443,936867673,323,Det/images/normal_train/01260308.png,0,05,easy_clean,0.0170709557,1.0,0.0168127217,normal_replay,EndpointTrend
RUN_095,TRIAD_032,A11_EndpointTrend_B600,R1,1385197443,936867673,324,Det/images/normal_train/01240574.png,0,03,learnable_hard,0.1962625933,0.98,0.1700269431,normal_replay,EndpointTrend
RUN_095,TRIAD_032,A11_EndpointTrend_B600,R1,1385197443,936867673,325,Det/images/normal_train/01265879.png,0,08,learnable_hard,0.2496363476,0.81,0.2356373097,normal_replay,EndpointTrend
RUN_095,TRIAD_032,A11_EndpointTrend_B600,R1,1385197443,936867673,326,Det/images/normal_train/00735689.png,0,07,easy_clean,0.0020201515,1.0,0.0053918879,normal_replay,EndpointTrend
RUN_095,TRIAD_032,A11_EndpointTrend_B600,R1,1385197443,936867673,327,Det/images/normal_train/01018468.png,0,01,easy_clean,0.028770067,1.0,0.0396687616,normal_replay,EndpointTrend
RUN_095,TRIAD_032,A11_EndpointTrend_B600,R1,1385197443,936867673,328,Det/images/normal_train/00303242.png,0,09,easy_clean,0.0277160874,1.0,0.0477099653,normal_replay,EndpointTrend
RUN_095,TRIAD_032,A11_EndpointTrend_B600,R1,1385197443,936867673,329,Det/images/normal_train/00523633.png,0,00,easy_clean,0.0032136241,1.0,0.0048969028,normal_replay,EndpointTrend
RUN_095,TRIAD_032,A11_EndpointTrend_B600,R1,1385197443,936867673,330,Det/images/normal_train/00735272.png,0,07,unstable_boundary,0.5387051114,0.375,0.1300438872,normal_replay,EndpointTrend
RUN_095,TRIAD_032,A11_EndpointTrend_B600,R1,1385197443,936867673,331,Det/images/normal_train/00512441.png,0,05,learnable_hard,0.0439697878,0.995,0.0630583955,normal_replay,EndpointTrend
RUN_095,TRIAD_032,A11_EndpointTrend_B600,R1,1385197443,936867673,332,Det/images/normal_train/00958020.png,0,05,easy_clean,0.0078632977,1.0,0.0113759795,normal_replay,EndpointTrend
RUN_095,TRIAD_032,A11_EndpointTrend_B600,R1,1385197443,936867673,333,Det/images/normal_train/00481956.png,0,01,easy_clean,0.024014813,1.0,0.0213802439,normal_replay,EndpointTrend
RUN_095,TRIAD_032,A11_EndpointTrend_B600,R1,1385197443,936867673,334,Det/images/normal_train/00833835.png,0,02,persistent_hard,0.555026429,0.475,0.1864201951,normal_replay,EndpointTrend
RUN_095,TRIAD_032,A11_EndpointTrend_B600,R1,1385197443,936867673,335,Det/images/normal_train/00924116.png,0,07,easy_clean,0.0011305498,1.0,0.0030194113,normal_replay,EndpointTrend
RUN_095,TRIAD_032,A11_EndpointTrend_B600,R1,1385197443,936867673,336,Det/images/normal_train/00363542.png,0,02,easy_clean,0.0008415853,1.0,0.0049603623,normal_replay,EndpointTrend
RUN_095,TRIAD_032,A11_EndpointTrend_B600,R1,1385197443,936867673,337,Det/images/normal_train/00858505.png,0,01,ordinary,0.2597376399,0.895,0.1646657512,normal_replay,EndpointTrend
RUN_095,TRIAD_032,A11_EndpointTrend_B600,R1,1385197443,936867673,338,Det/images/normal_train/00857734.png,0,01,easy_clean,0.0024844858,1.0,0.0055487205,normal_replay,EndpointTrend
RUN_095,TRIAD_032,A11_EndpointTrend_B600,R1,1385197443,936867673,339,Det/images/normal_train/01066090.png,0,00,learnable_hard,0.0236952889,0.995,0.0522250025,normal_replay,EndpointTrend
RUN_095,TRIAD_032,A11_EndpointTrend_B600,R1,1385197443,936867673,340,Det/images/normal_train/00375239.png,0,04,persistent_hard,0.7323979819,0.32,0.2595105582,normal_replay,EndpointTrend
RUN_095,TRIAD_032,A11_EndpointTrend_B600,R1,1385197443,936867673,341,Det/images/normal_train/00848243.png,0,07,easy_clean,0.0010110186,1.0,0.0014383399,normal_replay,EndpointTrend
RUN_095,TRIAD_032,A11_EndpointTrend_B600,R1,1385197443,936867673,342,Det/images/normal_train/00246767.png,0,08,easy_clean,0.074764794,1.0,0.0602251409,normal_replay,EndpointTrend
RUN_095,TRIAD_032,A11_EndpointTrend_B600,R1,1385197443,936867673,343,Det/images/normal_train/00238513.png,0,02,easy_clean,0.0043352281,1.0,0.005455064,normal_replay,EndpointTrend
RUN_095,TRIAD_032,A11_EndpointTrend_B600,R1,1385197443,936867673,344,Det/images/normal_train/00967970.png,0,04,easy_clean,0.0051381209,1.0,0.0100638968,normal_replay,EndpointTrend
RUN_095,TRIAD_032,A11_EndpointTrend_B600,R1,1385197443,936867673,345,Det/images/normal_train/00425104.png,0,02,easy_clean,0.0261292595,1.0,0.0401639903,normal_replay,EndpointTrend
RUN_095,TRIAD_032,A11_EndpointTrend_B600,R1,1385197443,936867673,346,Det/images/normal_train/01213830.png,0,03,easy_clean,0.023658426,1.0,0.0247321646,normal_replay,EndpointTrend
RUN_095,TRIAD_032,A11_EndpointTrend_B600,R1,1385197443,936867673,347,Det/images/normal_train/01202202.png,0,08,easy_clean,0.0215010429,1.0,0.0271354984,normal_replay,EndpointTrend
RUN_095,TRIAD_032,A11_EndpointTrend_B600,R1,1385197443,936867673,348,Det/images/normal_train/00531617.png,0,04,easy_clean,0.0088916686,1.0,0.0136670623,normal_replay,EndpointTrend
RUN_095,TRIAD_032,A11_EndpointTrend_B600,R1,1385197443,936867673,349,Det/images/normal_train/00624963.png,0,08,ordinary,0.1982578025,0.86,0.2916081714,normal_replay,EndpointTrend
RUN_095,TRIAD_032,A11_EndpointTrend_B600,R1,1385197443,936867673,350,Det/images/normal_train/00342880.png,0,02,easy_clean,0.0106674841,1.0,0.0134130272,normal_replay,EndpointTrend
RUN_095,TRIAD_032,A11_EndpointTrend_B600,R1,1385197443,936867673,351,Det/images/normal_train/01246424.png,0,01,learnable_hard,0.069978529,0.985,0.089310681,normal_replay,EndpointTrend
RUN_095,TRIAD_032,A11_EndpointTrend_B600,R1,1385197443,936867673,352,Det/images/normal_train/00847647.png,0,04,easy_clean,0.0007944579,1.0,0.0018869439,normal_replay,EndpointTrend
RUN_095,TRIAD_032,A11_EndpointTrend_B600,R1,1385197443,936867673,353,Det/images/normal_train/00379728.png,0,02,easy_clean,0.0010486076,1.0,0.002465722,normal_replay,EndpointTrend
RUN_095,TRIAD_032,A11_EndpointTrend_B600,R1,1385197443,936867673,354,Det/images/normal_train/01217747.png,0,06,learnable_hard,0.1496263198,0.995,0.074817361,normal_replay,EndpointTrend
RUN_095,TRIAD_032,A11_EndpointTrend_B600,R1,1385197443,936867673,355,Det/images/normal_train/00355381.png,0,01,easy_clean,0.0055970246,1.0,0.0194981664,normal_replay,EndpointTrend
RUN_095,TRIAD_032,A11_EndpointTrend_B600,R1,1385197443,936867673,356,Det/images/normal_train/00846065.png,0,01,easy_clean,0.0005879143,1.0,0.0011385788,normal_replay,EndpointTrend
RUN_095,TRIAD_032,A11_EndpointTrend_B600,R1,1385197443,936867673,357,Det/images/normal_train/00967771.png,0,04,learnable_hard,0.0857170681,0.98,0.1203392897,normal_replay,EndpointTrend
RUN_095,TRIAD_032,A11_EndpointTrend_B600,R1,1385197443,936867673,358,Det/images/normal_train/00962381.png,0,04,easy_clean,0.0344337232,1.0,0.0351688625,normal_replay,EndpointTrend
RUN_095,TRIAD_032,A11_EndpointTrend_B600,R1,1385197443,936867673,359,Det/images/normal_train/00518434.png,0,09,easy_clean,0.000664407,1.0,0.0012525541,normal_replay,EndpointTrend
RUN_095,TRIAD_032,A11_EndpointTrend_B600,R1,1385197443,936867673,360,Det/images/normal_train/00965815.png,0,03,easy_clean,0.0034760662,1.0,0.0211678397,normal_replay,EndpointTrend
RUN_095,TRIAD_032,A11_EndpointTrend_B600,R1,1385197443,936867673,361,Det/images/normal_train/00531384.png,0,04,easy_clean,0.0079133979,1.0,0.0102023369,normal_replay,EndpointTrend
RUN_095,TRIAD_032,A11_EndpointTrend_B600,R1,1385197443,936867673,362,Det/images/normal_train/01071211.png,0,04,learnable_hard,0.7554075442,0.055,0.1290819537,normal_replay,EndpointTrend
RUN_095,TRIAD_032,A11_EndpointTrend_B600,R1,1385197443,936867673,363,Det/images/normal_train/00783039.png,0,01,easy_clean,0.0110018937,1.0,0.0268497931,normal_replay,EndpointTrend
RUN_095,TRIAD_032,A11_EndpointTrend_B600,R1,1385197443,936867673,364,Det/images/normal_train/01135543.png,0,03,easy_clean,0.0017523358,1.0,0.0053614753,normal_replay,EndpointTrend
RUN_095,TRIAD_032,A11_EndpointTrend_B600,R1,1385197443,936867673,365,Det/images/normal_train/00513347.png,0,09,unstable_boundary,0.5747917914,0.195,0.1121212852,normal_replay,EndpointTrend
RUN_095,TRIAD_032,A11_EndpointTrend_B600,R1,1385197443,936867673,366,Det/images/normal_train/01139147.png,0,05,easy_clean,0.0023550439,1.0,0.002952873,normal_replay,EndpointTrend
RUN_095,TRIAD_032,A11_EndpointTrend_B600,R1,1385197443,936867673,367,Det/images/normal_train/00355340.png,0,01,easy_clean,0.019355356,1.0,0.0300012125,normal_replay,EndpointTrend
RUN_095,TRIAD_032,A11_EndpointTrend_B600,R1,1385197443,936867673,368,Det/images/normal_train/01185769.png,0,02,easy_clean,0.0291619408,1.0,0.0225658766,normal_replay,EndpointTrend
RUN_095,TRIAD_032,A11_EndpointTrend_B600,R1,1385197443,936867673,369,Det/images/normal_train/01271381.png,0,03,easy_clean,0.0036599689,1.0,0.0087906368,normal_replay,EndpointTrend
RUN_095,TRIAD_032,A11_EndpointTrend_B600,R1,1385197443,936867673,370,Det/images/normal_train/00717116.png,0,00,learnable_hard,0.0698690167,0.99,0.0909385497,normal_replay,EndpointTrend
RUN_095,TRIAD_032,A11_EndpointTrend_B600,R1,1385197443,936867673,371,Det/images/normal_train/01226725.png,0,00,easy_clean,0.0653793241,1.0,0.0611869108,normal_replay,EndpointTrend
RUN_095,TRIAD_032,A11_EndpointTrend_B600,R1,1385197443,936867673,372,Det/images/normal_train/00377810.png,0,01,learnable_hard,0.3086278649,0.99,0.1134045671,normal_replay,EndpointTrend
RUN_095,TRIAD_032,A11_EndpointTrend_B600,R1,1385197443,936867673,373,Det/images/normal_train/01024521.png,0,01,easy_clean,0.0108048909,1.0,0.0133000564,normal_replay,EndpointTrend
RUN_095,TRIAD_032,A11_EndpointTrend_B600,R1,1385197443,936867673,374,Det/images/normal_train/01166341.png,0,08,ordinary,0.15608771,1.0,0.0797222867,normal_replay,EndpointTrend
RUN_095,TRIAD_032,A11_EndpointTrend_B600,R1,1385197443,936867673,375,Det/images/normal_train/00557461.png,0,01,learnable_hard,0.0568604767,0.995,0.0682578842,normal_replay,EndpointTrend
RUN_095,TRIAD_032,A11_EndpointTrend_B600,R1,1385197443,936867673,376,Det/images/normal_train/01188093.png,0,01,ordinary,0.1495468325,1.0,0.0559147692,normal_replay,EndpointTrend
RUN_095,TRIAD_032,A11_EndpointTrend_B600,R1,1385197443,936867673,377,Det/images/normal_train/00241163.png,0,05,easy_clean,0.0419307283,1.0,0.0473616818,normal_replay,EndpointTrend
RUN_095,TRIAD_032,A11_EndpointTrend_B600,R1,1385197443,936867673,378,Det/images/normal_train/00821555.png,0,06,easy_clean,0.001298976,1.0,0.0017945063,normal_replay,EndpointTrend
RUN_095,TRIAD_032,A11_EndpointTrend_B600,R1,1385197443,936867673,379,Det/images/normal_train/00897579.png,0,00,learnable_hard,0.107644431,0.995,0.089395363,normal_replay,EndpointTrend
RUN_095,TRIAD_032,A11_EndpointTrend_B600,R1,1385197443,936867673,380,Det/images/normal_train/01094521.png,0,05,easy_clean,0.0516498497,1.0,0.0542013579,normal_replay,EndpointTrend
RUN_095,TRIAD_032,A11_EndpointTrend_B600,R1,1385197443,936867673,381,Det/images/normal_train/00766643.png,0,07,easy_clean,0.0066468313,1.0,0.0092198365,normal_replay,EndpointTrend
RUN_095,TRIAD_032,A11_EndpointTrend_B600,R1,1385197443,936867673,382,Det/images/normal_train/00518879.png,0,09,learnable_hard,0.3988966039,0.57,0.2718531991,normal_replay,EndpointTrend
RUN_095,TRIAD_032,A11_EndpointTrend_B600,R1,1385197443,936867673,383,Det/images/normal_train/00253078.png,0,09,learnable_hard,0.6968688918,0.23,0.33318207,normal_replay,EndpointTrend
RUN_095,TRIAD_032,A11_EndpointTrend_B600,R1,1385197443,936867673,384,Det/images/normal_train/01199113.png,0,03,learnable_hard,0.1275405903,0.955,0.1734078098,normal_replay,EndpointTrend
RUN_095,TRIAD_032,A11_EndpointTrend_B600,R1,1385197443,936867673,385,Det/images/normal_train/01105123.png,0,05,ordinary,0.4377418987,0.585,0.2041188733,normal_replay,EndpointTrend
RUN_095,TRIAD_032,A11_EndpointTrend_B600,R1,1385197443,936867673,386,Det/images/normal_train/00588472.png,0,04,easy_clean,0.008552272,1.0,0.0132285534,normal_replay,EndpointTrend
RUN_095,TRIAD_032,A11_EndpointTrend_B600,R1,1385197443,936867673,387,Det/images/normal_train/01151354.png,0,00,unstable_boundary,0.5725934972,0.245,0.1421646663,normal_replay,EndpointTrend
RUN_095,TRIAD_032,A11_EndpointTrend_B600,R1,1385197443,936867673,388,Det/images/normal_train/00497441.png,0,01,easy_clean,0.0003378441,1.0,0.0011870804,normal_replay,EndpointTrend
RUN_095,TRIAD_032,A11_EndpointTrend_B600,R1,1385197443,936867673,389,Det/images/normal_train/01245213.png,0,09,easy_clean,0.0192864974,1.0,0.0209603262,normal_replay,EndpointTrend
RUN_095,TRIAD_032,A11_EndpointTrend_B600,R1,1385197443,936867673,390,Det/images/normal_train/01123687.png,0,06,easy_clean,0.0037435869,1.0,0.0047268343,normal_replay,EndpointTrend
RUN_095,TRIAD_032,A11_EndpointTrend_B600,R1,1385197443,936867673,391,Det/images/normal_train/01222677.png,0,07,ordinary,0.1231008514,1.0,0.0484196368,normal_replay,EndpointTrend
RUN_095,TRIAD_032,A11_EndpointTrend_B600,R1,1385197443,936867673,392,Det/images/normal_train/01289909.png,0,01,easy_clean,0.0055602467,1.0,0.0060626546,normal_replay,EndpointTrend
RUN_095,TRIAD_032,A11_EndpointTrend_B600,R1,1385197443,936867673,393,Det/images/normal_train/00677339.png,0,01,ordinary,0.1418969285,0.99,0.0959947176,normal_replay,EndpointTrend
RUN_095,TRIAD_032,A11_EndpointTrend_B600,R1,1385197443,936867673,394,Det/images/normal_train/00268868.png,0,03,easy_clean,0.0008972629,1.0,0.0036726302,normal_replay,EndpointTrend
RUN_095,TRIAD_032,A11_EndpointTrend_B600,R1,1385197443,936867673,395,Det/images/normal_train/00347410.png,0,09,easy_clean,0.0078186532,1.0,0.0157653337,normal_replay,EndpointTrend
RUN_095,TRIAD_032,A11_EndpointTrend_B600,R1,1385197443,936867673,396,Det/images/normal_train/00243592.png,0,06,easy_clean,0.0193799852,1.0,0.0220792564,normal_replay,EndpointTrend
RUN_095,TRIAD_032,A11_EndpointTrend_B600,R1,1385197443,936867673,397,Det/images/normal_train/01300160.png,0,04,easy_clean,0.0006494458,1.0,0.0013833179,normal_replay,EndpointTrend
RUN_095,TRIAD_032,A11_EndpointTrend_B600,R1,1385197443,936867673,398,Det/images/normal_train/01139823.png,0,05,easy_clean,0.005802661,1.0,0.0057040978,normal_replay,EndpointTrend
RUN_095,TRIAD_032,A11_EndpointTrend_B600,R1,1385197443,936867673,399,Det/images/normal_train/01162476.png,0,06,learnable_hard,0.157480546,0.99,0.0878721956,normal_replay,EndpointTrend
RUN_095,TRIAD_032,A11_EndpointTrend_B600,R1,1385197443,936867673,400,Det/images/normal_train/00332978.png,0,00,easy_clean,0.0202553488,1.0,0.0182343716,normal_replay,EndpointTrend
RUN_095,TRIAD_032,A11_EndpointTrend_B600,R1,1385197443,936867673,401,Det/images/normal_train/01256781.png,0,02,easy_clean,0.0063891218,1.0,0.0163090958,normal_replay,EndpointTrend
RUN_095,TRIAD_032,A11_EndpointTrend_B600,R1,1385197443,936867673,402,Det/images/normal_train/00289761.png,0,07,easy_clean,0.015451641,1.0,0.0185145184,normal_replay,EndpointTrend
RUN_095,TRIAD_032,A11_EndpointTrend_B600,R1,1385197443,936867673,403,Det/images/normal_train/00551316.png,0,02,easy_clean,0.0129403318,1.0,0.0176985072,normal_replay,EndpointTrend
RUN_095,TRIAD_032,A11_EndpointTrend_B600,R1,1385197443,936867673,404,Det/images/normal_train/01123027.png,0,06,easy_clean,0.0013844153,1.0,0.0017052164,normal_replay,EndpointTrend
RUN_095,TRIAD_032,A11_EndpointTrend_B600,R1,1385197443,936867673,405,Det/images/normal_train/01292495.png,0,07,easy_clean,0.0257778226,1.0,0.0270096861,normal_replay,EndpointTrend
RUN_095,TRIAD_032,A11_EndpointTrend_B600,R1,1385197443,936867673,406,Det/images/normal_train/01064227.png,0,06,easy_clean,0.0592620887,1.0,0.0316787666,normal_replay,EndpointTrend
RUN_095,TRIAD_032,A11_EndpointTrend_B600,R1,1385197443,936867673,407,Det/images/normal_train/00784901.png,0,00,easy_clean,0.0088023717,0.995,0.0419166031,normal_replay,EndpointTrend
RUN_095,TRIAD_032,A11_EndpointTrend_B600,R1,1385197443,936867673,408,Det/images/normal_train/00882046.png,0,03,easy_clean,0.0173724936,1.0,0.024152852,normal_replay,EndpointTrend
RUN_095,TRIAD_032,A11_EndpointTrend_B600,R1,1385197443,936867673,409,Det/images/normal_train/00286346.png,0,06,easy_clean,0.0021366934,1.0,0.0111025737,normal_replay,EndpointTrend
RUN_095,TRIAD_032,A11_EndpointTrend_B600,R1,1385197443,936867673,410,Det/images/normal_train/00542816.png,0,04,easy_clean,0.0035997109,1.0,0.0051392994,normal_replay,EndpointTrend
RUN_095,TRIAD_032,A11_EndpointTrend_B600,R1,1385197443,936867673,411,Det/images/normal_train/00618252.png,0,04,easy_clean,0.000427717,1.0,0.0005081644,normal_replay,EndpointTrend
RUN_095,TRIAD_032,A11_EndpointTrend_B600,R1,1385197443,936867673,412,Det/images/normal_train/01184537.png,0,04,learnable_hard,0.108709993,0.95,0.1506800049,normal_replay,EndpointTrend
RUN_095,TRIAD_032,A11_EndpointTrend_B600,R1,1385197443,936867673,413,Det/images/normal_train/00624226.png,0,08,learnable_hard,0.1826773449,0.98,0.116255457,normal_replay,EndpointTrend
RUN_095,TRIAD_032,A11_EndpointTrend_B600,R1,1385197443,936867673,414,Det/images/normal_train/01226400.png,0,00,easy_clean,0.0113678845,1.0,0.0123091952,normal_replay,EndpointTrend
RUN_095,TRIAD_032,A11_EndpointTrend_B600,R1,1385197443,936867673,415,Det/images/normal_train/00329169.png,0,03,learnable_hard,0.0217257193,0.995,0.0709081199,normal_replay,EndpointTrend
RUN_095,TRIAD_032,A11_EndpointTrend_B600,R1,1385197443,936867673,416,Det/images/normal_train/00992211.png,0,08,easy_clean,0.000665147,1.0,0.0011326719,normal_replay,EndpointTrend
RUN_095,TRIAD_032,A11_EndpointTrend_B600,R1,1385197443,936867673,417,Det/images/normal_train/01032188.png,0,02,learnable_hard,0.7598516649,0.235,0.2804434407,normal_replay,EndpointTrend
RUN_095,TRIAD_032,A11_EndpointTrend_B600,R1,1385197443,936867673,418,Det/images/normal_train/00623356.png,0,08,easy_clean,0.0059002194,1.0,0.0126142859,normal_replay,EndpointTrend
RUN_095,TRIAD_032,A11_EndpointTrend_B600,R1,1385197443,936867673,419,Det/images/normal_train/00324917.png,0,00,easy_clean,0.0021084936,1.0,0.0030367033,normal_replay,EndpointTrend
RUN_095,TRIAD_032,A11_EndpointTrend_B600,R1,1385197443,936867673,420,Det/images/normal_train/00751526.png,0,09,persistent_hard,0.7042514478,0.06,0.111338261,normal_replay,EndpointTrend
RUN_095,TRIAD_032,A11_EndpointTrend_B600,R1,1385197443,936867673,421,Det/images/normal_train/01249578.png,0,05,easy_clean,0.0258273785,1.0,0.0418959822,normal_replay,EndpointTrend
RUN_095,TRIAD_032,A11_EndpointTrend_B600,R1,1385197443,936867673,422,Det/images/normal_train/01292518.png,0,07,ordinary,0.1086226594,1.0,0.0444217552,normal_replay,EndpointTrend
RUN_095,TRIAD_032,A11_EndpointTrend_B600,R1,1385197443,936867673,423,Det/images/normal_train/00578708.png,0,03,easy_clean,0.0149436254,1.0,0.0174543709,normal_replay,EndpointTrend
RUN_095,TRIAD_032,A11_EndpointTrend_B600,R1,1385197443,936867673,424,Det/images/normal_train/00963073.png,0,05,easy_clean,0.0089590722,1.0,0.0098892215,normal_replay,EndpointTrend
RUN_095,TRIAD_032,A11_EndpointTrend_B600,R1,1385197443,936867673,425,Det/images/normal_train/00554073.png,0,03,easy_clean,0.0068054143,1.0,0.0115650264,normal_replay,EndpointTrend
RUN_095,TRIAD_032,A11_EndpointTrend_B600,R1,1385197443,936867673,426,Det/images/normal_train/00534699.png,0,03,ordinary,0.1366232724,1.0,0.0717751335,normal_replay,EndpointTrend
RUN_095,TRIAD_032,A11_EndpointTrend_B600,R1,1385197443,936867673,427,Det/images/normal_train/01203276.png,0,05,easy_clean,0.0275992246,1.0,0.024979377,normal_replay,EndpointTrend
RUN_095,TRIAD_032,A11_EndpointTrend_B600,R1,1385197443,936867673,428,Det/images/normal_train/01174441.png,0,01,easy_clean,0.0029842723,1.0,0.0062064019,normal_replay,EndpointTrend
RUN_095,TRIAD_032,A11_EndpointTrend_B600,R1,1385197443,936867673,429,Det/images/normal_train/00437535.png,0,05,easy_clean,0.0027476902,1.0,0.0038848922,normal_replay,EndpointTrend
RUN_095,TRIAD_032,A11_EndpointTrend_B600,R1,1385197443,936867673,430,Det/images/normal_train/00657071.png,0,05,easy_clean,9.35917e-05,1.0,0.0002452101,normal_replay,EndpointTrend
RUN_095,TRIAD_032,A11_EndpointTrend_B600,R1,1385197443,936867673,431,Det/images/normal_train/00764277.png,0,08,easy_clean,0.0153000976,1.0,0.0387118243,normal_replay,EndpointTrend
RUN_095,TRIAD_032,A11_EndpointTrend_B600,R1,1385197443,936867673,432,Det/images/normal_train/00377030.png,0,01,easy_clean,0.0019279144,1.0,0.003059714,normal_replay,EndpointTrend
RUN_095,TRIAD_032,A11_EndpointTrend_B600,R1,1385197443,936867673,433,Det/images/normal_train/01142416.png,0,07,easy_clean,0.0141137069,1.0,0.0198252209,normal_replay,EndpointTrend
RUN_095,TRIAD_032,A11_EndpointTrend_B600,R1,1385197443,936867673,434,Det/images/normal_train/00930251.png,0,09,learnable_hard,0.0601831577,0.985,0.1094393347,normal_replay,EndpointTrend
RUN_095,TRIAD_032,A11_EndpointTrend_B600,R1,1385197443,936867673,435,Det/images/normal_train/00405058.png,0,05,easy_clean,0.007488141,1.0,0.0045817384,normal_replay,EndpointTrend
RUN_095,TRIAD_032,A11_EndpointTrend_B600,R1,1385197443,936867673,436,Det/images/normal_train/00685000.png,0,08,easy_clean,0.0018784652,1.0,0.0050746474,normal_replay,EndpointTrend
RUN_095,TRIAD_032,A11_EndpointTrend_B600,R1,1385197443,936867673,437,Det/images/normal_train/00616379.png,0,00,easy_clean,0.0393077449,1.0,0.0523241316,normal_replay,EndpointTrend
RUN_095,TRIAD_032,A11_EndpointTrend_B600,R1,1385197443,936867673,438,Det/images/normal_train/01084108.png,0,01,easy_clean,0.0357454605,1.0,0.0343848028,normal_replay,EndpointTrend
RUN_095,TRIAD_032,A11_EndpointTrend_B600,R1,1385197443,936867673,439,Det/images/normal_train/00807215.png,0,08,easy_clean,0.0752172509,1.0,0.0770063794,normal_replay,EndpointTrend
RUN_095,TRIAD_032,A11_EndpointTrend_B600,R1,1385197443,936867673,440,Det/images/normal_train/01017740.png,0,07,easy_clean,0.0623877524,1.0,0.0514340528,normal_replay,EndpointTrend
RUN_095,TRIAD_032,A11_EndpointTrend_B600,R1,1385197443,936867673,441,Det/images/normal_train/00741732.png,0,07,easy_clean,0.0061949142,1.0,0.0071738394,normal_replay,EndpointTrend
RUN_095,TRIAD_032,A11_EndpointTrend_B600,R1,1385197443,936867673,442,Det/images/normal_train/01031267.png,0,09,easy_clean,0.0542944831,1.0,0.0537860846,normal_replay,EndpointTrend
RUN_095,TRIAD_032,A11_EndpointTrend_B600,R1,1385197443,936867673,443,Det/images/normal_train/00585873.png,0,05,easy_clean,0.0013168761,1.0,0.0071994971,normal_replay,EndpointTrend
RUN_095,TRIAD_032,A11_EndpointTrend_B600,R1,1385197443,936867673,444,Det/images/normal_train/00222671.png,0,00,easy_clean,0.0073994029,1.0,0.0097573662,normal_replay,EndpointTrend
RUN_095,TRIAD_032,A11_EndpointTrend_B600,R1,1385197443,936867673,445,Det/images/normal_train/00982456.png,0,00,easy_clean,0.0007754453,1.0,0.0015315606,normal_replay,EndpointTrend
RUN_095,TRIAD_032,A11_EndpointTrend_B600,R1,1385197443,936867673,446,Det/images/normal_train/00321138.png,0,03,easy_clean,0.0006118387,1.0,0.0017913899,normal_replay,EndpointTrend
RUN_095,TRIAD_032,A11_EndpointTrend_B600,R1,1385197443,936867673,447,Det/images/normal_train/00917051.png,0,08,easy_clean,0.0374371651,1.0,0.073940277,normal_replay,EndpointTrend
RUN_095,TRIAD_032,A11_EndpointTrend_B600,R1,1385197443,936867673,448,Det/images/normal_train/01119965.png,0,01,easy_clean,0.0004238119,1.0,0.0012471137,normal_replay,EndpointTrend
RUN_095,TRIAD_032,A11_EndpointTrend_B600,R1,1385197443,936867673,449,Det/images/normal_train/00766809.png,0,07,easy_clean,0.0033631475,1.0,0.0060245502,normal_replay,EndpointTrend
RUN_095,TRIAD_032,A11_EndpointTrend_B600,R1,1385197443,936867673,450,Det/images/normal_train/00452964.png,0,06,easy_clean,0.0088754869,1.0,0.0138532281,normal_replay,EndpointTrend
RUN_095,TRIAD_032,A11_EndpointTrend_B600,R1,1385197443,936867673,451,Det/images/normal_train/01136236.png,0,07,learnable_hard,0.6965412958,0.085,0.1260550273,normal_replay,EndpointTrend
RUN_095,TRIAD_032,A11_EndpointTrend_B600,R1,1385197443,936867673,452,Det/images/normal_train/00444642.png,0,02,learnable_hard,0.3615457876,0.705,0.2480253808,normal_replay,EndpointTrend
RUN_095,TRIAD_032,A11_EndpointTrend_B600,R1,1385197443,936867673,453,Det/images/normal_train/00632262.png,0,09,easy_clean,0.0137871298,1.0,0.0228742776,normal_replay,EndpointTrend
RUN_095,TRIAD_032,A11_EndpointTrend_B600,R1,1385197443,936867673,454,Det/images/normal_train/00910732.png,0,05,easy_clean,0.0360887618,1.0,0.0314527623,normal_replay,EndpointTrend
RUN_095,TRIAD_032,A11_EndpointTrend_B600,R1,1385197443,936867673,455,Det/images/normal_train/00384646.png,0,08,learnable_hard,0.0442663304,0.99,0.0795013432,normal_replay,EndpointTrend
RUN_095,TRIAD_032,A11_EndpointTrend_B600,R1,1385197443,936867673,456,Det/images/normal_train/00313676.png,0,01,easy_clean,0.0116514173,1.0,0.0160521738,normal_replay,EndpointTrend
RUN_095,TRIAD_032,A11_EndpointTrend_B600,R1,1385197443,936867673,457,Det/images/normal_train/00991594.png,0,00,easy_clean,0.0008177537,1.0,0.0009395247,normal_replay,EndpointTrend
RUN_095,TRIAD_032,A11_EndpointTrend_B600,R1,1385197443,936867673,458,Det/images/normal_train/00375044.png,0,04,easy_clean,0.0088502279,1.0,0.0167111554,normal_replay,EndpointTrend
RUN_095,TRIAD_032,A11_EndpointTrend_B600,R1,1385197443,936867673,459,Det/images/normal_train/00583906.png,0,03,learnable_hard,0.0489410011,0.995,0.0722800618,normal_replay,EndpointTrend
RUN_095,TRIAD_032,A11_EndpointTrend_B600,R1,1385197443,936867673,460,Det/images/normal_train/00468389.png,0,06,easy_clean,0.005247303,1.0,0.0202761571,normal_replay,EndpointTrend
RUN_095,TRIAD_032,A11_EndpointTrend_B600,R1,1385197443,936867673,461,Det/images/normal_train/01294361.png,0,05,learnable_hard,0.3525415564,0.885,0.1729544167,normal_replay,EndpointTrend
RUN_095,TRIAD_032,A11_EndpointTrend_B600,R1,1385197443,936867673,462,Det/images/normal_train/00918819.png,0,01,easy_clean,0.000925286,1.0,0.0020957831,normal_replay,EndpointTrend
RUN_095,TRIAD_032,A11_EndpointTrend_B600,R1,1385197443,936867673,463,Det/images/normal_train/00373631.png,0,03,easy_clean,0.0015068975,1.0,0.0028127819,normal_replay,EndpointTrend
RUN_095,TRIAD_032,A11_EndpointTrend_B600,R1,1385197443,936867673,464,Det/images/normal_train/00550310.png,0,08,learnable_hard,0.2119365008,0.995,0.0619236658,normal_replay,EndpointTrend
RUN_095,TRIAD_032,A11_EndpointTrend_B600,R1,1385197443,936867673,465,Det/images/normal_train/00865825.png,0,05,ordinary,0.1208506798,1.0,0.066374186,normal_replay,EndpointTrend
RUN_095,TRIAD_032,A11_EndpointTrend_B600,R1,1385197443,936867673,466,Det/images/normal_train/00208016.png,0,01,learnable_hard,0.0885985592,0.995,0.0641991887,normal_replay,EndpointTrend
RUN_095,TRIAD_032,A11_EndpointTrend_B600,R1,1385197443,936867673,467,Det/images/normal_train/00683020.png,0,07,learnable_hard,0.1782817983,0.925,0.1902991787,normal_replay,EndpointTrend
RUN_095,TRIAD_032,A11_EndpointTrend_B600,R1,1385197443,936867673,468,Det/images/normal_train/00197461.png,0,06,easy_clean,0.0082335348,1.0,0.0257213904,normal_replay,EndpointTrend
RUN_095,TRIAD_032,A11_EndpointTrend_B600,R1,1385197443,936867673,469,Det/images/normal_train/00335911.png,0,07,easy_clean,0.054111476,1.0,0.0418249266,normal_replay,EndpointTrend
RUN_095,TRIAD_032,A11_EndpointTrend_B600,R1,1385197443,936867673,470,Det/images/normal_train/01248593.png,0,06,easy_clean,0.0050681723,1.0,0.010481537,normal_replay,EndpointTrend
RUN_095,TRIAD_032,A11_EndpointTrend_B600,R1,1385197443,936867673,471,Det/images/normal_train/01242586.png,0,02,easy_clean,0.0018081457,1.0,0.0029588696,normal_replay,EndpointTrend
RUN_095,TRIAD_032,A11_EndpointTrend_B600,R1,1385197443,936867673,472,Det/images/normal_train/00493859.png,0,03,easy_clean,0.0345277702,1.0,0.0322907172,normal_replay,EndpointTrend
RUN_095,TRIAD_032,A11_EndpointTrend_B600,R1,1385197443,936867673,473,Det/images/normal_train/00932446.png,0,07,easy_clean,0.0226668001,1.0,0.0171324002,normal_replay,EndpointTrend
RUN_095,TRIAD_032,A11_EndpointTrend_B600,R1,1385197443,936867673,474,Det/images/normal_train/00961861.png,0,07,easy_clean,0.0876357142,1.0,0.0947711071,normal_replay,EndpointTrend
RUN_095,TRIAD_032,A11_EndpointTrend_B600,R1,1385197443,936867673,475,Det/images/normal_train/00366439.png,0,02,easy_clean,0.0018748131,1.0,0.001843683,normal_replay,EndpointTrend
RUN_095,TRIAD_032,A11_EndpointTrend_B600,R1,1385197443,936867673,476,Det/images/normal_train/00746393.png,0,00,learnable_hard,0.0509185415,0.99,0.1024954991,normal_replay,EndpointTrend
RUN_095,TRIAD_032,A11_EndpointTrend_B600,R1,1385197443,936867673,477,Det/images/normal_train/00652995.png,0,04,learnable_hard,0.1560793982,0.995,0.1560478539,normal_replay,EndpointTrend
RUN_095,TRIAD_032,A11_EndpointTrend_B600,R1,1385197443,936867673,478,Det/images/normal_train/00212799.png,0,05,easy_clean,0.011779216,1.0,0.0151490577,normal_replay,EndpointTrend
RUN_095,TRIAD_032,A11_EndpointTrend_B600,R1,1385197443,936867673,479,Det/images/normal_train/00360171.png,0,08,easy_clean,0.0097599507,1.0,0.023725146,normal_replay,EndpointTrend
RUN_095,TRIAD_032,A11_EndpointTrend_B600,R1,1385197443,936867673,480,Det/images/normal_train/01008125.png,0,07,easy_clean,0.0113390072,1.0,0.0131681678,normal_replay,EndpointTrend
RUN_095,TRIAD_032,A11_EndpointTrend_B600,R1,1385197443,936867673,481,Det/images/normal_train/00263519.png,0,07,easy_clean,0.005417878,1.0,0.0153058002,normal_replay,EndpointTrend
RUN_095,TRIAD_032,A11_EndpointTrend_B600,R1,1385197443,936867673,482,Det/images/normal_train/00814478.png,0,02,easy_clean,0.0211809317,1.0,0.020503313,normal_replay,EndpointTrend
RUN_095,TRIAD_032,A11_EndpointTrend_B600,R1,1385197443,936867673,483,Det/images/normal_train/00820280.png,0,05,easy_clean,0.002404158,1.0,0.0041810722,normal_replay,EndpointTrend
RUN_095,TRIAD_032,A11_EndpointTrend_B600,R1,1385197443,936867673,484,Det/images/normal_train/00885097.png,0,04,easy_clean,0.0001956408,1.0,0.0002592953,normal_replay,EndpointTrend
RUN_095,TRIAD_032,A11_EndpointTrend_B600,R1,1385197443,936867673,485,Det/images/normal_train/00778896.png,0,02,easy_clean,0.0046446175,1.0,0.0101850795,normal_replay,EndpointTrend
RUN_095,TRIAD_032,A11_EndpointTrend_B600,R1,1385197443,936867673,486,Det/images/normal_train/00308638.png,0,04,easy_clean,0.0003861928,1.0,0.0019893283,normal_replay,EndpointTrend
RUN_095,TRIAD_032,A11_EndpointTrend_B600,R1,1385197443,936867673,487,Det/images/normal_train/00212704.png,0,05,easy_clean,0.0128073495,1.0,0.0160260392,normal_replay,EndpointTrend
RUN_095,TRIAD_032,A11_EndpointTrend_B600,R1,1385197443,936867673,488,Det/images/normal_train/00462511.png,0,03,easy_clean,0.0177330704,1.0,0.0148289296,normal_replay,EndpointTrend
RUN_095,TRIAD_032,A11_EndpointTrend_B600,R1,1385197443,936867673,489,Det/images/normal_train/00274295.png,0,05,easy_clean,0.0843722814,1.0,0.0543612366,normal_replay,EndpointTrend
RUN_095,TRIAD_032,A11_EndpointTrend_B600,R1,1385197443,936867673,490,Det/images/normal_train/01013117.png,0,01,easy_clean,0.0031805694,1.0,0.0046692621,normal_replay,EndpointTrend
RUN_095,TRIAD_032,A11_EndpointTrend_B600,R1,1385197443,936867673,491,Det/images/normal_train/00551107.png,0,02,easy_clean,0.0135371441,1.0,0.023982,normal_replay,EndpointTrend
RUN_095,TRIAD_032,A11_EndpointTrend_B600,R1,1385197443,936867673,492,Det/images/normal_train/00541727.png,0,08,learnable_hard,0.0814151761,0.99,0.0865758563,normal_replay,EndpointTrend
RUN_095,TRIAD_032,A11_EndpointTrend_B600,R1,1385197443,936867673,493,Det/images/normal_train/00404985.png,0,09,easy_clean,0.0026396206,1.0,0.0032805028,normal_replay,EndpointTrend
RUN_095,TRIAD_032,A11_EndpointTrend_B600,R1,1385197443,936867673,494,Det/images/normal_train/00625681.png,0,08,easy_clean,0.0114151848,1.0,0.018804771,normal_replay,EndpointTrend
RUN_095,TRIAD_032,A11_EndpointTrend_B600,R1,1385197443,936867673,495,Det/images/normal_train/00256140.png,0,03,easy_clean,0.0483580016,1.0,0.0489526779,normal_replay,EndpointTrend
RUN_095,TRIAD_032,A11_EndpointTrend_B600,R1,1385197443,936867673,496,Det/images/normal_train/00473757.png,0,06,easy_clean,0.0201369997,1.0,0.019182244,normal_replay,EndpointTrend
RUN_095,TRIAD_032,A11_EndpointTrend_B600,R1,1385197443,936867673,497,Det/images/normal_train/00205010.png,0,08,learnable_hard,0.0247667163,0.995,0.0588519151,normal_replay,EndpointTrend
RUN_095,TRIAD_032,A11_EndpointTrend_B600,R1,1385197443,936867673,498,Det/images/normal_train/00847589.png,0,04,easy_clean,0.0006988644,1.0,0.0011048736,normal_replay,EndpointTrend
RUN_095,TRIAD_032,A11_EndpointTrend_B600,R1,1385197443,936867673,499,Det/images/normal_train/00373994.png,0,03,easy_clean,0.0015753456,1.0,0.0094067716,normal_replay,EndpointTrend
RUN_095,TRIAD_032,A11_EndpointTrend_B600,R1,1385197443,936867673,500,Det/images/normal_train/01108857.png,0,01,easy_clean,0.000531239,1.0,0.0010308766,normal_replay,EndpointTrend
RUN_095,TRIAD_032,A11_EndpointTrend_B600,R1,1385197443,936867673,501,Det/images/normal_train/00251791.png,0,04,easy_clean,0.0043271947,1.0,0.0173202074,normal_replay,EndpointTrend
RUN_095,TRIAD_032,A11_EndpointTrend_B600,R1,1385197443,936867673,502,Det/images/normal_train/00595539.png,0,01,easy_clean,0.010877653,1.0,0.0212783435,normal_replay,EndpointTrend
RUN_095,TRIAD_032,A11_EndpointTrend_B600,R1,1385197443,936867673,503,Det/images/normal_train/01225850.png,0,01,easy_clean,0.0343671929,1.0,0.0458858332,normal_replay,EndpointTrend
RUN_095,TRIAD_032,A11_EndpointTrend_B600,R1,1385197443,936867673,504,Det/images/normal_train/01014632.png,0,04,easy_clean,0.088763468,1.0,0.0375699056,normal_replay,EndpointTrend
RUN_095,TRIAD_032,A11_EndpointTrend_B600,R1,1385197443,936867673,505,Det/images/normal_train/00654190.png,0,02,easy_clean,0.0084561061,1.0,0.028432762,normal_replay,EndpointTrend
RUN_095,TRIAD_032,A11_EndpointTrend_B600,R1,1385197443,936867673,506,Det/images/normal_train/00577503.png,0,05,easy_clean,0.0806835702,1.0,0.0904087946,normal_replay,EndpointTrend
RUN_095,TRIAD_032,A11_EndpointTrend_B600,R1,1385197443,936867673,507,Det/images/normal_train/00342148.png,0,02,easy_clean,0.0057590381,1.0,0.0103435326,normal_replay,EndpointTrend
RUN_095,TRIAD_032,A11_EndpointTrend_B600,R1,1385197443,936867673,508,Det/images/normal_train/01083938.png,0,04,learnable_hard,0.1423125308,0.99,0.1014818179,normal_replay,EndpointTrend
RUN_095,TRIAD_032,A11_EndpointTrend_B600,R1,1385197443,936867673,509,Det/images/normal_train/00262826.png,0,04,learnable_hard,0.1259773143,0.985,0.1409170822,normal_replay,EndpointTrend
RUN_095,TRIAD_032,A11_EndpointTrend_B600,R1,1385197443,936867673,510,Det/images/normal_train/01237992.png,0,05,easy_clean,0.0096546641,1.0,0.0120910686,normal_replay,EndpointTrend
RUN_095,TRIAD_032,A11_EndpointTrend_B600,R1,1385197443,936867673,511,Det/images/normal_train/01293826.png,0,08,easy_clean,0.0071584122,1.0,0.0103238677,normal_replay,EndpointTrend
RUN_095,TRIAD_032,A11_EndpointTrend_B600,R1,1385197443,936867673,512,Det/images/normal_train/00677397.png,0,01,learnable_hard,0.5016628725,0.35,0.2803156144,normal_replay,EndpointTrend
RUN_095,TRIAD_032,A11_EndpointTrend_B600,R1,1385197443,936867673,513,Det/images/normal_train/00994564.png,0,04,easy_clean,0.0619081946,1.0,0.0619915708,normal_replay,EndpointTrend
RUN_095,TRIAD_032,A11_EndpointTrend_B600,R1,1385197443,936867673,514,Det/images/normal_train/01213212.png,0,03,easy_clean,0.0363912646,1.0,0.0306068672,normal_replay,EndpointTrend
RUN_095,TRIAD_032,A11_EndpointTrend_B600,R1,1385197443,936867673,515,Det/images/normal_train/00328598.png,0,07,easy_clean,0.0103313659,1.0,0.0156151646,normal_replay,EndpointTrend
RUN_095,TRIAD_032,A11_EndpointTrend_B600,R1,1385197443,936867673,516,Det/images/normal_train/00875751.png,0,06,easy_clean,0.0087170219,1.0,0.0091567233,normal_replay,EndpointTrend
RUN_095,TRIAD_032,A11_EndpointTrend_B600,R1,1385197443,936867673,517,Det/images/normal_train/01289108.png,0,01,ordinary,0.1101376201,1.0,0.0574751212,normal_replay,EndpointTrend
RUN_095,TRIAD_032,A11_EndpointTrend_B600,R1,1385197443,936867673,518,Det/images/normal_train/00843751.png,0,06,easy_clean,0.0009964081,1.0,0.0016055337,normal_replay,EndpointTrend
RUN_095,TRIAD_032,A11_EndpointTrend_B600,R1,1385197443,936867673,519,Det/images/normal_train/00941928.png,0,00,easy_clean,0.0519654262,1.0,0.0567479359,normal_replay,EndpointTrend
RUN_095,TRIAD_032,A11_EndpointTrend_B600,R1,1385197443,936867673,520,Det/images/normal_train/01086859.png,0,04,easy_clean,0.0290460955,1.0,0.03026233,normal_replay,EndpointTrend
RUN_095,TRIAD_032,A11_EndpointTrend_B600,R1,1385197443,936867673,521,Det/images/normal_train/00979586.png,0,05,easy_clean,0.0023128394,1.0,0.0026524007,normal_replay,EndpointTrend
RUN_095,TRIAD_032,A11_EndpointTrend_B600,R1,1385197443,936867673,522,Det/images/normal_train/01120725.png,0,06,learnable_hard,0.1094577577,0.995,0.0928601509,normal_replay,EndpointTrend
RUN_095,TRIAD_032,A11_EndpointTrend_B600,R1,1385197443,936867673,523,Det/images/normal_train/01084770.png,0,01,ordinary,0.5064474768,0.515,0.2781266894,normal_replay,EndpointTrend
RUN_095,TRIAD_032,A11_EndpointTrend_B600,R1,1385197443,936867673,524,Det/images/normal_train/00392576.png,0,08,easy_clean,0.0087249698,1.0,0.0200524435,normal_replay,EndpointTrend
RUN_095,TRIAD_032,A11_EndpointTrend_B600,R1,1385197443,936867673,525,Det/images/normal_train/00966782.png,0,07,learnable_hard,0.0582703155,0.995,0.0750444423,normal_replay,EndpointTrend
RUN_095,TRIAD_032,A11_EndpointTrend_B600,R1,1385197443,936867673,526,Det/images/normal_train/01275991.png,0,06,easy_clean,0.01856655,1.0,0.0197184011,normal_replay,EndpointTrend
RUN_095,TRIAD_032,A11_EndpointTrend_B600,R1,1385197443,936867673,527,Det/images/normal_train/01290988.png,0,03,easy_clean,0.0013605984,1.0,0.0027271974,normal_replay,EndpointTrend
RUN_095,TRIAD_032,A11_EndpointTrend_B600,R1,1385197443,936867673,528,Det/images/normal_train/01299505.png,0,03,easy_clean,0.0017881045,1.0,0.0038722469,normal_replay,EndpointTrend
RUN_095,TRIAD_032,A11_EndpointTrend_B600,R1,1385197443,936867673,529,Det/images/normal_train/01191781.png,0,09,learnable_hard,0.1699366852,0.995,0.0822586838,normal_replay,EndpointTrend
RUN_095,TRIAD_032,A11_EndpointTrend_B600,R1,1385197443,936867673,530,Det/images/normal_train/00683295.png,0,07,easy_clean,0.0062058455,1.0,0.0098023779,normal_replay,EndpointTrend
RUN_095,TRIAD_032,A11_EndpointTrend_B600,R1,1385197443,936867673,531,Det/images/normal_train/00470941.png,0,03,easy_clean,0.0038441938,1.0,0.0256996706,normal_replay,EndpointTrend
RUN_095,TRIAD_032,A11_EndpointTrend_B600,R1,1385197443,936867673,532,Det/images/normal_train/01029424.png,0,09,ordinary,0.156618223,1.0,0.0665299016,normal_replay,EndpointTrend
RUN_095,TRIAD_032,A11_EndpointTrend_B600,R1,1385197443,936867673,533,Det/images/normal_train/00919414.png,0,04,learnable_hard,0.1385963556,0.995,0.0496430336,normal_replay,EndpointTrend
RUN_095,TRIAD_032,A11_EndpointTrend_B600,R1,1385197443,936867673,534,Det/images/normal_train/00973697.png,0,05,easy_clean,0.038822126,1.0,0.0270894669,normal_replay,EndpointTrend
RUN_095,TRIAD_032,A11_EndpointTrend_B600,R1,1385197443,936867673,535,Det/images/normal_train/00647080.png,0,01,persistent_hard,0.6997538752,0.105,0.1462940679,normal_replay,EndpointTrend
RUN_095,TRIAD_032,A11_EndpointTrend_B600,R1,1385197443,936867673,536,Det/images/normal_train/01289552.png,0,01,learnable_hard,0.1421916546,0.99,0.0852757774,normal_replay,EndpointTrend
RUN_095,TRIAD_032,A11_EndpointTrend_B600,R1,1385197443,936867673,537,Det/images/normal_train/00856843.png,0,08,easy_clean,0.0001506461,1.0,0.0004749082,normal_replay,EndpointTrend
RUN_095,TRIAD_032,A11_EndpointTrend_B600,R1,1385197443,936867673,538,Det/images/normal_train/00322013.png,0,05,easy_clean,0.0008022236,1.0,0.001366586,normal_replay,EndpointTrend
RUN_095,TRIAD_032,A11_EndpointTrend_B600,R1,1385197443,936867673,539,Det/images/normal_train/00416589.png,0,05,easy_clean,0.0761714658,0.995,0.1053583529,normal_replay,EndpointTrend
RUN_095,TRIAD_032,A11_EndpointTrend_B600,R1,1385197443,936867673,540,Det/images/normal_train/00824901.png,0,05,learnable_hard,0.3188471988,0.9,0.1673079446,normal_replay,EndpointTrend
RUN_095,TRIAD_032,A11_EndpointTrend_B600,R1,1385197443,936867673,541,Det/images/normal_train/00818722.png,0,02,learnable_hard,0.2367769741,0.99,0.1329218134,normal_replay,EndpointTrend
RUN_095,TRIAD_032,A11_EndpointTrend_B600,R1,1385197443,936867673,542,Det/images/normal_train/00823296.png,0,02,easy_clean,0.0048146613,1.0,0.0084332167,normal_replay,EndpointTrend
RUN_095,TRIAD_032,A11_EndpointTrend_B600,R1,1385197443,936867673,543,Det/images/normal_train/00363931.png,0,02,easy_clean,0.0035657917,1.0,0.0037630361,normal_replay,EndpointTrend
RUN_095,TRIAD_032,A11_EndpointTrend_B600,R1,1385197443,936867673,544,Det/images/normal_train/01102789.png,0,08,easy_clean,0.0035395247,1.0,0.0104642891,normal_replay,EndpointTrend
RUN_095,TRIAD_032,A11_EndpointTrend_B600,R1,1385197443,936867673,545,Det/images/normal_train/00515902.png,0,03,easy_clean,0.0047643584,1.0,0.011405373,normal_replay,EndpointTrend
RUN_095,TRIAD_032,A11_EndpointTrend_B600,R1,1385197443,936867673,546,Det/images/normal_train/00547682.png,0,05,learnable_hard,0.4066109979,0.555,0.2305157683,normal_replay,EndpointTrend
RUN_095,TRIAD_032,A11_EndpointTrend_B600,R1,1385197443,936867673,547,Det/images/normal_train/00930173.png,0,09,easy_clean,0.0804239079,1.0,0.0731933666,normal_replay,EndpointTrend
RUN_095,TRIAD_032,A11_EndpointTrend_B600,R1,1385197443,936867673,548,Det/images/normal_train/00226067.png,0,08,easy_clean,0.0472390778,1.0,0.0469475595,normal_replay,EndpointTrend
RUN_095,TRIAD_032,A11_EndpointTrend_B600,R1,1385197443,936867673,549,Det/images/normal_train/00768188.png,0,08,easy_clean,0.0011278788,1.0,0.0014150739,normal_replay,EndpointTrend
RUN_095,TRIAD_032,A11_EndpointTrend_B600,R1,1385197443,936867673,550,Det/images/normal_train/00802077.png,0,02,easy_clean,0.0277358734,1.0,0.0318323746,normal_replay,EndpointTrend
RUN_095,TRIAD_032,A11_EndpointTrend_B600,R1,1385197443,936867673,551,Det/images/normal_train/00151290.png,0,01,easy_clean,0.0257051053,1.0,0.036364588,normal_replay,EndpointTrend
RUN_095,TRIAD_032,A11_EndpointTrend_B600,R1,1385197443,936867673,552,Det/images/normal_train/00545644.png,0,07,easy_clean,0.0204052676,1.0,0.0419908665,normal_replay,EndpointTrend
RUN_095,TRIAD_032,A11_EndpointTrend_B600,R1,1385197443,936867673,553,Det/images/normal_train/00585856.png,0,05,easy_clean,0.0031000109,1.0,0.009605955,normal_replay,EndpointTrend
RUN_095,TRIAD_032,A11_EndpointTrend_B600,R1,1385197443,936867673,554,Det/images/normal_train/01258346.png,0,03,easy_clean,0.0384544472,0.99,0.0742178205,normal_replay,EndpointTrend
RUN_095,TRIAD_032,A11_EndpointTrend_B600,R1,1385197443,936867673,555,Det/images/normal_train/00717424.png,0,00,easy_clean,0.0013346508,1.0,0.0046852567,normal_replay,EndpointTrend
RUN_095,TRIAD_032,A11_EndpointTrend_B600,R1,1385197443,936867673,556,Det/images/normal_train/00901688.png,0,06,unstable_boundary,0.5618112837,0.35,0.1212184829,normal_replay,EndpointTrend
RUN_095,TRIAD_032,A11_EndpointTrend_B600,R1,1385197443,936867673,557,Det/images/normal_train/00477073.png,0,00,ordinary,0.1583335964,0.935,0.155535311,normal_replay,EndpointTrend
RUN_095,TRIAD_032,A11_EndpointTrend_B600,R1,1385197443,936867673,558,Det/images/normal_train/01014408.png,0,04,easy_clean,0.0341886181,1.0,0.0257414748,normal_replay,EndpointTrend
RUN_095,TRIAD_032,A11_EndpointTrend_B600,R1,1385197443,936867673,559,Det/images/normal_train/00900791.png,0,07,easy_clean,0.0342496204,1.0,0.037628187,normal_replay,EndpointTrend
RUN_095,TRIAD_032,A11_EndpointTrend_B600,R1,1385197443,936867673,560,Det/images/normal_train/00563191.png,0,06,easy_clean,0.002009896,1.0,0.0026395536,normal_replay,EndpointTrend
RUN_095,TRIAD_032,A11_EndpointTrend_B600,R1,1385197443,936867673,561,Det/images/normal_train/01061490.png,0,02,ordinary,0.1406919561,1.0,0.1020472779,normal_replay,EndpointTrend
RUN_095,TRIAD_032,A11_EndpointTrend_B600,R1,1385197443,936867673,562,Det/images/normal_train/00523730.png,0,00,easy_clean,0.0003908731,1.0,0.0008237003,normal_replay,EndpointTrend
RUN_095,TRIAD_032,A11_EndpointTrend_B600,R1,1385197443,936867673,563,Det/images/normal_train/00852687.png,0,02,easy_clean,0.0009287372,1.0,0.0011968415,normal_replay,EndpointTrend
RUN_095,TRIAD_032,A11_EndpointTrend_B600,R1,1385197443,936867673,564,Det/images/normal_train/01062668.png,0,08,learnable_hard,0.0969425495,0.995,0.0688100887,normal_replay,EndpointTrend
RUN_095,TRIAD_032,A11_EndpointTrend_B600,R1,1385197443,936867673,565,Det/images/normal_train/00734210.png,0,01,easy_clean,0.0421590657,1.0,0.0442817102,normal_replay,EndpointTrend
RUN_095,TRIAD_032,A11_EndpointTrend_B600,R1,1385197443,936867673,566,Det/images/normal_train/00525959.png,0,05,easy_clean,0.0061181655,1.0,0.0075527706,normal_replay,EndpointTrend
RUN_095,TRIAD_032,A11_EndpointTrend_B600,R1,1385197443,936867673,567,Det/images/normal_train/00210590.png,0,00,easy_clean,0.0008242075,1.0,0.0012320704,normal_replay,EndpointTrend
RUN_095,TRIAD_032,A11_EndpointTrend_B600,R1,1385197443,936867673,568,Det/images/normal_train/00182243.png,0,08,learnable_hard,0.0992633528,0.985,0.107325038,normal_replay,EndpointTrend
RUN_095,TRIAD_032,A11_EndpointTrend_B600,R1,1385197443,936867673,569,Det/images/normal_train/00848022.png,0,07,easy_clean,0.0108349823,1.0,0.0342190928,normal_replay,EndpointTrend
RUN_095,TRIAD_032,A11_EndpointTrend_B600,R1,1385197443,936867673,570,Det/images/normal_train/00261560.png,0,00,easy_clean,0.0006080883,1.0,0.0009342475,normal_replay,EndpointTrend
RUN_095,TRIAD_032,A11_EndpointTrend_B600,R1,1385197443,936867673,571,Det/images/normal_train/01092230.png,0,03,easy_clean,0.0851727579,1.0,0.0752475937,normal_replay,EndpointTrend
RUN_095,TRIAD_032,A11_EndpointTrend_B600,R1,1385197443,936867673,572,Det/images/normal_train/00243321.png,0,06,easy_clean,0.0148738605,1.0,0.0172588526,normal_replay,EndpointTrend
RUN_095,TRIAD_032,A11_EndpointTrend_B600,R1,1385197443,936867673,573,Det/images/normal_train/01230124.png,0,01,easy_clean,0.0016003518,1.0,0.0021823232,normal_replay,EndpointTrend
RUN_095,TRIAD_032,A11_EndpointTrend_B600,R1,1385197443,936867673,574,Det/images/normal_train/00851092.png,0,01,easy_clean,0.0024746018,1.0,0.0045845836,normal_replay,EndpointTrend
RUN_095,TRIAD_032,A11_EndpointTrend_B600,R1,1385197443,936867673,575,Det/images/normal_train/00392913.png,0,08,learnable_hard,0.8446455934,0.03,0.1079653718,normal_replay,EndpointTrend
RUN_095,TRIAD_032,A11_EndpointTrend_B600,R1,1385197443,936867673,576,Det/images/normal_train/00943891.png,0,09,learnable_hard,0.0738316799,0.99,0.0688876256,normal_replay,EndpointTrend
RUN_095,TRIAD_032,A11_EndpointTrend_B600,R1,1385197443,936867673,577,Det/images/normal_train/01066805.png,0,00,easy_clean,0.0055684477,1.0,0.0106028567,normal_replay,EndpointTrend
RUN_095,TRIAD_032,A11_EndpointTrend_B600,R1,1385197443,936867673,578,Det/images/normal_train/01009671.png,0,07,easy_clean,0.0866332446,1.0,0.063239049,normal_replay,EndpointTrend
RUN_095,TRIAD_032,A11_EndpointTrend_B600,R1,1385197443,936867673,579,Det/images/normal_train/00991254.png,0,00,easy_clean,0.0155753744,1.0,0.0168126802,normal_replay,EndpointTrend
RUN_095,TRIAD_032,A11_EndpointTrend_B600,R1,1385197443,936867673,580,Det/images/normal_train/00674278.png,0,05,ordinary,0.2800094672,0.88,0.2059490696,normal_replay,EndpointTrend
RUN_095,TRIAD_032,A11_EndpointTrend_B600,R1,1385197443,936867673,581,Det/images/normal_train/00934364.png,0,01,easy_clean,0.008651268,1.0,0.0139788388,normal_replay,EndpointTrend
RUN_095,TRIAD_032,A11_EndpointTrend_B600,R1,1385197443,936867673,582,Det/images/normal_train/01185626.png,0,02,ordinary,0.238440189,1.0,0.1134446815,normal_replay,EndpointTrend
RUN_095,TRIAD_032,A11_EndpointTrend_B600,R1,1385197443,936867673,583,Det/images/normal_train/00482130.png,0,02,easy_clean,0.0039285245,1.0,0.0028852095,normal_replay,EndpointTrend
RUN_095,TRIAD_032,A11_EndpointTrend_B600,R1,1385197443,936867673,584,Det/images/normal_train/01070258.png,0,06,easy_clean,0.0262686496,1.0,0.0244165787,normal_replay,EndpointTrend
RUN_095,TRIAD_032,A11_EndpointTrend_B600,R1,1385197443,936867673,585,Det/images/normal_train/00266947.png,0,01,learnable_hard,0.6990412537,0.14,0.1768962396,normal_replay,EndpointTrend
RUN_095,TRIAD_032,A11_EndpointTrend_B600,R1,1385197443,936867673,586,Det/images/normal_train/00650047.png,0,09,learnable_hard,0.4429592071,0.495,0.2247520059,normal_replay,EndpointTrend
RUN_095,TRIAD_032,A11_EndpointTrend_B600,R1,1385197443,936867673,587,Det/images/normal_train/00864677.png,0,07,easy_clean,0.004771901,1.0,0.0108562914,normal_replay,EndpointTrend
RUN_095,TRIAD_032,A11_EndpointTrend_B600,R1,1385197443,936867673,588,Det/images/normal_train/00669349.png,0,08,learnable_hard,0.0095261231,0.995,0.0481391853,normal_replay,EndpointTrend
RUN_095,TRIAD_032,A11_EndpointTrend_B600,R1,1385197443,936867673,589,Det/images/normal_train/00375666.png,0,04,learnable_hard,0.2706710446,0.995,0.1532161895,normal_replay,EndpointTrend
RUN_095,TRIAD_032,A11_EndpointTrend_B600,R1,1385197443,936867673,590,Det/images/normal_train/01207480.png,0,02,unstable_boundary,0.6052815667,0.16,0.1066773389,normal_replay,EndpointTrend
RUN_095,TRIAD_032,A11_EndpointTrend_B600,R1,1385197443,936867673,591,Det/images/normal_train/01276071.png,0,01,ordinary,0.1292421729,1.0,0.0718249874,normal_replay,EndpointTrend
RUN_095,TRIAD_032,A11_EndpointTrend_B600,R1,1385197443,936867673,592,Det/images/normal_train/00532844.png,0,07,learnable_hard,0.6558546211,0.225,0.2939297759,normal_replay,EndpointTrend
RUN_095,TRIAD_032,A11_EndpointTrend_B600,R1,1385197443,936867673,593,Det/images/normal_train/01070017.png,0,06,unstable_boundary,0.4280122721,0.43,0.1892336469,normal_replay,EndpointTrend
RUN_095,TRIAD_032,A11_EndpointTrend_B600,R1,1385197443,936867673,594,Det/images/normal_train/00883688.png,0,05,easy_clean,0.0060192886,1.0,0.0138483162,normal_replay,EndpointTrend
RUN_095,TRIAD_032,A11_EndpointTrend_B600,R1,1385197443,936867673,595,Det/images/normal_train/01084345.png,0,01,easy_clean,0.0143213267,1.0,0.0197930051,normal_replay,EndpointTrend
RUN_095,TRIAD_032,A11_EndpointTrend_B600,R1,1385197443,936867673,596,Det/images/normal_train/00299213.png,0,01,easy_clean,0.0747750586,1.0,0.0669824412,normal_replay,EndpointTrend
RUN_095,TRIAD_032,A11_EndpointTrend_B600,R1,1385197443,936867673,597,Det/images/normal_train/01162535.png,0,06,easy_clean,0.0019220317,1.0,0.0034367298,normal_replay,EndpointTrend
RUN_095,TRIAD_032,A11_EndpointTrend_B600,R1,1385197443,936867673,598,Det/images/normal_train/00248300.png,0,00,easy_clean,0.0300979513,1.0,0.0496639894,normal_replay,EndpointTrend
RUN_095,TRIAD_032,A11_EndpointTrend_B600,R1,1385197443,936867673,599,Det/images/normal_train/01195096.png,0,03,persistent_hard,0.6732033394,0.385,0.2860868185,normal_replay,EndpointTrend
RUN_095,TRIAD_032,A11_EndpointTrend_B600,R1,1385197443,936867673,600,Det/images/normal_train/00228668.png,0,06,easy_clean,0.005827787,1.0,0.0095225768,normal_replay,EndpointTrend
