row_id,img_id,split,gt_label,gt_index,img_rel_path,img_path,pred_label,pred_index,correct,top5_correct,top1_prob,top2_label,top2_prob,top3_label,top3_prob,margin,entropy,entropy_norm,p_normal,p_abnormal,abnormal_conf,width,height,aspect_ratio,embedding_index,top5_labels_json,top5_probs_json,probs_json
172,00307245,val,DepositAttachment,1,val/DepositAttachment/00307245.png,C:\Users\ASUS\Desktop\YOLOv11\YOLO-CV\data\sewerml_cls6_train7200\val\DepositAttachment\00307245.png,Roots,4,0,1,0.9999996423721313,JointAnomaly,3.598051705466787e-07,DepositAttachment,6.232461213784291e-10,0.9999992825669608,5.719970322651332e-06,3.192376220629475e-06,1.3128413287044616e-11,0.9999999999868716,0.9999999999868716,352,288,1.222222,172,"[""Roots"", ""JointAnomaly"", ""DepositAttachment"", ""WallDamage"", ""Deformation""]","[0.9999996423721313, 3.598051705466787e-07, 6.232461213784291e-10, 4.425010080577607e-10, 2.413519731292446e-11]","{""Deformation"": 2.413519731292446e-11, ""DepositAttachment"": 6.232461213784291e-10, ""JointAnomaly"": 3.598051705466787e-07, ""Normal"": 1.3128413287044616e-11, ""Roots"": 0.9999996423721313, ""WallDamage"": 4.425010080577607e-10}"
286,00309083,val,JointAnomaly,2,val/JointAnomaly/00309083.png,C:\Users\ASUS\Desktop\YOLOv11\YOLO-CV\data\sewerml_cls6_train7200\val\JointAnomaly\00309083.png,WallDamage,5,0,1,0.999997615814209,Roots,2.2777956019126577e-06,DepositAttachment,7.219824738058378e-08,0.9999953380186071,3.398344334147481e-05,1.8966520855679317e-05,2.1124273441586183e-09,0.9999999978875727,0.9999999978875727,352,288,1.222222,286,"[""WallDamage"", ""Roots"", ""DepositAttachment"", ""JointAnomaly"", ""Normal""]","[0.999997615814209, 2.2777956019126577e-06, 7.219824738058378e-08, 4.52349233626137e-08, 2.1124273441586183e-09]","{""Deformation"": 5.168310779346541e-10, ""DepositAttachment"": 7.219824738058378e-08, ""JointAnomaly"": 4.52349233626137e-08, ""Normal"": 2.1124273441586183e-09, ""Roots"": 2.2777956019126577e-06, ""WallDamage"": 0.999997615814209}"
472,00498582,val,Normal,3,val/Normal/00498582.png,C:\Users\ASUS\Desktop\YOLOv11\YOLO-CV\data\sewerml_cls6_train7200\val\Normal\00498582.png,Deformation,0,0,1,0.9999966621398926,Normal,2.345526354474714e-06,JointAnomaly,7.982580427778885e-07,0.9999943166135381,4.71792297772346e-05,2.6331229491177668e-05,2.345526354474714e-06,0.9999976544736455,0.9999976544736455,352,288,1.222222,472,"[""Deformation"", ""Normal"", ""JointAnomaly"", ""DepositAttachment"", ""WallDamage""]","[0.9999966621398926, 2.345526354474714e-06, 7.982580427778885e-07, 1.1391627907642032e-07, 2.0855512872230975e-08]","{""Deformation"": 0.9999966621398926, ""DepositAttachment"": 1.1391627907642032e-07, ""JointAnomaly"": 7.982580427778885e-07, ""Normal"": 2.345526354474714e-06, ""Roots"": 1.891508283335952e-09, ""WallDamage"": 2.0855512872230975e-08}"
204,00406821,val,DepositAttachment,1,val/DepositAttachment/00406821.png,C:\Users\ASUS\Desktop\YOLOv11\YOLO-CV\data\sewerml_cls6_train7200\val\DepositAttachment\00406821.png,WallDamage,5,0,1,0.9999809265136719,Roots,1.093920218409039e-05,JointAnomaly,6.7063187998428475e-06,0.9999699873114878,0.0002442118573581902,0.00013629723272142334,1.1123985359517974e-06,0.999998887601464,0.999998887601464,352,288,1.222222,204,"[""WallDamage"", ""Roots"", ""JointAnomaly"", ""Normal"", ""DepositAttachment""]","[0.9999809265136719, 1.093920218409039e-05, 6.7063187998428475e-06, 1.1123985359517974e-06, 3.382321835943003e-07]","{""Deformation"": 7.824711364956549e-12, ""DepositAttachment"": 3.382321835943003e-07, ""JointAnomaly"": 6.7063187998428475e-06, ""Normal"": 1.1123985359517974e-06, ""Roots"": 1.093920218409039e-05, ""WallDamage"": 0.9999809265136719}"
504,00142551,val,Roots,4,val/Roots/00142551.png,C:\Users\ASUS\Desktop\YOLOv11\YOLO-CV\data\sewerml_cls6_train7200\val\Roots\00142551.png,WallDamage,5,0,1,0.9999655485153198,Roots,1.8319120499654673e-05,Normal,1.3048458640696481e-05,0.9999472293948202,0.0004225284569899756,0.00023581762186640704,1.3048458640696481e-05,0.9999869515413593,0.9999869515413593,720,576,1.25,504,"[""WallDamage"", ""Roots"", ""Normal"", ""Deformation"", ""JointAnomaly""]","[0.9999655485153198, 1.8319120499654673e-05, 1.3048458640696481e-05, 2.7681669507728657e-06, 3.563891937119479e-07]","{""Deformation"": 2.7681669507728657e-06, ""DepositAttachment"": 4.6815099352670586e-08, ""JointAnomaly"": 3.563891937119479e-07, ""Normal"": 1.3048458640696481e-05, ""Roots"": 1.8319120499654673e-05, ""WallDamage"": 0.9999655485153198}"
301,00387317,val,JointAnomaly,2,val/JointAnomaly/00387317.png,C:\Users\ASUS\Desktop\YOLOv11\YOLO-CV\data\sewerml_cls6_train7200\val\JointAnomaly\00387317.png,Roots,4,0,1,0.9999206066131592,DepositAttachment,7.340390584431589e-05,JointAnomaly,5.946666533418465e-06,0.9998472027073149,0.0008503486320768836,0.0004745886078354255,3.384114516391534e-11,0.9999999999661588,0.9999999999661588,352,288,1.222222,301,"[""Roots"", ""DepositAttachment"", ""JointAnomaly"", ""WallDamage"", ""Normal""]","[0.9999206066131592, 7.340390584431589e-05, 5.946666533418465e-06, 3.694760764005878e-08, 3.384114516391534e-11]","{""Deformation"": 1.1976713837260483e-14, ""DepositAttachment"": 7.340390584431589e-05, ""JointAnomaly"": 5.946666533418465e-06, ""Normal"": 3.384114516391534e-11, ""Roots"": 0.9999206066131592, ""WallDamage"": 3.694760764005878e-08}"
647,00320226,val,WallDamage,5,val/WallDamage/00320226.png,C:\Users\ASUS\Desktop\YOLOv11\YOLO-CV\data\sewerml_cls6_train7200\val\WallDamage\00320226.png,Normal,3,0,1,0.9999178647994995,WallDamage,4.004501170129515e-05,Deformation,2.4146191208274104e-05,0.9998778197877982,0.0009501547016099659,0.0005302914358361515,0.9999178647994995,8.213520050048828e-05,8.213520050048828e-05,480,576,0.833333,647,"[""Normal"", ""WallDamage"", ""Deformation"", ""JointAnomaly"", ""DepositAttachment""]","[0.9999178647994995, 4.004501170129515e-05, 2.4146191208274104e-05, 1.3813578334520571e-05, 4.0766753954812884e-06]","{""Deformation"": 2.4146191208274104e-05, ""DepositAttachment"": 4.0766753954812884e-06, ""JointAnomaly"": 1.3813578334520571e-05, ""Normal"": 0.9999178647994995, ""Roots"": 3.960004235636916e-08, ""WallDamage"": 4.004501170129515e-05}"
582,00442596,val,Roots,4,val/Roots/00442596.png,C:\Users\ASUS\Desktop\YOLOv11\YOLO-CV\data\sewerml_cls6_train7200\val\Roots\00442596.png,DepositAttachment,1,0,1,0.9998469352722168,JointAnomaly,8.823230746202171e-05,Roots,4.219228503643535e-05,0.9997587029647548,0.0016449178702242543,0.0009180461431762019,5.424919891083846e-08,0.9999999457508011,0.9999999457508011,352,288,1.222222,582,"[""DepositAttachment"", ""JointAnomaly"", ""Roots"", ""WallDamage"", ""Normal""]","[0.9998469352722168, 8.823230746202171e-05, 4.219228503643535e-05, 2.2649646780337207e-05, 5.424919891083846e-08]","{""Deformation"": 2.4600047693335014e-11, ""DepositAttachment"": 0.9998469352722168, ""JointAnomaly"": 8.823230746202171e-05, ""Normal"": 5.424919891083846e-08, ""Roots"": 4.219228503643535e-05, ""WallDamage"": 2.2649646780337207e-05}"
707,00467724,val,WallDamage,5,val/WallDamage/00467724.png,C:\Users\ASUS\Desktop\YOLOv11\YOLO-CV\data\sewerml_cls6_train7200\val\WallDamage\00467724.png,DepositAttachment,1,0,1,0.9998138546943665,WallDamage,0.00016756475088186562,JointAnomaly,1.829139728215523e-05,0.9996462899434846,0.0018476506139792192,0.0010311934418157386,7.799476342551515e-12,0.9999999999922006,0.9999999999922006,352,288,1.222222,707,"[""DepositAttachment"", ""WallDamage"", ""JointAnomaly"", ""Roots"", ""Deformation""]","[0.9998138546943665, 0.00016756475088186562, 1.829139728215523e-05, 3.389372977835592e-07, 5.206223008258348e-09]","{""Deformation"": 5.206223008258348e-09, ""DepositAttachment"": 0.9998138546943665, ""JointAnomaly"": 1.829139728215523e-05, ""Normal"": 7.799476342551515e-12, ""Roots"": 3.389372977835592e-07, ""WallDamage"": 0.00016756475088186562}"
298,00383441,val,JointAnomaly,2,val/JointAnomaly/00383441.png,C:\Users\ASUS\Desktop\YOLOv11\YOLO-CV\data\sewerml_cls6_train7200\val\JointAnomaly\00383441.png,DepositAttachment,1,0,1,0.9998095631599426,Normal,0.00011574556265259162,Deformation,3.573269350454211e-05,0.99969381759729,0.002014398414855283,0.0011242571614387214,0.00011574556265259162,0.9998842544373474,0.9998842544373474,352,288,1.222222,298,"[""DepositAttachment"", ""Normal"", ""Deformation"", ""WallDamage"", ""JointAnomaly""]","[0.9998095631599426, 0.00011574556265259162, 3.573269350454211e-05, 3.547355663613416e-05, 1.7405153585059452e-06]","{""Deformation"": 3.573269350454211e-05, ""DepositAttachment"": 0.9998095631599426, ""JointAnomaly"": 1.7405153585059452e-06, ""Normal"": 0.00011574556265259162, ""Roots"": 1.6847014876475441e-06, ""WallDamage"": 3.547355663613416e-05}"
673,00417046,val,WallDamage,5,val/WallDamage/00417046.png,C:\Users\ASUS\Desktop\YOLOv11\YOLO-CV\data\sewerml_cls6_train7200\val\WallDamage\00417046.png,DepositAttachment,1,0,1,0.999731719493866,WallDamage,0.0002525561721995473,Normal,9.308597327617463e-06,0.9994791633216664,0.002549982342201777,0.0014231722427008508,9.308597327617463e-06,0.9999906914026724,0.9999906914026724,352,288,1.222222,673,"[""DepositAttachment"", ""WallDamage"", ""Normal"", ""JointAnomaly"", ""Deformation""]","[0.999731719493866, 0.0002525561721995473, 9.308597327617463e-06, 5.066815447207773e-06, 1.079018829841516e-06]","{""Deformation"": 1.079018829841516e-06, ""DepositAttachment"": 0.999731719493866, ""JointAnomaly"": 5.066815447207773e-06, ""Normal"": 9.308597327617463e-06, ""Roots"": 3.464541578068747e-07, ""WallDamage"": 0.0002525561721995473}"
518,00160941,val,Roots,4,val/Roots/00160941.png,C:\Users\ASUS\Desktop\YOLOv11\YOLO-CV\data\sewerml_cls6_train7200\val\Roots\00160941.png,JointAnomaly,2,0,1,0.9997089505195618,DepositAttachment,0.00024977271095849574,Roots,4.1177550883730873e-05,0.9994591778086033,0.0027789390617608874,0.0015509554209071042,5.097855471092316e-10,0.9999999994902145,0.9999999994902145,720,576,1.25,518,"[""JointAnomaly"", ""DepositAttachment"", ""Roots"", ""WallDamage"", ""Deformation""]","[0.9997089505195618, 0.00024977271095849574, 4.1177550883730873e-05, 7.543434321632958e-09, 6.93862256540001e-09]","{""Deformation"": 6.93862256540001e-09, ""DepositAttachment"": 0.00024977271095849574, ""JointAnomaly"": 0.9997089505195618, ""Normal"": 5.097855471092316e-10, ""Roots"": 4.1177550883730873e-05, ""WallDamage"": 7.543434321632958e-09}"
667,00403764,val,WallDamage,5,val/WallDamage/00403764.png,C:\Users\ASUS\Desktop\YOLOv11\YOLO-CV\data\sewerml_cls6_train7200\val\WallDamage\00403764.png,JointAnomaly,2,0,1,0.9994981288909912,Roots,0.00044773935223929584,WallDamage,5.397752465796657e-05,0.9990503895387519,0.004486970167697789,0.002504225731610568,3.29210525507051e-09,0.9999999967078947,0.9999999967078947,352,288,1.222222,667,"[""JointAnomaly"", ""Roots"", ""WallDamage"", ""DepositAttachment"", ""Normal""]","[0.9994981288909912, 0.00044773935223929584, 5.397752465796657e-05, 1.3085589500860806e-07, 3.29210525507051e-09]","{""Deformation"": 2.2813423025680457e-11, ""DepositAttachment"": 1.3085589500860806e-07, ""JointAnomaly"": 0.9994981288909912, ""Normal"": 3.29210525507051e-09, ""Roots"": 0.00044773935223929584, ""WallDamage"": 5.397752465796657e-05}"
354,00504283,val,JointAnomaly,2,val/JointAnomaly/00504283.png,C:\Users\ASUS\Desktop\YOLOv11\YOLO-CV\data\sewerml_cls6_train7200\val\JointAnomaly\00504283.png,WallDamage,5,0,1,0.9993322491645813,Roots,0.00042802130337804556,JointAnomaly,0.00017271473188884556,0.9989042278612033,0.006130773811330623,0.0034216500130857122,6.606731767533347e-05,0.9999339326823247,0.9999339326823247,480,576,0.833333,354,"[""WallDamage"", ""Roots"", ""JointAnomaly"", ""Normal"", ""DepositAttachment""]","[0.9993322491645813, 0.00042802130337804556, 0.00017271473188884556, 6.606731767533347e-05, 6.657767244178103e-07]","{""Deformation"": 1.0149381068913499e-07, ""DepositAttachment"": 6.657767244178103e-07, ""JointAnomaly"": 0.00017271473188884556, ""Normal"": 6.606731767533347e-05, ""Roots"": 0.00042802130337804556, ""WallDamage"": 0.9993322491645813}"
706,00467630,val,WallDamage,5,val/WallDamage/00467630.png,C:\Users\ASUS\Desktop\YOLOv11\YOLO-CV\data\sewerml_cls6_train7200\val\WallDamage\00467630.png,DepositAttachment,1,0,1,0.9992824196815491,WallDamage,0.0007080213981680572,Roots,6.7627938733494375e-06,0.998574398283381,0.005969014097009161,0.0033313701975750103,1.3301284518263401e-08,0.9999999866987155,0.9999999866987155,352,288,1.222222,706,"[""DepositAttachment"", ""WallDamage"", ""Roots"", ""JointAnomaly"", ""Normal""]","[0.9992824196815491, 0.0007080213981680572, 6.7627938733494375e-06, 2.7863027298735688e-06, 1.3301284518263401e-08]","{""Deformation"": 5.889425752636512e-11, ""DepositAttachment"": 0.9992824196815491, ""JointAnomaly"": 2.7863027298735688e-06, ""Normal"": 1.3301284518263401e-08, ""Roots"": 6.7627938733494375e-06, ""WallDamage"": 0.0007080213981680572}"
187,00351345,val,DepositAttachment,1,val/DepositAttachment/00351345.png,C:\Users\ASUS\Desktop\YOLOv11\YOLO-CV\data\sewerml_cls6_train7200\val\DepositAttachment\00351345.png,Roots,4,0,1,0.9989481568336487,DepositAttachment,0.0010122874518856406,JointAnomaly,1.9979530406999402e-05,0.997935869381763,0.008460222602799767,0.004721740137611601,1.1567257018896271e-07,0.9999998843274298,0.9999998843274298,352,288,1.222222,187,"[""Roots"", ""DepositAttachment"", ""JointAnomaly"", ""WallDamage"", ""Normal""]","[0.9989481568336487, 0.0010122874518856406, 1.9979530406999402e-05, 1.9411494577070698e-05, 1.1567257018896271e-07]","{""Deformation"": 5.391610491400911e-10, ""DepositAttachment"": 0.0010122874518856406, ""JointAnomaly"": 1.9979530406999402e-05, ""Normal"": 1.1567257018896271e-07, ""Roots"": 0.9989481568336487, ""WallDamage"": 1.9411494577070698e-05}"
447,00439924,val,Normal,3,val/Normal/00439924.png,C:\Users\ASUS\Desktop\YOLOv11\YOLO-CV\data\sewerml_cls6_train7200\val\Normal\00439924.png,Roots,4,0,1,0.9989049434661865,JointAnomaly,0.0008581769070588052,DepositAttachment,0.0001258269330719486,0.9980467665591277,0.009304259476958208,0.005192806086280526,1.8521095626056194e-06,0.9999981478904374,0.9999981478904374,352,288,1.222222,447,"[""Roots"", ""JointAnomaly"", ""DepositAttachment"", ""WallDamage"", ""Normal""]","[0.9989049434661865, 0.0008581769070588052, 0.0001258269330719486, 0.00010918280895566568, 1.8521095626056194e-06]","{""Deformation"": 2.705489721144261e-10, ""DepositAttachment"": 0.0001258269330719486, ""JointAnomaly"": 0.0008581769070588052, ""Normal"": 1.8521095626056194e-06, ""Roots"": 0.9989049434661865, ""WallDamage"": 0.00010918280895566568}"
611,00040357,val,WallDamage,5,val/WallDamage/00040357.png,C:\Users\ASUS\Desktop\YOLOv11\YOLO-CV\data\sewerml_cls6_train7200\val\WallDamage\00040357.png,Normal,3,0,1,0.9988530874252319,Deformation,0.0010890073608607054,DepositAttachment,4.335107223596424e-05,0.9977640800643712,0.009173914115658119,0.005120058955017284,0.9988530874252319,0.0011469125747680664,0.0011469125747680664,720,576,1.25,611,"[""Normal"", ""Deformation"", ""DepositAttachment"", ""JointAnomaly"", ""WallDamage""]","[0.9988530874252319, 0.0010890073608607054, 4.335107223596424e-05, 1.4446739442064427e-05, 8.397931594572583e-08]","{""Deformation"": 0.0010890073608607054, ""DepositAttachment"": 4.335107223596424e-05, ""JointAnomaly"": 1.4446739442064427e-05, ""Normal"": 0.9988530874252319, ""Roots"": 1.4085941302255378e-09, ""WallDamage"": 8.397931594572583e-08}"
482,00005720,val,Roots,4,val/Roots/00005720.png,C:\Users\ASUS\Desktop\YOLOv11\YOLO-CV\data\sewerml_cls6_train7200\val\Roots\00005720.png,JointAnomaly,2,0,1,0.9987053871154785,Roots,0.0009479591390118003,WallDamage,0.000237450614804402,0.9977574279764667,0.010883933684313493,0.006074439047894429,2.0103896076761885e-06,0.9999979896103923,0.9999979896103923,720,576,1.25,482,"[""JointAnomaly"", ""Roots"", ""WallDamage"", ""DepositAttachment"", ""Normal""]","[0.9987053871154785, 0.0009479591390118003, 0.000237450614804402, 0.000106783103547059, 2.0103896076761885e-06]","{""Deformation"": 4.590459070641373e-07, ""DepositAttachment"": 0.000106783103547059, ""JointAnomaly"": 0.9987053871154785, ""Normal"": 2.0103896076761885e-06, ""Roots"": 0.0009479591390118003, ""WallDamage"": 0.000237450614804402}"
683,00437324,val,WallDamage,5,val/WallDamage/00437324.png,C:\Users\ASUS\Desktop\YOLOv11\YOLO-CV\data\sewerml_cls6_train7200\val\WallDamage\00437324.png,Roots,4,0,1,0.998695433139801,Normal,0.000769837643019855,WallDamage,0.0005264360806904733,0.9979255954967812,0.010901113601749689,0.006084027342378843,0.000769837643019855,0.9992301623569801,0.9992301623569801,352,288,1.222222,683,"[""Roots"", ""Normal"", ""WallDamage"", ""JointAnomaly"", ""DepositAttachment""]","[0.998695433139801, 0.000769837643019855, 0.0005264360806904733, 5.1042793529632036e-06, 3.1001059141999576e-06]","{""Deformation"": 1.52324020064043e-07, ""DepositAttachment"": 3.1001059141999576e-06, ""JointAnomaly"": 5.1042793529632036e-06, ""Normal"": 0.000769837643019855, ""Roots"": 0.998695433139801, ""WallDamage"": 0.0005264360806904733}"
580,00439037,val,Roots,4,val/Roots/00439037.png,C:\Users\ASUS\Desktop\YOLOv11\YOLO-CV\data\sewerml_cls6_train7200\val\Roots\00439037.png,DepositAttachment,1,0,1,0.9985669255256653,Roots,0.0013053745497018099,Normal,0.00012394909572321922,0.9972615509759635,0.01126455512401263,0.006286867918083752,0.00012394909572321922,0.9998760509042768,0.9998760509042768,352,288,1.222222,580,"[""DepositAttachment"", ""Roots"", ""Normal"", ""WallDamage"", ""JointAnomaly""]","[0.9985669255256653, 0.0013053745497018099, 0.00012394909572321922, 3.86230794902076e-06, 1.2811551819424949e-09]","{""Deformation"": 3.9769090798280615e-11, ""DepositAttachment"": 0.9985669255256653, ""JointAnomaly"": 1.2811551819424949e-09, ""Normal"": 0.00012394909572321922, ""Roots"": 0.0013053745497018099, ""WallDamage"": 3.86230794902076e-06}"
691,00464595,val,WallDamage,5,val/WallDamage/00464595.png,C:\Users\ASUS\Desktop\YOLOv11\YOLO-CV\data\sewerml_cls6_train7200\val\WallDamage\00464595.png,Roots,4,0,1,0.9982839226722717,Normal,0.0008295439765788615,DepositAttachment,0.0004807382356375456,0.9974543786956929,0.014696775219912112,0.008202426426267994,0.0008295439765788615,0.9991704560234211,0.9991704560234211,352,288,1.222222,691,"[""Roots"", ""Normal"", ""DepositAttachment"", ""JointAnomaly"", ""WallDamage""]","[0.9982839226722717, 0.0008295439765788615, 0.0004807382356375456, 0.0002836451749317348, 0.00012093631085008383]","{""Deformation"": 1.1953477496717824e-06, ""DepositAttachment"": 0.0004807382356375456, ""JointAnomaly"": 0.0002836451749317348, ""Normal"": 0.0008295439765788615, ""Roots"": 0.9982839226722717, ""WallDamage"": 0.00012093631085008383}"
391,00315236,val,Normal,3,val/Normal/00315236.png,C:\Users\ASUS\Desktop\YOLOv11\YOLO-CV\data\sewerml_cls6_train7200\val\Normal\00315236.png,WallDamage,5,0,1,0.9982829093933105,Normal,0.0012289028381928802,JointAnomaly,0.00048053142381832004,0.9970540065551177,0.013716081540906018,0.007655090862623054,0.0012289028381928802,0.9987710971618071,0.9987710971618071,352,288,1.222222,391,"[""WallDamage"", ""Normal"", ""JointAnomaly"", ""DepositAttachment"", ""Roots""]","[0.9982829093933105, 0.0012289028381928802, 0.00048053142381832004, 6.29248597761034e-06, 1.3147895288057043e-06]","{""Deformation"": 4.5875014897944766e-09, ""DepositAttachment"": 6.29248597761034e-06, ""JointAnomaly"": 0.00048053142381832004, ""Normal"": 0.0012289028381928802, ""Roots"": 1.3147895288057043e-06, ""WallDamage"": 0.9982829093933105}"
622,00165789,val,WallDamage,5,val/WallDamage/00165789.png,C:\Users\ASUS\Desktop\YOLOv11\YOLO-CV\data\sewerml_cls6_train7200\val\WallDamage\00165789.png,DepositAttachment,1,0,1,0.9982536435127258,WallDamage,0.0015653296140953898,Roots,0.0001733989192871377,0.9966883138986304,0.013447966282585636,0.007505452887813917,9.370593545554584e-08,0.9999999062940645,0.9999999062940645,720,576,1.25,622,"[""DepositAttachment"", ""WallDamage"", ""Roots"", ""JointAnomaly"", ""Normal""]","[0.9982536435127258, 0.0015653296140953898, 0.0001733989192871377, 7.417594133585226e-06, 9.370593545554584e-08]","{""Deformation"": 5.311393280749144e-08, ""DepositAttachment"": 0.9982536435127258, ""JointAnomaly"": 7.417594133585226e-06, ""Normal"": 9.370593545554584e-08, ""Roots"": 0.0001733989192871377, ""WallDamage"": 0.0015653296140953898}"
601,00000597,val,WallDamage,5,val/WallDamage/00000597.png,C:\Users\ASUS\Desktop\YOLOv11\YOLO-CV\data\sewerml_cls6_train7200\val\WallDamage\00000597.png,DepositAttachment,1,0,1,0.9981117248535156,WallDamage,0.001705503324046731,Normal,0.00015913555398583412,0.9964062215294689,0.014406740155108988,0.00804055477452889,0.00015913555398583412,0.9998408644460142,0.9998408644460142,352,288,1.222222,601,"[""DepositAttachment"", ""WallDamage"", ""Normal"", ""JointAnomaly"", ""Roots""]","[0.9981117248535156, 0.001705503324046731, 0.00015913555398583412, 2.2164516849443316e-05, 1.3033667300987872e-06]","{""Deformation"": 1.6593298823863734e-07, ""DepositAttachment"": 0.9981117248535156, ""JointAnomaly"": 2.2164516849443316e-05, ""Normal"": 0.00015913555398583412, ""Roots"": 1.3033667300987872e-06, ""WallDamage"": 0.001705503324046731}"
711,00484691,val,WallDamage,5,val/WallDamage/00484691.png,C:\Users\ASUS\Desktop\YOLOv11\YOLO-CV\data\sewerml_cls6_train7200\val\WallDamage\00484691.png,JointAnomaly,2,0,1,0.997984766960144,WallDamage,0.0018618264002725482,Roots,0.00010347198985982686,0.9961229405598715,0.015192365922484382,0.008479020863793575,1.4061878573556896e-05,0.9999859381214264,0.9999859381214264,352,288,1.222222,711,"[""JointAnomaly"", ""WallDamage"", ""Roots"", ""DepositAttachment"", ""Normal""]","[0.997984766960144, 0.0018618264002725482, 0.00010347198985982686, 3.57500248355791e-05, 1.4061878573556896e-05]","{""Deformation"": 1.7570727095517213e-07, ""DepositAttachment"": 3.57500248355791e-05, ""JointAnomaly"": 0.997984766960144, ""Normal"": 1.4061878573556896e-05, ""Roots"": 0.00010347198985982686, ""WallDamage"": 0.0018618264002725482}"
710,00471239,val,WallDamage,5,val/WallDamage/00471239.png,C:\Users\ASUS\Desktop\YOLOv11\YOLO-CV\data\sewerml_cls6_train7200\val\WallDamage\00471239.png,Roots,4,0,1,0.997948944568634,WallDamage,0.0020229751244187355,DepositAttachment,9.387113095726818e-06,0.9959259694442153,0.014928481714697378,0.008331744283248592,5.0931048463098705e-06,0.9999949068951537,0.9999949068951537,352,288,1.222222,710,"[""Roots"", ""WallDamage"", ""DepositAttachment"", ""JointAnomaly"", ""Normal""]","[0.997948944568634, 0.0020229751244187355, 9.387113095726818e-06, 9.340641554445028e-06, 5.0931048463098705e-06]","{""Deformation"": 4.176054517301964e-06, ""DepositAttachment"": 9.387113095726818e-06, ""JointAnomaly"": 9.340641554445028e-06, ""Normal"": 5.0931048463098705e-06, ""Roots"": 0.997948944568634, ""WallDamage"": 0.0020229751244187355}"
619,00163825,val,WallDamage,5,val/WallDamage/00163825.png,C:\Users\ASUS\Desktop\YOLOv11\YOLO-CV\data\sewerml_cls6_train7200\val\WallDamage\00163825.png,Roots,4,0,1,0.9978708028793335,WallDamage,0.0015321469400078058,JointAnomaly,0.0004934556200169027,0.9963386559393257,0.016767157043431624,0.009357928522992782,1.2292139528469193e-10,0.9999999998770785,0.9999999998770785,720,576,1.25,619,"[""Roots"", ""WallDamage"", ""JointAnomaly"", ""DepositAttachment"", ""Deformation""]","[0.9978708028793335, 0.0015321469400078058, 0.0004934556200169027, 0.00010326578194508329, 3.531550873958622e-07]","{""Deformation"": 3.531550873958622e-07, ""DepositAttachment"": 0.00010326578194508329, ""JointAnomaly"": 0.0004934556200169027, ""Normal"": 1.2292139528469193e-10, ""Roots"": 0.9978708028793335, ""WallDamage"": 0.0015321469400078058}"
306,00398068,val,JointAnomaly,2,val/JointAnomaly/00398068.png,C:\Users\ASUS\Desktop\YOLOv11\YOLO-CV\data\sewerml_cls6_train7200\val\JointAnomaly\00398068.png,WallDamage,5,0,1,0.9972221851348877,JointAnomaly,0.002702535130083561,DepositAttachment,6.956807192182168e-05,0.9945196500048041,0.01949404077818228,0.010879831312726875,9.522921118332306e-07,0.9999990477078882,0.9999990477078882,352,288,1.222222,306,"[""WallDamage"", ""JointAnomaly"", ""DepositAttachment"", ""Roots"", ""Normal""]","[0.9972221851348877, 0.002702535130083561, 6.956807192182168e-05, 4.842469934374094e-06, 9.522921118332306e-07]","{""Deformation"": 7.380477340390712e-10, ""DepositAttachment"": 6.956807192182168e-05, ""JointAnomaly"": 0.002702535130083561, ""Normal"": 9.522921118332306e-07, ""Roots"": 4.842469934374094e-06, ""WallDamage"": 0.9972221851348877}"
214,00424769,val,DepositAttachment,1,val/DepositAttachment/00424769.png,C:\Users\ASUS\Desktop\YOLOv11\YOLO-CV\data\sewerml_cls6_train7200\val\DepositAttachment\00424769.png,Deformation,0,0,1,0.9969609379768372,DepositAttachment,0.0026473705656826496,Normal,0.00025677517987787724,0.9943135674111545,0.02213355981342714,0.012352974935281327,0.00025677517987787724,0.9997432248201221,0.9997432248201221,352,288,1.222222,214,"[""Deformation"", ""DepositAttachment"", ""Normal"", ""JointAnomaly"", ""WallDamage""]","[0.9969609379768372, 0.0026473705656826496, 0.00025677517987787724, 0.00011067053128499538, 2.4268329070764594e-05]","{""Deformation"": 0.9969609379768372, ""DepositAttachment"": 0.0026473705656826496, ""JointAnomaly"": 0.00011067053128499538, ""Normal"": 0.00025677517987787724, ""Roots"": 1.727298482023798e-08, ""WallDamage"": 2.4268329070764594e-05}"
364,00016640,val,Normal,3,val/Normal/00016640.png,C:\Users\ASUS\Desktop\YOLOv11\YOLO-CV\data\sewerml_cls6_train7200\val\Normal\00016640.png,WallDamage,5,0,1,0.9969478249549866,Normal,0.0017523812130093575,DepositAttachment,0.0012873716186732054,0.9951954437419772,0.022878618526984806,0.012768800120722464,0.0017523812130093575,0.9982476187869906,0.9982476187869906,720,576,1.25,364,"[""WallDamage"", ""Normal"", ""DepositAttachment"", ""JointAnomaly"", ""Deformation""]","[0.9969478249549866, 0.0017523812130093575, 0.0012873716186732054, 1.2446850632841233e-05, 4.415609922148178e-08]","{""Deformation"": 4.415609922148178e-08, ""DepositAttachment"": 0.0012873716186732054, ""JointAnomaly"": 1.2446850632841233e-05, ""Normal"": 0.0017523812130093575, ""Roots"": 8.096951553682175e-09, ""WallDamage"": 0.9969478249549866}"
126,00034454,val,DepositAttachment,1,val/DepositAttachment/00034454.png,C:\Users\ASUS\Desktop\YOLOv11\YOLO-CV\data\sewerml_cls6_train7200\val\DepositAttachment\00034454.png,Normal,3,0,1,0.9969139099121094,WallDamage,0.002347008790820837,DepositAttachment,0.0005754604935646057,0.9945669011212885,0.023055979425508653,0.0128677871229233,0.9969139099121094,0.003086090087890625,0.003086090087890625,720,576,1.25,126,"[""Normal"", ""WallDamage"", ""DepositAttachment"", ""JointAnomaly"", ""Deformation""]","[0.9969139099121094, 0.002347008790820837, 0.0005754604935646057, 0.000152713168063201, 9.524905181024224e-06]","{""Deformation"": 9.524905181024224e-06, ""DepositAttachment"": 0.0005754604935646057, ""JointAnomaly"": 0.000152713168063201, ""Normal"": 0.9969139099121094, ""Roots"": 1.4334694924400537e-06, ""WallDamage"": 0.002347008790820837}"
305,00398058,val,JointAnomaly,2,val/JointAnomaly/00398058.png,C:\Users\ASUS\Desktop\YOLOv11\YOLO-CV\data\sewerml_cls6_train7200\val\JointAnomaly\00398058.png,WallDamage,5,0,1,0.9962083101272583,DepositAttachment,0.0025047347880899906,JointAnomaly,0.0008420507656410336,0.9937035753391683,0.028198899816549546,0.01573810564467032,0.00044214125955477357,0.9995578587404452,0.9995578587404452,352,288,1.222222,305,"[""WallDamage"", ""DepositAttachment"", ""JointAnomaly"", ""Normal"", ""Roots""]","[0.9962083101272583, 0.0025047347880899906, 0.0008420507656410336, 0.00044214125955477357, 2.773844926196034e-06]","{""Deformation"": 7.295326565071036e-09, ""DepositAttachment"": 0.0025047347880899906, ""JointAnomaly"": 0.0008420507656410336, ""Normal"": 0.00044214125955477357, ""Roots"": 2.773844926196034e-06, ""WallDamage"": 0.9962083101272583}"
519,00160942,val,Roots,4,val/Roots/00160942.png,C:\Users\ASUS\Desktop\YOLOv11\YOLO-CV\data\sewerml_cls6_train7200\val\Roots\00160942.png,JointAnomaly,2,0,1,0.9959285855293274,Roots,0.004060041159391403,WallDamage,1.1403113603591919e-05,0.991868544369936,0.02655058875414619,0.01481816572488103,3.3323936943219223e-09,0.9999999966676063,0.9999999966676063,720,576,1.25,519,"[""JointAnomaly"", ""Roots"", ""WallDamage"", ""DepositAttachment"", ""Normal""]","[0.9959285855293274, 0.004060041159391403, 1.1403113603591919e-05, 4.446854262596389e-08, 3.3323936943219223e-09]","{""Deformation"": 3.8815693714777666e-11, ""DepositAttachment"": 4.446854262596389e-08, ""JointAnomaly"": 0.9959285855293274, ""Normal"": 3.3323936943219223e-09, ""Roots"": 0.004060041159391403, ""WallDamage"": 1.1403113603591919e-05}"
435,00404389,val,Normal,3,val/Normal/00404389.png,C:\Users\ASUS\Desktop\YOLOv11\YOLO-CV\data\sewerml_cls6_train7200\val\Normal\00404389.png,WallDamage,5,0,1,0.9955535531044006,JointAnomaly,0.003862381912767887,Roots,0.0005218132864683867,0.9916911711916327,0.030444884032312877,0.016991613302554203,6.218635098775849e-05,0.9999378136490122,0.9999378136490122,352,288,1.222222,435,"[""WallDamage"", ""JointAnomaly"", ""Roots"", ""Normal"", ""DepositAttachment""]","[0.9955535531044006, 0.003862381912767887, 0.0005218132864683867, 6.218635098775849e-05, 5.076496378819684e-08]","{""Deformation"": 1.3302817181148896e-10, ""DepositAttachment"": 5.076496378819684e-08, ""JointAnomaly"": 0.003862381912767887, ""Normal"": 6.218635098775849e-05, ""Roots"": 0.0005218132864683867, ""WallDamage"": 0.9955535531044006}"
2,00004815,val,Deformation,0,val/Deformation/00004815.png,C:\Users\ASUS\Desktop\YOLOv11\YOLO-CV\data\sewerml_cls6_train7200\val\Deformation\00004815.png,Normal,3,0,1,0.9949204325675964,Deformation,0.004968478810042143,DepositAttachment,0.00011062153498642147,0.9899519537575543,0.03243739104354813,0.018103652639002463,0.9949204325675964,0.0050795674324035645,0.0050795674324035645,720,576,1.25,2,"[""Normal"", ""Deformation"", ""DepositAttachment"", ""WallDamage"", ""JointAnomaly""]","[0.9949204325675964, 0.004968478810042143, 0.00011062153498642147, 4.48304973588165e-07, 2.6761485472093227e-08]","{""Deformation"": 0.004968478810042143, ""DepositAttachment"": 0.00011062153498642147, ""JointAnomaly"": 2.6761485472093227e-08, ""Normal"": 0.9949204325675964, ""Roots"": 1.5858551138947519e-09, ""WallDamage"": 4.48304973588165e-07}"
406,00335759,val,Normal,3,val/Normal/00335759.png,C:\Users\ASUS\Desktop\YOLOv11\YOLO-CV\data\sewerml_cls6_train7200\val\Normal\00335759.png,Deformation,0,0,1,0.9947882890701294,Normal,0.005205330438911915,DepositAttachment,4.891002390650101e-06,0.9895829586312175,0.03264817933704104,0.01822129582555346,0.005205330438911915,0.9947946695610881,0.9947946695610881,480,576,0.833333,406,"[""Deformation"", ""Normal"", ""DepositAttachment"", ""JointAnomaly"", ""WallDamage""]","[0.9947882890701294, 0.005205330438911915, 4.891002390650101e-06, 1.2687655726040248e-06, 1.4090203137584467e-07]","{""Deformation"": 0.9947882890701294, ""DepositAttachment"": 4.891002390650101e-06, ""JointAnomaly"": 1.2687655726040248e-06, ""Normal"": 0.005205330438911915, ""Roots"": 4.827109734151236e-08, ""WallDamage"": 1.4090203137584467e-07}"
572,00430633,val,Roots,4,val/Roots/00430633.png,C:\Users\ASUS\Desktop\YOLOv11\YOLO-CV\data\sewerml_cls6_train7200\val\Roots\00430633.png,WallDamage,5,0,1,0.9944975972175598,DepositAttachment,0.003263975726440549,Roots,0.0021247249096632004,0.9912336214911193,0.03828969004224657,0.021369882899931286,1.5976027043507202e-06,0.9999984023972956,0.9999984023972956,352,288,1.222222,572,"[""WallDamage"", ""DepositAttachment"", ""Roots"", ""JointAnomaly"", ""Normal""]","[0.9944975972175598, 0.003263975726440549, 0.0021247249096632004, 0.00011207858187844977, 1.5976027043507202e-06]","{""Deformation"": 1.0503404368478186e-08, ""DepositAttachment"": 0.003263975726440549, ""JointAnomaly"": 0.00011207858187844977, ""Normal"": 1.5976027043507202e-06, ""Roots"": 0.0021247249096632004, ""WallDamage"": 0.9944975972175598}"
663,00397645,val,WallDamage,5,val/WallDamage/00397645.png,C:\Users\ASUS\Desktop\YOLOv11\YOLO-CV\data\sewerml_cls6_train7200\val\WallDamage\00397645.png,DepositAttachment,1,0,1,0.9939863681793213,WallDamage,0.003066613106057048,JointAnomaly,0.0016026252415031195,0.9909197550732642,0.042955326194360516,0.02397382401604775,0.001343181007541716,0.9986568189924583,0.9986568189924583,352,288,1.222222,663,"[""DepositAttachment"", ""WallDamage"", ""JointAnomaly"", ""Normal"", ""Roots""]","[0.9939863681793213, 0.003066613106057048, 0.0016026252415031195, 0.001343181007541716, 1.1316602694932953e-06]","{""Deformation"": 3.019145111693433e-08, ""DepositAttachment"": 0.9939863681793213, ""JointAnomaly"": 0.0016026252415031195, ""Normal"": 0.001343181007541716, ""Roots"": 1.1316602694932953e-06, ""WallDamage"": 0.003066613106057048}"
134,00141003,val,DepositAttachment,1,val/DepositAttachment/00141003.png,C:\Users\ASUS\Desktop\YOLOv11\YOLO-CV\data\sewerml_cls6_train7200\val\DepositAttachment\00141003.png,Normal,3,0,1,0.993685781955719,DepositAttachment,0.004114816430956125,Deformation,0.002199142938479781,0.9895709655247629,0.04235998164849928,0.02364155589854327,0.993685781955719,0.006314218044281006,0.006314218044281006,720,576,1.25,134,"[""Normal"", ""DepositAttachment"", ""Deformation"", ""WallDamage"", ""JointAnomaly""]","[0.993685781955719, 0.004114816430956125, 0.002199142938479781, 2.8523243145173183e-07, 1.2106063929095967e-09]","{""Deformation"": 0.002199142938479781, ""DepositAttachment"": 0.004114816430956125, ""JointAnomaly"": 1.2106063929095967e-09, ""Normal"": 0.993685781955719, ""Roots"": 3.705594316637251e-14, ""WallDamage"": 2.8523243145173183e-07}"
184,00339967,val,DepositAttachment,1,val/DepositAttachment/00339967.png,C:\Users\ASUS\Desktop\YOLOv11\YOLO-CV\data\sewerml_cls6_train7200\val\DepositAttachment\00339967.png,WallDamage,5,0,1,0.9930844306945801,DepositAttachment,0.004478592425584793,Normal,0.002398313023149967,0.9886058382689953,0.04598497489058169,0.025664703148125922,0.002398313023149967,0.99760168697685,0.99760168697685,352,288,1.222222,184,"[""WallDamage"", ""DepositAttachment"", ""Normal"", ""JointAnomaly"", ""Roots""]","[0.9930844306945801, 0.004478592425584793, 0.002398313023149967, 3.5842767829308286e-05, 2.541473804740235e-06]","{""Deformation"": 1.6024509363887773e-07, ""DepositAttachment"": 0.004478592425584793, ""JointAnomaly"": 3.5842767829308286e-05, ""Normal"": 0.002398313023149967, ""Roots"": 2.541473804740235e-06, ""WallDamage"": 0.9930844306945801}"
3,00004978,val,Deformation,0,val/Deformation/00004978.png,C:\Users\ASUS\Desktop\YOLOv11\YOLO-CV\data\sewerml_cls6_train7200\val\Deformation\00004978.png,DepositAttachment,1,0,1,0.9929861426353455,Deformation,0.005922377109527588,JointAnomaly,0.000570012372918427,0.9870637655258179,0.0456051530998801,0.025452720570539638,0.0005141118890605867,0.9994858881109394,0.9994858881109394,720,576,1.25,3,"[""DepositAttachment"", ""Deformation"", ""JointAnomaly"", ""Normal"", ""WallDamage""]","[0.9929861426353455, 0.005922377109527588, 0.000570012372918427, 0.0005141118890605867, 7.1010431383911055e-06]","{""Deformation"": 0.005922377109527588, ""DepositAttachment"": 0.9929861426353455, ""JointAnomaly"": 0.000570012372918427, ""Normal"": 0.0005141118890605867, ""Roots"": 2.9795799605381035e-07, ""WallDamage"": 7.1010431383911055e-06}"
35,00143274,val,Deformation,0,val/Deformation/00143274.png,C:\Users\ASUS\Desktop\YOLOv11\YOLO-CV\data\sewerml_cls6_train7200\val\Deformation\00143274.png,DepositAttachment,1,0,1,0.9928203225135803,Deformation,0.007024794816970825,Normal,0.0001541008532512933,0.9857955276966095,0.043349908496210225,0.024194044591759126,0.0001541008532512933,0.9998458991467487,0.9998458991467487,720,576,1.25,35,"[""DepositAttachment"", ""Deformation"", ""Normal"", ""WallDamage"", ""JointAnomaly""]","[0.9928203225135803, 0.007024794816970825, 0.0001541008532512933, 5.112779035698622e-07, 3.2484268785992754e-07]","{""Deformation"": 0.007024794816970825, ""DepositAttachment"": 0.9928203225135803, ""JointAnomaly"": 3.2484268785992754e-07, ""Normal"": 0.0001541008532512933, ""Roots"": 9.362574049376349e-10, ""WallDamage"": 5.112779035698622e-07}"
179,00329490,val,DepositAttachment,1,val/DepositAttachment/00329490.png,C:\Users\ASUS\Desktop\YOLOv11\YOLO-CV\data\sewerml_cls6_train7200\val\DepositAttachment\00329490.png,Deformation,0,0,1,0.9922232031822205,Normal,0.00549395801499486,DepositAttachment,0.0009956335416063666,0.9867292451672256,0.05276933902113777,0.029451128863782382,0.00549395801499486,0.9945060419850051,0.9945060419850051,352,288,1.222222,179,"[""Deformation"", ""Normal"", ""DepositAttachment"", ""JointAnomaly"", ""WallDamage""]","[0.9922232031822205, 0.00549395801499486, 0.0009956335416063666, 0.0009214812889695168, 0.0002656289143487811]","{""Deformation"": 0.9922232031822205, ""DepositAttachment"": 0.0009956335416063666, ""JointAnomaly"": 0.0009214812889695168, ""Normal"": 0.00549395801499486, ""Roots"": 0.00010011979611590505, ""WallDamage"": 0.0002656289143487811}"
573,00431562,val,Roots,4,val/Roots/00431562.png,C:\Users\ASUS\Desktop\YOLOv11\YOLO-CV\data\sewerml_cls6_train7200\val\Roots\00431562.png,JointAnomaly,2,0,1,0.9920199513435364,DepositAttachment,0.004113027825951576,Roots,0.003487701527774334,0.9879069235175848,0.05368203105711613,0.029960511987830597,0.00012376891390886158,0.9998762310860911,0.9998762310860911,352,288,1.222222,573,"[""JointAnomaly"", ""DepositAttachment"", ""Roots"", ""Deformation"", ""Normal""]","[0.9920199513435364, 0.004113027825951576, 0.003487701527774334, 0.00013922402285970747, 0.00012376891390886158]","{""Deformation"": 0.00013922402285970747, ""DepositAttachment"": 0.004113027825951576, ""JointAnomaly"": 0.9920199513435364, ""Normal"": 0.00012376891390886158, ""Roots"": 0.003487701527774334, ""WallDamage"": 0.00011630029621301219}"
253,00033016,val,JointAnomaly,2,val/JointAnomaly/00033016.png,C:\Users\ASUS\Desktop\YOLOv11\YOLO-CV\data\sewerml_cls6_train7200\val\JointAnomaly\00033016.png,Roots,4,0,1,0.9910231828689575,JointAnomaly,0.00897245667874813,WallDamage,4.092906692676479e-06,0.9820507261902094,0.05128489007632825,0.0286226421331114,5.366828759179043e-08,0.9999999463317124,0.9999999463317124,720,576,1.25,253,"[""Roots"", ""JointAnomaly"", ""WallDamage"", ""DepositAttachment"", ""Normal""]","[0.9910231828689575, 0.00897245667874813, 4.092906692676479e-06, 2.725248293700133e-07, 5.366828759179043e-08]","{""Deformation"": 8.414585472849012e-09, ""DepositAttachment"": 2.725248293700133e-07, ""JointAnomaly"": 0.00897245667874813, ""Normal"": 5.366828759179043e-08, ""Roots"": 0.9910231828689575, ""WallDamage"": 4.092906692676479e-06}"
522,00170301,val,Roots,4,val/Roots/00170301.png,C:\Users\ASUS\Desktop\YOLOv11\YOLO-CV\data\sewerml_cls6_train7200\val\Roots\00170301.png,WallDamage,5,0,1,0.990744411945343,Roots,0.005237871780991554,DepositAttachment,0.0037621413357555866,0.9855065401643515,0.06004757019909301,0.033513187026695805,5.284286817186512e-05,0.9999471571318281,0.9999471571318281,720,576,1.25,522,"[""WallDamage"", ""Roots"", ""DepositAttachment"", ""Deformation"", ""Normal""]","[0.990744411945343, 0.005237871780991554, 0.0037621413357555866, 0.0001765520719345659, 5.284286817186512e-05]","{""Deformation"": 0.0001765520719345659, ""DepositAttachment"": 0.0037621413357555866, ""JointAnomaly"": 2.6280691599822603e-05, ""Normal"": 5.284286817186512e-05, ""Roots"": 0.005237871780991554, ""WallDamage"": 0.990744411945343}"
311,00421566,val,JointAnomaly,2,val/JointAnomaly/00421566.png,C:\Users\ASUS\Desktop\YOLOv11\YOLO-CV\data\sewerml_cls6_train7200\val\JointAnomaly\00421566.png,WallDamage,5,0,1,0.9895727038383484,DepositAttachment,0.009341944940388203,Normal,0.0010532625019550323,0.9802307588979602,0.06159804492631137,0.03437852344815552,0.0010532625019550323,0.998946737498045,0.998946737498045,352,288,1.222222,311,"[""WallDamage"", ""DepositAttachment"", ""Normal"", ""JointAnomaly"", ""Roots""]","[0.9895727038383484, 0.009341944940388203, 0.0010532625019550323, 2.5282673959736712e-05, 6.613052391912788e-06]","{""Deformation"": 3.6437700856595256e-08, ""DepositAttachment"": 0.009341944940388203, ""JointAnomaly"": 2.5282673959736712e-05, ""Normal"": 0.0010532625019550323, ""Roots"": 6.613052391912788e-06, ""WallDamage"": 0.9895727038383484}"
665,00400116,val,WallDamage,5,val/WallDamage/00400116.png,C:\Users\ASUS\Desktop\YOLOv11\YOLO-CV\data\sewerml_cls6_train7200\val\WallDamage\00400116.png,DepositAttachment,1,0,1,0.9895497560501099,JointAnomaly,0.006565227638930082,WallDamage,0.0035133124329149723,0.9829845284111798,0.06649942208020854,0.037114034122481036,3.2058393117040396e-05,0.999967941606883,0.999967941606883,352,288,1.222222,665,"[""DepositAttachment"", ""JointAnomaly"", ""WallDamage"", ""Roots"", ""Deformation""]","[0.9895497560501099, 0.006565227638930082, 0.0035133124329149723, 0.00023695854179095477, 0.00010269825725117698]","{""Deformation"": 0.00010269825725117698, ""DepositAttachment"": 0.9895497560501099, ""JointAnomaly"": 0.006565227638930082, ""Normal"": 3.2058393117040396e-05, ""Roots"": 0.00023695854179095477, ""WallDamage"": 0.0035133124329149723}"
309,00419658,val,JointAnomaly,2,val/JointAnomaly/00419658.png,C:\Users\ASUS\Desktop\YOLOv11\YOLO-CV\data\sewerml_cls6_train7200\val\JointAnomaly\00419658.png,WallDamage,5,0,1,0.9893084764480591,JointAnomaly,0.010328216478228569,Roots,0.0003570112166926265,0.9789802599698305,0.060773471643170526,0.03391832033646436,2.1383972637067927e-07,0.9999997861602736,0.9999997861602736,352,288,1.222222,309,"[""WallDamage"", ""JointAnomaly"", ""Roots"", ""DepositAttachment"", ""Normal""]","[0.9893084764480591, 0.010328216478228569, 0.0003570112166926265, 6.033324098098092e-06, 2.1383972637067927e-07]","{""Deformation"": 2.6666269019315347e-12, ""DepositAttachment"": 6.033324098098092e-06, ""JointAnomaly"": 0.010328216478228569, ""Normal"": 2.1383972637067927e-07, ""Roots"": 0.0003570112166926265, ""WallDamage"": 0.9893084764480591}"
552,00362635,val,Roots,4,val/Roots/00362635.png,C:\Users\ASUS\Desktop\YOLOv11\YOLO-CV\data\sewerml_cls6_train7200\val\Roots\00362635.png,JointAnomaly,2,0,1,0.9891246557235718,Roots,0.006029761396348476,DepositAttachment,0.004672962240874767,0.9830948943272233,0.06829757250659438,0.038117600983584625,2.0646635675802827e-05,0.9999793533643242,0.9999793533643242,352,288,1.222222,552,"[""JointAnomaly"", ""Roots"", ""DepositAttachment"", ""Deformation"", ""Normal""]","[0.9891246557235718, 0.006029761396348476, 0.004672962240874767, 0.0001445329689886421, 2.0646635675802827e-05]","{""Deformation"": 0.0001445329689886421, ""DepositAttachment"": 0.004672962240874767, ""JointAnomaly"": 0.9891246557235718, ""Normal"": 2.0646635675802827e-05, ""Roots"": 0.006029761396348476, ""WallDamage"": 7.411405022139661e-06}"
180,00329491,val,DepositAttachment,1,val/DepositAttachment/00329491.png,C:\Users\ASUS\Desktop\YOLOv11\YOLO-CV\data\sewerml_cls6_train7200\val\DepositAttachment\00329491.png,Deformation,0,0,1,0.9887771010398865,WallDamage,0.010952088981866837,JointAnomaly,0.00021597596060018986,0.9778250120580196,0.06299023019033267,0.03515551683813386,1.1717111192410812e-05,0.9999882828888076,0.9999882828888076,352,288,1.222222,180,"[""Deformation"", ""WallDamage"", ""JointAnomaly"", ""DepositAttachment"", ""Normal""]","[0.9887771010398865, 0.010952088981866837, 0.00021597596060018986, 4.316657214076258e-05, 1.1717111192410812e-05]","{""Deformation"": 0.9887771010398865, ""DepositAttachment"": 4.316657214076258e-05, ""JointAnomaly"": 0.00021597596060018986, ""Normal"": 1.1717111192410812e-05, ""Roots"": 3.2126315829827945e-08, ""WallDamage"": 0.010952088981866837}"
445,00432761,val,Normal,3,val/Normal/00432761.png,C:\Users\ASUS\Desktop\YOLOv11\YOLO-CV\data\sewerml_cls6_train7200\val\Normal\00432761.png,WallDamage,5,0,1,0.9880161881446838,Deformation,0.005752056837081909,Roots,0.0034833350218832493,0.9822641313076019,0.0790603788358572,0.044124437567459235,0.002246205462142825,0.9977537945378572,0.9977537945378572,352,288,1.222222,445,"[""WallDamage"", ""Deformation"", ""Roots"", ""Normal"", ""JointAnomaly""]","[0.9880161881446838, 0.005752056837081909, 0.0034833350218832493, 0.002246205462142825, 0.0004027519898954779]","{""Deformation"": 0.005752056837081909, ""DepositAttachment"": 9.946680074790493e-05, ""JointAnomaly"": 0.0004027519898954779, ""Normal"": 0.002246205462142825, ""Roots"": 0.0034833350218832493, ""WallDamage"": 0.9880161881446838}"
52,00282390,val,Deformation,0,val/Deformation/00282390.png,C:\Users\ASUS\Desktop\YOLOv11\YOLO-CV\data\sewerml_cls6_train7200\val\Deformation\00282390.png,WallDamage,5,0,1,0.9875668287277222,DepositAttachment,0.012425776571035385,Deformation,7.357567938015563e-06,0.9751410521566868,0.06696677234757621,0.0373748672730205,5.216758691695134e-10,0.9999999994783242,0.9999999994783242,352,288,1.222222,52,"[""WallDamage"", ""DepositAttachment"", ""Deformation"", ""JointAnomaly"", ""Normal""]","[0.9875668287277222, 0.012425776571035385, 7.357567938015563e-06, 8.11538658496147e-09, 5.216758691695134e-10]","{""Deformation"": 7.357567938015563e-06, ""DepositAttachment"": 0.012425776571035385, ""JointAnomaly"": 8.11538658496147e-09, ""Normal"": 5.216758691695134e-10, ""Roots"": 6.778402145135587e-11, ""WallDamage"": 0.9875668287277222}"
527,00280409,val,Roots,4,val/Roots/00280409.png,C:\Users\ASUS\Desktop\YOLOv11\YOLO-CV\data\sewerml_cls6_train7200\val\Roots\00280409.png,JointAnomaly,2,0,1,0.9864625334739685,Roots,0.012848650105297565,WallDamage,0.0006851586513221264,0.9736138833686709,0.07443377966380152,0.04154228340474175,5.357937382655109e-08,0.9999999464206262,0.9999999464206262,352,288,1.222222,527,"[""JointAnomaly"", ""Roots"", ""WallDamage"", ""DepositAttachment"", ""Normal""]","[0.9864625334739685, 0.012848650105297565, 0.0006851586513221264, 3.652008672361262e-06, 5.357937382655109e-08]","{""Deformation"": 5.834638550084037e-09, ""DepositAttachment"": 3.652008672361262e-06, ""JointAnomaly"": 0.9864625334739685, ""Normal"": 5.357937382655109e-08, ""Roots"": 0.012848650105297565, ""WallDamage"": 0.0006851586513221264}"
688,00463949,val,WallDamage,5,val/WallDamage/00463949.png,C:\Users\ASUS\Desktop\YOLOv11\YOLO-CV\data\sewerml_cls6_train7200\val\WallDamage\00463949.png,Roots,4,0,1,0.9864577651023865,DepositAttachment,0.006841815542429686,WallDamage,0.006323940120637417,0.9796159495599568,0.0825570855345912,0.04607598673395561,1.8169323539041216e-06,0.9999981830676461,0.9999981830676461,352,288,1.222222,688,"[""Roots"", ""DepositAttachment"", ""WallDamage"", ""JointAnomaly"", ""Normal""]","[0.9864577651023865, 0.006841815542429686, 0.006323940120637417, 0.00037447980139404535, 1.8169323539041216e-06]","{""Deformation"": 2.065232536097028e-07, ""DepositAttachment"": 0.006841815542429686, ""JointAnomaly"": 0.00037447980139404535, ""Normal"": 1.8169323539041216e-06, ""Roots"": 0.9864577651023865, ""WallDamage"": 0.006323940120637417}"
157,00161427,val,DepositAttachment,1,val/DepositAttachment/00161427.png,C:\Users\ASUS\Desktop\YOLOv11\YOLO-CV\data\sewerml_cls6_train7200\val\DepositAttachment\00161427.png,WallDamage,5,0,1,0.9856431484222412,DepositAttachment,0.01203879527747631,JointAnomaly,0.002174225402995944,0.9736043531447649,0.08213470607475001,0.045840252268981266,0.00011545213783392683,0.9998845478621661,0.9998845478621661,720,576,1.25,157,"[""WallDamage"", ""DepositAttachment"", ""JointAnomaly"", ""Normal"", ""Roots""]","[0.9856431484222412, 0.01203879527747631, 0.002174225402995944, 0.00011545213783392683, 2.8122882213210687e-05]","{""Deformation"": 1.7215683101312607e-07, ""DepositAttachment"": 0.01203879527747631, ""JointAnomaly"": 0.002174225402995944, ""Normal"": 0.00011545213783392683, ""Roots"": 2.8122882213210687e-05, ""WallDamage"": 0.9856431484222412}"
612,00040505,val,WallDamage,5,val/WallDamage/00040505.png,C:\Users\ASUS\Desktop\YOLOv11\YOLO-CV\data\sewerml_cls6_train7200\val\WallDamage\00040505.png,JointAnomaly,2,0,1,0.9855806231498718,Normal,0.0098643209785223,Deformation,0.0023578102700412273,0.9757163021713495,0.08885059508030234,0.04958846128971871,0.0098643209785223,0.9901356790214777,0.9901356790214777,720,576,1.25,612,"[""JointAnomaly"", ""Normal"", ""Deformation"", ""WallDamage"", ""DepositAttachment""]","[0.9855806231498718, 0.0098643209785223, 0.0023578102700412273, 0.001710216049104929, 0.0004619109386112541]","{""Deformation"": 0.0023578102700412273, ""DepositAttachment"": 0.0004619109386112541, ""JointAnomaly"": 0.9855806231498718, ""Normal"": 0.0098643209785223, ""Roots"": 2.5080404157051817e-05, ""WallDamage"": 0.001710216049104929}"
206,00413089,val,DepositAttachment,1,val/DepositAttachment/00413089.png,C:\Users\ASUS\Desktop\YOLOv11\YOLO-CV\data\sewerml_cls6_train7200\val\DepositAttachment\00413089.png,Deformation,0,0,1,0.9854910373687744,DepositAttachment,0.007218285463750362,Normal,0.007042285054922104,0.978272751905024,0.08712818499295681,0.048627165916692104,0.007042285054922104,0.9929577149450779,0.9929577149450779,352,288,1.222222,206,"[""Deformation"", ""DepositAttachment"", ""Normal"", ""JointAnomaly"", ""Roots""]","[0.9854910373687744, 0.007218285463750362, 0.007042285054922104, 0.0001652329956414178, 8.134126983350143e-05]","{""Deformation"": 0.9854910373687744, ""DepositAttachment"": 0.007218285463750362, ""JointAnomaly"": 0.0001652329956414178, ""Normal"": 0.007042285054922104, ""Roots"": 8.134126983350143e-05, ""WallDamage"": 1.935426098498283e-06}"
318,00426292,val,JointAnomaly,2,val/JointAnomaly/00426292.png,C:\Users\ASUS\Desktop\YOLOv11\YOLO-CV\data\sewerml_cls6_train7200\val\JointAnomaly\00426292.png,DepositAttachment,1,0,1,0.9832859635353088,JointAnomaly,0.008162609301507473,WallDamage,0.0059244162403047085,0.9751233542338014,0.103425935353323,0.057723113581691896,0.0006713318871334195,0.9993286681128666,0.9993286681128666,352,288,1.222222,318,"[""DepositAttachment"", ""JointAnomaly"", ""WallDamage"", ""Deformation"", ""Normal""]","[0.9832859635353088, 0.008162609301507473, 0.0059244162403047085, 0.0019344284664839506, 0.0006713318871334195]","{""Deformation"": 0.0019344284664839506, ""DepositAttachment"": 0.9832859635353088, ""JointAnomaly"": 0.008162609301507473, ""Normal"": 0.0006713318871334195, ""Roots"": 2.133537236659322e-05, ""WallDamage"": 0.0059244162403047085}"
283,00303250,val,JointAnomaly,2,val/JointAnomaly/00303250.png,C:\Users\ASUS\Desktop\YOLOv11\YOLO-CV\data\sewerml_cls6_train7200\val\JointAnomaly\00303250.png,WallDamage,5,0,1,0.9817646741867065,DepositAttachment,0.014979706145823002,Roots,0.0024480298161506653,0.9667849680408835,0.10149099434011519,0.056643202440470775,3.1002309697214514e-06,0.9999968997690303,0.9999968997690303,352,288,1.222222,283,"[""WallDamage"", ""DepositAttachment"", ""Roots"", ""JointAnomaly"", ""Normal""]","[0.9817646741867065, 0.014979706145823002, 0.0024480298161506653, 0.0008043627603910863, 3.1002309697214514e-06]","{""Deformation"": 1.8276374191827927e-07, ""DepositAttachment"": 0.014979706145823002, ""JointAnomaly"": 0.0008043627603910863, ""Normal"": 3.1002309697214514e-06, ""Roots"": 0.0024480298161506653, ""WallDamage"": 0.9817646741867065}"
296,00353781,val,JointAnomaly,2,val/JointAnomaly/00353781.png,C:\Users\ASUS\Desktop\YOLOv11\YOLO-CV\data\sewerml_cls6_train7200\val\JointAnomaly\00353781.png,WallDamage,5,0,1,0.980577826499939,DepositAttachment,0.013206560164690018,Roots,0.004104010760784149,0.967371266335249,0.11203604785555221,0.06252850886498777,1.6322821466019377e-05,0.999983677178534,0.999983677178534,352,288,1.222222,296,"[""WallDamage"", ""DepositAttachment"", ""Roots"", ""JointAnomaly"", ""Normal""]","[0.980577826499939, 0.013206560164690018, 0.004104010760784149, 0.0020952322520315647, 1.6322821466019377e-05]","{""Deformation"": 4.73007455426e-09, ""DepositAttachment"": 0.013206560164690018, ""JointAnomaly"": 0.0020952322520315647, ""Normal"": 1.6322821466019377e-05, ""Roots"": 0.004104010760784149, ""WallDamage"": 0.980577826499939}"
359,00511165,val,JointAnomaly,2,val/JointAnomaly/00511165.png,C:\Users\ASUS\Desktop\YOLOv11\YOLO-CV\data\sewerml_cls6_train7200\val\JointAnomaly\00511165.png,Deformation,0,0,1,0.9793771505355835,Normal,0.018353765830397606,DepositAttachment,0.001483050873503089,0.9610233847051859,0.10924343737422353,0.06096992327953984,0.018353765830397606,0.9816462341696024,0.9816462341696024,352,288,1.222222,359,"[""Deformation"", ""Normal"", ""DepositAttachment"", ""JointAnomaly"", ""Roots""]","[0.9793771505355835, 0.018353765830397606, 0.001483050873503089, 0.0007445437368005514, 3.635016764746979e-05]","{""Deformation"": 0.9793771505355835, ""DepositAttachment"": 0.001483050873503089, ""JointAnomaly"": 0.0007445437368005514, ""Normal"": 0.018353765830397606, ""Roots"": 3.635016764746979e-05, ""WallDamage"": 5.212050382397138e-06}"
528,00291426,val,Roots,4,val/Roots/00291426.png,C:\Users\ASUS\Desktop\YOLOv11\YOLO-CV\data\sewerml_cls6_train7200\val\Roots\00291426.png,WallDamage,5,0,1,0.9768356084823608,Roots,0.023074237629771233,JointAnomaly,8.39019485283643e-05,0.9537613708525896,0.1107283915257194,0.06179869197143107,4.202140644338215e-06,0.9999957978593557,0.9999957978593557,480,576,0.833333,528,"[""WallDamage"", ""Roots"", ""JointAnomaly"", ""Normal"", ""DepositAttachment""]","[0.9768356084823608, 0.023074237629771233, 8.39019485283643e-05, 4.202140644338215e-06, 2.0313304958108347e-06]","{""Deformation"": 3.2545500516789616e-08, ""DepositAttachment"": 2.0313304958108347e-06, ""JointAnomaly"": 8.39019485283643e-05, ""Normal"": 4.202140644338215e-06, ""Roots"": 0.023074237629771233, ""WallDamage"": 0.9768356084823608}"
332,00449708,val,JointAnomaly,2,val/JointAnomaly/00449708.png,C:\Users\ASUS\Desktop\YOLOv11\YOLO-CV\data\sewerml_cls6_train7200\val\JointAnomaly\00449708.png,Roots,4,0,1,0.9756307601928711,JointAnomaly,0.023117592558264732,DepositAttachment,0.0008936115773394704,0.9525131676346064,0.12037606069379934,0.06718315865558733,8.476906259602401e-06,0.9999915230937404,0.9999915230937404,352,288,1.222222,332,"[""Roots"", ""JointAnomaly"", ""DepositAttachment"", ""WallDamage"", ""Deformation""]","[0.9756307601928711, 0.023117592558264732, 0.0008936115773394704, 0.00033370559685863554, 1.580547177582048e-05]","{""Deformation"": 1.580547177582048e-05, ""DepositAttachment"": 0.0008936115773394704, ""JointAnomaly"": 0.023117592558264732, ""Normal"": 8.476906259602401e-06, ""Roots"": 0.9756307601928711, ""WallDamage"": 0.00033370559685863554}"
367,00022696,val,Normal,3,val/Normal/00022696.png,C:\Users\ASUS\Desktop\YOLOv11\YOLO-CV\data\sewerml_cls6_train7200\val\Normal\00022696.png,Roots,4,0,0,0.9747264385223389,JointAnomaly,0.02526755817234516,DepositAttachment,3.375235110070207e-06,0.9494588803499937,0.11796944722419156,0.06584000210419785,1.5026795097128343e-07,0.999999849732049,0.999999849732049,720,576,1.25,367,"[""Roots"", ""JointAnomaly"", ""DepositAttachment"", ""Deformation"", ""WallDamage""]","[0.9747264385223389, 0.02526755817234516, 3.375235110070207e-06, 2.1246391952445265e-06, 3.6124049529462354e-07]","{""Deformation"": 2.1246391952445265e-06, ""DepositAttachment"": 3.375235110070207e-06, ""JointAnomaly"": 0.02526755817234516, ""Normal"": 1.5026795097128343e-07, ""Roots"": 0.9747264385223389, ""WallDamage"": 3.6124049529462354e-07}"
291,00335511,val,JointAnomaly,2,val/JointAnomaly/00335511.png,C:\Users\ASUS\Desktop\YOLOv11\YOLO-CV\data\sewerml_cls6_train7200\val\JointAnomaly\00335511.png,Roots,4,0,1,0.9740610718727112,JointAnomaly,0.01543613150715828,WallDamage,0.010485079139471054,0.9586249403655529,0.1379684419964705,0.07700165360694956,9.713192383742353e-08,0.9999999028680762,0.9999999028680762,352,288,1.222222,291,"[""Roots"", ""JointAnomaly"", ""WallDamage"", ""DepositAttachment"", ""Normal""]","[0.9740610718727112, 0.01543613150715828, 0.010485079139471054, 1.7629412468522787e-05, 9.713192383742353e-08]","{""Deformation"": 3.693074290822551e-08, ""DepositAttachment"": 1.7629412468522787e-05, ""JointAnomaly"": 0.01543613150715828, ""Normal"": 9.713192383742353e-08, ""Roots"": 0.9740610718727112, ""WallDamage"": 0.010485079139471054}"
24,00040558,val,Deformation,0,val/Deformation/00040558.png,C:\Users\ASUS\Desktop\YOLOv11\YOLO-CV\data\sewerml_cls6_train7200\val\Deformation\00040558.png,Normal,3,0,1,0.9734112620353699,Deformation,0.010377459228038788,DepositAttachment,0.009668092243373394,0.9630338028073311,0.15311287684706426,0.085453923630179,0.9734112620353699,0.026588737964630127,0.026588737964630127,720,576,1.25,24,"[""Normal"", ""Deformation"", ""DepositAttachment"", ""WallDamage"", ""JointAnomaly""]","[0.9734112620353699, 0.010377459228038788, 0.009668092243373394, 0.006068388931453228, 0.000472255633212626]","{""Deformation"": 0.010377459228038788, ""DepositAttachment"": 0.009668092243373394, ""JointAnomaly"": 0.000472255633212626, ""Normal"": 0.9734112620353699, ""Roots"": 2.4935961846495047e-06, ""WallDamage"": 0.006068388931453228}"
5,00019357,val,Deformation,0,val/Deformation/00019357.png,C:\Users\ASUS\Desktop\YOLOv11\YOLO-CV\data\sewerml_cls6_train7200\val\Deformation\00019357.png,JointAnomaly,2,0,1,0.9714688062667847,DepositAttachment,0.025229601189494133,Normal,0.002052654977887869,0.9462392050772905,0.14235709549233402,0.07945100775924228,0.002052654977887869,0.9979473450221121,0.9979473450221121,720,576,1.25,5,"[""JointAnomaly"", ""DepositAttachment"", ""Normal"", ""Deformation"", ""WallDamage""]","[0.9714688062667847, 0.025229601189494133, 0.002052654977887869, 0.0011706186924129725, 4.2154813854722306e-05]","{""Deformation"": 0.0011706186924129725, ""DepositAttachment"": 0.025229601189494133, ""JointAnomaly"": 0.9714688062667847, ""Normal"": 0.002052654977887869, ""Roots"": 3.6051005736226216e-05, ""WallDamage"": 4.2154813854722306e-05}"
275,00285701,val,JointAnomaly,2,val/JointAnomaly/00285701.png,C:\Users\ASUS\Desktop\YOLOv11\YOLO-CV\data\sewerml_cls6_train7200\val\JointAnomaly\00285701.png,WallDamage,5,0,1,0.9703682065010071,DepositAttachment,0.029341114684939384,JointAnomaly,0.00027997803408652544,0.9410270918160677,0.1351390164794607,0.07542252115887113,1.801324756023348e-09,0.9999999981986752,0.9999999981986752,352,288,1.222222,275,"[""WallDamage"", ""DepositAttachment"", ""JointAnomaly"", ""Roots"", ""Deformation""]","[0.9703682065010071, 0.029341114684939384, 0.00027997803408652544, 1.066560889739776e-05, 7.887560826702611e-09]","{""Deformation"": 7.887560826702611e-09, ""DepositAttachment"": 0.029341114684939384, ""JointAnomaly"": 0.00027997803408652544, ""Normal"": 1.801324756023348e-09, ""Roots"": 1.066560889739776e-05, ""WallDamage"": 0.9703682065010071}"
190,00361697,val,DepositAttachment,1,val/DepositAttachment/00361697.png,C:\Users\ASUS\Desktop\YOLOv11\YOLO-CV\data\sewerml_cls6_train7200\val\DepositAttachment\00361697.png,JointAnomaly,2,0,1,0.9694811105728149,Roots,0.02730335295200348,WallDamage,0.002736109308898449,0.9421777576208115,0.14829702802270506,0.08276614722543979,3.318956078146584e-05,0.9999668104392185,0.9999668104392185,352,288,1.222222,190,"[""JointAnomaly"", ""Roots"", ""WallDamage"", ""DepositAttachment"", ""Normal""]","[0.9694811105728149, 0.02730335295200348, 0.002736109308898449, 0.00044551282189786434, 3.318956078146584e-05]","{""Deformation"": 6.94147104240983e-07, ""DepositAttachment"": 0.00044551282189786434, ""JointAnomaly"": 0.9694811105728149, ""Normal"": 3.318956078146584e-05, ""Roots"": 0.02730335295200348, ""WallDamage"": 0.002736109308898449}"
215,00426326,val,DepositAttachment,1,val/DepositAttachment/00426326.png,C:\Users\ASUS\Desktop\YOLOv11\YOLO-CV\data\sewerml_cls6_train7200\val\DepositAttachment\00426326.png,JointAnomaly,2,0,1,0.9678143262863159,Roots,0.01601075753569603,WallDamage,0.015884622931480408,0.9518035687506199,0.16626098011888663,0.09279201978517627,3.694769839057699e-05,0.9999630523016094,0.9999630523016094,352,288,1.222222,215,"[""JointAnomaly"", ""Roots"", ""WallDamage"", ""DepositAttachment"", ""Deformation""]","[0.9678143262863159, 0.01601075753569603, 0.015884622931480408, 0.00020237031276337802, 5.095549931866117e-05]","{""Deformation"": 5.095549931866117e-05, ""DepositAttachment"": 0.00020237031276337802, ""JointAnomaly"": 0.9678143262863159, ""Normal"": 3.694769839057699e-05, ""Roots"": 0.01601075753569603, ""WallDamage"": 0.015884622931480408}"
671,00414217,val,WallDamage,5,val/WallDamage/00414217.png,C:\Users\ASUS\Desktop\YOLOv11\YOLO-CV\data\sewerml_cls6_train7200\val\WallDamage\00414217.png,Deformation,0,0,0,0.9671962261199951,JointAnomaly,0.016929086297750473,Roots,0.015486868098378181,0.9502671398222446,0.16918919787013734,0.0944262892290053,0.0002775737957563251,0.9997224262042437,0.9997224262042437,352,288,1.222222,671,"[""Deformation"", ""JointAnomaly"", ""Roots"", ""Normal"", ""DepositAttachment""]","[0.9671962261199951, 0.016929086297750473, 0.015486868098378181, 0.0002775737957563251, 8.741381316212937e-05]","{""Deformation"": 0.9671962261199951, ""DepositAttachment"": 8.741381316212937e-05, ""JointAnomaly"": 0.016929086297750473, ""Normal"": 0.0002775737957563251, ""Roots"": 0.015486868098378181, ""WallDamage"": 2.2911091946298257e-05}"
324,00435855,val,JointAnomaly,2,val/JointAnomaly/00435855.png,C:\Users\ASUS\Desktop\YOLOv11\YOLO-CV\data\sewerml_cls6_train7200\val\JointAnomaly\00435855.png,Roots,4,0,1,0.9665366411209106,JointAnomaly,0.03311661630868912,DepositAttachment,0.00020092145132366568,0.9334200248122215,0.14875112493767553,0.08301958353916895,1.2178142583252338e-07,0.9999998782185742,0.9999998782185742,352,288,1.222222,324,"[""Roots"", ""JointAnomaly"", ""DepositAttachment"", ""WallDamage"", ""Deformation""]","[0.9665366411209106, 0.03311661630868912, 0.00020092145132366568, 0.00014557235408574343, 2.2515816056056792e-07]","{""Deformation"": 2.2515816056056792e-07, ""DepositAttachment"": 0.00020092145132366568, ""JointAnomaly"": 0.03311661630868912, ""Normal"": 1.2178142583252338e-07, ""Roots"": 0.9665366411209106, ""WallDamage"": 0.00014557235408574343}"
433,00393811,val,Normal,3,val/Normal/00393811.png,C:\Users\ASUS\Desktop\YOLOv11\YOLO-CV\data\sewerml_cls6_train7200\val\Normal\00393811.png,WallDamage,5,0,1,0.966278076171875,JointAnomaly,0.022905971854925156,Roots,0.0093239676207304,0.9433721043169498,0.17369847246469294,0.09694296329826435,0.00030082781449891627,0.9996991721855011,0.9996991721855011,352,288,1.222222,433,"[""WallDamage"", ""JointAnomaly"", ""Roots"", ""DepositAttachment"", ""Normal""]","[0.966278076171875, 0.022905971854925156, 0.0093239676207304, 0.0011910845059901476, 0.00030082781449891627]","{""Deformation"": 3.1238268860533935e-08, ""DepositAttachment"": 0.0011910845059901476, ""JointAnomaly"": 0.022905971854925156, ""Normal"": 0.00030082781449891627, ""Roots"": 0.0093239676207304, ""WallDamage"": 0.966278076171875}"
585,00443903,val,Roots,4,val/Roots/00443903.png,C:\Users\ASUS\Desktop\YOLOv11\YOLO-CV\data\sewerml_cls6_train7200\val\Roots\00443903.png,JointAnomaly,2,0,1,0.9661576747894287,DepositAttachment,0.01791461929678917,Roots,0.00756731117144227,0.9482430554926395,0.1858677057343114,0.1037347417030194,0.001283907564356923,0.9987160924356431,0.9987160924356431,352,288,1.222222,585,"[""JointAnomaly"", ""DepositAttachment"", ""Roots"", ""WallDamage"", ""Normal""]","[0.9661576747894287, 0.01791461929678917, 0.00756731117144227, 0.007075625006109476, 0.001283907564356923]","{""Deformation"": 7.993496069502726e-07, ""DepositAttachment"": 0.01791461929678917, ""JointAnomaly"": 0.9661576747894287, ""Normal"": 0.001283907564356923, ""Roots"": 0.00756731117144227, ""WallDamage"": 0.007075625006109476}"
475,00508667,val,Normal,3,val/Normal/00508667.png,C:\Users\ASUS\Desktop\YOLOv11\YOLO-CV\data\sewerml_cls6_train7200\val\Normal\00508667.png,DepositAttachment,1,0,1,0.9658984541893005,WallDamage,0.02558218315243721,Roots,0.008469469845294952,0.9403162710368633,0.16820202495519843,0.09387533753493432,5.047142508374236e-07,0.9999994952857492,0.9999994952857492,352,288,1.222222,475,"[""DepositAttachment"", ""WallDamage"", ""Roots"", ""JointAnomaly"", ""Normal""]","[0.9658984541893005, 0.02558218315243721, 0.008469469845294952, 4.943565363646485e-05, 5.047142508374236e-07]","{""Deformation"": 1.3377775331946395e-08, ""DepositAttachment"": 0.9658984541893005, ""JointAnomaly"": 4.943565363646485e-05, ""Normal"": 5.047142508374236e-07, ""Roots"": 0.008469469845294952, ""WallDamage"": 0.02558218315243721}"
676,00418088,val,WallDamage,5,val/WallDamage/00418088.png,C:\Users\ASUS\Desktop\YOLOv11\YOLO-CV\data\sewerml_cls6_train7200\val\WallDamage\00418088.png,Roots,4,0,1,0.9646218419075012,WallDamage,0.019912542775273323,JointAnomaly,0.015455769374966621,0.9447092991322279,0.17729801041998408,0.09895190368178688,7.298055152205052e-06,0.9999927019448478,0.9999927019448478,352,288,1.222222,676,"[""Roots"", ""WallDamage"", ""JointAnomaly"", ""Normal"", ""DepositAttachment""]","[0.9646218419075012, 0.019912542775273323, 0.015455769374966621, 7.298055152205052e-06, 2.6648820039554266e-06]","{""Deformation"": 3.455019048637098e-10, ""DepositAttachment"": 2.6648820039554266e-06, ""JointAnomaly"": 0.015455769374966621, ""Normal"": 7.298055152205052e-06, ""Roots"": 0.9646218419075012, ""WallDamage"": 0.019912542775273323}"
704,00467507,val,WallDamage,5,val/WallDamage/00467507.png,C:\Users\ASUS\Desktop\YOLOv11\YOLO-CV\data\sewerml_cls6_train7200\val\WallDamage\00467507.png,Normal,3,0,1,0.9632982015609741,WallDamage,0.024767599999904633,DepositAttachment,0.010647364892065525,0.9385306015610695,0.18458304009964227,0.10301775616074535,0.9632982015609741,0.03670179843902588,0.03670179843902588,352,288,1.222222,704,"[""Normal"", ""WallDamage"", ""DepositAttachment"", ""Deformation"", ""JointAnomaly""]","[0.9632982015609741, 0.024767599999904633, 0.010647364892065525, 0.0012809099862352014, 5.892924491490703e-06]","{""Deformation"": 0.0012809099862352014, ""DepositAttachment"": 0.010647364892065525, ""JointAnomaly"": 5.892924491490703e-06, ""Normal"": 0.9632982015609741, ""Roots"": 1.7477964631140708e-09, ""WallDamage"": 0.024767599999904633}"
505,00144326,val,Roots,4,val/Roots/00144326.png,C:\Users\ASUS\Desktop\YOLOv11\YOLO-CV\data\sewerml_cls6_train7200\val\Roots\00144326.png,JointAnomaly,2,0,1,0.9632185697555542,Roots,0.03274877369403839,DepositAttachment,0.003130584489554167,0.9304697960615158,0.17286651984702506,0.09647864170155677,0.0007375050336122513,0.9992624949663877,0.9992624949663877,720,576,1.25,505,"[""JointAnomaly"", ""Roots"", ""DepositAttachment"", ""Normal"", ""WallDamage""]","[0.9632185697555542, 0.03274877369403839, 0.003130584489554167, 0.0007375050336122513, 0.0001645475422265008]","{""Deformation"": 1.3873703963440676e-08, ""DepositAttachment"": 0.003130584489554167, ""JointAnomaly"": 0.9632185697555542, ""Normal"": 0.0007375050336122513, ""Roots"": 0.03274877369403839, ""WallDamage"": 0.0001645475422265008}"
701,00467230,val,WallDamage,5,val/WallDamage/00467230.png,C:\Users\ASUS\Desktop\YOLOv11\YOLO-CV\data\sewerml_cls6_train7200\val\WallDamage\00467230.png,DepositAttachment,1,0,1,0.9625694751739502,WallDamage,0.02081926167011261,Normal,0.015075667761266232,0.9417502135038376,0.19125648786538285,0.10674227827453985,0.015075667761266232,0.9849243322387338,0.9849243322387338,352,288,1.222222,701,"[""DepositAttachment"", ""WallDamage"", ""Normal"", ""JointAnomaly"", ""Roots""]","[0.9625694751739502, 0.02081926167011261, 0.015075667761266232, 0.0012494794791564345, 0.00028587874840013683]","{""Deformation"": 1.74748237213862e-07, ""DepositAttachment"": 0.9625694751739502, ""JointAnomaly"": 0.0012494794791564345, ""Normal"": 0.015075667761266232, ""Roots"": 0.00028587874840013683, ""WallDamage"": 0.02081926167011261}"
326,00437404,val,JointAnomaly,2,val/JointAnomaly/00437404.png,C:\Users\ASUS\Desktop\YOLOv11\YOLO-CV\data\sewerml_cls6_train7200\val\JointAnomaly\00437404.png,WallDamage,5,0,1,0.9589176774024963,DepositAttachment,0.027257416397333145,JointAnomaly,0.01287220697849989,0.9316602610051632,0.2013820535600813,0.11239346408859381,9.37076038098894e-05,0.9999062923961901,0.9999062923961901,352,288,1.222222,326,"[""WallDamage"", ""DepositAttachment"", ""JointAnomaly"", ""Roots"", ""Normal""]","[0.9589176774024963, 0.027257416397333145, 0.01287220697849989, 0.0008588606142438948, 9.37076038098894e-05]","{""Deformation"": 7.189748885139124e-08, ""DepositAttachment"": 0.027257416397333145, ""JointAnomaly"": 0.01287220697849989, ""Normal"": 9.37076038098894e-05, ""Roots"": 0.0008588606142438948, ""WallDamage"": 0.9589176774024963}"
605,00016784,val,WallDamage,5,val/WallDamage/00016784.png,C:\Users\ASUS\Desktop\YOLOv11\YOLO-CV\data\sewerml_cls6_train7200\val\WallDamage\00016784.png,DepositAttachment,1,0,1,0.9565885066986084,WallDamage,0.038649097084999084,JointAnomaly,0.00434874976053834,0.9179394096136093,0.19523563814032,0.10896308432762658,0.0003630637365859002,0.9996369362634141,0.9996369362634141,720,576,1.25,605,"[""DepositAttachment"", ""WallDamage"", ""JointAnomaly"", ""Normal"", ""Deformation""]","[0.9565885066986084, 0.038649097084999084, 0.00434874976053834, 0.0003630637365859002, 4.273699232726358e-05]","{""Deformation"": 4.273699232726358e-05, ""DepositAttachment"": 0.9565885066986084, ""JointAnomaly"": 0.00434874976053834, ""Normal"": 0.0003630637365859002, ""Roots"": 7.843787898309529e-06, ""WallDamage"": 0.038649097084999084}"
401,00326802,val,Normal,3,val/Normal/00326802.png,C:\Users\ASUS\Desktop\YOLOv11\YOLO-CV\data\sewerml_cls6_train7200\val\Normal\00326802.png,Roots,4,0,1,0.9563734531402588,WallDamage,0.022653920575976372,Normal,0.018185824155807495,0.9337195325642824,0.21836015241489018,0.12186912147810021,0.018185824155807495,0.9818141758441925,0.9818141758441925,352,288,1.222222,401,"[""Roots"", ""WallDamage"", ""Normal"", ""JointAnomaly"", ""DepositAttachment""]","[0.9563734531402588, 0.022653920575976372, 0.018185824155807495, 0.0026217480190098286, 0.00016415546997450292]","{""Deformation"": 9.184581699628325e-07, ""DepositAttachment"": 0.00016415546997450292, ""JointAnomaly"": 0.0026217480190098286, ""Normal"": 0.018185824155807495, ""Roots"": 0.9563734531402588, ""WallDamage"": 0.022653920575976372}"
629,00285207,val,WallDamage,5,val/WallDamage/00285207.png,C:\Users\ASUS\Desktop\YOLOv11\YOLO-CV\data\sewerml_cls6_train7200\val\WallDamage\00285207.png,Deformation,0,0,1,0.9546324014663696,WallDamage,0.04536735638976097,DepositAttachment,1.747452387235171e-07,0.9092650450766087,0.18464623157472132,0.10305302399449441,7.416373648538865e-08,0.9999999258362635,0.9999999258362635,480,576,0.833333,629,"[""Deformation"", ""WallDamage"", ""DepositAttachment"", ""Normal"", ""JointAnomaly""]","[0.9546324014663696, 0.04536735638976097, 1.747452387235171e-07, 7.416373648538865e-08, 8.79314221435834e-09]","{""Deformation"": 0.9546324014663696, ""DepositAttachment"": 1.747452387235171e-07, ""JointAnomaly"": 8.79314221435834e-09, ""Normal"": 7.416373648538865e-08, ""Roots"": 1.9206929380288784e-09, ""WallDamage"": 0.04536735638976097}"
718,00508893,val,WallDamage,5,val/WallDamage/00508893.png,C:\Users\ASUS\Desktop\YOLOv11\YOLO-CV\data\sewerml_cls6_train7200\val\WallDamage\00508893.png,DepositAttachment,1,0,0,0.9537034630775452,Deformation,0.04284094274044037,Roots,0.0034417721908539534,0.9108625203371048,0.19985353344371692,0.1115403807687535,2.6598258955345955e-06,0.9999973401741045,0.9999973401741045,480,576,0.833333,718,"[""DepositAttachment"", ""Deformation"", ""Roots"", ""JointAnomaly"", ""Normal""]","[0.9537034630775452, 0.04284094274044037, 0.0034417721908539534, 1.0757194104371592e-05, 2.6598258955345955e-06]","{""Deformation"": 0.04284094274044037, ""DepositAttachment"": 0.9537034630775452, ""JointAnomaly"": 1.0757194104371592e-05, ""Normal"": 2.6598258955345955e-06, ""Roots"": 0.0034417721908539534, ""WallDamage"": 5.047629088039685e-07}"
352,00500773,val,JointAnomaly,2,val/JointAnomaly/00500773.png,C:\Users\ASUS\Desktop\YOLOv11\YOLO-CV\data\sewerml_cls6_train7200\val\JointAnomaly\00500773.png,DepositAttachment,1,0,1,0.9531193971633911,JointAnomaly,0.04677591100335121,Normal,7.916449976619333e-05,0.9063434861600399,0.19003818089123473,0.10606232820586628,7.916449976619333e-05,0.9999208355002338,0.9999208355002338,352,288,1.222222,352,"[""DepositAttachment"", ""JointAnomaly"", ""Normal"", ""Roots"", ""WallDamage""]","[0.9531193971633911, 0.04677591100335121, 7.916449976619333e-05, 2.1878571715205908e-05, 2.920123961303034e-06]","{""Deformation"": 5.944995109530282e-07, ""DepositAttachment"": 0.9531193971633911, ""JointAnomaly"": 0.04677591100335121, ""Normal"": 7.916449976619333e-05, ""Roots"": 2.1878571715205908e-05, ""WallDamage"": 2.920123961303034e-06}"
431,00390345,val,Normal,3,val/Normal/00390345.png,C:\Users\ASUS\Desktop\YOLOv11\YOLO-CV\data\sewerml_cls6_train7200\val\Normal\00390345.png,Deformation,0,0,1,0.9505467414855957,Normal,0.0484495684504509,WallDamage,0.0009894301183521748,0.9020971730351448,0.20188654340293657,0.11267502523087851,0.0484495684504509,0.9515504315495491,0.9515504315495491,352,288,1.222222,431,"[""Deformation"", ""Normal"", ""WallDamage"", ""DepositAttachment"", ""JointAnomaly""]","[0.9505467414855957, 0.0484495684504509, 0.0009894301183521748, 1.2890629477624316e-05, 1.3131660807630396e-06]","{""Deformation"": 0.9505467414855957, ""DepositAttachment"": 1.2890629477624316e-05, ""JointAnomaly"": 1.3131660807630396e-06, ""Normal"": 0.0484495684504509, ""Roots"": 2.982176283694571e-08, ""WallDamage"": 0.0009894301183521748}"
536,00304921,val,Roots,4,val/Roots/00304921.png,C:\Users\ASUS\Desktop\YOLOv11\YOLO-CV\data\sewerml_cls6_train7200\val\Roots\00304921.png,JointAnomaly,2,0,1,0.9503819346427917,Roots,0.04583336040377617,DepositAttachment,0.003685397794470191,0.9045485742390156,0.21124166161385582,0.11789621611703563,4.12609779232298e-06,0.9999958739022077,0.9999958739022077,352,288,1.222222,536,"[""JointAnomaly"", ""Roots"", ""DepositAttachment"", ""WallDamage"", ""Normal""]","[0.9503819346427917, 0.04583336040377617, 0.003685397794470191, 9.515662532066926e-05, 4.12609779232298e-06]","{""Deformation"": 5.4510437830224134e-11, ""DepositAttachment"": 0.003685397794470191, ""JointAnomaly"": 0.9503819346427917, ""Normal"": 4.12609779232298e-06, ""Roots"": 0.04583336040377617, ""WallDamage"": 9.515662532066926e-05}"
598,00504381,val,Roots,4,val/Roots/00504381.png,C:\Users\ASUS\Desktop\YOLOv11\YOLO-CV\data\sewerml_cls6_train7200\val\Roots\00504381.png,WallDamage,5,0,1,0.9485591053962708,Roots,0.049448780715465546,JointAnomaly,0.001975700259208679,0.8991103246808052,0.21127290460952022,0.11791365316492122,1.0684017070161644e-05,0.9999893159829298,0.9999893159829298,480,576,0.833333,598,"[""WallDamage"", ""Roots"", ""JointAnomaly"", ""Normal"", ""DepositAttachment""]","[0.9485591053962708, 0.049448780715465546, 0.001975700259208679, 1.0684017070161644e-05, 5.823414994665654e-06]","{""Deformation"": 3.0034588149874253e-09, ""DepositAttachment"": 5.823414994665654e-06, ""JointAnomaly"": 0.001975700259208679, ""Normal"": 1.0684017070161644e-05, ""Roots"": 0.049448780715465546, ""WallDamage"": 0.9485591053962708}"
217,00436297,val,DepositAttachment,1,val/DepositAttachment/00436297.png,C:\Users\ASUS\Desktop\YOLOv11\YOLO-CV\data\sewerml_cls6_train7200\val\DepositAttachment\00436297.png,Roots,4,0,1,0.9425421357154846,JointAnomaly,0.03433671221137047,DepositAttachment,0.02311673015356064,0.9082054235041142,0.25868542845569403,0.14437508655508524,9.751425977810868e-07,0.9999990248574022,0.9999990248574022,352,288,1.222222,217,"[""Roots"", ""JointAnomaly"", ""DepositAttachment"", ""WallDamage"", ""Normal""]","[0.9425421357154846, 0.03433671221137047, 0.02311673015356064, 3.273726633779006e-06, 9.751425977810868e-07]","{""Deformation"": 1.983523247872654e-07, ""DepositAttachment"": 0.02311673015356064, ""JointAnomaly"": 0.03433671221137047, ""Normal"": 9.751425977810868e-07, ""Roots"": 0.9425421357154846, ""WallDamage"": 3.273726633779006e-06}"
700,00467202,val,WallDamage,5,val/WallDamage/00467202.png,C:\Users\ASUS\Desktop\YOLOv11\YOLO-CV\data\sewerml_cls6_train7200\val\WallDamage\00467202.png,DepositAttachment,1,0,1,0.9411110281944275,WallDamage,0.057815536856651306,JointAnomaly,0.0006742887781001627,0.8832954913377762,0.22997181794688004,0.1283497154034626,1.7230841820037313e-07,0.9999998276915818,0.9999998276915818,352,288,1.222222,700,"[""DepositAttachment"", ""WallDamage"", ""JointAnomaly"", ""Roots"", ""Normal""]","[0.9411110281944275, 0.057815536856651306, 0.0006742887781001627, 0.00039886118611320853, 1.7230841820037313e-07]","{""Deformation"": 4.3343394651174094e-08, ""DepositAttachment"": 0.9411110281944275, ""JointAnomaly"": 0.0006742887781001627, ""Normal"": 1.7230841820037313e-07, ""Roots"": 0.00039886118611320853, ""WallDamage"": 0.057815536856651306}"
257,00034675,val,JointAnomaly,2,val/JointAnomaly/00034675.png,C:\Users\ASUS\Desktop\YOLOv11\YOLO-CV\data\sewerml_cls6_train7200\val\JointAnomaly\00034675.png,DepositAttachment,1,0,1,0.9393730759620667,WallDamage,0.0546937920153141,Normal,0.003125607268884778,0.8846792839467525,0.2541886806493792,0.14186540381945995,0.003125607268884778,0.9968743927311152,0.9968743927311152,720,576,1.25,257,"[""DepositAttachment"", ""WallDamage"", ""Normal"", ""Roots"", ""JointAnomaly""]","[0.9393730759620667, 0.0546937920153141, 0.003125607268884778, 0.0014641438610851765, 0.0013390200911089778]","{""Deformation"": 4.3866107262147125e-06, ""DepositAttachment"": 0.9393730759620667, ""JointAnomaly"": 0.0013390200911089778, ""Normal"": 0.003125607268884778, ""Roots"": 0.0014641438610851765, ""WallDamage"": 0.0546937920153141}"
7,00021450,val,Deformation,0,val/Deformation/00021450.png,C:\Users\ASUS\Desktop\YOLOv11\YOLO-CV\data\sewerml_cls6_train7200\val\Deformation\00021450.png,DepositAttachment,1,0,1,0.9366490244865417,JointAnomaly,0.05619573965668678,Normal,0.005526197142899036,0.880453284829855,0.2631816726305585,0.14688448820864627,0.005526197142899036,0.994473802857101,0.994473802857101,720,576,1.25,7,"[""DepositAttachment"", ""JointAnomaly"", ""Normal"", ""Deformation"", ""WallDamage""]","[0.9366490244865417, 0.05619573965668678, 0.005526197142899036, 0.001239585573785007, 0.00038648562622256577]","{""Deformation"": 0.001239585573785007, ""DepositAttachment"": 0.9366490244865417, ""JointAnomaly"": 0.05619573965668678, ""Normal"": 0.005526197142899036, ""Roots"": 3.0001388040545862e-06, ""WallDamage"": 0.00038648562622256577}"
628,00283734,val,WallDamage,5,val/WallDamage/00283734.png,C:\Users\ASUS\Desktop\YOLOv11\YOLO-CV\data\sewerml_cls6_train7200\val\WallDamage\00283734.png,DepositAttachment,1,0,1,0.9337723255157471,WallDamage,0.05187544599175453,JointAnomaly,0.010612779296934605,0.8818968795239925,0.2904510238811958,0.16210380292078547,0.0019062255742028356,0.9980937744257972,0.9980937744257972,480,576,0.833333,628,"[""DepositAttachment"", ""WallDamage"", ""JointAnomaly"", ""Normal"", ""Deformation""]","[0.9337723255157471, 0.05187544599175453, 0.010612779296934605, 0.0019062255742028356, 0.0010865991935133934]","{""Deformation"": 0.0010865991935133934, ""DepositAttachment"": 0.9337723255157471, ""JointAnomaly"": 0.010612779296934605, ""Normal"": 0.0019062255742028356, ""Roots"": 0.0007466071401722729, ""WallDamage"": 0.05187544599175453}"
195,00383415,val,DepositAttachment,1,val/DepositAttachment/00383415.png,C:\Users\ASUS\Desktop\YOLOv11\YOLO-CV\data\sewerml_cls6_train7200\val\DepositAttachment\00383415.png,JointAnomaly,2,0,1,0.9334516525268555,Roots,0.055443037301301956,DepositAttachment,0.011102463118731976,0.8780086152255535,0.27465126140400026,0.15328578758527697,2.2540920519009688e-10,0.9999999997745908,0.9999999997745908,352,288,1.222222,195,"[""JointAnomaly"", ""Roots"", ""DepositAttachment"", ""WallDamage"", ""Deformation""]","[0.9334516525268555, 0.055443037301301956, 0.011102463118731976, 2.90529646918003e-06, 1.2016557748850687e-09]","{""Deformation"": 1.2016557748850687e-09, ""DepositAttachment"": 0.011102463118731976, ""JointAnomaly"": 0.9334516525268555, ""Normal"": 2.2540920519009688e-10, ""Roots"": 0.055443037301301956, ""WallDamage"": 2.90529646918003e-06}"
440,00414220,val,Normal,3,val/Normal/00414220.png,C:\Users\ASUS\Desktop\YOLOv11\YOLO-CV\data\sewerml_cls6_train7200\val\Normal\00414220.png,DepositAttachment,1,0,1,0.9323679804801941,Normal,0.04311327263712883,WallDamage,0.01741115376353264,0.8892547078430653,0.3069097928137633,0.1712896167620029,0.04311327263712883,0.9568867273628712,0.9568867273628712,352,288,1.222222,440,"[""DepositAttachment"", ""Normal"", ""WallDamage"", ""Deformation"", ""JointAnomaly""]","[0.9323679804801941, 0.04311327263712883, 0.01741115376353264, 0.007038627285510302, 6.895598926348612e-05]","{""Deformation"": 0.007038627285510302, ""DepositAttachment"": 0.9323679804801941, ""JointAnomaly"": 6.895598926348612e-05, ""Normal"": 0.04311327263712883, ""Roots"": 1.9856074118251854e-08, ""WallDamage"": 0.01741115376353264}"
183,00337320,val,DepositAttachment,1,val/DepositAttachment/00337320.png,C:\Users\ASUS\Desktop\YOLOv11\YOLO-CV\data\sewerml_cls6_train7200\val\DepositAttachment\00337320.png,WallDamage,5,0,1,0.930284321308136,JointAnomaly,0.03384712338447571,Normal,0.02937898226082325,0.8964371979236603,0.31939502203110387,0.1782577558631288,0.02937898226082325,0.9706210177391768,0.9706210177391768,352,288,1.222222,183,"[""WallDamage"", ""JointAnomaly"", ""Normal"", ""Roots"", ""DepositAttachment""]","[0.930284321308136, 0.03384712338447571, 0.02937898226082325, 0.006181602831929922, 0.00030788496951572597]","{""Deformation"": 6.797726115337355e-08, ""DepositAttachment"": 0.00030788496951572597, ""JointAnomaly"": 0.03384712338447571, ""Normal"": 0.02937898226082325, ""Roots"": 0.006181602831929922, ""WallDamage"": 0.930284321308136}"
557,00382216,val,Roots,4,val/Roots/00382216.png,C:\Users\ASUS\Desktop\YOLOv11\YOLO-CV\data\sewerml_cls6_train7200\val\Roots\00382216.png,JointAnomaly,2,0,1,0.9300739765167236,Roots,0.059738531708717346,WallDamage,0.01017008163034916,0.8703354448080063,0.2826097460918243,0.15772750246079698,1.6809073713375255e-05,0.9999831909262866,0.9999831909262866,352,288,1.222222,557,"[""JointAnomaly"", ""Roots"", ""WallDamage"", ""Normal"", ""DepositAttachment""]","[0.9300739765167236, 0.059738531708717346, 0.01017008163034916, 1.6809073713375255e-05, 6.463819204327592e-07]","{""Deformation"": 1.3729352765778913e-08, ""DepositAttachment"": 6.463819204327592e-07, ""JointAnomaly"": 0.9300739765167236, ""Normal"": 1.6809073713375255e-05, ""Roots"": 0.059738531708717346, ""WallDamage"": 0.01017008163034916}"
203,00403711,val,DepositAttachment,1,val/DepositAttachment/00403711.png,C:\Users\ASUS\Desktop\YOLOv11\YOLO-CV\data\sewerml_cls6_train7200\val\DepositAttachment\00403711.png,WallDamage,5,0,1,0.9294117093086243,JointAnomaly,0.047607094049453735,DepositAttachment,0.013149459846317768,0.8818046152591705,0.315388242312975,0.1760215295241911,0.009831787087023258,0.9901682129129767,0.9901682129129767,352,288,1.222222,203,"[""WallDamage"", ""JointAnomaly"", ""DepositAttachment"", ""Normal"", ""Roots""]","[0.9294117093086243, 0.047607094049453735, 0.013149459846317768, 0.009831787087023258, 1.0258275118246729e-08]","{""Deformation"": 1.3073312506335644e-13, ""DepositAttachment"": 0.013149459846317768, ""JointAnomaly"": 0.047607094049453735, ""Normal"": 0.009831787087023258, ""Roots"": 1.0258275118246729e-08, ""WallDamage"": 0.9294117093086243}"
166,00281869,val,DepositAttachment,1,val/DepositAttachment/00281869.png,C:\Users\ASUS\Desktop\YOLOv11\YOLO-CV\data\sewerml_cls6_train7200\val\DepositAttachment\00281869.png,WallDamage,5,0,1,0.9281567335128784,Normal,0.03926851972937584,Roots,0.03003191016614437,0.8888882137835026,0.31895009992895357,0.1780094401099312,0.03926851972937584,0.9607314802706242,0.9607314802706242,352,288,1.222222,166,"[""WallDamage"", ""Normal"", ""Roots"", ""DepositAttachment"", ""Deformation""]","[0.9281567335128784, 0.03926851972937584, 0.03003191016614437, 0.0016447765519842505, 0.000672639871481806]","{""Deformation"": 0.000672639871481806, ""DepositAttachment"": 0.0016447765519842505, ""JointAnomaly"": 0.00022546539548784494, ""Normal"": 0.03926851972937584, ""Roots"": 0.03003191016614437, ""WallDamage"": 0.9281567335128784}"
14,00033714,val,Deformation,0,val/Deformation/00033714.png,C:\Users\ASUS\Desktop\YOLOv11\YOLO-CV\data\sewerml_cls6_train7200\val\Deformation\00033714.png,WallDamage,5,0,1,0.9256372451782227,JointAnomaly,0.03772229701280594,Deformation,0.016870543360710144,0.8879149481654167,0.35793509027425086,0.1997673774976394,0.006875632796436548,0.9931243672035635,0.9931243672035635,720,576,1.25,14,"[""WallDamage"", ""JointAnomaly"", ""Deformation"", ""Roots"", ""Normal""]","[0.9256372451782227, 0.03772229701280594, 0.016870543360710144, 0.011875667609274387, 0.006875632796436548]","{""Deformation"": 0.016870543360710144, ""DepositAttachment"": 0.001018643844872713, ""JointAnomaly"": 0.03772229701280594, ""Normal"": 0.006875632796436548, ""Roots"": 0.011875667609274387, ""WallDamage"": 0.9256372451782227}"
272,00168393,val,JointAnomaly,2,val/JointAnomaly/00168393.png,C:\Users\ASUS\Desktop\YOLOv11\YOLO-CV\data\sewerml_cls6_train7200\val\JointAnomaly\00168393.png,Roots,4,0,1,0.9208422899246216,DepositAttachment,0.040698882192373276,JointAnomaly,0.038441259413957596,0.8801434077322483,0.3317024047534006,0.18512663694547585,6.788180240135944e-09,0.9999999932118198,0.9999999932118198,720,576,1.25,272,"[""Roots"", ""DepositAttachment"", ""JointAnomaly"", ""WallDamage"", ""Deformation""]","[0.9208422899246216, 0.040698882192373276, 0.038441259413957596, 1.5788376913405955e-05, 1.7973264903048403e-06]","{""Deformation"": 1.7973264903048403e-06, ""DepositAttachment"": 0.040698882192373276, ""JointAnomaly"": 0.038441259413957596, ""Normal"": 6.788180240135944e-09, ""Roots"": 0.9208422899246216, ""WallDamage"": 1.5788376913405955e-05}"
342,00486898,val,JointAnomaly,2,val/JointAnomaly/00486898.png,C:\Users\ASUS\Desktop\YOLOv11\YOLO-CV\data\sewerml_cls6_train7200\val\JointAnomaly\00486898.png,Roots,4,0,1,0.9167003035545349,JointAnomaly,0.08258993178606033,Deformation,0.00036830728640779853,0.8341103717684746,0.2914003481555267,0.1626336308863326,5.5760427386530864e-08,0.9999999442395726,0.9999999442395726,352,288,1.222222,342,"[""Roots"", ""JointAnomaly"", ""Deformation"", ""DepositAttachment"", ""WallDamage""]","[0.9167003035545349, 0.08258993178606033, 0.00036830728640779853, 0.00032580745755694807, 1.566529863339383e-05]","{""Deformation"": 0.00036830728640779853, ""DepositAttachment"": 0.00032580745755694807, ""JointAnomaly"": 0.08258993178606033, ""Normal"": 5.5760427386530864e-08, ""Roots"": 0.9167003035545349, ""WallDamage"": 1.566529863339383e-05}"
596,00504287,val,Roots,4,val/Roots/00504287.png,C:\Users\ASUS\Desktop\YOLOv11\YOLO-CV\data\sewerml_cls6_train7200\val\Roots\00504287.png,WallDamage,5,0,1,0.9156588315963745,Roots,0.08183854073286057,Normal,0.0014083476271480322,0.833820290863514,0.30244140456285756,0.1687957617956157,0.0014083476271480322,0.998591652372852,0.998591652372852,480,576,0.833333,596,"[""WallDamage"", ""Roots"", ""Normal"", ""JointAnomaly"", ""DepositAttachment""]","[0.9156588315963745, 0.08183854073286057, 0.0014083476271480322, 0.001041370676830411, 5.294531365507282e-05]","{""Deformation"": 1.913257330343754e-09, ""DepositAttachment"": 5.294531365507282e-05, ""JointAnomaly"": 0.001041370676830411, ""Normal"": 0.0014083476271480322, ""Roots"": 0.08183854073286057, ""WallDamage"": 0.9156588315963745}"
486,00011498,val,Roots,4,val/Roots/00011498.png,C:\Users\ASUS\Desktop\YOLOv11\YOLO-CV\data\sewerml_cls6_train7200\val\Roots\00011498.png,JointAnomaly,2,0,1,0.9149965643882751,Roots,0.0693022832274437,DepositAttachment,0.0107455775141716,0.8456942811608315,0.3466967492826679,0.19349513996543047,0.0015356873627752066,0.9984643126372248,0.9984643126372248,720,576,1.25,486,"[""JointAnomaly"", ""Roots"", ""DepositAttachment"", ""WallDamage"", ""Normal""]","[0.9149965643882751, 0.0693022832274437, 0.0107455775141716, 0.001916644163429737, 0.0015356873627752066]","{""Deformation"": 0.001503259758464992, ""DepositAttachment"": 0.0107455775141716, ""JointAnomaly"": 0.9149965643882751, ""Normal"": 0.0015356873627752066, ""Roots"": 0.0693022832274437, ""WallDamage"": 0.001916644163429737}"
501,00138122,val,Roots,4,val/Roots/00138122.png,C:\Users\ASUS\Desktop\YOLOv11\YOLO-CV\data\sewerml_cls6_train7200\val\Roots\00138122.png,WallDamage,5,0,1,0.9133023619651794,Roots,0.038304150104522705,JointAnomaly,0.03494131192564964,0.8749982118606567,0.38415912997474994,0.21440329272558972,0.0002394681505393237,0.9997605318494607,0.9997605318494607,720,576,1.25,501,"[""WallDamage"", ""Roots"", ""JointAnomaly"", ""DepositAttachment"", ""Normal""]","[0.9133023619651794, 0.038304150104522705, 0.03494131192564964, 0.013210929930210114, 0.0002394681505393237]","{""Deformation"": 1.9090643945673946e-06, ""DepositAttachment"": 0.013210929930210114, ""JointAnomaly"": 0.03494131192564964, ""Normal"": 0.0002394681505393237, ""Roots"": 0.038304150104522705, ""WallDamage"": 0.9133023619651794}"
474,00507781,val,Normal,3,val/Normal/00507781.png,C:\Users\ASUS\Desktop\YOLOv11\YOLO-CV\data\sewerml_cls6_train7200\val\Normal\00507781.png,Deformation,0,0,1,0.9119829535484314,Normal,0.08801460266113281,WallDamage,2.305256657564314e-06,0.8239683508872986,0.2979553955438408,0.1662920724912977,0.08801460266113281,0.9119853973388672,0.9119853973388672,480,576,0.833333,474,"[""Deformation"", ""Normal"", ""WallDamage"", ""JointAnomaly"", ""DepositAttachment""]","[0.9119829535484314, 0.08801460266113281, 2.305256657564314e-06, 1.031537522067083e-07, 5.802028368862011e-08]","{""Deformation"": 0.9119829535484314, ""DepositAttachment"": 5.802028368862011e-08, ""JointAnomaly"": 1.031537522067083e-07, ""Normal"": 0.08801460266113281, ""Roots"": 2.973033197406494e-08, ""WallDamage"": 2.305256657564314e-06}"
457,00464860,val,Normal,3,val/Normal/00464860.png,C:\Users\ASUS\Desktop\YOLOv11\YOLO-CV\data\sewerml_cls6_train7200\val\Normal\00464860.png,WallDamage,5,0,1,0.9084340333938599,Roots,0.05024360120296478,JointAnomaly,0.0405321903526783,0.8581904321908951,0.37342832390823755,0.20841431582840858,0.0006697423523291945,0.9993302576476708,0.9993302576476708,352,288,1.222222,457,"[""WallDamage"", ""Roots"", ""JointAnomaly"", ""Normal"", ""DepositAttachment""]","[0.9084340333938599, 0.05024360120296478, 0.0405321903526783, 0.0006697423523291945, 0.00012033554958179593]","{""Deformation"": 2.060177166640642e-07, ""DepositAttachment"": 0.00012033554958179593, ""JointAnomaly"": 0.0405321903526783, ""Normal"": 0.0006697423523291945, ""Roots"": 0.05024360120296478, ""WallDamage"": 0.9084340333938599}"
546,00329704,val,Roots,4,val/Roots/00329704.png,C:\Users\ASUS\Desktop\YOLOv11\YOLO-CV\data\sewerml_cls6_train7200\val\Roots\00329704.png,Normal,3,0,1,0.9046432971954346,WallDamage,0.07686401903629303,JointAnomaly,0.018246591091156006,0.8277792781591415,0.36310726717412756,0.20265402438786348,0.9046432971954346,0.09535670280456543,0.09535670280456543,352,288,1.222222,546,"[""Normal"", ""WallDamage"", ""JointAnomaly"", ""DepositAttachment"", ""Roots""]","[0.9046432971954346, 0.07686401903629303, 0.018246591091156006, 0.00020603716257028282, 2.187095560657326e-05]","{""Deformation"": 1.8215509044239298e-05, ""DepositAttachment"": 0.00020603716257028282, ""JointAnomaly"": 0.018246591091156006, ""Normal"": 0.9046432971954346, ""Roots"": 2.187095560657326e-05, ""WallDamage"": 0.07686401903629303}"
686,00453410,val,WallDamage,5,val/WallDamage/00453410.png,C:\Users\ASUS\Desktop\YOLOv11\YOLO-CV\data\sewerml_cls6_train7200\val\WallDamage\00453410.png,JointAnomaly,2,0,1,0.9030759930610657,WallDamage,0.09415634721517563,DepositAttachment,0.00274204695597291,0.80891964584589,0.33099665236816295,0.1847327490395608,2.1671465219696984e-05,0.9999783285347803,0.9999783285347803,352,288,1.222222,686,"[""JointAnomaly"", ""WallDamage"", ""DepositAttachment"", ""Normal"", ""Roots""]","[0.9030759930610657, 0.09415634721517563, 0.00274204695597291, 2.1671465219696984e-05, 3.5790412766800728e-06]","{""Deformation"": 2.4715174617995217e-07, ""DepositAttachment"": 0.00274204695597291, ""JointAnomaly"": 0.9030759930610657, ""Normal"": 2.1671465219696984e-05, ""Roots"": 3.5790412766800728e-06, ""WallDamage"": 0.09415634721517563}"
150,00153895,val,DepositAttachment,1,val/DepositAttachment/00153895.png,C:\Users\ASUS\Desktop\YOLOv11\YOLO-CV\data\sewerml_cls6_train7200\val\DepositAttachment\00153895.png,WallDamage,5,0,1,0.9011659622192383,JointAnomaly,0.09251395612955093,DepositAttachment,0.006058141123503447,0.8086520060896873,0.3470976109736641,0.19371886513495273,3.7708481670506444e-08,0.9999999622915183,0.9999999622915183,768,576,1.333333,150,"[""WallDamage"", ""JointAnomaly"", ""DepositAttachment"", ""Roots"", ""Deformation""]","[0.9011659622192383, 0.09251395612955093, 0.006058141123503447, 0.00026185097522102296, 1.1671770039356488e-07]","{""Deformation"": 1.1671770039356488e-07, ""DepositAttachment"": 0.006058141123503447, ""JointAnomaly"": 0.09251395612955093, ""Normal"": 3.7708481670506444e-08, ""Roots"": 0.00026185097522102296, ""WallDamage"": 0.9011659622192383}"
602,00013609,val,WallDamage,5,val/WallDamage/00013609.png,C:\Users\ASUS\Desktop\YOLOv11\YOLO-CV\data\sewerml_cls6_train7200\val\WallDamage\00013609.png,JointAnomaly,2,0,1,0.9003705382347107,DepositAttachment,0.09540311247110367,Deformation,0.003399691777303815,0.804967425763607,0.34444759169230216,0.19223986121345896,7.479695341316983e-05,0.9999252030465868,0.9999252030465868,720,576,1.25,602,"[""JointAnomaly"", ""DepositAttachment"", ""Deformation"", ""WallDamage"", ""Roots""]","[0.9003705382347107, 0.09540311247110367, 0.003399691777303815, 0.000620607752352953, 0.00013129954459145665]","{""Deformation"": 0.003399691777303815, ""DepositAttachment"": 0.09540311247110367, ""JointAnomaly"": 0.9003705382347107, ""Normal"": 7.479695341316983e-05, ""Roots"": 0.00013129954459145665, ""WallDamage"": 0.000620607752352953}"
189,00356370,val,DepositAttachment,1,val/DepositAttachment/00356370.png,C:\Users\ASUS\Desktop\YOLOv11\YOLO-CV\data\sewerml_cls6_train7200\val\DepositAttachment\00356370.png,WallDamage,5,0,1,0.8988952040672302,Roots,0.08991622924804688,JointAnomaly,0.009371965192258358,0.8089789748191833,0.3677124597744357,0.2052242313154106,1.1222828106838278e-05,0.9999887771718932,0.9999887771718932,352,288,1.222222,189,"[""WallDamage"", ""Roots"", ""JointAnomaly"", ""DepositAttachment"", ""Normal""]","[0.8988952040672302, 0.08991622924804688, 0.009371965192258358, 0.001804992789402604, 1.1222828106838278e-05]","{""Deformation"": 3.617915353970602e-07, ""DepositAttachment"": 0.001804992789402604, ""JointAnomaly"": 0.009371965192258358, ""Normal"": 1.1222828106838278e-05, ""Roots"": 0.08991622924804688, ""WallDamage"": 0.8988952040672302}"
668,00406068,val,WallDamage,5,val/WallDamage/00406068.png,C:\Users\ASUS\Desktop\YOLOv11\YOLO-CV\data\sewerml_cls6_train7200\val\WallDamage\00406068.png,Roots,4,0,1,0.8971954584121704,WallDamage,0.04699930176138878,Normal,0.04392344504594803,0.8501961566507816,0.43348326753612093,0.2419316180440664,0.04392344504594803,0.956076554954052,0.956076554954052,352,288,1.222222,668,"[""Roots"", ""WallDamage"", ""Normal"", ""JointAnomaly"", ""DepositAttachment""]","[0.8971954584121704, 0.04699930176138878, 0.04392344504594803, 0.011359056457877159, 0.00027659290935844183]","{""Deformation"": 0.0002460584510117769, ""DepositAttachment"": 0.00027659290935844183, ""JointAnomaly"": 0.011359056457877159, ""Normal"": 0.04392344504594803, ""Roots"": 0.8971954584121704, ""WallDamage"": 0.04699930176138878}"
6,00020415,val,Deformation,0,val/Deformation/00020415.png,C:\Users\ASUS\Desktop\YOLOv11\YOLO-CV\data\sewerml_cls6_train7200\val\Deformation\00020415.png,WallDamage,5,0,1,0.8941299915313721,Normal,0.05768105015158653,Deformation,0.03821496292948723,0.8364489413797855,0.4434822540604717,0.2475121586780493,0.05768105015158653,0.9423189498484135,0.9423189498484135,720,576,1.25,6,"[""WallDamage"", ""Normal"", ""Deformation"", ""JointAnomaly"", ""DepositAttachment""]","[0.8941299915313721, 0.05768105015158653, 0.03821496292948723, 0.005320330616086721, 0.0042931092903018]","{""Deformation"": 0.03821496292948723, ""DepositAttachment"": 0.0042931092903018, ""JointAnomaly"": 0.005320330616086721, ""Normal"": 0.05768105015158653, ""Roots"": 0.00036056741373613477, ""WallDamage"": 0.8941299915313721}"
274,00281719,val,JointAnomaly,2,val/JointAnomaly/00281719.png,C:\Users\ASUS\Desktop\YOLOv11\YOLO-CV\data\sewerml_cls6_train7200\val\JointAnomaly\00281719.png,WallDamage,5,0,1,0.8915163278579712,JointAnomaly,0.0834655910730362,Roots,0.02407597005367279,0.808050736784935,0.4059378357945424,0.22655821987614938,9.633826039134874e-07,0.9999990366173961,0.9999990366173961,352,288,1.222222,274,"[""WallDamage"", ""JointAnomaly"", ""Roots"", ""DepositAttachment"", ""Normal""]","[0.8915163278579712, 0.0834655910730362, 0.02407597005367279, 0.0009411507635377347, 9.633826039134874e-07]","{""Deformation"": 2.9258113709573763e-09, ""DepositAttachment"": 0.0009411507635377347, ""JointAnomaly"": 0.0834655910730362, ""Normal"": 9.633826039134874e-07, ""Roots"": 0.02407597005367279, ""WallDamage"": 0.8915163278579712}"
658,00383406,val,WallDamage,5,val/WallDamage/00383406.png,C:\Users\ASUS\Desktop\YOLOv11\YOLO-CV\data\sewerml_cls6_train7200\val\WallDamage\00383406.png,JointAnomaly,2,0,1,0.8890358209609985,WallDamage,0.05775348097085953,Roots,0.037979889661073685,0.831282339990139,0.45725326398826827,0.25519790565709527,4.9940131248149555e-06,0.9999950059868752,0.9999950059868752,352,288,1.222222,658,"[""JointAnomaly"", ""WallDamage"", ""Roots"", ""DepositAttachment"", ""Normal""]","[0.8890358209609985, 0.05775348097085953, 0.037979889661073685, 0.015225652605295181, 4.9940131248149555e-06]","{""Deformation"": 6.279727671198998e-08, ""DepositAttachment"": 0.015225652605295181, ""JointAnomaly"": 0.8890358209609985, ""Normal"": 4.9940131248149555e-06, ""Roots"": 0.037979889661073685, ""WallDamage"": 0.05775348097085953}"
594,00501781,val,Roots,4,val/Roots/00501781.png,C:\Users\ASUS\Desktop\YOLOv11\YOLO-CV\data\sewerml_cls6_train7200\val\Roots\00501781.png,JointAnomaly,2,0,1,0.8880748152732849,Roots,0.11189564317464828,WallDamage,2.9499751690309495e-05,0.7761791720986366,0.35079426809010805,0.19578200875435642,5.853596773963687e-11,0.999999999941464,0.999999999941464,352,288,1.222222,594,"[""JointAnomaly"", ""Roots"", ""WallDamage"", ""DepositAttachment"", ""Deformation""]","[0.8880748152732849, 0.11189564317464828, 2.9499751690309495e-05, 5.050184714860961e-09, 2.216249628261835e-09]","{""Deformation"": 2.216249628261835e-09, ""DepositAttachment"": 5.050184714860961e-09, ""JointAnomaly"": 0.8880748152732849, ""Normal"": 5.853596773963687e-11, ""Roots"": 0.11189564317464828, ""WallDamage"": 2.9499751690309495e-05}"
543,00321928,val,Roots,4,val/Roots/00321928.png,C:\Users\ASUS\Desktop\YOLOv11\YOLO-CV\data\sewerml_cls6_train7200\val\Roots\00321928.png,JointAnomaly,2,0,1,0.8867987394332886,Roots,0.10789544880390167,WallDamage,0.005056499503552914,0.7789032906293869,0.3755958575993126,0.2096240394148054,0.00024650944396853447,0.9997534905560315,0.9997534905560315,352,288,1.222222,543,"[""JointAnomaly"", ""Roots"", ""WallDamage"", ""Normal"", ""DepositAttachment""]","[0.8867987394332886, 0.10789544880390167, 0.005056499503552914, 0.00024650944396853447, 2.8551094146678224e-06]","{""Deformation"": 2.969611401226757e-08, ""DepositAttachment"": 2.8551094146678224e-06, ""JointAnomaly"": 0.8867987394332886, ""Normal"": 0.00024650944396853447, ""Roots"": 0.10789544880390167, ""WallDamage"": 0.005056499503552914}"
36,00143646,val,Deformation,0,val/Deformation/00143646.png,C:\Users\ASUS\Desktop\YOLOv11\YOLO-CV\data\sewerml_cls6_train7200\val\Deformation\00143646.png,DepositAttachment,1,0,1,0.8850062489509583,Deformation,0.11493431031703949,WallDamage,4.132249887334183e-05,0.7700719386339188,0.35738707273688836,0.19946152308650095,1.2914155377075076e-05,0.9999870858446229,0.9999870858446229,720,576,1.25,36,"[""DepositAttachment"", ""Deformation"", ""WallDamage"", ""Normal"", ""JointAnomaly""]","[0.8850062489509583, 0.11493431031703949, 4.132249887334183e-05, 1.2914155377075076e-05, 5.083149517304264e-06]","{""Deformation"": 0.11493431031703949, ""DepositAttachment"": 0.8850062489509583, ""JointAnomaly"": 5.083149517304264e-06, ""Normal"": 1.2914155377075076e-05, ""Roots"": 9.210039308982232e-08, ""WallDamage"": 4.132249887334183e-05}"
178,00326764,val,DepositAttachment,1,val/DepositAttachment/00326764.png,C:\Users\ASUS\Desktop\YOLOv11\YOLO-CV\data\sewerml_cls6_train7200\val\DepositAttachment\00326764.png,Roots,4,0,1,0.8838701248168945,DepositAttachment,0.09373704344034195,JointAnomaly,0.015551634132862091,0.7901330813765526,0.4310719923069149,0.2405858597151067,0.006548430770635605,0.9934515692293644,0.9934515692293644,352,288,1.222222,178,"[""Roots"", ""DepositAttachment"", ""JointAnomaly"", ""Normal"", ""WallDamage""]","[0.8838701248168945, 0.09373704344034195, 0.015551634132862091, 0.006548430770635605, 0.0002926510642282665]","{""Deformation"": 1.010101087217663e-07, ""DepositAttachment"": 0.09373704344034195, ""JointAnomaly"": 0.015551634132862091, ""Normal"": 0.006548430770635605, ""Roots"": 0.8838701248168945, ""WallDamage"": 0.0002926510642282665}"
325,00436708,val,JointAnomaly,2,val/JointAnomaly/00436708.png,C:\Users\ASUS\Desktop\YOLOv11\YOLO-CV\data\sewerml_cls6_train7200\val\JointAnomaly\00436708.png,DepositAttachment,1,0,1,0.8823111653327942,WallDamage,0.04418571665883064,Roots,0.03970934450626373,0.8381254486739635,0.4913533714033098,0.2742295379719689,5.8769543102243915e-05,0.9999412304568978,0.9999412304568978,352,288,1.222222,325,"[""DepositAttachment"", ""WallDamage"", ""Roots"", ""JointAnomaly"", ""Normal""]","[0.8823111653327942, 0.04418571665883064, 0.03970934450626373, 0.03373195230960846, 5.8769543102243915e-05]","{""Deformation"": 3.0103910830803216e-06, ""DepositAttachment"": 0.8823111653327942, ""JointAnomaly"": 0.03373195230960846, ""Normal"": 5.8769543102243915e-05, ""Roots"": 0.03970934450626373, ""WallDamage"": 0.04418571665883064}"
289,00322870,val,JointAnomaly,2,val/JointAnomaly/00322870.png,C:\Users\ASUS\Desktop\YOLOv11\YOLO-CV\data\sewerml_cls6_train7200\val\JointAnomaly\00322870.png,Normal,3,0,0,0.8759565949440002,WallDamage,0.07530900835990906,Deformation,0.0271901972591877,0.8006475865840912,0.4965234551694395,0.277115016662006,0.8759565949440002,0.12404340505599976,0.12404340505599976,720,576,1.25,289,"[""Normal"", ""WallDamage"", ""Deformation"", ""DepositAttachment"", ""Roots""]","[0.8759565949440002, 0.07530900835990906, 0.0271901972591877, 0.02026459388434887, 0.0012324826093390584]","{""Deformation"": 0.0271901972591877, ""DepositAttachment"": 0.02026459388434887, ""JointAnomaly"": 4.705553874373436e-05, ""Normal"": 0.8759565949440002, ""Roots"": 0.0012324826093390584, ""WallDamage"": 0.07530900835990906}"
337,00464394,val,JointAnomaly,2,val/JointAnomaly/00464394.png,C:\Users\ASUS\Desktop\YOLOv11\YOLO-CV\data\sewerml_cls6_train7200\val\JointAnomaly\00464394.png,WallDamage,5,0,1,0.8719664812088013,DepositAttachment,0.06531374901533127,JointAnomaly,0.03979941084980965,0.80665273219347,0.5137098291679942,0.2867069146224835,0.022714870050549507,0.9772851299494505,0.9772851299494505,352,288,1.222222,337,"[""WallDamage"", ""DepositAttachment"", ""JointAnomaly"", ""Normal"", ""Roots""]","[0.8719664812088013, 0.06531374901533127, 0.03979941084980965, 0.022714870050549507, 0.00020335635053925216]","{""Deformation"": 2.0463783130253432e-06, ""DepositAttachment"": 0.06531374901533127, ""JointAnomaly"": 0.03979941084980965, ""Normal"": 0.022714870050549507, ""Roots"": 0.00020335635053925216, ""WallDamage"": 0.8719664812088013}"
77,00381217,val,Deformation,0,val/Deformation/00381217.png,C:\Users\ASUS\Desktop\YOLOv11\YOLO-CV\data\sewerml_cls6_train7200\val\Deformation\00381217.png,Normal,3,0,1,0.866327166557312,DepositAttachment,0.12632983922958374,Deformation,0.007342732045799494,0.7399973273277283,0.4217563014092542,0.23538667363145555,0.866327166557312,0.133672833442688,0.133672833442688,352,288,1.222222,77,"[""Normal"", ""DepositAttachment"", ""Deformation"", ""JointAnomaly"", ""WallDamage""]","[0.866327166557312, 0.12632983922958374, 0.007342732045799494, 1.6776250788552716e-07, 5.782951006949588e-08]","{""Deformation"": 0.007342732045799494, ""DepositAttachment"": 0.12632983922958374, ""JointAnomaly"": 1.6776250788552716e-07, ""Normal"": 0.866327166557312, ""Roots"": 1.7443340175060662e-11, ""WallDamage"": 5.782951006949588e-08}"
271,00167130,val,JointAnomaly,2,val/JointAnomaly/00167130.png,C:\Users\ASUS\Desktop\YOLOv11\YOLO-CV\data\sewerml_cls6_train7200\val\JointAnomaly\00167130.png,DepositAttachment,1,0,1,0.8654412627220154,JointAnomaly,0.09562282264232635,WallDamage,0.029364213347434998,0.769818440079689,0.5039531667759682,0.28126161766182084,0.0034859124571084976,0.9965140875428915,0.9965140875428915,720,576,1.25,271,"[""DepositAttachment"", ""JointAnomaly"", ""WallDamage"", ""Roots"", ""Normal""]","[0.8654412627220154, 0.09562282264232635, 0.029364213347434998, 0.0060793389566242695, 0.0034859124571084976]","{""Deformation"": 6.572270194737939e-06, ""DepositAttachment"": 0.8654412627220154, ""JointAnomaly"": 0.09562282264232635, ""Normal"": 0.0034859124571084976, ""Roots"": 0.0060793389566242695, ""WallDamage"": 0.029364213347434998}"
376,00161450,val,Normal,3,val/Normal/00161450.png,C:\Users\ASUS\Desktop\YOLOv11\YOLO-CV\data\sewerml_cls6_train7200\val\Normal\00161450.png,JointAnomaly,2,0,1,0.8645635843276978,Normal,0.06717132776975632,DepositAttachment,0.03046214021742344,0.7973922565579414,0.5628812737569068,0.3141500203704314,0.06717132776975632,0.9328286722302437,0.9328286722302437,720,576,1.25,376,"[""JointAnomaly"", ""Normal"", ""DepositAttachment"", ""WallDamage"", ""Roots""]","[0.8645635843276978, 0.06717132776975632, 0.03046214021742344, 0.02708524465560913, 0.009873926639556885]","{""Deformation"": 0.0008437755750492215, ""DepositAttachment"": 0.03046214021742344, ""JointAnomaly"": 0.8645635843276978, ""Normal"": 0.06717132776975632, ""Roots"": 0.009873926639556885, ""WallDamage"": 0.02708524465560913}"
146,00148002,val,DepositAttachment,1,val/DepositAttachment/00148002.png,C:\Users\ASUS\Desktop\YOLOv11\YOLO-CV\data\sewerml_cls6_train7200\val\DepositAttachment\00148002.png,WallDamage,5,0,1,0.863434910774231,Normal,0.09219897538423538,Deformation,0.04171057790517807,0.7712359353899956,0.49703492556179885,0.2774004737231481,0.09219897538423538,0.9078010246157646,0.9078010246157646,720,576,1.25,146,"[""WallDamage"", ""Normal"", ""Deformation"", ""DepositAttachment"", ""Roots""]","[0.863434910774231, 0.09219897538423538, 0.04171057790517807, 0.0016899534966796637, 0.0007877683383412659]","{""Deformation"": 0.04171057790517807, ""DepositAttachment"": 0.0016899534966796637, ""JointAnomaly"": 0.00017779224435798824, ""Normal"": 0.09219897538423538, ""Roots"": 0.0007877683383412659, ""WallDamage"": 0.863434910774231}"
648,00336040,val,WallDamage,5,val/WallDamage/00336040.png,C:\Users\ASUS\Desktop\YOLOv11\YOLO-CV\data\sewerml_cls6_train7200\val\WallDamage\00336040.png,DepositAttachment,1,0,1,0.8451645374298096,WallDamage,0.08371890336275101,Roots,0.038203638046979904,0.7614456340670586,0.6109712881349283,0.34098956842580747,0.017612729221582413,0.9823872707784176,0.9823872707784176,352,288,1.222222,648,"[""DepositAttachment"", ""WallDamage"", ""Roots"", ""Normal"", ""JointAnomaly""]","[0.8451645374298096, 0.08371890336275101, 0.038203638046979904, 0.017612729221582413, 0.015038026496767998]","{""Deformation"": 0.00026212065131403506, ""DepositAttachment"": 0.8451645374298096, ""JointAnomaly"": 0.015038026496767998, ""Normal"": 0.017612729221582413, ""Roots"": 0.038203638046979904, ""WallDamage"": 0.08371890336275101}"
153,00159556,val,DepositAttachment,1,val/DepositAttachment/00159556.png,C:\Users\ASUS\Desktop\YOLOv11\YOLO-CV\data\sewerml_cls6_train7200\val\DepositAttachment\00159556.png,Deformation,0,0,1,0.8407182097434998,DepositAttachment,0.15247215330600739,Normal,0.0061751785688102245,0.6882460564374924,0.4687678839807543,0.26162433743560115,0.0061751785688102245,0.9938248214311898,0.9938248214311898,720,576,1.25,153,"[""Deformation"", ""DepositAttachment"", ""Normal"", ""WallDamage"", ""JointAnomaly""]","[0.8407182097434998, 0.15247215330600739, 0.0061751785688102245, 0.0006253056926652789, 6.9075658757355995e-06]","{""Deformation"": 0.8407182097434998, ""DepositAttachment"": 0.15247215330600739, ""JointAnomaly"": 6.9075658757355995e-06, ""Normal"": 0.0061751785688102245, ""Roots"": 2.2425626866606763e-06, ""WallDamage"": 0.0006253056926652789}"
128,00133265,val,DepositAttachment,1,val/DepositAttachment/00133265.png,C:\Users\ASUS\Desktop\YOLOv11\YOLO-CV\data\sewerml_cls6_train7200\val\DepositAttachment\00133265.png,JointAnomaly,2,0,1,0.8387102484703064,DepositAttachment,0.16065078973770142,WallDamage,0.0006176094757393003,0.678059458732605,0.4460812256034849,0.24896267231430924,1.4905460375302937e-05,0.9999850945396247,0.9999850945396247,720,576,1.25,128,"[""JointAnomaly"", ""DepositAttachment"", ""WallDamage"", ""Normal"", ""Roots""]","[0.8387102484703064, 0.16065078973770142, 0.0006176094757393003, 1.4905460375302937e-05, 6.152867172204424e-06]","{""Deformation"": 2.3184054498415207e-07, ""DepositAttachment"": 0.16065078973770142, ""JointAnomaly"": 0.8387102484703064, ""Normal"": 1.4905460375302937e-05, ""Roots"": 6.152867172204424e-06, ""WallDamage"": 0.0006176094757393003}"
331,00441278,val,JointAnomaly,2,val/JointAnomaly/00441278.png,C:\Users\ASUS\Desktop\YOLOv11\YOLO-CV\data\sewerml_cls6_train7200\val\JointAnomaly\00441278.png,Roots,4,0,1,0.8357657790184021,JointAnomaly,0.16423353552818298,DepositAttachment,6.823187277404941e-07,0.6715322434902191,0.44663431107379303,0.24927135519267932,3.1353808438439046e-10,0.9999999996864619,0.9999999996864619,352,288,1.222222,331,"[""Roots"", ""JointAnomaly"", ""DepositAttachment"", ""WallDamage"", ""Normal""]","[0.8357657790184021, 0.16423353552818298, 6.823187277404941e-07, 1.1776992714374046e-08, 3.1353808438439046e-10]","{""Deformation"": 6.89548949623503e-13, ""DepositAttachment"": 6.823187277404941e-07, ""JointAnomaly"": 0.16423353552818298, ""Normal"": 3.1353808438439046e-10, ""Roots"": 0.8357657790184021, ""WallDamage"": 1.1776992714374046e-08}"
455,00461903,val,Normal,3,val/Normal/00461903.png,C:\Users\ASUS\Desktop\YOLOv11\YOLO-CV\data\sewerml_cls6_train7200\val\Normal\00461903.png,Deformation,0,0,1,0.8339260220527649,Normal,0.15632854402065277,DepositAttachment,0.0074661667458713055,0.6775974780321121,0.49214768054688085,0.2746728503457628,0.15632854402065277,0.8436714559793472,0.8436714559793472,352,288,1.222222,455,"[""Deformation"", ""Normal"", ""DepositAttachment"", ""JointAnomaly"", ""Roots""]","[0.8339260220527649, 0.15632854402065277, 0.0074661667458713055, 0.002253934508189559, 1.844792132033035e-05]","{""Deformation"": 0.8339260220527649, ""DepositAttachment"": 0.0074661667458713055, ""JointAnomaly"": 0.002253934508189559, ""Normal"": 0.15632854402065277, ""Roots"": 1.844792132033035e-05, ""WallDamage"": 6.760913038306171e-06}"
219,00437740,val,DepositAttachment,1,val/DepositAttachment/00437740.png,C:\Users\ASUS\Desktop\YOLOv11\YOLO-CV\data\sewerml_cls6_train7200\val\DepositAttachment\00437740.png,WallDamage,5,0,1,0.8322460055351257,DepositAttachment,0.07343413680791855,Normal,0.046943895518779755,0.7588118687272072,0.6765090064896395,0.37756686547949453,0.046943895518779755,0.9530561044812202,0.9530561044812202,352,288,1.222222,219,"[""WallDamage"", ""DepositAttachment"", ""Normal"", ""Roots"", ""Deformation""]","[0.8322460055351257, 0.07343413680791855, 0.046943895518779755, 0.029423868283629417, 0.009480169042944908]","{""Deformation"": 0.009480169042944908, ""DepositAttachment"": 0.07343413680791855, ""JointAnomaly"": 0.008471928536891937, ""Normal"": 0.046943895518779755, ""Roots"": 0.029423868283629417, ""WallDamage"": 0.8322460055351257}"
587,00464441,val,Roots,4,val/Roots/00464441.png,C:\Users\ASUS\Desktop\YOLOv11\YOLO-CV\data\sewerml_cls6_train7200\val\Roots\00464441.png,WallDamage,5,0,1,0.8235226273536682,DepositAttachment,0.1512114405632019,JointAnomaly,0.025126418098807335,0.6723111867904663,0.5393922088021342,0.3010405236114203,0.0001266623439732939,0.9998733376560267,0.9998733376560267,352,288,1.222222,587,"[""WallDamage"", ""DepositAttachment"", ""JointAnomaly"", ""Normal"", ""Roots""]","[0.8235226273536682, 0.1512114405632019, 0.025126418098807335, 0.0001266623439732939, 1.261511533812154e-05]","{""Deformation"": 1.9856260280448623e-07, ""DepositAttachment"": 0.1512114405632019, ""JointAnomaly"": 0.025126418098807335, ""Normal"": 0.0001266623439732939, ""Roots"": 1.261511533812154e-05, ""WallDamage"": 0.8235226273536682}"
578,00436015,val,Roots,4,val/Roots/00436015.png,C:\Users\ASUS\Desktop\YOLOv11\YOLO-CV\data\sewerml_cls6_train7200\val\Roots\00436015.png,JointAnomaly,2,0,1,0.8203542828559875,Roots,0.17947369813919067,Normal,0.00012549689563456923,0.6408805847167969,0.47234493544594996,0.2636207278700476,0.00012549689563456923,0.9998745031043654,0.9998745031043654,352,288,1.222222,578,"[""JointAnomaly"", ""Roots"", ""Normal"", ""Deformation"", ""WallDamage""]","[0.8203542828559875, 0.17947369813919067, 0.00012549689563456923, 4.0311275370186195e-05, 5.053879249317106e-06]","{""Deformation"": 4.0311275370186195e-05, ""DepositAttachment"": 1.1371354275979684e-06, ""JointAnomaly"": 0.8203542828559875, ""Normal"": 0.00012549689563456923, ""Roots"": 0.17947369813919067, ""WallDamage"": 5.053879249317106e-06}"
467,00489534,val,Normal,3,val/Normal/00489534.png,C:\Users\ASUS\Desktop\YOLOv11\YOLO-CV\data\sewerml_cls6_train7200\val\Normal\00489534.png,JointAnomaly,2,0,1,0.8182587027549744,Normal,0.16954398155212402,WallDamage,0.011345000006258488,0.6487147212028503,0.5218418272048851,0.29124546914196614,0.16954398155212402,0.830456018447876,0.830456018447876,352,288,1.222222,467,"[""JointAnomaly"", ""Normal"", ""WallDamage"", ""Roots"", ""DepositAttachment""]","[0.8182587027549744, 0.16954398155212402, 0.011345000006258488, 0.0008523580036126077, 5.0910426985240065e-09]","{""Deformation"": 1.3014323776636139e-12, ""DepositAttachment"": 5.0910426985240065e-09, ""JointAnomaly"": 0.8182587027549744, ""Normal"": 0.16954398155212402, ""Roots"": 0.0008523580036126077, ""WallDamage"": 0.011345000006258488}"
716,00501439,val,WallDamage,5,val/WallDamage/00501439.png,C:\Users\ASUS\Desktop\YOLOv11\YOLO-CV\data\sewerml_cls6_train7200\val\WallDamage\00501439.png,JointAnomaly,2,0,1,0.8139119744300842,WallDamage,0.1547243893146515,DepositAttachment,0.01971513032913208,0.6591875851154327,0.5877070163834368,0.32800553114232406,0.0004981150268577039,0.9995018849731423,0.9995018849731423,352,288,1.222222,716,"[""JointAnomaly"", ""WallDamage"", ""DepositAttachment"", ""Roots"", ""Normal""]","[0.8139119744300842, 0.1547243893146515, 0.01971513032913208, 0.011143811047077179, 0.0004981150268577039]","{""Deformation"": 6.549886165885255e-06, ""DepositAttachment"": 0.01971513032913208, ""JointAnomaly"": 0.8139119744300842, ""Normal"": 0.0004981150268577039, ""Roots"": 0.011143811047077179, ""WallDamage"": 0.1547243893146515}"
679,00424488,val,WallDamage,5,val/WallDamage/00424488.png,C:\Users\ASUS\Desktop\YOLOv11\YOLO-CV\data\sewerml_cls6_train7200\val\WallDamage\00424488.png,Normal,3,0,1,0.8010209202766418,Roots,0.1422237753868103,WallDamage,0.040934301912784576,0.6587971448898315,0.657209487258323,0.36679559870916656,0.8010209202766418,0.19897907972335815,0.19897907972335815,352,288,1.222222,679,"[""Normal"", ""Roots"", ""WallDamage"", ""JointAnomaly"", ""DepositAttachment""]","[0.8010209202766418, 0.1422237753868103, 0.040934301912784576, 0.01398908905684948, 0.001830290537327528]","{""Deformation"": 1.6130541098391404e-06, ""DepositAttachment"": 0.001830290537327528, ""JointAnomaly"": 0.01398908905684948, ""Normal"": 0.8010209202766418, ""Roots"": 0.1422237753868103, ""WallDamage"": 0.040934301912784576}"
224,00439930,val,DepositAttachment,1,val/DepositAttachment/00439930.png,C:\Users\ASUS\Desktop\YOLOv11\YOLO-CV\data\sewerml_cls6_train7200\val\DepositAttachment\00439930.png,Roots,4,0,1,0.7890134453773499,DepositAttachment,0.2109803408384323,WallDamage,6.078893420635723e-06,0.5780331045389175,0.5153321204341732,0.28761233261749924,8.974303256081839e-08,0.9999999102569674,0.9999999102569674,352,288,1.222222,224,"[""Roots"", ""DepositAttachment"", ""WallDamage"", ""Normal"", ""JointAnomaly""]","[0.7890134453773499, 0.2109803408384323, 6.078893420635723e-06, 8.974303256081839e-08, 1.4096998235402225e-08]","{""Deformation"": 2.0752006016366842e-11, ""DepositAttachment"": 0.2109803408384323, ""JointAnomaly"": 1.4096998235402225e-08, ""Normal"": 8.974303256081839e-08, ""Roots"": 0.7890134453773499, ""WallDamage"": 6.078893420635723e-06}"
227,00455280,val,DepositAttachment,1,val/DepositAttachment/00455280.png,C:\Users\ASUS\Desktop\YOLOv11\YOLO-CV\data\sewerml_cls6_train7200\val\DepositAttachment\00455280.png,WallDamage,5,0,1,0.784394383430481,JointAnomaly,0.14728263020515442,DepositAttachment,0.04498982056975365,0.6371117532253265,0.7017530456315126,0.39165583198164955,0.00017085754370782524,0.9998291424562922,0.9998291424562922,352,288,1.222222,227,"[""WallDamage"", ""JointAnomaly"", ""DepositAttachment"", ""Roots"", ""Normal""]","[0.784394383430481, 0.14728263020515442, 0.04498982056975365, 0.023005127906799316, 0.00017085754370782524]","{""Deformation"": 0.00015716975030954927, ""DepositAttachment"": 0.04498982056975365, ""JointAnomaly"": 0.14728263020515442, ""Normal"": 0.00017085754370782524, ""Roots"": 0.023005127906799316, ""WallDamage"": 0.784394383430481}"
703,00467341,val,WallDamage,5,val/WallDamage/00467341.png,C:\Users\ASUS\Desktop\YOLOv11\YOLO-CV\data\sewerml_cls6_train7200\val\WallDamage\00467341.png,DepositAttachment,1,0,1,0.782609224319458,WallDamage,0.2068796306848526,JointAnomaly,0.009049895219504833,0.5757295936346054,0.5701428787444572,0.31820279927980083,0.0014110238989815116,0.9985889761010185,0.9985889761010185,352,288,1.222222,703,"[""DepositAttachment"", ""WallDamage"", ""JointAnomaly"", ""Normal"", ""Roots""]","[0.782609224319458, 0.2068796306848526, 0.009049895219504833, 0.0014110238989815116, 4.907934271614067e-05]","{""Deformation"": 1.258292172678921e-06, ""DepositAttachment"": 0.782609224319458, ""JointAnomaly"": 0.009049895219504833, ""Normal"": 0.0014110238989815116, ""Roots"": 4.907934271614067e-05, ""WallDamage"": 0.2068796306848526}"
200,00393409,val,DepositAttachment,1,val/DepositAttachment/00393409.png,C:\Users\ASUS\Desktop\YOLOv11\YOLO-CV\data\sewerml_cls6_train7200\val\DepositAttachment\00393409.png,WallDamage,5,0,1,0.7774828672409058,Normal,0.20470088720321655,Roots,0.01632523350417614,0.5727819800376892,0.5983738143659859,0.33395878444766014,0.20470088720321655,0.7952991127967834,0.7952991127967834,352,288,1.222222,200,"[""WallDamage"", ""Normal"", ""Roots"", ""JointAnomaly"", ""DepositAttachment""]","[0.7774828672409058, 0.20470088720321655, 0.01632523350417614, 0.0010016297455877066, 0.00043901606113649905]","{""Deformation"": 5.033852357883006e-05, ""DepositAttachment"": 0.00043901606113649905, ""JointAnomaly"": 0.0010016297455877066, ""Normal"": 0.20470088720321655, ""Roots"": 0.01632523350417614, ""WallDamage"": 0.7774828672409058}"
158,00165233,val,DepositAttachment,1,val/DepositAttachment/00165233.png,C:\Users\ASUS\Desktop\YOLOv11\YOLO-CV\data\sewerml_cls6_train7200\val\DepositAttachment\00165233.png,Deformation,0,0,1,0.7728737592697144,DepositAttachment,0.216971755027771,WallDamage,0.007319826167076826,0.5559020042419434,0.5832773807703486,0.3255333044349097,0.0028343419544398785,0.9971656580455601,0.9971656580455601,720,576,1.25,158,"[""Deformation"", ""DepositAttachment"", ""WallDamage"", ""Normal"", ""JointAnomaly""]","[0.7728737592697144, 0.216971755027771, 0.007319826167076826, 0.0028343419544398785, 3.4710356544565e-07]","{""Deformation"": 0.7728737592697144, ""DepositAttachment"": 0.216971755027771, ""JointAnomaly"": 3.4710356544565e-07, ""Normal"": 0.0028343419544398785, ""Roots"": 1.0413370610251604e-08, ""WallDamage"": 0.007319826167076826}"
365,00020484,val,Normal,3,val/Normal/00020484.png,C:\Users\ASUS\Desktop\YOLOv11\YOLO-CV\data\sewerml_cls6_train7200\val\Normal\00020484.png,Deformation,0,0,0,0.7686904072761536,DepositAttachment,0.1653708517551422,Roots,0.0329873189330101,0.6033195555210114,0.7529592753211742,0.42023457291707367,0.0017384758684784174,0.9982615241315216,0.9982615241315216,720,576,1.25,365,"[""Deformation"", ""DepositAttachment"", ""Roots"", ""JointAnomaly"", ""WallDamage""]","[0.7686904072761536, 0.1653708517551422, 0.0329873189330101, 0.017728280276060104, 0.01348461490124464]","{""Deformation"": 0.7686904072761536, ""DepositAttachment"": 0.1653708517551422, ""JointAnomaly"": 0.017728280276060104, ""Normal"": 0.0017384758684784174, ""Roots"": 0.0329873189330101, ""WallDamage"": 0.01348461490124464}"
717,00505308,val,WallDamage,5,val/WallDamage/00505308.png,C:\Users\ASUS\Desktop\YOLOv11\YOLO-CV\data\sewerml_cls6_train7200\val\WallDamage\00505308.png,DepositAttachment,1,0,1,0.7574871182441711,Normal,0.17207947373390198,JointAnomaly,0.06224966049194336,0.5854076445102692,0.7280012229089543,0.40630521864779073,0.17207947373390198,0.827920526266098,0.827920526266098,352,288,1.222222,717,"[""DepositAttachment"", ""Normal"", ""JointAnomaly"", ""WallDamage"", ""Deformation""]","[0.7574871182441711, 0.17207947373390198, 0.06224966049194336, 0.007476046681404114, 0.0006473553366959095]","{""Deformation"": 0.0006473553366959095, ""DepositAttachment"": 0.7574871182441711, ""JointAnomaly"": 0.06224966049194336, ""Normal"": 0.17207947373390198, ""Roots"": 6.030534132150933e-05, ""WallDamage"": 0.007476046681404114}"
192,00380624,val,DepositAttachment,1,val/DepositAttachment/00380624.png,C:\Users\ASUS\Desktop\YOLOv11\YOLO-CV\data\sewerml_cls6_train7200\val\DepositAttachment\00380624.png,WallDamage,5,0,1,0.7570886015892029,JointAnomaly,0.09035491943359375,Roots,0.082277312874794,0.6667336821556091,0.825559157324902,0.4607533385497208,0.0010735704563558102,0.9989264295436442,0.9989264295436442,352,288,1.222222,192,"[""WallDamage"", ""JointAnomaly"", ""Roots"", ""DepositAttachment"", ""Normal""]","[0.7570886015892029, 0.09035491943359375, 0.082277312874794, 0.06920558959245682, 0.0010735704563558102]","{""Deformation"": 1.006545602422193e-08, ""DepositAttachment"": 0.06920558959245682, ""JointAnomaly"": 0.09035491943359375, ""Normal"": 0.0010735704563558102, ""Roots"": 0.082277312874794, ""WallDamage"": 0.7570886015892029}"
334,00454796,val,JointAnomaly,2,val/JointAnomaly/00454796.png,C:\Users\ASUS\Desktop\YOLOv11\YOLO-CV\data\sewerml_cls6_train7200\val\JointAnomaly\00454796.png,Roots,4,0,1,0.7566105723381042,JointAnomaly,0.2125217169523239,WallDamage,0.03022858127951622,0.5440888553857803,0.6507758296942108,0.36320490605504374,1.3017513992963359e-05,0.999986982486007,0.999986982486007,352,288,1.222222,334,"[""Roots"", ""JointAnomaly"", ""WallDamage"", ""DepositAttachment"", ""Deformation""]","[0.7566105723381042, 0.2125217169523239, 0.03022858127951622, 0.0006074323318898678, 1.8675629689823836e-05]","{""Deformation"": 1.8675629689823836e-05, ""DepositAttachment"": 0.0006074323318898678, ""JointAnomaly"": 0.2125217169523239, ""Normal"": 1.3017513992963359e-05, ""Roots"": 0.7566105723381042, ""WallDamage"": 0.03022858127951622}"
277,00289625,val,JointAnomaly,2,val/JointAnomaly/00289625.png,C:\Users\ASUS\Desktop\YOLOv11\YOLO-CV\data\sewerml_cls6_train7200\val\JointAnomaly\00289625.png,WallDamage,5,0,1,0.7562566995620728,JointAnomaly,0.14594630897045135,Roots,0.09773513674736023,0.6103103905916214,0.7200733829983073,0.4018806069480615,4.662206629291177e-05,0.9999533779337071,0.9999533779337071,352,288,1.222222,277,"[""WallDamage"", ""JointAnomaly"", ""Roots"", ""Normal"", ""DepositAttachment""]","[0.7562566995620728, 0.14594630897045135, 0.09773513674736023, 4.662206629291177e-05, 1.4615919099014718e-05]","{""Deformation"": 5.809922072330664e-07, ""DepositAttachment"": 1.4615919099014718e-05, ""JointAnomaly"": 0.14594630897045135, ""Normal"": 4.662206629291177e-05, ""Roots"": 0.09773513674736023, ""WallDamage"": 0.7562566995620728}"
591,00481761,val,Roots,4,val/Roots/00481761.png,C:\Users\ASUS\Desktop\YOLOv11\YOLO-CV\data\sewerml_cls6_train7200\val\Roots\00481761.png,WallDamage,5,0,1,0.7547546029090881,Roots,0.19945380091667175,Normal,0.026016196236014366,0.5553008019924164,0.7071352902169161,0.39465971987946113,0.026016196236014366,0.9739838037639856,0.9739838037639856,352,288,1.222222,591,"[""WallDamage"", ""Roots"", ""Normal"", ""JointAnomaly"", ""DepositAttachment""]","[0.7547546029090881, 0.19945380091667175, 0.026016196236014366, 0.019663438200950623, 0.0001096447158488445]","{""Deformation"": 2.3333568606176414e-06, ""DepositAttachment"": 0.0001096447158488445, ""JointAnomaly"": 0.019663438200950623, ""Normal"": 0.026016196236014366, ""Roots"": 0.19945380091667175, ""WallDamage"": 0.7547546029090881}"
78,00388524,val,Deformation,0,val/Deformation/00388524.png,C:\Users\ASUS\Desktop\YOLOv11\YOLO-CV\data\sewerml_cls6_train7200\val\Deformation\00388524.png,Normal,3,0,1,0.7537029981613159,Deformation,0.24605156481266022,DepositAttachment,0.00010203786951024085,0.5076514333486557,0.560442386850794,0.3127888516711731,0.7537029981613159,0.24629700183868408,0.24629700183868408,352,288,1.222222,78,"[""Normal"", ""Deformation"", ""DepositAttachment"", ""Roots"", ""WallDamage""]","[0.7537029981613159, 0.24605156481266022, 0.00010203786951024085, 7.151769386837259e-05, 7.111953891580924e-05]","{""Deformation"": 0.24605156481266022, ""DepositAttachment"": 0.00010203786951024085, ""JointAnomaly"": 7.815021376700315e-07, ""Normal"": 0.7537029981613159, ""Roots"": 7.151769386837259e-05, ""WallDamage"": 7.111953891580924e-05}"
520,00161043,val,Roots,4,val/Roots/00161043.png,C:\Users\ASUS\Desktop\YOLOv11\YOLO-CV\data\sewerml_cls6_train7200\val\Roots\00161043.png,DepositAttachment,1,0,1,0.7513476610183716,JointAnomaly,0.24779273569583893,Roots,0.0008564786403439939,0.5035549253225327,0.5666013815157619,0.31622625204256416,6.79738505482419e-08,0.9999999320261495,0.9999999320261495,720,576,1.25,520,"[""DepositAttachment"", ""JointAnomaly"", ""Roots"", ""WallDamage"", ""Deformation""]","[0.7513476610183716, 0.24779273569583893, 0.0008564786403439939, 2.9808704766765004e-06, 1.093500827664684e-07]","{""Deformation"": 1.093500827664684e-07, ""DepositAttachment"": 0.7513476610183716, ""JointAnomaly"": 0.24779273569583893, ""Normal"": 6.79738505482419e-08, ""Roots"": 0.0008564786403439939, ""WallDamage"": 2.9808704766765004e-06}"
177,00323612,val,DepositAttachment,1,val/DepositAttachment/00323612.png,C:\Users\ASUS\Desktop\YOLOv11\YOLO-CV\data\sewerml_cls6_train7200\val\DepositAttachment\00323612.png,Normal,3,0,1,0.7449397444725037,Deformation,0.25115153193473816,WallDamage,0.003791204420849681,0.4937882125377655,0.5886123872942538,0.3285108282686214,0.7449397444725037,0.25506025552749634,0.25506025552749634,480,576,0.833333,177,"[""Normal"", ""Deformation"", ""WallDamage"", ""DepositAttachment"", ""Roots""]","[0.7449397444725037, 0.25115153193473816, 0.003791204420849681, 0.00010474921145942062, 8.422467544733081e-06]","{""Deformation"": 0.25115153193473816, ""DepositAttachment"": 0.00010474921145942062, ""JointAnomaly"": 4.296445240470348e-06, ""Normal"": 0.7449397444725037, ""Roots"": 8.422467544733081e-06, ""WallDamage"": 0.003791204420849681}"
293,00345477,val,JointAnomaly,2,val/JointAnomaly/00345477.png,C:\Users\ASUS\Desktop\YOLOv11\YOLO-CV\data\sewerml_cls6_train7200\val\JointAnomaly\00345477.png,DepositAttachment,1,0,1,0.7348638772964478,JointAnomaly,0.17398598790168762,Deformation,0.0806649923324585,0.5608778893947601,0.7858489695215322,0.43859066075431435,0.00061500642914325,0.9993849935708568,0.9993849935708568,352,288,1.222222,293,"[""DepositAttachment"", ""JointAnomaly"", ""Deformation"", ""WallDamage"", ""Normal""]","[0.7348638772964478, 0.17398598790168762, 0.0806649923324585, 0.009364090859889984, 0.00061500642914325]","{""Deformation"": 0.0806649923324585, ""DepositAttachment"": 0.7348638772964478, ""JointAnomaly"": 0.17398598790168762, ""Normal"": 0.00061500642914325, ""Roots"": 0.0005060357507318258, ""WallDamage"": 0.009364090859889984}"
88,00416204,val,Deformation,0,val/Deformation/00416204.png,C:\Users\ASUS\Desktop\YOLOv11\YOLO-CV\data\sewerml_cls6_train7200\val\Deformation\00416204.png,Normal,3,0,1,0.728446364402771,Deformation,0.26134705543518066,JointAnomaly,0.007164364214986563,0.46709930896759033,0.6352844623873906,0.3545590093412988,0.728446364402771,0.271553635597229,0.271553635597229,352,288,1.222222,88,"[""Normal"", ""Deformation"", ""JointAnomaly"", ""WallDamage"", ""DepositAttachment""]","[0.728446364402771, 0.26134705543518066, 0.007164364214986563, 0.002832359867170453, 0.00020936332293786108]","{""Deformation"": 0.26134705543518066, ""DepositAttachment"": 0.00020936332293786108, ""JointAnomaly"": 0.007164364214986563, ""Normal"": 0.728446364402771, ""Roots"": 4.919517095913761e-07, ""WallDamage"": 0.002832359867170453}"
254,00033227,val,JointAnomaly,2,val/JointAnomaly/00033227.png,C:\Users\ASUS\Desktop\YOLOv11\YOLO-CV\data\sewerml_cls6_train7200\val\JointAnomaly\00033227.png,DepositAttachment,1,0,1,0.7214497327804565,JointAnomaly,0.21462194621562958,Roots,0.06373390555381775,0.506827786564827,0.743124460276783,0.41474565813063285,3.8717087591066957e-05,0.9999612829124089,0.9999612829124089,720,576,1.25,254,"[""DepositAttachment"", ""JointAnomaly"", ""Roots"", ""WallDamage"", ""Normal""]","[0.7214497327804565, 0.21462194621562958, 0.06373390555381775, 0.00012339964450802654, 3.8717087591066957e-05]","{""Deformation"": 3.2281015592161566e-05, ""DepositAttachment"": 0.7214497327804565, ""JointAnomaly"": 0.21462194621562958, ""Normal"": 3.8717087591066957e-05, ""Roots"": 0.06373390555381775, ""WallDamage"": 0.00012339964450802654}"
262,00138573,val,JointAnomaly,2,val/JointAnomaly/00138573.png,C:\Users\ASUS\Desktop\YOLOv11\YOLO-CV\data\sewerml_cls6_train7200\val\JointAnomaly\00138573.png,Roots,4,0,1,0.7206015586853027,JointAnomaly,0.2793482840061188,WallDamage,3.7063786294311285e-05,0.44125327467918396,0.5928972861394584,0.3309022758478272,3.4306196994293714e-07,0.9999996569380301,0.9999996569380301,720,576,1.25,262,"[""Roots"", ""JointAnomaly"", ""WallDamage"", ""DepositAttachment"", ""Normal""]","[0.7206015586853027, 0.2793482840061188, 3.7063786294311285e-05, 1.2736451026285067e-05, 3.4306196994293714e-07]","{""Deformation"": 1.1319117865227213e-10, ""DepositAttachment"": 1.2736451026285067e-05, ""JointAnomaly"": 0.2793482840061188, ""Normal"": 3.4306196994293714e-07, ""Roots"": 0.7206015586853027, ""WallDamage"": 3.7063786294311285e-05}"
299,00383962,val,JointAnomaly,2,val/JointAnomaly/00383962.png,C:\Users\ASUS\Desktop\YOLOv11\YOLO-CV\data\sewerml_cls6_train7200\val\JointAnomaly\00383962.png,Roots,4,0,1,0.7165593504905701,WallDamage,0.280097633600235,DepositAttachment,0.0022256074007600546,0.4364617168903351,0.616477800984839,0.3440628117625836,9.235413358510414e-07,0.9999990764586641,0.9999990764586641,352,288,1.222222,299,"[""Roots"", ""WallDamage"", ""DepositAttachment"", ""JointAnomaly"", ""Normal""]","[0.7165593504905701, 0.280097633600235, 0.0022256074007600546, 0.001116483355872333, 9.235413358510414e-07]","{""Deformation"": 4.96515539794018e-09, ""DepositAttachment"": 0.0022256074007600546, ""JointAnomaly"": 0.001116483355872333, ""Normal"": 9.235413358510414e-07, ""Roots"": 0.7165593504905701, ""WallDamage"": 0.280097633600235}"
624,00167290,val,WallDamage,5,val/WallDamage/00167290.png,C:\Users\ASUS\Desktop\YOLOv11\YOLO-CV\data\sewerml_cls6_train7200\val\WallDamage\00167290.png,JointAnomaly,2,0,1,0.7144626379013062,DepositAttachment,0.15022478997707367,Roots,0.07460668683052063,0.5642378479242325,0.9269269521378452,0.5173277820248907,0.002391057787463069,0.9976089422125369,0.9976089422125369,720,576,1.25,624,"[""JointAnomaly"", ""DepositAttachment"", ""Roots"", ""WallDamage"", ""Deformation""]","[0.7144626379013062, 0.15022478997707367, 0.07460668683052063, 0.04738400876522064, 0.010930818505585194]","{""Deformation"": 0.010930818505585194, ""DepositAttachment"": 0.15022478997707367, ""JointAnomaly"": 0.7144626379013062, ""Normal"": 0.002391057787463069, ""Roots"": 0.07460668683052063, ""WallDamage"": 0.04738400876522064}"
434,00395167,val,Normal,3,val/Normal/00395167.png,C:\Users\ASUS\Desktop\YOLOv11\YOLO-CV\data\sewerml_cls6_train7200\val\Normal\00395167.png,Roots,4,0,1,0.7130297422409058,WallDamage,0.22835670411586761,Normal,0.03495418280363083,0.48467303812503815,0.7867656712739179,0.439102281743699,0.03495418280363083,0.9650458171963692,0.9650458171963692,352,288,1.222222,434,"[""Roots"", ""WallDamage"", ""Normal"", ""DepositAttachment"", ""JointAnomaly""]","[0.7130297422409058, 0.22835670411586761, 0.03495418280363083, 0.02312839962542057, 0.0005310196429491043]","{""Deformation"": 3.724349995071208e-10, ""DepositAttachment"": 0.02312839962542057, ""JointAnomaly"": 0.0005310196429491043, ""Normal"": 0.03495418280363083, ""Roots"": 0.7130297422409058, ""WallDamage"": 0.22835670411586761}"
347,00499188,val,JointAnomaly,2,val/JointAnomaly/00499188.png,C:\Users\ASUS\Desktop\YOLOv11\YOLO-CV\data\sewerml_cls6_train7200\val\JointAnomaly\00499188.png,WallDamage,5,0,1,0.7091317772865295,JointAnomaly,0.2735898792743683,Roots,0.01725102588534355,0.43554189801216125,0.6686697368857616,0.37319168580917006,2.7180722099728882e-05,0.9999728192779003,0.9999728192779003,352,288,1.222222,347,"[""WallDamage"", ""JointAnomaly"", ""Roots"", ""Normal"", ""DepositAttachment""]","[0.7091317772865295, 0.2735898792743683, 0.01725102588534355, 2.7180722099728882e-05, 1.0349177870239146e-07]","{""Deformation"": 2.0211358975341653e-10, ""DepositAttachment"": 1.0349177870239146e-07, ""JointAnomaly"": 0.2735898792743683, ""Normal"": 2.7180722099728882e-05, ""Roots"": 0.01725102588534355, ""WallDamage"": 0.7091317772865295}"
266,00150728,val,JointAnomaly,2,val/JointAnomaly/00150728.png,C:\Users\ASUS\Desktop\YOLOv11\YOLO-CV\data\sewerml_cls6_train7200\val\JointAnomaly\00150728.png,DepositAttachment,1,0,1,0.7009928226470947,WallDamage,0.2981901466846466,JointAnomaly,0.0007810029201209545,0.4028026759624481,0.6158293548435261,0.3437009070803707,2.4508279238943942e-05,0.9999754917207611,0.9999754917207611,720,576,1.25,266,"[""DepositAttachment"", ""WallDamage"", ""JointAnomaly"", ""Normal"", ""Roots""]","[0.7009928226470947, 0.2981901466846466, 0.0007810029201209545, 2.4508279238943942e-05, 1.1507983799674548e-05]","{""Deformation"": 2.963515544074369e-10, ""DepositAttachment"": 0.7009928226470947, ""JointAnomaly"": 0.0007810029201209545, ""Normal"": 2.4508279238943942e-05, ""Roots"": 1.1507983799674548e-05, ""WallDamage"": 0.2981901466846466}"
74,00373526,val,Deformation,0,val/Deformation/00373526.png,C:\Users\ASUS\Desktop\YOLOv11\YOLO-CV\data\sewerml_cls6_train7200\val\Deformation\00373526.png,DepositAttachment,1,0,1,0.6895342469215393,Deformation,0.3062225878238678,Normal,0.00420797523111105,0.3833116590976715,0.6421124150323898,0.3583697622700616,0.00420797523111105,0.995792024768889,0.995792024768889,352,288,1.222222,74,"[""DepositAttachment"", ""Deformation"", ""Normal"", ""JointAnomaly"", ""Roots""]","[0.6895342469215393, 0.3062225878238678, 0.00420797523111105, 3.355071021360345e-05, 1.5233489421007107e-06]","{""Deformation"": 0.3062225878238678, ""DepositAttachment"": 0.6895342469215393, ""JointAnomaly"": 3.355071021360345e-05, ""Normal"": 0.00420797523111105, ""Roots"": 1.5233489421007107e-06, ""WallDamage"": 1.1092321017258655e-07}"
642,00309016,val,WallDamage,5,val/WallDamage/00309016.png,C:\Users\ASUS\Desktop\YOLOv11\YOLO-CV\data\sewerml_cls6_train7200\val\WallDamage\00309016.png,Normal,3,0,1,0.6891700625419617,JointAnomaly,0.2269706130027771,WallDamage,0.08115289360284805,0.46219944953918457,0.8150949782361095,0.45491316900213036,0.6891700625419617,0.31082993745803833,0.31082993745803833,352,288,1.222222,642,"[""Normal"", ""JointAnomaly"", ""WallDamage"", ""Roots"", ""DepositAttachment""]","[0.6891700625419617, 0.2269706130027771, 0.08115289360284805, 0.0018000185955315828, 0.0007469794363714755]","{""Deformation"": 0.00015942833852022886, ""DepositAttachment"": 0.0007469794363714755, ""JointAnomaly"": 0.2269706130027771, ""Normal"": 0.6891700625419617, ""Roots"": 0.0018000185955315828, ""WallDamage"": 0.08115289360284805}"
259,00130462,val,JointAnomaly,2,val/JointAnomaly/00130462.png,C:\Users\ASUS\Desktop\YOLOv11\YOLO-CV\data\sewerml_cls6_train7200\val\JointAnomaly\00130462.png,Roots,4,0,1,0.6831445097923279,JointAnomaly,0.30344393849372864,WallDamage,0.012881742790341377,0.37970057129859924,0.6823373453489,0.3808197233319894,2.178475187974982e-05,0.9999782152481203,0.9999782152481203,720,576,1.25,259,"[""Roots"", ""JointAnomaly"", ""WallDamage"", ""DepositAttachment"", ""Normal""]","[0.6831445097923279, 0.30344393849372864, 0.012881742790341377, 0.0005075883236713707, 2.178475187974982e-05]","{""Deformation"": 4.323231337366451e-07, ""DepositAttachment"": 0.0005075883236713707, ""JointAnomaly"": 0.30344393849372864, ""Normal"": 2.178475187974982e-05, ""Roots"": 0.6831445097923279, ""WallDamage"": 0.012881742790341377}"
346,00491740,val,JointAnomaly,2,val/JointAnomaly/00491740.png,C:\Users\ASUS\Desktop\YOLOv11\YOLO-CV\data\sewerml_cls6_train7200\val\JointAnomaly\00491740.png,Roots,4,0,1,0.681993305683136,JointAnomaly,0.3114449381828308,DepositAttachment,0.006560844834893942,0.3705483675003052,0.6573261554834544,0.3668607124853933,2.2464878846051306e-09,0.9999999977535121,0.9999999977535121,352,288,1.222222,346,"[""Roots"", ""JointAnomaly"", ""DepositAttachment"", ""WallDamage"", ""Normal""]","[0.681993305683136, 0.3114449381828308, 0.006560844834893942, 9.669856808613986e-07, 2.2464878846051306e-09]","{""Deformation"": 1.1708634062301826e-09, ""DepositAttachment"": 0.006560844834893942, ""JointAnomaly"": 0.3114449381828308, ""Normal"": 2.2464878846051306e-09, ""Roots"": 0.681993305683136, ""WallDamage"": 9.669856808613986e-07}"
356,00504555,val,JointAnomaly,2,val/JointAnomaly/00504555.png,C:\Users\ASUS\Desktop\YOLOv11\YOLO-CV\data\sewerml_cls6_train7200\val\JointAnomaly\00504555.png,WallDamage,5,0,1,0.6816312670707703,Normal,0.28890475630760193,JointAnomaly,0.02208552323281765,0.39272651076316833,0.7456414256139867,0.4161504032319874,0.28890475630760193,0.7110952436923981,0.7110952436923981,480,576,0.833333,356,"[""WallDamage"", ""Normal"", ""JointAnomaly"", ""Roots"", ""Deformation""]","[0.6816312670707703, 0.28890475630760193, 0.02208552323281765, 0.005557838827371597, 0.0012644757516682148]","{""Deformation"": 0.0012644757516682148, ""DepositAttachment"": 0.0005561985308304429, ""JointAnomaly"": 0.02208552323281765, ""Normal"": 0.28890475630760193, ""Roots"": 0.005557838827371597, ""WallDamage"": 0.6816312670707703}"
529,00293360,val,Roots,4,val/Roots/00293360.png,C:\Users\ASUS\Desktop\YOLOv11\YOLO-CV\data\sewerml_cls6_train7200\val\Roots\00293360.png,Normal,3,0,1,0.6715241074562073,JointAnomaly,0.2588104009628296,WallDamage,0.0431821383535862,0.4127137064933777,0.8697788382223675,0.4854328123613014,0.6715241074562073,0.3284758925437927,0.3284758925437927,352,288,1.222222,529,"[""Normal"", ""JointAnomaly"", ""WallDamage"", ""Roots"", ""DepositAttachment""]","[0.6715241074562073, 0.2588104009628296, 0.0431821383535862, 0.01677883416414261, 0.0086712297052145]","{""Deformation"": 0.0010332714300602674, ""DepositAttachment"": 0.0086712297052145, ""JointAnomaly"": 0.2588104009628296, ""Normal"": 0.6715241074562073, ""Roots"": 0.01677883416414261, ""WallDamage"": 0.0431821383535862}"
284,00303511,val,JointAnomaly,2,val/JointAnomaly/00303511.png,C:\Users\ASUS\Desktop\YOLOv11\YOLO-CV\data\sewerml_cls6_train7200\val\JointAnomaly\00303511.png,WallDamage,5,0,1,0.6657796502113342,JointAnomaly,0.3320138454437256,Roots,0.0021433355286717415,0.33376580476760864,0.6507192939120079,0.3631733528342159,1.0612187907099724e-05,0.9999893878120929,0.9999893878120929,352,288,1.222222,284,"[""WallDamage"", ""JointAnomaly"", ""Roots"", ""DepositAttachment"", ""Normal""]","[0.6657796502113342, 0.3320138454437256, 0.0021433355286717415, 5.2490548114292324e-05, 1.0612187907099724e-05]","{""Deformation"": 3.5860409752785927e-08, ""DepositAttachment"": 5.2490548114292324e-05, ""JointAnomaly"": 0.3320138454437256, ""Normal"": 1.0612187907099724e-05, ""Roots"": 0.0021433355286717415, ""WallDamage"": 0.6657796502113342}"
571,00429339,val,Roots,4,val/Roots/00429339.png,C:\Users\ASUS\Desktop\YOLOv11\YOLO-CV\data\sewerml_cls6_train7200\val\Roots\00429339.png,JointAnomaly,2,0,1,0.6587666273117065,Roots,0.3338778614997864,WallDamage,0.007317834999412298,0.32488876581192017,0.6775864920279003,0.37816822160835317,1.3654626318526653e-09,0.9999999986345374,0.9999999986345374,352,288,1.222222,571,"[""JointAnomaly"", ""Roots"", ""WallDamage"", ""DepositAttachment"", ""Normal""]","[0.6587666273117065, 0.3338778614997864, 0.007317834999412298, 3.771659612539224e-05, 1.3654626318526653e-09]","{""Deformation"": 4.1800626848775835e-10, ""DepositAttachment"": 3.771659612539224e-05, ""JointAnomaly"": 0.6587666273117065, ""Normal"": 1.3654626318526653e-09, ""Roots"": 0.3338778614997864, ""WallDamage"": 0.007317834999412298}"
483,00005935,val,Roots,4,val/Roots/00005935.png,C:\Users\ASUS\Desktop\YOLOv11\YOLO-CV\data\sewerml_cls6_train7200\val\Roots\00005935.png,JointAnomaly,2,0,1,0.6431582570075989,Roots,0.35677415132522583,WallDamage,6.440174183808267e-05,0.28638410568237305,0.6522397951235408,0.3640219607180565,2.986991903819458e-11,0.9999999999701301,0.9999999999701301,720,576,1.25,483,"[""JointAnomaly"", ""Roots"", ""WallDamage"", ""DepositAttachment"", ""Deformation""]","[0.6431582570075989, 0.35677415132522583, 6.440174183808267e-05, 3.2402460874436656e-06, 1.4826516681054613e-09]","{""Deformation"": 1.4826516681054613e-09, ""DepositAttachment"": 3.2402460874436656e-06, ""JointAnomaly"": 0.6431582570075989, ""Normal"": 2.986991903819458e-11, ""Roots"": 0.35677415132522583, ""WallDamage"": 6.440174183808267e-05}"
209,00417402,val,DepositAttachment,1,val/DepositAttachment/00417402.png,C:\Users\ASUS\Desktop\YOLOv11\YOLO-CV\data\sewerml_cls6_train7200\val\DepositAttachment\00417402.png,Roots,4,0,1,0.6352384090423584,DepositAttachment,0.35223859548568726,JointAnomaly,0.00782910268753767,0.28299981355667114,0.7191203937446679,0.4013487335186162,3.352931162226014e-05,0.9999664706883777,0.9999664706883777,352,288,1.222222,209,"[""Roots"", ""DepositAttachment"", ""JointAnomaly"", ""WallDamage"", ""Normal""]","[0.6352384090423584, 0.35223859548568726, 0.00782910268753767, 0.004660316742956638, 3.352931162226014e-05]","{""Deformation"": 6.907266314470917e-09, ""DepositAttachment"": 0.35223859548568726, ""JointAnomaly"": 0.00782910268753767, ""Normal"": 3.352931162226014e-05, ""Roots"": 0.6352384090423584, ""WallDamage"": 0.004660316742956638}"
198,00385152,val,DepositAttachment,1,val/DepositAttachment/00385152.png,C:\Users\ASUS\Desktop\YOLOv11\YOLO-CV\data\sewerml_cls6_train7200\val\DepositAttachment\00385152.png,Normal,3,0,1,0.6328774094581604,DepositAttachment,0.3350622057914734,WallDamage,0.0261014886200428,0.297815203666687,0.7834118128856129,0.4372304577372379,0.6328774094581604,0.3671225905418396,0.3671225905418396,352,288,1.222222,198,"[""Normal"", ""DepositAttachment"", ""WallDamage"", ""JointAnomaly"", ""Deformation""]","[0.6328774094581604, 0.3350622057914734, 0.0261014886200428, 0.0054251328110694885, 0.000528405187651515]","{""Deformation"": 0.000528405187651515, ""DepositAttachment"": 0.3350622057914734, ""JointAnomaly"": 0.0054251328110694885, ""Normal"": 0.6328774094581604, ""Roots"": 5.401243015512591e-06, ""WallDamage"": 0.0261014886200428}"
361,00000467,val,Normal,3,val/Normal/00000467.png,C:\Users\ASUS\Desktop\YOLOv11\YOLO-CV\data\sewerml_cls6_train7200\val\Normal\00000467.png,Deformation,0,0,1,0.6315141320228577,Normal,0.36527547240257263,DepositAttachment,0.00296079576946795,0.26623865962028503,0.6775636258684695,0.37815545976178644,0.36527547240257263,0.6347245275974274,0.6347245275974274,352,288,1.222222,361,"[""Deformation"", ""Normal"", ""DepositAttachment"", ""WallDamage"", ""JointAnomaly""]","[0.6315141320228577, 0.36527547240257263, 0.00296079576946795, 0.00020434573525562882, 4.5189812226453796e-05]","{""Deformation"": 0.6315141320228577, ""DepositAttachment"": 0.00296079576946795, ""JointAnomaly"": 4.5189812226453796e-05, ""Normal"": 0.36527547240257263, ""Roots"": 3.804973403020995e-08, ""WallDamage"": 0.00020434573525562882}"
712,00487917,val,WallDamage,5,val/WallDamage/00487917.png,C:\Users\ASUS\Desktop\YOLOv11\YOLO-CV\data\sewerml_cls6_train7200\val\WallDamage\00487917.png,DepositAttachment,1,0,1,0.6313483715057373,JointAnomaly,0.2714548707008362,Roots,0.07991129159927368,0.3598935008049011,0.9290721035014027,0.5185250137964531,0.003034333698451519,0.9969656663015485,0.9969656663015485,352,288,1.222222,712,"[""DepositAttachment"", ""JointAnomaly"", ""Roots"", ""WallDamage"", ""Normal""]","[0.6313483715057373, 0.2714548707008362, 0.07991129159927368, 0.012815853580832481, 0.003034333698451519]","{""Deformation"": 0.0014352260623127222, ""DepositAttachment"": 0.6313483715057373, ""JointAnomaly"": 0.2714548707008362, ""Normal"": 0.003034333698451519, ""Roots"": 0.07991129159927368, ""WallDamage"": 0.012815853580832481}"
182,00336513,val,DepositAttachment,1,val/DepositAttachment/00336513.png,C:\Users\ASUS\Desktop\YOLOv11\YOLO-CV\data\sewerml_cls6_train7200\val\DepositAttachment\00336513.png,JointAnomaly,2,0,1,0.6285010576248169,DepositAttachment,0.24383486807346344,WallDamage,0.1237756609916687,0.38466618955135345,0.9169341946586341,0.5117507178871936,0.00018366378208156675,0.9998163362179184,0.9998163362179184,352,288,1.222222,182,"[""JointAnomaly"", ""DepositAttachment"", ""WallDamage"", ""Roots"", ""Normal""]","[0.6285010576248169, 0.24383486807346344, 0.1237756609916687, 0.0037036568392068148, 0.00018366378208156675]","{""Deformation"": 1.0670371466403594e-06, ""DepositAttachment"": 0.24383486807346344, ""JointAnomaly"": 0.6285010576248169, ""Normal"": 0.00018366378208156675, ""Roots"": 0.0037036568392068148, ""WallDamage"": 0.1237756609916687}"
143,00147722,val,DepositAttachment,1,val/DepositAttachment/00147722.png,C:\Users\ASUS\Desktop\YOLOv11\YOLO-CV\data\sewerml_cls6_train7200\val\DepositAttachment\00147722.png,Normal,3,0,1,0.6243247389793396,DepositAttachment,0.32435858249664307,Deformation,0.04450386017560959,0.29996615648269653,0.8356535981776243,0.4663871532587181,0.6243247389793396,0.3756752610206604,0.3756752610206604,720,576,1.25,143,"[""Normal"", ""DepositAttachment"", ""Deformation"", ""WallDamage"", ""JointAnomaly""]","[0.6243247389793396, 0.32435858249664307, 0.04450386017560959, 0.0051284534856677055, 0.0016775907715782523]","{""Deformation"": 0.04450386017560959, ""DepositAttachment"": 0.32435858249664307, ""JointAnomaly"": 0.0016775907715782523, ""Normal"": 0.6243247389793396, ""Roots"": 6.7258929448144045e-06, ""WallDamage"": 0.0051284534856677055}"
218,00437588,val,DepositAttachment,1,val/DepositAttachment/00437588.png,C:\Users\ASUS\Desktop\YOLOv11\YOLO-CV\data\sewerml_cls6_train7200\val\DepositAttachment\00437588.png,JointAnomaly,2,0,1,0.6215907335281372,Roots,0.21052993834018707,DepositAttachment,0.11187580227851868,0.41106079518795013,1.061287765346961,0.5923159796689655,0.013768154196441174,0.9862318458035588,0.9862318458035588,352,288,1.222222,218,"[""JointAnomaly"", ""Roots"", ""DepositAttachment"", ""WallDamage"", ""Normal""]","[0.6215907335281372, 0.21052993834018707, 0.11187580227851868, 0.042235344648361206, 0.013768154196441174]","{""Deformation"": 4.9673570146069324e-08, ""DepositAttachment"": 0.11187580227851868, ""JointAnomaly"": 0.6215907335281372, ""Normal"": 0.013768154196441174, ""Roots"": 0.21052993834018707, ""WallDamage"": 0.042235344648361206}"
692,00464617,val,WallDamage,5,val/WallDamage/00464617.png,C:\Users\ASUS\Desktop\YOLOv11\YOLO-CV\data\sewerml_cls6_train7200\val\WallDamage\00464617.png,DepositAttachment,1,0,1,0.6209929585456848,WallDamage,0.2938767075538635,Normal,0.06934584677219391,0.3271162509918213,0.9140436304713677,0.5101374632975517,0.06934584677219391,0.9306541532278061,0.9306541532278061,352,288,1.222222,692,"[""DepositAttachment"", ""WallDamage"", ""Normal"", ""Roots"", ""JointAnomaly""]","[0.6209929585456848, 0.2938767075538635, 0.06934584677219391, 0.012810996733605862, 0.0029539428651332855]","{""Deformation"": 1.9551107470761053e-05, ""DepositAttachment"": 0.6209929585456848, ""JointAnomaly"": 0.0029539428651332855, ""Normal"": 0.06934584677219391, ""Roots"": 0.012810996733605862, ""WallDamage"": 0.2938767075538635}"
316,00426154,val,JointAnomaly,2,val/JointAnomaly/00426154.png,C:\Users\ASUS\Desktop\YOLOv11\YOLO-CV\data\sewerml_cls6_train7200\val\JointAnomaly\00426154.png,WallDamage,5,0,1,0.6209642887115479,Roots,0.23123756051063538,DepositAttachment,0.0972568541765213,0.3897267282009125,1.0233627362906152,0.5711496179403541,0.00296236714348197,0.997037632856518,0.997037632856518,352,288,1.222222,316,"[""WallDamage"", ""Roots"", ""DepositAttachment"", ""JointAnomaly"", ""Normal""]","[0.6209642887115479, 0.23123756051063538, 0.0972568541765213, 0.04756918177008629, 0.00296236714348197]","{""Deformation"": 9.73737860476831e-06, ""DepositAttachment"": 0.0972568541765213, ""JointAnomaly"": 0.04756918177008629, ""Normal"": 0.00296236714348197, ""Roots"": 0.23123756051063538, ""WallDamage"": 0.6209642887115479}"
651,00354515,val,WallDamage,5,val/WallDamage/00354515.png,C:\Users\ASUS\Desktop\YOLOv11\YOLO-CV\data\sewerml_cls6_train7200\val\WallDamage\00354515.png,JointAnomaly,2,0,1,0.6144102215766907,WallDamage,0.38556286692619324,Roots,2.5926077796611935e-05,0.22884735465049744,0.6670229846993265,0.3722726159146241,8.710811698620091e-07,0.9999991289188301,0.9999991289188301,352,288,1.222222,651,"[""JointAnomaly"", ""WallDamage"", ""Roots"", ""Normal"", ""DepositAttachment""]","[0.6144102215766907, 0.38556286692619324, 2.5926077796611935e-05, 8.710811698620091e-07, 8.378946603215809e-08]","{""Deformation"": 3.759947075909764e-10, ""DepositAttachment"": 8.378946603215809e-08, ""JointAnomaly"": 0.6144102215766907, ""Normal"": 8.710811698620091e-07, ""Roots"": 2.5926077796611935e-05, ""WallDamage"": 0.38556286692619324}"
228,00458384,val,DepositAttachment,1,val/DepositAttachment/00458384.png,C:\Users\ASUS\Desktop\YOLOv11\YOLO-CV\data\sewerml_cls6_train7200\val\DepositAttachment\00458384.png,Deformation,0,0,1,0.6129730939865112,Normal,0.18773828446865082,WallDamage,0.13176243007183075,0.4252348095178604,1.1316052895817612,0.6315609371771823,0.18773828446865082,0.8122617155313492,0.8122617155313492,352,288,1.222222,228,"[""Deformation"", ""Normal"", ""WallDamage"", ""DepositAttachment"", ""JointAnomaly""]","[0.6129730939865112, 0.18773828446865082, 0.13176243007183075, 0.03561858460307121, 0.018157679587602615]","{""Deformation"": 0.6129730939865112, ""DepositAttachment"": 0.03561858460307121, ""JointAnomaly"": 0.018157679587602615, ""Normal"": 0.18773828446865082, ""Roots"": 0.013749934732913971, ""WallDamage"": 0.13176243007183075}"
197,00383542,val,DepositAttachment,1,val/DepositAttachment/00383542.png,C:\Users\ASUS\Desktop\YOLOv11\YOLO-CV\data\sewerml_cls6_train7200\val\DepositAttachment\00383542.png,JointAnomaly,2,0,1,0.611993670463562,DepositAttachment,0.2401205152273178,WallDamage,0.1016218513250351,0.3718731552362442,1.0268834195613517,0.5731145486864733,0.0021500869188457727,0.9978499130811542,0.9978499130811542,352,288,1.222222,197,"[""JointAnomaly"", ""DepositAttachment"", ""WallDamage"", ""Roots"", ""Normal""]","[0.611993670463562, 0.2401205152273178, 0.1016218513250351, 0.04403599724173546, 0.0021500869188457727]","{""Deformation"": 7.791254756739363e-05, ""DepositAttachment"": 0.2401205152273178, ""JointAnomaly"": 0.611993670463562, ""Normal"": 0.0021500869188457727, ""Roots"": 0.04403599724173546, ""WallDamage"": 0.1016218513250351}"
614,00139073,val,WallDamage,5,val/WallDamage/00139073.png,C:\Users\ASUS\Desktop\YOLOv11\YOLO-CV\data\sewerml_cls6_train7200\val\WallDamage\00139073.png,JointAnomaly,2,0,1,0.6045967936515808,WallDamage,0.38955190777778625,DepositAttachment,0.004943135194480419,0.21504488587379456,0.7044346902359597,0.39315248633202526,8.676667494000867e-05,0.99991323332506,0.99991323332506,720,576,1.25,614,"[""JointAnomaly"", ""WallDamage"", ""DepositAttachment"", ""Roots"", ""Normal""]","[0.6045967936515808, 0.38955190777778625, 0.004943135194480419, 0.000810377998277545, 8.676667494000867e-05]","{""Deformation"": 1.1009346962964628e-05, ""DepositAttachment"": 0.004943135194480419, ""JointAnomaly"": 0.6045967936515808, ""Normal"": 8.676667494000867e-05, ""Roots"": 0.000810377998277545, ""WallDamage"": 0.38955190777778625}"
670,00409048,val,WallDamage,5,val/WallDamage/00409048.png,C:\Users\ASUS\Desktop\YOLOv11\YOLO-CV\data\sewerml_cls6_train7200\val\WallDamage\00409048.png,DepositAttachment,1,0,1,0.5948412418365479,Normal,0.2818647027015686,WallDamage,0.09507081657648087,0.31297653913497925,1.0062311501070877,0.5615882976416489,0.2818647027015686,0.7181352972984314,0.7181352972984314,352,288,1.222222,670,"[""DepositAttachment"", ""Normal"", ""WallDamage"", ""Roots"", ""JointAnomaly""]","[0.5948412418365479, 0.2818647027015686, 0.09507081657648087, 0.02283899486064911, 0.004650782328099012]","{""Deformation"": 0.000733449007384479, ""DepositAttachment"": 0.5948412418365479, ""JointAnomaly"": 0.004650782328099012, ""Normal"": 0.2818647027015686, ""Roots"": 0.02283899486064911, ""WallDamage"": 0.09507081657648087}"
407,00339297,val,Normal,3,val/Normal/00339297.png,C:\Users\ASUS\Desktop\YOLOv11\YOLO-CV\data\sewerml_cls6_train7200\val\Normal\00339297.png,WallDamage,5,0,1,0.5893208980560303,JointAnomaly,0.24936895072460175,DepositAttachment,0.13678108155727386,0.33995194733142853,1.0230399362749765,0.5709694598213751,0.02417401410639286,0.9758259858936071,0.9758259858936071,352,288,1.222222,407,"[""WallDamage"", ""JointAnomaly"", ""DepositAttachment"", ""Normal"", ""Roots""]","[0.5893208980560303, 0.24936895072460175, 0.13678108155727386, 0.02417401410639286, 0.0002881985856220126]","{""Deformation"": 6.677249621134251e-05, ""DepositAttachment"": 0.13678108155727386, ""JointAnomaly"": 0.24936895072460175, ""Normal"": 0.02417401410639286, ""Roots"": 0.0002881985856220126, ""WallDamage"": 0.5893208980560303}"
145,00147814,val,DepositAttachment,1,val/DepositAttachment/00147814.png,C:\Users\ASUS\Desktop\YOLOv11\YOLO-CV\data\sewerml_cls6_train7200\val\DepositAttachment\00147814.png,Deformation,0,0,1,0.5777616500854492,DepositAttachment,0.3973441421985626,Normal,0.015499738045036793,0.1804175078868866,0.7961457361563714,0.44433739563233643,0.015499738045036793,0.9845002619549632,0.9845002619549632,720,576,1.25,145,"[""Deformation"", ""DepositAttachment"", ""Normal"", ""WallDamage"", ""JointAnomaly""]","[0.5777616500854492, 0.3973441421985626, 0.015499738045036793, 0.008073979988694191, 0.0012715483317151666]","{""Deformation"": 0.5777616500854492, ""DepositAttachment"": 0.3973441421985626, ""JointAnomaly"": 0.0012715483317151666, ""Normal"": 0.015499738045036793, ""Roots"": 4.8930982302408665e-05, ""WallDamage"": 0.008073979988694191}"
649,00338050,val,WallDamage,5,val/WallDamage/00338050.png,C:\Users\ASUS\Desktop\YOLOv11\YOLO-CV\data\sewerml_cls6_train7200\val\WallDamage\00338050.png,JointAnomaly,2,0,1,0.5617886185646057,DepositAttachment,0.236283078789711,Normal,0.15137259662151337,0.3255055397748947,1.1021093154227126,0.6150989205585363,0.15137259662151337,0.8486274033784866,0.8486274033784866,352,288,1.222222,649,"[""JointAnomaly"", ""DepositAttachment"", ""Normal"", ""WallDamage"", ""Roots""]","[0.5617886185646057, 0.236283078789711, 0.15137259662151337, 0.05048375204205513, 4.876604361925274e-05]","{""Deformation"": 2.313085860805586e-05, ""DepositAttachment"": 0.236283078789711, ""JointAnomaly"": 0.5617886185646057, ""Normal"": 0.15137259662151337, ""Roots"": 4.876604361925274e-05, ""WallDamage"": 0.05048375204205513}"
338,00469516,val,JointAnomaly,2,val/JointAnomaly/00469516.png,C:\Users\ASUS\Desktop\YOLOv11\YOLO-CV\data\sewerml_cls6_train7200\val\JointAnomaly\00469516.png,Roots,4,0,1,0.5570616126060486,WallDamage,0.38881102204322815,JointAnomaly,0.05344528332352638,0.16825059056282043,0.8551280542443869,0.47725605413588373,0.00015400144911836833,0.9998459985508816,0.9998459985508816,352,288,1.222222,338,"[""Roots"", ""WallDamage"", ""JointAnomaly"", ""DepositAttachment"", ""Normal""]","[0.5570616126060486, 0.38881102204322815, 0.05344528332352638, 0.0005239893216639757, 0.00015400144911836833]","{""Deformation"": 4.135450126341311e-06, ""DepositAttachment"": 0.0005239893216639757, ""JointAnomaly"": 0.05344528332352638, ""Normal"": 0.00015400144911836833, ""Roots"": 0.5570616126060486, ""WallDamage"": 0.38881102204322815}"
569,00427146,val,Roots,4,val/Roots/00427146.png,C:\Users\ASUS\Desktop\YOLOv11\YOLO-CV\data\sewerml_cls6_train7200\val\Roots\00427146.png,JointAnomaly,2,0,1,0.555347740650177,WallDamage,0.35692983865737915,Roots,0.08700215816497803,0.19841790199279785,0.9123498245155394,0.5091921321942882,0.0001335746346740052,0.999866425365326,0.999866425365326,352,288,1.222222,569,"[""JointAnomaly"", ""WallDamage"", ""Roots"", ""DepositAttachment"", ""Normal""]","[0.555347740650177, 0.35692983865737915, 0.08700215816497803, 0.0005866638966836035, 0.0001335746346740052]","{""Deformation"": 2.2150715039970237e-08, ""DepositAttachment"": 0.0005866638966836035, ""JointAnomaly"": 0.555347740650177, ""Normal"": 0.0001335746346740052, ""Roots"": 0.08700215816497803, ""WallDamage"": 0.35692983865737915}"
630,00286595,val,WallDamage,5,val/WallDamage/00286595.png,C:\Users\ASUS\Desktop\YOLOv11\YOLO-CV\data\sewerml_cls6_train7200\val\WallDamage\00286595.png,Roots,4,0,1,0.5427804589271545,Normal,0.4558909237384796,WallDamage,0.0007091306615620852,0.08688953518867493,0.7000648352014383,0.39071362380077035,0.4558909237384796,0.5441090762615204,0.5441090762615204,352,288,1.222222,630,"[""Roots"", ""Normal"", ""WallDamage"", ""JointAnomaly"", ""DepositAttachment""]","[0.5427804589271545, 0.4558909237384796, 0.0007091306615620852, 0.0003796881646849215, 0.00013700446288567036]","{""Deformation"": 0.00010281427239533514, ""DepositAttachment"": 0.00013700446288567036, ""JointAnomaly"": 0.0003796881646849215, ""Normal"": 0.4558909237384796, ""Roots"": 0.5427804589271545, ""WallDamage"": 0.0007091306615620852}"
608,00017532,val,WallDamage,5,val/WallDamage/00017532.png,C:\Users\ASUS\Desktop\YOLOv11\YOLO-CV\data\sewerml_cls6_train7200\val\WallDamage\00017532.png,JointAnomaly,2,0,1,0.5341730713844299,WallDamage,0.4576859176158905,Roots,0.007887551560997963,0.07648715376853943,0.7329605655151947,0.4090730804570418,6.675252279819688e-07,0.999999332474772,0.999999332474772,720,576,1.25,608,"[""JointAnomaly"", ""WallDamage"", ""Roots"", ""DepositAttachment"", ""Normal""]","[0.5341730713844299, 0.4576859176158905, 0.007887551560997963, 0.00025259621907025576, 6.675252279819688e-07]","{""Deformation"": 2.2517065190186258e-07, ""DepositAttachment"": 0.00025259621907025576, ""JointAnomaly"": 0.5341730713844299, ""Normal"": 6.675252279819688e-07, ""Roots"": 0.007887551560997963, ""WallDamage"": 0.4576859176158905}"
4,00015816,val,Deformation,0,val/Deformation/00015816.png,C:\Users\ASUS\Desktop\YOLOv11\YOLO-CV\data\sewerml_cls6_train7200\val\Deformation\00015816.png,DepositAttachment,1,0,1,0.5327770113945007,Deformation,0.46009528636932373,WallDamage,0.00593973184004426,0.072681725025177,0.7323862770158808,0.4087525639428686,0.0003133750578854233,0.9996866249421146,0.9996866249421146,720,576,1.25,4,"[""DepositAttachment"", ""Deformation"", ""WallDamage"", ""JointAnomaly"", ""Roots""]","[0.5327770113945007, 0.46009528636932373, 0.00593973184004426, 0.0004623043059837073, 0.0004123848339077085]","{""Deformation"": 0.46009528636932373, ""DepositAttachment"": 0.5327770113945007, ""JointAnomaly"": 0.0004623043059837073, ""Normal"": 0.0003133750578854233, ""Roots"": 0.0004123848339077085, ""WallDamage"": 0.00593973184004426}"
362,00002200,val,Normal,3,val/Normal/00002200.png,C:\Users\ASUS\Desktop\YOLOv11\YOLO-CV\data\sewerml_cls6_train7200\val\Normal\00002200.png,JointAnomaly,2,0,1,0.5278628468513489,Normal,0.346072793006897,WallDamage,0.10803605616092682,0.1817900538444519,1.0176851146884898,0.5679808769906709,0.346072793006897,0.653927206993103,0.653927206993103,720,576,1.25,362,"[""JointAnomaly"", ""Normal"", ""WallDamage"", ""DepositAttachment"", ""Roots""]","[0.5278628468513489, 0.346072793006897, 0.10803605616092682, 0.017970101907849312, 5.804298052680679e-05]","{""Deformation"": 2.1078122358630935e-07, ""DepositAttachment"": 0.017970101907849312, ""JointAnomaly"": 0.5278628468513489, ""Normal"": 0.346072793006897, ""Roots"": 5.804298052680679e-05, ""WallDamage"": 0.10803605616092682}"
355,00504495,val,JointAnomaly,2,val/JointAnomaly/00504495.png,C:\Users\ASUS\Desktop\YOLOv11\YOLO-CV\data\sewerml_cls6_train7200\val\JointAnomaly\00504495.png,Roots,4,0,1,0.5199674367904663,JointAnomaly,0.32879525423049927,WallDamage,0.14869163930416107,0.19117218255996704,1.0043743737042399,0.5605520110000899,6.708057753712637e-08,0.9999999329194225,0.9999999329194225,480,576,0.833333,355,"[""Roots"", ""JointAnomaly"", ""WallDamage"", ""DepositAttachment"", ""Normal""]","[0.5199674367904663, 0.32879525423049927, 0.14869163930416107, 0.002545658266171813, 6.708057753712637e-08]","{""Deformation"": 6.558097398468021e-10, ""DepositAttachment"": 0.002545658266171813, ""JointAnomaly"": 0.32879525423049927, ""Normal"": 6.708057753712637e-08, ""Roots"": 0.5199674367904663, ""WallDamage"": 0.14869163930416107}"
444,00430291,val,Normal,3,val/Normal/00430291.png,C:\Users\ASUS\Desktop\YOLOv11\YOLO-CV\data\sewerml_cls6_train7200\val\Normal\00430291.png,JointAnomaly,2,0,1,0.517859935760498,Roots,0.2661947011947632,WallDamage,0.1146046593785286,0.25166523456573486,1.242770879663986,0.6936036343089119,0.039242833852767944,0.9607571661472321,0.9607571661472321,352,288,1.222222,444,"[""JointAnomaly"", ""Roots"", ""WallDamage"", ""Deformation"", ""Normal""]","[0.517859935760498, 0.2661947011947632, 0.1146046593785286, 0.06182147562503815, 0.039242833852767944]","{""Deformation"": 0.06182147562503815, ""DepositAttachment"": 0.0002763780648820102, ""JointAnomaly"": 0.517859935760498, ""Normal"": 0.039242833852767944, ""Roots"": 0.2661947011947632, ""WallDamage"": 0.1146046593785286}"
175,00318025,val,DepositAttachment,1,val/DepositAttachment/00318025.png,C:\Users\ASUS\Desktop\YOLOv11\YOLO-CV\data\sewerml_cls6_train7200\val\DepositAttachment\00318025.png,JointAnomaly,2,0,1,0.5078200697898865,WallDamage,0.42791664600372314,DepositAttachment,0.06324350088834763,0.07990342378616333,0.8892141304774416,0.49627985549898745,6.734044291079044e-05,0.9999326595570892,0.9999326595570892,352,288,1.222222,175,"[""JointAnomaly"", ""WallDamage"", ""DepositAttachment"", ""Roots"", ""Normal""]","[0.5078200697898865, 0.42791664600372314, 0.06324350088834763, 0.0009522548061795533, 6.734044291079044e-05]","{""Deformation"": 1.359965864367041e-07, ""DepositAttachment"": 0.06324350088834763, ""JointAnomaly"": 0.5078200697898865, ""Normal"": 6.734044291079044e-05, ""Roots"": 0.0009522548061795533, ""WallDamage"": 0.42791664600372314}"
680,00425869,val,WallDamage,5,val/WallDamage/00425869.png,C:\Users\ASUS\Desktop\YOLOv11\YOLO-CV\data\sewerml_cls6_train7200\val\WallDamage\00425869.png,JointAnomaly,2,0,1,0.5054709911346436,WallDamage,0.47337791323661804,Normal,0.01414661668241024,0.03209307789802551,0.7973984508109537,0.4450365489930953,0.01414661668241024,0.9858533833175898,0.9858533833175898,352,288,1.222222,680,"[""JointAnomaly"", ""WallDamage"", ""Normal"", ""Roots"", ""DepositAttachment""]","[0.5054709911346436, 0.47337791323661804, 0.01414661668241024, 0.005592626519501209, 0.001411715755239129]","{""Deformation"": 1.3499605699962558e-07, ""DepositAttachment"": 0.001411715755239129, ""JointAnomaly"": 0.5054709911346436, ""Normal"": 0.01414661668241024, ""Roots"": 0.005592626519501209, ""WallDamage"": 0.47337791323661804}"
127,00039777,val,DepositAttachment,1,val/DepositAttachment/00039777.png,C:\Users\ASUS\Desktop\YOLOv11\YOLO-CV\data\sewerml_cls6_train7200\val\DepositAttachment\00039777.png,Normal,3,0,1,0.5017874240875244,DepositAttachment,0.2961443066596985,Deformation,0.20081375539302826,0.20564311742782593,1.0382438579227542,0.5794549300582525,0.5017874240875244,0.4982125759124756,0.4982125759124756,720,576,1.25,127,"[""Normal"", ""DepositAttachment"", ""Deformation"", ""Roots"", ""JointAnomaly""]","[0.5017874240875244, 0.2961443066596985, 0.20081375539302826, 0.0008419950609095395, 0.00022853663540445268]","{""Deformation"": 0.20081375539302826, ""DepositAttachment"": 0.2961443066596985, ""JointAnomaly"": 0.00022853663540445268, ""Normal"": 0.5017874240875244, ""Roots"": 0.0008419950609095395, ""WallDamage"": 0.0001839939650380984}"
