paper_id,artifact_role,path,url,retrieved_at,http_status,content_type,bytes,sha256,retrieval_method,source_authority
P0001,BROAD_SOURCE,sources/P0001.pdf,https://arxiv.org/pdf/2506.04579,2026-08-10T04:29:41.927685+08:00,200,application/pdf,2209111,36F3F7F8A0C45D6B17F4BE353A657C127B353A502475B8CFCA5DC18EDF850DC4,HTTP_DOWNLOAD,OFFICIAL_REPOSITORY
P0002,BROAD_SOURCE,sources/P0002.html,https://api.crossref.org/works/10.1109/acii.2015.7344564,2026-08-10T03:40:10.289408+08:00,200,application/json,6488,51BD8F908B05B6CD5F1DEBBCAB40574A29BC5AAC8779149686642D903495AF79,HTTP_DOWNLOAD,OFFICIAL_REPOSITORY
P0003,BROAD_SOURCE,sources/P0003.pdf,https://arxiv.org/pdf/2103.00123,2026-08-10T03:48:12.545097+08:00,200,application/pdf,1120432,27CA3618BE53A4F5F4F783A48629D2A17C0D7C93FAFE359E6729CBB18879CE79,HTTP_DOWNLOAD,OFFICIAL_REPOSITORY
P0004,BROAD_SOURCE,sources/P0004.pdf,https://arxiv.org/pdf/1807.09200,2026-08-10T02:57:06.284548+08:00,200,application/pdf,6305900,5D7219432565C2572855177F2F600371AB52F782EFB6F79F306AEF0FEBF41A9E,HTTP_DOWNLOAD,OFFICIAL_REPOSITORY
P0005,BROAD_SOURCE,sources/P0005.pdf,https://arxiv.org/pdf/2607.23388,2026-08-10T04:29:07.193764+08:00,200,application/pdf,506907,24EFCBFC36ADDDF0CB26EF5F78ECE24EBE31A47339505F08CDC0D39343AD8D82,HTTP_DOWNLOAD,OFFICIAL_REPOSITORY
P0006,BROAD_SOURCE,sources/P0006.html,https://api.crossref.org/works/10.1109/access.2021.3119582,2026-08-10T01:44:34.690057+08:00,200,application/json,10516,8D7718CA36EF15B92CF40C850BDC052750C5FFAB8E2E6B439463D363BE4A53E1,HTTP_DOWNLOAD,OFFICIAL_REPOSITORY
P0007,BROAD_SOURCE,sources/P0007.html,https://api.crossref.org/works/10.1109/icsp58490.2023.10248651,2026-08-10T04:03:58.355088+08:00,200,application/json,4172,C2011BDFF7184E0CF00F888435266716A8A6F05FA25FB1B7BF532F18700192D7,HTTP_DOWNLOAD,OFFICIAL_REPOSITORY
P0008,BROAD_SOURCE,sources/P0008.pdf,https://www.ijcai.org/proceedings/2025/0623.pdf,2026-08-10T01:04:04.760057+08:00,200,application/pdf,306426,9AC496B82337F71F9E04AFD56A815F790584F4D65BF607EB82B1866CEB546D59,HTTP_DOWNLOAD,PRIMARY_PUBLISHER
P0009,BROAD_SOURCE,sources/P0009.pdf,https://arxiv.org/pdf/2206.07137,2026-08-10T03:31:25.784289+08:00,200,application/pdf,1545992,0462CCB03E6139A33420CE44C17E51CC6388124F2AE3C285750D564D23405157,HTTP_DOWNLOAD,OFFICIAL_REPOSITORY
P0010,BROAD_SOURCE,sources/P0010.html,https://doi.org/10.1609/aaai.v40i32.39938,2026-08-10T02:56:58.338246+08:00,200,text/html; charset=utf-8,26087,263BD17CE2E879BA8D37D2E3A2829B9E4A589C48FDE28405A4483C9F5678F1DB,HTTP_DOWNLOAD,PRIMARY_PUBLISHER
P0011,BROAD_SOURCE,sources/P0011.html,https://doi.org/10.24963/ijcai.2022/455,2026-08-09T23:41:58.019408+08:00,200,text/html; charset=utf-8,19114,202888EDEC0E2A330BEE873E19CE27DE2309DDAB43D79487983480208A8B3C17,HTTP_DOWNLOAD,PRIMARY_PUBLISHER
P0012,BROAD_SOURCE,sources/P0012.html,https://doi.org/10.48550/arxiv.2110.14049,2026-08-10T02:51:51.040740+08:00,200,text/html; charset=utf-8,42795,98CD153E6A5DF438DBAA3A199DEEEC1B385A7340263084E4964CA75D0A87C1B5,HTTP_DOWNLOAD,PRIMARY_PUBLISHER
P0013,BROAD_SOURCE,sources/P0013.pdf,https://arxiv.org/pdf/1906.03671,2026-08-10T04:04:33.299354+08:00,200,application/pdf,4265486,D3901AA393ACB598BEED4A5432F52F080237E50AD443659A18E65B1B1F4CE176,HTTP_DOWNLOAD,OFFICIAL_REPOSITORY
P0014,BROAD_SOURCE,sources/P0014.pdf,https://arxiv.org/pdf/1703.01290,2026-08-10T01:54:29.626496+08:00,200,application/pdf,2537266,40A1576454268337A325FAA5C4294C0C7E781F838E2A7BD3773471C4F7ED6997,HTTP_DOWNLOAD,OFFICIAL_REPOSITORY
P0015,BROAD_SOURCE,sources/P0015.html,https://doi.org/10.48550/arxiv.2303.05151,2026-08-10T03:47:51.442495+08:00,200,text/html; charset=utf-8,41627,ADEF6C5F84621250A2DA04BF28CC0A951AF50BA886F840974F127B2E7964319D,HTTP_DOWNLOAD,PRIMARY_PUBLISHER
P0016,BROAD_SOURCE,sources/P0016.html,https://api.crossref.org/works/10.1109/tps.2023.3305559,2026-08-10T04:31:52.197376+08:00,200,application/json,11109,711B5060A0AFAA3D1121DE9CFF4DA06BEC12EBFA8E8010E633FF02710950E76E,HTTP_DOWNLOAD,OFFICIAL_REPOSITORY
P0017,BROAD_SOURCE,sources/P0017.html,https://aclanthology.org/2016.amta-researchers.8/,2026-08-10T02:11:32.769992+08:00,200,text/html; charset=utf-8,41589,61F7FA9A409A708D1577EC7F03B653480920DB9EA894FD21F4D55EA9158E1D9F,HTTP_DOWNLOAD,OFFICIAL_REPOSITORY
P0018,BROAD_SOURCE,sources/P0018.pdf,https://jano.biemdas.com/issues/JANO2023-2-4.pdf,2026-08-10T04:29:05.385302+08:00,200,application/pdf,1952348,288BB103970206050E7D1E3F077DCA7F523C6A135DAA2EFA6BFB70E07B89E0D4,HTTP_DOWNLOAD,AUTHOR_HOSTED
P0019,BROAD_SOURCE,sources/P0019.pdf,https://aclanthology.org/2023.eacl-main.160.pdf,2026-08-10T04:29:22.863629+08:00,200,application/pdf,3245207,972BD53306DEF3A83BDCD5DD161D06C7D77520FA0C44C1A15A8BCDA3DA27681F,HTTP_DOWNLOAD,OFFICIAL_REPOSITORY
P0020,BROAD_SOURCE,sources/P0020.html,https://proceedings.mlr.press/v70/koh17a.html,2026-08-10T04:29:35.476409+08:00,200,text/html; charset=utf-8,14532,70EA246B8019184D20489CA6CCCD833E446B8835C6C77DC28ED439F13EFACF3F,HTTP_DOWNLOAD,OFFICIAL_REPOSITORY
P0021,BROAD_SOURCE,sources/P0021.html,https://api.crossref.org/works/10.1109/icip.2019.8803418,2026-08-10T04:31:50.523547+08:00,200,application/json,5447,A10CD1CBB48511188FE31BA1420952E26EB24D80D1504BB3A31EB6918748AD7E,HTTP_DOWNLOAD,OFFICIAL_REPOSITORY
P0022,BROAD_SOURCE,sources/P0022.pdf,https://arxiv.org/pdf/2308.09543,2026-08-09T23:41:46.749825+08:00,200,application/pdf,3858343,4C8894137BB7C6903C175F714A1BC4E9E1026838C6322115350E19115E577E86,HTTP_DOWNLOAD,OFFICIAL_REPOSITORY
P0023,BROAD_SOURCE,sources/P0023.pdf,https://proceedings.mlr.press/v28/narasimhan13.pdf,2026-08-10T03:49:40.532043+08:00,200,application/pdf,258814,3181AD0BD445DEB002F3F3D6C4A415E5FA008F61219A79DE6078856DB84DF51B,HTTP_DOWNLOAD,PRIMARY_PUBLISHER
P0024,BROAD_SOURCE,sources/P0024.pdf,https://www.jstage.jst.go.jp/article/agrmet/81/2/81_D-24-00033/_pdf,2026-08-10T04:30:04.946789+08:00,200,application/pdf;charset=UTF-8,5903602,FD1F9F4248A566F98E0CC31A67B0E3B5054490E8EF2464E23C17F4C4DF3948B3,HTTP_DOWNLOAD,AUTHOR_HOSTED
P0025,BROAD_SOURCE,sources/P0025.pdf,https://arxiv.org/pdf/2409.12076,2026-08-10T00:20:29.121762+08:00,200,application/pdf,706607,7462A5FD57EFD0B77BCE6AE14C420EF42EE393888C41FDEE6D9649E8BA69E201,HTTP_DOWNLOAD,OFFICIAL_REPOSITORY
P0026,BROAD_SOURCE,sources/P0026.html,https://api.crossref.org/works/10.3390/s21227535,2026-08-10T02:39:39.369730+08:00,200,application/json,21812,BCDCFBF71207D6E7F83DA96F29AF062249F7644F8FBCAEDAC9028207CC78A2F8,HTTP_DOWNLOAD,OFFICIAL_REPOSITORY
P0027,BROAD_SOURCE,sources/P0027.html,https://api.crossref.org/works/10.1109/trustcom66490.2025.00110,2026-08-10T02:47:11.681575+08:00,200,application/json,6208,9282C56B32449D1F9DDF04F1B4E86A79BA93F7E41D93952230DE15BD75BF9B94,HTTP_DOWNLOAD,OFFICIAL_REPOSITORY
P0028,BROAD_SOURCE,sources/P0028.pdf,https://arxiv.org/pdf/2111.06907,2026-08-10T03:31:14.806122+08:00,200,application/pdf,2074852,B62B233ED3FB072849C0F7C867E15C3D0337C20A4FA35DFCBA5CDFCFDD630527,HTTP_DOWNLOAD,OFFICIAL_REPOSITORY
P0029,BROAD_SOURCE,sources/P0029.pdf,https://arxiv.org/pdf/2205.10110,2026-08-10T01:28:32.830027+08:00,200,application/pdf,1589150,32855AFE267ADAD91A96BC4A9973B372052F95E3CD28E9B5107246F890E19498,HTTP_DOWNLOAD,OFFICIAL_REPOSITORY
P0030,BROAD_SOURCE,sources/P0030.pdf,https://arxiv.org/pdf/2603.01501,2026-08-10T00:20:40.483235+08:00,200,application/pdf,942164,CC5817A494135B91AB116AD18328485D4EB672FC59EE14FA3065A76E615158FD,HTTP_DOWNLOAD,OFFICIAL_REPOSITORY
P0031,BROAD_SOURCE,sources/P0031.html,https://api.crossref.org/works/10.1109/tgrs.2019.2951441,2026-08-10T03:40:11.531662+08:00,200,application/json,8403,FD4E012AE4CF21D23EDB729843D2C812AA569FCCB682C4E5FCB713678898713F,HTTP_DOWNLOAD,OFFICIAL_REPOSITORY
P0032,BROAD_SOURCE,sources/P0032.pdf,https://raw.githubusercontent.com/mlresearch/v235/main/assets/engstrom24a/engstrom24a.pdf,2026-08-10T01:11:15.478198+08:00,200,application/octet-stream,2970361,5025DBC19CC5298AE09E4A9841216AECFC7F3941AB6C2871A8DF3EC74EB43827,HTTP_DOWNLOAD,OFFICIAL_REPOSITORY
P0033,BROAD_SOURCE,sources/P0033.pdf,https://arxiv.org/pdf/1905.13405,2026-08-10T01:55:59.470472+08:00,200,application/pdf,7745562,518433E1A26CAF18F9D4A8EEEB30310C2523DBDE09D6ACF48C697A5B780482CE,HTTP_DOWNLOAD,OFFICIAL_REPOSITORY
P0034,BROAD_SOURCE,sources/P0034.html,https://api.crossref.org/works/10.1145/3788149.3788245,2026-08-10T03:49:40.853008+08:00,200,application/json,11358,3DD2E1F78E989D15DDD965F039ED6F061421ABEDD37469287082307FD72EE896,HTTP_DOWNLOAD,OFFICIAL_REPOSITORY
P0035,BROAD_SOURCE,sources/P0035.pdf,https://arxiv.org/pdf/2401.13360,2026-08-10T01:28:51.037166+08:00,200,application/pdf,2103106,3E832CCDBB4A203A0C2BF614E4E65C5AAE19AB74DD8319FBE4B3E1AB619EDB98,HTTP_DOWNLOAD,OFFICIAL_REPOSITORY
P0036,BROAD_SOURCE,sources/P0036.pdf,https://www.nature.com/articles/s43588-024-00721-5.pdf,2026-08-10T03:09:12.718060+08:00,200,application/pdf,3963620,B8FCF866329EE43EF1DC7E14834F79EBD8A3F63D18FFB1A08A759EA617A19874,HTTP_DOWNLOAD,PRIMARY_PUBLISHER
P0037,BROAD_SOURCE,sources/P0037.html,https://api.crossref.org/works/10.1109/icc40277.2020.9148586,2026-08-10T03:32:16.661945+08:00,200,application/json,5272,9334EC59D13375798717A7C6855241C982D4CF97A3D062AA0161203A35529880,HTTP_DOWNLOAD,OFFICIAL_REPOSITORY
P0038,BROAD_SOURCE,sources/P0038.html,https://api.crossref.org/works/10.1145/3652583.3657607,2026-08-10T02:47:12.284117+08:00,200,application/json,14602,CE3FA7EE13C96DD136876FE537872CE9CCBB6A5DAD12269688703026E25F3992,HTTP_DOWNLOAD,OFFICIAL_REPOSITORY
P0039,BROAD_SOURCE,sources/P0039.pdf,https://arxiv.org/pdf/2306.07215,2026-08-10T03:16:45.238865+08:00,200,application/pdf,1490843,DA8DD93A84E162423C516445559607FFDE6FC61F12A0CF921165BC9DD913781B,HTTP_DOWNLOAD,OFFICIAL_REPOSITORY
P0040,BROAD_SOURCE,sources/P0040.pdf,https://www.vldb.org/pvldb/vol19/p1264-chai.pdf,2026-08-10T02:00:03.817842+08:00,200,application/pdf,1211396,92440AE2967B02D1E3C65258503C00913CDCB00AD06A4EF708FFC97AE2B4A746,HTTP_DOWNLOAD,PRIMARY_PUBLISHER
P0041,BROAD_SOURCE,sources/P0041.html,https://proceedings.mlsys.org/paper_files/paper/2021/hash/0184b0cd3cfb185989f858a1d9f5c1eb-Abstract.html,2026-08-10T04:01:45.993826+08:00,200,text/html; charset=utf-8,10078,8587791A3CD99031B842CB6240D2E28878618E57C619CF165A52A25CE11F7A45,HTTP_DOWNLOAD,AUTHOR_HOSTED
P0042,BROAD_SOURCE,sources/P0042.pdf,https://www.ijcai.org/proceedings/2025/0788.pdf,2026-08-10T02:22:11.255376+08:00,200,application/pdf,2066814,AFDAA6A9A9FB1D4FB26B90FD396B7F80F953AB78EC36277F208F335447B10280,HTTP_DOWNLOAD,PRIMARY_PUBLISHER
P0043,BROAD_SOURCE,sources/P0043.html,https://doi.org/10.1609/aaai.v35i11.17159,2026-08-10T04:30:06.265437+08:00,200,text/html; charset=utf-8,24951,894C0854D44929A4A408A002342544A071305C4C10699737611890D18CB47186,HTTP_DOWNLOAD,PRIMARY_PUBLISHER
P0044,BROAD_SOURCE,sources/P0044.pdf,https://arxiv.org/pdf/2311.08675,2026-08-10T00:19:39.785257+08:00,200,application/pdf,858165,BE17B90963778CAD0BB37F61B9BA236DF6687022484EE2249C577D3FFEDB4F92,HTTP_DOWNLOAD,OFFICIAL_REPOSITORY
P0045,BROAD_SOURCE,sources/P0045.pdf,https://aclanthology.org/2021.findings-acl.94.pdf,2026-08-10T04:29:35.932602+08:00,200,application/pdf,7730588,3BC74055C6CF91A95FA41CAC624F3EEBF426B66CFC9895E1744D0C36F7E3C66A,HTTP_DOWNLOAD,OFFICIAL_REPOSITORY
P0046,BROAD_SOURCE,sources/P0046.pdf,https://aclanthology.org/2026.findings-acl.2008.pdf,2026-08-10T04:29:08.707496+08:00,200,application/pdf,7594462,CA8F3F98FC0953B3AD566786C82B9AE03ED005E7A1D758BACFEDE15AF65C9132,HTTP_DOWNLOAD,OFFICIAL_REPOSITORY
P0047,BROAD_SOURCE,sources/P0047.html,http://sigport.org/documents/training-sample-selection-deep-learning-distributed-data,2026-08-10T01:44:31.186493+08:00,200,text/html; charset=utf-8,58489,E49F635F3F656D21CD5FB6EBACAE7BA6A872DA0771033F74D5726D2732C0F29E,HTTP_DOWNLOAD,OFFICIAL_REPOSITORY
P0048,BROAD_SOURCE,sources/P0048.pdf,https://arxiv.org/pdf/2606.05265,2026-08-10T02:52:05.386458+08:00,200,application/pdf,8243584,16A96B380FED4FE13F94A49F3ACC8A87B35815BD559704F2E548D147C7A8E05C,HTTP_DOWNLOAD,OFFICIAL_REPOSITORY
P0049,BROAD_SOURCE,sources/P0049.pdf,https://arxiv.org/pdf/2606.08015,2026-08-10T03:54:22.885315+08:00,200,application/pdf,4008832,587F8F878DAAAFD39C68FCAC5D6E440886093E6CBEE6D653EA2CC102D2CF755D,HTTP_DOWNLOAD,OFFICIAL_REPOSITORY
P0050,BROAD_SOURCE,sources/P0050.pdf,https://arxiv.org/pdf/2006.08001,2026-08-10T03:55:31.289972+08:00,200,application/pdf,1717706,1760D79C1FD9085E486940F6B8F869040A13FF78FAFF6EDCF2C502E39309446B,HTTP_DOWNLOAD,OFFICIAL_REPOSITORY
P0051,BROAD_SOURCE,sources/P0051.pdf,https://arxiv.org/pdf/2505.19281,2026-08-10T03:24:39.945216+08:00,200,application/pdf,3051316,52CCD00DB9526D921553DA6510F6F01B0F37CA6CC741B8A9918624C667EC2A10,HTTP_DOWNLOAD,OFFICIAL_REPOSITORY
P0052,BROAD_SOURCE,sources/P0052.pdf,https://arxiv.org/pdf/2311.00500,2026-08-10T01:55:51.594208+08:00,200,application/pdf,16638614,388C07952BEF07693534EAB0343B4C2CD9693783CD052F20F0247FEC22BE8B3F,HTTP_DOWNLOAD,OFFICIAL_REPOSITORY
P0053,BROAD_SOURCE,sources/P0053.pdf,https://arxiv.org/pdf/2302.11344,2026-08-10T04:02:31.536048+08:00,200,application/pdf,616925,9686629ECAACA5EAF8FFC0C652ED8079CA9D3C1BF4D0C6FB966F0CA590847D6F,HTTP_DOWNLOAD,OFFICIAL_REPOSITORY
P0054,BROAD_SOURCE,sources/P0054.html,https://upcommons.upc.edu/server/api/core/items/4a2a0e83-d9d3-4efd-96fe-d631c52838df,2026-08-10T02:40:11.120884+08:00,200,application/hal+json;charset=UTF-8,8283,DC56C1B7C4423B68C9E2F9765217BF947F71C702B0774E6790361904362291A6,HTTP_DOWNLOAD,OFFICIAL_REPOSITORY
P0055,BROAD_SOURCE,sources/P0055.pdf,https://ojs.aaai.org/index.php/AAAI/article/download/20654/20413,2026-08-10T04:29:42.740121+08:00,200,application/pdf,1696519,8C806032ABFBAC331A43ED9A54DAC4ED86199B048932B9022645A0820C2484B2,HTTP_DOWNLOAD,PRIMARY_PUBLISHER
P0056,BROAD_SOURCE,sources/P0056.html,https://api.crossref.org/works/10.1109/dspp58763.2023.10405225,2026-08-10T02:39:39.687827+08:00,200,application/json,4418,29D74BC4B1C05AFB957E98A471E1B2EA627E410D6C83C359A76D1B77E283B4FB,HTTP_DOWNLOAD,OFFICIAL_REPOSITORY
P0057,BROAD_SOURCE,sources/P0057.pdf,https://arxiv.org/pdf/1902.10275,2026-08-10T02:56:56.530609+08:00,200,application/pdf,831855,464A332E86B7E6FF1C77166F0D1E2DBE8D11BADFF546CFE7A3E5D5C177A32956,HTTP_DOWNLOAD,OFFICIAL_REPOSITORY
P0058,BROAD_SOURCE,sources/P0058.pdf,https://arxiv.org/pdf/2606.27629,2026-08-10T02:24:34.044456+08:00,200,application/pdf,1499290,FE9760A4EA79D72DBF11C2427405E453B042F6AB5B8E7E116EDCF100C65281DC,HTTP_DOWNLOAD,OFFICIAL_REPOSITORY
P0059,BROAD_SOURCE,sources/P0059.html,https://api.crossref.org/works/10.1117/1.jrs.16.038501,2026-08-10T02:28:39.824288+08:00,200,application/json,8288,2CCE7CBEBF660B6C035DE8AF55C9D42115C829FF000918EAA836B9EF00CEDC92,HTTP_DOWNLOAD,OFFICIAL_REPOSITORY
P0060,BROAD_SOURCE,sources/P0060.pdf,https://arxiv.org/pdf/2506.05647,2026-08-10T01:01:50.823945+08:00,200,application/pdf,1924982,F3BAE7A11099C99CB0394F3CA42CC9E7D77B6C7DABA50CEA26FEE6C232D84AF4,HTTP_DOWNLOAD,OFFICIAL_REPOSITORY
P0061,BROAD_SOURCE,sources/P0061.pdf,https://arxiv.org/pdf/2209.08660,2026-08-10T03:48:05.020808+08:00,200,application/pdf,857691,C10C3AC54DD62ED5D38ED16E0AD446194A6F2779011B2489FA0EBF1007829D4E,HTTP_DOWNLOAD,OFFICIAL_REPOSITORY
P0062,BROAD_SOURCE,sources/P0062.pdf,https://aclanthology.org/2023.findings-emnlp.18.pdf,2026-08-10T03:16:47.900768+08:00,200,application/pdf,3867339,ADE9D39FC6056191DEF902751D2062BC9FBA93162FFB46FBA5F5F5D24612AB24,HTTP_DOWNLOAD,OFFICIAL_REPOSITORY
P0063,BROAD_SOURCE,sources/P0063.pdf,https://aclanthology.org/2024.emnlp-main.782.pdf,2026-08-10T03:38:20.076414+08:00,200,application/pdf,379661,BF5F31EDA53A965F85D73ABA7517B0D6B4A8739E23D4D348412AA2EC23B17239,HTTP_DOWNLOAD,OFFICIAL_REPOSITORY
P0064,BROAD_SOURCE,sources/P0064.html,https://api.crossref.org/works/10.1109/icaiic68212.2026.11454150,2026-08-10T04:31:53.670601+08:00,200,application/json,4097,E5D11E11A9AA828462117F37B9ED6AE1D5E1AF125D457565581F3ABFD9906E7E,HTTP_DOWNLOAD,OFFICIAL_REPOSITORY
P0065,BROAD_SOURCE,sources/P0065.pdf,https://arxiv.org/pdf/2310.03898,2026-08-10T03:25:11.098376+08:00,200,application/pdf,7485236,432A648525F43622F711C8E8B38A00D53652F2353619DB19B45AC2624B4B4A37,HTTP_DOWNLOAD,OFFICIAL_REPOSITORY
P0066,BROAD_SOURCE,sources/P0066.pdf,https://arxiv.org/pdf/2604.08519,2026-08-10T04:19:46.015766+08:00,200,application/pdf,1716101,8C0B633CEC72CAE523846384BDB24E13B16DF410CE70BA104D2F9A5B7F5C3582,HTTP_DOWNLOAD,OFFICIAL_REPOSITORY
P0067,BROAD_SOURCE,sources/P0067.pdf,https://arxiv.org/pdf/1701.03555,2026-08-10T02:11:24.801500+08:00,200,application/pdf,8380460,2C994C2FCB39F5E32D1530A23839212F47D4679291DAA47F27D4C48BAE99B741,HTTP_DOWNLOAD,OFFICIAL_REPOSITORY
P0068,BROAD_SOURCE,sources/P0068.pdf,https://openreview.net/notes/edits/attachment?id=vvtv1yzJrA&name=pdf,2026-08-10T02:00:04.987265+08:00,200,application/pdf,1157704,85D30A1986DF55A7AB9678A60E28BF7EDF72F715854530AA9F11F6F016259BE5,HTTP_DOWNLOAD,OFFICIAL_REPOSITORY
P0069,BROAD_SOURCE,sources/P0069.html,https://api.crossref.org/works/10.1016/j.imavis.2025.105877,2026-08-10T04:32:32.226291+08:00,200,application/json,19293,F59454AB491D0995E1D427CCC055C3AEF5B78A37C14AC847593BE93570408624,HTTP_DOWNLOAD,OFFICIAL_REPOSITORY
P0070,BROAD_SOURCE,sources/P0070.html,https://api.crossref.org/works/10.3390/electronics11071056,2026-08-10T04:31:51.526136+08:00,200,application/json,9441,A64B48CC8623E5C6429DD903430467F47CBC4E6F612868861E1393DF7DD53141,HTTP_DOWNLOAD,OFFICIAL_REPOSITORY
P0071,BROAD_SOURCE,sources/P0071.pdf,https://arxiv.org/pdf/2211.06800,2026-08-10T00:59:55.624638+08:00,200,application/pdf,1887149,C23BD7203533F40099B734DDD6DCD7C81E307406B853FF2924796A43911E54BB,HTTP_DOWNLOAD,OFFICIAL_REPOSITORY
P0072,BROAD_SOURCE,sources/P0072.pdf,https://beei.org/index.php/EEI/article/download/3698/2959,2026-08-10T04:29:31.741276+08:00,200,application/pdf,1399352,015C51B0E1EFEFF84EF5A3619749B7ED09466B77F07980703F4DCFB138B1C3CC,HTTP_DOWNLOAD,AUTHOR_HOSTED
P0073,BROAD_SOURCE,sources/P0073.pdf,https://arxiv.org/pdf/2511.09487,2026-08-10T02:10:50.536871+08:00,200,application/pdf,679034,D8647EB574717CA47D41F43F043ECBA198FF75318A38E16596AED575435BD109,HTTP_DOWNLOAD,OFFICIAL_REPOSITORY
P0074,BROAD_SOURCE,sources/P0074.pdf,https://ojs.aaai.org/index.php/AAAI-SS/article/download/42908/50468,2026-08-10T01:01:01.880727+08:00,200,application/pdf,627156,7330F21D6578ADFAEACF5D85EFBD7EE1CBB20FAECE469AC8264A20F24A89E6FA,HTTP_DOWNLOAD,PRIMARY_PUBLISHER
P0075,BROAD_SOURCE,sources/P0075.html,https://hal.science/hal-00671483,2026-08-10T03:48:19.548037+08:00,200,text/html; charset=UTF-8,86278,043BF3FB07211CE495A8F3DF834A5F063DA94B568C1C9A100EFE4C30D91B038B,HTTP_DOWNLOAD,OFFICIAL_REPOSITORY
P0076,BROAD_SOURCE,sources/P0076.html,https://api.crossref.org/works/10.1109/cvaa66438.2025.11193368,2026-08-10T02:52:48.452989+08:00,200,application/json,4540,4727EC2A48CBAE9D78B986F2CEC4EC36309FAC2EBF29CB042221C6E8683562BE,HTTP_DOWNLOAD,OFFICIAL_REPOSITORY
P0077,BROAD_SOURCE,sources/P0077.html,https://doi.org/10.1609/aaai.v34i04.6049,2026-08-10T02:51:52.468097+08:00,200,text/html; charset=utf-8,22737,69840C18E1C52DDDDA4CFCF3216796F3B7A9E4C3F7BA3E1DD5EB978D22D822FA,HTTP_DOWNLOAD,PRIMARY_PUBLISHER
P0078,BROAD_SOURCE,sources/P0078.pdf,https://isprs-annals.copernicus.org/articles/XI-2-2026/839/2026/isprs-annals-XI-2-2026-839-2026.pdf,2026-08-10T01:29:09.665331+08:00,200,application/pdf,6325624,C51E7BB2390952A60D6E0AB92D58651E9EBA4877743959E168B56ADA93D14FBC,HTTP_DOWNLOAD,AUTHOR_HOSTED
P0079,BROAD_SOURCE,sources/P0079.html,https://api.crossref.org/works/10.1109/tkde.2024.3482466,2026-08-10T03:25:59.965519+08:00,200,application/json,13601,37C8B24E71B1A3593FCFE83760DCC372A4E77313F6BDC4950A1A75646A480534,HTTP_DOWNLOAD,OFFICIAL_REPOSITORY
P0080,BROAD_SOURCE,sources/P0080.pdf,https://aclanthology.org/2022.emnlp-main.167.pdf,2026-08-10T01:28:42.510827+08:00,200,application/pdf,2861456,4A1CE5FA88C9CF3AC9E6D2B55E7B788B9647A249CAEB2A5BC784C60816845EE6,HTTP_DOWNLOAD,OFFICIAL_REPOSITORY
P0081,BROAD_SOURCE,sources/P0081.pdf,https://arxiv.org/pdf/2604.11810,2026-08-10T04:19:52.962023+08:00,200,application/pdf,1236196,617FF7A6C0D9DE31C19FAB0B0F94C773969FA4F20E116B00B175527779700AEA,HTTP_DOWNLOAD,OFFICIAL_REPOSITORY
P0082,BROAD_SOURCE,sources/P0082.pdf,https://arxiv.org/pdf/2110.14222,2026-08-10T02:56:36.374327+08:00,200,application/pdf,798525,400DA9CA8B5E2D5BEBCBA6FB022D3C6CD3D390857C336FA943A0BB46AA8DA28D,HTTP_DOWNLOAD,OFFICIAL_REPOSITORY
P0083,BROAD_SOURCE,sources/P0083.html,https://api.crossref.org/works/10.1109/bigdata.2018.8622287,2026-08-10T03:26:00.272513+08:00,200,application/json,5448,A3B16F2ADA3D64ACBB3F039A563C77C53B8229D3F2EC903EB25DCC67EF2EEE65,HTTP_DOWNLOAD,OFFICIAL_REPOSITORY
P0084,BROAD_SOURCE,sources/P0084.html,https://api.crossref.org/works/10.1145/3599691.3603404,2026-08-10T04:03:58.671060+08:00,200,application/json,23148,8E43167CDAF2AF0374E2FE5B71FF78953E52EADC94E31BD4E485E9BE282B8DC7,HTTP_DOWNLOAD,OFFICIAL_REPOSITORY
P0085,BROAD_SOURCE,sources/P0085.pdf,https://arxiv.org/pdf/2502.12119,2026-08-10T02:52:09.436048+08:00,200,application/pdf,2627586,7CEB28BD9CD9F60FD2C19339431D6BC4EDFE8C92343F1A76E689EF20B4500457,HTTP_DOWNLOAD,OFFICIAL_REPOSITORY
P0086,BROAD_SOURCE,sources/P0086.pdf,https://arxiv.org/pdf/2507.10088,2026-08-10T02:46:07.901157+08:00,200,application/pdf,1092439,28C31245D82F03A59AE34DBE39A81470C23D5294A379D802A3BB63CBE730CCE9,HTTP_DOWNLOAD,OFFICIAL_REPOSITORY
P0087,BROAD_SOURCE,sources/P0087.html,https://api.crossref.org/works/10.1109/dlcv65218.2025.11088493,2026-08-10T04:31:51.890564+08:00,200,application/json,2258,0B37EF26FA6541B4EC926F2A07CED1F68AB68F3D66D2A45635EC03FCD65DC95F,HTTP_DOWNLOAD,OFFICIAL_REPOSITORY
P0088,BROAD_SOURCE,sources/P0088.pdf,https://arxiv.org/pdf/2302.12366,2026-08-10T00:59:31.074659+08:00,200,application/pdf,896625,715AEB4C1D1F011C51C2EE5871E4BD16ED7A0BEE92FEE4AA6D1C638CD7530006,HTTP_DOWNLOAD,OFFICIAL_REPOSITORY
P0089,BROAD_SOURCE,sources/P0089.pdf,https://vipl.ict.ac.cn/publications/earlier/conf/202212/P020221231564922395021.pdf,2026-08-10T03:40:09.340355+08:00,200,application/pdf,754481,DA3CB3F840750AA845BFCDFB19AE262E052FD977BC2C1A48BCFCCD1E1EEFD9DB,HTTP_DOWNLOAD,AUTHOR_HOSTED
P0090,BROAD_SOURCE,sources/P0090.html,https://api.crossref.org/works/10.1109/cvidl58838.2023.10166071,2026-08-10T04:31:53.370634+08:00,200,application/json,3335,91C752C79C2F21C982184F6A3E18D5B3E75FB80548E2AF1F834B25182BF9C32D,HTTP_DOWNLOAD,OFFICIAL_REPOSITORY
P0091,BROAD_SOURCE,sources/P0091.pdf,https://aclanthology.org/2025.findings-emnlp.146.pdf,2026-08-10T04:19:47.917053+08:00,200,application/pdf,443364,852A3674E15D19DA82F4B57BE22EC9FA0A7119F65C7D9272658E5196C4AE4989,HTTP_DOWNLOAD,OFFICIAL_REPOSITORY
P0092,BROAD_SOURCE,sources/P0092.pdf,https://arxiv.org/pdf/2106.00445,2026-08-10T02:52:16.100892+08:00,200,application/pdf,1276395,668179BD4A809324E8FEC5375E1DB342ACC2E79FE9DE3B5DA546B464A2C7E77A,HTTP_DOWNLOAD,OFFICIAL_REPOSITORY
P0093,BROAD_SOURCE,sources/P0093.html,https://doi.org/10.48550/arxiv.2210.06579,2026-08-10T03:54:35.792361+08:00,200,text/html; charset=utf-8,42245,EA613D312E097996C4F0C7123AD782C0C24BD21545E0D55A356D6D81D5C076D9,HTTP_DOWNLOAD,PRIMARY_PUBLISHER
P0094,BROAD_SOURCE,sources/P0094.html,https://api.crossref.org/works/10.1145/3711896.3737127,2026-08-10T03:25:59.646733+08:00,200,application/json,17618,65BCC0E409FBCB80AD542F919A615248B36FBF6C18AB7E71B4C6B98115EEAD07,HTTP_DOWNLOAD,OFFICIAL_REPOSITORY
P0095,BROAD_SOURCE,sources/P0095.html,https://api.crossref.org/works/10.1145/3582571,2026-08-10T03:10:11.342633+08:00,200,application/json,24599,EA5BBAD5781C2E9C38D98039FF23DE4367BC29A6AE9CBEE9DB3C4890DE079934,HTTP_DOWNLOAD,OFFICIAL_REPOSITORY
P0096,BROAD_SOURCE,sources/P0096.html,https://api.crossref.org/works/10.1109/emcsi39492.2022.9889587,2026-08-10T04:31:53.076628+08:00,200,application/json,6530,42E87FD27F32B369ABC4BEA512BCD506F3D641E651E3318F32CEB315C7AE8058,HTTP_DOWNLOAD,OFFICIAL_REPOSITORY
P0097,BROAD_SOURCE,sources/P0097.html,https://api.crossref.org/works/10.4197/comp.13-2.4,2026-08-10T02:27:57.740452+08:00,200,application/json,3258,C0B05E04B8E53147B3FF8834B8C6E03AF8B298FEACE04E2D1B57C8ED70FD47AA,HTTP_DOWNLOAD,OFFICIAL_REPOSITORY
P0098,BROAD_SOURCE,sources/P0098.html,https://doi.org/10.48550/arxiv.2605.11705,2026-08-10T04:29:05.377622+08:00,200,text/html; charset=utf-8,43400,DF8A56145C15019F1432198B6CCF0D470E3BD8DEA64701E7C7A94AD923B7D646,HTTP_DOWNLOAD,PRIMARY_PUBLISHER
P0099,BROAD_SOURCE,sources/P0099.pdf,https://arxiv.org/pdf/2203.14553,2026-08-10T01:11:13.304787+08:00,200,application/pdf,544247,7B07775ED214C0A12359AA84C1F77EBA88100CFEF1CA49C93A10771A569A7EFC,HTTP_DOWNLOAD,OFFICIAL_REPOSITORY
P0100,BROAD_SOURCE,sources/P0100.pdf,https://aclanthology.org/2022.findings-acl.163.pdf,2026-08-10T02:51:58.617780+08:00,200,application/pdf,1441773,D8E7E2B8FBABD424BAA3BF91D35F585CBCB0BCFD0E89AF88C008ED9A5A93C829,HTTP_DOWNLOAD,OFFICIAL_REPOSITORY
P0101,BROAD_SOURCE,sources/P0101.html,https://api.crossref.org/works/10.1109/iccvw60793.2023.00362,2026-08-10T02:27:57.157122+08:00,200,application/json,7573,755A7621380BA4E7C13AB002DC4C751DCCBD52E4127F70DA447E4940FDDA8E2C,HTTP_DOWNLOAD,OFFICIAL_REPOSITORY
P0102,BROAD_SOURCE,sources/P0102.html,https://doi.org/10.48550/arxiv.2207.13887,2026-08-10T03:30:51.753042+08:00,200,text/html; charset=utf-8,42535,0AE198D87AB704A9C3B76232205008EB9DCDCE68DADEE7F469B85BA80CFAE33E,HTTP_DOWNLOAD,PRIMARY_PUBLISHER
P0103,BROAD_SOURCE,sources/P0103.html,https://api.datacite.org/dois/10.7302/28238,2026-08-10T02:27:59.472439+08:00,200,application/json; charset=utf-8,13602,45A0568C52C886C5DA45403DE7C51683306CE7C4EFFB2202B52C8EC31A1B52C6,HTTP_DOWNLOAD,OFFICIAL_REPOSITORY
P0104,BROAD_SOURCE,sources/P0104.pdf,https://www.iieta.org/download/file/fid/32503,2026-08-10T04:30:08.767822+08:00,200,application/pdf,1221521,0F92586CE0CEE142E2C535C56BC116C3537F7F760AEA006A984891C6DF0C0872,HTTP_DOWNLOAD,AUTHOR_HOSTED
P0105,BROAD_SOURCE,sources/P0105.pdf,https://arxiv.org/pdf/2506.20444,2026-08-10T04:01:42.652927+08:00,200,application/pdf,3183768,976A0D6476849AD2652D15DDA87980EB255A7724B8B52257CFD8B2F12635FBE2,HTTP_DOWNLOAD,OFFICIAL_REPOSITORY
P0106,BROAD_SOURCE,sources/P0106.pdf,https://arxiv.org/pdf/2206.11655,2026-08-10T03:54:40.424432+08:00,200,application/pdf,8837691,6E2A30F89760272B0783F0017DD7B318BCB265B37DC46C0A8B301D038FBD6127,HTTP_DOWNLOAD,OFFICIAL_REPOSITORY
P0107,BROAD_SOURCE,sources/P0107.html,https://doi.org/10.48550/arxiv.2007.00151,2026-08-10T03:16:42.109012+08:00,200,text/html; charset=utf-8,44623,9C21DED718DF5AA3DA1DB4C9AD5A4F1EDCE6EDD9023BC9FD03408E72A0C0E31C,HTTP_DOWNLOAD,PRIMARY_PUBLISHER
P0108,BROAD_SOURCE,sources/P0108.pdf,https://www.nature.com/articles/s41598-026-64763-7_reference.pdf,2026-08-10T02:51:43.593658+08:00,200,application/pdf,1170213,D99AA7337D07480C6294658D71197CCDBA2AF88E18425DA4AB7A221586C7E60B,HTTP_DOWNLOAD,PRIMARY_PUBLISHER
P0109,BROAD_SOURCE,sources/P0109.pdf,https://arxiv.org/pdf/2404.09161,2026-08-10T03:24:32.456245+08:00,200,application/pdf,1123964,B83D97E675E6EA51145327183DD32F3C0F5A314C4A6FCD3306F86FF481A5210E,HTTP_DOWNLOAD,OFFICIAL_REPOSITORY
P0110,BROAD_SOURCE,sources/P0110.pdf,https://aclanthology.org/2023.sustainlp-1.9.pdf,2026-08-10T00:20:25.397210+08:00,200,application/pdf,3326875,8304CD21440159309636421640754C5CF77C239734B9CF2495AE2758CC2C0519,HTTP_DOWNLOAD,OFFICIAL_REPOSITORY
P0111,BROAD_SOURCE,sources/P0111.pdf,https://arxiv.org/pdf/2102.13176,2026-08-09T23:42:32.457359+08:00,200,application/pdf,4470379,0E1278EED912986E07B6FDE89AD4ECF84981A9847A3A1F68579B38886FC25988,HTTP_DOWNLOAD,OFFICIAL_REPOSITORY
P0112,BROAD_SOURCE,sources/P0112.html,https://doi.org/10.48550/arxiv.1508.05243,2026-08-10T02:52:12.265499+08:00,200,text/html; charset=utf-8,41383,BC75EF8C109EC995755EDA618A208C521DA23632F0C23FA9A95BE74AB581D557,HTTP_DOWNLOAD,PRIMARY_PUBLISHER
P0113,BROAD_SOURCE,sources/P0113.html,https://api.crossref.org/works/10.3390/ma17164091,2026-08-10T02:52:49.435391+08:00,200,application/json,13120,47BFE1C5803C656DC5A065891C1BC16DB90A3697DF03F819EF9969B97D7D98EF,HTTP_DOWNLOAD,OFFICIAL_REPOSITORY
P0114,BROAD_SOURCE,sources/P0114.pdf,https://arxiv.org/pdf/2506.01701,2026-08-10T03:09:28.888761+08:00,200,application/pdf,2387762,BCFF3526B1DEB88B5DB1C7DE35759989D273D313C4853C55E87140BD55584C7D,HTTP_DOWNLOAD,OFFICIAL_REPOSITORY
P0115,BROAD_SOURCE,sources/P0115.pdf,https://www.nature.com/articles/s41598-023-50598-z.pdf,2026-08-10T03:54:31.831200+08:00,200,application/pdf,1856946,61912506636095E8CD58FAD29E1863FB5E4B9B6307629D49AE9CD1BE6584C43D,HTTP_DOWNLOAD,PRIMARY_PUBLISHER
P0116,BROAD_SOURCE,sources/P0116.pdf,https://aclanthology.org/2023.acl-long.296.pdf,2026-08-10T01:55:28.952777+08:00,200,application/pdf,508958,630E8A8E03C6EABCE2A383D47DCBC88DDD4CFFCDD786BAADABC6606FF3F0CFC6,HTTP_DOWNLOAD,OFFICIAL_REPOSITORY
P0117,BROAD_SOURCE,sources/P0117.html,https://api.crossref.org/works/10.3390/rs10010124,2026-08-10T04:31:51.217281+08:00,200,application/json,11418,E26EFF66B81CB96152E18C7101491B1505142DF4F85A56290FE8A7F4F266C4E0,HTTP_DOWNLOAD,OFFICIAL_REPOSITORY
P0118,BROAD_SOURCE,sources/P0118.html,https://api.crossref.org/works/10.1109/tnnls.2024.3389676,2026-08-10T02:39:40.871312+08:00,200,application/json,13766,5162B9BBA3E1C94F66A668A3792D481ECA218A654722FDCA7FD4F235AE9A2B8C,HTTP_DOWNLOAD,OFFICIAL_REPOSITORY
P0119,BROAD_SOURCE,sources/P0119.pdf,https://arxiv.org/pdf/2403.07384,2026-08-10T01:55:34.001353+08:00,200,application/pdf,972829,8A3E1AFB699A9FD961B22BEA7D8B8636ACACAA0DDD5AD29726AA6DA7F54B2746,HTTP_DOWNLOAD,OFFICIAL_REPOSITORY
P0120,BROAD_SOURCE,sources/P0120.html,https://api.crossref.org/works/10.1109/iccvw60793.2023.00378,2026-08-10T03:32:16.021965+08:00,200,application/json,9511,A92B1FE19A3A892B5676E63957369E01A9DF9C6C7F24973E69827C2BC540F971,HTTP_DOWNLOAD,OFFICIAL_REPOSITORY
P0121,BROAD_SOURCE,sources/P0121.html,https://doi.org/10.48550/arxiv.1904.02868,2026-08-10T03:47:45.892869+08:00,200,text/html; charset=utf-8,42396,1C41249803D18430402E8D21E43702EC7232BEEAAFA6DA587E25EBED70E168B0,HTTP_DOWNLOAD,PRIMARY_PUBLISHER
P0122,BROAD_SOURCE,sources/P0122.html,https://api.crossref.org/works/10.1016/j.icte.2021.11.009,2026-08-10T02:14:07.517167+08:00,200,application/json,9016,7532DA2E17BBE0DD255D6743E85E03AD940CB1CE608987CF7DC5D0E441AFE75A,HTTP_DOWNLOAD,OFFICIAL_REPOSITORY
P0123,BROAD_SOURCE,sources/P0123.html,https://doi.org/10.48550/arxiv.2004.07211,2026-08-10T02:24:53.243987+08:00,200,text/html; charset=utf-8,41840,93B542ED8AC7FA636426A552E87B8DCE07F20010ACCDA6DAFE6C526C6DEA1054,HTTP_DOWNLOAD,PRIMARY_PUBLISHER
P0124,BROAD_SOURCE,sources/P0124.pdf,https://aclanthology.org/2022.findings-emnlp.426.pdf,2026-08-10T03:54:07.014470+08:00,200,application/pdf,991011,10CA24583D534554EBAD332BEEE222EED0DA9CCDE886FDCA0983A3AF64F1DEF8,HTTP_DOWNLOAD,OFFICIAL_REPOSITORY
P0125,BROAD_SOURCE,sources/P0125.pdf,https://arxiv.org/pdf/2607.20493,2026-08-10T04:29:11.503282+08:00,200,application/pdf,568490,BC573319772252C95765F1C647ADF36F5030B61409DAE6884B9414C074D92A95,HTTP_DOWNLOAD,OFFICIAL_REPOSITORY
P0126,BROAD_SOURCE,sources/P0126.html,https://api.crossref.org/works/10.1109/icarm54641.2022.9959497,2026-08-10T02:52:48.773150+08:00,200,application/json,5814,64C37898CC11C40779500A42056EF021E17451FAFA7748A56BBA333864D2A2AC,HTTP_DOWNLOAD,OFFICIAL_REPOSITORY
P0127,BROAD_SOURCE,sources/P0127.pdf,https://arxiv.org/pdf/2208.12807,2026-08-10T04:21:03.244955+08:00,200,application/pdf,1918067,53CF83212C2F5F419B09D99D24E49A4BD851F7A825E2659BC4283F5B964A9CDB,HTTP_DOWNLOAD,OFFICIAL_REPOSITORY
P0128,BROAD_SOURCE,sources/P0128.pdf,https://ai.stanford.edu/~koller/Papers/Kumar+al:NIPS10.pdf,2026-08-10T01:02:46.847382+08:00,200,application/pdf,622322,F83C722B325797164858AFF3DFC21616D8365EC23D29A33E342D77FCFF495A54,HTTP_DOWNLOAD,OFFICIAL_REPOSITORY
P0129,BROAD_SOURCE,sources/P0129.pdf,https://doi.org/10.26615/978-954-452-072-4_112,2026-08-10T04:29:11.877350+08:00,200,application/pdf,649773,0F9ADB328B3791C4D7182D2C48AA08A256ED06E2376BB4CB8365C18ACA8ED4EC,HTTP_DOWNLOAD,PRIMARY_PUBLISHER
P0130,BROAD_SOURCE,sources/P0130.html,https://api.crossref.org/works/10.1145/3507524.3507525,2026-08-10T03:10:10.025309+08:00,200,application/json,18416,A26A825E44659507338CC624E491315E31373019EB92FC6CE79649A5DB519E7F,HTTP_DOWNLOAD,OFFICIAL_REPOSITORY
P0131,BROAD_SOURCE,sources/P0131.html,https://api.crossref.org/works/10.1109/icicml60161.2023.10424879,2026-08-10T03:55:31.589833+08:00,200,application/json,3751,6FF3824CFC73AE47B6556C0E43D253B30147034FE8EA746DF3C632DBE38F3934,HTTP_DOWNLOAD,OFFICIAL_REPOSITORY
P0132,BROAD_SOURCE,sources/P0132.pdf,https://arxiv.org/pdf/2010.05595,2026-08-10T04:31:51.287166+08:00,200,application/pdf,1870738,95DE576AD60328631D44AA26F72AA158064C1E50644368CBB607EC4D3CDB5632,HTTP_DOWNLOAD,OFFICIAL_REPOSITORY
P0133,BROAD_SOURCE,sources/P0133.html,https://api.crossref.org/works/10.1109/ijcnn.2017.7966104,2026-08-10T02:27:59.776073+08:00,200,application/json,7202,135EC64C49B7BE3EF9F32CCF71787161426432CBA7B2C1E4E99001904A329B98,HTTP_DOWNLOAD,OFFICIAL_REPOSITORY
P0134,BROAD_SOURCE,sources/P0134.pdf,https://www.pure.ed.ac.uk/ws/files/641598156/ZhaoEtalICLRDatasetCondensation.pdf,2026-08-10T04:29:19.809229+08:00,200,application/pdf,3389026,2B672B36228ADF55975B0C9256EE6F82E4F0F55FC2FCCF12DE1D00BB5F92B29B,HTTP_DOWNLOAD,OFFICIAL_REPOSITORY
P0135,BROAD_SOURCE,sources/P0135.pdf,https://arxiv.org/pdf/2512.21152,2026-08-10T03:38:52.681781+08:00,200,application/pdf,2125525,6D0D2302D2D6B67474C0A9900105126FBC5FAFD24338062AD509D94B8D7E8477,HTTP_DOWNLOAD,OFFICIAL_REPOSITORY
P0136,BROAD_SOURCE,sources/P0136.html,https://api.crossref.org/works/10.1093/bioinformatics/btac821,2026-08-10T04:31:52.120799+08:00,200,application/json,19416,6B2037E2AD609A381EF3A0EA01A6DB7975F132C539A261695F611E824550DFD3,HTTP_DOWNLOAD,OFFICIAL_REPOSITORY
P0137,BROAD_SOURCE,sources/P0137.pdf,https://arxiv.org/pdf/2606.14591,2026-08-10T02:11:57.658841+08:00,200,application/pdf,3624177,C232B0D436CA3C02FA62A64CBCBDDB699197C04140BBDE7BE51DDB1B6D612DA2,HTTP_DOWNLOAD,OFFICIAL_REPOSITORY
P0138,BROAD_SOURCE,sources/P0138.pdf,https://aclanthology.org/2026.findings-acl.2009.pdf,2026-08-10T04:29:37.981332+08:00,200,application/pdf,2425589,8FA14663E6A9FBF33A302646198C39662412EB05B18B2823EE5C110E01DB393D,HTTP_DOWNLOAD,OFFICIAL_REPOSITORY
P0139,BROAD_SOURCE,sources/P0139.pdf,https://arxiv.org/pdf/2506.01085,2026-08-10T03:09:16.034092+08:00,200,application/pdf,5553270,ECA725659A77A3F0DF0EAC951A67529CC6264F786AB1571AFD6C03FF4320B2D0,HTTP_DOWNLOAD,OFFICIAL_REPOSITORY
P0140,BROAD_SOURCE,sources/P0140.pdf,https://arxiv.org/pdf/2210.03294,2026-08-10T01:55:47.821841+08:00,200,application/pdf,6516002,9B0B79E805CCE883B596DCCAA5004A0A95AF0CCFABB73E140EA04DA6DCAD3A35,HTTP_DOWNLOAD,OFFICIAL_REPOSITORY
P0141,BROAD_SOURCE,sources/P0141.pdf,https://ojs.aaai.org/index.php/AAAI/article/download/26707/26479,2026-08-10T03:54:35.660296+08:00,200,application/pdf,244145,B8490C3DEACE07D1E68575C441E8F10005C4944F5A65C272421B8D36F965E8EF,HTTP_DOWNLOAD,PRIMARY_PUBLISHER
P0142,BROAD_SOURCE,sources/P0142.html,https://api.crossref.org/works/10.1145/3617332,2026-08-10T04:31:49.923010+08:00,200,application/json,22055,8BC024D65A85E5CBB9870DBE29A261AD032AD3B0BB180D85DF42BEFC808D3686,HTTP_DOWNLOAD,OFFICIAL_REPOSITORY
P0143,BROAD_SOURCE,sources/P0143.html,https://oup.silverchair-cdn.com/article-minimal/6454650,2026-08-09T23:47:38.342235+08:00,200,text/html,303692,60D4ADA42BF16BBA377AB1C7D4BE18C3A3C1DE2F3CCD1DCD4C93F663AF6C6E70,HTTP_DOWNLOAD,PRIMARY_PUBLISHER
P0144,BROAD_SOURCE,sources/P0144.pdf,https://arxiv.org/pdf/2303.10802,2026-08-10T03:38:08.706161+08:00,200,application/pdf,729319,12CF9F43299ED4E9030B37C1DA7D10346E211AECB7629DB7C9033E665636CF51,HTTP_DOWNLOAD,OFFICIAL_REPOSITORY
P0145,BROAD_SOURCE,sources/P0145.html,https://doi.org/10.48550/arxiv.2007.05683,2026-08-10T02:24:34.369357+08:00,200,text/html; charset=utf-8,41767,65E12FBEC6F0A2CBC0A5FF199356B85A2F7CE22550F516B2EF7E72A4A222FEC4,HTTP_DOWNLOAD,PRIMARY_PUBLISHER
P0146,BROAD_SOURCE,sources/P0146.pdf,https://openaccess.thecvf.com/content_CVPR_2019/papers/Ghasedi_Balanced_Self-Paced_Learning_for_Generative_Adversarial_Clustering_Network_CVPR_2019_paper.pdf,2026-08-10T03:49:38.973690+08:00,200,application/pdf,14243422,4705E7EF4E03AA2E2454540EE7D2A9953A98095283F53764A19AC5B38C70A93B,HTTP_DOWNLOAD,PRIMARY_PUBLISHER
P0147,BROAD_SOURCE,sources/P0147.pdf,https://bhooi.github.io/papers/curgraph_web21.pdf,2026-08-10T04:21:05.927935+08:00,200,application/pdf,1485124,8A932922A3847706D50A579B6BD4216C460BA51F55995B02ACE54C981B1C943C,HTTP_DOWNLOAD,AUTHOR_HOSTED
P0148,BROAD_SOURCE,sources/P0148.pdf,https://arxiv.org/pdf/2408.10012,2026-08-10T01:28:46.741324+08:00,200,application/pdf,2468336,82699E612C6ACE39870ACF635A3303B9E9F86D9801BE74AB896C03020272DEF0,HTTP_DOWNLOAD,OFFICIAL_REPOSITORY
P0149,BROAD_SOURCE,sources/P0149.pdf,https://arxiv.org/pdf/1703.02910,2026-08-10T03:26:34.527753+08:00,200,application/pdf,724240,A77DBD956DB991948D78417945A4650B0D45E3D03655F57343467DE79D8FA4C9,HTTP_DOWNLOAD,OFFICIAL_REPOSITORY
P0150,BROAD_SOURCE,sources/P0150.pdf,https://arxiv.org/pdf/2509.23461,2026-08-10T03:19:00.511327+08:00,200,application/pdf,2253248,B5E21EFBDEEC987A2EC304943F6753221AC5828275E648561CE6EB58C22EEF44,HTTP_DOWNLOAD,OFFICIAL_REPOSITORY
P0151,BROAD_SOURCE,sources/P0151.pdf,https://arxiv.org/pdf/2201.10836,2026-08-10T02:11:31.717302+08:00,200,application/pdf,1174750,23BA88266DD8907648CB8E76DA735E54137539216E8A420B5B460D0C083A4D50,HTTP_DOWNLOAD,OFFICIAL_REPOSITORY
P0152,BROAD_SOURCE,sources/P0152.pdf,https://link.springer.com/content/pdf/10.1007/978-3-031-78977-9_5.pdf,2026-08-10T01:01:04.157729+08:00,200,application/pdf,596275,AD6B4C1B75AEC0879590596394811C56618AE70D5A1BC56A4BA9EE2607C5211F,HTTP_DOWNLOAD,PRIMARY_PUBLISHER
P0153,BROAD_SOURCE,sources/P0153.pdf,https://arxiv.org/pdf/2509.12581,2026-08-10T03:08:50.492066+08:00,200,application/pdf,1325382,EC79332C34B158AC06B8EF372EC1C5F0E460C2BF655AECCD7ABBD07BBDE7E78F,HTTP_DOWNLOAD,OFFICIAL_REPOSITORY
P0154,BROAD_SOURCE,sources/P0154.pdf,https://arxiv.org/pdf/1804.06872,2026-08-10T02:45:57.898258+08:00,200,application/pdf,1984230,217F5E7262AF5BB555E3DDB11D5806F094AF6965C7BCD71D10F159D3657D8593,HTTP_DOWNLOAD,OFFICIAL_REPOSITORY
P0155,BROAD_SOURCE,sources/P0155.pdf,https://arxiv.org/pdf/2306.16061,2026-08-10T04:02:32.176167+08:00,200,application/pdf,4937074,EEBBF701D59907582A6DF49B6EEA1628DEC6794643C1AF65CF662C68A792EAEA,HTTP_DOWNLOAD,OFFICIAL_REPOSITORY
P0156,BROAD_SOURCE,sources/P0156.html,https://api.crossref.org/works/10.14778/3712221.3712249,2026-08-10T03:18:59.724403+08:00,200,application/json,16398,4950C20782222B9BC984C441A24D4CF0B1ABFA36D46364B53E3671E4B777575A,HTTP_DOWNLOAD,OFFICIAL_REPOSITORY
P0157,BROAD_SOURCE,sources/P0157.html,https://api.crossref.org/works/10.1109/jstars.2020.2995703,2026-08-10T02:00:00.331672+08:00,200,application/json,11495,C098A2A4E86AD54C539BBE5A774D1CE9BFB2226AAB712C2F32D6F923F624FF7C,HTTP_DOWNLOAD,OFFICIAL_REPOSITORY
P0158,BROAD_SOURCE,sources/P0158.pdf,https://arxiv.org/pdf/2507.17151,2026-08-10T01:54:56.412726+08:00,200,application/pdf,3816890,D196DD705543C074CBCC713B9EA28B3599931D70B1A14600DD54D82CB5AB1496,HTTP_DOWNLOAD,OFFICIAL_REPOSITORY
P0159,BROAD_SOURCE,sources/P0159.pdf,https://arxiv.org/pdf/2602.11079,2026-08-10T01:01:32.471117+08:00,200,application/pdf,2620172,55EA5BAA54DA3DF77A2C480B5AFD0A9E49DECC26CB55A40F190F4FF6D6125F83,HTTP_DOWNLOAD,OFFICIAL_REPOSITORY
P0160,BROAD_SOURCE,sources/P0160.pdf,https://aclanthology.org/2022.findings-naacl.78.pdf,2026-08-10T03:08:49.694595+08:00,200,application/pdf,497440,C3ADE648F187A871B29829C43B87D7A711109C4EB2D5776EF6D2BB776F47D2E1,HTTP_DOWNLOAD,OFFICIAL_REPOSITORY
P0161,BROAD_SOURCE,sources/P0161.pdf,https://arxiv.org/pdf/2001.10528,2026-08-10T02:24:43.080338+08:00,200,application/pdf,2500129,18884DA0DFDD63F625C3E45FF3E5C7907180045FB8D16C333D379880F37C3E83,HTTP_DOWNLOAD,OFFICIAL_REPOSITORY
P0162,BROAD_SOURCE,sources/P0162.html,https://docs.lib.purdue.edu/dissertations/AAI3413757,2026-08-10T03:16:54.775789+08:00,200,text/html; charset=UTF-8,32721,71FF41C033BBA125DC334C2977BC8FA3C2F95BE76EA76E23E8205969C8CB346B,HTTP_DOWNLOAD,OFFICIAL_REPOSITORY
P0163,BROAD_SOURCE,sources/P0163.pdf,https://arxiv.org/pdf/1809.11008,2026-08-10T02:38:36.709424+08:00,200,application/pdf,3299795,A734F362C482ABDD200DF607C0E3B67D6CDD4283F904B53F0448097C77BA02D4,HTTP_DOWNLOAD,OFFICIAL_REPOSITORY
P0164,BROAD_SOURCE,sources/P0164.html,https://proceedings.mlr.press/v70/guo17a.html,2026-08-10T04:29:25.342099+08:00,200,text/html; charset=utf-8,14452,FCD644B81C1D06D034060E3FF8079CCC6ACC2213DBF846043B92059CE10D26F8,HTTP_DOWNLOAD,OFFICIAL_REPOSITORY
P0165,BROAD_SOURCE,sources/P0165.pdf,https://arxiv.org/pdf/2212.10005,2026-08-10T02:21:59.598506+08:00,200,application/pdf,476308,8AF77F6E2390CC8E0BFC0A6C12894AABD671BA30B2F7CAD65C3A8E56208C9301,HTTP_DOWNLOAD,OFFICIAL_REPOSITORY
P0166,BROAD_SOURCE,sources/P0166.pdf,https://ieeexplore.ieee.org/ielx7/6287639/8600701/08727911.pdf,2026-08-10T04:19:43.691002+08:00,200,application/pdf,10786812,C5481C40F8CC7E734F0E00908C89326B1A5A7DC936DF02B51F0A97335F27F896,HTTP_DOWNLOAD,PRIMARY_PUBLISHER
P0167,BROAD_SOURCE,sources/P0167.pdf,https://arxiv.org/pdf/2410.11215,2026-08-10T02:46:07.386897+08:00,200,application/pdf,2692545,FD22A053833B38253A1CD2CB71BCCA3A7EA7F3E720D03C30645BE19D253B6878,HTTP_DOWNLOAD,OFFICIAL_REPOSITORY
P0168,BROAD_SOURCE,sources/P0168.pdf,https://arxiv.org/pdf/2302.06960,2026-08-10T03:48:00.314925+08:00,200,application/pdf,2592289,AA86DD12B4B6457897CA8119CDA350C8E7E7AE6979D65D57B65F3328067A32A7,HTTP_DOWNLOAD,OFFICIAL_REPOSITORY
P0169,BROAD_SOURCE,sources/P0169.html,https://api.crossref.org/works/10.1109/iciet51873.2021.9419636,2026-08-10T02:39:39.058256+08:00,200,application/json,4215,78B28CD03B398093A1C5AE0925E23535613425E979ECB3101FC0ED0A6CE89E50,HTTP_DOWNLOAD,OFFICIAL_REPOSITORY
P0170,BROAD_SOURCE,sources/P0170.html,https://api.crossref.org/works/10.3390/su15031971,2026-08-10T04:20:57.683923+08:00,200,application/json,28533,557C00ADBDFCE0D96AAD93DB301397538D8F4A8B33CBC6B0A811E1182808157B,HTTP_DOWNLOAD,OFFICIAL_REPOSITORY
P0171,BROAD_SOURCE,sources/P0171.pdf,https://arxiv.org/pdf/2302.03857,2026-08-09T23:42:15.664712+08:00,200,application/pdf,954412,C1710EC056EE6009EA9B8B9E01876096A47399C820374700A7665BFCC7693D9B,HTTP_DOWNLOAD,OFFICIAL_REPOSITORY
P0172,BROAD_SOURCE,sources/P0172.pdf,https://arxiv.org/pdf/2210.11327,2026-08-10T03:38:52.801418+08:00,200,application/pdf,1324730,709D3B755F4F9581ECB25D235C4200CA2160F5DD59BEBC985031727E16208CE5,HTTP_DOWNLOAD,OFFICIAL_REPOSITORY
P0173,BROAD_SOURCE,sources/P0173.pdf,https://arxiv.org/pdf/1806.04838,2026-08-10T03:25:11.341756+08:00,200,application/pdf,120623,4EE441905BAD1D160FD04738404C33E437CF1262A70FD9EC3279DC8A8B2CC255,HTTP_DOWNLOAD,OFFICIAL_REPOSITORY
P0174,BROAD_SOURCE,sources/P0174.pdf,https://arxiv.org/pdf/2606.25488,2026-08-10T01:03:47.539792+08:00,200,application/pdf,2229970,9C990060F4B9CDA4E70A9A0728162A7DFC6610DD178DF95A0FCA9853595C5648,HTTP_DOWNLOAD,OFFICIAL_REPOSITORY
P0175,BROAD_SOURCE,sources/P0175.pdf,https://arxiv.org/pdf/2305.18381,2026-08-10T00:20:11.449196+08:00,200,application/pdf,1790624,7BF5C13158C517D190C460F1B6DC51F130A3D0E6D98ED91D418B8BB94293EAE1,HTTP_DOWNLOAD,OFFICIAL_REPOSITORY
P0176,BROAD_SOURCE,sources/P0176.pdf,https://arxiv.org/pdf/2112.01387,2026-08-10T04:29:29.648041+08:00,200,application/pdf,630377,6EFA6D0CA972245CF48670757248FF29FB9630472F0BB05B4D0B52ACD1605FF0,HTTP_DOWNLOAD,OFFICIAL_REPOSITORY
P0177,BROAD_SOURCE,sources/P0177.html,https://api.crossref.org/works/10.1145/3474085.3475492,2026-08-10T03:10:09.687150+08:00,200,application/json,9983,562A086154CC7051DE0FA7ACF77CA06F9E9D767E9D7769506466A498D375D152,HTTP_DOWNLOAD,OFFICIAL_REPOSITORY
P0178,BROAD_SOURCE,sources/P0178.pdf,https://ojs.aaai.org/index.php/AAAI/article/download/37894/41856,2026-08-10T01:54:28.912238+08:00,200,application/pdf,4811806,0F2E43709FB1E028E1DA20E35711458FA5B6933B7B2AA57D79C515D080DE5A30,HTTP_DOWNLOAD,PRIMARY_PUBLISHER
P0179,BROAD_SOURCE,sources/P0179.pdf,https://doi.org/10.14257/ijast.2018.119.07,2026-08-10T03:17:01.965424+08:00,200,application/pdf,465783,47A240A115AFDD5A4BCB6468A281469286CF5D8E9F5F04BC04BA45D9B08A588E,HTTP_DOWNLOAD,PRIMARY_PUBLISHER
P0180,BROAD_SOURCE,sources/P0180.pdf,https://iopscience.iop.org/article/10.1088/2632-2153/abf5b9/pdf,2026-08-10T01:29:06.126628+08:00,200,application/pdf;charset=UTF-8,1216875,2EA167464E0316C6CE7100210E680F68B829832266396486DFEA5941215A0A3F,HTTP_DOWNLOAD,AUTHOR_HOSTED
P0181,BROAD_SOURCE,sources/P0181.html,https://seeds.office.hiroshima-u.ac.jp/profile/en.66bde272c663fca9520e17560c007669.html,2026-08-10T01:44:32.459546+08:00,200,text/html,22353,36D60F2C72322B392175FFFCFA9EA490A947B055F44685B81E9FDC05C110DF5E,HTTP_DOWNLOAD,AUTHOR_HOSTED
P0182,BROAD_SOURCE,sources/P0182.html,https://doi.org/10.48550/arxiv.2006.07529,2026-08-10T03:31:15.108526+08:00,200,text/html; charset=utf-8,44715,F5F99D3B9FDC7E8EED68E4317A87EF79245B5B8FD59F320A4FF4B572FFD16470,HTTP_DOWNLOAD,PRIMARY_PUBLISHER
P0183,BROAD_SOURCE,sources/P0183.html,https://api.crossref.org/works/10.1109/iceeng58856.2024.10566392,2026-08-10T03:25:59.337502+08:00,200,application/json,6496,D5DDCCA3F1882FADE2A8185606EB84BA278EAF748FD089E0C2C73BA2DA22A847,HTTP_DOWNLOAD,OFFICIAL_REPOSITORY
P0184,BROAD_SOURCE,sources/P0184.pdf,https://arxiv.org/pdf/2305.13622,2026-08-10T03:16:58.564979+08:00,200,application/pdf,714453,7B1EA7D75F1B6EECEC36F33713B6F9B26E1376FA0DAAD2E91DBD3E25E94B030C,HTTP_DOWNLOAD,OFFICIAL_REPOSITORY
P0185,BROAD_SOURCE,sources/P0185.pdf,https://arxiv.org/pdf/1702.02426,2026-08-10T04:29:48.892455+08:00,200,application/pdf,6429082,0249F8313EF87A7C95F011F620433C5F78C29F763DF6408C133E172CF9603328,HTTP_DOWNLOAD,OFFICIAL_REPOSITORY
P0186,BROAD_SOURCE,sources/P0186.pdf,https://openreview.net/references/pdf?id=BJcaD2xCZ,2026-08-10T04:22:04.981053+08:00,200,application/pdf,321055,D969C4C1CAD6483FA0709D4360C05754C362DB75D7811B05457E2CE499BAA4B1,HTTP_DOWNLOAD,OFFICIAL_REPOSITORY
P0187,BROAD_SOURCE,sources/P0187.pdf,https://arxiv.org/pdf/2107.07113,2026-08-10T02:38:53.442637+08:00,200,application/pdf,501540,3558C88855AD2540FEDD97BA384EA1DA42BA3A5B47760C84B9BC7F7B0F02EBD0,HTTP_DOWNLOAD,OFFICIAL_REPOSITORY
P0188,BROAD_SOURCE,sources/P0188.pdf,https://arxiv.org/pdf/1707.01495,2026-08-10T02:57:06.612053+08:00,200,application/pdf,2464277,89DB330BB254D9C8818C61F2749CBE8F0535E8B487333409C5DC8CD8B3C89A04,HTTP_DOWNLOAD,OFFICIAL_REPOSITORY
P0189,BROAD_SOURCE,sources/P0189.pdf,https://arxiv.org/pdf/2303.04947,2026-08-10T04:03:08.792558+08:00,200,application/pdf,3034129,B9F6140B13CD2F8E03C69A1285DA93F38C62A57E355C67C75CF84BD58DB90A32,HTTP_DOWNLOAD,OFFICIAL_REPOSITORY
P0190,BROAD_SOURCE,sources/P0190.pdf,https://arxiv.org/pdf/2502.16733,2026-08-10T03:09:00.098807+08:00,200,application/pdf,5387402,6C603BD5B3662AFB81601224BA21018494526088B83F3175DD466836E9ADE059,HTTP_DOWNLOAD,OFFICIAL_REPOSITORY
P0191,BROAD_SOURCE,sources/P0191.pdf,https://arxiv.org/pdf/2012.04462,2026-08-09T23:42:31.570415+08:00,200,application/pdf,2475574,D3C24F74BACFF03FE628CB9F2B7DC9DA632F90A094840FDB30AC7E4629F3D7D3,HTTP_DOWNLOAD,OFFICIAL_REPOSITORY
P0192,BROAD_SOURCE,sources/P0192.html,https://api.crossref.org/works/10.1145/1877826.1877831,2026-08-10T04:03:57.085605+08:00,200,application/json,6051,24BAA8121EEF421E34F3BEB3F7A66341EF11569ACDC7036637E54F50563D0CFE,HTTP_DOWNLOAD,OFFICIAL_REPOSITORY
P0193,BROAD_SOURCE,sources/P0193.pdf,https://arxiv.org/pdf/2410.04275,2026-08-10T00:59:40.014053+08:00,200,application/pdf,1001424,6F65F070C9ACBA518D19D9801AE06DD034FEC425BA67EA3049AF252AF8FF2D0B,HTTP_DOWNLOAD,OFFICIAL_REPOSITORY
P0194,BROAD_SOURCE,sources/P0194.pdf,https://ojs.aaai.org/index.php/AAAI/article/download/20597/20356,2026-08-10T03:25:13.903118+08:00,200,application/pdf,299717,1729C131CF61D4441DF8357A50C6C542C9FA302A539A26280837B6064E7DC479,HTTP_DOWNLOAD,PRIMARY_PUBLISHER
P0195,BROAD_SOURCE,sources/P0195.pdf,https://ojs.aaai.org/index.php/AAAI/article/download/28095/28195,2026-08-10T04:18:54.100059+08:00,200,application/pdf,408753,41F2E0F99E009648B8ED0A153090D7ACC8AE3735EE4EEB532964E8096AEAB026,HTTP_DOWNLOAD,PRIMARY_PUBLISHER
P0196,BROAD_SOURCE,sources/P0196.html,https://api.crossref.org/works/10.1109/ic3it63743.2024.10869431,2026-08-10T04:07:23.975709+08:00,200,application/json,6180,0F640B71407508C7B22437E5527F3EF4B3F5A77A42819F430C8EE44F89AF5DD1,HTTP_DOWNLOAD,OFFICIAL_REPOSITORY
P0197,BROAD_SOURCE,sources/P0197.html,https://api.crossref.org/works/10.1109/infocom42981.2021.9488723,2026-08-10T03:18:58.776459+08:00,200,application/json,7762,7D392AF8A1FCA9B9A1CD7D639A48EDDC1BC7373CC2D88AF6AD1DE7A49694E70E,HTTP_DOWNLOAD,OFFICIAL_REPOSITORY
P0198,BROAD_SOURCE,sources/P0198.pdf,https://arxiv.org/pdf/2111.11288,2026-08-10T01:03:37.858875+08:00,200,application/pdf,8833197,367B71881B372D42B8F4BF8C5CFC84EF1B1EF2DF14E239627C562F2875F3F551,HTTP_DOWNLOAD,OFFICIAL_REPOSITORY
P0199,BROAD_SOURCE,sources/P0199.html,https://api.crossref.org/works/10.1109/ijcnn52387.2021.9533875,2026-08-10T02:59:07.502622+08:00,200,application/json,6114,C03CBD3D47EC29F56D42374F2EF58FDF05BACF2FC2827CA8D05AAA1A4F9ADBD6,HTTP_DOWNLOAD,OFFICIAL_REPOSITORY
P0200,BROAD_SOURCE,sources/P0200.pdf,https://ojs.aaai.org/index.php/AAAI/article/download/10774/10633,2026-08-10T04:30:12.448226+08:00,200,application/pdf,1133608,5F8D8E52C47E3FFECA4F92A4A074B56954BBC6227063B1C1A8805D16AA644CA3,HTTP_DOWNLOAD,PRIMARY_PUBLISHER
P0201,BROAD_SOURCE,sources/P0201.pdf,https://arxiv.org/pdf/2301.09880,2026-08-10T01:28:24.155885+08:00,200,application/pdf,1931798,3A5E9772891A0620A7FD7A331849016ED910AA556D4FE81E90E4B293589081E3,HTTP_DOWNLOAD,OFFICIAL_REPOSITORY
P0202,BROAD_SOURCE,sources/P0202.pdf,https://aclanthology.org/2022.acl-long.368.pdf,2026-08-10T04:29:53.288500+08:00,200,application/pdf,304886,E8A48626C2ED4344966F29007E9115DE5B3AB87AD3A497ADB7682F0367045522,HTTP_DOWNLOAD,OFFICIAL_REPOSITORY
P0203,BROAD_SOURCE,sources/P0203.pdf,https://ojs.aaai.org/index.php/AAAI/article/download/11595/11454,2026-08-10T04:29:20.174355+08:00,200,application/pdf,1691149,FAE579105B7C4614D5FAF8EA9657EEAFAE5F10F1496A23105EF0CB59B0B6D753,HTTP_DOWNLOAD,PRIMARY_PUBLISHER
P0204,BROAD_SOURCE,sources/P0204.pdf,https://arxiv.org/pdf/2606.04928,2026-08-10T04:19:49.512377+08:00,200,application/pdf,442112,39A3ADAE7556AEF4CA6F8F34C3E050A8DCE4023C8608652CA4DBBD1CE3CF5352,HTTP_DOWNLOAD,OFFICIAL_REPOSITORY
P0205,BROAD_SOURCE,sources/P0205.pdf,https://arxiv.org/pdf/2312.05021,2026-08-10T02:45:58.474813+08:00,200,application/pdf,897698,00C79DBC0D19D3E61A386A91311BFEF2CFA83640A71E042EED8BFE522372206C,HTTP_DOWNLOAD,OFFICIAL_REPOSITORY
P0206,BROAD_SOURCE,sources/P0206.pdf,https://arxiv.org/pdf/1802.02558.pdf,2026-08-10T03:25:11.833085+08:00,200,application/pdf,1589991,30FE7262506A2E5B88CBB0692040E9B767990EEA48DC89DBEBC3751EFCD40C58,HTTP_DOWNLOAD,OFFICIAL_REPOSITORY
P0207,BROAD_SOURCE,sources/P0207.pdf,https://ieeexplore.ieee.org/ielx7/6287639/9312710/09296219.pdf,2026-08-10T01:04:09.016457+08:00,200,application/pdf,1266514,D4338D0C287A41EDB8529632D8B4AED66D2C9B6C7E73EBAB25E896C7F3DD5A20,HTTP_DOWNLOAD,PRIMARY_PUBLISHER
P0208,BROAD_SOURCE,sources/P0208.pdf,https://arxiv.org/pdf/2102.11628,2026-08-10T03:38:18.249657+08:00,200,application/pdf,1174201,6B7C49A986065F2856F83FAD29697EEACB765F45858BFFC593B891ADCE47E6EC,HTTP_DOWNLOAD,OFFICIAL_REPOSITORY
P0209,BROAD_SOURCE,sources/P0209.pdf,https://thesai.org/Downloads/Volume11No4/Paper_12-A_Robust_Pneumonia_Classification_Approach.pdf,2026-08-10T00:19:41.663156+08:00,200,application/pdf,4432307,C79FFA752ECCB366B7E3CB18C6256FF312A3EAA17C8D298A7ED6DAA304561821,HTTP_DOWNLOAD,AUTHOR_HOSTED
P0210,BROAD_SOURCE,sources/P0210.pdf,https://arxiv.org/pdf/1901.10539,2026-08-10T04:29:51.488401+08:00,200,application/pdf,674995,8814B5B1FE4CAA19351FE050D5347EA9BD41EAD19A0C03D52036B195844D2F57,HTTP_DOWNLOAD,OFFICIAL_REPOSITORY
P0211,BROAD_SOURCE,sources/P0211.pdf,https://aclanthology.org/2022.emnlp-main.199.pdf,2026-08-10T03:09:06.964119+08:00,200,application/pdf,821166,AF71AA13F24ACABB711E4FCD905BA9EA7543804293CE2EC8ED3D6FBE2E096C3E,HTTP_DOWNLOAD,OFFICIAL_REPOSITORY
P0212,BROAD_SOURCE,sources/P0212.pdf,https://arxiv.org/pdf/2308.08774,2026-08-09T23:42:33.782285+08:00,200,application/pdf,3367500,20B3C113F5776E922C349D118BDD636981371124B400F8BE9B647C23D34F1BC3,HTTP_DOWNLOAD,OFFICIAL_REPOSITORY
P0213,BROAD_SOURCE,sources/P0213.pdf,https://arxiv.org/pdf/2605.18814,2026-08-10T04:29:29.211536+08:00,200,application/pdf,959429,14496876C510EA7A2C526655F7D0915FF01358A6D683B6B9FE9AC12BFCEF325F,HTTP_DOWNLOAD,OFFICIAL_REPOSITORY
P0214,BROAD_SOURCE,sources/P0214.html,https://api.crossref.org/works/10.1117/12.3023184,2026-08-10T01:44:30.210080+08:00,200,application/json,4763,ADCB032D9CF32EAD8F8C5720903E594A4CA3C975C6BA40062A33F74F58D555C3,HTTP_DOWNLOAD,OFFICIAL_REPOSITORY
P0215,BROAD_SOURCE,sources/P0215.html,https://doi.org/10.48550/arxiv.2103.00065,2026-08-10T02:24:43.217768+08:00,200,text/html; charset=utf-8,43387,AD16885228778E3652D0E68F85BA692DD34D21638E4F47DE0CF445C05E9B00A7,HTTP_DOWNLOAD,PRIMARY_PUBLISHER
P0216,BROAD_SOURCE,sources/P0216.html,https://api.crossref.org/works/10.1111/risa.13575,2026-08-10T02:59:06.622351+08:00,200,application/json,15659,29676E47B0D16B3A317B9F2CE82D5EB6DDD85F5A839BD71FEB6A0E561BAB8952,HTTP_DOWNLOAD,OFFICIAL_REPOSITORY
P0217,BROAD_SOURCE,sources/P0217.pdf,https://aclanthology.org/2021.emnlp-main.138.pdf,2026-08-09T23:42:00.547099+08:00,200,application/pdf,757915,57C8A32D92B8375EC495A1C06F78B90F0603873B8D346574B6B2DD72488546E3,HTTP_DOWNLOAD,OFFICIAL_REPOSITORY
P0218,BROAD_SOURCE,sources/P0218.pdf,https://arxiv.org/pdf/2411.15349,2026-08-10T03:16:35.617162+08:00,200,application/pdf,12351128,6BBC162930D602D73F2D9ADA583C22D6C6252DE119E9669BF0092718DC0B9EB6,HTTP_DOWNLOAD,OFFICIAL_REPOSITORY
P0219,BROAD_SOURCE,sources/P0219.pdf,https://arxiv.org/pdf/1912.08555,2026-08-10T02:46:26.407480+08:00,200,application/pdf,578045,43C92E0BE77A3048459893199339828A2718C11B810C308362B46B61A809520D,HTTP_DOWNLOAD,OFFICIAL_REPOSITORY
P0220,BROAD_SOURCE,sources/P0220.pdf,https://www.frontiersin.org/journals/plant-science/articles/10.3389/fpls.2025.1546756/pdf,2026-08-10T01:55:32.812772+08:00,200,application/pdf,4224001,DE824E92A7D58F7841D65FD24F8EC0B1F571351570F538CA6035F60CCACD46D9,HTTP_DOWNLOAD,PRIMARY_PUBLISHER
P0221,BROAD_SOURCE,sources/P0221.html,https://doi.org/10.48550/arxiv.2604.22504,2026-08-10T04:19:01.182223+08:00,200,text/html; charset=utf-8,43408,109BB778F2A6A96B7EAB7A9DA33BBC3BAEB80A822CFE3BCB1DFE916E19658D48,HTTP_DOWNLOAD,PRIMARY_PUBLISHER
P0222,BROAD_SOURCE,sources/P0222.html,https://api.crossref.org/works/10.1109/ijcnn54540.2023.10191077,2026-08-10T04:31:51.822155+08:00,200,application/json,9750,FED0CDBFD210B214D5AA7D3BE45F11E8F1E4135CF4A72798CD3655917A425768,HTTP_DOWNLOAD,OFFICIAL_REPOSITORY
P0223,BROAD_SOURCE,sources/P0223.pdf,https://arxiv.org/pdf/2210.02197,2026-08-10T03:18:57.850319+08:00,200,application/pdf,3369840,4E40D1457B92523122D4553B02EDDB3946DCCBF820E8E4B82B1BC515981C1754,HTTP_DOWNLOAD,OFFICIAL_REPOSITORY
P0224,BROAD_SOURCE,sources/P0224.html,https://api.crossref.org/works/10.1109/tpami.2010.29,2026-08-10T02:14:54.095299+08:00,200,application/json,5027,C144438AC1E0F800F97C5AC5CDC05F7D4004465B0C40B1FC9005D690923A7563,HTTP_DOWNLOAD,OFFICIAL_REPOSITORY
P0225,BROAD_SOURCE,sources/P0225.html,https://doi.org/10.2352/issn.2470-1173.2020.16.avm-203,2026-08-10T02:11:22.451065+08:00,200,text/html; charset=utf-8,140504,3DD8A51BC9031D084BA72210EA590ADD2E49D7CEC01D4F82A509D626E7DF7044,HTTP_DOWNLOAD,PRIMARY_PUBLISHER
P0226,BROAD_SOURCE,sources/P0226.pdf,https://arxiv.org/pdf/1805.10339,2026-08-10T02:56:37.511949+08:00,200,application/pdf,7211010,FCA02C46EE71B9C22A43331652B10D66606CE3E99F9B65BE26B89EFF09B66BE4,HTTP_DOWNLOAD,OFFICIAL_REPOSITORY
P0227,BROAD_SOURCE,sources/P0227.html,https://api.crossref.org/works/10.1101/2020.11.07.372771,2026-08-10T03:32:17.299125+08:00,200,application/json,11722,A739B200BE022C97CB9C3B144CC04050F922DB638C22762579548F299E548FEF,HTTP_DOWNLOAD,OFFICIAL_REPOSITORY
P0228,BROAD_SOURCE,sources/P0228.pdf,https://openaccess.thecvf.com/content/WACV2024/papers/Jindal_Army_of_Thieves_Enhancing_Black-Box_Model_Extraction_via_Ensemble_Based_WACV_2024_paper.pdf,2026-08-10T03:49:31.698748+08:00,200,application/pdf,1519202,B1FF6C8AAABE29278E4643176854AD121EF2864B24C832250F541C9968FAA7F2,HTTP_DOWNLOAD,PRIMARY_PUBLISHER
P0229,BROAD_SOURCE,sources/P0229.pdf,https://arxiv.org/pdf/2511.21519,2026-08-10T02:52:19.369428+08:00,200,application/pdf,10377214,8E058ADC271B948C8D0B2BCBF7DA5B9E969CB663747A90878BCD7C3725F656AB,HTTP_DOWNLOAD,OFFICIAL_REPOSITORY
P0230,BROAD_SOURCE,sources/P0230.pdf,https://arxiv.org/pdf/2506.04015,2026-08-10T04:30:00.623757+08:00,200,application/pdf,1246760,657C23561DB53B6DBA48AA35585AD26974A629711FAF5DCB83BAA40078E6B821,HTTP_DOWNLOAD,OFFICIAL_REPOSITORY
P0231,BROAD_SOURCE,sources/P0231.pdf,https://arxiv.org/pdf/2410.08656,2026-08-10T03:09:29.002970+08:00,200,application/pdf,1492447,E1CFD3C3F1F4748D62099BE3ECA4DA57C9E1DBEFADD426E5ACA36F34ACD7EBE1,HTTP_DOWNLOAD,OFFICIAL_REPOSITORY
P0232,BROAD_SOURCE,sources/P0232.pdf,https://arxiv.org/pdf/2504.00695,2026-08-10T03:09:18.614921+08:00,200,application/pdf,1077792,38606BD6ACBC5F6BD1775C2124BEBED424EB0538F9A51413797FEFEB88403062,HTTP_DOWNLOAD,OFFICIAL_REPOSITORY
P0233,BROAD_SOURCE,sources/P0233.pdf,https://ojs.aaai.org/index.php/AAAI/article/download/39863/43824,2026-08-10T03:38:31.923987+08:00,200,application/pdf,713265,754F406A19A015F0A02CFCF61F7A82CC5B7C4918C6920D9482D2CF3889077F4A,HTTP_DOWNLOAD,PRIMARY_PUBLISHER
P0234,BROAD_SOURCE,sources/P0234.html,https://api.crossref.org/works/10.1360/ssi-2020-0005,2026-08-10T01:44:30.540408+08:00,200,application/json,1923,89C5D76F8E0D682B66F19321C7C2ABD9161F02F8E9F80A1269F16A33AD3CACF2,HTTP_DOWNLOAD,OFFICIAL_REPOSITORY
P0235,BROAD_SOURCE,sources/P0235.html,https://doi.org/10.48550/arxiv.1710.10368,2026-08-10T03:31:14.154748+08:00,200,text/html; charset=utf-8,42447,6D025E55825F0546CF176B91D12BCA392453D5A44AE339E863CBFD02D968DBB0,HTTP_DOWNLOAD,PRIMARY_PUBLISHER
P0236,BROAD_SOURCE,sources/P0236.html,https://api.crossref.org/works/10.3390/app12020581,2026-08-10T02:52:49.759922+08:00,200,application/json,19644,F1F12E52C88A65E91C475953956E873819A61CEC454FF0C0E522557224A2F68E,HTTP_DOWNLOAD,OFFICIAL_REPOSITORY
P0237,BROAD_SOURCE,sources/P0237.pdf,https://ojs.aaai.org/index.php/AAAI/article/download/17709/17516,2026-08-09T23:41:41.234366+08:00,200,application/pdf,3555841,4B002853B370D021903155B20BC7B9FA5D7F34987B6C5C23395378933DAE8A3B,HTTP_DOWNLOAD,PRIMARY_PUBLISHER
P0238,BROAD_SOURCE,sources/P0238.pdf,https://arxiv.org/pdf/2305.19765,2026-08-10T02:52:06.452144+08:00,200,application/pdf,3181465,25EF26ED306E0C91ED4660C55BE2F9FE1374C6B990E756EBEC238547B15EEE7E,HTTP_DOWNLOAD,OFFICIAL_REPOSITORY
P0239,BROAD_SOURCE,sources/P0239.pdf,https://arxiv.org/pdf/1802.02558,2026-08-10T00:19:39.255985+08:00,200,application/pdf,1589991,30FE7262506A2E5B88CBB0692040E9B767990EEA48DC89DBEBC3751EFCD40C58,HTTP_DOWNLOAD,OFFICIAL_REPOSITORY
P0240,BROAD_SOURCE,sources/P0240.pdf,https://arxiv.org/pdf/2310.01009,2026-08-10T03:16:47.998222+08:00,200,application/pdf,1045365,086F488C207D423BA562E5E2482D9066A764E02F64062C179CF814A5C96E52DA,HTTP_DOWNLOAD,OFFICIAL_REPOSITORY
P0241,BROAD_SOURCE,sources/P0241.pdf,https://ojs.aaai.org/index.php/AAAI/article/download/5846/5702,2026-08-10T01:11:20.771918+08:00,200,application/pdf,706331,A63788E19B626422F6174D7FF7474278CC41B030399D5135DAA34249CE34F6E7,HTTP_DOWNLOAD,PRIMARY_PUBLISHER
P0242,BROAD_SOURCE,sources/P0242.pdf,https://aclanthology.org/2022.findings-emnlp.443.pdf,2026-08-10T04:29:59.798449+08:00,200,application/pdf,523812,314D7A78B2256141654D7F2CE5E5481A14A24BFA358430B6D9D249271FD78C1B,HTTP_DOWNLOAD,OFFICIAL_REPOSITORY
P0243,BROAD_SOURCE,sources/P0243.html,https://api.crossref.org/works/10.1109/ijcnn52387.2021.9533622,2026-08-10T04:31:51.601086+08:00,200,application/json,6056,394B58028911404510FDF3F07BB098294548F68D71E3C3BC5DE4C0D8AAB7F066,HTTP_DOWNLOAD,OFFICIAL_REPOSITORY
P0244,BROAD_SOURCE,sources/P0244.pdf,https://arxiv.org/pdf/2411.12523,2026-08-10T03:38:49.455691+08:00,200,application/pdf,20903694,7D8F98F25AF0C30885FF8A1016FAE7795F758081A85B5E61800879AD6A3A3A72,HTTP_DOWNLOAD,OFFICIAL_REPOSITORY
P0245,BROAD_SOURCE,sources/P0245.html,https://api.crossref.org/works/10.1109/tim.2022.3205901,2026-08-10T02:52:49.113424+08:00,200,application/json,6879,09C9510437A4F8AB10FC67419E831F7AB813E0DFC43FEB591F410016E7317D8F,HTTP_DOWNLOAD,OFFICIAL_REPOSITORY
P0246,BROAD_SOURCE,sources/P0246.pdf,https://ieeexplore.ieee.org/ielx7/5962385/6104215/09926002.pdf,2026-08-10T00:20:37.542188+08:00,200,application/pdf,2396628,65B87E81995FAF6BF91C62B9A699A245626437E82CE58BBA0C3FCF1676C1646A,HTTP_DOWNLOAD,PRIMARY_PUBLISHER
P0247,BROAD_SOURCE,sources/P0247.pdf,https://aclanthology.org/2023.emnlp-industry.32.pdf,2026-08-10T02:38:43.880689+08:00,200,application/pdf,995251,292006D598E852693010ED5339FB83EFBD389BAE0E066B6703DCC879DBB97DF0,HTTP_DOWNLOAD,OFFICIAL_REPOSITORY
P0248,BROAD_SOURCE,sources/P0248.pdf,https://arxiv.org/pdf/2104.11861,2026-08-10T02:38:30.174406+08:00,200,application/pdf,513141,ADBAA1A65921864024234B26F17BE09B6159EBC2F4B3415583F77737173C713E,HTTP_DOWNLOAD,OFFICIAL_REPOSITORY
P0249,BROAD_SOURCE,sources/P0249.html,https://api.crossref.org/works/10.1109/icip.2019.8803290,2026-08-10T04:21:01.438126+08:00,200,application/json,4527,08193614A9E3751558B50A61FD19CFEC6193CB1B81DFCD7926243F556B2401C1,HTTP_DOWNLOAD,OFFICIAL_REPOSITORY
P0250,BROAD_SOURCE,sources/P0250.html,https://doi.org/10.1609/aaai.v38i8.28758,2026-08-10T04:29:24.826705+08:00,200,text/html; charset=utf-8,28125,E9C4B9A53846201CB7F5307EE40280F6A9BC4CBE2A2E02CB118514AA5E3E710F,HTTP_DOWNLOAD,PRIMARY_PUBLISHER
P0251,BROAD_SOURCE,sources/P0251.pdf,https://www.aclweb.org/anthology/P19-1123.pdf,2026-08-10T02:24:53.084820+08:00,200,application/pdf,461892,DDEEBA48276D027A0726894BD2F75A528213C24A0BB124D82F46B8265E43829A,HTTP_DOWNLOAD,OFFICIAL_REPOSITORY
P0252,BROAD_SOURCE,sources/P0252.pdf,https://arxiv.org/pdf/1606.06562,2026-08-10T02:38:20.854453+08:00,200,application/pdf,336939,6FB2E5588DDAF4358FE6EC6CBB2B9E94D804A5A36A0496D7F5915E4F86A25FCF,HTTP_DOWNLOAD,OFFICIAL_REPOSITORY
P0253,BROAD_SOURCE,sources/P0253.pdf,https://aclanthology.org/2024.naacl-long.421.pdf,2026-08-10T03:38:57.979224+08:00,200,application/pdf,10233849,F753EF1C539BE44CC86D2EFF6443D56575DE83AF5B29D55DCF08193986EF8499,HTTP_DOWNLOAD,OFFICIAL_REPOSITORY
P0254,BROAD_SOURCE,sources/P0254.html,https://api.crossref.org/works/10.1155/2018/6531203,2026-08-10T03:25:58.708962+08:00,200,application/json,10934,5D3B5678E1D728BFA69DDFEA2FED23FE81BEA268D0FC81925B9CEF53B2BAF584,HTTP_DOWNLOAD,OFFICIAL_REPOSITORY
P0255,BROAD_SOURCE,sources/P0255.html,https://api.crossref.org/works/10.1145/2499393.2499395,2026-08-10T03:32:17.615189+08:00,200,application/json,4568,0524E050FB8BC204F0BDFAC742C4AC49382CFB248A109CA4A1149854D41179DE,HTTP_DOWNLOAD,OFFICIAL_REPOSITORY
P0256,BROAD_SOURCE,sources/P0256.html,https://api.crossref.org/works/10.1109/iotsms48152.2019.8939220,2026-08-10T02:41:01.612735+08:00,200,application/json,4938,CFDE5E032287B08F9A45D4D34D987B81F9F1096E928128465B3F7DDA0AA01652,HTTP_DOWNLOAD,OFFICIAL_REPOSITORY
P0257,BROAD_SOURCE,sources/P0257.pdf,https://arxiv.org/pdf/2603.21623,2026-08-09T23:42:02.881329+08:00,200,application/pdf,2903984,32DA7FEA79A0EF19A1BF425CE397EA3BB933BA4706BC2AD1B5A8C8F05C60AECE,HTTP_DOWNLOAD,OFFICIAL_REPOSITORY
P0258,BROAD_SOURCE,sources/P0258.pdf,https://arxiv.org/pdf/2310.08782,2026-08-10T03:31:14.012651+08:00,200,application/pdf,17507341,99675F6FC29B7ABC6393C9737C837BDA08CFDD7F034BEDDACFC6FF2434DCE919,HTTP_DOWNLOAD,OFFICIAL_REPOSITORY
P0259,BROAD_SOURCE,sources/P0259.html,https://api.crossref.org/works/10.1109/lgrs.2013.2273983,2026-08-10T03:10:10.362390+08:00,200,application/json,4219,B7247A09C2FCEE68452FDC685559646BA553115FA485379B22C7199130BF6F70,HTTP_DOWNLOAD,OFFICIAL_REPOSITORY
P0260,BROAD_SOURCE,sources/P0260.pdf,https://arxiv.org/pdf/2211.05610,2026-08-10T02:46:08.234247+08:00,200,application/pdf,390683,1D73E4754AA1365A1A1BD327E5A77A746DF39C2F624846F28FDA416375484FA8,HTTP_DOWNLOAD,OFFICIAL_REPOSITORY
P0261,BROAD_SOURCE,sources/P0261.pdf,https://arxiv.org/pdf/2607.03590,2026-08-10T02:38:30.012507+08:00,200,application/pdf,196471,51EE8F3D704331CE718B314DF25891FA8A70F7C475954F63FDE897AA55DDF073,HTTP_DOWNLOAD,OFFICIAL_REPOSITORY
P0262,BROAD_SOURCE,sources/P0262.pdf,https://arxiv.org/pdf/2603.00624,2026-08-10T04:19:44.634404+08:00,200,application/pdf,5399416,CC11E76E6AA412DF3E398612CF659CFBE880C1DC63D9028EC111EDB9A822DC95,HTTP_DOWNLOAD,OFFICIAL_REPOSITORY
P0263,BROAD_SOURCE,sources/P0263.pdf,https://www.jstage.jst.go.jp/article/transinf/E98.D/8/E98.D_2015EDP7047/_pdf,2026-08-10T01:55:55.946447+08:00,200,application/pdf;charset=UTF-8,1171961,E838506A5036F48CC621EBD1E7F162494B2BF21942428E9FAB40D400A2F7DC6D,HTTP_DOWNLOAD,AUTHOR_HOSTED
P0264,BROAD_SOURCE,sources/P0264.pdf,https://arxiv.org/pdf/2002.02697,2026-08-10T04:29:24.146016+08:00,200,application/pdf,5224520,9001410C90B6B45261700991D498C596A27B59C76B49235D8B6190E7749479C8,HTTP_DOWNLOAD,OFFICIAL_REPOSITORY
P0265,BROAD_SOURCE,sources/P0265.pdf,https://aclanthology.org/2024.emnlp-main.291.pdf,2026-08-10T03:08:45.145653+08:00,200,application/pdf,4495686,CABA2E46259D3530F9F92A3C157786C5B2C75A62B5D45ABE1142789B4A8D4DC4,HTTP_DOWNLOAD,OFFICIAL_REPOSITORY
P0266,BROAD_SOURCE,sources/P0266.pdf,https://arxiv.org/pdf/2502.08227,2026-08-10T04:18:51.646671+08:00,200,application/pdf,5429558,C0119F48CCF23F16BF3955B2A587D244EC23750E931265CC6E7CA4DD45917933,HTTP_DOWNLOAD,OFFICIAL_REPOSITORY
P0267,BROAD_SOURCE,sources/P0267.pdf,https://arxiv.org/pdf/1806.05473,2026-08-10T04:29:17.208584+08:00,200,application/pdf,1852493,F3E7CAA8DCD01E3F406D154772B1DF4EDE32AEB5913309AE947A3A7C661B6238,HTTP_DOWNLOAD,OFFICIAL_REPOSITORY
P0268,BROAD_SOURCE,sources/P0268.pdf,https://www.frontiersin.org/articles/10.3389/fmed.2020.00177/pdf,2026-08-09T23:41:51.325637+08:00,200,application/pdf,615505,AE5D8FB4170308DE1A2E16E6DB777BE6ECACC686CE817E9F1AA67B24AB0A9CEB,HTTP_DOWNLOAD,PRIMARY_PUBLISHER
P0269,BROAD_SOURCE,sources/P0269.pdf,https://arxiv.org/pdf/2407.00673,2026-08-10T01:00:03.773447+08:00,200,application/pdf,1988739,6E0BA551389417BE08340D79A6C50BD828E6C7B3A05B948837C4CB5890D702AC,HTTP_DOWNLOAD,OFFICIAL_REPOSITORY
P0270,BROAD_SOURCE,sources/P0270.pdf,https://arxiv.org/pdf/2202.13080,2026-08-10T02:11:31.869646+08:00,200,application/pdf,764975,80BC7A8742C2714052D4EA6AD9D86F72BCC3EE93E4ACF8CBAFBF6D7E3F6A8687,HTTP_DOWNLOAD,OFFICIAL_REPOSITORY
P0271,BROAD_SOURCE,sources/P0271.html,https://api.crossref.org/works/10.1109/tmi.2021.3061724,2026-08-10T03:26:00.576953+08:00,200,application/json,10639,C59DBC5917C2A7435C7B4BDB173925E870784C6ABE641FE2923B032661140862,HTTP_DOWNLOAD,OFFICIAL_REPOSITORY
P0272,BROAD_SOURCE,sources/P0272.pdf,https://arxiv.org/pdf/2605.02143,2026-08-10T04:29:23.134937+08:00,200,application/pdf,1961199,9A15FFA7219C0F76999B15B832D1E4115F88832F1DE1ECEC10FFB28E64C536CC,HTTP_DOWNLOAD,OFFICIAL_REPOSITORY
P0273,BROAD_SOURCE,sources/P0273.pdf,https://arxiv.org/pdf/1803.04579,2026-08-10T02:46:31.676074+08:00,200,application/pdf,64044,4596B775218E6D02F2B3EEC87FFAFD3CBC681D54DB7453BC1626708D82745031,HTTP_DOWNLOAD,OFFICIAL_REPOSITORY
P0274,BROAD_SOURCE,sources/P0274.pdf,https://cdn.aaai.org/ojs/16861/16861-13-20355-1-2-20210518.pdf,2026-08-10T00:46:42.453878+08:00,200,application/pdf,4089106,4EBA861FB75E6FDA4D6A3A98FC5E3DF6D1F2D89B1833FCEA30DDB1FC4C0B7031,HTTP_DOWNLOAD,PRIMARY_PUBLISHER
P0275,BROAD_SOURCE,sources/P0275.html,https://api.crossref.org/works/10.1080/19475705.2023.2285719,2026-08-10T03:55:32.478818+08:00,200,application/json,8830,C5A7759BE44CBB9B6715A73F578A57A4D49402ED8D9161FF3EB4AE7F090B7309,HTTP_DOWNLOAD,OFFICIAL_REPOSITORY
P0276,BROAD_SOURCE,sources/P0276.pdf,https://ieeexplore.ieee.org/ielx7/6287639/8600701/08913504.pdf,2026-08-10T02:11:46.845047+08:00,200,application/pdf,4349888,3C5993FEF08D18188D77432E8BB8BB52F52142259CD63DB6DE0458809E1F1B43,HTTP_DOWNLOAD,PRIMARY_PUBLISHER
P0277,BROAD_SOURCE,sources/P0277.pdf,https://arxiv.org/pdf/2110.12088,2026-08-10T00:19:41.998732+08:00,200,application/pdf,1081214,10901035EDC73E06CED8745C6C9F71B6FF2096F5B3824D063A0C0405281A5F69,HTTP_DOWNLOAD,OFFICIAL_REPOSITORY
P0278,BROAD_SOURCE,sources/P0278.html,https://api.crossref.org/works/10.3390/s21051902,2026-08-10T02:47:12.584399+08:00,200,application/json,29606,943E7A99A7F46172195576DB085E164AE3C2C20C85820F79DD5F49FADADB7F74,HTTP_DOWNLOAD,OFFICIAL_REPOSITORY
P0279,BROAD_SOURCE,sources/P0279.pdf,https://aclanthology.org/2025.findings-naacl.137.pdf,2026-08-10T02:38:23.207380+08:00,200,application/pdf,1246563,0C157EDDA2144C960BA84976973657B7BB30B8A11460D582FCF6913F7C7DD62F,HTTP_DOWNLOAD,OFFICIAL_REPOSITORY
P0280,BROAD_SOURCE,sources/P0280.pdf,https://arxiv.org/pdf/2312.02200,2026-08-10T04:19:49.110878+08:00,200,application/pdf,1073606,681694037BC4CF706D96BAFCAEF1667072208174B7CA9020321066D6DDE8C4C9,HTTP_DOWNLOAD,OFFICIAL_REPOSITORY
P0281,BROAD_SOURCE,sources/P0281.pdf,https://arxiv.org/pdf/2203.14542,2026-08-10T01:55:48.911724+08:00,200,application/pdf,2531250,F5BB0C951181300351F496D44041A5EB6599529199BB89E90CB3710DCDCB395A,HTTP_DOWNLOAD,OFFICIAL_REPOSITORY
P0282,BROAD_SOURCE,sources/P0282.html,https://api.crossref.org/works/10.1109/taslp.2016.2562505,2026-08-10T03:41:22.009103+08:00,200,application/json,11316,9F73DB43BC8FC5AABF80F7DEA43E063C3DFB6797D2E899C990895B763029BD6D,HTTP_DOWNLOAD,OFFICIAL_REPOSITORY
P0283,BROAD_SOURCE,sources/P0283.html,https://doi.org/10.1609/aaai.v35i5.16602,2026-08-10T04:29:20.414900+08:00,200,text/html; charset=utf-8,23432,D7A386B3689FC23627E19B7C1DFF52763B21F5E375C2B667A7526BFC279F03AB,HTTP_DOWNLOAD,PRIMARY_PUBLISHER
P0284,BROAD_SOURCE,sources/P0284.pdf,https://arxiv.org/pdf/2310.14664,2026-08-10T02:24:26.400754+08:00,200,application/pdf,576399,5BBF6D9FE8A3525D6A8DCC9F7E3BF4EA04242B2DF2B555EBDAFEB9BF37726E55,HTTP_DOWNLOAD,OFFICIAL_REPOSITORY
P0285,BROAD_SOURCE,sources/P0285.html,https://openaccess.thecvf.com/content/ICCV2023/html/Xia_Combating_Noisy_Labels_with_Sample_Selection_by_Mining_High-Discrepancy_Examples_ICCV_2023_paper.html,2026-08-10T02:22:07.607811+08:00,200,text/html; charset=UTF-8,6565,4A67292381AA5AD6BA79FBF00A349C59EDEBCACAAE30CAD71859CF3CA5681363,HTTP_DOWNLOAD,OFFICIAL_REPOSITORY
P0286,BROAD_SOURCE,sources/P0286.html,https://doi.org/10.1609/aaai.v35i12.17319,2026-08-10T02:11:23.095025+08:00,200,text/html; charset=utf-8,25113,A6D9016B233AA54F4810D7F2FCB227D5CE2495AA7667C5AD9599184B1CE6CD3B,HTTP_DOWNLOAD,PRIMARY_PUBLISHER
P0287,BROAD_SOURCE,sources/P0287.pdf,https://arxiv.org/pdf/2511.06641,2026-08-10T03:54:20.090223+08:00,200,application/pdf,608257,19D4AB51CDF5467A1164109D2716412FD21858093774C2BD757AB9F850FC2FDA,HTTP_DOWNLOAD,OFFICIAL_REPOSITORY
P0288,BROAD_SOURCE,sources/P0288.pdf,https://arxiv.org/pdf/2409.08647,2026-08-10T04:18:58.193898+08:00,200,application/pdf,2445100,D8C3849C86D9B353D185D175D3DE83767FC05228DB0436ABA83DB6C6ACF5048C,HTTP_DOWNLOAD,OFFICIAL_REPOSITORY
P0289,BROAD_SOURCE,sources/P0289.pdf,https://link.springer.com/content/pdf/10.1007/s40747-024-01360-z.pdf,2026-08-10T02:22:15.794226+08:00,200,application/pdf,1213339,664ABA92B70B7DC6D78E4B9ADF026AE6AA4592D526D708E9BA6F7D559815254B,HTTP_DOWNLOAD,PRIMARY_PUBLISHER
P0290,BROAD_SOURCE,sources/P0290.pdf,https://iopscience.iop.org/article/10.1088/1742-5468/ac9b3c/pdf,2026-08-10T04:29:10.517824+08:00,200,application/pdf;charset=UTF-8,1566192,808BE4A127D1B6FC8414D44804866113F3482BFB711B84CAE312F17E540A9286,HTTP_DOWNLOAD,AUTHOR_HOSTED
P0291,BROAD_SOURCE,sources/P0291.html,https://doi.org/10.1609/aaai.v35i6.16721,2026-08-10T03:48:17.909440+08:00,200,text/html; charset=utf-8,22554,988458C5B40EFA50DA857CA82050392E501B802938A33A9C1F457A67B38A230F,HTTP_DOWNLOAD,PRIMARY_PUBLISHER
P0292,BROAD_SOURCE,sources/P0292.pdf,https://arxiv.org/pdf/2602.10097,2026-08-10T01:01:08.425086+08:00,200,application/pdf,890054,F7DFD00FB9EB99E344F63FE77521860778724F81446EC5472CEAC64261230BD0,HTTP_DOWNLOAD,OFFICIAL_REPOSITORY
P0293,BROAD_SOURCE,sources/P0293.html,https://doi.org/10.1609/aaai.v35i11.17213,2026-08-10T02:56:56.134114+08:00,200,text/html; charset=utf-8,25432,D9BC0009105F78E448EA5B55AA70CA459DA9C182D3DEBA21C8E8D6C8025BE110,HTTP_DOWNLOAD,PRIMARY_PUBLISHER
P0294,BROAD_SOURCE,sources/P0294.pdf,https://arxiv.org/pdf/2606.13668,2026-08-10T02:56:36.533436+08:00,200,application/pdf,525644,B6F34A91D612AD6AD555F21A045D1090B6129F249BF313666B6DBB147F77C53D,HTTP_DOWNLOAD,OFFICIAL_REPOSITORY
P0295,BROAD_SOURCE,sources/P0295.html,https://api.crossref.org/works/10.1109/tmrb.2026.3699224,2026-08-10T02:39:39.974883+08:00,200,application/json,3985,9A4F540B963F062ED504C13520709264AF66FB2751CF7BB2663FC91375006D57,HTTP_DOWNLOAD,OFFICIAL_REPOSITORY
P0296,BROAD_SOURCE,sources/P0296.html,https://api.crossref.org/works/10.3390/en17205183,2026-08-10T03:10:11.668261+08:00,200,application/json,15129,37244C562759374065CDA5E1F6269F6A961E8466384D5CBE7A2EC2D043FED353,HTTP_DOWNLOAD,OFFICIAL_REPOSITORY
P0297,BROAD_SOURCE,sources/P0297.pdf,https://arxiv.org/pdf/2009.00093,2026-08-10T01:44:31.465767+08:00,200,application/pdf,1750297,19EB92EEB67913EF11CC13F94BE9793447B8D1DCDE76E32ACC5E3F7D38542BB8,HTTP_DOWNLOAD,OFFICIAL_REPOSITORY
P0298,BROAD_SOURCE,sources/P0298.pdf,https://www.frontiersin.org/articles/10.3389/fmicb.2020.592430/pdf,2026-08-10T04:29:28.686684+08:00,200,application/pdf,1286456,B13B713451AB6D51F72C8CD23E3C5F229C1427A03B27B663BF46569CFE55B373,HTTP_DOWNLOAD,PRIMARY_PUBLISHER
P0299,BROAD_SOURCE,sources/P0299.pdf,https://arxiv.org/pdf/2406.06046,2026-08-10T03:16:35.738874+08:00,200,application/pdf,1626783,6A8BEC90FD1BF5EB6D86D776A585D0BDEF738C12DF58F4E7F090B012FAB5BF6F,HTTP_DOWNLOAD,OFFICIAL_REPOSITORY
P0300,BROAD_SOURCE,sources/P0300.html,https://api.crossref.org/works/10.3390/s20236777,2026-08-10T03:25:59.027680+08:00,200,application/json,12833,38F55556A9A07297CB064A51DEAFAD7FCB81851C3C3028E81FD1BBA15187ED2C,HTTP_DOWNLOAD,OFFICIAL_REPOSITORY
P0301,BROAD_SOURCE,sources/P0301.pdf,https://arxiv.org/pdf/2509.08300,2026-08-10T03:16:57.423117+08:00,200,application/pdf,233392,17232C1705DDE4391DDC94C22C305BE1ECE7E804279F927D20EC542C130EE146,HTTP_DOWNLOAD,OFFICIAL_REPOSITORY
P0302,BROAD_SOURCE,sources/P0302.pdf,https://ojs.aaai.org/index.php/AAAI/article/download/26706/26478,2026-08-10T04:29:25.558618+08:00,200,application/pdf,507488,2D0CBC86E0A311632F30510CD814FB85429206901A0467B4A2D72F053B84234A,HTTP_DOWNLOAD,PRIMARY_PUBLISHER
P0303,BROAD_SOURCE,sources/P0303.pdf,https://arxiv.org/pdf/2505.23223,2026-08-10T03:38:07.916382+08:00,200,application/pdf,3120584,AD70D7703EA99729D06EC1FFCDA6427D1634C5309A485BBBEC817E019E7E9F50,HTTP_DOWNLOAD,OFFICIAL_REPOSITORY
P0304,BROAD_SOURCE,sources/P0304.html,https://proceedings.mlr.press/v267/chhabra25a.html,2026-08-10T04:18:58.725710+08:00,200,text/html; charset=utf-8,16464,58DCF9A4A3D7D3A3222C6CBF91E8096B9608ACE17791D89880B871D18CA09EDA,HTTP_DOWNLOAD,OFFICIAL_REPOSITORY
P0305,BROAD_SOURCE,sources/P0305.pdf,https://link.springer.com/content/pdf/10.1007/s11682-021-00585-7.pdf,2026-08-10T03:39:04.714373+08:00,200,application/pdf,2157120,2B364AC45FFCEE9BDDE52A40A7C48483DF3FF7CE0F2EDB897AE678BF411309A4,HTTP_DOWNLOAD,PRIMARY_PUBLISHER
P0306,BROAD_SOURCE,sources/P0306.html,https://api.crossref.org/works/10.1016/j.cviu.2021.103166,2026-08-10T02:27:58.367720+08:00,200,application/json,22004,E72A59BDEE6E52C8D53F8B05571A11B064CAC3F7F5F48A0B62326F8AEFF20917,HTTP_DOWNLOAD,OFFICIAL_REPOSITORY
P0307,BROAD_SOURCE,sources/P0307.pdf,https://arxiv.org/pdf/1806.09614,2026-08-10T03:25:11.179087+08:00,200,application/pdf,450551,DAC7687994A08A0CE8CE3214A69A10593CDE73D8BCF3B04744C0C3B7416518AB,HTTP_DOWNLOAD,OFFICIAL_REPOSITORY
P0308,BROAD_SOURCE,sources/P0308.html,https://api.crossref.org/works/10.3390/make8010017,2026-08-10T04:31:52.417617+08:00,200,application/json,14310,1BFF8F600C2C0BCDB78E63AFB9F8560151AC733FD002A0EF03E8FF8403A90A2F,HTTP_DOWNLOAD,OFFICIAL_REPOSITORY
P0309,BROAD_SOURCE,sources/P0309.html,https://doi.org/10.1609/aaai.v36i6.20634,2026-08-10T03:54:08.539792+08:00,200,text/html; charset=utf-8,23736,FDD1990ABFDD315053440597D6B0125F93921697FFA390757B36477709DAB502,HTTP_DOWNLOAD,PRIMARY_PUBLISHER
P0310,BROAD_SOURCE,sources/P0310.pdf,https://arxiv.org/pdf/2406.05677,2026-08-10T02:10:49.858800+08:00,200,application/pdf,2569446,43B09D37A722AB5369FC262691AAAFCE92B75796BCF7F4E6A8CE03C6660B50DC,HTTP_DOWNLOAD,OFFICIAL_REPOSITORY
P0311,BROAD_SOURCE,sources/P0311.html,https://api.crossref.org/works/10.3997/2214-4609.202112817,2026-08-10T04:31:52.781511+08:00,200,application/json,2199,3F2E2C090CB0C33840E83E9630273F3F6847EFCAD112F8EA1EAEAAB045DDCE20,HTTP_DOWNLOAD,OFFICIAL_REPOSITORY
P0312,BROAD_SOURCE,sources/P0312.pdf,https://arxiv.org/pdf/2501.04269,2026-08-10T03:47:56.389352+08:00,200,application/pdf,3388946,22B33ECB5F0B1E049E7759A8AFAD91F7ED8709FA662C18C8C4E493E8393954FA,HTTP_DOWNLOAD,OFFICIAL_REPOSITORY
P0313,BROAD_SOURCE,sources/P0313.pdf,https://www.aclweb.org/anthology/W18-6323.pdf,2026-08-10T03:48:07.093695+08:00,200,application/pdf,181759,47378259B21F2DB9947844978A71FBFE2686D35D1D5EEAAA347BF36A4275F016,HTTP_DOWNLOAD,OFFICIAL_REPOSITORY
P0314,BROAD_SOURCE,sources/P0314.pdf,https://arxiv.org/pdf/2105.08511,2026-08-10T03:38:30.371286+08:00,200,application/pdf,210947,3CE0D640EB3A79C50041ACBA4339243CA07F5D10069E1478FB458BC27C8EF2A3,HTTP_DOWNLOAD,OFFICIAL_REPOSITORY
P0315,BROAD_SOURCE,sources/P0315.pdf,https://arxiv.org/pdf/1804.00092,2026-08-10T01:44:24.147481+08:00,200,application/pdf,3052039,F21DE8BDBF4FA2D49E8FB175ED22770B1DAD61D3E49A611B0A309ED2728BC953,HTTP_DOWNLOAD,OFFICIAL_REPOSITORY
P0316,BROAD_SOURCE,sources/P0316.pdf,https://jit.ndhu.edu.tw/article/download/3014/3038,2026-08-10T01:00:59.212618+08:00,200,application/pdf,1079420,BE5AEE43F4BB4D6B67C199315E455D346F56CC8AB504CC6263CC3D75AFBEA5CA,HTTP_DOWNLOAD,AUTHOR_HOSTED
P0317,BROAD_SOURCE,sources/P0317.pdf,https://arxiv.org/pdf/1904.03626,2026-08-10T04:01:51.912723+08:00,200,application/pdf,1212894,D08489CEA16D7A9EBA28A4C6A20B56B810B5ECD41B0A7D3A76A90880E2015A79,HTTP_DOWNLOAD,OFFICIAL_REPOSITORY
P0318,BROAD_SOURCE,sources/P0318.pdf,https://arxiv.org/pdf/2602.14869,2026-08-10T00:20:21.762943+08:00,200,application/pdf,12217941,5EA3B3D77EBAA902E353078E18BA51FE293815806C6D225451096D8FEC9F75BC,HTTP_DOWNLOAD,OFFICIAL_REPOSITORY
P0319,BROAD_SOURCE,sources/P0319.pdf,https://ieeexplore.ieee.org/ielx7/6287639/8948470/09162635.pdf,2026-08-10T04:02:59.719704+08:00,200,application/pdf,7027919,4ACD4BE235770D713BB52F3CCB30DD3317B784A099E71B93E257302CD1540304,HTTP_DOWNLOAD,PRIMARY_PUBLISHER
P0320,BROAD_SOURCE,sources/P0320.html,https://doi.org/10.48550/arxiv.1412.6596,2026-08-10T04:18:55.114728+08:00,200,text/html; charset=utf-8,44018,5E17D880FE8243037E6E4B2B75D72E8CA0EF347D5619B0776343473874AC3D4E,HTTP_DOWNLOAD,PRIMARY_PUBLISHER
P0321,BROAD_SOURCE,sources/P0321.html,https://doi.org/10.48550/arxiv.1905.05040,2026-08-10T01:54:55.752062+08:00,200,text/html; charset=utf-8,42184,36840DFFF7DEDF317E86F4F27E94E6A625E40F8C381EDE3988B11A46668693BA,HTTP_DOWNLOAD,PRIMARY_PUBLISHER
P0322,BROAD_SOURCE,sources/P0322.html,https://api.crossref.org/works/10.3390/a18080519,2026-08-10T03:18:59.405174+08:00,200,application/json,17540,B15560CBA76638249917C55E3510AB4645D2DFEACA3A22005E67465C0F42C2F6,HTTP_DOWNLOAD,OFFICIAL_REPOSITORY
P0323,BROAD_SOURCE,sources/P0323.html,https://api.crossref.org/works/10.1109/icdm.2015.63,2026-08-10T03:49:28.291478+08:00,200,application/json,4294,9B4D6DA23C91BC006ABC4EEBD365CBE7AC6087F495C073FA8A1F3DCC66CD9DFD,HTTP_DOWNLOAD,OFFICIAL_REPOSITORY
P0324,BROAD_SOURCE,sources/P0324.html,https://api.crossref.org/works/10.1109/iv55156.2024.10588635,2026-08-10T03:49:39.294198+08:00,200,application/json,6847,7E162E262A1AFC9E3A0ADA5E157B7F7158F5DA02AC769571AC9869CD5092C9A7,HTTP_DOWNLOAD,OFFICIAL_REPOSITORY
P0325,BROAD_SOURCE,sources/P0325.html,https://researchportal.uc3m.es/display/invant48847,2026-08-10T01:44:33.583056+08:00,200,text/html;charset=UTF-8,29939,885280CCF61306DAA7EA16C9A5C991361F39B8B91FAC1B215910F7CFB6AA4B8D,HTTP_DOWNLOAD,AUTHOR_HOSTED
P0326,BROAD_SOURCE,sources/P0326.pdf,https://arxiv.org/pdf/2607.05891,2026-08-10T01:55:24.665358+08:00,200,application/pdf,308625,6E7A077E22EF22675B4CDFD5E4E34599C2F670232BFE1CC747B8024E70986966,HTTP_DOWNLOAD,OFFICIAL_REPOSITORY
P0327,BROAD_SOURCE,sources/P0327.html,https://api.crossref.org/works/10.1145/1968613.1968619,2026-08-10T02:47:13.511604+08:00,200,application/json,5857,22EDEEA0BECAFCC3B2BDBFDC38F1EBBD12DAAB057300FDFCC6E3D33DF5D4CCD0,HTTP_DOWNLOAD,OFFICIAL_REPOSITORY
P0328,BROAD_SOURCE,sources/P0328.pdf,https://arxiv.org/pdf/2108.10674,2026-08-10T02:22:08.141505+08:00,200,application/pdf,1678689,13181524DF8C4B076FB3765C65E72105DB1409B6807238BC8CE4C4F0402C2311,HTTP_DOWNLOAD,OFFICIAL_REPOSITORY
P0329,BROAD_SOURCE,sources/P0329.pdf,https://arxiv.org/pdf/2501.02432,2026-08-10T02:38:36.877704+08:00,200,application/pdf,919382,14DD9F52CB612BF0D9894A7A8FA2E656C2C639728A799F9EFC964BD11E5D71C9,HTTP_DOWNLOAD,OFFICIAL_REPOSITORY
P0330,BROAD_SOURCE,sources/P0330.pdf,https://arxiv.org/pdf/2406.04273,2026-08-09T23:41:52.328904+08:00,200,application/pdf,5168440,A0C45F2C823A821C2D077F3CFEE9594E586EE1F80D97A8FD0DD4BB6A75CE6813,HTTP_DOWNLOAD,OFFICIAL_REPOSITORY
P0331,BROAD_SOURCE,sources/P0331.pdf,https://arxiv.org/pdf/2507.11690,2026-08-10T04:19:45.053455+08:00,200,application/pdf,661239,B6CA15CC4FFCF62ADB9E39AFCB4C9529B1CB83E04ED121BD7975A0572ADCC3BA,HTTP_DOWNLOAD,OFFICIAL_REPOSITORY
P0332,BROAD_SOURCE,sources/P0332.html,https://api.crossref.org/works/10.1109/lgrs.2018.2868862,2026-08-10T04:31:50.282539+08:00,200,application/json,5477,51D4920FBCBE15E606EB4A8CFEDECFCD8AFADE79D08A3199AD845ED420159040,HTTP_DOWNLOAD,OFFICIAL_REPOSITORY
P0333,BROAD_SOURCE,sources/P0333.pdf,https://arxiv.org/pdf/2004.00288,2026-08-10T02:38:34.142476+08:00,200,application/pdf,2646136,1112820C48680E728C5D215FEF4D6F13A29156D3D1411A0E7522FFA40D205D98,HTTP_DOWNLOAD,OFFICIAL_REPOSITORY
P0334,BROAD_SOURCE,sources/P0334.html,https://api.crossref.org/works/10.1109/cec.2019.8789908,2026-08-10T02:47:11.379920+08:00,200,application/json,5242,1FD37BD6E4897B70268A6F009E02628102B4CD378A4C8B686950AE51A178FDF3,HTTP_DOWNLOAD,OFFICIAL_REPOSITORY
P0335,BROAD_SOURCE,sources/P0335.pdf,https://aclanthology.org/2026.findings-acl.942.pdf,2026-08-10T02:51:48.061535+08:00,200,application/pdf,721031,C69BF7D3D96D2759715F4741806027740EA395DB7464365724D1DEDDD6164798,HTTP_DOWNLOAD,OFFICIAL_REPOSITORY
P0336,BROAD_SOURCE,sources/P0336.pdf,https://arxiv.org/pdf/1705.02233,2026-08-10T02:45:58.324863+08:00,200,application/pdf,950749,BE6237B976D802711E2B356B6E77D492F0EC0B9F90120B392A89F013CD951E46,HTTP_DOWNLOAD,OFFICIAL_REPOSITORY
P0337,BROAD_SOURCE,sources/P0337.pdf,https://www.aclweb.org/anthology/2020.findings-emnlp.48.pdf,2026-08-10T04:01:51.804336+08:00,200,application/pdf,376257,EF4C3C0AAAA7214DFADCD97AE48D9ABA210C682D6DE84E933E901ABC12C5AA1F,HTTP_DOWNLOAD,OFFICIAL_REPOSITORY
P0338,BROAD_SOURCE,sources/P0338.pdf,https://ojs.aaai.org/index.php/AAAI/article/download/28771/29480,2026-08-10T00:41:30.371145+08:00,200,application/pdf,643539,DCD6AB2C53575721BF7CD9D31E20969A125079DC32BFE9F02B6DB47D60003AAD,HTTP_DOWNLOAD,PRIMARY_PUBLISHER
P0339,BROAD_SOURCE,sources/P0339.html,https://api.crossref.org/works/10.1109/jstars.2021.3127754,2026-08-10T03:26:00.886968+08:00,200,application/json,9720,9890003FA87146802A780AF58109F4D5170D3A5ED22F06AA169DF0599AF5EC49,HTTP_DOWNLOAD,OFFICIAL_REPOSITORY
P0340,BROAD_SOURCE,sources/P0340.pdf,https://aclanthology.org/2022.naacl-main.72.pdf,2026-08-10T03:16:41.524531+08:00,200,application/pdf,924372,491D876E1B0FE1639CE8A7208E6D9C2137BAA12A7867720DC743ACDC9ABCBFBB,HTTP_DOWNLOAD,OFFICIAL_REPOSITORY
P0341,BROAD_SOURCE,sources/P0341.html,https://api.crossref.org/works/10.1109/lsp.2016.2619352,2026-08-10T02:27:58.052192+08:00,200,application/json,5927,ABF72B423406A771E738F38E7855E2C0F86640275F53EC9E8ECE950921288C10,HTTP_DOWNLOAD,OFFICIAL_REPOSITORY
P0342,BROAD_SOURCE,sources/P0342.pdf,https://arxiv.org/pdf/1807.02234,2026-08-10T04:29:23.512015+08:00,200,application/pdf,1133015,ABC466E11D78D6EAF38BE22E90638E4121A6001E58EC2B41DDE16FF5C7723F73,HTTP_DOWNLOAD,OFFICIAL_REPOSITORY
P0343,BROAD_SOURCE,sources/P0343.html,https://api.crossref.org/works/10.1109/bibm49941.2020.9313150,2026-08-10T04:22:42.354991+08:00,200,application/json,4507,5C59F19FE14D1757C4A01697F258FDD96D496DDA14CDEFDD9AEBE909A95AABD9,HTTP_DOWNLOAD,OFFICIAL_REPOSITORY
P0344,BROAD_SOURCE,sources/P0344.pdf,https://www.aclweb.org/anthology/P19-1189.pdf,2026-08-10T02:51:56.261469+08:00,200,application/pdf,3647703,5336067089A29B2CDBF3E5B41B1A0788D60A2B8F8F9DD72EF4D0068C740D471E,HTTP_DOWNLOAD,OFFICIAL_REPOSITORY
P0345,BROAD_SOURCE,sources/P0345.pdf,https://arxiv.org/pdf/2204.08499,2026-08-10T04:30:13.703644+08:00,200,application/pdf,544150,F7955FFA0B04538EDFBCE92B4DAC4AC5154ACA3A4789D723FF7D2AB5B64ACA9E,HTTP_DOWNLOAD,OFFICIAL_REPOSITORY
P0346,BROAD_SOURCE,sources/P0346.html,https://api.crossref.org/works/10.3389/fonc.2022.808580,2026-08-10T04:06:26.328536+08:00,200,application/json,12111,EB3073987D61283F917207FAA3C2ABBAD25D5EB089293EAA612AB3346ED99129,HTTP_DOWNLOAD,OFFICIAL_REPOSITORY
P0347,BROAD_SOURCE,sources/P0347.html,https://doi.org/10.48550/arxiv.2202.09579,2026-08-10T02:38:20.117240+08:00,200,text/html; charset=utf-8,41397,C5A4EBD90140CA6F8D4CA1356711B2AED3F2294DCC8C6B9FFEC5FD73E7DF1C9D,HTTP_DOWNLOAD,PRIMARY_PUBLISHER
P0348,BROAD_SOURCE,sources/P0348.pdf,https://arxiv.org/pdf/2211.10906,2026-08-10T03:31:07.926758+08:00,200,application/pdf,625319,1A2E018AD69D41F13551F2AE1AFE2D478C85DA159B66A08355E51C8D959D1327,HTTP_DOWNLOAD,OFFICIAL_REPOSITORY
P0349,BROAD_SOURCE,sources/P0349.pdf,https://arxiv.org/pdf/2302.03169,2026-08-10T02:21:58.273083+08:00,200,application/pdf,1118931,3826EC3EED198449C48843A615505CC0763B1C664E96239C714D61F017B8D6DC,HTTP_DOWNLOAD,OFFICIAL_REPOSITORY
P0350,BROAD_SOURCE,sources/P0350.html,https://api.crossref.org/works/10.1109/bibm.2017.8217659,2026-08-10T03:10:10.682699+08:00,200,application/json,4322,C62ECDF641D55CC9E604EE087A38CB6DECD6D50A228421583554E07D9728561C,HTTP_DOWNLOAD,OFFICIAL_REPOSITORY
P0351,BROAD_SOURCE,sources/P0351.pdf,https://www.isca-archive.org/interspeech_2011/bozkurt11_interspeech.pdf,2026-08-10T00:31:37.170467+08:00,200,application/pdf,211506,32D0B3F3645F5A69FFC5724E898D09C2A792BB8599455C73BFA8B63C41645939,HTTP_DOWNLOAD,OFFICIAL_REPOSITORY
P0352,BROAD_SOURCE,sources/P0352.pdf,https://arxiv.org/pdf/1909.11583,2026-08-10T02:56:37.667187+08:00,200,application/pdf,1024976,B572A031E13EB12E7EA5F606E758739457CD422F2D6B6EF414C2DF549A97D2F6,HTTP_DOWNLOAD,OFFICIAL_REPOSITORY
P0353,BROAD_SOURCE,sources/P0353.pdf,https://krutsylo.neocities.org/share/pdf/RBS.pdf,2026-08-10T01:12:23.412676+08:00,200,application/pdf,512361,83D899D27A26A26D223963AE8D3321D6F5615B99A3DBB7A706C9D9C0B717E82C,HTTP_DOWNLOAD,AUTHOR_HOSTED
P0354,BROAD_SOURCE,sources/P0354.html,https://eutils.ncbi.nlm.nih.gov/entrez/eutils/efetch.fcgi?db=pubmed&id=22254266&rettype=abstract&retmode=text,2026-08-10T01:44:34.370112+08:00,200,text/plain; charset=UTF-8,1337,03767C378E55A4BD6D2C6CEFCB5DA1C7417727C7BE9B58199D3F288085597857,HTTP_DOWNLOAD,OFFICIAL_REPOSITORY
P0355,BROAD_SOURCE,sources/P0355.pdf,https://arxiv.org/pdf/1903.09848,2026-08-10T04:01:46.316539+08:00,200,application/pdf,661424,5DB360924D8032A6B46FC62AE5DA6F13968AEF642EDC756F37884045E9907E90,HTTP_DOWNLOAD,OFFICIAL_REPOSITORY
P0356,BROAD_SOURCE,sources/P0356.pdf,https://arxiv.org/pdf/2111.04597,2026-08-10T03:31:15.219926+08:00,200,application/pdf,2294965,FE5FF9008A1C72D339BF5D38BF45F2906C7FBCCEE2EED9EDB455BE27E4E59C5C,HTTP_DOWNLOAD,OFFICIAL_REPOSITORY
P0357,BROAD_SOURCE,sources/P0357.html,https://doi.org/10.48550/arxiv.2106.15853,2026-08-10T04:29:28.827465+08:00,200,text/html; charset=utf-8,44545,E7656BDA0C03208F3A360EF170CDAF3B343B9400E36383D05E66077A3155905A,HTTP_DOWNLOAD,PRIMARY_PUBLISHER
P0358,BROAD_SOURCE,sources/P0358.pdf,https://www.jmlr.org/papers/volume25/22-0795/22-0795.pdf,2026-08-10T03:09:26.350956+08:00,200,application/pdf,1924283,36040DD5BF55C1977E82E97F7E29C33E808FB54BC6991F36FBC4014D84BDA765,HTTP_DOWNLOAD,AUTHOR_HOSTED
P0359,BROAD_SOURCE,sources/P0359.pdf,https://www.aclweb.org/anthology/W18-6314.pdf,2026-08-10T03:38:30.290356+08:00,200,application/pdf,215435,E67BCC1AE2D0060C174A68A18F0C76C31F317A8B59B6E3F68CCBD28B22A32AFD,HTTP_DOWNLOAD,OFFICIAL_REPOSITORY
P0360,BROAD_SOURCE,sources/P0360.pdf,https://arxiv.org/pdf/2606.11761,2026-08-10T04:30:05.353009+08:00,200,application/pdf,966053,E7A78C0EF2925144C6C50F93DABDBE1EF9EA0095150D54444989C7C1A4999571,HTTP_DOWNLOAD,OFFICIAL_REPOSITORY
P0361,BROAD_SOURCE,sources/P0361.pdf,https://arxiv.org/pdf/2411.01613,2026-08-10T04:19:07.618271+08:00,200,application/pdf,2197305,1C403821CD8C1243A5FF907690DE28E78A1017942B8DFCD9B97A9ADF66E78574,HTTP_DOWNLOAD,OFFICIAL_REPOSITORY
P0362,BROAD_SOURCE,sources/P0362.pdf,https://www.nature.com/articles/s41524-022-00872-x.pdf,2026-08-10T04:29:57.405087+08:00,200,application/pdf,1674580,85FB09BBD4738EA4B983850C7C119F1F458C5F0894DF6FFAF15F6124D30CCD5C,HTTP_DOWNLOAD,PRIMARY_PUBLISHER
P0363,BROAD_SOURCE,sources/P0363.pdf,https://hanj.cs.illinois.edu/pdf/wsdm18_mqu.pdf,2026-08-10T00:25:29.422462+08:00,200,application/pdf,1654157,EE3CE40BD7C8E08AD9649792357FDC47899F11A042A83FE5C4ACBC6585D14427,HTTP_DOWNLOAD,AUTHOR_HOSTED
P0364,BROAD_SOURCE,sources/P0364.html,https://api.crossref.org/works/10.1145/3240508.3240622,2026-08-10T04:31:52.492245+08:00,200,application/json,19819,DBD44859B2F96E309B9BE777176483FEF9D2273F5D3A6F329D0FBB1F40F1FEE2,HTTP_DOWNLOAD,OFFICIAL_REPOSITORY
P0365,BROAD_SOURCE,sources/P0365.html,https://doi.org/10.1609/aaai.v37i5.25732,2026-08-10T02:10:48.041529+08:00,200,text/html; charset=utf-8,24968,9619C5042BF6B164FF316A91C8F891D101B67461C5DECFE128742AB1A39AB092,HTTP_DOWNLOAD,PRIMARY_PUBLISHER
P0366,BROAD_SOURCE,sources/P0366.pdf,https://arxiv.org/pdf/2112.07227,2026-08-09T23:42:03.993128+08:00,200,application/pdf,3438852,585457056F622810B3C058575AE2CEA412158CB37B00D965A90F3458E59FB710,HTTP_DOWNLOAD,OFFICIAL_REPOSITORY
P0367,BROAD_SOURCE,sources/P0367.pdf,https://www.jstage.jst.go.jp/article/ieejpes/136/12/136_898/_pdf,2026-08-10T04:29:49.547433+08:00,200,application/pdf;charset=UTF-8,2348147,1B786C9F2CF54359A8A5DCF86D02CEEB7FB5EF2E70DFB0A58D0FF819582F8828,HTTP_DOWNLOAD,AUTHOR_HOSTED
P0368,BROAD_SOURCE,sources/P0368.pdf,https://dipot.ulb.ac.be/dspace/bitstream/2013/369376/3/ICBRA_conference_final.pdf,2026-08-10T00:25:31.553495+08:00,200,application/pdf;charset=UTF-8,1470048,5889FFD6D61EF5608C3F965F05E83A444803D663B15F93A769AD0645419A96EC,HTTP_DOWNLOAD,OFFICIAL_REPOSITORY
P0369,BROAD_SOURCE,sources/P0369.pdf,https://arxiv.org/pdf/2606.29171,2026-08-10T01:01:58.544710+08:00,200,application/pdf,656109,92FA6CBD6C1DB41E125DED3D182E781CEACAA36F1871D3F12C7D9F2EE45C6BBB,HTTP_DOWNLOAD,OFFICIAL_REPOSITORY
P0370,BROAD_SOURCE,sources/P0370.pdf,https://ojs.aaai.org/index.php/AAAI/article/download/17958/17763,2026-08-09T23:42:11.985299+08:00,200,application/pdf,145065,5AC1F158D9074938CA9624C8262A55B90FBEBB274AD6A58166FA5985DEE2FECC,HTTP_DOWNLOAD,PRIMARY_PUBLISHER
P0371,BROAD_SOURCE,sources/P0371.pdf,https://arxiv.org/pdf/2607.14897,2026-08-10T02:58:36.663236+08:00,200,application/pdf,3119361,1D3A39CC5DEC4802A78DA0696DE255908A202C53B6875F97E5E156B549B2382F,HTTP_DOWNLOAD,OFFICIAL_REPOSITORY
P0372,BROAD_SOURCE,sources/P0372.html,https://doi.org/10.48550/arxiv.2602.11079,2026-08-10T04:03:05.914509+08:00,200,text/html; charset=utf-8,42729,085CADCDE5AAA5344A3E4C0F5E029702D358A62798EA6D79359171A0431BA400,HTTP_DOWNLOAD,PRIMARY_PUBLISHER
P0373,BROAD_SOURCE,sources/P0373.pdf,https://arxiv.org/pdf/2107.07075,2026-08-10T01:00:21.967701+08:00,200,application/pdf,2241745,842B7D259D98E6C900D87F730D08B689F347DF70D764BF72E4A503DACA213058,HTTP_DOWNLOAD,OFFICIAL_REPOSITORY
P0374,BROAD_SOURCE,sources/P0374.pdf,https://arxiv.org/pdf/2505.03809,2026-08-10T01:28:56.362043+08:00,200,application/pdf,1325987,727173D8CC1DE0E2894B3D6E79EE949EDA376D3352F79206DB0858A94BC5F8EB,HTTP_DOWNLOAD,OFFICIAL_REPOSITORY
P0375,BROAD_SOURCE,sources/P0375.pdf,https://dayan-guan.github.io/pub/CIR.pdf,2026-08-10T00:41:27.227593+08:00,200,application/pdf,2049016,895BD358FD2BEED01296B807AA507DD6DB60478D6601CE03F895BE4D62C2416C,HTTP_DOWNLOAD,AUTHOR_HOSTED
P0376,BROAD_SOURCE,sources/P0376.pdf,https://export.arxiv.org/pdf/2002.08484,2026-08-10T04:19:08.812669+08:00,200,application/pdf,6742272,FCA22D32F8F9337C623E5F6B6922BF51938E4625A9E52C34CE2732FDDA225DE2,HTTP_DOWNLOAD,OFFICIAL_REPOSITORY
P0377,BROAD_SOURCE,sources/P0377.pdf,https://ieeexplore.ieee.org/ielx7/4609443/9656571/09762029.pdf,2026-08-10T02:57:44.573845+08:00,200,application/pdf,11821708,09084B4A72AAD96088E32F7142727738C853588B2FE224825299C4DC45637C62,HTTP_DOWNLOAD,PRIMARY_PUBLISHER
P0378,BROAD_SOURCE,sources/P0378.html,https://doi.org/10.48550/arxiv.2104.05025,2026-08-10T03:38:49.622111+08:00,200,text/html; charset=utf-8,43851,A1A9D7F52B7EBB35F0B884A3A69C55DA73375ECB65CC3CBB84F5F82C78E3F435,HTTP_DOWNLOAD,PRIMARY_PUBLISHER
P0379,BROAD_SOURCE,sources/P0379.pdf,https://arxiv.org/pdf/2106.10891,2026-08-10T03:48:19.635787+08:00,200,application/pdf,709283,7FABCB36EB122F0097FBCEBB829E2DA83EFD1E4C8AD7BEBD995EABDFB50E6901,HTTP_DOWNLOAD,OFFICIAL_REPOSITORY
P0380,BROAD_SOURCE,sources/P0380.pdf,https://arxiv.org/pdf/2312.05599,2026-08-10T02:46:04.498711+08:00,200,application/pdf,8896851,EC87BEC94614BEED856EA54388B04BF277DC2EE8CBE58CC85330C702374368C0,HTTP_DOWNLOAD,OFFICIAL_REPOSITORY
P0381,BROAD_SOURCE,sources/P0381.html,https://doi.org/10.3233/faia200268,2026-08-10T02:12:18.731891+08:00,200,text/html; charset=utf-8,23586,99F0CBDAF8118646435DEA492EB69D7B07FFB25B3A39D3FEF5A6EA55425687D6,HTTP_DOWNLOAD,PRIMARY_PUBLISHER
P0382,BROAD_SOURCE,sources/P0382.pdf,https://arxiv.org/pdf/1612.09065,2026-08-10T02:38:23.408640+08:00,200,application/pdf,513110,1919745A27093D4106A600CDABD659FB8B6EDA531AB334536E369190CFF3C918,HTTP_DOWNLOAD,OFFICIAL_REPOSITORY
P0383,BROAD_SOURCE,sources/P0383.pdf,https://arxiv.org/pdf/2004.13856,2026-08-09T23:42:34.322561+08:00,200,application/pdf,773570,BA2A98644820DC7BE5245F7A959B80D5644B7E9403B6F84FC133E66B7E4DB71D,HTTP_DOWNLOAD,OFFICIAL_REPOSITORY
P0384,BROAD_SOURCE,sources/P0384.pdf,https://arxiv.org/pdf/1811.00739,2026-08-10T02:52:09.125235+08:00,200,application/pdf,729913,02D47300882D70BC4CAE7B27ECAF2BBFFF5B042A817FEA49FCB0D7423AE07A2A,HTTP_DOWNLOAD,OFFICIAL_REPOSITORY
P0385,BROAD_SOURCE,sources/P0385.pdf,https://www.nature.com/articles/s41598-026-51502-1_reference.pdf,2026-08-10T03:17:10.570467+08:00,200,application/pdf,1617461,8280264D32F746382E1E0FA57CB1D22B3B322116D918575C15823F21A8B7052E,HTTP_DOWNLOAD,PRIMARY_PUBLISHER
P0386,BROAD_SOURCE,sources/P0386.pdf,https://arxiv.org/pdf/2205.13532,2026-08-10T03:48:24.787253+08:00,200,application/pdf,4288409,DE70203666086A9125979D1C6F6A49A04D926B348E4C8EF5537BAA1A5B2441C8,HTTP_DOWNLOAD,OFFICIAL_REPOSITORY
P0387,BROAD_SOURCE,sources/P0387.html,https://api.crossref.org/works/10.1016/j.compchemeng.2022.107758,2026-08-10T02:47:13.214242+08:00,200,application/json,12793,D364064EB28E2AB888276258F4F7F78F6CF1C654F896954095AB3A67821024C8,HTTP_DOWNLOAD,OFFICIAL_REPOSITORY
P0388,BROAD_SOURCE,sources/P0388.pdf,https://arxiv.org/pdf/2502.06905,2026-08-10T02:38:53.066866+08:00,200,application/pdf,19316090,D097EF622B6C9272BE5C6CAABF6C51AB5990CC55FFE6AD8FDB9DC158CD3E0335,HTTP_DOWNLOAD,OFFICIAL_REPOSITORY
P0389,BROAD_SOURCE,sources/P0389.html,https://api.crossref.org/works/10.1109/wacv45572.2020.9093342,2026-08-10T03:18:59.089639+08:00,200,application/json,8707,CDA91024826E36BCF116208A6297C05C8AA98D28DCD5A8CD704F6C8DFE836963,HTTP_DOWNLOAD,OFFICIAL_REPOSITORY
P0390,BROAD_SOURCE,sources/P0390.pdf,https://arxiv.org/pdf/2305.14258,2026-08-10T03:17:10.687569+08:00,200,application/pdf,1194333,76D44CB776354E62126A9AF17852870074DF8D25C3540979E60B8085BCF4FB8C,HTTP_DOWNLOAD,OFFICIAL_REPOSITORY
P0391,BROAD_SOURCE,sources/P0391.html,https://api.crossref.org/works/10.1109/wacvw65960.2025.00175,2026-08-10T03:55:32.189838+08:00,200,application/json,6869,B1A54E98481802549F8ECE3C1BBACA5FF7C77ADA6DFF9752B21CC1E67955DCE8,HTTP_DOWNLOAD,OFFICIAL_REPOSITORY
P0392,BROAD_SOURCE,sources/P0392.html,https://api.crossref.org/works/10.1109/wacv51458.2022.00054,2026-08-10T02:47:12.917121+08:00,200,application/json,8697,A189BDF0FC9B2B51C297952F9BA502E875B294B50DF62C20A9FFA73F8B6AB447,HTTP_DOWNLOAD,OFFICIAL_REPOSITORY
P0393,BROAD_SOURCE,sources/P0393.html,https://doi.org/10.48550/arxiv.1706.08840,2026-08-10T02:52:06.600527+08:00,200,text/html; charset=utf-8,42115,ABDA3927F0D81ED375AEA15F11302351A715BD465F3A31BC73B34E39341C80C9,HTTP_DOWNLOAD,PRIMARY_PUBLISHER
P0394,BROAD_SOURCE,sources/P0394.pdf,https://mdpi-res.com/d_attachment/symmetry/symmetry-15-01060/article_deploy/symmetry-15-01060.pdf?version=1684111597,2026-08-10T02:13:46.094724+08:00,200,application/pdf,670411,7578F922A2637FF6DD1AA5A8B35AA1D85EF4849087FB18C277840FE8FDA19CCB,HTTP_DOWNLOAD,PRIMARY_PUBLISHER
P0395,BROAD_SOURCE,sources/P0395.pdf,https://aclanthology.org/2021.iwslt-1.25.pdf,2026-08-10T03:31:31.017259+08:00,200,application/pdf,1359857,5E86BE6C4770973D7B3FBD483570415A214BED37216D8DCFBE2EB56BE8A120E6,HTTP_DOWNLOAD,OFFICIAL_REPOSITORY
P0396,BROAD_SOURCE,sources/P0396.html,https://raw.githubusercontent.com/Masuyama-lab/LUMP_CAplus/main/README.md,2026-08-10T01:44:26.370317+08:00,200,text/plain; charset=utf-8,1811,8F25C15C82FFC5F29BF1D0981675A9223DA43E8BFA418CCFCBF206A89660DBEF,HTTP_DOWNLOAD,AUTHOR_HOSTED
P0397,BROAD_SOURCE,sources/P0397.pdf,https://arxiv.org/pdf/2602.09987,2026-08-10T03:31:20.961232+08:00,200,application/pdf,2504488,A2C749C890BAEC749B367E56D35451110E71FA130FBAD7B6F06F6A71BB65DEAC,HTTP_DOWNLOAD,OFFICIAL_REPOSITORY
P0398,BROAD_SOURCE,sources/P0398.html,https://api.crossref.org/works/10.1117/12.3027116,2026-08-10T02:47:46.848426+08:00,200,application/json,3418,C1252622D2E39B23E92AC6A92AE35EC88F36105EE7894D153D9587DC6D20594D,HTTP_DOWNLOAD,OFFICIAL_REPOSITORY
P0399,BROAD_SOURCE,sources/P0399.pdf,https://arxiv.org/pdf/2510.12071,2026-08-10T03:09:21.316012+08:00,200,application/pdf,11434373,DD4E715570D17E3287FF6EDC8EBA1F3D6EF8FFF67CBCA1749913F55EC75D3DCF,HTTP_DOWNLOAD,OFFICIAL_REPOSITORY
P0400,BROAD_SOURCE,sources/P0400.html,https://api.crossref.org/works/10.3390/en15031215,2026-08-10T04:31:49.993528+08:00,200,application/json,29137,E2CD32B2CEB9394A952C4FDBB5424E9A09D467EB247E4005671BA94B134466A8,HTTP_DOWNLOAD,OFFICIAL_REPOSITORY
P0401,BROAD_SOURCE,sources/P0401.pdf,https://arxiv.org/pdf/2504.16430,2026-08-10T02:22:22.181563+08:00,200,application/pdf,267621,C9C1D4EF73856F436200FEB89FD8C2C7AAE22D6DE5FAB3B56AF15971EAEA6EEB,HTTP_DOWNLOAD,OFFICIAL_REPOSITORY
P0402,BROAD_SOURCE,sources/P0402.html,https://doi.org/10.48550/arxiv.1908.04742,2026-08-10T04:29:10.947483+08:00,200,text/html; charset=utf-8,44732,DBA9ACD694500E9482597D45B45C1AD5054D359884F89D58F49AC2FE92F98382,HTTP_DOWNLOAD,PRIMARY_PUBLISHER
P0403,BROAD_SOURCE,sources/P0403.html,https://arxiv.org/abs/2406.10485,2026-08-10T03:40:07.913550+08:00,200,text/html; charset=utf-8,44449,2EC7C5BAD3D8FE3D5C4AC5C9AED934E5CF3D5833D892D45B360299F82DD5B949,HTTP_DOWNLOAD,OFFICIAL_REPOSITORY
P0404,BROAD_SOURCE,sources/P0404.pdf,https://www.jstage.jst.go.jp/article/transinf/E105.D/10/E105.D_2022EDP7033/_pdf,2026-08-10T01:55:24.352788+08:00,200,application/pdf;charset=UTF-8,1543097,B0910BB0953AA9E5617E171CA6AAD883459E156BB0D089881C93C305F8DACC9D,HTTP_DOWNLOAD,AUTHOR_HOSTED
P0405,BROAD_SOURCE,sources/P0405.html,https://api.crossref.org/works/10.1109/tip.2025.3618395,2026-08-10T03:49:41.176638+08:00,200,application/json,12945,9FEC0E65E3351BBECB769AA5CB5FA4A45D9C4C9030AB6985B3C859D89D1EABC3,HTTP_DOWNLOAD,OFFICIAL_REPOSITORY
P0406,BROAD_SOURCE,sources/P0406.pdf,https://aclanthology.org/2023.acl-long.141.pdf,2026-08-10T03:54:34.410651+08:00,200,application/pdf,1207384,1BA69E40FCD78F542C092BAE8E60FBD712FE32071DB2FC28A48D6BB004A17E03,HTTP_DOWNLOAD,OFFICIAL_REPOSITORY
P0407,BROAD_SOURCE,sources/P0407.html,https://api.crossref.org/works/10.1109/smc58881.2025.11342467,2026-08-10T03:49:39.613426+08:00,200,application/json,5493,22ADB7172AECD36221700D962B87AAF3328BE390005C0B6D45F84D56FF6BD90C,HTTP_DOWNLOAD,OFFICIAL_REPOSITORY
P0408,BROAD_SOURCE,sources/P0408.pdf,https://link.springer.com/content/pdf/10.1007/s11263-023-01748-3.pdf,2026-08-10T00:20:19.554621+08:00,200,application/pdf,5936819,C5BB80F1BCF6FA29700A34DA1C92BF9A6786868D451F56D41C9A3FC11C0CF315,HTTP_DOWNLOAD,PRIMARY_PUBLISHER
P0409,BROAD_SOURCE,sources/P0409.html,https://api.crossref.org/works/10.1109/icassp.2014.6854214,2026-08-10T03:55:31.892278+08:00,200,application/json,3230,E7B8027E9F636200B3C2E58837E7C736D75A560C93B4131982F24FA92D288200,HTTP_DOWNLOAD,OFFICIAL_REPOSITORY
P0410,BROAD_SOURCE,sources/P0410.pdf,https://arxiv.org/pdf/2003.02752,2026-08-10T02:57:45.240856+08:00,200,application/pdf,1534645,42C292218BE97252C7F4748B9E6B9D537FBC370DF21E1070E5C0065C5FCBEF3A,HTTP_DOWNLOAD,OFFICIAL_REPOSITORY
P0411,BROAD_SOURCE,sources/P0411.html,https://api.crossref.org/works/10.1109/tii.2021.3100284,2026-08-10T03:55:29.880929+08:00,200,application/json,7353,F86EE9D87877C87973D3D6587748AE503415AD1B9BD3AE1F0CB6E30C16E51702,HTTP_DOWNLOAD,OFFICIAL_REPOSITORY
P0412,BROAD_SOURCE,sources/P0412.pdf,https://arxiv.org/pdf/2112.04213,2026-08-10T03:54:43.606333+08:00,200,application/pdf,752506,DFD5FF6F45682C0F1D0DA747DB765BAB3FBDD872859E1135353D68CF0FCAB91F,HTTP_DOWNLOAD,OFFICIAL_REPOSITORY
P0413,BROAD_SOURCE,sources/P0413.pdf,https://itiis.org/digital-library/manuscript/file/22006/TIISVol13No2-16.pdf,2026-08-10T02:45:57.244022+08:00,200,application/octet-stream,878959,C6C756B42DF527D2B3DF4E24B93EDE06733930D86A33788BBC696A21A009F1D5,HTTP_DOWNLOAD,AUTHOR_HOSTED
P0414,BROAD_SOURCE,sources/P0414.pdf,https://arxiv.org/pdf/2604.03858,2026-08-10T02:21:59.217536+08:00,200,application/pdf,1717287,AB6166432CA20E07D5BFDF69B9B70A9B4ACB91A916DB3D35185FEBAF45BB523A,HTTP_DOWNLOAD,OFFICIAL_REPOSITORY
P0415,BROAD_SOURCE,sources/P0415.html,https://api.crossref.org/works/10.1109/jstsp.2025.3544024,2026-08-10T03:40:11.224284+08:00,200,application/json,7589,BA8C28B18E4FF95F0A15DEF07CD0042BD9C229812F448EB90D8ADD1795020DA7,HTTP_DOWNLOAD,OFFICIAL_REPOSITORY
P0416,BROAD_SOURCE,sources/P0416.pdf,https://arxiv.org/pdf/2607.25502,2026-08-10T02:56:57.707436+08:00,200,application/pdf,2619486,14612063CA60B39CC22B0EDFFD44AA61D0C4EF8DEC9B087BC7A67170A6422D92,HTTP_DOWNLOAD,OFFICIAL_REPOSITORY
P0417,BROAD_SOURCE,sources/P0417.pdf,https://arxiv.org/pdf/2510.16882,2026-08-10T02:57:45.010839+08:00,200,application/pdf,890501,574FB4B03B48633C4FA7E4E85C3685620EB200D0D8CEA83ED14678F4FE967373,HTTP_DOWNLOAD,OFFICIAL_REPOSITORY
P0418,BROAD_SOURCE,sources/P0418.html,https://doi.org/10.1186/s12916-019-1466-7,2026-08-10T03:54:22.720990+08:00,200,text/html; charset=utf-8,373517,09CB41F6495A671A4C1022F9BC9034CE188212D8A4DB9AB0FBD3493873110802,HTTP_DOWNLOAD,PRIMARY_PUBLISHER
P0419,BROAD_SOURCE,sources/P0419.pdf,https://arxiv.org/pdf/2111.01166.pdf,2026-08-10T04:29:29.754963+08:00,200,application/pdf,3134824,76AE410E35C97B619AFE07652A6B80291465D0FD56C8388074E6E551CE8D65D8,HTTP_DOWNLOAD,OFFICIAL_REPOSITORY
P0420,BROAD_SOURCE,sources/P0420.pdf,https://arxiv.org/pdf/2305.13804,2026-08-10T03:26:01.611906+08:00,200,application/pdf,1474861,783932036E91DD0F6ED64987CE8B946B0686712AD76743664DDC33B6E984BFCD,HTTP_DOWNLOAD,OFFICIAL_REPOSITORY
P0421,BROAD_SOURCE,sources/P0421.pdf,https://arxiv.org/pdf/2504.14810,2026-08-10T01:28:47.005752+08:00,200,application/pdf,1508854,B2AA456D4A57827555DA00E0A4DF463B3607EFE34F65E3FF8009F0938659045D,HTTP_DOWNLOAD,OFFICIAL_REPOSITORY
P0422,BROAD_SOURCE,sources/P0422.html,https://doi.org/10.1609/aaai.v36i10.21413,2026-08-10T01:55:39.973155+08:00,200,text/html; charset=utf-8,23867,2D2935F8B1E1FB88A4F82ECAF61DCC1E7C5D2ABA17F19FAAC9297180B6EE1922,HTTP_DOWNLOAD,PRIMARY_PUBLISHER
P0423,BROAD_SOURCE,sources/P0423.html,https://api.crossref.org/works/10.1145/3656171,2026-08-10T04:31:52.715815+08:00,200,application/json,22054,F5DE62B4354441716170FFB80B9910856C67E07E797368521BAC79C40477ABDF,HTTP_DOWNLOAD,OFFICIAL_REPOSITORY
P0424,BROAD_SOURCE,sources/P0424.html,https://api.crossref.org/works/10.3390/aerospace10120980,2026-08-10T03:32:16.344499+08:00,200,application/json,9160,0CBBFDC08D62D49347828D653E7A7A9D0D55E1B50C794ADD9823C1F5B182EE89,HTTP_DOWNLOAD,OFFICIAL_REPOSITORY
P0425,BROAD_SOURCE,sources/P0425.html,https://proceedings.mlr.press/v48/hardt16.html,2026-08-10T04:30:00.119595+08:00,200,text/html; charset=utf-8,16523,40369039ED4C253DA63F49E4000C684CECE8B665CFF3F27FB386AA9D8DE2FF63,HTTP_DOWNLOAD,OFFICIAL_REPOSITORY
P0426,BROAD_SOURCE,sources/P0426.pdf,https://arxiv.org/pdf/2308.03810,2026-08-10T03:31:19.060878+08:00,200,application/pdf,1063171,DC82A8CAFABFC66C66A71FA8DB01DC4066252280B73AB83BA09365D15ED7074B,HTTP_DOWNLOAD,OFFICIAL_REPOSITORY
P0427,BROAD_SOURCE,sources/P0427.pdf,https://aclanthology.org/2023.findings-emnlp.1023.pdf,2026-08-10T03:54:43.505121+08:00,200,application/pdf,1007832,7F77497EC65F82AF821387D608D430AED106D8C0A877FAD0B9E81804AF8E738B,HTTP_DOWNLOAD,OFFICIAL_REPOSITORY
P0428,BROAD_SOURCE,sources/P0428.html,https://doi.org/10.48550/arxiv.2301.01143,2026-08-10T02:38:32.824551+08:00,200,text/html; charset=utf-8,42606,A2A5A3C0D62A95A23B4DDE2272E1385BA98EF5160A1B6A2791F8EDC3CEB3F508,HTTP_DOWNLOAD,PRIMARY_PUBLISHER
P0429,BROAD_SOURCE,sources/P0429.pdf,https://mdpi-res.com/d_attachment/remotesensing/remotesensing-09-01198/article_deploy/remotesensing-09-01198-v2.pdf,2026-08-09T23:53:28.894491+08:00,200,application/pdf,11428720,DDBC3E7CF4AFCD77BEAA5FFC299FCECFF7C8E77429AC21384109059F10E1621A,HTTP_DOWNLOAD,PRIMARY_PUBLISHER
P0430,BROAD_SOURCE,sources/P0430.pdf,https://www.osti.gov/servlets/purl/1909106,2026-08-10T03:25:07.143903+08:00,200,application/pdf,1703068,D9EDC16FF6FC88EBA9EBA97BDE2C3D33B9FB74F532966443EB80F1C2DAA015A6,HTTP_DOWNLOAD,AUTHOR_HOSTED
P0431,BROAD_SOURCE,sources/P0431.pdf,https://arxiv.org/pdf/2603.00651,2026-08-10T04:19:06.789298+08:00,200,application/pdf,835548,126500E8217C8420A49E2C60FDB32A0B5C32D4A5691C692FC153A79EA7CA471B,HTTP_DOWNLOAD,OFFICIAL_REPOSITORY
P0432,BROAD_SOURCE,sources/P0432.html,https://proceedings.mlr.press/v70/arpit17a.html,2026-08-10T02:38:20.679420+08:00,200,text/html; charset=utf-8,15321,C40DBDD3A2A33684E35D555DB2C47A889A79029A322BDD2AB490F46C9CAECC7F,HTTP_DOWNLOAD,OFFICIAL_REPOSITORY
P0433,BROAD_SOURCE,sources/P0433.pdf,https://arxiv.org/pdf/2505.21438,2026-08-10T02:52:12.098517+08:00,200,application/pdf,873573,ACD6179F2C39B1A1F50513F3EA8F85AAE1A903287E926D252711856DFE4F480E,HTTP_DOWNLOAD,OFFICIAL_REPOSITORY
P0434,BROAD_SOURCE,sources/P0434.pdf,https://arxiv.org/pdf/2606.18307,2026-08-10T02:38:29.913092+08:00,200,application/pdf,1561725,8D071CEA2475EADBED3063DC64DCD1EC192F133C00B5A5BEC26040C867B84EB4,HTTP_DOWNLOAD,OFFICIAL_REPOSITORY
P0435,BROAD_SOURCE,sources/P0435.pdf,https://ndownloader.figshare.com/files/65794005,2026-08-09T23:53:32.869830+08:00,200,application/pdf,3260776,ECBF8DC78C51E589D7C5CABA1BB5B6557D45C936D6B0731DD055040DFA994E61,HTTP_DOWNLOAD,OFFICIAL_REPOSITORY
P0436,BROAD_SOURCE,sources/P0436.pdf,https://arxiv.org/pdf/2303.06242,2026-08-10T04:29:30.131227+08:00,200,application/pdf,1761847,7933629028DFDC08BDE9E3C23A16871DF839C8D06B5F814E7348856521375143,HTTP_DOWNLOAD,OFFICIAL_REPOSITORY
P0437,BROAD_SOURCE,sources/P0437.pdf,https://aclanthology.org/2024.tacl-1.55.pdf,2026-08-09T23:47:43.437992+08:00,200,application/pdf,859326,0A0A51B5BDD2D74498EBD2CD812FF0B85EBEB4CE570261C846B58CA363D7FCE9,HTTP_DOWNLOAD,OFFICIAL_REPOSITORY
P0438,BROAD_SOURCE,sources/P0438.html,https://proceedings.neurips.cc/paper_files/paper/2024/hash/7af60ccb99c7a434a0d9d9c1fb00ca94-Abstract-Conference.html,2026-08-10T01:55:57.069146+08:00,200,text/html; charset=utf-8,9490,614E2428A2F414819659E637FBA5A5890B0B5665CB25CC7033350C15A6E4951B,HTTP_DOWNLOAD,OFFICIAL_REPOSITORY
P0439,BROAD_SOURCE,sources/P0439.html,https://doi.org/10.13021/mars/15501,2026-08-10T02:45:55.854917+08:00,200,text/html; charset=UTF-8,73721,BCDDB689E35BD5CBF7BBA9CAE9CA03F1F175715C1A2629E635244EEEE59C8AFE,HTTP_DOWNLOAD,PRIMARY_PUBLISHER
P0440,BROAD_SOURCE,sources/P0440.html,https://api.crossref.org/works/10.1109/bigmm50055.2020.00029,2026-08-10T04:03:57.724637+08:00,200,application/json,6200,993FA61EC28A84D33CE53931B126D783ED326A02AD37D3F49BC68F1AD0DF5053,HTTP_DOWNLOAD,OFFICIAL_REPOSITORY
P0441,BROAD_SOURCE,sources/P0441.pdf,https://mdpi-res.com/d_attachment/sustainability/sustainability-15-13363/article_deploy/sustainability-15-13363.pdf?version=1693998733,2026-08-10T02:00:02.012518+08:00,200,application/pdf,8965417,BC59651D1CADFCB8AE1D713090AD9EC437632AA31E73E457F1BE11CC01CC3B5C,HTTP_DOWNLOAD,PRIMARY_PUBLISHER
P0442,BROAD_SOURCE,sources/P0442.html,https://doi.org/10.48550/arxiv.2508.15475,2026-08-10T04:29:36.077644+08:00,200,text/html; charset=utf-8,42774,E6AA0379C9BD18BA6462953A48458C3536E56995AEAAA8AEA407DB2F556FFF5F,HTTP_DOWNLOAD,PRIMARY_PUBLISHER
P0443,BROAD_SOURCE,sources/P0443.html,https://proceedings.mlr.press/v202/park23c.html,2026-08-10T03:24:54.430521+08:00,200,text/html; charset=utf-8,15850,F6E288E060A9351BD08C924BE16B739EED25CFD2D110E782357E73E0F8A48BAC,HTTP_DOWNLOAD,OFFICIAL_REPOSITORY
P0444,BROAD_SOURCE,sources/P0444.pdf,https://arxiv.org/pdf/2302.01243,2026-08-10T03:49:39.926161+08:00,200,application/pdf,207612,162FF180FF3E81DBDA846594194D99A1C31F0FF4E6DBF01CCAD9388B1734EEED,HTTP_DOWNLOAD,OFFICIAL_REPOSITORY
P0445,BROAD_SOURCE,sources/P0445.pdf,https://link.springer.com/content/pdf/10.1007/s11263-023-01860-4.pdf,2026-08-10T02:11:17.881683+08:00,200,application/pdf,1028154,966733F44997F9262AB853AD2DE7BA97B1858B1658119E9F2390104A9EB9B53F,HTTP_DOWNLOAD,PRIMARY_PUBLISHER
P0446,BROAD_SOURCE,sources/P0446.pdf,https://ojs.aaai.org/index.php/AAAI/article/download/28284/28559,2026-08-10T04:29:28.104502+08:00,200,application/pdf,447584,E0723DE9A0340A0EBFAA4E22E327FE2AF31B175DD4D5EF8C997B4A4CF16E7010,HTTP_DOWNLOAD,PRIMARY_PUBLISHER
P0447,BROAD_SOURCE,sources/P0447.html,https://api.crossref.org/works/10.1109/itsc60802.2025.11423766,2026-08-10T03:40:10.597055+08:00,200,application/json,6415,3EEF1889E02721E80C970C100E07F449182ADE2F5B9F57B3E14AF5F42D6F6624,HTTP_DOWNLOAD,OFFICIAL_REPOSITORY
P0448,BROAD_SOURCE,sources/P0448.pdf,https://arxiv.org/pdf/1911.08059,2026-08-10T01:28:57.266559+08:00,200,application/pdf,1045398,6A66DEC273A5E271E35EC020032DEC9D2C0B955D1671E688C7236FF2CD735368,HTTP_DOWNLOAD,OFFICIAL_REPOSITORY
P0449,BROAD_SOURCE,sources/P0449.html,https://doi.org/10.48550/arxiv.2307.02251,2026-08-10T02:52:08.983476+08:00,200,text/html; charset=utf-8,45571,B3F6E937B57DF3CDEF27ED98CF520FE6545B2D6E2376EF47A051C8B774C4D5BD,HTTP_DOWNLOAD,PRIMARY_PUBLISHER
P0450,BROAD_SOURCE,sources/P0450.pdf,https://eprints.lancs.ac.uk/id/eprint/178328/1/A_Novel_Multiview_Sampling_based_Meta_Self_Paced_Learning_Approach_for_Class_imbalanced_Intelligent_Fault_Diagnosis.pdf,2026-08-10T02:58:34.970573+08:00,200,application/pdf,1505647,E9D6ABC660DCAFDD35737AEE1668093372052FA992780C2EFF410A1966995FA1,HTTP_DOWNLOAD,OFFICIAL_REPOSITORY
P0451,BROAD_SOURCE,sources/P0451.pdf,https://aclanthology.org/2025.findings-emnlp.840.pdf,2026-08-10T03:24:51.598576+08:00,200,application/pdf,3157440,5A931405402EEFFAFC7B6E6D5D1C9C446732ABDA7A124CA0DDDBFE5DEDF3237C,HTTP_DOWNLOAD,OFFICIAL_REPOSITORY
P0452,BROAD_SOURCE,sources/P0452.html,https://api.crossref.org/works/10.1109/icmlc.2005.1527712,2026-08-10T02:59:06.909679+08:00,200,application/json,2845,8E0B787CFE052404F7FE9A7C2D55F4297B2839A22E20089DC570AA3704B0A966,HTTP_DOWNLOAD,OFFICIAL_REPOSITORY
P0453,BROAD_SOURCE,sources/P0453.html,https://api.crossref.org/works/10.1109/tit.2007.901152,2026-08-10T02:01:10.032430+08:00,200,application/json,4615,57DF9FF36159596FCB14F118BA0A82C194164B5DD11221C57189CDC543138DE3,HTTP_DOWNLOAD,OFFICIAL_REPOSITORY
P0454,BROAD_SOURCE,sources/P0454.html,https://api.crossref.org/works/10.1109/icmla58977.2023.00093,2026-08-10T03:49:28.931835+08:00,200,application/json,7641,58546C3357765CE7F26A88AF180C5912EC6738304CA0064AC7FF1F9E4D6A46C9,HTTP_DOWNLOAD,OFFICIAL_REPOSITORY
P0455,BROAD_SOURCE,sources/P0455.html,https://api.crossref.org/works/10.1109/tpami.2026.3693108,2026-08-10T04:03:58.041835+08:00,200,application/json,3942,1D4FC5D6EB5A97B5BC360F1EF6D8289636668FF881D2D712FDC1F7C016FC1139,HTTP_DOWNLOAD,OFFICIAL_REPOSITORY
P0456,BROAD_SOURCE,sources/P0456.pdf,https://ojs.iscram.org/index.php/Proceedings/article/download/171/141,2026-08-10T03:30:55.284816+08:00,200,application/pdf,282747,2C1FBA1C419A85B1FCA3A65B4CD9AF254F503552282F0458E29C43D047192C70,HTTP_DOWNLOAD,AUTHOR_HOSTED
P0457,BROAD_SOURCE,sources/P0457.html,https://api.crossref.org/works/10.1109/ojsp.2021.3106197,2026-08-10T03:40:10.914690+08:00,200,application/json,8114,A048DF969CD07AA50F13723A0D25E5A936963B6B85DF302CFCA5E3F5DD7BEE72,HTTP_DOWNLOAD,OFFICIAL_REPOSITORY
P0458,BROAD_SOURCE,sources/P0458.html,https://api.crossref.org/works/10.1145/3709657,2026-08-10T02:13:37.903531+08:00,200,application/json,18605,20227EDDDA4D193A1068346CB0F0C6480D2787BA67708107ADFFA8D142240243,HTTP_DOWNLOAD,OFFICIAL_REPOSITORY
P0459,BROAD_SOURCE,sources/P0459.pdf,https://arxiv.org/pdf/2511.06202,2026-08-10T04:18:54.526749+08:00,200,application/pdf,2854048,81D610B588175CC2FACB35A6617988D30842C9B01A6A75D22B59177EE15293FE,HTTP_DOWNLOAD,OFFICIAL_REPOSITORY
P0460,BROAD_SOURCE,sources/P0460.pdf,https://arxiv.org/pdf/2301.00930,2026-08-10T04:03:05.789925+08:00,200,application/pdf,8444950,3F63D9D93703246BBC738DC150437655BB958BC6E4932B500F0B9968BF881A6E,HTTP_DOWNLOAD,OFFICIAL_REPOSITORY
P0461,BROAD_SOURCE,sources/P0461.pdf,https://www.bmva-archive.org.uk/bmvc/2021/assets/papers/0908.pdf,2026-08-10T01:47:16.841555+08:00,200,application/pdf,606970,0BE5B5A1063ADFAF58AFE5F72ED34E46367599CC674573589506ED9BDE81F93E,HTTP_DOWNLOAD,PRIMARY_PUBLISHER
P0462,BROAD_SOURCE,sources/P0462.pdf,https://elib.dlr.de/146238/1/IGARSS_YUAN.pdf,2026-08-09T23:47:52.498678+08:00,200,application/pdf,583025,7767B424E1638909A8493540E1C822AA5D8781847DE01E8AD4ED937C6036588E,HTTP_DOWNLOAD,OFFICIAL_REPOSITORY
P0463,BROAD_SOURCE,sources/P0463.html,https://api.crossref.org/works/10.1121/10.0041972,2026-08-10T02:39:40.276135+08:00,200,application/json,18354,D7A9375224414D013A7522E80E3B49E267BC582F8E0E170A48D05027CE678337,HTTP_DOWNLOAD,OFFICIAL_REPOSITORY
P0464,BROAD_SOURCE,sources/P0464.pdf,https://arxiv.org/pdf/2601.21996,2026-08-10T03:24:40.090411+08:00,200,application/pdf,2615305,C728E7DC7ED3EE0554C3D54C64B3C0B47BDD204CBACF6198872D069D881BD997,HTTP_DOWNLOAD,OFFICIAL_REPOSITORY
P0465,BROAD_SOURCE,sources/P0465.html,https://api.crossref.org/works/10.1109/siu55565.2022.9864669,2026-08-10T03:55:29.588704+08:00,200,application/json,2563,A219FA756220826C5DD8689411B9825B8B069AB83AC29A75260508E2B01EF25C,HTTP_DOWNLOAD,OFFICIAL_REPOSITORY
P0466,BROAD_SOURCE,sources/P0466.pdf,https://arxiv.org/pdf/2009.13698,2026-08-10T02:56:53.156500+08:00,200,application/pdf,11047720,94AD5EE0FBE28A95391CA4F2BD4A447B03A42B4ED188D35BF0197290DB2E49E3,HTTP_DOWNLOAD,OFFICIAL_REPOSITORY
P0467,BROAD_SOURCE,sources/P0467.pdf,https://arxiv.org/pdf/2302.14644,2026-08-10T04:02:22.663627+08:00,200,application/pdf,15304386,C78E04CCC4DB97BBB2913BEBD3FB557601F2EA6F87AAA369B370FBF8944B6063,HTTP_DOWNLOAD,OFFICIAL_REPOSITORY
P0468,BROAD_SOURCE,sources/P0468.pdf,https://arxiv.org/pdf/2212.01661,2026-08-09T23:47:43.996951+08:00,200,application/pdf,390899,DF366FADF2AF9E6D0462C6F2B83BBE6F9257219F8A453107FF2728DA78851B3C,HTTP_DOWNLOAD,OFFICIAL_REPOSITORY
P0469,BROAD_SOURCE,sources/P0469.pdf,https://arxiv.org/pdf/2302.00138,2026-08-10T03:38:08.610143+08:00,200,application/pdf,1077686,92EF96E09AC577CDCE7F97C118B7FB7250F6EC1A6C85BFBA50380DEC04555C35,HTTP_DOWNLOAD,OFFICIAL_REPOSITORY
P0470,BROAD_SOURCE,sources/P0470.html,https://api.crossref.org/works/10.1109/tcss.2024.3453600,2026-08-10T02:13:38.225034+08:00,200,application/json,12708,349EEA1DE1AD60B93C0C4945935802C05660C7CC43AB35A5E5CE2F6ABEBE6924,HTTP_DOWNLOAD,OFFICIAL_REPOSITORY
P0471,BROAD_SOURCE,sources/P0471.pdf,https://arxiv.org/pdf/2402.05356,2026-08-10T03:08:54.574195+08:00,200,application/pdf,3360253,17555B7F7FDADC74E46CD50A13EAF2DBA174111078AE3BCD9985DAD9244292E1,HTTP_DOWNLOAD,OFFICIAL_REPOSITORY
P0472,BROAD_SOURCE,sources/P0472.pdf,https://arxiv.org/pdf/2605.15691,2026-08-10T02:10:58.948065+08:00,200,application/pdf,2194179,7551453D1D1608B61A92FE50AC0D8F996481B74E95296240D34C8DB7B80A1EE6,HTTP_DOWNLOAD,OFFICIAL_REPOSITORY
P0473,BROAD_SOURCE,sources/P0473.pdf,https://aclanthology.org/2022.naacl-main.160.pdf,2026-08-10T03:08:53.009132+08:00,200,application/pdf,2022632,9A7F32ACE6EA27C25B0A10BDE747F6D0E2A57B23FAF3A2C8A741E5C8680FCBF0,HTTP_DOWNLOAD,OFFICIAL_REPOSITORY
P0474,BROAD_SOURCE,sources/P0474.pdf,https://arxiv.org/pdf/2205.09329,2026-08-10T03:54:32.182871+08:00,200,application/pdf,1300391,BD66704C09AC2C7FD693E6FDBE41E1C05C984924C59B9E75AAC74933EAD36CE0,HTTP_DOWNLOAD,OFFICIAL_REPOSITORY
P0475,BROAD_SOURCE,sources/P0475.pdf,https://arxiv.org/pdf/1303.1208,2026-08-10T03:31:18.308837+08:00,200,application/pdf,683009,88056C20B008760CFB3A96A6011F87772FBE8963CA02400506A5970D72A9A432,HTTP_DOWNLOAD,OFFICIAL_REPOSITORY
P0476,BROAD_SOURCE,sources/P0476.pdf,https://arxiv.org/pdf/2107.07041,2026-08-10T01:00:34.605355+08:00,200,application/pdf,2647560,A461E159BE20AFFA87351773F5B0FE90BD89790B5930B1D7CFFDD661BD85A457,HTTP_DOWNLOAD,OFFICIAL_REPOSITORY
P0477,BROAD_SOURCE,sources/P0477.html,https://doi.org/10.1007/s10994-021-06003-9,2026-08-10T01:29:18.638336+08:00,200,text/html; charset=utf-8,457769,A4EFC0D910822C3A3CFEEEC710C3A9DD3D9F49C6438544B29A5A063B0A4236F6,HTTP_DOWNLOAD,PRIMARY_PUBLISHER
P0478,BROAD_SOURCE,sources/P0478.html,https://doi.org/10.48550/arxiv.2205.15466,2026-08-09T23:41:56.272126+08:00,200,text/html; charset=utf-8,44532,ED8D1EE3EAEE96FF0B513F8348317EE81C0D372FE628A7D4AB8DAA0B6D2D6901,HTTP_DOWNLOAD,PRIMARY_PUBLISHER
P0479,BROAD_SOURCE,sources/P0479.pdf,https://arxiv.org/pdf/2512.23239,2026-08-10T03:47:45.612577+08:00,200,application/pdf,1472275,C9E13CFCF5182458EA84E151355ECC908CDC1F93A58745A0411AB639AE566517,HTTP_DOWNLOAD,OFFICIAL_REPOSITORY
P0480,BROAD_SOURCE,sources/P0480.html,https://api.crossref.org/works/10.1109/embc46164.2021.9630150,2026-08-10T03:32:16.982096+08:00,200,application/json,6259,FF594A2FCB035A3D9256B5DDF8F07F1512704C5BEF664B70F15AB4C4CC9587A9,HTTP_DOWNLOAD,OFFICIAL_REPOSITORY
P0481,BROAD_SOURCE,sources/P0481.html,https://api.crossref.org/works/10.3390/su14010188,2026-08-10T03:32:15.384859+08:00,200,application/json,13987,E2335E3737EF52CB4F566CCEA2014BCADD20346285957EB3A2B681987CDD7C3C,HTTP_DOWNLOAD,OFFICIAL_REPOSITORY
P0482,BROAD_SOURCE,sources/P0482.pdf,https://arxiv.org/pdf/2009.02276,2026-08-10T02:56:53.695185+08:00,200,application/pdf,4896609,C6AD98659F5DF58B106FA391ED9E0ABE57448627AF80131A353E193860EEC625,HTTP_DOWNLOAD,OFFICIAL_REPOSITORY
P0483,BROAD_SOURCE,sources/P0483.pdf,https://arxiv.org/pdf/2404.07840,2026-08-10T01:55:26.533941+08:00,200,application/pdf,3112806,6B2FE9183271C1F7B6FB58B9E11123BC7471A1FF36B27AE659E6699B151C829C,HTTP_DOWNLOAD,OFFICIAL_REPOSITORY
P0484,BROAD_SOURCE,sources/P0484.html,https://api.crossref.org/works/10.1093/bioinformatics/btad589,2026-08-10T02:47:11.981792+08:00,200,application/json,17649,C1B3CDD46DD172EFDD1BA612C2A6FA8429E8F8E71D0C3DA1A176CD7474E960E8,HTTP_DOWNLOAD,OFFICIAL_REPOSITORY
P0485,BROAD_SOURCE,sources/P0485.html,https://api.crossref.org/works/10.3390/rs10040574,2026-08-10T04:31:50.916547+08:00,200,application/json,13166,A372E56337D289E83F6A3FB705F29C02A81EA63D2DB4710D79D8097C99DF5389,HTTP_DOWNLOAD,OFFICIAL_REPOSITORY
P0486,BROAD_SOURCE,sources/P0486.html,https://api.crossref.org/works/10.23919/eusipco55093.2022.9909845,2026-08-10T02:39:40.578052+08:00,200,application/json,6275,EFA868D416817D5B0C52F1BAE777FA7F601BEC05C3292DE75F6E7E12618F5C9F,HTTP_DOWNLOAD,OFFICIAL_REPOSITORY
P0487,BROAD_SOURCE,sources/P0487.html,https://api.crossref.org/works/10.1155/2024/5231569,2026-08-10T02:52:48.133156+08:00,200,application/json,8805,9DFCCD1CEA6A64A38A99949C3CE081B63B53F3EFCF015B1EF3E3F9D3E0CB4B1B,HTTP_DOWNLOAD,OFFICIAL_REPOSITORY
P0488,BROAD_SOURCE,sources/P0488.pdf,https://arxiv.org/pdf/1803.09050,2026-08-10T03:16:42.274069+08:00,200,application/pdf,3044218,55976D603D1EF3620A1B0289F27A5F51ABFB60FA0A00F1A2F12364BC146CD88B,HTTP_DOWNLOAD,OFFICIAL_REPOSITORY
P0489,BROAD_SOURCE,sources/P0489.pdf,https://arxiv.org/pdf/2605.11312,2026-08-10T03:24:39.788736+08:00,200,application/pdf,1071122,644A5100485E3B383C37633805660B8554BFCE41CC8B87D4C2D457226D62C4FE,HTTP_DOWNLOAD,OFFICIAL_REPOSITORY
P0490,BROAD_SOURCE,sources/P0490.pdf,https://arxiv.org/pdf/2606.12913,2026-08-10T03:25:11.262091+08:00,200,application/pdf,683737,26CE80E8D347340E0055F2BCF061B6B3E29489FC68A85B8D5711E12CC9DA5090,HTTP_DOWNLOAD,OFFICIAL_REPOSITORY
P0491,BROAD_SOURCE,sources/P0491.html,https://api.crossref.org/works/10.3390/s24237792,2026-08-10T02:59:07.211985+08:00,200,application/json,17054,FD99B17CDFE8735D42230E0EA580992036E6C71EECAA7C0E80132EFCFA4019BF,HTTP_DOWNLOAD,OFFICIAL_REPOSITORY
P0492,BROAD_SOURCE,sources/P0492.pdf,https://ojs.aaai.org/index.php/AAAI/article/download/26954/26726,2026-08-10T03:38:10.984298+08:00,200,application/pdf,460574,6DCBCB16E53269FE0CF8679F64C7B3571121861CF74ADB32026BBC475EF152F3,HTTP_DOWNLOAD,PRIMARY_PUBLISHER
P0493,BROAD_SOURCE,sources/P0493.pdf,https://www.nature.com/articles/s41598-026-43959-x_reference.pdf,2026-08-10T02:10:45.814179+08:00,200,application/pdf,2322418,654553AED80860E0F4310CE4250711060E17132D9AF09CFD6FEF4B5B3E842B49,HTTP_DOWNLOAD,PRIMARY_PUBLISHER
P0494,BROAD_SOURCE,sources/P0494.pdf,https://aclanthology.org/2022.findings-emnlp.119.pdf,2026-08-10T03:48:21.897608+08:00,200,application/pdf,1267588,64FBCBB684508BC0D77EB9652366A191204198700447CA25F288696A0AA8F901,HTTP_DOWNLOAD,OFFICIAL_REPOSITORY
P0495,BROAD_SOURCE,sources/P0495.pdf,https://ojs.aaai.org/index.php/AAAI/article/download/25972/25744,2026-08-10T02:52:02.378377+08:00,200,application/pdf,919161,52B62222BB7B29228D7D90BF13FD6FE3FFC636809EA3FEBCB2F892B5FBA043A7,HTTP_DOWNLOAD,PRIMARY_PUBLISHER
P0496,BROAD_SOURCE,sources/P0496.pdf,https://www.aclweb.org/anthology/2020.emnlp-main.80.pdf,2026-08-10T03:31:36.115456+08:00,200,application/pdf,1363385,990DA7747896671BB266B489238F579FBEA486AF6963F50FEDC70ADABF8912C8,HTTP_DOWNLOAD,OFFICIAL_REPOSITORY
P0497,BROAD_SOURCE,sources/P0497.html,https://doi.org/10.48550/arxiv.2002.12334,2026-08-10T04:29:20.562470+08:00,200,text/html; charset=utf-8,42345,FA420BD198FD743712CB84C1A1AB0CB08BA50E42A06BF86E4F9DB45FB401BCC6,HTTP_DOWNLOAD,PRIMARY_PUBLISHER
P0498,BROAD_SOURCE,sources/P0498.pdf,https://www.frontiersin.org/articles/10.3389/fnins.2022.1004050/pdf,2026-08-09T23:41:55.265567+08:00,200,application/pdf,1456899,BA62DBB74169F5FC633E526C7859A9391D4981D8E821DD93DFA63CF41FF8D2DE,HTTP_DOWNLOAD,PRIMARY_PUBLISHER
P0499,BROAD_SOURCE,sources/P0499.pdf,https://arxiv.org/pdf/2311.03386,2026-08-10T02:11:56.223094+08:00,200,application/pdf,3395250,1FC59CF9831D8A8B1CA89B86C659BC6C810BEE9A737D355B4796FEFA2004D0F7,HTTP_DOWNLOAD,OFFICIAL_REPOSITORY
P0500,BROAD_SOURCE,sources/P0500.pdf,https://arxiv.org/pdf/2605.23198,2026-08-09T23:41:45.807409+08:00,200,application/pdf,1270206,BFED18ECC26F3C02A51075ABE372BCDE2E556154ABDBDFACF63FD7ABD57615F0,HTTP_DOWNLOAD,OFFICIAL_REPOSITORY
