run_slot,triad_id,condition_id,arm,training_seed,selection_seed,rank,sample_id,y_true,oof_fold,dynamic_bucket,mean_p_defect,correct_rate,std_p_defect,replay_role,source_method
RUN_004,TRIAD_002,A01_GapCritical-Strict_B600,T,1385197443,1344845072,1,Det/images/normal_train/01286806.png,0,00,learnable_hard,0.7133060028,0.255,0.3795711642,normal_replay,GapCritical-Strict
RUN_004,TRIAD_002,A01_GapCritical-Strict_B600,T,1385197443,1344845072,2,Det/images/normal_train/01278209.png,0,05,learnable_hard,0.5201865841,0.435,0.4069800831,normal_replay,GapCritical-Strict
RUN_004,TRIAD_002,A01_GapCritical-Strict_B600,T,1385197443,1344845072,3,Det/images/normal_train/00604801.png,0,02,learnable_hard,0.5659372262,0.41,0.3941211042,normal_replay,GapCritical-Strict
RUN_004,TRIAD_002,A01_GapCritical-Strict_B600,T,1385197443,1344845072,4,Det/images/normal_train/00744956.png,0,06,learnable_hard,0.496437339,0.45,0.3950273885,normal_replay,GapCritical-Strict
RUN_004,TRIAD_002,A01_GapCritical-Strict_B600,T,1385197443,1344845072,5,Det/images/normal_train/01167498.png,0,01,learnable_hard,0.557757952,0.385,0.3570990389,normal_replay,GapCritical-Strict
RUN_004,TRIAD_002,A01_GapCritical-Strict_B600,T,1385197443,1344845072,6,Det/images/normal_train/00462733.png,0,03,learnable_hard,0.6595950395,0.315,0.3728725694,normal_replay,GapCritical-Strict
RUN_004,TRIAD_002,A01_GapCritical-Strict_B600,T,1385197443,1344845072,7,Det/images/normal_train/00399718.png,0,08,learnable_hard,0.4901774526,0.415,0.3723692226,normal_replay,GapCritical-Strict
RUN_004,TRIAD_002,A01_GapCritical-Strict_B600,T,1385197443,1344845072,8,Det/images/normal_train/01014733.png,0,04,learnable_hard,0.4946231438,0.445,0.4118685106,normal_replay,GapCritical-Strict
RUN_004,TRIAD_002,A01_GapCritical-Strict_B600,T,1385197443,1344845072,9,Det/images/normal_train/01232333.png,0,09,learnable_hard,0.5477898077,0.405,0.3946567413,normal_replay,GapCritical-Strict
RUN_004,TRIAD_002,A01_GapCritical-Strict_B600,T,1385197443,1344845072,10,Det/images/normal_train/00382051.png,0,00,learnable_hard,0.7539430711,0.2,0.344410282,normal_replay,GapCritical-Strict
RUN_004,TRIAD_002,A01_GapCritical-Strict_B600,T,1385197443,1344845072,11,Det/images/normal_train/00944979.png,0,05,learnable_hard,0.5977177417,0.375,0.3658855883,normal_replay,GapCritical-Strict
RUN_004,TRIAD_002,A01_GapCritical-Strict_B600,T,1385197443,1344845072,12,Det/images/normal_train/00920430.png,0,09,learnable_hard,0.6085432326,0.295,0.3522674768,normal_replay,GapCritical-Strict
RUN_004,TRIAD_002,A01_GapCritical-Strict_B600,T,1385197443,1344845072,13,Det/images/normal_train/00712967.png,0,01,learnable_hard,0.6817141599,0.26,0.337050719,normal_replay,GapCritical-Strict
RUN_004,TRIAD_002,A01_GapCritical-Strict_B600,T,1385197443,1344845072,14,Det/images/normal_train/01171579.png,0,04,learnable_hard,0.5981872627,0.345,0.3378750207,normal_replay,GapCritical-Strict
RUN_004,TRIAD_002,A01_GapCritical-Strict_B600,T,1385197443,1344845072,15,Det/images/normal_train/01287931.png,0,06,learnable_hard,0.6628261914,0.305,0.3776536531,normal_replay,GapCritical-Strict
RUN_004,TRIAD_002,A01_GapCritical-Strict_B600,T,1385197443,1344845072,16,Det/images/normal_train/01049972.png,0,08,learnable_hard,0.6451354015,0.295,0.3503626449,normal_replay,GapCritical-Strict
RUN_004,TRIAD_002,A01_GapCritical-Strict_B600,T,1385197443,1344845072,17,Det/images/normal_train/01199131.png,0,03,learnable_hard,0.4820985679,0.46,0.377874232,normal_replay,GapCritical-Strict
RUN_004,TRIAD_002,A01_GapCritical-Strict_B600,T,1385197443,1344845072,18,Det/images/normal_train/00447968.png,0,05,learnable_hard,0.5517592498,0.42,0.3600704572,normal_replay,GapCritical-Strict
RUN_004,TRIAD_002,A01_GapCritical-Strict_B600,T,1385197443,1344845072,19,Det/images/normal_train/00698557.png,0,08,learnable_hard,0.429664936,0.525,0.3736339231,normal_replay,GapCritical-Strict
RUN_004,TRIAD_002,A01_GapCritical-Strict_B600,T,1385197443,1344845072,20,Det/images/normal_train/01085779.png,0,07,learnable_hard,0.5369442552,0.415,0.3603939603,normal_replay,GapCritical-Strict
RUN_004,TRIAD_002,A01_GapCritical-Strict_B600,T,1385197443,1344845072,21,Det/images/normal_train/00509029.png,0,08,learnable_hard,0.4894524395,0.42,0.3784687222,normal_replay,GapCritical-Strict
RUN_004,TRIAD_002,A01_GapCritical-Strict_B600,T,1385197443,1344845072,22,Det/images/normal_train/00808733.png,0,03,learnable_hard,0.7317385839,0.215,0.3288100458,normal_replay,GapCritical-Strict
RUN_004,TRIAD_002,A01_GapCritical-Strict_B600,T,1385197443,1344845072,23,Det/images/normal_train/00690291.png,0,03,learnable_hard,0.6794043075,0.235,0.33035092,normal_replay,GapCritical-Strict
RUN_004,TRIAD_002,A01_GapCritical-Strict_B600,T,1385197443,1344845072,24,Det/images/normal_train/00577887.png,0,05,learnable_hard,0.5083670663,0.495,0.4049602383,normal_replay,GapCritical-Strict
RUN_004,TRIAD_002,A01_GapCritical-Strict_B600,T,1385197443,1344845072,25,Det/images/normal_train/00242715.png,0,01,learnable_hard,0.4736091955,0.455,0.3477714566,normal_replay,GapCritical-Strict
RUN_004,TRIAD_002,A01_GapCritical-Strict_B600,T,1385197443,1344845072,26,Det/images/normal_train/00323523.png,0,06,learnable_hard,0.6109214511,0.325,0.3657564263,normal_replay,GapCritical-Strict
RUN_004,TRIAD_002,A01_GapCritical-Strict_B600,T,1385197443,1344845072,27,Det/images/normal_train/01073726.png,0,07,learnable_hard,0.6479066791,0.22,0.323499111,normal_replay,GapCritical-Strict
RUN_004,TRIAD_002,A01_GapCritical-Strict_B600,T,1385197443,1344845072,28,Det/images/normal_train/00713168.png,0,06,learnable_hard,0.6445494808,0.31,0.3658634033,normal_replay,GapCritical-Strict
RUN_004,TRIAD_002,A01_GapCritical-Strict_B600,T,1385197443,1344845072,29,Det/images/normal_train/00491094.png,0,06,learnable_hard,0.5923712885,0.325,0.3550706626,normal_replay,GapCritical-Strict
RUN_004,TRIAD_002,A01_GapCritical-Strict_B600,T,1385197443,1344845072,30,Det/images/normal_train/00381751.png,0,05,learnable_hard,0.4730090159,0.45,0.3516114945,normal_replay,GapCritical-Strict
RUN_004,TRIAD_002,A01_GapCritical-Strict_B600,T,1385197443,1344845072,31,Det/images/normal_train/00241997.png,0,05,learnable_hard,0.6510746727,0.235,0.3307814026,normal_replay,GapCritical-Strict
RUN_004,TRIAD_002,A01_GapCritical-Strict_B600,T,1385197443,1344845072,32,Det/images/normal_train/00954818.png,0,03,learnable_hard,0.701575706,0.25,0.334300269,normal_replay,GapCritical-Strict
RUN_004,TRIAD_002,A01_GapCritical-Strict_B600,T,1385197443,1344845072,33,Det/images/normal_train/00964378.png,0,05,learnable_hard,0.5986361121,0.32,0.3606428324,normal_replay,GapCritical-Strict
RUN_004,TRIAD_002,A01_GapCritical-Strict_B600,T,1385197443,1344845072,34,Det/images/normal_train/00916488.png,0,00,learnable_hard,0.4941881212,0.465,0.380000949,normal_replay,GapCritical-Strict
RUN_004,TRIAD_002,A01_GapCritical-Strict_B600,T,1385197443,1344845072,35,Det/images/normal_train/00786131.png,0,03,learnable_hard,0.5283918551,0.43,0.3480741582,normal_replay,GapCritical-Strict
RUN_004,TRIAD_002,A01_GapCritical-Strict_B600,T,1385197443,1344845072,36,Det/images/normal_train/00796033.png,0,04,learnable_hard,0.4206806055,0.525,0.3689138077,normal_replay,GapCritical-Strict
RUN_004,TRIAD_002,A01_GapCritical-Strict_B600,T,1385197443,1344845072,37,Det/images/normal_train/00971571.png,0,02,learnable_hard,0.5815323827,0.32,0.3307900841,normal_replay,GapCritical-Strict
RUN_004,TRIAD_002,A01_GapCritical-Strict_B600,T,1385197443,1344845072,38,Det/images/normal_train/01195525.png,0,03,learnable_hard,0.4903828581,0.44,0.3511232228,normal_replay,GapCritical-Strict
RUN_004,TRIAD_002,A01_GapCritical-Strict_B600,T,1385197443,1344845072,39,Det/images/normal_train/00954770.png,0,03,learnable_hard,0.5302025444,0.345,0.3308539445,normal_replay,GapCritical-Strict
RUN_004,TRIAD_002,A01_GapCritical-Strict_B600,T,1385197443,1344845072,40,Det/images/normal_train/00651388.png,0,02,learnable_hard,0.5672230673,0.345,0.3524990047,normal_replay,GapCritical-Strict
RUN_004,TRIAD_002,A01_GapCritical-Strict_B600,T,1385197443,1344845072,41,Det/images/normal_train/00854371.png,0,09,learnable_hard,0.5342972217,0.4,0.3694745671,normal_replay,GapCritical-Strict
RUN_004,TRIAD_002,A01_GapCritical-Strict_B600,T,1385197443,1344845072,42,Det/images/normal_train/01127316.png,0,06,learnable_hard,0.61816451,0.265,0.3265248524,normal_replay,GapCritical-Strict
RUN_004,TRIAD_002,A01_GapCritical-Strict_B600,T,1385197443,1344845072,43,Det/images/normal_train/01199314.png,0,03,learnable_hard,0.5285710268,0.37,0.3800264347,normal_replay,GapCritical-Strict
RUN_004,TRIAD_002,A01_GapCritical-Strict_B600,T,1385197443,1344845072,44,Det/images/normal_train/00243925.png,0,06,learnable_hard,0.5713354554,0.415,0.3530874623,normal_replay,GapCritical-Strict
RUN_004,TRIAD_002,A01_GapCritical-Strict_B600,T,1385197443,1344845072,45,Det/images/normal_train/00425943.png,0,02,learnable_hard,0.6897933928,0.23,0.3214152686,normal_replay,GapCritical-Strict
RUN_004,TRIAD_002,A01_GapCritical-Strict_B600,T,1385197443,1344845072,46,Det/images/normal_train/00674370.png,0,05,learnable_hard,0.5569873157,0.345,0.3504159294,normal_replay,GapCritical-Strict
RUN_004,TRIAD_002,A01_GapCritical-Strict_B600,T,1385197443,1344845072,47,Det/images/normal_train/00353303.png,0,02,learnable_hard,0.5309725733,0.385,0.3436011469,normal_replay,GapCritical-Strict
RUN_004,TRIAD_002,A01_GapCritical-Strict_B600,T,1385197443,1344845072,48,Det/images/normal_train/00532387.png,0,07,learnable_hard,0.5528826717,0.365,0.345484002,normal_replay,GapCritical-Strict
RUN_004,TRIAD_002,A01_GapCritical-Strict_B600,T,1385197443,1344845072,49,Det/images/normal_train/01230103.png,0,01,learnable_hard,0.5554449994,0.36,0.3600971891,normal_replay,GapCritical-Strict
RUN_004,TRIAD_002,A01_GapCritical-Strict_B600,T,1385197443,1344845072,50,Det/images/normal_train/01292814.png,0,07,learnable_hard,0.6492708511,0.325,0.3401763422,normal_replay,GapCritical-Strict
RUN_004,TRIAD_002,A01_GapCritical-Strict_B600,T,1385197443,1344845072,51,Det/images/normal_train/00248553.png,0,00,learnable_hard,0.565820445,0.345,0.3526505286,normal_replay,GapCritical-Strict
RUN_004,TRIAD_002,A01_GapCritical-Strict_B600,T,1385197443,1344845072,52,Det/images/normal_train/00194439.png,0,04,learnable_hard,0.4698378182,0.495,0.3493528942,normal_replay,GapCritical-Strict
RUN_004,TRIAD_002,A01_GapCritical-Strict_B600,T,1385197443,1344845072,53,Det/images/normal_train/00573003.png,0,07,learnable_hard,0.7900295483,0.175,0.3224148583,normal_replay,GapCritical-Strict
RUN_004,TRIAD_002,A01_GapCritical-Strict_B600,T,1385197443,1344845072,54,Det/images/normal_train/01245458.png,0,09,learnable_hard,0.6536550007,0.255,0.3272024965,normal_replay,GapCritical-Strict
RUN_004,TRIAD_002,A01_GapCritical-Strict_B600,T,1385197443,1344845072,55,Det/images/normal_train/00240267.png,0,07,learnable_hard,0.612036355,0.28,0.3227654128,normal_replay,GapCritical-Strict
RUN_004,TRIAD_002,A01_GapCritical-Strict_B600,T,1385197443,1344845072,56,Det/images/normal_train/00967586.png,0,04,learnable_hard,0.4988258907,0.405,0.3211381905,normal_replay,GapCritical-Strict
RUN_004,TRIAD_002,A01_GapCritical-Strict_B600,T,1385197443,1344845072,57,Det/images/normal_train/00746445.png,0,00,learnable_hard,0.5572056929,0.385,0.3788440146,normal_replay,GapCritical-Strict
RUN_004,TRIAD_002,A01_GapCritical-Strict_B600,T,1385197443,1344845072,58,Det/images/normal_train/01139457.png,0,05,learnable_hard,0.5430088627,0.375,0.327614898,normal_replay,GapCritical-Strict
RUN_004,TRIAD_002,A01_GapCritical-Strict_B600,T,1385197443,1344845072,59,Det/images/normal_train/00533860.png,0,02,learnable_hard,0.6003199239,0.34,0.3421613847,normal_replay,GapCritical-Strict
RUN_004,TRIAD_002,A01_GapCritical-Strict_B600,T,1385197443,1344845072,60,Det/images/normal_train/00626220.png,0,05,learnable_hard,0.5393931416,0.375,0.334796348,normal_replay,GapCritical-Strict
RUN_004,TRIAD_002,A01_GapCritical-Strict_B600,T,1385197443,1344845072,61,Det/images/normal_train/00483397.png,0,06,learnable_hard,0.4694098635,0.455,0.3338396866,normal_replay,GapCritical-Strict
RUN_004,TRIAD_002,A01_GapCritical-Strict_B600,T,1385197443,1344845072,62,Det/images/normal_train/00338848.png,0,00,learnable_hard,0.5104344288,0.395,0.3207285815,normal_replay,GapCritical-Strict
RUN_004,TRIAD_002,A01_GapCritical-Strict_B600,T,1385197443,1344845072,63,Det/images/normal_train/00240563.png,0,07,learnable_hard,0.6118850998,0.32,0.3023362325,normal_replay,GapCritical-Strict
RUN_004,TRIAD_002,A01_GapCritical-Strict_B600,T,1385197443,1344845072,64,Det/images/normal_train/00253078.png,0,09,learnable_hard,0.6968688918,0.23,0.33318207,normal_replay,GapCritical-Strict
RUN_004,TRIAD_002,A01_GapCritical-Strict_B600,T,1385197443,1344845072,65,Det/images/normal_train/00566381.png,0,07,learnable_hard,0.5235391172,0.43,0.3855005758,normal_replay,GapCritical-Strict
RUN_004,TRIAD_002,A01_GapCritical-Strict_B600,T,1385197443,1344845072,66,Det/images/normal_train/00748303.png,0,04,learnable_hard,0.4642997338,0.42,0.3342263485,normal_replay,GapCritical-Strict
RUN_004,TRIAD_002,A01_GapCritical-Strict_B600,T,1385197443,1344845072,67,Det/images/normal_train/00758730.png,0,04,learnable_hard,0.4297931251,0.55,0.3544091929,normal_replay,GapCritical-Strict
RUN_004,TRIAD_002,A01_GapCritical-Strict_B600,T,1385197443,1344845072,68,Det/images/normal_train/00457310.png,0,09,learnable_hard,0.5807125164,0.31,0.3276416244,normal_replay,GapCritical-Strict
RUN_004,TRIAD_002,A01_GapCritical-Strict_B600,T,1385197443,1344845072,69,Det/images/normal_train/01198756.png,0,03,learnable_hard,0.7791043103,0.19,0.3473131917,normal_replay,GapCritical-Strict
RUN_004,TRIAD_002,A01_GapCritical-Strict_B600,T,1385197443,1344845072,70,Det/images/normal_train/00489081.png,0,02,learnable_hard,0.5177454432,0.345,0.3239158961,normal_replay,GapCritical-Strict
RUN_004,TRIAD_002,A01_GapCritical-Strict_B600,T,1385197443,1344845072,71,Det/images/normal_train/00483398.png,0,06,learnable_hard,0.4802893262,0.445,0.3324491366,normal_replay,GapCritical-Strict
RUN_004,TRIAD_002,A01_GapCritical-Strict_B600,T,1385197443,1344845072,72,Det/images/normal_train/00183127.png,0,09,learnable_hard,0.6092618204,0.315,0.3290715569,normal_replay,GapCritical-Strict
RUN_004,TRIAD_002,A01_GapCritical-Strict_B600,T,1385197443,1344845072,73,Det/images/normal_train/01161388.png,0,06,learnable_hard,0.6742797899,0.275,0.3135876091,normal_replay,GapCritical-Strict
RUN_004,TRIAD_002,A01_GapCritical-Strict_B600,T,1385197443,1344845072,74,Det/images/normal_train/01230314.png,0,01,learnable_hard,0.4710415098,0.39,0.3163227668,normal_replay,GapCritical-Strict
RUN_004,TRIAD_002,A01_GapCritical-Strict_B600,T,1385197443,1344845072,75,Det/images/normal_train/00639548.png,0,06,learnable_hard,0.5929918492,0.32,0.3543294856,normal_replay,GapCritical-Strict
RUN_004,TRIAD_002,A01_GapCritical-Strict_B600,T,1385197443,1344845072,76,Det/images/normal_train/00586860.png,0,01,learnable_hard,0.476014822,0.475,0.3346645065,normal_replay,GapCritical-Strict
RUN_004,TRIAD_002,A01_GapCritical-Strict_B600,T,1385197443,1344845072,77,Det/images/normal_train/01132084.png,0,07,learnable_hard,0.585215127,0.375,0.3402355076,normal_replay,GapCritical-Strict
RUN_004,TRIAD_002,A01_GapCritical-Strict_B600,T,1385197443,1344845072,78,Det/images/normal_train/00958852.png,0,05,learnable_hard,0.614386441,0.27,0.3274009991,normal_replay,GapCritical-Strict
RUN_004,TRIAD_002,A01_GapCritical-Strict_B600,T,1385197443,1344845072,79,Det/images/normal_train/00425944.png,0,02,learnable_hard,0.7055994964,0.215,0.3147684192,normal_replay,GapCritical-Strict
RUN_004,TRIAD_002,A01_GapCritical-Strict_B600,T,1385197443,1344845072,80,Det/images/normal_train/01011638.png,0,07,learnable_hard,0.3673917025,0.555,0.3820102899,normal_replay,GapCritical-Strict
RUN_004,TRIAD_002,A01_GapCritical-Strict_B600,T,1385197443,1344845072,81,Det/images/normal_train/01169022.png,0,08,learnable_hard,0.3923649932,0.62,0.3074221646,normal_replay,GapCritical-Strict
RUN_004,TRIAD_002,A01_GapCritical-Strict_B600,T,1385197443,1344845072,82,Det/images/normal_train/01014831.png,0,04,learnable_hard,0.5962682466,0.295,0.356304517,normal_replay,GapCritical-Strict
RUN_004,TRIAD_002,A01_GapCritical-Strict_B600,T,1385197443,1344845072,83,Det/images/normal_train/00657532.png,0,05,learnable_hard,0.4714149915,0.495,0.3585071033,normal_replay,GapCritical-Strict
RUN_004,TRIAD_002,A01_GapCritical-Strict_B600,T,1385197443,1344845072,84,Det/images/normal_train/00550609.png,0,08,learnable_hard,0.6251808964,0.31,0.320409673,normal_replay,GapCritical-Strict
RUN_004,TRIAD_002,A01_GapCritical-Strict_B600,T,1385197443,1344845072,85,Det/images/normal_train/00327841.png,0,06,learnable_hard,0.4546512426,0.455,0.3341500587,normal_replay,GapCritical-Strict
RUN_004,TRIAD_002,A01_GapCritical-Strict_B600,T,1385197443,1344845072,86,Det/images/normal_train/00167160.png,0,04,learnable_hard,0.4952224571,0.4,0.3273493328,normal_replay,GapCritical-Strict
RUN_004,TRIAD_002,A01_GapCritical-Strict_B600,T,1385197443,1344845072,87,Det/images/normal_train/00750803.png,0,02,learnable_hard,0.6442126781,0.305,0.3516496193,normal_replay,GapCritical-Strict
RUN_004,TRIAD_002,A01_GapCritical-Strict_B600,T,1385197443,1344845072,88,Det/images/normal_train/01201052.png,0,00,learnable_hard,0.5695844172,0.385,0.3675991261,normal_replay,GapCritical-Strict
RUN_004,TRIAD_002,A01_GapCritical-Strict_B600,T,1385197443,1344845072,89,Det/images/normal_train/01094661.png,0,05,learnable_hard,0.6041161104,0.33,0.3041704688,normal_replay,GapCritical-Strict
RUN_004,TRIAD_002,A01_GapCritical-Strict_B600,T,1385197443,1344845072,90,Det/images/normal_train/00379612.png,0,02,learnable_hard,0.6020284027,0.265,0.3255970443,normal_replay,GapCritical-Strict
RUN_004,TRIAD_002,A01_GapCritical-Strict_B600,T,1385197443,1344845072,91,Det/images/normal_train/00197755.png,0,06,learnable_hard,0.3939029295,0.545,0.3402426805,normal_replay,GapCritical-Strict
RUN_004,TRIAD_002,A01_GapCritical-Strict_B600,T,1385197443,1344845072,92,Det/images/normal_train/00541130.png,0,08,learnable_hard,0.4277712852,0.54,0.3064254474,normal_replay,GapCritical-Strict
RUN_004,TRIAD_002,A01_GapCritical-Strict_B600,T,1385197443,1344845072,93,Det/images/normal_train/00751300.png,0,09,learnable_hard,0.6696418207,0.27,0.3290580732,normal_replay,GapCritical-Strict
RUN_004,TRIAD_002,A01_GapCritical-Strict_B600,T,1385197443,1344845072,94,Det/images/normal_train/01006760.png,0,05,learnable_hard,0.6439688759,0.265,0.3046309838,normal_replay,GapCritical-Strict
RUN_004,TRIAD_002,A01_GapCritical-Strict_B600,T,1385197443,1344845072,95,Det/images/normal_train/00236903.png,0,03,learnable_hard,0.6103515185,0.285,0.3077576828,normal_replay,GapCritical-Strict
RUN_004,TRIAD_002,A01_GapCritical-Strict_B600,T,1385197443,1344845072,96,Det/images/normal_train/01295126.png,0,04,learnable_hard,0.5900275951,0.315,0.3195524205,normal_replay,GapCritical-Strict
RUN_004,TRIAD_002,A01_GapCritical-Strict_B600,T,1385197443,1344845072,97,Det/images/normal_train/00970677.png,0,05,learnable_hard,0.3727264401,0.56,0.3391920912,normal_replay,GapCritical-Strict
RUN_004,TRIAD_002,A01_GapCritical-Strict_B600,T,1385197443,1344845072,98,Det/images/normal_train/00957900.png,0,02,learnable_hard,0.4903044511,0.475,0.3430758542,normal_replay,GapCritical-Strict
RUN_004,TRIAD_002,A01_GapCritical-Strict_B600,T,1385197443,1344845072,99,Det/images/normal_train/00923468.png,0,08,learnable_hard,0.6155436424,0.34,0.3500957298,normal_replay,GapCritical-Strict
RUN_004,TRIAD_002,A01_GapCritical-Strict_B600,T,1385197443,1344845072,100,Det/images/normal_train/00494961.png,0,05,learnable_hard,0.5999734433,0.305,0.320157838,normal_replay,GapCritical-Strict
RUN_004,TRIAD_002,A01_GapCritical-Strict_B600,T,1385197443,1344845072,101,Det/images/normal_train/00916476.png,0,00,learnable_hard,0.420817886,0.495,0.3706822688,normal_replay,GapCritical-Strict
RUN_004,TRIAD_002,A01_GapCritical-Strict_B600,T,1385197443,1344845072,102,Det/images/normal_train/00282066.png,0,04,learnable_hard,0.5325883578,0.42,0.3565682092,normal_replay,GapCritical-Strict
RUN_004,TRIAD_002,A01_GapCritical-Strict_B600,T,1385197443,1344845072,103,Det/images/normal_train/01261381.png,0,00,learnable_hard,0.5657240114,0.35,0.3481514119,normal_replay,GapCritical-Strict
RUN_004,TRIAD_002,A01_GapCritical-Strict_B600,T,1385197443,1344845072,104,Det/images/normal_train/00166274.png,0,03,learnable_hard,0.5445596946,0.39,0.3480362126,normal_replay,GapCritical-Strict
RUN_004,TRIAD_002,A01_GapCritical-Strict_B600,T,1385197443,1344845072,105,Det/images/normal_train/00534646.png,0,03,learnable_hard,0.6031969265,0.3,0.2922705122,normal_replay,GapCritical-Strict
RUN_004,TRIAD_002,A01_GapCritical-Strict_B600,T,1385197443,1344845072,106,Det/images/normal_train/01012631.png,0,00,learnable_hard,0.5379798628,0.335,0.344008819,normal_replay,GapCritical-Strict
RUN_004,TRIAD_002,A01_GapCritical-Strict_B600,T,1385197443,1344845072,107,Det/images/normal_train/00733818.png,0,07,learnable_hard,0.4216982582,0.535,0.3415346159,normal_replay,GapCritical-Strict
RUN_004,TRIAD_002,A01_GapCritical-Strict_B600,T,1385197443,1344845072,108,Det/images/normal_train/00935766.png,0,09,learnable_hard,0.7204282588,0.19,0.3027570012,normal_replay,GapCritical-Strict
RUN_004,TRIAD_002,A01_GapCritical-Strict_B600,T,1385197443,1344845072,109,Det/images/normal_train/00569541.png,0,02,learnable_hard,0.4545818927,0.45,0.325769545,normal_replay,GapCritical-Strict
RUN_004,TRIAD_002,A01_GapCritical-Strict_B600,T,1385197443,1344845072,110,Det/images/normal_train/00566405.png,0,07,learnable_hard,0.4841590888,0.435,0.3346326636,normal_replay,GapCritical-Strict
RUN_004,TRIAD_002,A01_GapCritical-Strict_B600,T,1385197443,1344845072,111,Det/images/normal_train/00702427.png,0,06,learnable_hard,0.5110746324,0.415,0.2992358995,normal_replay,GapCritical-Strict
RUN_004,TRIAD_002,A01_GapCritical-Strict_B600,T,1385197443,1344845072,112,Det/images/normal_train/00688062.png,0,05,learnable_hard,0.7828276751,0.215,0.315238371,normal_replay,GapCritical-Strict
RUN_004,TRIAD_002,A01_GapCritical-Strict_B600,T,1385197443,1344845072,113,Det/images/normal_train/00419255.png,0,04,learnable_hard,0.3974974893,0.54,0.2948190878,normal_replay,GapCritical-Strict
RUN_004,TRIAD_002,A01_GapCritical-Strict_B600,T,1385197443,1344845072,114,Det/images/normal_train/00195836.png,0,08,learnable_hard,0.4479080084,0.44,0.3243140334,normal_replay,GapCritical-Strict
RUN_004,TRIAD_002,A01_GapCritical-Strict_B600,T,1385197443,1344845072,115,Det/images/normal_train/00200411.png,0,02,learnable_hard,0.5796944131,0.335,0.3194922424,normal_replay,GapCritical-Strict
RUN_004,TRIAD_002,A01_GapCritical-Strict_B600,T,1385197443,1344845072,116,Det/images/normal_train/01233795.png,0,09,learnable_hard,0.4778896985,0.475,0.3412679433,normal_replay,GapCritical-Strict
RUN_004,TRIAD_002,A01_GapCritical-Strict_B600,T,1385197443,1344845072,117,Det/images/normal_train/00488119.png,0,05,learnable_hard,0.6209240966,0.335,0.3103744807,normal_replay,GapCritical-Strict
RUN_004,TRIAD_002,A01_GapCritical-Strict_B600,T,1385197443,1344845072,118,Det/images/normal_train/00175714.png,0,06,learnable_hard,0.4130460378,0.54,0.3482764166,normal_replay,GapCritical-Strict
RUN_004,TRIAD_002,A01_GapCritical-Strict_B600,T,1385197443,1344845072,119,Det/images/normal_train/00425093.png,0,02,learnable_hard,0.7505213666,0.18,0.3158376514,normal_replay,GapCritical-Strict
RUN_004,TRIAD_002,A01_GapCritical-Strict_B600,T,1385197443,1344845072,120,Det/images/normal_train/00263170.png,0,07,learnable_hard,0.5461038603,0.425,0.3358441517,normal_replay,GapCritical-Strict
RUN_004,TRIAD_002,A01_GapCritical-Strict_B600,T,1385197443,1344845072,121,Det/images/normal_train/00244763.png,0,07,learnable_hard,0.5513469413,0.435,0.3168845851,normal_replay,GapCritical-Strict
RUN_004,TRIAD_002,A01_GapCritical-Strict_B600,T,1385197443,1344845072,122,Det/images/normal_train/00752583.png,0,08,learnable_hard,0.436837727,0.47,0.3242380673,normal_replay,GapCritical-Strict
RUN_004,TRIAD_002,A01_GapCritical-Strict_B600,T,1385197443,1344845072,123,Det/images/normal_train/00410400.png,0,00,learnable_hard,0.4119133036,0.55,0.3747691626,normal_replay,GapCritical-Strict
RUN_004,TRIAD_002,A01_GapCritical-Strict_B600,T,1385197443,1344845072,124,Det/images/normal_train/00655477.png,0,08,learnable_hard,0.4687987042,0.495,0.3132942733,normal_replay,GapCritical-Strict
RUN_004,TRIAD_002,A01_GapCritical-Strict_B600,T,1385197443,1344845072,125,Det/images/normal_train/00954832.png,0,03,learnable_hard,0.5695951387,0.27,0.2962880366,normal_replay,GapCritical-Strict
RUN_004,TRIAD_002,A01_GapCritical-Strict_B600,T,1385197443,1344845072,126,Det/images/normal_train/00886601.png,0,09,learnable_hard,0.4764291258,0.41,0.3440627551,normal_replay,GapCritical-Strict
RUN_004,TRIAD_002,A01_GapCritical-Strict_B600,T,1385197443,1344845072,127,Det/images/normal_train/00668749.png,0,04,learnable_hard,0.3805539098,0.56,0.3419819155,normal_replay,GapCritical-Strict
RUN_004,TRIAD_002,A01_GapCritical-Strict_B600,T,1385197443,1344845072,128,Det/images/normal_train/00547796.png,0,05,learnable_hard,0.6041611269,0.335,0.3333104804,normal_replay,GapCritical-Strict
RUN_004,TRIAD_002,A01_GapCritical-Strict_B600,T,1385197443,1344845072,129,Det/images/normal_train/00605776.png,0,01,learnable_hard,0.4613082573,0.445,0.2876591242,normal_replay,GapCritical-Strict
RUN_004,TRIAD_002,A01_GapCritical-Strict_B600,T,1385197443,1344845072,130,Det/images/normal_train/00863042.png,0,07,learnable_hard,0.7036264168,0.215,0.2991099042,normal_replay,GapCritical-Strict
RUN_004,TRIAD_002,A01_GapCritical-Strict_B600,T,1385197443,1344845072,131,Det/images/normal_train/00839295.png,0,06,learnable_hard,0.4271939399,0.59,0.3021275646,normal_replay,GapCritical-Strict
RUN_004,TRIAD_002,A01_GapCritical-Strict_B600,T,1385197443,1344845072,132,Det/images/normal_train/01281553.png,0,05,learnable_hard,0.3728481463,0.535,0.332235999,normal_replay,GapCritical-Strict
RUN_004,TRIAD_002,A01_GapCritical-Strict_B600,T,1385197443,1344845072,133,Det/images/normal_train/00219461.png,0,09,learnable_hard,0.6168148655,0.365,0.3071115781,normal_replay,GapCritical-Strict
RUN_004,TRIAD_002,A01_GapCritical-Strict_B600,T,1385197443,1344845072,134,Det/images/normal_train/00825098.png,0,02,learnable_hard,0.4063887191,0.585,0.3500420224,normal_replay,GapCritical-Strict
RUN_004,TRIAD_002,A01_GapCritical-Strict_B600,T,1385197443,1344845072,135,Det/images/normal_train/00411950.png,0,06,learnable_hard,0.4307648126,0.475,0.3271184214,normal_replay,GapCritical-Strict
RUN_004,TRIAD_002,A01_GapCritical-Strict_B600,T,1385197443,1344845072,136,Det/images/normal_train/01251785.png,0,04,learnable_hard,0.7261588955,0.22,0.3021891669,normal_replay,GapCritical-Strict
RUN_004,TRIAD_002,A01_GapCritical-Strict_B600,T,1385197443,1344845072,137,Det/images/normal_train/00330921.png,0,00,learnable_hard,0.5108991151,0.415,0.3339635351,normal_replay,GapCritical-Strict
RUN_004,TRIAD_002,A01_GapCritical-Strict_B600,T,1385197443,1344845072,138,Det/images/normal_train/00880150.png,0,07,learnable_hard,0.3393554134,0.645,0.3378011218,normal_replay,GapCritical-Strict
RUN_004,TRIAD_002,A01_GapCritical-Strict_B600,T,1385197443,1344845072,139,Det/images/normal_train/01011122.png,0,07,learnable_hard,0.5344569427,0.435,0.3186092458,normal_replay,GapCritical-Strict
RUN_004,TRIAD_002,A01_GapCritical-Strict_B600,T,1385197443,1344845072,140,Det/images/normal_train/01170250.png,0,09,learnable_hard,0.6111150455,0.33,0.3067706652,normal_replay,GapCritical-Strict
RUN_004,TRIAD_002,A01_GapCritical-Strict_B600,T,1385197443,1344845072,141,Det/images/normal_train/00392585.png,0,08,learnable_hard,0.5364085451,0.365,0.3168242897,normal_replay,GapCritical-Strict
RUN_004,TRIAD_002,A01_GapCritical-Strict_B600,T,1385197443,1344845072,142,Det/images/normal_train/00807230.png,0,08,learnable_hard,0.5502561765,0.33,0.2891538646,normal_replay,GapCritical-Strict
RUN_004,TRIAD_002,A01_GapCritical-Strict_B600,T,1385197443,1344845072,143,Det/images/normal_train/00292972.png,0,00,learnable_hard,0.5842782148,0.345,0.3467135566,normal_replay,GapCritical-Strict
RUN_004,TRIAD_002,A01_GapCritical-Strict_B600,T,1385197443,1344845072,144,Det/images/normal_train/01085279.png,0,07,learnable_hard,0.4294002217,0.54,0.3293353384,normal_replay,GapCritical-Strict
RUN_004,TRIAD_002,A01_GapCritical-Strict_B600,T,1385197443,1344845072,145,Det/images/normal_train/00318524.png,0,01,learnable_hard,0.4676887297,0.525,0.2858758066,normal_replay,GapCritical-Strict
RUN_004,TRIAD_002,A01_GapCritical-Strict_B600,T,1385197443,1344845072,146,Det/images/normal_train/00218760.png,0,09,learnable_hard,0.3767891684,0.54,0.3103964664,normal_replay,GapCritical-Strict
RUN_004,TRIAD_002,A01_GapCritical-Strict_B600,T,1385197443,1344845072,147,Det/images/normal_train/00150766.png,0,00,learnable_hard,0.4510035892,0.45,0.34558357,normal_replay,GapCritical-Strict
RUN_004,TRIAD_002,A01_GapCritical-Strict_B600,T,1385197443,1344845072,148,Det/images/normal_train/00937146.png,0,05,learnable_hard,0.6458829991,0.225,0.3014758969,normal_replay,GapCritical-Strict
RUN_004,TRIAD_002,A01_GapCritical-Strict_B600,T,1385197443,1344845072,149,Det/images/normal_train/01005186.png,0,09,learnable_hard,0.5065205665,0.42,0.2939713304,normal_replay,GapCritical-Strict
RUN_004,TRIAD_002,A01_GapCritical-Strict_B600,T,1385197443,1344845072,150,Det/images/normal_train/00793171.png,0,05,learnable_hard,0.4183451247,0.505,0.3339626135,normal_replay,GapCritical-Strict
RUN_004,TRIAD_002,A01_GapCritical-Strict_B600,T,1385197443,1344845072,151,Det/images/normal_train/01126302.png,0,06,learnable_hard,0.4771961829,0.415,0.3137323512,normal_replay,GapCritical-Strict
RUN_004,TRIAD_002,A01_GapCritical-Strict_B600,T,1385197443,1344845072,152,Det/images/normal_train/00364544.png,0,08,learnable_hard,0.5432854742,0.34,0.2807113992,normal_replay,GapCritical-Strict
RUN_004,TRIAD_002,A01_GapCritical-Strict_B600,T,1385197443,1344845072,153,Det/images/normal_train/00497811.png,0,01,learnable_hard,0.7285215282,0.285,0.3085536263,normal_replay,GapCritical-Strict
RUN_004,TRIAD_002,A01_GapCritical-Strict_B600,T,1385197443,1344845072,154,Det/images/normal_train/01030090.png,0,04,learnable_hard,0.3904992107,0.515,0.3381174173,normal_replay,GapCritical-Strict
RUN_004,TRIAD_002,A01_GapCritical-Strict_B600,T,1385197443,1344845072,155,Det/images/normal_train/00169892.png,0,06,learnable_hard,0.5298390808,0.305,0.2991923496,normal_replay,GapCritical-Strict
RUN_004,TRIAD_002,A01_GapCritical-Strict_B600,T,1385197443,1344845072,156,Det/images/normal_train/00276634.png,0,03,learnable_hard,0.5031163163,0.415,0.3427361937,normal_replay,GapCritical-Strict
RUN_004,TRIAD_002,A01_GapCritical-Strict_B600,T,1385197443,1344845072,157,Det/images/normal_train/00562761.png,0,08,learnable_hard,0.414086461,0.555,0.3355749914,normal_replay,GapCritical-Strict
RUN_004,TRIAD_002,A01_GapCritical-Strict_B600,T,1385197443,1344845072,158,Det/images/normal_train/01284790.png,0,00,learnable_hard,0.6817074938,0.31,0.3314903882,normal_replay,GapCritical-Strict
RUN_004,TRIAD_002,A01_GapCritical-Strict_B600,T,1385197443,1344845072,159,Det/images/normal_train/00211400.png,0,06,learnable_hard,0.6075033076,0.3,0.2951729072,normal_replay,GapCritical-Strict
RUN_004,TRIAD_002,A01_GapCritical-Strict_B600,T,1385197443,1344845072,160,Det/images/normal_train/00403865.png,0,03,learnable_hard,0.562941133,0.355,0.3328845094,normal_replay,GapCritical-Strict
RUN_004,TRIAD_002,A01_GapCritical-Strict_B600,T,1385197443,1344845072,161,Det/images/normal_train/00337339.png,0,07,learnable_hard,0.5841503183,0.25,0.2680429576,normal_replay,GapCritical-Strict
RUN_004,TRIAD_002,A01_GapCritical-Strict_B600,T,1385197443,1344845072,162,Det/images/normal_train/00374247.png,0,06,learnable_hard,0.6091738825,0.285,0.3429329388,normal_replay,GapCritical-Strict
RUN_004,TRIAD_002,A01_GapCritical-Strict_B600,T,1385197443,1344845072,163,Det/images/normal_train/01012588.png,0,00,learnable_hard,0.6460877436,0.28,0.3413127775,normal_replay,GapCritical-Strict
RUN_004,TRIAD_002,A01_GapCritical-Strict_B600,T,1385197443,1344845072,164,Det/images/normal_train/01273498.png,0,06,learnable_hard,0.6878292334,0.265,0.3037310185,normal_replay,GapCritical-Strict
RUN_004,TRIAD_002,A01_GapCritical-Strict_B600,T,1385197443,1344845072,165,Det/images/normal_train/00782074.png,0,02,learnable_hard,0.4039325173,0.625,0.3207303504,normal_replay,GapCritical-Strict
RUN_004,TRIAD_002,A01_GapCritical-Strict_B600,T,1385197443,1344845072,166,Det/images/normal_train/00966280.png,0,07,learnable_hard,0.3589006016,0.6,0.295834747,normal_replay,GapCritical-Strict
RUN_004,TRIAD_002,A01_GapCritical-Strict_B600,T,1385197443,1344845072,167,Det/images/normal_train/01199387.png,0,03,learnable_hard,0.5870300682,0.295,0.3048139954,normal_replay,GapCritical-Strict
RUN_004,TRIAD_002,A01_GapCritical-Strict_B600,T,1385197443,1344845072,168,Det/images/normal_train/00888336.png,0,08,learnable_hard,0.3639795477,0.6,0.3467662515,normal_replay,GapCritical-Strict
RUN_004,TRIAD_002,A01_GapCritical-Strict_B600,T,1385197443,1344845072,169,Det/images/normal_train/00685900.png,0,08,learnable_hard,0.4264098224,0.485,0.3118106487,normal_replay,GapCritical-Strict
RUN_004,TRIAD_002,A01_GapCritical-Strict_B600,T,1385197443,1344845072,170,Det/images/normal_train/00286748.png,0,06,learnable_hard,0.3120336745,0.67,0.3210518273,normal_replay,GapCritical-Strict
RUN_004,TRIAD_002,A01_GapCritical-Strict_B600,T,1385197443,1344845072,171,Det/images/normal_train/00289918.png,0,07,learnable_hard,0.5197490562,0.4,0.2972721018,normal_replay,GapCritical-Strict
RUN_004,TRIAD_002,A01_GapCritical-Strict_B600,T,1385197443,1344845072,172,Det/images/normal_train/00224911.png,0,00,learnable_hard,0.4722705601,0.475,0.3059041644,normal_replay,GapCritical-Strict
RUN_004,TRIAD_002,A01_GapCritical-Strict_B600,T,1385197443,1344845072,173,Det/images/normal_train/00683865.png,0,07,learnable_hard,0.4771055213,0.42,0.331724464,normal_replay,GapCritical-Strict
RUN_004,TRIAD_002,A01_GapCritical-Strict_B600,T,1385197443,1344845072,174,Det/images/normal_train/00728231.png,0,03,learnable_hard,0.5181234934,0.36,0.2955850726,normal_replay,GapCritical-Strict
RUN_004,TRIAD_002,A01_GapCritical-Strict_B600,T,1385197443,1344845072,175,Det/images/normal_train/01173726.png,0,01,learnable_hard,0.6348869565,0.285,0.3093633306,normal_replay,GapCritical-Strict
RUN_004,TRIAD_002,A01_GapCritical-Strict_B600,T,1385197443,1344845072,176,Det/images/normal_train/00254084.png,0,03,learnable_hard,0.6224039283,0.205,0.2896128311,normal_replay,GapCritical-Strict
RUN_004,TRIAD_002,A01_GapCritical-Strict_B600,T,1385197443,1344845072,177,Det/images/normal_train/00392586.png,0,08,learnable_hard,0.5003591143,0.41,0.3196986462,normal_replay,GapCritical-Strict
RUN_004,TRIAD_002,A01_GapCritical-Strict_B600,T,1385197443,1344845072,178,Det/images/normal_train/00584717.png,0,05,learnable_hard,0.4881047186,0.465,0.2880273776,normal_replay,GapCritical-Strict
RUN_004,TRIAD_002,A01_GapCritical-Strict_B600,T,1385197443,1344845072,179,Det/images/normal_train/00884709.png,0,09,learnable_hard,0.4304896709,0.49,0.3212188009,normal_replay,GapCritical-Strict
RUN_004,TRIAD_002,A01_GapCritical-Strict_B600,T,1385197443,1344845072,180,Det/images/normal_train/00654528.png,0,02,learnable_hard,0.34266308,0.63,0.295775884,normal_replay,GapCritical-Strict
RUN_004,TRIAD_002,A01_GapCritical-Strict_B600,T,1385197443,1344845072,181,Det/images/normal_train/00248276.png,0,00,learnable_hard,0.4504818956,0.505,0.3205744351,normal_replay,GapCritical-Strict
RUN_004,TRIAD_002,A01_GapCritical-Strict_B600,T,1385197443,1344845072,182,Det/images/normal_train/00781828.png,0,02,learnable_hard,0.6083541066,0.29,0.2771529235,normal_replay,GapCritical-Strict
RUN_004,TRIAD_002,A01_GapCritical-Strict_B600,T,1385197443,1344845072,183,Det/images/normal_train/01075342.png,0,05,learnable_hard,0.4891104884,0.4,0.2871798501,normal_replay,GapCritical-Strict
RUN_004,TRIAD_002,A01_GapCritical-Strict_B600,T,1385197443,1344845072,184,Det/images/normal_train/00696202.png,0,03,learnable_hard,0.3305157813,0.665,0.2844037663,normal_replay,GapCritical-Strict
RUN_004,TRIAD_002,A01_GapCritical-Strict_B600,T,1385197443,1344845072,185,Det/images/normal_train/01058187.png,0,03,learnable_hard,0.4653572396,0.455,0.3055917567,normal_replay,GapCritical-Strict
RUN_004,TRIAD_002,A01_GapCritical-Strict_B600,T,1385197443,1344845072,186,Det/images/normal_train/01075426.png,0,05,learnable_hard,0.7626293461,0.185,0.3015558387,normal_replay,GapCritical-Strict
RUN_004,TRIAD_002,A01_GapCritical-Strict_B600,T,1385197443,1344845072,187,Det/images/normal_train/00783562.png,0,01,learnable_hard,0.4211851186,0.545,0.3114471558,normal_replay,GapCritical-Strict
RUN_004,TRIAD_002,A01_GapCritical-Strict_B600,T,1385197443,1344845072,188,Det/images/normal_train/00399383.png,0,08,learnable_hard,0.3964751468,0.605,0.2766884929,normal_replay,GapCritical-Strict
RUN_004,TRIAD_002,A01_GapCritical-Strict_B600,T,1385197443,1344845072,189,Det/images/normal_train/00488061.png,0,05,learnable_hard,0.4632236836,0.51,0.3103128044,normal_replay,GapCritical-Strict
RUN_004,TRIAD_002,A01_GapCritical-Strict_B600,T,1385197443,1344845072,190,Det/images/normal_train/00715756.png,0,09,learnable_hard,0.394845154,0.585,0.2836080144,normal_replay,GapCritical-Strict
RUN_004,TRIAD_002,A01_GapCritical-Strict_B600,T,1385197443,1344845072,191,Det/images/normal_train/00331282.png,0,02,learnable_hard,0.6112856353,0.305,0.32658131,normal_replay,GapCritical-Strict
RUN_004,TRIAD_002,A01_GapCritical-Strict_B600,T,1385197443,1344845072,192,Det/images/normal_train/00710921.png,0,01,learnable_hard,0.5498992925,0.385,0.2836975639,normal_replay,GapCritical-Strict
RUN_004,TRIAD_002,A01_GapCritical-Strict_B600,T,1385197443,1344845072,193,Det/images/normal_train/00383046.png,0,02,learnable_hard,0.5988318301,0.32,0.3191950045,normal_replay,GapCritical-Strict
RUN_004,TRIAD_002,A01_GapCritical-Strict_B600,T,1385197443,1344845072,194,Det/images/normal_train/00619250.png,0,04,learnable_hard,0.5268571068,0.385,0.3137601614,normal_replay,GapCritical-Strict
RUN_004,TRIAD_002,A01_GapCritical-Strict_B600,T,1385197443,1344845072,195,Det/images/normal_train/00877861.png,0,04,learnable_hard,0.4969013437,0.42,0.3147268683,normal_replay,GapCritical-Strict
RUN_004,TRIAD_002,A01_GapCritical-Strict_B600,T,1385197443,1344845072,196,Det/images/normal_train/01049485.png,0,08,learnable_hard,0.3829267315,0.58,0.2692759261,normal_replay,GapCritical-Strict
RUN_004,TRIAD_002,A01_GapCritical-Strict_B600,T,1385197443,1344845072,197,Det/images/normal_train/00570993.png,0,02,learnable_hard,0.7193297819,0.21,0.2821349861,normal_replay,GapCritical-Strict
RUN_004,TRIAD_002,A01_GapCritical-Strict_B600,T,1385197443,1344845072,198,Det/images/normal_train/00417103.png,0,07,learnable_hard,0.4572287254,0.51,0.3087360712,normal_replay,GapCritical-Strict
RUN_004,TRIAD_002,A01_GapCritical-Strict_B600,T,1385197443,1344845072,199,Det/images/normal_train/01063436.png,0,02,learnable_hard,0.4015341339,0.505,0.2892496805,normal_replay,GapCritical-Strict
RUN_004,TRIAD_002,A01_GapCritical-Strict_B600,T,1385197443,1344845072,200,Det/images/normal_train/00727239.png,0,04,learnable_hard,0.4182508939,0.47,0.3086445067,normal_replay,GapCritical-Strict
RUN_004,TRIAD_002,A01_GapCritical-Strict_B600,T,1385197443,1344845072,201,Det/images/normal_train/00282064.png,0,04,learnable_hard,0.5433165418,0.405,0.3390227796,normal_replay,GapCritical-Strict
RUN_004,TRIAD_002,A01_GapCritical-Strict_B600,T,1385197443,1344845072,202,Det/images/normal_train/01278273.png,0,05,learnable_hard,0.6230927027,0.405,0.3205112685,normal_replay,GapCritical-Strict
RUN_004,TRIAD_002,A01_GapCritical-Strict_B600,T,1385197443,1344845072,203,Det/images/normal_train/01262926.png,0,00,learnable_hard,0.5926658719,0.29,0.2948031194,normal_replay,GapCritical-Strict
RUN_004,TRIAD_002,A01_GapCritical-Strict_B600,T,1385197443,1344845072,204,Det/images/normal_train/00169156.png,0,06,learnable_hard,0.490907409,0.4,0.2824131711,normal_replay,GapCritical-Strict
RUN_004,TRIAD_002,A01_GapCritical-Strict_B600,T,1385197443,1344845072,205,Det/images/normal_train/00391859.png,0,02,learnable_hard,0.4706171244,0.48,0.3159141408,normal_replay,GapCritical-Strict
RUN_004,TRIAD_002,A01_GapCritical-Strict_B600,T,1385197443,1344845072,206,Det/images/normal_train/00839141.png,0,06,learnable_hard,0.409845159,0.615,0.2978589073,normal_replay,GapCritical-Strict
RUN_004,TRIAD_002,A01_GapCritical-Strict_B600,T,1385197443,1344845072,207,Det/images/normal_train/00282076.png,0,04,learnable_hard,0.7604352622,0.215,0.3238292078,normal_replay,GapCritical-Strict
RUN_004,TRIAD_002,A01_GapCritical-Strict_B600,T,1385197443,1344845072,208,Det/images/normal_train/00182423.png,0,08,learnable_hard,0.3521150292,0.625,0.2939598669,normal_replay,GapCritical-Strict
RUN_004,TRIAD_002,A01_GapCritical-Strict_B600,T,1385197443,1344845072,209,Det/images/normal_train/00426929.png,0,00,learnable_hard,0.7164720194,0.22,0.3161429652,normal_replay,GapCritical-Strict
RUN_004,TRIAD_002,A01_GapCritical-Strict_B600,T,1385197443,1344845072,210,Det/images/normal_train/01243765.png,0,00,learnable_hard,0.7435583931,0.19,0.2963247112,normal_replay,GapCritical-Strict
RUN_004,TRIAD_002,A01_GapCritical-Strict_B600,T,1385197443,1344845072,211,Det/images/normal_train/00954080.png,0,03,learnable_hard,0.3492608436,0.59,0.2840639953,normal_replay,GapCritical-Strict
RUN_004,TRIAD_002,A01_GapCritical-Strict_B600,T,1385197443,1344845072,212,Det/images/normal_train/00249032.png,0,09,learnable_hard,0.2920111032,0.7,0.291364548,normal_replay,GapCritical-Strict
RUN_004,TRIAD_002,A01_GapCritical-Strict_B600,T,1385197443,1344845072,213,Det/images/normal_train/00752788.png,0,08,learnable_hard,0.6628002113,0.31,0.3038568598,normal_replay,GapCritical-Strict
RUN_004,TRIAD_002,A01_GapCritical-Strict_B600,T,1385197443,1344845072,214,Det/images/normal_train/00541059.png,0,08,learnable_hard,0.5985211655,0.285,0.2918912292,normal_replay,GapCritical-Strict
RUN_004,TRIAD_002,A01_GapCritical-Strict_B600,T,1385197443,1344845072,215,Det/images/normal_train/00577752.png,0,05,learnable_hard,0.4813351181,0.42,0.289983118,normal_replay,GapCritical-Strict
RUN_004,TRIAD_002,A01_GapCritical-Strict_B600,T,1385197443,1344845072,216,Det/images/normal_train/00497038.png,0,01,learnable_hard,0.4617369542,0.43,0.3013934185,normal_replay,GapCritical-Strict
RUN_004,TRIAD_002,A01_GapCritical-Strict_B600,T,1385197443,1344845072,217,Det/images/normal_train/00484576.png,0,07,learnable_hard,0.4327810533,0.58,0.2804387603,normal_replay,GapCritical-Strict
RUN_004,TRIAD_002,A01_GapCritical-Strict_B600,T,1385197443,1344845072,218,Det/images/normal_train/01202671.png,0,08,learnable_hard,0.5055648817,0.32,0.3037698557,normal_replay,GapCritical-Strict
RUN_004,TRIAD_002,A01_GapCritical-Strict_B600,T,1385197443,1344845072,219,Det/images/normal_train/00595537.png,0,01,learnable_hard,0.6005417623,0.26,0.3150512098,normal_replay,GapCritical-Strict
RUN_004,TRIAD_002,A01_GapCritical-Strict_B600,T,1385197443,1344845072,220,Det/images/normal_train/00252085.png,0,08,learnable_hard,0.6771556838,0.3,0.2843846221,normal_replay,GapCritical-Strict
RUN_004,TRIAD_002,A01_GapCritical-Strict_B600,T,1385197443,1344845072,221,Det/images/normal_train/00184646.png,0,05,learnable_hard,0.3251674989,0.63,0.2850812414,normal_replay,GapCritical-Strict
RUN_004,TRIAD_002,A01_GapCritical-Strict_B600,T,1385197443,1344845072,222,Det/images/normal_train/00708058.png,0,03,learnable_hard,0.6751877503,0.21,0.297383871,normal_replay,GapCritical-Strict
RUN_004,TRIAD_002,A01_GapCritical-Strict_B600,T,1385197443,1344845072,223,Det/images/normal_train/01023837.png,0,00,learnable_hard,0.4611835585,0.505,0.3100856167,normal_replay,GapCritical-Strict
RUN_004,TRIAD_002,A01_GapCritical-Strict_B600,T,1385197443,1344845072,224,Det/images/normal_train/01278019.png,0,05,learnable_hard,0.6942989723,0.345,0.2994890657,normal_replay,GapCritical-Strict
RUN_004,TRIAD_002,A01_GapCritical-Strict_B600,T,1385197443,1344845072,225,Det/images/normal_train/00591230.png,0,07,learnable_hard,0.399594138,0.49,0.2975534189,normal_replay,GapCritical-Strict
RUN_004,TRIAD_002,A01_GapCritical-Strict_B600,T,1385197443,1344845072,226,Det/images/normal_train/00987614.png,0,05,learnable_hard,0.7661845435,0.16,0.2878554469,normal_replay,GapCritical-Strict
RUN_004,TRIAD_002,A01_GapCritical-Strict_B600,T,1385197443,1344845072,227,Det/images/normal_train/01283517.png,0,06,learnable_hard,0.3732034182,0.555,0.3031599573,normal_replay,GapCritical-Strict
RUN_004,TRIAD_002,A01_GapCritical-Strict_B600,T,1385197443,1344845072,228,Det/images/normal_train/00872090.png,0,03,learnable_hard,0.6730594527,0.225,0.2848607797,normal_replay,GapCritical-Strict
RUN_004,TRIAD_002,A01_GapCritical-Strict_B600,T,1385197443,1344845072,229,Det/images/normal_train/00875513.png,0,06,learnable_hard,0.3951013059,0.555,0.3223591965,normal_replay,GapCritical-Strict
RUN_004,TRIAD_002,A01_GapCritical-Strict_B600,T,1385197443,1344845072,230,Det/images/normal_train/00388276.png,0,00,learnable_hard,0.6351687076,0.315,0.3017308412,normal_replay,GapCritical-Strict
RUN_004,TRIAD_002,A01_GapCritical-Strict_B600,T,1385197443,1344845072,231,Det/images/normal_train/00252064.png,0,08,learnable_hard,0.5868243861,0.325,0.2990982372,normal_replay,GapCritical-Strict
RUN_004,TRIAD_002,A01_GapCritical-Strict_B600,T,1385197443,1344845072,232,Det/images/normal_train/00511269.png,0,02,learnable_hard,0.6273807411,0.305,0.2857872455,normal_replay,GapCritical-Strict
RUN_004,TRIAD_002,A01_GapCritical-Strict_B600,T,1385197443,1344845072,233,Det/images/normal_train/00362827.png,0,08,learnable_hard,0.4051864266,0.47,0.2700696974,normal_replay,GapCritical-Strict
RUN_004,TRIAD_002,A01_GapCritical-Strict_B600,T,1385197443,1344845072,234,Det/images/normal_train/00518879.png,0,09,learnable_hard,0.3988966039,0.57,0.2718531991,normal_replay,GapCritical-Strict
RUN_004,TRIAD_002,A01_GapCritical-Strict_B600,T,1385197443,1344845072,235,Det/images/normal_train/00920456.png,0,09,learnable_hard,0.390024425,0.595,0.2863457681,normal_replay,GapCritical-Strict
RUN_004,TRIAD_002,A01_GapCritical-Strict_B600,T,1385197443,1344845072,236,Det/images/normal_train/00522012.png,0,07,learnable_hard,0.3697409876,0.58,0.3018390776,normal_replay,GapCritical-Strict
RUN_004,TRIAD_002,A01_GapCritical-Strict_B600,T,1385197443,1344845072,237,Det/images/normal_train/00542019.png,0,04,learnable_hard,0.489056939,0.365,0.3023677984,normal_replay,GapCritical-Strict
RUN_004,TRIAD_002,A01_GapCritical-Strict_B600,T,1385197443,1344845072,238,Det/images/normal_train/00420900.png,0,05,learnable_hard,0.3632061456,0.645,0.324503681,normal_replay,GapCritical-Strict
RUN_004,TRIAD_002,A01_GapCritical-Strict_B600,T,1385197443,1344845072,239,Det/images/normal_train/00183085.png,0,09,learnable_hard,0.3839934439,0.56,0.2847409375,normal_replay,GapCritical-Strict
RUN_004,TRIAD_002,A01_GapCritical-Strict_B600,T,1385197443,1344845072,240,Det/images/normal_train/00988273.png,0,07,learnable_hard,0.4988712281,0.41,0.2857780944,normal_replay,GapCritical-Strict
RUN_004,TRIAD_002,A01_GapCritical-Strict_B600,T,1385197443,1344845072,241,Det/images/normal_train/00590002.png,0,04,learnable_hard,0.5088944578,0.4,0.2926013514,normal_replay,GapCritical-Strict
RUN_004,TRIAD_002,A01_GapCritical-Strict_B600,T,1385197443,1344845072,242,Det/images/normal_train/00970656.png,0,05,learnable_hard,0.3902952877,0.595,0.3001906317,normal_replay,GapCritical-Strict
RUN_004,TRIAD_002,A01_GapCritical-Strict_B600,T,1385197443,1344845072,243,Det/images/normal_train/00829301.png,0,09,learnable_hard,0.4580953224,0.505,0.3407089711,normal_replay,GapCritical-Strict
RUN_004,TRIAD_002,A01_GapCritical-Strict_B600,T,1385197443,1344845072,244,Det/images/normal_train/00876003.png,0,04,learnable_hard,0.5477941026,0.325,0.3004392205,normal_replay,GapCritical-Strict
RUN_004,TRIAD_002,A01_GapCritical-Strict_B600,T,1385197443,1344845072,245,Det/images/normal_train/00796488.png,0,04,learnable_hard,0.3457508073,0.64,0.297881158,normal_replay,GapCritical-Strict
RUN_004,TRIAD_002,A01_GapCritical-Strict_B600,T,1385197443,1344845072,246,Det/images/normal_train/01199402.png,0,03,learnable_hard,0.6841716989,0.26,0.3228897207,normal_replay,GapCritical-Strict
RUN_004,TRIAD_002,A01_GapCritical-Strict_B600,T,1385197443,1344845072,247,Det/images/normal_train/00260553.png,0,09,learnable_hard,0.3958155758,0.52,0.3033464466,normal_replay,GapCritical-Strict
RUN_004,TRIAD_002,A01_GapCritical-Strict_B600,T,1385197443,1344845072,248,Det/images/normal_train/01000733.png,0,04,learnable_hard,0.545876212,0.36,0.296436735,normal_replay,GapCritical-Strict
RUN_004,TRIAD_002,A01_GapCritical-Strict_B600,T,1385197443,1344845072,249,Det/images/normal_train/00737784.png,0,02,learnable_hard,0.7137874377,0.175,0.2994667267,normal_replay,GapCritical-Strict
RUN_004,TRIAD_002,A01_GapCritical-Strict_B600,T,1385197443,1344845072,250,Det/images/normal_train/00804883.png,0,09,learnable_hard,0.5751213605,0.395,0.2869706058,normal_replay,GapCritical-Strict
RUN_004,TRIAD_002,A01_GapCritical-Strict_B600,T,1385197443,1344845072,251,Det/images/normal_train/00547891.png,0,05,learnable_hard,0.4448795421,0.44,0.2813299325,normal_replay,GapCritical-Strict
RUN_004,TRIAD_002,A01_GapCritical-Strict_B600,T,1385197443,1344845072,252,Det/images/normal_train/00396828.png,0,05,learnable_hard,0.5971590709,0.26,0.2810039165,normal_replay,GapCritical-Strict
RUN_004,TRIAD_002,A01_GapCritical-Strict_B600,T,1385197443,1344845072,253,Det/images/normal_train/00839442.png,0,06,learnable_hard,0.4220201593,0.485,0.2875131734,normal_replay,GapCritical-Strict
RUN_004,TRIAD_002,A01_GapCritical-Strict_B600,T,1385197443,1344845072,254,Det/images/normal_train/00529011.png,0,03,learnable_hard,0.606172345,0.255,0.2829921463,normal_replay,GapCritical-Strict
RUN_004,TRIAD_002,A01_GapCritical-Strict_B600,T,1385197443,1344845072,255,Det/images/normal_train/00329779.png,0,03,learnable_hard,0.5101092955,0.32,0.2754958211,normal_replay,GapCritical-Strict
RUN_004,TRIAD_002,A01_GapCritical-Strict_B600,T,1385197443,1344845072,256,Det/images/normal_train/00925359.png,0,09,learnable_hard,0.493021828,0.41,0.3067527583,normal_replay,GapCritical-Strict
RUN_004,TRIAD_002,A01_GapCritical-Strict_B600,T,1385197443,1344845072,257,Det/images/normal_train/00364393.png,0,08,learnable_hard,0.619909905,0.225,0.293716909,normal_replay,GapCritical-Strict
RUN_004,TRIAD_002,A01_GapCritical-Strict_B600,T,1385197443,1344845072,258,Det/images/normal_train/01275114.png,0,06,learnable_hard,0.6871232846,0.19,0.2800549475,normal_replay,GapCritical-Strict
RUN_004,TRIAD_002,A01_GapCritical-Strict_B600,T,1385197443,1344845072,259,Det/images/normal_train/00762889.png,0,06,learnable_hard,0.3716320924,0.71,0.2728271165,normal_replay,GapCritical-Strict
RUN_004,TRIAD_002,A01_GapCritical-Strict_B600,T,1385197443,1344845072,260,Det/images/normal_train/00559854.png,0,03,learnable_hard,0.4828945964,0.46,0.2886687408,normal_replay,GapCritical-Strict
RUN_004,TRIAD_002,A01_GapCritical-Strict_B600,T,1385197443,1344845072,261,Det/images/normal_train/00603406.png,0,09,learnable_hard,0.5109495914,0.455,0.2719260818,normal_replay,GapCritical-Strict
RUN_004,TRIAD_002,A01_GapCritical-Strict_B600,T,1385197443,1344845072,262,Det/images/normal_train/01199289.png,0,03,learnable_hard,0.6879384205,0.275,0.3170448699,normal_replay,GapCritical-Strict
RUN_004,TRIAD_002,A01_GapCritical-Strict_B600,T,1385197443,1344845072,263,Det/images/normal_train/01006003.png,0,05,learnable_hard,0.6550760463,0.28,0.2830252171,normal_replay,GapCritical-Strict
RUN_004,TRIAD_002,A01_GapCritical-Strict_B600,T,1385197443,1344845072,264,Det/images/normal_train/00405965.png,0,05,learnable_hard,0.3935147076,0.56,0.3279398557,normal_replay,GapCritical-Strict
RUN_004,TRIAD_002,A01_GapCritical-Strict_B600,T,1385197443,1344845072,265,Det/images/normal_train/00915241.png,0,09,learnable_hard,0.5674868639,0.335,0.2644797909,normal_replay,GapCritical-Strict
RUN_004,TRIAD_002,A01_GapCritical-Strict_B600,T,1385197443,1344845072,266,Det/images/normal_train/00924645.png,0,07,learnable_hard,0.3809706751,0.575,0.281075364,normal_replay,GapCritical-Strict
RUN_004,TRIAD_002,A01_GapCritical-Strict_B600,T,1385197443,1344845072,267,Det/images/normal_train/00843324.png,0,06,learnable_hard,0.4542129092,0.51,0.3152055439,normal_replay,GapCritical-Strict
RUN_004,TRIAD_002,A01_GapCritical-Strict_B600,T,1385197443,1344845072,268,Det/images/normal_train/00704495.png,0,06,learnable_hard,0.4429367411,0.49,0.2890282207,normal_replay,GapCritical-Strict
RUN_004,TRIAD_002,A01_GapCritical-Strict_B600,T,1385197443,1344845072,269,Det/images/normal_train/01279777.png,0,06,learnable_hard,0.5666753057,0.34,0.2690776328,normal_replay,GapCritical-Strict
RUN_004,TRIAD_002,A01_GapCritical-Strict_B600,T,1385197443,1344845072,270,Det/images/normal_train/00698710.png,0,08,learnable_hard,0.2405944563,0.78,0.279616599,normal_replay,GapCritical-Strict
RUN_004,TRIAD_002,A01_GapCritical-Strict_B600,T,1385197443,1344845072,271,Det/images/normal_train/00944980.png,0,05,learnable_hard,0.4130531679,0.54,0.2726747596,normal_replay,GapCritical-Strict
RUN_004,TRIAD_002,A01_GapCritical-Strict_B600,T,1385197443,1344845072,272,Det/images/normal_train/00591231.png,0,07,learnable_hard,0.3839173506,0.53,0.2829272435,normal_replay,GapCritical-Strict
RUN_004,TRIAD_002,A01_GapCritical-Strict_B600,T,1385197443,1344845072,273,Det/images/normal_train/00933057.png,0,03,learnable_hard,0.413091701,0.63,0.3115783495,normal_replay,GapCritical-Strict
RUN_004,TRIAD_002,A01_GapCritical-Strict_B600,T,1385197443,1344845072,274,Det/images/normal_train/00584009.png,0,05,learnable_hard,0.2649344612,0.7,0.2947321623,normal_replay,GapCritical-Strict
RUN_004,TRIAD_002,A01_GapCritical-Strict_B600,T,1385197443,1344845072,275,Det/images/normal_train/00427007.png,0,04,learnable_hard,0.3757075034,0.595,0.3119501704,normal_replay,GapCritical-Strict
RUN_004,TRIAD_002,A01_GapCritical-Strict_B600,T,1385197443,1344845072,276,Det/images/normal_train/00948742.png,0,07,learnable_hard,0.4382485014,0.505,0.2562324248,normal_replay,GapCritical-Strict
RUN_004,TRIAD_002,A01_GapCritical-Strict_B600,T,1385197443,1344845072,277,Det/images/normal_train/00673422.png,0,02,learnable_hard,0.5235602473,0.395,0.2787471934,normal_replay,GapCritical-Strict
RUN_004,TRIAD_002,A01_GapCritical-Strict_B600,T,1385197443,1344845072,278,Det/images/normal_train/00923255.png,0,08,learnable_hard,0.483288178,0.425,0.2680199635,normal_replay,GapCritical-Strict
RUN_004,TRIAD_002,A01_GapCritical-Strict_B600,T,1385197443,1344845072,279,Det/images/normal_train/00170831.png,0,03,learnable_hard,0.6185433236,0.245,0.290358594,normal_replay,GapCritical-Strict
RUN_004,TRIAD_002,A01_GapCritical-Strict_B600,T,1385197443,1344845072,280,Det/images/normal_train/01162946.png,0,06,learnable_hard,0.4572544518,0.405,0.2867095255,normal_replay,GapCritical-Strict
RUN_004,TRIAD_002,A01_GapCritical-Strict_B600,T,1385197443,1344845072,281,Det/images/normal_train/00707710.png,0,07,learnable_hard,0.3897504694,0.49,0.2879917859,normal_replay,GapCritical-Strict
RUN_004,TRIAD_002,A01_GapCritical-Strict_B600,T,1385197443,1344845072,282,Det/images/normal_train/01067097.png,0,09,learnable_hard,0.3980874317,0.52,0.2898217695,normal_replay,GapCritical-Strict
RUN_004,TRIAD_002,A01_GapCritical-Strict_B600,T,1385197443,1344845072,283,Det/images/normal_train/00395140.png,0,05,learnable_hard,0.4006386865,0.54,0.2873328883,normal_replay,GapCritical-Strict
RUN_004,TRIAD_002,A01_GapCritical-Strict_B600,T,1385197443,1344845072,284,Det/images/normal_train/00969009.png,0,04,learnable_hard,0.5866888825,0.34,0.2738684908,normal_replay,GapCritical-Strict
RUN_004,TRIAD_002,A01_GapCritical-Strict_B600,T,1385197443,1344845072,285,Det/images/normal_train/00458440.png,0,05,learnable_hard,0.6538240581,0.22,0.2664717016,normal_replay,GapCritical-Strict
RUN_004,TRIAD_002,A01_GapCritical-Strict_B600,T,1385197443,1344845072,286,Det/images/normal_train/00153844.png,0,00,learnable_hard,0.4421467675,0.475,0.2894479808,normal_replay,GapCritical-Strict
RUN_004,TRIAD_002,A01_GapCritical-Strict_B600,T,1385197443,1344845072,287,Det/images/normal_train/00865760.png,0,05,learnable_hard,0.484971633,0.505,0.2632608422,normal_replay,GapCritical-Strict
RUN_004,TRIAD_002,A01_GapCritical-Strict_B600,T,1385197443,1344845072,288,Det/images/normal_train/00928420.png,0,03,learnable_hard,0.3773097719,0.575,0.26152656,normal_replay,GapCritical-Strict
RUN_004,TRIAD_002,A01_GapCritical-Strict_B600,T,1385197443,1344845072,289,Det/images/normal_train/01200357.png,0,04,learnable_hard,0.6707333976,0.23,0.270496525,normal_replay,GapCritical-Strict
RUN_004,TRIAD_002,A01_GapCritical-Strict_B600,T,1385197443,1344845072,290,Det/images/normal_train/00954592.png,0,03,learnable_hard,0.3523055855,0.68,0.273309141,normal_replay,GapCritical-Strict
RUN_004,TRIAD_002,A01_GapCritical-Strict_B600,T,1385197443,1344845072,291,Det/images/normal_train/00872815.png,0,03,learnable_hard,0.4135597654,0.545,0.2856285171,normal_replay,GapCritical-Strict
RUN_004,TRIAD_002,A01_GapCritical-Strict_B600,T,1385197443,1344845072,292,Det/images/normal_train/00577909.png,0,05,learnable_hard,0.4463461491,0.51,0.310531324,normal_replay,GapCritical-Strict
RUN_004,TRIAD_002,A01_GapCritical-Strict_B600,T,1385197443,1344845072,293,Det/images/normal_train/00353258.png,0,02,learnable_hard,0.4787239171,0.385,0.2959498857,normal_replay,GapCritical-Strict
RUN_004,TRIAD_002,A01_GapCritical-Strict_B600,T,1385197443,1344845072,294,Det/images/normal_train/00593317.png,0,03,learnable_hard,0.3785999189,0.51,0.2965441599,normal_replay,GapCritical-Strict
RUN_004,TRIAD_002,A01_GapCritical-Strict_B600,T,1385197443,1344845072,295,Det/images/normal_train/00355474.png,0,01,learnable_hard,0.4734564191,0.335,0.3182119011,normal_replay,GapCritical-Strict
RUN_004,TRIAD_002,A01_GapCritical-Strict_B600,T,1385197443,1344845072,296,Det/images/normal_train/00840310.png,0,00,learnable_hard,0.5067248803,0.47,0.2755404931,normal_replay,GapCritical-Strict
RUN_004,TRIAD_002,A01_GapCritical-Strict_B600,T,1385197443,1344845072,297,Det/images/normal_train/00456537.png,0,06,learnable_hard,0.721354077,0.22,0.3313644556,normal_replay,GapCritical-Strict
RUN_004,TRIAD_002,A01_GapCritical-Strict_B600,T,1385197443,1344845072,298,Det/images/normal_train/00301574.png,0,05,learnable_hard,0.3498274697,0.59,0.2987431977,normal_replay,GapCritical-Strict
RUN_004,TRIAD_002,A01_GapCritical-Strict_B600,T,1385197443,1344845072,299,Det/images/normal_train/01267867.png,0,04,learnable_hard,0.4046196873,0.595,0.303473718,normal_replay,GapCritical-Strict
RUN_004,TRIAD_002,A01_GapCritical-Strict_B600,T,1385197443,1344845072,300,Det/images/normal_train/01157461.png,0,06,learnable_hard,0.4280895268,0.455,0.2950928682,normal_replay,GapCritical-Strict
RUN_004,TRIAD_002,A01_GapCritical-Strict_B600,T,1385197443,1344845072,301,Det/images/normal_train/00392524.png,0,08,learnable_hard,0.3757442033,0.6,0.2778287254,normal_replay,GapCritical-Strict
RUN_004,TRIAD_002,A01_GapCritical-Strict_B600,T,1385197443,1344845072,302,Det/images/normal_train/00882986.png,0,03,learnable_hard,0.4477879082,0.425,0.2593386668,normal_replay,GapCritical-Strict
RUN_004,TRIAD_002,A01_GapCritical-Strict_B600,T,1385197443,1344845072,303,Det/images/normal_train/01066139.png,0,00,learnable_hard,0.5029259667,0.35,0.312282484,normal_replay,GapCritical-Strict
RUN_004,TRIAD_002,A01_GapCritical-Strict_B600,T,1385197443,1344845072,304,Det/images/normal_train/01012073.png,0,00,learnable_hard,0.2279038842,0.75,0.2865857072,normal_replay,GapCritical-Strict
RUN_004,TRIAD_002,A01_GapCritical-Strict_B600,T,1385197443,1344845072,305,Det/images/normal_train/00586338.png,0,01,learnable_hard,0.3671564621,0.695,0.2496573422,normal_replay,GapCritical-Strict
RUN_004,TRIAD_002,A01_GapCritical-Strict_B600,T,1385197443,1344845072,306,Det/images/normal_train/00191589.png,0,08,learnable_hard,0.3502315089,0.69,0.2576174145,normal_replay,GapCritical-Strict
RUN_004,TRIAD_002,A01_GapCritical-Strict_B600,T,1385197443,1344845072,307,Det/images/normal_train/00540897.png,0,05,learnable_hard,0.8060214634,0.155,0.2902484446,normal_replay,GapCritical-Strict
RUN_004,TRIAD_002,A01_GapCritical-Strict_B600,T,1385197443,1344845072,308,Det/images/normal_train/00231806.png,0,08,learnable_hard,0.3024388854,0.75,0.2564465533,normal_replay,GapCritical-Strict
RUN_004,TRIAD_002,A01_GapCritical-Strict_B600,T,1385197443,1344845072,309,Det/images/normal_train/01096088.png,0,06,learnable_hard,0.3769487245,0.67,0.2689272247,normal_replay,GapCritical-Strict
RUN_004,TRIAD_002,A01_GapCritical-Strict_B600,T,1385197443,1344845072,310,Det/images/normal_train/01193279.png,0,01,learnable_hard,0.3068764125,0.625,0.2818776637,normal_replay,GapCritical-Strict
RUN_004,TRIAD_002,A01_GapCritical-Strict_B600,T,1385197443,1344845072,311,Det/images/normal_train/00476358.png,0,09,learnable_hard,0.3584020707,0.625,0.2888179356,normal_replay,GapCritical-Strict
RUN_004,TRIAD_002,A01_GapCritical-Strict_B600,T,1385197443,1344845072,312,Det/images/normal_train/00219620.png,0,09,learnable_hard,0.4636727049,0.39,0.2698264558,normal_replay,GapCritical-Strict
RUN_004,TRIAD_002,A01_GapCritical-Strict_B600,T,1385197443,1344845072,313,Det/images/normal_train/01001416.png,0,05,learnable_hard,0.6105290823,0.25,0.2689815795,normal_replay,GapCritical-Strict
RUN_004,TRIAD_002,A01_GapCritical-Strict_B600,T,1385197443,1344845072,314,Det/images/normal_train/00636744.png,0,08,learnable_hard,0.5761480948,0.225,0.2538149521,normal_replay,GapCritical-Strict
RUN_004,TRIAD_002,A01_GapCritical-Strict_B600,T,1385197443,1344845072,315,Det/images/normal_train/00939880.png,0,08,learnable_hard,0.4849243821,0.425,0.3171736228,normal_replay,GapCritical-Strict
RUN_004,TRIAD_002,A01_GapCritical-Strict_B600,T,1385197443,1344845072,316,Det/images/normal_train/00188050.png,0,06,learnable_hard,0.3677509684,0.585,0.2878530436,normal_replay,GapCritical-Strict
RUN_004,TRIAD_002,A01_GapCritical-Strict_B600,T,1385197443,1344845072,317,Det/images/normal_train/00678095.png,0,06,learnable_hard,0.3338109111,0.625,0.3119613166,normal_replay,GapCritical-Strict
RUN_004,TRIAD_002,A01_GapCritical-Strict_B600,T,1385197443,1344845072,318,Det/images/normal_train/00374212.png,0,06,learnable_hard,0.2790113237,0.715,0.2819712366,normal_replay,GapCritical-Strict
RUN_004,TRIAD_002,A01_GapCritical-Strict_B600,T,1385197443,1344845072,319,Det/images/normal_train/00955648.png,0,02,learnable_hard,0.4581997174,0.54,0.281308033,normal_replay,GapCritical-Strict
RUN_004,TRIAD_002,A01_GapCritical-Strict_B600,T,1385197443,1344845072,320,Det/images/normal_train/01105767.png,0,05,learnable_hard,0.2767931618,0.69,0.2904593025,normal_replay,GapCritical-Strict
RUN_004,TRIAD_002,A01_GapCritical-Strict_B600,T,1385197443,1344845072,321,Det/images/normal_train/00625759.png,0,08,learnable_hard,0.711068657,0.19,0.2589740366,normal_replay,GapCritical-Strict
RUN_004,TRIAD_002,A01_GapCritical-Strict_B600,T,1385197443,1344845072,322,Det/images/normal_train/00366430.png,0,02,learnable_hard,0.6330439139,0.29,0.2808742759,normal_replay,GapCritical-Strict
RUN_004,TRIAD_002,A01_GapCritical-Strict_B600,T,1385197443,1344845072,323,Det/images/normal_train/01174377.png,0,01,learnable_hard,0.4071472284,0.58,0.2711385745,normal_replay,GapCritical-Strict
RUN_004,TRIAD_002,A01_GapCritical-Strict_B600,T,1385197443,1344845072,324,Det/images/normal_train/00917123.png,0,08,learnable_hard,0.4417564494,0.41,0.2650524007,normal_replay,GapCritical-Strict
RUN_004,TRIAD_002,A01_GapCritical-Strict_B600,T,1385197443,1344845072,325,Det/images/normal_train/00700783.png,0,09,learnable_hard,0.400373706,0.595,0.2694127544,normal_replay,GapCritical-Strict
RUN_004,TRIAD_002,A01_GapCritical-Strict_B600,T,1385197443,1344845072,326,Det/images/normal_train/01250976.png,0,01,learnable_hard,0.5304372588,0.37,0.2835378219,normal_replay,GapCritical-Strict
RUN_004,TRIAD_002,A01_GapCritical-Strict_B600,T,1385197443,1344845072,327,Det/images/normal_train/00282071.png,0,04,learnable_hard,0.4657827978,0.415,0.3223993121,normal_replay,GapCritical-Strict
RUN_004,TRIAD_002,A01_GapCritical-Strict_B600,T,1385197443,1344845072,328,Det/images/normal_train/00893599.png,0,02,learnable_hard,0.3828412449,0.56,0.2723015329,normal_replay,GapCritical-Strict
RUN_004,TRIAD_002,A01_GapCritical-Strict_B600,T,1385197443,1344845072,329,Det/images/normal_train/00975524.png,0,02,learnable_hard,0.6186069434,0.245,0.2692148418,normal_replay,GapCritical-Strict
RUN_004,TRIAD_002,A01_GapCritical-Strict_B600,T,1385197443,1344845072,330,Det/images/normal_train/00366516.png,0,02,learnable_hard,0.3851142947,0.56,0.2804548862,normal_replay,GapCritical-Strict
RUN_004,TRIAD_002,A01_GapCritical-Strict_B600,T,1385197443,1344845072,331,Det/images/normal_train/00736835.png,0,07,learnable_hard,0.3988502391,0.55,0.2718564631,normal_replay,GapCritical-Strict
RUN_004,TRIAD_002,A01_GapCritical-Strict_B600,T,1385197443,1344845072,332,Det/images/normal_train/00426984.png,0,00,learnable_hard,0.432192048,0.53,0.3000420685,normal_replay,GapCritical-Strict
RUN_004,TRIAD_002,A01_GapCritical-Strict_B600,T,1385197443,1344845072,333,Det/images/normal_train/01124712.png,0,08,learnable_hard,0.4285069183,0.455,0.2533324516,normal_replay,GapCritical-Strict
RUN_004,TRIAD_002,A01_GapCritical-Strict_B600,T,1385197443,1344845072,334,Det/images/normal_train/00868103.png,0,09,learnable_hard,0.4042791987,0.49,0.3221729809,normal_replay,GapCritical-Strict
RUN_004,TRIAD_002,A01_GapCritical-Strict_B600,T,1385197443,1344845072,335,Det/images/normal_train/00938526.png,0,08,learnable_hard,0.3201644078,0.645,0.2847730113,normal_replay,GapCritical-Strict
RUN_004,TRIAD_002,A01_GapCritical-Strict_B600,T,1385197443,1344845072,336,Det/images/normal_train/00625694.png,0,08,learnable_hard,0.6149677732,0.285,0.2649887892,normal_replay,GapCritical-Strict
RUN_004,TRIAD_002,A01_GapCritical-Strict_B600,T,1385197443,1344845072,337,Det/images/normal_train/00672501.png,0,09,learnable_hard,0.6870496657,0.26,0.2715603635,normal_replay,GapCritical-Strict
RUN_004,TRIAD_002,A01_GapCritical-Strict_B600,T,1385197443,1344845072,338,Det/images/normal_train/00184817.png,0,05,learnable_hard,0.2979172836,0.68,0.2683552881,normal_replay,GapCritical-Strict
RUN_004,TRIAD_002,A01_GapCritical-Strict_B600,T,1385197443,1344845072,339,Det/images/normal_train/00741602.png,0,07,learnable_hard,0.3637699902,0.6,0.2894144749,normal_replay,GapCritical-Strict
RUN_004,TRIAD_002,A01_GapCritical-Strict_B600,T,1385197443,1344845072,340,Det/images/normal_train/00268610.png,0,03,learnable_hard,0.6864891902,0.2,0.2830936661,normal_replay,GapCritical-Strict
RUN_004,TRIAD_002,A01_GapCritical-Strict_B600,T,1385197443,1344845072,341,Det/images/normal_train/01004792.png,0,07,learnable_hard,0.7648911623,0.18,0.2659942832,normal_replay,GapCritical-Strict
RUN_004,TRIAD_002,A01_GapCritical-Strict_B600,T,1385197443,1344845072,342,Det/images/normal_train/01092752.png,0,03,learnable_hard,0.338401032,0.61,0.2854838125,normal_replay,GapCritical-Strict
RUN_004,TRIAD_002,A01_GapCritical-Strict_B600,T,1385197443,1344845072,343,Det/images/normal_train/01124095.png,0,08,learnable_hard,0.3255968851,0.68,0.2617185121,normal_replay,GapCritical-Strict
RUN_004,TRIAD_002,A01_GapCritical-Strict_B600,T,1385197443,1344845072,344,Det/images/normal_train/00400047.png,0,04,learnable_hard,0.265947169,0.735,0.2770882879,normal_replay,GapCritical-Strict
RUN_004,TRIAD_002,A01_GapCritical-Strict_B600,T,1385197443,1344845072,345,Det/images/normal_train/00870659.png,0,08,learnable_hard,0.4711781246,0.485,0.275550303,normal_replay,GapCritical-Strict
RUN_004,TRIAD_002,A01_GapCritical-Strict_B600,T,1385197443,1344845072,346,Det/images/normal_train/00237601.png,0,06,learnable_hard,0.5520725268,0.395,0.3132472756,normal_replay,GapCritical-Strict
RUN_004,TRIAD_002,A01_GapCritical-Strict_B600,T,1385197443,1344845072,347,Det/images/normal_train/00365489.png,0,00,learnable_hard,0.420213065,0.535,0.2907193068,normal_replay,GapCritical-Strict
RUN_004,TRIAD_002,A01_GapCritical-Strict_B600,T,1385197443,1344845072,348,Det/images/normal_train/00292945.png,0,00,learnable_hard,0.6697285932,0.27,0.2826282116,normal_replay,GapCritical-Strict
RUN_004,TRIAD_002,A01_GapCritical-Strict_B600,T,1385197443,1344845072,349,Det/images/normal_train/00384420.png,0,08,learnable_hard,0.295217802,0.685,0.2715367635,normal_replay,GapCritical-Strict
RUN_004,TRIAD_002,A01_GapCritical-Strict_B600,T,1385197443,1344845072,350,Det/images/normal_train/00414246.png,0,05,learnable_hard,0.3991347261,0.46,0.2959093993,normal_replay,GapCritical-Strict
RUN_004,TRIAD_002,A01_GapCritical-Strict_B600,T,1385197443,1344845072,351,Det/images/normal_train/00783052.png,0,01,learnable_hard,0.3778218821,0.645,0.2623084702,normal_replay,GapCritical-Strict
RUN_004,TRIAD_002,A01_GapCritical-Strict_B600,T,1385197443,1344845072,352,Det/images/normal_train/01037989.png,0,03,learnable_hard,0.4164824297,0.515,0.3025996612,normal_replay,GapCritical-Strict
RUN_004,TRIAD_002,A01_GapCritical-Strict_B600,T,1385197443,1344845072,353,Det/images/normal_train/00829299.png,0,09,learnable_hard,0.667066031,0.255,0.3049705756,normal_replay,GapCritical-Strict
RUN_004,TRIAD_002,A01_GapCritical-Strict_B600,T,1385197443,1344845072,354,Det/images/normal_train/00990256.png,0,03,learnable_hard,0.5598086532,0.305,0.2645761473,normal_replay,GapCritical-Strict
RUN_004,TRIAD_002,A01_GapCritical-Strict_B600,T,1385197443,1344845072,355,Det/images/normal_train/00687111.png,0,01,learnable_hard,0.3355295223,0.735,0.2317873978,normal_replay,GapCritical-Strict
RUN_004,TRIAD_002,A01_GapCritical-Strict_B600,T,1385197443,1344845072,356,Det/images/normal_train/00355422.png,0,01,learnable_hard,0.803351034,0.145,0.3013915869,normal_replay,GapCritical-Strict
RUN_004,TRIAD_002,A01_GapCritical-Strict_B600,T,1385197443,1344845072,357,Det/images/normal_train/01168917.png,0,02,learnable_hard,0.5078811384,0.345,0.2676107853,normal_replay,GapCritical-Strict
RUN_004,TRIAD_002,A01_GapCritical-Strict_B600,T,1385197443,1344845072,358,Det/images/normal_train/00532427.png,0,07,learnable_hard,0.3288765496,0.61,0.302384969,normal_replay,GapCritical-Strict
RUN_004,TRIAD_002,A01_GapCritical-Strict_B600,T,1385197443,1344845072,359,Det/images/normal_train/01288525.png,0,07,learnable_hard,0.3034892175,0.65,0.3142359345,normal_replay,GapCritical-Strict
RUN_004,TRIAD_002,A01_GapCritical-Strict_B600,T,1385197443,1344845072,360,Det/images/normal_train/00919656.png,0,04,learnable_hard,0.6106105976,0.32,0.2667016187,normal_replay,GapCritical-Strict
RUN_004,TRIAD_002,A01_GapCritical-Strict_B600,T,1385197443,1344845072,361,Det/images/normal_train/00975112.png,0,02,learnable_hard,0.4277016125,0.465,0.2702488164,normal_replay,GapCritical-Strict
RUN_004,TRIAD_002,A01_GapCritical-Strict_B600,T,1385197443,1344845072,362,Det/images/normal_train/00559094.png,0,03,learnable_hard,0.3356281011,0.58,0.3096613853,normal_replay,GapCritical-Strict
RUN_004,TRIAD_002,A01_GapCritical-Strict_B600,T,1385197443,1344845072,363,Det/images/normal_train/01189827.png,0,05,learnable_hard,0.4643338299,0.335,0.2752820622,normal_replay,GapCritical-Strict
RUN_004,TRIAD_002,A01_GapCritical-Strict_B600,T,1385197443,1344845072,364,Det/images/normal_train/00245261.png,0,08,learnable_hard,0.7327644281,0.21,0.2649503731,normal_replay,GapCritical-Strict
RUN_004,TRIAD_002,A01_GapCritical-Strict_B600,T,1385197443,1344845072,365,Det/images/normal_train/00786132.png,0,03,learnable_hard,0.5403422332,0.47,0.285511595,normal_replay,GapCritical-Strict
RUN_004,TRIAD_002,A01_GapCritical-Strict_B600,T,1385197443,1344845072,366,Det/images/normal_train/00282374.png,0,04,learnable_hard,0.3917674049,0.53,0.267543388,normal_replay,GapCritical-Strict
RUN_004,TRIAD_002,A01_GapCritical-Strict_B600,T,1385197443,1344845072,367,Det/images/normal_train/00337473.png,0,07,learnable_hard,0.5701352926,0.365,0.2778514741,normal_replay,GapCritical-Strict
RUN_004,TRIAD_002,A01_GapCritical-Strict_B600,T,1385197443,1344845072,368,Det/images/normal_train/01199132.png,0,03,learnable_hard,0.2774517553,0.655,0.2903776464,normal_replay,GapCritical-Strict
RUN_004,TRIAD_002,A01_GapCritical-Strict_B600,T,1385197443,1344845072,369,Det/images/normal_train/00590171.png,0,04,learnable_hard,0.4767488515,0.415,0.3127554048,normal_replay,GapCritical-Strict
RUN_004,TRIAD_002,A01_GapCritical-Strict_B600,T,1385197443,1344845072,370,Det/images/normal_train/01180569.png,0,04,learnable_hard,0.5350745627,0.39,0.2802997093,normal_replay,GapCritical-Strict
RUN_004,TRIAD_002,A01_GapCritical-Strict_B600,T,1385197443,1344845072,371,Det/images/normal_train/00497472.png,0,01,learnable_hard,0.364309656,0.575,0.2942837321,normal_replay,GapCritical-Strict
RUN_004,TRIAD_002,A01_GapCritical-Strict_B600,T,1385197443,1344845072,372,Det/images/normal_train/01284358.png,0,00,learnable_hard,0.6996666618,0.175,0.2683676294,normal_replay,GapCritical-Strict
RUN_004,TRIAD_002,A01_GapCritical-Strict_B600,T,1385197443,1344845072,373,Det/images/normal_train/01281714.png,0,05,learnable_hard,0.3553028037,0.6,0.264539613,normal_replay,GapCritical-Strict
RUN_004,TRIAD_002,A01_GapCritical-Strict_B600,T,1385197443,1344845072,374,Det/images/normal_train/00925200.png,0,09,learnable_hard,0.4368744297,0.465,0.2744849046,normal_replay,GapCritical-Strict
RUN_004,TRIAD_002,A01_GapCritical-Strict_B600,T,1385197443,1344845072,375,Det/images/normal_train/00758771.png,0,04,learnable_hard,0.4825800546,0.475,0.2880706221,normal_replay,GapCritical-Strict
RUN_004,TRIAD_002,A01_GapCritical-Strict_B600,T,1385197443,1344845072,376,Det/images/normal_train/00191166.png,0,08,learnable_hard,0.6782851337,0.255,0.2739957389,normal_replay,GapCritical-Strict
RUN_004,TRIAD_002,A01_GapCritical-Strict_B600,T,1385197443,1344845072,377,Det/images/normal_train/00886252.png,0,09,learnable_hard,0.6393997339,0.315,0.3061837102,normal_replay,GapCritical-Strict
RUN_004,TRIAD_002,A01_GapCritical-Strict_B600,T,1385197443,1344845072,378,Det/images/normal_train/00316313.png,0,01,learnable_hard,0.3862519482,0.605,0.2495732825,normal_replay,GapCritical-Strict
RUN_004,TRIAD_002,A01_GapCritical-Strict_B600,T,1385197443,1344845072,379,Det/images/normal_train/00680785.png,0,07,learnable_hard,0.378083768,0.545,0.3216979702,normal_replay,GapCritical-Strict
RUN_004,TRIAD_002,A01_GapCritical-Strict_B600,T,1385197443,1344845072,380,Det/images/normal_train/00812201.png,0,00,learnable_hard,0.4858816693,0.385,0.2926781393,normal_replay,GapCritical-Strict
RUN_004,TRIAD_002,A01_GapCritical-Strict_B600,T,1385197443,1344845072,381,Det/images/normal_train/00414559.png,0,05,learnable_hard,0.6450670693,0.22,0.2561310292,normal_replay,GapCritical-Strict
RUN_004,TRIAD_002,A01_GapCritical-Strict_B600,T,1385197443,1344845072,382,Det/images/normal_train/01150557.png,0,04,learnable_hard,0.591850364,0.295,0.2978818282,normal_replay,GapCritical-Strict
RUN_004,TRIAD_002,A01_GapCritical-Strict_B600,T,1385197443,1344845072,383,Det/images/normal_train/00815685.png,0,08,learnable_hard,0.5189196679,0.41,0.263763864,normal_replay,GapCritical-Strict
RUN_004,TRIAD_002,A01_GapCritical-Strict_B600,T,1385197443,1344845072,384,Det/images/normal_train/01287133.png,0,06,learnable_hard,0.3496269148,0.55,0.3056530648,normal_replay,GapCritical-Strict
RUN_004,TRIAD_002,A01_GapCritical-Strict_B600,T,1385197443,1344845072,385,Det/images/normal_train/00798937.png,0,03,learnable_hard,0.4707891847,0.345,0.2628868806,normal_replay,GapCritical-Strict
RUN_004,TRIAD_002,A01_GapCritical-Strict_B600,T,1385197443,1344845072,386,Det/images/normal_train/00196400.png,0,03,learnable_hard,0.2722114535,0.755,0.2603866763,normal_replay,GapCritical-Strict
RUN_004,TRIAD_002,A01_GapCritical-Strict_B600,T,1385197443,1344845072,387,Det/images/normal_train/00225406.png,0,01,learnable_hard,0.5382540548,0.4,0.2636132743,normal_replay,GapCritical-Strict
RUN_004,TRIAD_002,A01_GapCritical-Strict_B600,T,1385197443,1344845072,388,Det/images/normal_train/00517239.png,0,08,learnable_hard,0.3850563375,0.53,0.2596295103,normal_replay,GapCritical-Strict
RUN_004,TRIAD_002,A01_GapCritical-Strict_B600,T,1385197443,1344845072,389,Det/images/normal_train/00436090.png,0,09,learnable_hard,0.4265080661,0.59,0.248244747,normal_replay,GapCritical-Strict
RUN_004,TRIAD_002,A01_GapCritical-Strict_B600,T,1385197443,1344845072,390,Det/images/normal_train/01071355.png,0,04,learnable_hard,0.5839961815,0.27,0.2614985916,normal_replay,GapCritical-Strict
RUN_004,TRIAD_002,A01_GapCritical-Strict_B600,T,1385197443,1344845072,391,Det/images/normal_train/00571545.png,0,03,learnable_hard,0.646925266,0.3,0.2983010749,normal_replay,GapCritical-Strict
RUN_004,TRIAD_002,A01_GapCritical-Strict_B600,T,1385197443,1344845072,392,Det/images/normal_train/01164739.png,0,08,learnable_hard,0.562426334,0.275,0.2458981328,normal_replay,GapCritical-Strict
RUN_004,TRIAD_002,A01_GapCritical-Strict_B600,T,1385197443,1344845072,393,Det/images/normal_train/00346195.png,0,07,learnable_hard,0.4972638597,0.51,0.2504102853,normal_replay,GapCritical-Strict
RUN_004,TRIAD_002,A01_GapCritical-Strict_B600,T,1385197443,1344845072,394,Det/images/normal_train/01024260.png,0,01,learnable_hard,0.3304015528,0.67,0.2567095994,normal_replay,GapCritical-Strict
RUN_004,TRIAD_002,A01_GapCritical-Strict_B600,T,1385197443,1344845072,395,Det/images/normal_train/01278680.png,0,05,learnable_hard,0.3122796682,0.635,0.2852684099,normal_replay,GapCritical-Strict
RUN_004,TRIAD_002,A01_GapCritical-Strict_B600,T,1385197443,1344845072,396,Det/images/normal_train/00975523.png,0,02,learnable_hard,0.6326651754,0.25,0.2798828965,normal_replay,GapCritical-Strict
RUN_004,TRIAD_002,A01_GapCritical-Strict_B600,T,1385197443,1344845072,397,Det/images/normal_train/00589137.png,0,03,learnable_hard,0.3492839957,0.66,0.2754381287,normal_replay,GapCritical-Strict
RUN_004,TRIAD_002,A01_GapCritical-Strict_B600,T,1385197443,1344845072,398,Det/images/normal_train/00786238.png,0,03,learnable_hard,0.3754121897,0.575,0.2712146605,normal_replay,GapCritical-Strict
RUN_004,TRIAD_002,A01_GapCritical-Strict_B600,T,1385197443,1344845072,399,Det/images/normal_train/00889708.png,0,09,learnable_hard,0.45038243,0.465,0.2647798474,normal_replay,GapCritical-Strict
RUN_004,TRIAD_002,A01_GapCritical-Strict_B600,T,1385197443,1344845072,400,Det/images/normal_train/00646315.png,0,02,learnable_hard,0.3269446755,0.63,0.2802679504,normal_replay,GapCritical-Strict
RUN_004,TRIAD_002,A01_GapCritical-Strict_B600,T,1385197443,1344845072,401,Det/images/normal_train/01152589.png,0,08,learnable_hard,0.570036755,0.355,0.3121475648,normal_replay,GapCritical-Strict
RUN_004,TRIAD_002,A01_GapCritical-Strict_B600,T,1385197443,1344845072,402,Det/images/normal_train/00252512.png,0,08,learnable_hard,0.535256886,0.39,0.2909372919,normal_replay,GapCritical-Strict
RUN_004,TRIAD_002,A01_GapCritical-Strict_B600,T,1385197443,1344845072,403,Det/images/normal_train/00986763.png,0,08,learnable_hard,0.2723757729,0.72,0.2652193296,normal_replay,GapCritical-Strict
RUN_004,TRIAD_002,A01_GapCritical-Strict_B600,T,1385197443,1344845072,404,Det/images/normal_train/00532157.png,0,07,learnable_hard,0.3049815928,0.66,0.3003743672,normal_replay,GapCritical-Strict
RUN_004,TRIAD_002,A01_GapCritical-Strict_B600,T,1385197443,1344845072,405,Det/images/normal_train/00997329.png,0,08,learnable_hard,0.5928385891,0.285,0.2643902992,normal_replay,GapCritical-Strict
RUN_004,TRIAD_002,A01_GapCritical-Strict_B600,T,1385197443,1344845072,406,Det/images/normal_train/00766488.png,0,07,learnable_hard,0.3241566234,0.675,0.2821716964,normal_replay,GapCritical-Strict
RUN_004,TRIAD_002,A01_GapCritical-Strict_B600,T,1385197443,1344845072,407,Det/images/normal_train/01203379.png,0,05,learnable_hard,0.360635527,0.59,0.2770573541,normal_replay,GapCritical-Strict
RUN_004,TRIAD_002,A01_GapCritical-Strict_B600,T,1385197443,1344845072,408,Det/images/normal_train/00669322.png,0,08,learnable_hard,0.2647423599,0.765,0.251103716,normal_replay,GapCritical-Strict
RUN_004,TRIAD_002,A01_GapCritical-Strict_B600,T,1385197443,1344845072,409,Det/images/normal_train/00714113.png,0,06,learnable_hard,0.4697181004,0.365,0.2751090121,normal_replay,GapCritical-Strict
RUN_004,TRIAD_002,A01_GapCritical-Strict_B600,T,1385197443,1344845072,410,Det/images/normal_train/00651699.png,0,02,learnable_hard,0.4848654803,0.47,0.304454371,normal_replay,GapCritical-Strict
RUN_004,TRIAD_002,A01_GapCritical-Strict_B600,T,1385197443,1344845072,411,Det/images/normal_train/00726082.png,0,07,learnable_hard,0.3580704196,0.59,0.2767036211,normal_replay,GapCritical-Strict
RUN_004,TRIAD_002,A01_GapCritical-Strict_B600,T,1385197443,1344845072,412,Det/images/normal_train/01032188.png,0,02,learnable_hard,0.7598516649,0.235,0.2804434407,normal_replay,GapCritical-Strict
RUN_004,TRIAD_002,A01_GapCritical-Strict_B600,T,1385197443,1344845072,413,Det/images/normal_train/00906893.png,0,05,learnable_hard,0.6072231452,0.285,0.297683766,normal_replay,GapCritical-Strict
RUN_004,TRIAD_002,A01_GapCritical-Strict_B600,T,1385197443,1344845072,414,Det/images/normal_train/00981631.png,0,05,learnable_hard,0.4751625205,0.4,0.2524292925,normal_replay,GapCritical-Strict
RUN_004,TRIAD_002,A01_GapCritical-Strict_B600,T,1385197443,1344845072,415,Det/images/normal_train/00991629.png,0,00,learnable_hard,0.535087686,0.33,0.2807662217,normal_replay,GapCritical-Strict
RUN_004,TRIAD_002,A01_GapCritical-Strict_B600,T,1385197443,1344845072,416,Det/images/normal_train/00801458.png,0,06,learnable_hard,0.5923914807,0.27,0.3018085433,normal_replay,GapCritical-Strict
RUN_004,TRIAD_002,A01_GapCritical-Strict_B600,T,1385197443,1344845072,417,Det/images/normal_train/00643235.png,0,04,learnable_hard,0.5216515216,0.315,0.2838691211,normal_replay,GapCritical-Strict
RUN_004,TRIAD_002,A01_GapCritical-Strict_B600,T,1385197443,1344845072,418,Det/images/normal_train/00740727.png,0,04,learnable_hard,0.3209687942,0.63,0.2817636391,normal_replay,GapCritical-Strict
RUN_004,TRIAD_002,A01_GapCritical-Strict_B600,T,1385197443,1344845072,419,Det/images/normal_train/01024347.png,0,01,learnable_hard,0.3444166795,0.64,0.2859890933,normal_replay,GapCritical-Strict
RUN_004,TRIAD_002,A01_GapCritical-Strict_B600,T,1385197443,1344845072,420,Det/images/normal_train/01085129.png,0,07,learnable_hard,0.3261149105,0.655,0.2649270595,normal_replay,GapCritical-Strict
RUN_004,TRIAD_002,A01_GapCritical-Strict_B600,T,1385197443,1344845072,421,Det/images/normal_train/00282087.png,0,04,learnable_hard,0.4877760806,0.405,0.3258118446,normal_replay,GapCritical-Strict
RUN_004,TRIAD_002,A01_GapCritical-Strict_B600,T,1385197443,1344845072,422,Det/images/normal_train/00812202.png,0,00,learnable_hard,0.3983279262,0.62,0.267039532,normal_replay,GapCritical-Strict
RUN_004,TRIAD_002,A01_GapCritical-Strict_B600,T,1385197443,1344845072,423,Det/images/normal_train/00362391.png,0,08,learnable_hard,0.360081097,0.675,0.2544725734,normal_replay,GapCritical-Strict
RUN_004,TRIAD_002,A01_GapCritical-Strict_B600,T,1385197443,1344845072,424,Det/images/normal_train/00614018.png,0,05,learnable_hard,0.658995084,0.25,0.2477765588,normal_replay,GapCritical-Strict
RUN_004,TRIAD_002,A01_GapCritical-Strict_B600,T,1385197443,1344845072,425,Det/images/normal_train/01004212.png,0,07,learnable_hard,0.3621659631,0.545,0.2577342896,normal_replay,GapCritical-Strict
RUN_004,TRIAD_002,A01_GapCritical-Strict_B600,T,1385197443,1344845072,426,Det/images/normal_train/00903125.png,0,07,learnable_hard,0.7068149366,0.3,0.2852247412,normal_replay,GapCritical-Strict
RUN_004,TRIAD_002,A01_GapCritical-Strict_B600,T,1385197443,1344845072,427,Det/images/normal_train/00226903.png,0,08,learnable_hard,0.4300004332,0.545,0.2367209416,normal_replay,GapCritical-Strict
RUN_004,TRIAD_002,A01_GapCritical-Strict_B600,T,1385197443,1344845072,428,Det/images/normal_train/00205093.png,0,08,learnable_hard,0.2730869793,0.795,0.2418001827,normal_replay,GapCritical-Strict
RUN_004,TRIAD_002,A01_GapCritical-Strict_B600,T,1385197443,1344845072,429,Det/images/normal_train/00958324.png,0,05,learnable_hard,0.3875044475,0.605,0.2619678795,normal_replay,GapCritical-Strict
RUN_004,TRIAD_002,A01_GapCritical-Strict_B600,T,1385197443,1344845072,430,Det/images/normal_train/00282058.png,0,04,learnable_hard,0.721970233,0.185,0.2948054223,normal_replay,GapCritical-Strict
RUN_004,TRIAD_002,A01_GapCritical-Strict_B600,T,1385197443,1344845072,431,Det/images/normal_train/00994084.png,0,04,learnable_hard,0.4755095692,0.43,0.2854742722,normal_replay,GapCritical-Strict
RUN_004,TRIAD_002,A01_GapCritical-Strict_B600,T,1385197443,1344845072,432,Det/images/normal_train/01000903.png,0,04,learnable_hard,0.591139277,0.31,0.2678517825,normal_replay,GapCritical-Strict
RUN_004,TRIAD_002,A01_GapCritical-Strict_B600,T,1385197443,1344845072,433,Det/images/normal_train/00966441.png,0,07,learnable_hard,0.428379597,0.46,0.2703828417,normal_replay,GapCritical-Strict
RUN_004,TRIAD_002,A01_GapCritical-Strict_B600,T,1385197443,1344845072,434,Det/images/normal_train/00381637.png,0,05,learnable_hard,0.3250043889,0.72,0.2573234781,normal_replay,GapCritical-Strict
RUN_004,TRIAD_002,A01_GapCritical-Strict_B600,T,1385197443,1344845072,435,Det/images/normal_train/00876742.png,0,04,learnable_hard,0.4941854806,0.285,0.2669439279,normal_replay,GapCritical-Strict
RUN_004,TRIAD_002,A01_GapCritical-Strict_B600,T,1385197443,1344845072,436,Det/images/normal_train/00444761.png,0,02,learnable_hard,0.5246863082,0.325,0.2612543364,normal_replay,GapCritical-Strict
RUN_004,TRIAD_002,A01_GapCritical-Strict_B600,T,1385197443,1344845072,437,Det/images/normal_train/00674900.png,0,05,learnable_hard,0.4765866112,0.435,0.2830585984,normal_replay,GapCritical-Strict
RUN_004,TRIAD_002,A01_GapCritical-Strict_B600,T,1385197443,1344845072,438,Det/images/normal_train/00415108.png,0,04,learnable_hard,0.4782095012,0.345,0.25138312,normal_replay,GapCritical-Strict
RUN_004,TRIAD_002,A01_GapCritical-Strict_B600,T,1385197443,1344845072,439,Det/images/normal_train/01217504.png,0,06,learnable_hard,0.5619874026,0.305,0.2795394356,normal_replay,GapCritical-Strict
RUN_004,TRIAD_002,A01_GapCritical-Strict_B600,T,1385197443,1344845072,440,Det/images/normal_train/00243558.png,0,06,learnable_hard,0.5423216325,0.365,0.272931682,normal_replay,GapCritical-Strict
RUN_004,TRIAD_002,A01_GapCritical-Strict_B600,T,1385197443,1344845072,441,Det/images/normal_train/00990562.png,0,03,learnable_hard,0.4024439116,0.495,0.2683768234,normal_replay,GapCritical-Strict
RUN_004,TRIAD_002,A01_GapCritical-Strict_B600,T,1385197443,1344845072,442,Det/images/normal_train/01099704.png,0,03,learnable_hard,0.3640757522,0.57,0.27523989,normal_replay,GapCritical-Strict
RUN_004,TRIAD_002,A01_GapCritical-Strict_B600,T,1385197443,1344845072,443,Det/images/normal_train/00458201.png,0,05,learnable_hard,0.3113341532,0.68,0.2514355846,normal_replay,GapCritical-Strict
RUN_004,TRIAD_002,A01_GapCritical-Strict_B600,T,1385197443,1344845072,444,Det/images/normal_train/00260385.png,0,09,learnable_hard,0.3439758299,0.62,0.2820899698,normal_replay,GapCritical-Strict
RUN_004,TRIAD_002,A01_GapCritical-Strict_B600,T,1385197443,1344845072,445,Det/images/normal_train/00683687.png,0,07,learnable_hard,0.3195516223,0.645,0.2745159176,normal_replay,GapCritical-Strict
RUN_004,TRIAD_002,A01_GapCritical-Strict_B600,T,1385197443,1344845072,446,Det/images/normal_train/00873415.png,0,04,learnable_hard,0.3225669289,0.685,0.2624525177,normal_replay,GapCritical-Strict
RUN_004,TRIAD_002,A01_GapCritical-Strict_B600,T,1385197443,1344845072,447,Det/images/normal_train/01156431.png,0,00,learnable_hard,0.4570319841,0.455,0.3009186835,normal_replay,GapCritical-Strict
RUN_004,TRIAD_002,A01_GapCritical-Strict_B600,T,1385197443,1344845072,448,Det/images/normal_train/00914703.png,0,04,learnable_hard,0.357528435,0.58,0.2732061688,normal_replay,GapCritical-Strict
RUN_004,TRIAD_002,A01_GapCritical-Strict_B600,T,1385197443,1344845072,449,Det/images/normal_train/00918274.png,0,01,learnable_hard,0.3837345387,0.57,0.2412059395,normal_replay,GapCritical-Strict
RUN_004,TRIAD_002,A01_GapCritical-Strict_B600,T,1385197443,1344845072,450,Det/images/normal_train/00639797.png,0,06,learnable_hard,0.5344910129,0.37,0.2936471817,normal_replay,GapCritical-Strict
RUN_004,TRIAD_002,A01_GapCritical-Strict_B600,T,1385197443,1344845072,451,Det/images/normal_train/01281903.png,0,05,learnable_hard,0.2790260353,0.695,0.2769234281,normal_replay,GapCritical-Strict
RUN_004,TRIAD_002,A01_GapCritical-Strict_B600,T,1385197443,1344845072,452,Det/images/normal_train/01130505.png,0,00,learnable_hard,0.2914885583,0.685,0.2922776674,normal_replay,GapCritical-Strict
RUN_004,TRIAD_002,A01_GapCritical-Strict_B600,T,1385197443,1344845072,453,Det/images/normal_train/00242590.png,0,01,learnable_hard,0.5460086725,0.305,0.2451172545,normal_replay,GapCritical-Strict
RUN_004,TRIAD_002,A01_GapCritical-Strict_B600,T,1385197443,1344845072,454,Det/images/normal_train/00754587.png,0,09,learnable_hard,0.5085276889,0.295,0.2428603959,normal_replay,GapCritical-Strict
RUN_004,TRIAD_002,A01_GapCritical-Strict_B600,T,1385197443,1344845072,455,Det/images/normal_train/01096896.png,0,06,learnable_hard,0.4129418134,0.48,0.291108469,normal_replay,GapCritical-Strict
RUN_004,TRIAD_002,A01_GapCritical-Strict_B600,T,1385197443,1344845072,456,Det/images/normal_train/00311615.png,0,01,learnable_hard,0.4570960158,0.39,0.2536775283,normal_replay,GapCritical-Strict
RUN_004,TRIAD_002,A01_GapCritical-Strict_B600,T,1385197443,1344845072,457,Det/images/normal_train/00766472.png,0,07,learnable_hard,0.3247342331,0.715,0.2470870001,normal_replay,GapCritical-Strict
RUN_004,TRIAD_002,A01_GapCritical-Strict_B600,T,1385197443,1344845072,458,Det/images/normal_train/00932878.png,0,07,learnable_hard,0.3101077417,0.655,0.2680752618,normal_replay,GapCritical-Strict
RUN_004,TRIAD_002,A01_GapCritical-Strict_B600,T,1385197443,1344845072,459,Det/images/normal_train/00405783.png,0,05,learnable_hard,0.4006097205,0.485,0.3255215681,normal_replay,GapCritical-Strict
RUN_004,TRIAD_002,A01_GapCritical-Strict_B600,T,1385197443,1344845072,460,Det/images/normal_train/00507921.png,0,04,learnable_hard,0.3006356686,0.65,0.2699815163,normal_replay,GapCritical-Strict
RUN_004,TRIAD_002,A01_GapCritical-Strict_B600,T,1385197443,1344845072,461,Det/images/normal_train/00334555.png,0,06,learnable_hard,0.3897159231,0.63,0.2765688636,normal_replay,GapCritical-Strict
RUN_004,TRIAD_002,A01_GapCritical-Strict_B600,T,1385197443,1344845072,462,Det/images/normal_train/01050940.png,0,08,learnable_hard,0.7019623967,0.13,0.2520098541,normal_replay,GapCritical-Strict
RUN_004,TRIAD_002,A01_GapCritical-Strict_B600,T,1385197443,1344845072,463,Det/images/normal_train/00729663.png,0,07,learnable_hard,0.5870148972,0.37,0.2759507868,normal_replay,GapCritical-Strict
RUN_004,TRIAD_002,A01_GapCritical-Strict_B600,T,1385197443,1344845072,464,Det/images/normal_train/00576699.png,0,04,learnable_hard,0.3953434114,0.51,0.2830682025,normal_replay,GapCritical-Strict
RUN_004,TRIAD_002,A01_GapCritical-Strict_B600,T,1385197443,1344845072,465,Det/images/normal_train/01265440.png,0,08,learnable_hard,0.623428178,0.24,0.298442911,normal_replay,GapCritical-Strict
RUN_004,TRIAD_002,A01_GapCritical-Strict_B600,T,1385197443,1344845072,466,Det/images/normal_train/00783093.png,0,01,learnable_hard,0.3609958284,0.665,0.2515829737,normal_replay,GapCritical-Strict
RUN_004,TRIAD_002,A01_GapCritical-Strict_B600,T,1385197443,1344845072,467,Det/images/normal_train/00927062.png,0,09,learnable_hard,0.4539445915,0.45,0.2509967354,normal_replay,GapCritical-Strict
RUN_004,TRIAD_002,A01_GapCritical-Strict_B600,T,1385197443,1344845072,468,Det/images/normal_train/00237381.png,0,06,learnable_hard,0.3143452361,0.675,0.288967815,normal_replay,GapCritical-Strict
RUN_004,TRIAD_002,A01_GapCritical-Strict_B600,T,1385197443,1344845072,469,Det/images/normal_train/00849015.png,0,05,learnable_hard,0.230196107,0.775,0.2757553079,normal_replay,GapCritical-Strict
RUN_004,TRIAD_002,A01_GapCritical-Strict_B600,T,1385197443,1344845072,470,Det/images/normal_train/00863296.png,0,07,learnable_hard,0.5149954984,0.34,0.2537401668,normal_replay,GapCritical-Strict
RUN_004,TRIAD_002,A01_GapCritical-Strict_B600,T,1385197443,1344845072,471,Det/images/normal_train/00705621.png,0,04,learnable_hard,0.4891371212,0.46,0.2417671035,normal_replay,GapCritical-Strict
RUN_004,TRIAD_002,A01_GapCritical-Strict_B600,T,1385197443,1344845072,472,Det/images/normal_train/00207793.png,0,01,learnable_hard,0.3806032744,0.68,0.260184676,normal_replay,GapCritical-Strict
RUN_004,TRIAD_002,A01_GapCritical-Strict_B600,T,1385197443,1344845072,473,Det/images/normal_train/00886899.png,0,09,learnable_hard,0.4440508698,0.45,0.2751698627,normal_replay,GapCritical-Strict
RUN_004,TRIAD_002,A01_GapCritical-Strict_B600,T,1385197443,1344845072,474,Det/images/normal_train/00933967.png,0,03,learnable_hard,0.5825320934,0.295,0.2532307649,normal_replay,GapCritical-Strict
RUN_004,TRIAD_002,A01_GapCritical-Strict_B600,T,1385197443,1344845072,475,Det/images/normal_train/00384476.png,0,08,learnable_hard,0.5072763081,0.32,0.2474539271,normal_replay,GapCritical-Strict
RUN_004,TRIAD_002,A01_GapCritical-Strict_B600,T,1385197443,1344845072,476,Det/images/normal_train/00532394.png,0,07,learnable_hard,0.3141172525,0.705,0.3353637084,normal_replay,GapCritical-Strict
RUN_004,TRIAD_002,A01_GapCritical-Strict_B600,T,1385197443,1344845072,477,Det/images/normal_train/00932468.png,0,07,learnable_hard,0.3386386719,0.64,0.2680062785,normal_replay,GapCritical-Strict
RUN_004,TRIAD_002,A01_GapCritical-Strict_B600,T,1385197443,1344845072,478,Det/images/normal_train/00889707.png,0,09,learnable_hard,0.4029247758,0.56,0.2675178779,normal_replay,GapCritical-Strict
RUN_004,TRIAD_002,A01_GapCritical-Strict_B600,T,1385197443,1344845072,479,Det/images/normal_train/00677358.png,0,01,learnable_hard,0.5425437615,0.315,0.2691307067,normal_replay,GapCritical-Strict
RUN_004,TRIAD_002,A01_GapCritical-Strict_B600,T,1385197443,1344845072,480,Det/images/normal_train/00636842.png,0,08,learnable_hard,0.4673190629,0.44,0.2425260716,normal_replay,GapCritical-Strict
RUN_004,TRIAD_002,A01_GapCritical-Strict_B600,T,1385197443,1344845072,481,Det/images/normal_train/00270105.png,0,04,learnable_hard,0.4467226102,0.44,0.2841058029,normal_replay,GapCritical-Strict
RUN_004,TRIAD_002,A01_GapCritical-Strict_B600,T,1385197443,1344845072,482,Det/images/normal_train/01118571.png,0,02,learnable_hard,0.5922276251,0.285,0.2493622425,normal_replay,GapCritical-Strict
RUN_004,TRIAD_002,A01_GapCritical-Strict_B600,T,1385197443,1344845072,483,Det/images/normal_train/00671957.png,0,00,learnable_hard,0.4624960379,0.395,0.2679187335,normal_replay,GapCritical-Strict
RUN_004,TRIAD_002,A01_GapCritical-Strict_B600,T,1385197443,1344845072,484,Det/images/normal_train/00713118.png,0,06,learnable_hard,0.3009686103,0.655,0.2898891602,normal_replay,GapCritical-Strict
RUN_004,TRIAD_002,A01_GapCritical-Strict_B600,T,1385197443,1344845072,485,Det/images/normal_train/00791667.png,0,06,learnable_hard,0.6260931101,0.265,0.2850456207,normal_replay,GapCritical-Strict
RUN_004,TRIAD_002,A01_GapCritical-Strict_B600,T,1385197443,1344845072,486,Det/images/normal_train/00550801.png,0,08,learnable_hard,0.350850891,0.645,0.2382245238,normal_replay,GapCritical-Strict
RUN_004,TRIAD_002,A01_GapCritical-Strict_B600,T,1385197443,1344845072,487,Det/images/normal_train/00614914.png,0,05,learnable_hard,0.5239603839,0.37,0.247429173,normal_replay,GapCritical-Strict
RUN_004,TRIAD_002,A01_GapCritical-Strict_B600,T,1385197443,1344845072,488,Det/images/normal_train/00298534.png,0,06,learnable_hard,0.7811157563,0.17,0.2991805407,normal_replay,GapCritical-Strict
RUN_004,TRIAD_002,A01_GapCritical-Strict_B600,T,1385197443,1344845072,489,Det/images/normal_train/00320947.png,0,01,learnable_hard,0.3852105687,0.65,0.2593855506,normal_replay,GapCritical-Strict
RUN_004,TRIAD_002,A01_GapCritical-Strict_B600,T,1385197443,1344845072,490,Det/images/normal_train/00631780.png,0,08,learnable_hard,0.394197933,0.57,0.2431614907,normal_replay,GapCritical-Strict
RUN_004,TRIAD_002,A01_GapCritical-Strict_B600,T,1385197443,1344845072,491,Det/images/normal_train/01256130.png,0,02,learnable_hard,0.4664923973,0.55,0.2725381404,normal_replay,GapCritical-Strict
RUN_004,TRIAD_002,A01_GapCritical-Strict_B600,T,1385197443,1344845072,492,Det/images/normal_train/01257724.png,0,07,learnable_hard,0.294508485,0.63,0.2814843051,normal_replay,GapCritical-Strict
RUN_004,TRIAD_002,A01_GapCritical-Strict_B600,T,1385197443,1344845072,493,Det/images/normal_train/00934677.png,0,01,learnable_hard,0.3306784345,0.65,0.2720290097,normal_replay,GapCritical-Strict
RUN_004,TRIAD_002,A01_GapCritical-Strict_B600,T,1385197443,1344845072,494,Det/images/normal_train/01261971.png,0,00,learnable_hard,0.50101542,0.415,0.2881445066,normal_replay,GapCritical-Strict
RUN_004,TRIAD_002,A01_GapCritical-Strict_B600,T,1385197443,1344845072,495,Det/images/normal_train/00175370.png,0,06,learnable_hard,0.3556411037,0.61,0.2566104471,normal_replay,GapCritical-Strict
RUN_004,TRIAD_002,A01_GapCritical-Strict_B600,T,1385197443,1344845072,496,Det/images/normal_train/00169150.png,0,06,learnable_hard,0.4076256834,0.45,0.2594990709,normal_replay,GapCritical-Strict
RUN_004,TRIAD_002,A01_GapCritical-Strict_B600,T,1385197443,1344845072,497,Det/images/normal_train/00777969.png,0,08,learnable_hard,0.3989277301,0.58,0.2583338803,normal_replay,GapCritical-Strict
RUN_004,TRIAD_002,A01_GapCritical-Strict_B600,T,1385197443,1344845072,498,Det/images/normal_train/01049234.png,0,08,learnable_hard,0.3678952052,0.54,0.2653234016,normal_replay,GapCritical-Strict
RUN_004,TRIAD_002,A01_GapCritical-Strict_B600,T,1385197443,1344845072,499,Det/images/normal_train/00346624.png,0,07,learnable_hard,0.2702639237,0.72,0.266578238,normal_replay,GapCritical-Strict
RUN_004,TRIAD_002,A01_GapCritical-Strict_B600,T,1385197443,1344845072,500,Det/images/normal_train/00270480.png,0,04,learnable_hard,0.3199396673,0.655,0.2556346647,normal_replay,GapCritical-Strict
RUN_004,TRIAD_002,A01_GapCritical-Strict_B600,T,1385197443,1344845072,501,Det/images/normal_train/00736818.png,0,07,learnable_hard,0.5989257469,0.255,0.2995504624,normal_replay,GapCritical-Strict
RUN_004,TRIAD_002,A01_GapCritical-Strict_B600,T,1385197443,1344845072,502,Det/images/normal_train/00350408.png,0,04,learnable_hard,0.4198144562,0.415,0.2619747501,normal_replay,GapCritical-Strict
RUN_004,TRIAD_002,A01_GapCritical-Strict_B600,T,1385197443,1344845072,503,Det/images/normal_train/01199217.png,0,03,learnable_hard,0.464167013,0.44,0.3301588676,normal_replay,GapCritical-Strict
RUN_004,TRIAD_002,A01_GapCritical-Strict_B600,T,1385197443,1344845072,504,Det/images/normal_train/00817362.png,0,07,learnable_hard,0.3586898814,0.565,0.2641908794,normal_replay,GapCritical-Strict
RUN_004,TRIAD_002,A01_GapCritical-Strict_B600,T,1385197443,1344845072,505,Det/images/normal_train/00539561.png,0,06,learnable_hard,0.5228932178,0.32,0.2665723846,normal_replay,GapCritical-Strict
RUN_004,TRIAD_002,A01_GapCritical-Strict_B600,T,1385197443,1344845072,506,Det/images/normal_train/00928441.png,0,03,learnable_hard,0.4146026412,0.52,0.2678225266,normal_replay,GapCritical-Strict
RUN_004,TRIAD_002,A01_GapCritical-Strict_B600,T,1385197443,1344845072,507,Det/images/normal_train/01063434.png,0,02,learnable_hard,0.8323747095,0.15,0.2526541632,normal_replay,GapCritical-Strict
RUN_004,TRIAD_002,A01_GapCritical-Strict_B600,T,1385197443,1344845072,508,Det/images/normal_train/00669219.png,0,08,learnable_hard,0.286420715,0.695,0.2607765979,normal_replay,GapCritical-Strict
RUN_004,TRIAD_002,A01_GapCritical-Strict_B600,T,1385197443,1344845072,509,Det/images/normal_train/00400072.png,0,04,learnable_hard,0.3100116338,0.7,0.2422202485,normal_replay,GapCritical-Strict
RUN_004,TRIAD_002,A01_GapCritical-Strict_B600,T,1385197443,1344845072,510,Det/images/normal_train/00996770.png,0,04,learnable_hard,0.3363229817,0.62,0.2826090159,normal_replay,GapCritical-Strict
RUN_004,TRIAD_002,A01_GapCritical-Strict_B600,T,1385197443,1344845072,511,Det/images/normal_train/00415105.png,0,04,learnable_hard,0.5005342256,0.365,0.2519667874,normal_replay,GapCritical-Strict
RUN_004,TRIAD_002,A01_GapCritical-Strict_B600,T,1385197443,1344845072,512,Det/images/normal_train/00864491.png,0,07,learnable_hard,0.7810746059,0.185,0.2612794654,normal_replay,GapCritical-Strict
RUN_004,TRIAD_002,A01_GapCritical-Strict_B600,T,1385197443,1344845072,513,Det/images/normal_train/00183152.png,0,09,learnable_hard,0.3644987806,0.63,0.2499143029,normal_replay,GapCritical-Strict
RUN_004,TRIAD_002,A01_GapCritical-Strict_B600,T,1385197443,1344845072,514,Det/images/normal_train/01199285.png,0,03,learnable_hard,0.4213746253,0.475,0.315308013,normal_replay,GapCritical-Strict
RUN_004,TRIAD_002,A01_GapCritical-Strict_B600,T,1385197443,1344845072,515,Det/images/normal_train/00184892.png,0,05,learnable_hard,0.306878656,0.615,0.2808926029,normal_replay,GapCritical-Strict
RUN_004,TRIAD_002,A01_GapCritical-Strict_B600,T,1385197443,1344845072,516,Det/images/normal_train/00523187.png,0,00,learnable_hard,0.3525731042,0.62,0.2808541322,normal_replay,GapCritical-Strict
RUN_004,TRIAD_002,A01_GapCritical-Strict_B600,T,1385197443,1344845072,517,Det/images/normal_train/00282324.png,0,04,learnable_hard,0.7146799489,0.22,0.2674185404,normal_replay,GapCritical-Strict
RUN_004,TRIAD_002,A01_GapCritical-Strict_B600,T,1385197443,1344845072,518,Det/images/normal_train/00618371.png,0,04,learnable_hard,0.351816632,0.63,0.2621870552,normal_replay,GapCritical-Strict
RUN_004,TRIAD_002,A01_GapCritical-Strict_B600,T,1385197443,1344845072,519,Det/images/normal_train/00908355.png,0,06,learnable_hard,0.4285284246,0.56,0.2708601664,normal_replay,GapCritical-Strict
RUN_004,TRIAD_002,A01_GapCritical-Strict_B600,T,1385197443,1344845072,520,Det/images/normal_train/00640831.png,0,02,learnable_hard,0.5858589816,0.3,0.2819285329,normal_replay,GapCritical-Strict
RUN_004,TRIAD_002,A01_GapCritical-Strict_B600,T,1385197443,1344845072,521,Det/images/normal_train/00529320.png,0,03,learnable_hard,0.3355640438,0.595,0.291801017,normal_replay,GapCritical-Strict
RUN_004,TRIAD_002,A01_GapCritical-Strict_B600,T,1385197443,1344845072,522,Det/images/normal_train/00458450.png,0,05,learnable_hard,0.3742202806,0.59,0.2356288944,normal_replay,GapCritical-Strict
RUN_004,TRIAD_002,A01_GapCritical-Strict_B600,T,1385197443,1344845072,523,Det/images/normal_train/00748646.png,0,04,learnable_hard,0.3313301372,0.75,0.2254702664,normal_replay,GapCritical-Strict
RUN_004,TRIAD_002,A01_GapCritical-Strict_B600,T,1385197443,1344845072,524,Det/images/normal_train/00660770.png,0,00,learnable_hard,0.3001442916,0.61,0.2913484279,normal_replay,GapCritical-Strict
RUN_004,TRIAD_002,A01_GapCritical-Strict_B600,T,1385197443,1344845072,525,Det/images/normal_train/00854408.png,0,09,learnable_hard,0.4220740965,0.535,0.2595215124,normal_replay,GapCritical-Strict
RUN_004,TRIAD_002,A01_GapCritical-Strict_B600,T,1385197443,1344845072,526,Det/images/normal_train/00505839.png,0,05,learnable_hard,0.5203451162,0.365,0.2428392799,normal_replay,GapCritical-Strict
RUN_004,TRIAD_002,A01_GapCritical-Strict_B600,T,1385197443,1344845072,527,Det/images/normal_train/00330670.png,0,00,learnable_hard,0.4435677065,0.47,0.2684883849,normal_replay,GapCritical-Strict
RUN_004,TRIAD_002,A01_GapCritical-Strict_B600,T,1385197443,1344845072,528,Det/images/normal_train/00227265.png,0,04,learnable_hard,0.2849718292,0.64,0.272395256,normal_replay,GapCritical-Strict
RUN_004,TRIAD_002,A01_GapCritical-Strict_B600,T,1385197443,1344845072,529,Det/images/normal_train/00537683.png,0,09,learnable_hard,0.3154431647,0.65,0.261499952,normal_replay,GapCritical-Strict
RUN_004,TRIAD_002,A01_GapCritical-Strict_B600,T,1385197443,1344845072,530,Det/images/normal_train/01267859.png,0,04,learnable_hard,0.4696492868,0.42,0.2593071947,normal_replay,GapCritical-Strict
RUN_004,TRIAD_002,A01_GapCritical-Strict_B600,T,1385197443,1344845072,531,Det/images/normal_train/00540681.png,0,05,learnable_hard,0.5287970503,0.355,0.2343457739,normal_replay,GapCritical-Strict
RUN_004,TRIAD_002,A01_GapCritical-Strict_B600,T,1385197443,1344845072,532,Det/images/normal_train/01012222.png,0,00,learnable_hard,0.4483465744,0.525,0.2614949904,normal_replay,GapCritical-Strict
RUN_004,TRIAD_002,A01_GapCritical-Strict_B600,T,1385197443,1344845072,533,Det/images/normal_train/00764069.png,0,08,learnable_hard,0.5579891141,0.295,0.23546005,normal_replay,GapCritical-Strict
RUN_004,TRIAD_002,A01_GapCritical-Strict_B600,T,1385197443,1344845072,534,Det/images/normal_train/00842425.png,0,06,learnable_hard,0.2906242107,0.635,0.2673223857,normal_replay,GapCritical-Strict
RUN_004,TRIAD_002,A01_GapCritical-Strict_B600,T,1385197443,1344845072,535,Det/images/normal_train/01280989.png,0,03,learnable_hard,0.6047452827,0.27,0.2452187615,normal_replay,GapCritical-Strict
RUN_004,TRIAD_002,A01_GapCritical-Strict_B600,T,1385197443,1344845072,536,Det/images/normal_train/00962402.png,0,04,learnable_hard,0.4703472614,0.34,0.2425086315,normal_replay,GapCritical-Strict
RUN_004,TRIAD_002,A01_GapCritical-Strict_B600,T,1385197443,1344845072,537,Det/images/normal_train/00630035.png,0,03,learnable_hard,0.3104154334,0.7,0.2600193755,normal_replay,GapCritical-Strict
RUN_004,TRIAD_002,A01_GapCritical-Strict_B600,T,1385197443,1344845072,538,Det/images/normal_train/00677204.png,0,01,learnable_hard,0.3571582989,0.565,0.2564124278,normal_replay,GapCritical-Strict
RUN_004,TRIAD_002,A01_GapCritical-Strict_B600,T,1385197443,1344845072,539,Det/images/normal_train/00270372.png,0,04,learnable_hard,0.2812464652,0.715,0.2688023489,normal_replay,GapCritical-Strict
RUN_004,TRIAD_002,A01_GapCritical-Strict_B600,T,1385197443,1344845072,540,Det/images/normal_train/00833055.png,0,02,learnable_hard,0.3489167164,0.595,0.2606453251,normal_replay,GapCritical-Strict
RUN_004,TRIAD_002,A01_GapCritical-Strict_B600,T,1385197443,1344845072,541,Det/images/normal_train/00648522.png,0,05,learnable_hard,0.3923708497,0.575,0.2408106298,normal_replay,GapCritical-Strict
RUN_004,TRIAD_002,A01_GapCritical-Strict_B600,T,1385197443,1344845072,542,Det/images/normal_train/00184820.png,0,05,learnable_hard,0.2872287734,0.65,0.2678984366,normal_replay,GapCritical-Strict
RUN_004,TRIAD_002,A01_GapCritical-Strict_B600,T,1385197443,1344845072,543,Det/images/normal_train/01173307.png,0,01,learnable_hard,0.5311604412,0.35,0.2481021692,normal_replay,GapCritical-Strict
RUN_004,TRIAD_002,A01_GapCritical-Strict_B600,T,1385197443,1344845072,544,Det/images/normal_train/00586607.png,0,01,learnable_hard,0.3110838178,0.605,0.2698926367,normal_replay,GapCritical-Strict
RUN_004,TRIAD_002,A01_GapCritical-Strict_B600,T,1385197443,1344845072,545,Det/images/normal_train/01078860.png,0,06,learnable_hard,0.4130400446,0.575,0.2609570935,normal_replay,GapCritical-Strict
RUN_004,TRIAD_002,A01_GapCritical-Strict_B600,T,1385197443,1344845072,546,Det/images/normal_train/00374485.png,0,06,learnable_hard,0.4305317267,0.445,0.2851055417,normal_replay,GapCritical-Strict
RUN_004,TRIAD_002,A01_GapCritical-Strict_B600,T,1385197443,1344845072,547,Det/images/normal_train/01272098.png,0,00,learnable_hard,0.3760413332,0.545,0.2400686391,normal_replay,GapCritical-Strict
RUN_004,TRIAD_002,A01_GapCritical-Strict_B600,T,1385197443,1344845072,548,Det/images/normal_train/01267857.png,0,04,learnable_hard,0.4928321389,0.365,0.2651797456,normal_replay,GapCritical-Strict
RUN_004,TRIAD_002,A01_GapCritical-Strict_B600,T,1385197443,1344845072,549,Det/images/normal_train/00239038.png,0,09,learnable_hard,0.3142707531,0.645,0.2485285724,normal_replay,GapCritical-Strict
RUN_004,TRIAD_002,A01_GapCritical-Strict_B600,T,1385197443,1344845072,550,Det/images/normal_train/01143723.png,0,08,learnable_hard,0.2604386052,0.73,0.246515082,normal_replay,GapCritical-Strict
RUN_004,TRIAD_002,A01_GapCritical-Strict_B600,T,1385197443,1344845072,551,Det/images/normal_train/01222311.png,0,07,learnable_hard,0.6014746767,0.25,0.2780543009,normal_replay,GapCritical-Strict
RUN_004,TRIAD_002,A01_GapCritical-Strict_B600,T,1385197443,1344845072,552,Det/images/normal_train/00403240.png,0,03,learnable_hard,0.6185998008,0.245,0.2788673776,normal_replay,GapCritical-Strict
RUN_004,TRIAD_002,A01_GapCritical-Strict_B600,T,1385197443,1344845072,553,Det/images/normal_train/00689691.png,0,04,learnable_hard,0.2323852969,0.745,0.2688499036,normal_replay,GapCritical-Strict
RUN_004,TRIAD_002,A01_GapCritical-Strict_B600,T,1385197443,1344845072,554,Det/images/normal_train/01123886.png,0,06,learnable_hard,0.4040560411,0.555,0.244013549,normal_replay,GapCritical-Strict
RUN_004,TRIAD_002,A01_GapCritical-Strict_B600,T,1385197443,1344845072,555,Det/images/normal_train/01028582.png,0,06,learnable_hard,0.8071133354,0.165,0.2721244097,normal_replay,GapCritical-Strict
RUN_004,TRIAD_002,A01_GapCritical-Strict_B600,T,1385197443,1344845072,556,Det/images/normal_train/00857477.png,0,01,learnable_hard,0.2655243758,0.745,0.3234338832,normal_replay,GapCritical-Strict
RUN_004,TRIAD_002,A01_GapCritical-Strict_B600,T,1385197443,1344845072,557,Det/images/normal_train/01225226.png,0,01,learnable_hard,0.4114670209,0.47,0.2573792793,normal_replay,GapCritical-Strict
RUN_004,TRIAD_002,A01_GapCritical-Strict_B600,T,1385197443,1344845072,558,Det/images/normal_train/01028580.png,0,06,learnable_hard,0.7646407882,0.185,0.2548330113,normal_replay,GapCritical-Strict
RUN_004,TRIAD_002,A01_GapCritical-Strict_B600,T,1385197443,1344845072,559,Det/images/normal_train/00247971.png,0,01,learnable_hard,0.5760776911,0.41,0.2411255642,normal_replay,GapCritical-Strict
RUN_004,TRIAD_002,A01_GapCritical-Strict_B600,T,1385197443,1344845072,560,Det/images/normal_train/00228143.png,0,06,learnable_hard,0.3496521083,0.625,0.2542678232,normal_replay,GapCritical-Strict
RUN_004,TRIAD_002,A01_GapCritical-Strict_B600,T,1385197443,1344845072,561,Det/images/normal_train/00586645.png,0,01,learnable_hard,0.5543020773,0.28,0.2523239389,normal_replay,GapCritical-Strict
RUN_004,TRIAD_002,A01_GapCritical-Strict_B600,T,1385197443,1344845072,562,Det/images/normal_train/00178040.png,0,02,learnable_hard,0.3526768121,0.565,0.2789591683,normal_replay,GapCritical-Strict
RUN_004,TRIAD_002,A01_GapCritical-Strict_B600,T,1385197443,1344845072,563,Det/images/normal_train/00458449.png,0,05,learnable_hard,0.354750558,0.615,0.2318072001,normal_replay,GapCritical-Strict
RUN_004,TRIAD_002,A01_GapCritical-Strict_B600,T,1385197443,1344845072,564,Det/images/normal_train/00924377.png,0,07,learnable_hard,0.2181880676,0.75,0.2616239005,normal_replay,GapCritical-Strict
RUN_004,TRIAD_002,A01_GapCritical-Strict_B600,T,1385197443,1344845072,565,Det/images/normal_train/00362344.png,0,08,learnable_hard,0.3896680439,0.54,0.2534146312,normal_replay,GapCritical-Strict
RUN_004,TRIAD_002,A01_GapCritical-Strict_B600,T,1385197443,1344845072,566,Det/images/normal_train/00384475.png,0,08,learnable_hard,0.4654687483,0.355,0.2431538846,normal_replay,GapCritical-Strict
RUN_004,TRIAD_002,A01_GapCritical-Strict_B600,T,1385197443,1344845072,567,Det/images/normal_train/00693645.png,0,03,learnable_hard,0.4120439937,0.535,0.298025967,normal_replay,GapCritical-Strict
RUN_004,TRIAD_002,A01_GapCritical-Strict_B600,T,1385197443,1344845072,568,Det/images/normal_train/00550195.png,0,08,learnable_hard,0.2414592135,0.77,0.2619192653,normal_replay,GapCritical-Strict
RUN_004,TRIAD_002,A01_GapCritical-Strict_B600,T,1385197443,1344845072,569,Det/images/normal_train/01139062.png,0,05,learnable_hard,0.3353831016,0.595,0.2455937078,normal_replay,GapCritical-Strict
RUN_004,TRIAD_002,A01_GapCritical-Strict_B600,T,1385197443,1344845072,570,Det/images/normal_train/00424594.png,0,02,learnable_hard,0.445466302,0.495,0.2372087559,normal_replay,GapCritical-Strict
RUN_004,TRIAD_002,A01_GapCritical-Strict_B600,T,1385197443,1344845072,571,Det/images/normal_train/00619990.png,0,04,learnable_hard,0.2658966633,0.75,0.2625384825,normal_replay,GapCritical-Strict
RUN_004,TRIAD_002,A01_GapCritical-Strict_B600,T,1385197443,1344845072,572,Det/images/normal_train/00292976.png,0,00,learnable_hard,0.6067238412,0.24,0.2771189625,normal_replay,GapCritical-Strict
RUN_004,TRIAD_002,A01_GapCritical-Strict_B600,T,1385197443,1344845072,573,Det/images/normal_train/00192061.png,0,09,learnable_hard,0.2141186701,0.775,0.2699038886,normal_replay,GapCritical-Strict
RUN_004,TRIAD_002,A01_GapCritical-Strict_B600,T,1385197443,1344845072,574,Det/images/normal_train/00436129.png,0,09,learnable_hard,0.5732631412,0.3,0.2515546546,normal_replay,GapCritical-Strict
RUN_004,TRIAD_002,A01_GapCritical-Strict_B600,T,1385197443,1344845072,575,Det/images/normal_train/01073355.png,0,07,learnable_hard,0.6383543982,0.29,0.2837468266,normal_replay,GapCritical-Strict
RUN_004,TRIAD_002,A01_GapCritical-Strict_B600,T,1385197443,1344845072,576,Det/images/normal_train/00329984.png,0,03,learnable_hard,0.7335230456,0.18,0.2406935827,normal_replay,GapCritical-Strict
RUN_004,TRIAD_002,A01_GapCritical-Strict_B600,T,1385197443,1344845072,577,Det/images/normal_train/01251591.png,0,04,learnable_hard,0.6247239386,0.27,0.241204245,normal_replay,GapCritical-Strict
RUN_004,TRIAD_002,A01_GapCritical-Strict_B600,T,1385197443,1344845072,578,Det/images/normal_train/01291533.png,0,07,learnable_hard,0.3753392138,0.54,0.2541188743,normal_replay,GapCritical-Strict
RUN_004,TRIAD_002,A01_GapCritical-Strict_B600,T,1385197443,1344845072,579,Det/images/normal_train/00963583.png,0,05,learnable_hard,0.4248717339,0.545,0.2317129642,normal_replay,GapCritical-Strict
RUN_004,TRIAD_002,A01_GapCritical-Strict_B600,T,1385197443,1344845072,580,Det/images/normal_train/00922736.png,0,02,learnable_hard,0.3385158406,0.595,0.2681108727,normal_replay,GapCritical-Strict
RUN_004,TRIAD_002,A01_GapCritical-Strict_B600,T,1385197443,1344845072,581,Det/images/normal_train/00446461.png,0,09,learnable_hard,0.5326222733,0.445,0.2362319212,normal_replay,GapCritical-Strict
RUN_004,TRIAD_002,A01_GapCritical-Strict_B600,T,1385197443,1344845072,582,Det/images/normal_train/00997627.png,0,08,learnable_hard,0.3062692281,0.645,0.2609925043,normal_replay,GapCritical-Strict
RUN_004,TRIAD_002,A01_GapCritical-Strict_B600,T,1385197443,1344845072,583,Det/images/normal_train/01024465.png,0,01,learnable_hard,0.3786333519,0.685,0.2228048228,normal_replay,GapCritical-Strict
RUN_004,TRIAD_002,A01_GapCritical-Strict_B600,T,1385197443,1344845072,584,Det/images/normal_train/00822370.png,0,08,learnable_hard,0.3958280175,0.525,0.2218093488,normal_replay,GapCritical-Strict
RUN_004,TRIAD_002,A01_GapCritical-Strict_B600,T,1385197443,1344845072,585,Det/images/normal_train/01062684.png,0,08,learnable_hard,0.5200065802,0.385,0.247082844,normal_replay,GapCritical-Strict
RUN_004,TRIAD_002,A01_GapCritical-Strict_B600,T,1385197443,1344845072,586,Det/images/normal_train/00344227.png,0,00,learnable_hard,0.4024620954,0.435,0.2707871745,normal_replay,GapCritical-Strict
RUN_004,TRIAD_002,A01_GapCritical-Strict_B600,T,1385197443,1344845072,587,Det/images/normal_train/00769010.png,0,06,learnable_hard,0.4717376787,0.385,0.2816142965,normal_replay,GapCritical-Strict
RUN_004,TRIAD_002,A01_GapCritical-Strict_B600,T,1385197443,1344845072,588,Det/images/normal_train/00853225.png,0,00,learnable_hard,0.3255163125,0.66,0.2889925244,normal_replay,GapCritical-Strict
RUN_004,TRIAD_002,A01_GapCritical-Strict_B600,T,1385197443,1344845072,589,Det/images/normal_train/00482506.png,0,02,learnable_hard,0.3578503269,0.59,0.2925498374,normal_replay,GapCritical-Strict
RUN_004,TRIAD_002,A01_GapCritical-Strict_B600,T,1385197443,1344845072,590,Det/images/normal_train/00415777.png,0,04,learnable_hard,0.3634439832,0.62,0.2610168668,normal_replay,GapCritical-Strict
RUN_004,TRIAD_002,A01_GapCritical-Strict_B600,T,1385197443,1344845072,591,Det/images/normal_train/00509903.png,0,08,learnable_hard,0.2517010628,0.74,0.2556838655,normal_replay,GapCritical-Strict
RUN_004,TRIAD_002,A01_GapCritical-Strict_B600,T,1385197443,1344845072,592,Det/images/normal_train/00637755.png,0,05,learnable_hard,0.7636477358,0.145,0.2504181297,normal_replay,GapCritical-Strict
RUN_004,TRIAD_002,A01_GapCritical-Strict_B600,T,1385197443,1344845072,593,Det/images/normal_train/00966258.png,0,07,learnable_hard,0.2976301367,0.675,0.2575895298,normal_replay,GapCritical-Strict
RUN_004,TRIAD_002,A01_GapCritical-Strict_B600,T,1385197443,1344845072,594,Det/images/normal_train/00285465.png,0,00,learnable_hard,0.4376519894,0.465,0.2688090065,normal_replay,GapCritical-Strict
RUN_004,TRIAD_002,A01_GapCritical-Strict_B600,T,1385197443,1344845072,595,Det/images/normal_train/00494551.png,0,05,learnable_hard,0.2819478604,0.69,0.2662812435,normal_replay,GapCritical-Strict
RUN_004,TRIAD_002,A01_GapCritical-Strict_B600,T,1385197443,1344845072,596,Det/images/normal_train/00972205.png,0,03,learnable_hard,0.2826686781,0.705,0.2585368731,normal_replay,GapCritical-Strict
RUN_004,TRIAD_002,A01_GapCritical-Strict_B600,T,1385197443,1344845072,597,Det/images/normal_train/00492250.png,0,05,learnable_hard,0.3791525003,0.605,0.2824777754,normal_replay,GapCritical-Strict
RUN_004,TRIAD_002,A01_GapCritical-Strict_B600,T,1385197443,1344845072,598,Det/images/normal_train/00187946.png,0,03,learnable_hard,0.827457883,0.135,0.257536575,normal_replay,GapCritical-Strict
RUN_004,TRIAD_002,A01_GapCritical-Strict_B600,T,1385197443,1344845072,599,Det/images/normal_train/00542007.png,0,04,learnable_hard,0.6771697556,0.195,0.2605691798,normal_replay,GapCritical-Strict
RUN_004,TRIAD_002,A01_GapCritical-Strict_B600,T,1385197443,1344845072,600,Det/images/normal_train/00797869.png,0,06,learnable_hard,0.439659577,0.46,0.2963758764,normal_replay,GapCritical-Strict
