run_slot,triad_id,condition_id,arm,training_seed,selection_seed,rank,sample_id,y_true,oof_fold,dynamic_bucket,mean_p_defect,correct_rate,std_p_defect,replay_role,source_method
RUN_205,TRIAD_069,B04_GapGuard-Raw_B3000,T,1343723075,1879155201,1,Det/images/normal_train/01286806.png,0,00,learnable_hard,0.7133060028,0.255,0.3795711642,normal_replay,GapCritical-Strict
RUN_205,TRIAD_069,B04_GapGuard-Raw_B3000,T,1343723075,1879155201,2,Det/images/normal_train/01278209.png,0,05,learnable_hard,0.5201865841,0.435,0.4069800831,normal_replay,GapCritical-Strict
RUN_205,TRIAD_069,B04_GapGuard-Raw_B3000,T,1343723075,1879155201,3,Det/images/normal_train/00604801.png,0,02,learnable_hard,0.5659372262,0.41,0.3941211042,normal_replay,GapCritical-Strict
RUN_205,TRIAD_069,B04_GapGuard-Raw_B3000,T,1343723075,1879155201,4,Det/images/normal_train/00744956.png,0,06,learnable_hard,0.496437339,0.45,0.3950273885,normal_replay,GapCritical-Strict
RUN_205,TRIAD_069,B04_GapGuard-Raw_B3000,T,1343723075,1879155201,5,Det/images/normal_train/01167498.png,0,01,learnable_hard,0.557757952,0.385,0.3570990389,normal_replay,GapCritical-Strict
RUN_205,TRIAD_069,B04_GapGuard-Raw_B3000,T,1343723075,1879155201,6,Det/images/normal_train/00462733.png,0,03,learnable_hard,0.6595950395,0.315,0.3728725694,normal_replay,GapCritical-Strict
RUN_205,TRIAD_069,B04_GapGuard-Raw_B3000,T,1343723075,1879155201,7,Det/images/normal_train/00399718.png,0,08,learnable_hard,0.4901774526,0.415,0.3723692226,normal_replay,GapCritical-Strict
RUN_205,TRIAD_069,B04_GapGuard-Raw_B3000,T,1343723075,1879155201,8,Det/images/normal_train/01014733.png,0,04,learnable_hard,0.4946231438,0.445,0.4118685106,normal_replay,GapCritical-Strict
RUN_205,TRIAD_069,B04_GapGuard-Raw_B3000,T,1343723075,1879155201,9,Det/images/normal_train/01232333.png,0,09,learnable_hard,0.5477898077,0.405,0.3946567413,normal_replay,GapCritical-Strict
RUN_205,TRIAD_069,B04_GapGuard-Raw_B3000,T,1343723075,1879155201,10,Det/images/normal_train/00382051.png,0,00,learnable_hard,0.7539430711,0.2,0.344410282,normal_replay,GapCritical-Strict
RUN_205,TRIAD_069,B04_GapGuard-Raw_B3000,T,1343723075,1879155201,11,Det/images/normal_train/00944979.png,0,05,learnable_hard,0.5977177417,0.375,0.3658855883,normal_replay,GapCritical-Strict
RUN_205,TRIAD_069,B04_GapGuard-Raw_B3000,T,1343723075,1879155201,12,Det/images/normal_train/00920430.png,0,09,learnable_hard,0.6085432326,0.295,0.3522674768,normal_replay,GapCritical-Strict
RUN_205,TRIAD_069,B04_GapGuard-Raw_B3000,T,1343723075,1879155201,13,Det/images/normal_train/00712967.png,0,01,learnable_hard,0.6817141599,0.26,0.337050719,normal_replay,GapCritical-Strict
RUN_205,TRIAD_069,B04_GapGuard-Raw_B3000,T,1343723075,1879155201,14,Det/images/normal_train/01171579.png,0,04,learnable_hard,0.5981872627,0.345,0.3378750207,normal_replay,GapCritical-Strict
RUN_205,TRIAD_069,B04_GapGuard-Raw_B3000,T,1343723075,1879155201,15,Det/images/normal_train/01287931.png,0,06,learnable_hard,0.6628261914,0.305,0.3776536531,normal_replay,GapCritical-Strict
RUN_205,TRIAD_069,B04_GapGuard-Raw_B3000,T,1343723075,1879155201,16,Det/images/normal_train/01049972.png,0,08,learnable_hard,0.6451354015,0.295,0.3503626449,normal_replay,GapCritical-Strict
RUN_205,TRIAD_069,B04_GapGuard-Raw_B3000,T,1343723075,1879155201,17,Det/images/normal_train/01199131.png,0,03,learnable_hard,0.4820985679,0.46,0.377874232,normal_replay,GapCritical-Strict
RUN_205,TRIAD_069,B04_GapGuard-Raw_B3000,T,1343723075,1879155201,18,Det/images/normal_train/00447968.png,0,05,learnable_hard,0.5517592498,0.42,0.3600704572,normal_replay,GapCritical-Strict
RUN_205,TRIAD_069,B04_GapGuard-Raw_B3000,T,1343723075,1879155201,19,Det/images/normal_train/00698557.png,0,08,learnable_hard,0.429664936,0.525,0.3736339231,normal_replay,GapCritical-Strict
RUN_205,TRIAD_069,B04_GapGuard-Raw_B3000,T,1343723075,1879155201,20,Det/images/normal_train/01085779.png,0,07,learnable_hard,0.5369442552,0.415,0.3603939603,normal_replay,GapCritical-Strict
RUN_205,TRIAD_069,B04_GapGuard-Raw_B3000,T,1343723075,1879155201,21,Det/images/normal_train/00509029.png,0,08,learnable_hard,0.4894524395,0.42,0.3784687222,normal_replay,GapCritical-Strict
RUN_205,TRIAD_069,B04_GapGuard-Raw_B3000,T,1343723075,1879155201,22,Det/images/normal_train/00808733.png,0,03,learnable_hard,0.7317385839,0.215,0.3288100458,normal_replay,GapCritical-Strict
RUN_205,TRIAD_069,B04_GapGuard-Raw_B3000,T,1343723075,1879155201,23,Det/images/normal_train/00690291.png,0,03,learnable_hard,0.6794043075,0.235,0.33035092,normal_replay,GapCritical-Strict
RUN_205,TRIAD_069,B04_GapGuard-Raw_B3000,T,1343723075,1879155201,24,Det/images/normal_train/00577887.png,0,05,learnable_hard,0.5083670663,0.495,0.4049602383,normal_replay,GapCritical-Strict
RUN_205,TRIAD_069,B04_GapGuard-Raw_B3000,T,1343723075,1879155201,25,Det/images/normal_train/00242715.png,0,01,learnable_hard,0.4736091955,0.455,0.3477714566,normal_replay,GapCritical-Strict
RUN_205,TRIAD_069,B04_GapGuard-Raw_B3000,T,1343723075,1879155201,26,Det/images/normal_train/00323523.png,0,06,learnable_hard,0.6109214511,0.325,0.3657564263,normal_replay,GapCritical-Strict
RUN_205,TRIAD_069,B04_GapGuard-Raw_B3000,T,1343723075,1879155201,27,Det/images/normal_train/01073726.png,0,07,learnable_hard,0.6479066791,0.22,0.323499111,normal_replay,GapCritical-Strict
RUN_205,TRIAD_069,B04_GapGuard-Raw_B3000,T,1343723075,1879155201,28,Det/images/normal_train/00713168.png,0,06,learnable_hard,0.6445494808,0.31,0.3658634033,normal_replay,GapCritical-Strict
RUN_205,TRIAD_069,B04_GapGuard-Raw_B3000,T,1343723075,1879155201,29,Det/images/normal_train/00491094.png,0,06,learnable_hard,0.5923712885,0.325,0.3550706626,normal_replay,GapCritical-Strict
RUN_205,TRIAD_069,B04_GapGuard-Raw_B3000,T,1343723075,1879155201,30,Det/images/normal_train/00381751.png,0,05,learnable_hard,0.4730090159,0.45,0.3516114945,normal_replay,GapCritical-Strict
RUN_205,TRIAD_069,B04_GapGuard-Raw_B3000,T,1343723075,1879155201,31,Det/images/normal_train/00241997.png,0,05,learnable_hard,0.6510746727,0.235,0.3307814026,normal_replay,GapCritical-Strict
RUN_205,TRIAD_069,B04_GapGuard-Raw_B3000,T,1343723075,1879155201,32,Det/images/normal_train/00954818.png,0,03,learnable_hard,0.701575706,0.25,0.334300269,normal_replay,GapCritical-Strict
RUN_205,TRIAD_069,B04_GapGuard-Raw_B3000,T,1343723075,1879155201,33,Det/images/normal_train/00964378.png,0,05,learnable_hard,0.5986361121,0.32,0.3606428324,normal_replay,GapCritical-Strict
RUN_205,TRIAD_069,B04_GapGuard-Raw_B3000,T,1343723075,1879155201,34,Det/images/normal_train/00916488.png,0,00,learnable_hard,0.4941881212,0.465,0.380000949,normal_replay,GapCritical-Strict
RUN_205,TRIAD_069,B04_GapGuard-Raw_B3000,T,1343723075,1879155201,35,Det/images/normal_train/00786131.png,0,03,learnable_hard,0.5283918551,0.43,0.3480741582,normal_replay,GapCritical-Strict
RUN_205,TRIAD_069,B04_GapGuard-Raw_B3000,T,1343723075,1879155201,36,Det/images/normal_train/00796033.png,0,04,learnable_hard,0.4206806055,0.525,0.3689138077,normal_replay,GapCritical-Strict
RUN_205,TRIAD_069,B04_GapGuard-Raw_B3000,T,1343723075,1879155201,37,Det/images/normal_train/00971571.png,0,02,learnable_hard,0.5815323827,0.32,0.3307900841,normal_replay,GapCritical-Strict
RUN_205,TRIAD_069,B04_GapGuard-Raw_B3000,T,1343723075,1879155201,38,Det/images/normal_train/01195525.png,0,03,learnable_hard,0.4903828581,0.44,0.3511232228,normal_replay,GapCritical-Strict
RUN_205,TRIAD_069,B04_GapGuard-Raw_B3000,T,1343723075,1879155201,39,Det/images/normal_train/00954770.png,0,03,learnable_hard,0.5302025444,0.345,0.3308539445,normal_replay,GapCritical-Strict
RUN_205,TRIAD_069,B04_GapGuard-Raw_B3000,T,1343723075,1879155201,40,Det/images/normal_train/00651388.png,0,02,learnable_hard,0.5672230673,0.345,0.3524990047,normal_replay,GapCritical-Strict
RUN_205,TRIAD_069,B04_GapGuard-Raw_B3000,T,1343723075,1879155201,41,Det/images/normal_train/00854371.png,0,09,learnable_hard,0.5342972217,0.4,0.3694745671,normal_replay,GapCritical-Strict
RUN_205,TRIAD_069,B04_GapGuard-Raw_B3000,T,1343723075,1879155201,42,Det/images/normal_train/01127316.png,0,06,learnable_hard,0.61816451,0.265,0.3265248524,normal_replay,GapCritical-Strict
RUN_205,TRIAD_069,B04_GapGuard-Raw_B3000,T,1343723075,1879155201,43,Det/images/normal_train/01199314.png,0,03,learnable_hard,0.5285710268,0.37,0.3800264347,normal_replay,GapCritical-Strict
RUN_205,TRIAD_069,B04_GapGuard-Raw_B3000,T,1343723075,1879155201,44,Det/images/normal_train/00243925.png,0,06,learnable_hard,0.5713354554,0.415,0.3530874623,normal_replay,GapCritical-Strict
RUN_205,TRIAD_069,B04_GapGuard-Raw_B3000,T,1343723075,1879155201,45,Det/images/normal_train/00425943.png,0,02,learnable_hard,0.6897933928,0.23,0.3214152686,normal_replay,GapCritical-Strict
RUN_205,TRIAD_069,B04_GapGuard-Raw_B3000,T,1343723075,1879155201,46,Det/images/normal_train/00674370.png,0,05,learnable_hard,0.5569873157,0.345,0.3504159294,normal_replay,GapCritical-Strict
RUN_205,TRIAD_069,B04_GapGuard-Raw_B3000,T,1343723075,1879155201,47,Det/images/normal_train/00353303.png,0,02,learnable_hard,0.5309725733,0.385,0.3436011469,normal_replay,GapCritical-Strict
RUN_205,TRIAD_069,B04_GapGuard-Raw_B3000,T,1343723075,1879155201,48,Det/images/normal_train/00532387.png,0,07,learnable_hard,0.5528826717,0.365,0.345484002,normal_replay,GapCritical-Strict
RUN_205,TRIAD_069,B04_GapGuard-Raw_B3000,T,1343723075,1879155201,49,Det/images/normal_train/01230103.png,0,01,learnable_hard,0.5554449994,0.36,0.3600971891,normal_replay,GapCritical-Strict
RUN_205,TRIAD_069,B04_GapGuard-Raw_B3000,T,1343723075,1879155201,50,Det/images/normal_train/01292814.png,0,07,learnable_hard,0.6492708511,0.325,0.3401763422,normal_replay,GapCritical-Strict
RUN_205,TRIAD_069,B04_GapGuard-Raw_B3000,T,1343723075,1879155201,51,Det/images/normal_train/00248553.png,0,00,learnable_hard,0.565820445,0.345,0.3526505286,normal_replay,GapCritical-Strict
RUN_205,TRIAD_069,B04_GapGuard-Raw_B3000,T,1343723075,1879155201,52,Det/images/normal_train/00194439.png,0,04,learnable_hard,0.4698378182,0.495,0.3493528942,normal_replay,GapCritical-Strict
RUN_205,TRIAD_069,B04_GapGuard-Raw_B3000,T,1343723075,1879155201,53,Det/images/normal_train/00573003.png,0,07,learnable_hard,0.7900295483,0.175,0.3224148583,normal_replay,GapCritical-Strict
RUN_205,TRIAD_069,B04_GapGuard-Raw_B3000,T,1343723075,1879155201,54,Det/images/normal_train/01245458.png,0,09,learnable_hard,0.6536550007,0.255,0.3272024965,normal_replay,GapCritical-Strict
RUN_205,TRIAD_069,B04_GapGuard-Raw_B3000,T,1343723075,1879155201,55,Det/images/normal_train/00240267.png,0,07,learnable_hard,0.612036355,0.28,0.3227654128,normal_replay,GapCritical-Strict
RUN_205,TRIAD_069,B04_GapGuard-Raw_B3000,T,1343723075,1879155201,56,Det/images/normal_train/00967586.png,0,04,learnable_hard,0.4988258907,0.405,0.3211381905,normal_replay,GapCritical-Strict
RUN_205,TRIAD_069,B04_GapGuard-Raw_B3000,T,1343723075,1879155201,57,Det/images/normal_train/00746445.png,0,00,learnable_hard,0.5572056929,0.385,0.3788440146,normal_replay,GapCritical-Strict
RUN_205,TRIAD_069,B04_GapGuard-Raw_B3000,T,1343723075,1879155201,58,Det/images/normal_train/01139457.png,0,05,learnable_hard,0.5430088627,0.375,0.327614898,normal_replay,GapCritical-Strict
RUN_205,TRIAD_069,B04_GapGuard-Raw_B3000,T,1343723075,1879155201,59,Det/images/normal_train/00533860.png,0,02,learnable_hard,0.6003199239,0.34,0.3421613847,normal_replay,GapCritical-Strict
RUN_205,TRIAD_069,B04_GapGuard-Raw_B3000,T,1343723075,1879155201,60,Det/images/normal_train/00626220.png,0,05,learnable_hard,0.5393931416,0.375,0.334796348,normal_replay,GapCritical-Strict
RUN_205,TRIAD_069,B04_GapGuard-Raw_B3000,T,1343723075,1879155201,61,Det/images/normal_train/00483397.png,0,06,learnable_hard,0.4694098635,0.455,0.3338396866,normal_replay,GapCritical-Strict
RUN_205,TRIAD_069,B04_GapGuard-Raw_B3000,T,1343723075,1879155201,62,Det/images/normal_train/00338848.png,0,00,learnable_hard,0.5104344288,0.395,0.3207285815,normal_replay,GapCritical-Strict
RUN_205,TRIAD_069,B04_GapGuard-Raw_B3000,T,1343723075,1879155201,63,Det/images/normal_train/00240563.png,0,07,learnable_hard,0.6118850998,0.32,0.3023362325,normal_replay,GapCritical-Strict
RUN_205,TRIAD_069,B04_GapGuard-Raw_B3000,T,1343723075,1879155201,64,Det/images/normal_train/00253078.png,0,09,learnable_hard,0.6968688918,0.23,0.33318207,normal_replay,GapCritical-Strict
RUN_205,TRIAD_069,B04_GapGuard-Raw_B3000,T,1343723075,1879155201,65,Det/images/normal_train/00566381.png,0,07,learnable_hard,0.5235391172,0.43,0.3855005758,normal_replay,GapCritical-Strict
RUN_205,TRIAD_069,B04_GapGuard-Raw_B3000,T,1343723075,1879155201,66,Det/images/normal_train/00748303.png,0,04,learnable_hard,0.4642997338,0.42,0.3342263485,normal_replay,GapCritical-Strict
RUN_205,TRIAD_069,B04_GapGuard-Raw_B3000,T,1343723075,1879155201,67,Det/images/normal_train/00758730.png,0,04,learnable_hard,0.4297931251,0.55,0.3544091929,normal_replay,GapCritical-Strict
RUN_205,TRIAD_069,B04_GapGuard-Raw_B3000,T,1343723075,1879155201,68,Det/images/normal_train/00457310.png,0,09,learnable_hard,0.5807125164,0.31,0.3276416244,normal_replay,GapCritical-Strict
RUN_205,TRIAD_069,B04_GapGuard-Raw_B3000,T,1343723075,1879155201,69,Det/images/normal_train/01198756.png,0,03,learnable_hard,0.7791043103,0.19,0.3473131917,normal_replay,GapCritical-Strict
RUN_205,TRIAD_069,B04_GapGuard-Raw_B3000,T,1343723075,1879155201,70,Det/images/normal_train/00489081.png,0,02,learnable_hard,0.5177454432,0.345,0.3239158961,normal_replay,GapCritical-Strict
RUN_205,TRIAD_069,B04_GapGuard-Raw_B3000,T,1343723075,1879155201,71,Det/images/normal_train/00483398.png,0,06,learnable_hard,0.4802893262,0.445,0.3324491366,normal_replay,GapCritical-Strict
RUN_205,TRIAD_069,B04_GapGuard-Raw_B3000,T,1343723075,1879155201,72,Det/images/normal_train/00183127.png,0,09,learnable_hard,0.6092618204,0.315,0.3290715569,normal_replay,GapCritical-Strict
RUN_205,TRIAD_069,B04_GapGuard-Raw_B3000,T,1343723075,1879155201,73,Det/images/normal_train/01161388.png,0,06,learnable_hard,0.6742797899,0.275,0.3135876091,normal_replay,GapCritical-Strict
RUN_205,TRIAD_069,B04_GapGuard-Raw_B3000,T,1343723075,1879155201,74,Det/images/normal_train/01230314.png,0,01,learnable_hard,0.4710415098,0.39,0.3163227668,normal_replay,GapCritical-Strict
RUN_205,TRIAD_069,B04_GapGuard-Raw_B3000,T,1343723075,1879155201,75,Det/images/normal_train/00639548.png,0,06,learnable_hard,0.5929918492,0.32,0.3543294856,normal_replay,GapCritical-Strict
RUN_205,TRIAD_069,B04_GapGuard-Raw_B3000,T,1343723075,1879155201,76,Det/images/normal_train/00586860.png,0,01,learnable_hard,0.476014822,0.475,0.3346645065,normal_replay,GapCritical-Strict
RUN_205,TRIAD_069,B04_GapGuard-Raw_B3000,T,1343723075,1879155201,77,Det/images/normal_train/01132084.png,0,07,learnable_hard,0.585215127,0.375,0.3402355076,normal_replay,GapCritical-Strict
RUN_205,TRIAD_069,B04_GapGuard-Raw_B3000,T,1343723075,1879155201,78,Det/images/normal_train/00958852.png,0,05,learnable_hard,0.614386441,0.27,0.3274009991,normal_replay,GapCritical-Strict
RUN_205,TRIAD_069,B04_GapGuard-Raw_B3000,T,1343723075,1879155201,79,Det/images/normal_train/00425944.png,0,02,learnable_hard,0.7055994964,0.215,0.3147684192,normal_replay,GapCritical-Strict
RUN_205,TRIAD_069,B04_GapGuard-Raw_B3000,T,1343723075,1879155201,80,Det/images/normal_train/01011638.png,0,07,learnable_hard,0.3673917025,0.555,0.3820102899,normal_replay,GapCritical-Strict
RUN_205,TRIAD_069,B04_GapGuard-Raw_B3000,T,1343723075,1879155201,81,Det/images/normal_train/01169022.png,0,08,learnable_hard,0.3923649932,0.62,0.3074221646,normal_replay,GapCritical-Strict
RUN_205,TRIAD_069,B04_GapGuard-Raw_B3000,T,1343723075,1879155201,82,Det/images/normal_train/01014831.png,0,04,learnable_hard,0.5962682466,0.295,0.356304517,normal_replay,GapCritical-Strict
RUN_205,TRIAD_069,B04_GapGuard-Raw_B3000,T,1343723075,1879155201,83,Det/images/normal_train/00657532.png,0,05,learnable_hard,0.4714149915,0.495,0.3585071033,normal_replay,GapCritical-Strict
RUN_205,TRIAD_069,B04_GapGuard-Raw_B3000,T,1343723075,1879155201,84,Det/images/normal_train/00550609.png,0,08,learnable_hard,0.6251808964,0.31,0.320409673,normal_replay,GapCritical-Strict
RUN_205,TRIAD_069,B04_GapGuard-Raw_B3000,T,1343723075,1879155201,85,Det/images/normal_train/00327841.png,0,06,learnable_hard,0.4546512426,0.455,0.3341500587,normal_replay,GapCritical-Strict
RUN_205,TRIAD_069,B04_GapGuard-Raw_B3000,T,1343723075,1879155201,86,Det/images/normal_train/00167160.png,0,04,learnable_hard,0.4952224571,0.4,0.3273493328,normal_replay,GapCritical-Strict
RUN_205,TRIAD_069,B04_GapGuard-Raw_B3000,T,1343723075,1879155201,87,Det/images/normal_train/00750803.png,0,02,learnable_hard,0.6442126781,0.305,0.3516496193,normal_replay,GapCritical-Strict
RUN_205,TRIAD_069,B04_GapGuard-Raw_B3000,T,1343723075,1879155201,88,Det/images/normal_train/01201052.png,0,00,learnable_hard,0.5695844172,0.385,0.3675991261,normal_replay,GapCritical-Strict
RUN_205,TRIAD_069,B04_GapGuard-Raw_B3000,T,1343723075,1879155201,89,Det/images/normal_train/01094661.png,0,05,learnable_hard,0.6041161104,0.33,0.3041704688,normal_replay,GapCritical-Strict
RUN_205,TRIAD_069,B04_GapGuard-Raw_B3000,T,1343723075,1879155201,90,Det/images/normal_train/00379612.png,0,02,learnable_hard,0.6020284027,0.265,0.3255970443,normal_replay,GapCritical-Strict
RUN_205,TRIAD_069,B04_GapGuard-Raw_B3000,T,1343723075,1879155201,91,Det/images/normal_train/00197755.png,0,06,learnable_hard,0.3939029295,0.545,0.3402426805,normal_replay,GapCritical-Strict
RUN_205,TRIAD_069,B04_GapGuard-Raw_B3000,T,1343723075,1879155201,92,Det/images/normal_train/00541130.png,0,08,learnable_hard,0.4277712852,0.54,0.3064254474,normal_replay,GapCritical-Strict
RUN_205,TRIAD_069,B04_GapGuard-Raw_B3000,T,1343723075,1879155201,93,Det/images/normal_train/00751300.png,0,09,learnable_hard,0.6696418207,0.27,0.3290580732,normal_replay,GapCritical-Strict
RUN_205,TRIAD_069,B04_GapGuard-Raw_B3000,T,1343723075,1879155201,94,Det/images/normal_train/01006760.png,0,05,learnable_hard,0.6439688759,0.265,0.3046309838,normal_replay,GapCritical-Strict
RUN_205,TRIAD_069,B04_GapGuard-Raw_B3000,T,1343723075,1879155201,95,Det/images/normal_train/00236903.png,0,03,learnable_hard,0.6103515185,0.285,0.3077576828,normal_replay,GapCritical-Strict
RUN_205,TRIAD_069,B04_GapGuard-Raw_B3000,T,1343723075,1879155201,96,Det/images/normal_train/01295126.png,0,04,learnable_hard,0.5900275951,0.315,0.3195524205,normal_replay,GapCritical-Strict
RUN_205,TRIAD_069,B04_GapGuard-Raw_B3000,T,1343723075,1879155201,97,Det/images/normal_train/00970677.png,0,05,learnable_hard,0.3727264401,0.56,0.3391920912,normal_replay,GapCritical-Strict
RUN_205,TRIAD_069,B04_GapGuard-Raw_B3000,T,1343723075,1879155201,98,Det/images/normal_train/00957900.png,0,02,learnable_hard,0.4903044511,0.475,0.3430758542,normal_replay,GapCritical-Strict
RUN_205,TRIAD_069,B04_GapGuard-Raw_B3000,T,1343723075,1879155201,99,Det/images/normal_train/00923468.png,0,08,learnable_hard,0.6155436424,0.34,0.3500957298,normal_replay,GapCritical-Strict
RUN_205,TRIAD_069,B04_GapGuard-Raw_B3000,T,1343723075,1879155201,100,Det/images/normal_train/00494961.png,0,05,learnable_hard,0.5999734433,0.305,0.320157838,normal_replay,GapCritical-Strict
RUN_205,TRIAD_069,B04_GapGuard-Raw_B3000,T,1343723075,1879155201,101,Det/images/normal_train/00916476.png,0,00,learnable_hard,0.420817886,0.495,0.3706822688,normal_replay,GapCritical-Strict
RUN_205,TRIAD_069,B04_GapGuard-Raw_B3000,T,1343723075,1879155201,102,Det/images/normal_train/00282066.png,0,04,learnable_hard,0.5325883578,0.42,0.3565682092,normal_replay,GapCritical-Strict
RUN_205,TRIAD_069,B04_GapGuard-Raw_B3000,T,1343723075,1879155201,103,Det/images/normal_train/01261381.png,0,00,learnable_hard,0.5657240114,0.35,0.3481514119,normal_replay,GapCritical-Strict
RUN_205,TRIAD_069,B04_GapGuard-Raw_B3000,T,1343723075,1879155201,104,Det/images/normal_train/00166274.png,0,03,learnable_hard,0.5445596946,0.39,0.3480362126,normal_replay,GapCritical-Strict
RUN_205,TRIAD_069,B04_GapGuard-Raw_B3000,T,1343723075,1879155201,105,Det/images/normal_train/00534646.png,0,03,learnable_hard,0.6031969265,0.3,0.2922705122,normal_replay,GapCritical-Strict
RUN_205,TRIAD_069,B04_GapGuard-Raw_B3000,T,1343723075,1879155201,106,Det/images/normal_train/01012631.png,0,00,learnable_hard,0.5379798628,0.335,0.344008819,normal_replay,GapCritical-Strict
RUN_205,TRIAD_069,B04_GapGuard-Raw_B3000,T,1343723075,1879155201,107,Det/images/normal_train/00733818.png,0,07,learnable_hard,0.4216982582,0.535,0.3415346159,normal_replay,GapCritical-Strict
RUN_205,TRIAD_069,B04_GapGuard-Raw_B3000,T,1343723075,1879155201,108,Det/images/normal_train/00935766.png,0,09,learnable_hard,0.7204282588,0.19,0.3027570012,normal_replay,GapCritical-Strict
RUN_205,TRIAD_069,B04_GapGuard-Raw_B3000,T,1343723075,1879155201,109,Det/images/normal_train/00569541.png,0,02,learnable_hard,0.4545818927,0.45,0.325769545,normal_replay,GapCritical-Strict
RUN_205,TRIAD_069,B04_GapGuard-Raw_B3000,T,1343723075,1879155201,110,Det/images/normal_train/00566405.png,0,07,learnable_hard,0.4841590888,0.435,0.3346326636,normal_replay,GapCritical-Strict
RUN_205,TRIAD_069,B04_GapGuard-Raw_B3000,T,1343723075,1879155201,111,Det/images/normal_train/00702427.png,0,06,learnable_hard,0.5110746324,0.415,0.2992358995,normal_replay,GapCritical-Strict
RUN_205,TRIAD_069,B04_GapGuard-Raw_B3000,T,1343723075,1879155201,112,Det/images/normal_train/00688062.png,0,05,learnable_hard,0.7828276751,0.215,0.315238371,normal_replay,GapCritical-Strict
RUN_205,TRIAD_069,B04_GapGuard-Raw_B3000,T,1343723075,1879155201,113,Det/images/normal_train/00419255.png,0,04,learnable_hard,0.3974974893,0.54,0.2948190878,normal_replay,GapCritical-Strict
RUN_205,TRIAD_069,B04_GapGuard-Raw_B3000,T,1343723075,1879155201,114,Det/images/normal_train/00195836.png,0,08,learnable_hard,0.4479080084,0.44,0.3243140334,normal_replay,GapCritical-Strict
RUN_205,TRIAD_069,B04_GapGuard-Raw_B3000,T,1343723075,1879155201,115,Det/images/normal_train/00200411.png,0,02,learnable_hard,0.5796944131,0.335,0.3194922424,normal_replay,GapCritical-Strict
RUN_205,TRIAD_069,B04_GapGuard-Raw_B3000,T,1343723075,1879155201,116,Det/images/normal_train/01233795.png,0,09,learnable_hard,0.4778896985,0.475,0.3412679433,normal_replay,GapCritical-Strict
RUN_205,TRIAD_069,B04_GapGuard-Raw_B3000,T,1343723075,1879155201,117,Det/images/normal_train/00488119.png,0,05,learnable_hard,0.6209240966,0.335,0.3103744807,normal_replay,GapCritical-Strict
RUN_205,TRIAD_069,B04_GapGuard-Raw_B3000,T,1343723075,1879155201,118,Det/images/normal_train/00175714.png,0,06,learnable_hard,0.4130460378,0.54,0.3482764166,normal_replay,GapCritical-Strict
RUN_205,TRIAD_069,B04_GapGuard-Raw_B3000,T,1343723075,1879155201,119,Det/images/normal_train/00425093.png,0,02,learnable_hard,0.7505213666,0.18,0.3158376514,normal_replay,GapCritical-Strict
RUN_205,TRIAD_069,B04_GapGuard-Raw_B3000,T,1343723075,1879155201,120,Det/images/normal_train/00263170.png,0,07,learnable_hard,0.5461038603,0.425,0.3358441517,normal_replay,GapCritical-Strict
RUN_205,TRIAD_069,B04_GapGuard-Raw_B3000,T,1343723075,1879155201,121,Det/images/normal_train/00244763.png,0,07,learnable_hard,0.5513469413,0.435,0.3168845851,normal_replay,GapCritical-Strict
RUN_205,TRIAD_069,B04_GapGuard-Raw_B3000,T,1343723075,1879155201,122,Det/images/normal_train/00752583.png,0,08,learnable_hard,0.436837727,0.47,0.3242380673,normal_replay,GapCritical-Strict
RUN_205,TRIAD_069,B04_GapGuard-Raw_B3000,T,1343723075,1879155201,123,Det/images/normal_train/00410400.png,0,00,learnable_hard,0.4119133036,0.55,0.3747691626,normal_replay,GapCritical-Strict
RUN_205,TRIAD_069,B04_GapGuard-Raw_B3000,T,1343723075,1879155201,124,Det/images/normal_train/00655477.png,0,08,learnable_hard,0.4687987042,0.495,0.3132942733,normal_replay,GapCritical-Strict
RUN_205,TRIAD_069,B04_GapGuard-Raw_B3000,T,1343723075,1879155201,125,Det/images/normal_train/00954832.png,0,03,learnable_hard,0.5695951387,0.27,0.2962880366,normal_replay,GapCritical-Strict
RUN_205,TRIAD_069,B04_GapGuard-Raw_B3000,T,1343723075,1879155201,126,Det/images/normal_train/00886601.png,0,09,learnable_hard,0.4764291258,0.41,0.3440627551,normal_replay,GapCritical-Strict
RUN_205,TRIAD_069,B04_GapGuard-Raw_B3000,T,1343723075,1879155201,127,Det/images/normal_train/00668749.png,0,04,learnable_hard,0.3805539098,0.56,0.3419819155,normal_replay,GapCritical-Strict
RUN_205,TRIAD_069,B04_GapGuard-Raw_B3000,T,1343723075,1879155201,128,Det/images/normal_train/00547796.png,0,05,learnable_hard,0.6041611269,0.335,0.3333104804,normal_replay,GapCritical-Strict
RUN_205,TRIAD_069,B04_GapGuard-Raw_B3000,T,1343723075,1879155201,129,Det/images/normal_train/00605776.png,0,01,learnable_hard,0.4613082573,0.445,0.2876591242,normal_replay,GapCritical-Strict
RUN_205,TRIAD_069,B04_GapGuard-Raw_B3000,T,1343723075,1879155201,130,Det/images/normal_train/00863042.png,0,07,learnable_hard,0.7036264168,0.215,0.2991099042,normal_replay,GapCritical-Strict
RUN_205,TRIAD_069,B04_GapGuard-Raw_B3000,T,1343723075,1879155201,131,Det/images/normal_train/00839295.png,0,06,learnable_hard,0.4271939399,0.59,0.3021275646,normal_replay,GapCritical-Strict
RUN_205,TRIAD_069,B04_GapGuard-Raw_B3000,T,1343723075,1879155201,132,Det/images/normal_train/01281553.png,0,05,learnable_hard,0.3728481463,0.535,0.332235999,normal_replay,GapCritical-Strict
RUN_205,TRIAD_069,B04_GapGuard-Raw_B3000,T,1343723075,1879155201,133,Det/images/normal_train/00219461.png,0,09,learnable_hard,0.6168148655,0.365,0.3071115781,normal_replay,GapCritical-Strict
RUN_205,TRIAD_069,B04_GapGuard-Raw_B3000,T,1343723075,1879155201,134,Det/images/normal_train/00825098.png,0,02,learnable_hard,0.4063887191,0.585,0.3500420224,normal_replay,GapCritical-Strict
RUN_205,TRIAD_069,B04_GapGuard-Raw_B3000,T,1343723075,1879155201,135,Det/images/normal_train/00411950.png,0,06,learnable_hard,0.4307648126,0.475,0.3271184214,normal_replay,GapCritical-Strict
RUN_205,TRIAD_069,B04_GapGuard-Raw_B3000,T,1343723075,1879155201,136,Det/images/normal_train/01251785.png,0,04,learnable_hard,0.7261588955,0.22,0.3021891669,normal_replay,GapCritical-Strict
RUN_205,TRIAD_069,B04_GapGuard-Raw_B3000,T,1343723075,1879155201,137,Det/images/normal_train/00330921.png,0,00,learnable_hard,0.5108991151,0.415,0.3339635351,normal_replay,GapCritical-Strict
RUN_205,TRIAD_069,B04_GapGuard-Raw_B3000,T,1343723075,1879155201,138,Det/images/normal_train/00880150.png,0,07,learnable_hard,0.3393554134,0.645,0.3378011218,normal_replay,GapCritical-Strict
RUN_205,TRIAD_069,B04_GapGuard-Raw_B3000,T,1343723075,1879155201,139,Det/images/normal_train/01011122.png,0,07,learnable_hard,0.5344569427,0.435,0.3186092458,normal_replay,GapCritical-Strict
RUN_205,TRIAD_069,B04_GapGuard-Raw_B3000,T,1343723075,1879155201,140,Det/images/normal_train/01170250.png,0,09,learnable_hard,0.6111150455,0.33,0.3067706652,normal_replay,GapCritical-Strict
RUN_205,TRIAD_069,B04_GapGuard-Raw_B3000,T,1343723075,1879155201,141,Det/images/normal_train/00392585.png,0,08,learnable_hard,0.5364085451,0.365,0.3168242897,normal_replay,GapCritical-Strict
RUN_205,TRIAD_069,B04_GapGuard-Raw_B3000,T,1343723075,1879155201,142,Det/images/normal_train/00807230.png,0,08,learnable_hard,0.5502561765,0.33,0.2891538646,normal_replay,GapCritical-Strict
RUN_205,TRIAD_069,B04_GapGuard-Raw_B3000,T,1343723075,1879155201,143,Det/images/normal_train/00292972.png,0,00,learnable_hard,0.5842782148,0.345,0.3467135566,normal_replay,GapCritical-Strict
RUN_205,TRIAD_069,B04_GapGuard-Raw_B3000,T,1343723075,1879155201,144,Det/images/normal_train/01085279.png,0,07,learnable_hard,0.4294002217,0.54,0.3293353384,normal_replay,GapCritical-Strict
RUN_205,TRIAD_069,B04_GapGuard-Raw_B3000,T,1343723075,1879155201,145,Det/images/normal_train/00318524.png,0,01,learnable_hard,0.4676887297,0.525,0.2858758066,normal_replay,GapCritical-Strict
RUN_205,TRIAD_069,B04_GapGuard-Raw_B3000,T,1343723075,1879155201,146,Det/images/normal_train/00218760.png,0,09,learnable_hard,0.3767891684,0.54,0.3103964664,normal_replay,GapCritical-Strict
RUN_205,TRIAD_069,B04_GapGuard-Raw_B3000,T,1343723075,1879155201,147,Det/images/normal_train/00150766.png,0,00,learnable_hard,0.4510035892,0.45,0.34558357,normal_replay,GapCritical-Strict
RUN_205,TRIAD_069,B04_GapGuard-Raw_B3000,T,1343723075,1879155201,148,Det/images/normal_train/00937146.png,0,05,learnable_hard,0.6458829991,0.225,0.3014758969,normal_replay,GapCritical-Strict
RUN_205,TRIAD_069,B04_GapGuard-Raw_B3000,T,1343723075,1879155201,149,Det/images/normal_train/01005186.png,0,09,learnable_hard,0.5065205665,0.42,0.2939713304,normal_replay,GapCritical-Strict
RUN_205,TRIAD_069,B04_GapGuard-Raw_B3000,T,1343723075,1879155201,150,Det/images/normal_train/00793171.png,0,05,learnable_hard,0.4183451247,0.505,0.3339626135,normal_replay,GapCritical-Strict
RUN_205,TRIAD_069,B04_GapGuard-Raw_B3000,T,1343723075,1879155201,151,Det/images/normal_train/01126302.png,0,06,learnable_hard,0.4771961829,0.415,0.3137323512,normal_replay,GapCritical-Strict
RUN_205,TRIAD_069,B04_GapGuard-Raw_B3000,T,1343723075,1879155201,152,Det/images/normal_train/00364544.png,0,08,learnable_hard,0.5432854742,0.34,0.2807113992,normal_replay,GapCritical-Strict
RUN_205,TRIAD_069,B04_GapGuard-Raw_B3000,T,1343723075,1879155201,153,Det/images/normal_train/00497811.png,0,01,learnable_hard,0.7285215282,0.285,0.3085536263,normal_replay,GapCritical-Strict
RUN_205,TRIAD_069,B04_GapGuard-Raw_B3000,T,1343723075,1879155201,154,Det/images/normal_train/01030090.png,0,04,learnable_hard,0.3904992107,0.515,0.3381174173,normal_replay,GapCritical-Strict
RUN_205,TRIAD_069,B04_GapGuard-Raw_B3000,T,1343723075,1879155201,155,Det/images/normal_train/00169892.png,0,06,learnable_hard,0.5298390808,0.305,0.2991923496,normal_replay,GapCritical-Strict
RUN_205,TRIAD_069,B04_GapGuard-Raw_B3000,T,1343723075,1879155201,156,Det/images/normal_train/00276634.png,0,03,learnable_hard,0.5031163163,0.415,0.3427361937,normal_replay,GapCritical-Strict
RUN_205,TRIAD_069,B04_GapGuard-Raw_B3000,T,1343723075,1879155201,157,Det/images/normal_train/00562761.png,0,08,learnable_hard,0.414086461,0.555,0.3355749914,normal_replay,GapCritical-Strict
RUN_205,TRIAD_069,B04_GapGuard-Raw_B3000,T,1343723075,1879155201,158,Det/images/normal_train/01284790.png,0,00,learnable_hard,0.6817074938,0.31,0.3314903882,normal_replay,GapCritical-Strict
RUN_205,TRIAD_069,B04_GapGuard-Raw_B3000,T,1343723075,1879155201,159,Det/images/normal_train/00211400.png,0,06,learnable_hard,0.6075033076,0.3,0.2951729072,normal_replay,GapCritical-Strict
RUN_205,TRIAD_069,B04_GapGuard-Raw_B3000,T,1343723075,1879155201,160,Det/images/normal_train/00403865.png,0,03,learnable_hard,0.562941133,0.355,0.3328845094,normal_replay,GapCritical-Strict
RUN_205,TRIAD_069,B04_GapGuard-Raw_B3000,T,1343723075,1879155201,161,Det/images/normal_train/00337339.png,0,07,learnable_hard,0.5841503183,0.25,0.2680429576,normal_replay,GapCritical-Strict
RUN_205,TRIAD_069,B04_GapGuard-Raw_B3000,T,1343723075,1879155201,162,Det/images/normal_train/00374247.png,0,06,learnable_hard,0.6091738825,0.285,0.3429329388,normal_replay,GapCritical-Strict
RUN_205,TRIAD_069,B04_GapGuard-Raw_B3000,T,1343723075,1879155201,163,Det/images/normal_train/01012588.png,0,00,learnable_hard,0.6460877436,0.28,0.3413127775,normal_replay,GapCritical-Strict
RUN_205,TRIAD_069,B04_GapGuard-Raw_B3000,T,1343723075,1879155201,164,Det/images/normal_train/01273498.png,0,06,learnable_hard,0.6878292334,0.265,0.3037310185,normal_replay,GapCritical-Strict
RUN_205,TRIAD_069,B04_GapGuard-Raw_B3000,T,1343723075,1879155201,165,Det/images/normal_train/00782074.png,0,02,learnable_hard,0.4039325173,0.625,0.3207303504,normal_replay,GapCritical-Strict
RUN_205,TRIAD_069,B04_GapGuard-Raw_B3000,T,1343723075,1879155201,166,Det/images/normal_train/00966280.png,0,07,learnable_hard,0.3589006016,0.6,0.295834747,normal_replay,GapCritical-Strict
RUN_205,TRIAD_069,B04_GapGuard-Raw_B3000,T,1343723075,1879155201,167,Det/images/normal_train/01199387.png,0,03,learnable_hard,0.5870300682,0.295,0.3048139954,normal_replay,GapCritical-Strict
RUN_205,TRIAD_069,B04_GapGuard-Raw_B3000,T,1343723075,1879155201,168,Det/images/normal_train/00888336.png,0,08,learnable_hard,0.3639795477,0.6,0.3467662515,normal_replay,GapCritical-Strict
RUN_205,TRIAD_069,B04_GapGuard-Raw_B3000,T,1343723075,1879155201,169,Det/images/normal_train/00685900.png,0,08,learnable_hard,0.4264098224,0.485,0.3118106487,normal_replay,GapCritical-Strict
RUN_205,TRIAD_069,B04_GapGuard-Raw_B3000,T,1343723075,1879155201,170,Det/images/normal_train/00286748.png,0,06,learnable_hard,0.3120336745,0.67,0.3210518273,normal_replay,GapCritical-Strict
RUN_205,TRIAD_069,B04_GapGuard-Raw_B3000,T,1343723075,1879155201,171,Det/images/normal_train/00289918.png,0,07,learnable_hard,0.5197490562,0.4,0.2972721018,normal_replay,GapCritical-Strict
RUN_205,TRIAD_069,B04_GapGuard-Raw_B3000,T,1343723075,1879155201,172,Det/images/normal_train/00224911.png,0,00,learnable_hard,0.4722705601,0.475,0.3059041644,normal_replay,GapCritical-Strict
RUN_205,TRIAD_069,B04_GapGuard-Raw_B3000,T,1343723075,1879155201,173,Det/images/normal_train/00683865.png,0,07,learnable_hard,0.4771055213,0.42,0.331724464,normal_replay,GapCritical-Strict
RUN_205,TRIAD_069,B04_GapGuard-Raw_B3000,T,1343723075,1879155201,174,Det/images/normal_train/00728231.png,0,03,learnable_hard,0.5181234934,0.36,0.2955850726,normal_replay,GapCritical-Strict
RUN_205,TRIAD_069,B04_GapGuard-Raw_B3000,T,1343723075,1879155201,175,Det/images/normal_train/01173726.png,0,01,learnable_hard,0.6348869565,0.285,0.3093633306,normal_replay,GapCritical-Strict
RUN_205,TRIAD_069,B04_GapGuard-Raw_B3000,T,1343723075,1879155201,176,Det/images/normal_train/00254084.png,0,03,learnable_hard,0.6224039283,0.205,0.2896128311,normal_replay,GapCritical-Strict
RUN_205,TRIAD_069,B04_GapGuard-Raw_B3000,T,1343723075,1879155201,177,Det/images/normal_train/00392586.png,0,08,learnable_hard,0.5003591143,0.41,0.3196986462,normal_replay,GapCritical-Strict
RUN_205,TRIAD_069,B04_GapGuard-Raw_B3000,T,1343723075,1879155201,178,Det/images/normal_train/00584717.png,0,05,learnable_hard,0.4881047186,0.465,0.2880273776,normal_replay,GapCritical-Strict
RUN_205,TRIAD_069,B04_GapGuard-Raw_B3000,T,1343723075,1879155201,179,Det/images/normal_train/00884709.png,0,09,learnable_hard,0.4304896709,0.49,0.3212188009,normal_replay,GapCritical-Strict
RUN_205,TRIAD_069,B04_GapGuard-Raw_B3000,T,1343723075,1879155201,180,Det/images/normal_train/00654528.png,0,02,learnable_hard,0.34266308,0.63,0.295775884,normal_replay,GapCritical-Strict
RUN_205,TRIAD_069,B04_GapGuard-Raw_B3000,T,1343723075,1879155201,181,Det/images/normal_train/00248276.png,0,00,learnable_hard,0.4504818956,0.505,0.3205744351,normal_replay,GapCritical-Strict
RUN_205,TRIAD_069,B04_GapGuard-Raw_B3000,T,1343723075,1879155201,182,Det/images/normal_train/00781828.png,0,02,learnable_hard,0.6083541066,0.29,0.2771529235,normal_replay,GapCritical-Strict
RUN_205,TRIAD_069,B04_GapGuard-Raw_B3000,T,1343723075,1879155201,183,Det/images/normal_train/01075342.png,0,05,learnable_hard,0.4891104884,0.4,0.2871798501,normal_replay,GapCritical-Strict
RUN_205,TRIAD_069,B04_GapGuard-Raw_B3000,T,1343723075,1879155201,184,Det/images/normal_train/00696202.png,0,03,learnable_hard,0.3305157813,0.665,0.2844037663,normal_replay,GapCritical-Strict
RUN_205,TRIAD_069,B04_GapGuard-Raw_B3000,T,1343723075,1879155201,185,Det/images/normal_train/01058187.png,0,03,learnable_hard,0.4653572396,0.455,0.3055917567,normal_replay,GapCritical-Strict
RUN_205,TRIAD_069,B04_GapGuard-Raw_B3000,T,1343723075,1879155201,186,Det/images/normal_train/01075426.png,0,05,learnable_hard,0.7626293461,0.185,0.3015558387,normal_replay,GapCritical-Strict
RUN_205,TRIAD_069,B04_GapGuard-Raw_B3000,T,1343723075,1879155201,187,Det/images/normal_train/00783562.png,0,01,learnable_hard,0.4211851186,0.545,0.3114471558,normal_replay,GapCritical-Strict
RUN_205,TRIAD_069,B04_GapGuard-Raw_B3000,T,1343723075,1879155201,188,Det/images/normal_train/00399383.png,0,08,learnable_hard,0.3964751468,0.605,0.2766884929,normal_replay,GapCritical-Strict
RUN_205,TRIAD_069,B04_GapGuard-Raw_B3000,T,1343723075,1879155201,189,Det/images/normal_train/00488061.png,0,05,learnable_hard,0.4632236836,0.51,0.3103128044,normal_replay,GapCritical-Strict
RUN_205,TRIAD_069,B04_GapGuard-Raw_B3000,T,1343723075,1879155201,190,Det/images/normal_train/00715756.png,0,09,learnable_hard,0.394845154,0.585,0.2836080144,normal_replay,GapCritical-Strict
RUN_205,TRIAD_069,B04_GapGuard-Raw_B3000,T,1343723075,1879155201,191,Det/images/normal_train/00331282.png,0,02,learnable_hard,0.6112856353,0.305,0.32658131,normal_replay,GapCritical-Strict
RUN_205,TRIAD_069,B04_GapGuard-Raw_B3000,T,1343723075,1879155201,192,Det/images/normal_train/00710921.png,0,01,learnable_hard,0.5498992925,0.385,0.2836975639,normal_replay,GapCritical-Strict
RUN_205,TRIAD_069,B04_GapGuard-Raw_B3000,T,1343723075,1879155201,193,Det/images/normal_train/00383046.png,0,02,learnable_hard,0.5988318301,0.32,0.3191950045,normal_replay,GapCritical-Strict
RUN_205,TRIAD_069,B04_GapGuard-Raw_B3000,T,1343723075,1879155201,194,Det/images/normal_train/00619250.png,0,04,learnable_hard,0.5268571068,0.385,0.3137601614,normal_replay,GapCritical-Strict
RUN_205,TRIAD_069,B04_GapGuard-Raw_B3000,T,1343723075,1879155201,195,Det/images/normal_train/00877861.png,0,04,learnable_hard,0.4969013437,0.42,0.3147268683,normal_replay,GapCritical-Strict
RUN_205,TRIAD_069,B04_GapGuard-Raw_B3000,T,1343723075,1879155201,196,Det/images/normal_train/01049485.png,0,08,learnable_hard,0.3829267315,0.58,0.2692759261,normal_replay,GapCritical-Strict
RUN_205,TRIAD_069,B04_GapGuard-Raw_B3000,T,1343723075,1879155201,197,Det/images/normal_train/00570993.png,0,02,learnable_hard,0.7193297819,0.21,0.2821349861,normal_replay,GapCritical-Strict
RUN_205,TRIAD_069,B04_GapGuard-Raw_B3000,T,1343723075,1879155201,198,Det/images/normal_train/00417103.png,0,07,learnable_hard,0.4572287254,0.51,0.3087360712,normal_replay,GapCritical-Strict
RUN_205,TRIAD_069,B04_GapGuard-Raw_B3000,T,1343723075,1879155201,199,Det/images/normal_train/01063436.png,0,02,learnable_hard,0.4015341339,0.505,0.2892496805,normal_replay,GapCritical-Strict
RUN_205,TRIAD_069,B04_GapGuard-Raw_B3000,T,1343723075,1879155201,200,Det/images/normal_train/00727239.png,0,04,learnable_hard,0.4182508939,0.47,0.3086445067,normal_replay,GapCritical-Strict
RUN_205,TRIAD_069,B04_GapGuard-Raw_B3000,T,1343723075,1879155201,201,Det/images/normal_train/00282064.png,0,04,learnable_hard,0.5433165418,0.405,0.3390227796,normal_replay,GapCritical-Strict
RUN_205,TRIAD_069,B04_GapGuard-Raw_B3000,T,1343723075,1879155201,202,Det/images/normal_train/01278273.png,0,05,learnable_hard,0.6230927027,0.405,0.3205112685,normal_replay,GapCritical-Strict
RUN_205,TRIAD_069,B04_GapGuard-Raw_B3000,T,1343723075,1879155201,203,Det/images/normal_train/01262926.png,0,00,learnable_hard,0.5926658719,0.29,0.2948031194,normal_replay,GapCritical-Strict
RUN_205,TRIAD_069,B04_GapGuard-Raw_B3000,T,1343723075,1879155201,204,Det/images/normal_train/00169156.png,0,06,learnable_hard,0.490907409,0.4,0.2824131711,normal_replay,GapCritical-Strict
RUN_205,TRIAD_069,B04_GapGuard-Raw_B3000,T,1343723075,1879155201,205,Det/images/normal_train/00391859.png,0,02,learnable_hard,0.4706171244,0.48,0.3159141408,normal_replay,GapCritical-Strict
RUN_205,TRIAD_069,B04_GapGuard-Raw_B3000,T,1343723075,1879155201,206,Det/images/normal_train/00839141.png,0,06,learnable_hard,0.409845159,0.615,0.2978589073,normal_replay,GapCritical-Strict
RUN_205,TRIAD_069,B04_GapGuard-Raw_B3000,T,1343723075,1879155201,207,Det/images/normal_train/00282076.png,0,04,learnable_hard,0.7604352622,0.215,0.3238292078,normal_replay,GapCritical-Strict
RUN_205,TRIAD_069,B04_GapGuard-Raw_B3000,T,1343723075,1879155201,208,Det/images/normal_train/00182423.png,0,08,learnable_hard,0.3521150292,0.625,0.2939598669,normal_replay,GapCritical-Strict
RUN_205,TRIAD_069,B04_GapGuard-Raw_B3000,T,1343723075,1879155201,209,Det/images/normal_train/00426929.png,0,00,learnable_hard,0.7164720194,0.22,0.3161429652,normal_replay,GapCritical-Strict
RUN_205,TRIAD_069,B04_GapGuard-Raw_B3000,T,1343723075,1879155201,210,Det/images/normal_train/01243765.png,0,00,learnable_hard,0.7435583931,0.19,0.2963247112,normal_replay,GapCritical-Strict
RUN_205,TRIAD_069,B04_GapGuard-Raw_B3000,T,1343723075,1879155201,211,Det/images/normal_train/00954080.png,0,03,learnable_hard,0.3492608436,0.59,0.2840639953,normal_replay,GapCritical-Strict
RUN_205,TRIAD_069,B04_GapGuard-Raw_B3000,T,1343723075,1879155201,212,Det/images/normal_train/00249032.png,0,09,learnable_hard,0.2920111032,0.7,0.291364548,normal_replay,GapCritical-Strict
RUN_205,TRIAD_069,B04_GapGuard-Raw_B3000,T,1343723075,1879155201,213,Det/images/normal_train/00752788.png,0,08,learnable_hard,0.6628002113,0.31,0.3038568598,normal_replay,GapCritical-Strict
RUN_205,TRIAD_069,B04_GapGuard-Raw_B3000,T,1343723075,1879155201,214,Det/images/normal_train/00541059.png,0,08,learnable_hard,0.5985211655,0.285,0.2918912292,normal_replay,GapCritical-Strict
RUN_205,TRIAD_069,B04_GapGuard-Raw_B3000,T,1343723075,1879155201,215,Det/images/normal_train/00577752.png,0,05,learnable_hard,0.4813351181,0.42,0.289983118,normal_replay,GapCritical-Strict
RUN_205,TRIAD_069,B04_GapGuard-Raw_B3000,T,1343723075,1879155201,216,Det/images/normal_train/00497038.png,0,01,learnable_hard,0.4617369542,0.43,0.3013934185,normal_replay,GapCritical-Strict
RUN_205,TRIAD_069,B04_GapGuard-Raw_B3000,T,1343723075,1879155201,217,Det/images/normal_train/00484576.png,0,07,learnable_hard,0.4327810533,0.58,0.2804387603,normal_replay,GapCritical-Strict
RUN_205,TRIAD_069,B04_GapGuard-Raw_B3000,T,1343723075,1879155201,218,Det/images/normal_train/01202671.png,0,08,learnable_hard,0.5055648817,0.32,0.3037698557,normal_replay,GapCritical-Strict
RUN_205,TRIAD_069,B04_GapGuard-Raw_B3000,T,1343723075,1879155201,219,Det/images/normal_train/00595537.png,0,01,learnable_hard,0.6005417623,0.26,0.3150512098,normal_replay,GapCritical-Strict
RUN_205,TRIAD_069,B04_GapGuard-Raw_B3000,T,1343723075,1879155201,220,Det/images/normal_train/00252085.png,0,08,learnable_hard,0.6771556838,0.3,0.2843846221,normal_replay,GapCritical-Strict
RUN_205,TRIAD_069,B04_GapGuard-Raw_B3000,T,1343723075,1879155201,221,Det/images/normal_train/00184646.png,0,05,learnable_hard,0.3251674989,0.63,0.2850812414,normal_replay,GapCritical-Strict
RUN_205,TRIAD_069,B04_GapGuard-Raw_B3000,T,1343723075,1879155201,222,Det/images/normal_train/00708058.png,0,03,learnable_hard,0.6751877503,0.21,0.297383871,normal_replay,GapCritical-Strict
RUN_205,TRIAD_069,B04_GapGuard-Raw_B3000,T,1343723075,1879155201,223,Det/images/normal_train/01023837.png,0,00,learnable_hard,0.4611835585,0.505,0.3100856167,normal_replay,GapCritical-Strict
RUN_205,TRIAD_069,B04_GapGuard-Raw_B3000,T,1343723075,1879155201,224,Det/images/normal_train/01278019.png,0,05,learnable_hard,0.6942989723,0.345,0.2994890657,normal_replay,GapCritical-Strict
RUN_205,TRIAD_069,B04_GapGuard-Raw_B3000,T,1343723075,1879155201,225,Det/images/normal_train/00591230.png,0,07,learnable_hard,0.399594138,0.49,0.2975534189,normal_replay,GapCritical-Strict
RUN_205,TRIAD_069,B04_GapGuard-Raw_B3000,T,1343723075,1879155201,226,Det/images/normal_train/00987614.png,0,05,learnable_hard,0.7661845435,0.16,0.2878554469,normal_replay,GapCritical-Strict
RUN_205,TRIAD_069,B04_GapGuard-Raw_B3000,T,1343723075,1879155201,227,Det/images/normal_train/01283517.png,0,06,learnable_hard,0.3732034182,0.555,0.3031599573,normal_replay,GapCritical-Strict
RUN_205,TRIAD_069,B04_GapGuard-Raw_B3000,T,1343723075,1879155201,228,Det/images/normal_train/00872090.png,0,03,learnable_hard,0.6730594527,0.225,0.2848607797,normal_replay,GapCritical-Strict
RUN_205,TRIAD_069,B04_GapGuard-Raw_B3000,T,1343723075,1879155201,229,Det/images/normal_train/00875513.png,0,06,learnable_hard,0.3951013059,0.555,0.3223591965,normal_replay,GapCritical-Strict
RUN_205,TRIAD_069,B04_GapGuard-Raw_B3000,T,1343723075,1879155201,230,Det/images/normal_train/00388276.png,0,00,learnable_hard,0.6351687076,0.315,0.3017308412,normal_replay,GapCritical-Strict
RUN_205,TRIAD_069,B04_GapGuard-Raw_B3000,T,1343723075,1879155201,231,Det/images/normal_train/00252064.png,0,08,learnable_hard,0.5868243861,0.325,0.2990982372,normal_replay,GapCritical-Strict
RUN_205,TRIAD_069,B04_GapGuard-Raw_B3000,T,1343723075,1879155201,232,Det/images/normal_train/00511269.png,0,02,learnable_hard,0.6273807411,0.305,0.2857872455,normal_replay,GapCritical-Strict
RUN_205,TRIAD_069,B04_GapGuard-Raw_B3000,T,1343723075,1879155201,233,Det/images/normal_train/00362827.png,0,08,learnable_hard,0.4051864266,0.47,0.2700696974,normal_replay,GapCritical-Strict
RUN_205,TRIAD_069,B04_GapGuard-Raw_B3000,T,1343723075,1879155201,234,Det/images/normal_train/00518879.png,0,09,learnable_hard,0.3988966039,0.57,0.2718531991,normal_replay,GapCritical-Strict
RUN_205,TRIAD_069,B04_GapGuard-Raw_B3000,T,1343723075,1879155201,235,Det/images/normal_train/00920456.png,0,09,learnable_hard,0.390024425,0.595,0.2863457681,normal_replay,GapCritical-Strict
RUN_205,TRIAD_069,B04_GapGuard-Raw_B3000,T,1343723075,1879155201,236,Det/images/normal_train/00522012.png,0,07,learnable_hard,0.3697409876,0.58,0.3018390776,normal_replay,GapCritical-Strict
RUN_205,TRIAD_069,B04_GapGuard-Raw_B3000,T,1343723075,1879155201,237,Det/images/normal_train/00542019.png,0,04,learnable_hard,0.489056939,0.365,0.3023677984,normal_replay,GapCritical-Strict
RUN_205,TRIAD_069,B04_GapGuard-Raw_B3000,T,1343723075,1879155201,238,Det/images/normal_train/00420900.png,0,05,learnable_hard,0.3632061456,0.645,0.324503681,normal_replay,GapCritical-Strict
RUN_205,TRIAD_069,B04_GapGuard-Raw_B3000,T,1343723075,1879155201,239,Det/images/normal_train/00183085.png,0,09,learnable_hard,0.3839934439,0.56,0.2847409375,normal_replay,GapCritical-Strict
RUN_205,TRIAD_069,B04_GapGuard-Raw_B3000,T,1343723075,1879155201,240,Det/images/normal_train/00988273.png,0,07,learnable_hard,0.4988712281,0.41,0.2857780944,normal_replay,GapCritical-Strict
RUN_205,TRIAD_069,B04_GapGuard-Raw_B3000,T,1343723075,1879155201,241,Det/images/normal_train/00590002.png,0,04,learnable_hard,0.5088944578,0.4,0.2926013514,normal_replay,GapCritical-Strict
RUN_205,TRIAD_069,B04_GapGuard-Raw_B3000,T,1343723075,1879155201,242,Det/images/normal_train/00970656.png,0,05,learnable_hard,0.3902952877,0.595,0.3001906317,normal_replay,GapCritical-Strict
RUN_205,TRIAD_069,B04_GapGuard-Raw_B3000,T,1343723075,1879155201,243,Det/images/normal_train/00829301.png,0,09,learnable_hard,0.4580953224,0.505,0.3407089711,normal_replay,GapCritical-Strict
RUN_205,TRIAD_069,B04_GapGuard-Raw_B3000,T,1343723075,1879155201,244,Det/images/normal_train/00876003.png,0,04,learnable_hard,0.5477941026,0.325,0.3004392205,normal_replay,GapCritical-Strict
RUN_205,TRIAD_069,B04_GapGuard-Raw_B3000,T,1343723075,1879155201,245,Det/images/normal_train/00796488.png,0,04,learnable_hard,0.3457508073,0.64,0.297881158,normal_replay,GapCritical-Strict
RUN_205,TRIAD_069,B04_GapGuard-Raw_B3000,T,1343723075,1879155201,246,Det/images/normal_train/01199402.png,0,03,learnable_hard,0.6841716989,0.26,0.3228897207,normal_replay,GapCritical-Strict
RUN_205,TRIAD_069,B04_GapGuard-Raw_B3000,T,1343723075,1879155201,247,Det/images/normal_train/00260553.png,0,09,learnable_hard,0.3958155758,0.52,0.3033464466,normal_replay,GapCritical-Strict
RUN_205,TRIAD_069,B04_GapGuard-Raw_B3000,T,1343723075,1879155201,248,Det/images/normal_train/01000733.png,0,04,learnable_hard,0.545876212,0.36,0.296436735,normal_replay,GapCritical-Strict
RUN_205,TRIAD_069,B04_GapGuard-Raw_B3000,T,1343723075,1879155201,249,Det/images/normal_train/00737784.png,0,02,learnable_hard,0.7137874377,0.175,0.2994667267,normal_replay,GapCritical-Strict
RUN_205,TRIAD_069,B04_GapGuard-Raw_B3000,T,1343723075,1879155201,250,Det/images/normal_train/00804883.png,0,09,learnable_hard,0.5751213605,0.395,0.2869706058,normal_replay,GapCritical-Strict
RUN_205,TRIAD_069,B04_GapGuard-Raw_B3000,T,1343723075,1879155201,251,Det/images/normal_train/00547891.png,0,05,learnable_hard,0.4448795421,0.44,0.2813299325,normal_replay,GapCritical-Strict
RUN_205,TRIAD_069,B04_GapGuard-Raw_B3000,T,1343723075,1879155201,252,Det/images/normal_train/00396828.png,0,05,learnable_hard,0.5971590709,0.26,0.2810039165,normal_replay,GapCritical-Strict
RUN_205,TRIAD_069,B04_GapGuard-Raw_B3000,T,1343723075,1879155201,253,Det/images/normal_train/00839442.png,0,06,learnable_hard,0.4220201593,0.485,0.2875131734,normal_replay,GapCritical-Strict
RUN_205,TRIAD_069,B04_GapGuard-Raw_B3000,T,1343723075,1879155201,254,Det/images/normal_train/00529011.png,0,03,learnable_hard,0.606172345,0.255,0.2829921463,normal_replay,GapCritical-Strict
RUN_205,TRIAD_069,B04_GapGuard-Raw_B3000,T,1343723075,1879155201,255,Det/images/normal_train/00329779.png,0,03,learnable_hard,0.5101092955,0.32,0.2754958211,normal_replay,GapCritical-Strict
RUN_205,TRIAD_069,B04_GapGuard-Raw_B3000,T,1343723075,1879155201,256,Det/images/normal_train/00925359.png,0,09,learnable_hard,0.493021828,0.41,0.3067527583,normal_replay,GapCritical-Strict
RUN_205,TRIAD_069,B04_GapGuard-Raw_B3000,T,1343723075,1879155201,257,Det/images/normal_train/00364393.png,0,08,learnable_hard,0.619909905,0.225,0.293716909,normal_replay,GapCritical-Strict
RUN_205,TRIAD_069,B04_GapGuard-Raw_B3000,T,1343723075,1879155201,258,Det/images/normal_train/01275114.png,0,06,learnable_hard,0.6871232846,0.19,0.2800549475,normal_replay,GapCritical-Strict
RUN_205,TRIAD_069,B04_GapGuard-Raw_B3000,T,1343723075,1879155201,259,Det/images/normal_train/00762889.png,0,06,learnable_hard,0.3716320924,0.71,0.2728271165,normal_replay,GapCritical-Strict
RUN_205,TRIAD_069,B04_GapGuard-Raw_B3000,T,1343723075,1879155201,260,Det/images/normal_train/00559854.png,0,03,learnable_hard,0.4828945964,0.46,0.2886687408,normal_replay,GapCritical-Strict
RUN_205,TRIAD_069,B04_GapGuard-Raw_B3000,T,1343723075,1879155201,261,Det/images/normal_train/00603406.png,0,09,learnable_hard,0.5109495914,0.455,0.2719260818,normal_replay,GapCritical-Strict
RUN_205,TRIAD_069,B04_GapGuard-Raw_B3000,T,1343723075,1879155201,262,Det/images/normal_train/01199289.png,0,03,learnable_hard,0.6879384205,0.275,0.3170448699,normal_replay,GapCritical-Strict
RUN_205,TRIAD_069,B04_GapGuard-Raw_B3000,T,1343723075,1879155201,263,Det/images/normal_train/01006003.png,0,05,learnable_hard,0.6550760463,0.28,0.2830252171,normal_replay,GapCritical-Strict
RUN_205,TRIAD_069,B04_GapGuard-Raw_B3000,T,1343723075,1879155201,264,Det/images/normal_train/00405965.png,0,05,learnable_hard,0.3935147076,0.56,0.3279398557,normal_replay,GapCritical-Strict
RUN_205,TRIAD_069,B04_GapGuard-Raw_B3000,T,1343723075,1879155201,265,Det/images/normal_train/00915241.png,0,09,learnable_hard,0.5674868639,0.335,0.2644797909,normal_replay,GapCritical-Strict
RUN_205,TRIAD_069,B04_GapGuard-Raw_B3000,T,1343723075,1879155201,266,Det/images/normal_train/00924645.png,0,07,learnable_hard,0.3809706751,0.575,0.281075364,normal_replay,GapCritical-Strict
RUN_205,TRIAD_069,B04_GapGuard-Raw_B3000,T,1343723075,1879155201,267,Det/images/normal_train/00843324.png,0,06,learnable_hard,0.4542129092,0.51,0.3152055439,normal_replay,GapCritical-Strict
RUN_205,TRIAD_069,B04_GapGuard-Raw_B3000,T,1343723075,1879155201,268,Det/images/normal_train/00704495.png,0,06,learnable_hard,0.4429367411,0.49,0.2890282207,normal_replay,GapCritical-Strict
RUN_205,TRIAD_069,B04_GapGuard-Raw_B3000,T,1343723075,1879155201,269,Det/images/normal_train/01279777.png,0,06,learnable_hard,0.5666753057,0.34,0.2690776328,normal_replay,GapCritical-Strict
RUN_205,TRIAD_069,B04_GapGuard-Raw_B3000,T,1343723075,1879155201,270,Det/images/normal_train/00698710.png,0,08,learnable_hard,0.2405944563,0.78,0.279616599,normal_replay,GapCritical-Strict
RUN_205,TRIAD_069,B04_GapGuard-Raw_B3000,T,1343723075,1879155201,271,Det/images/normal_train/00944980.png,0,05,learnable_hard,0.4130531679,0.54,0.2726747596,normal_replay,GapCritical-Strict
RUN_205,TRIAD_069,B04_GapGuard-Raw_B3000,T,1343723075,1879155201,272,Det/images/normal_train/00591231.png,0,07,learnable_hard,0.3839173506,0.53,0.2829272435,normal_replay,GapCritical-Strict
RUN_205,TRIAD_069,B04_GapGuard-Raw_B3000,T,1343723075,1879155201,273,Det/images/normal_train/00933057.png,0,03,learnable_hard,0.413091701,0.63,0.3115783495,normal_replay,GapCritical-Strict
RUN_205,TRIAD_069,B04_GapGuard-Raw_B3000,T,1343723075,1879155201,274,Det/images/normal_train/00584009.png,0,05,learnable_hard,0.2649344612,0.7,0.2947321623,normal_replay,GapCritical-Strict
RUN_205,TRIAD_069,B04_GapGuard-Raw_B3000,T,1343723075,1879155201,275,Det/images/normal_train/00427007.png,0,04,learnable_hard,0.3757075034,0.595,0.3119501704,normal_replay,GapCritical-Strict
RUN_205,TRIAD_069,B04_GapGuard-Raw_B3000,T,1343723075,1879155201,276,Det/images/normal_train/00948742.png,0,07,learnable_hard,0.4382485014,0.505,0.2562324248,normal_replay,GapCritical-Strict
RUN_205,TRIAD_069,B04_GapGuard-Raw_B3000,T,1343723075,1879155201,277,Det/images/normal_train/00673422.png,0,02,learnable_hard,0.5235602473,0.395,0.2787471934,normal_replay,GapCritical-Strict
RUN_205,TRIAD_069,B04_GapGuard-Raw_B3000,T,1343723075,1879155201,278,Det/images/normal_train/00923255.png,0,08,learnable_hard,0.483288178,0.425,0.2680199635,normal_replay,GapCritical-Strict
RUN_205,TRIAD_069,B04_GapGuard-Raw_B3000,T,1343723075,1879155201,279,Det/images/normal_train/00170831.png,0,03,learnable_hard,0.6185433236,0.245,0.290358594,normal_replay,GapCritical-Strict
RUN_205,TRIAD_069,B04_GapGuard-Raw_B3000,T,1343723075,1879155201,280,Det/images/normal_train/01162946.png,0,06,learnable_hard,0.4572544518,0.405,0.2867095255,normal_replay,GapCritical-Strict
RUN_205,TRIAD_069,B04_GapGuard-Raw_B3000,T,1343723075,1879155201,281,Det/images/normal_train/00707710.png,0,07,learnable_hard,0.3897504694,0.49,0.2879917859,normal_replay,GapCritical-Strict
RUN_205,TRIAD_069,B04_GapGuard-Raw_B3000,T,1343723075,1879155201,282,Det/images/normal_train/01067097.png,0,09,learnable_hard,0.3980874317,0.52,0.2898217695,normal_replay,GapCritical-Strict
RUN_205,TRIAD_069,B04_GapGuard-Raw_B3000,T,1343723075,1879155201,283,Det/images/normal_train/00395140.png,0,05,learnable_hard,0.4006386865,0.54,0.2873328883,normal_replay,GapCritical-Strict
RUN_205,TRIAD_069,B04_GapGuard-Raw_B3000,T,1343723075,1879155201,284,Det/images/normal_train/00969009.png,0,04,learnable_hard,0.5866888825,0.34,0.2738684908,normal_replay,GapCritical-Strict
RUN_205,TRIAD_069,B04_GapGuard-Raw_B3000,T,1343723075,1879155201,285,Det/images/normal_train/00458440.png,0,05,learnable_hard,0.6538240581,0.22,0.2664717016,normal_replay,GapCritical-Strict
RUN_205,TRIAD_069,B04_GapGuard-Raw_B3000,T,1343723075,1879155201,286,Det/images/normal_train/00153844.png,0,00,learnable_hard,0.4421467675,0.475,0.2894479808,normal_replay,GapCritical-Strict
RUN_205,TRIAD_069,B04_GapGuard-Raw_B3000,T,1343723075,1879155201,287,Det/images/normal_train/00865760.png,0,05,learnable_hard,0.484971633,0.505,0.2632608422,normal_replay,GapCritical-Strict
RUN_205,TRIAD_069,B04_GapGuard-Raw_B3000,T,1343723075,1879155201,288,Det/images/normal_train/00928420.png,0,03,learnable_hard,0.3773097719,0.575,0.26152656,normal_replay,GapCritical-Strict
RUN_205,TRIAD_069,B04_GapGuard-Raw_B3000,T,1343723075,1879155201,289,Det/images/normal_train/01200357.png,0,04,learnable_hard,0.6707333976,0.23,0.270496525,normal_replay,GapCritical-Strict
RUN_205,TRIAD_069,B04_GapGuard-Raw_B3000,T,1343723075,1879155201,290,Det/images/normal_train/00954592.png,0,03,learnable_hard,0.3523055855,0.68,0.273309141,normal_replay,GapCritical-Strict
RUN_205,TRIAD_069,B04_GapGuard-Raw_B3000,T,1343723075,1879155201,291,Det/images/normal_train/00872815.png,0,03,learnable_hard,0.4135597654,0.545,0.2856285171,normal_replay,GapCritical-Strict
RUN_205,TRIAD_069,B04_GapGuard-Raw_B3000,T,1343723075,1879155201,292,Det/images/normal_train/00577909.png,0,05,learnable_hard,0.4463461491,0.51,0.310531324,normal_replay,GapCritical-Strict
RUN_205,TRIAD_069,B04_GapGuard-Raw_B3000,T,1343723075,1879155201,293,Det/images/normal_train/00353258.png,0,02,learnable_hard,0.4787239171,0.385,0.2959498857,normal_replay,GapCritical-Strict
RUN_205,TRIAD_069,B04_GapGuard-Raw_B3000,T,1343723075,1879155201,294,Det/images/normal_train/00593317.png,0,03,learnable_hard,0.3785999189,0.51,0.2965441599,normal_replay,GapCritical-Strict
RUN_205,TRIAD_069,B04_GapGuard-Raw_B3000,T,1343723075,1879155201,295,Det/images/normal_train/00355474.png,0,01,learnable_hard,0.4734564191,0.335,0.3182119011,normal_replay,GapCritical-Strict
RUN_205,TRIAD_069,B04_GapGuard-Raw_B3000,T,1343723075,1879155201,296,Det/images/normal_train/00840310.png,0,00,learnable_hard,0.5067248803,0.47,0.2755404931,normal_replay,GapCritical-Strict
RUN_205,TRIAD_069,B04_GapGuard-Raw_B3000,T,1343723075,1879155201,297,Det/images/normal_train/00456537.png,0,06,learnable_hard,0.721354077,0.22,0.3313644556,normal_replay,GapCritical-Strict
RUN_205,TRIAD_069,B04_GapGuard-Raw_B3000,T,1343723075,1879155201,298,Det/images/normal_train/00301574.png,0,05,learnable_hard,0.3498274697,0.59,0.2987431977,normal_replay,GapCritical-Strict
RUN_205,TRIAD_069,B04_GapGuard-Raw_B3000,T,1343723075,1879155201,299,Det/images/normal_train/01267867.png,0,04,learnable_hard,0.4046196873,0.595,0.303473718,normal_replay,GapCritical-Strict
RUN_205,TRIAD_069,B04_GapGuard-Raw_B3000,T,1343723075,1879155201,300,Det/images/normal_train/01157461.png,0,06,learnable_hard,0.4280895268,0.455,0.2950928682,normal_replay,GapCritical-Strict
RUN_205,TRIAD_069,B04_GapGuard-Raw_B3000,T,1343723075,1879155201,301,Det/images/normal_train/00392524.png,0,08,learnable_hard,0.3757442033,0.6,0.2778287254,normal_replay,GapCritical-Strict
RUN_205,TRIAD_069,B04_GapGuard-Raw_B3000,T,1343723075,1879155201,302,Det/images/normal_train/00882986.png,0,03,learnable_hard,0.4477879082,0.425,0.2593386668,normal_replay,GapCritical-Strict
RUN_205,TRIAD_069,B04_GapGuard-Raw_B3000,T,1343723075,1879155201,303,Det/images/normal_train/01066139.png,0,00,learnable_hard,0.5029259667,0.35,0.312282484,normal_replay,GapCritical-Strict
RUN_205,TRIAD_069,B04_GapGuard-Raw_B3000,T,1343723075,1879155201,304,Det/images/normal_train/01012073.png,0,00,learnable_hard,0.2279038842,0.75,0.2865857072,normal_replay,GapCritical-Strict
RUN_205,TRIAD_069,B04_GapGuard-Raw_B3000,T,1343723075,1879155201,305,Det/images/normal_train/00586338.png,0,01,learnable_hard,0.3671564621,0.695,0.2496573422,normal_replay,GapCritical-Strict
RUN_205,TRIAD_069,B04_GapGuard-Raw_B3000,T,1343723075,1879155201,306,Det/images/normal_train/00191589.png,0,08,learnable_hard,0.3502315089,0.69,0.2576174145,normal_replay,GapCritical-Strict
RUN_205,TRIAD_069,B04_GapGuard-Raw_B3000,T,1343723075,1879155201,307,Det/images/normal_train/00540897.png,0,05,learnable_hard,0.8060214634,0.155,0.2902484446,normal_replay,GapCritical-Strict
RUN_205,TRIAD_069,B04_GapGuard-Raw_B3000,T,1343723075,1879155201,308,Det/images/normal_train/00231806.png,0,08,learnable_hard,0.3024388854,0.75,0.2564465533,normal_replay,GapCritical-Strict
RUN_205,TRIAD_069,B04_GapGuard-Raw_B3000,T,1343723075,1879155201,309,Det/images/normal_train/01096088.png,0,06,learnable_hard,0.3769487245,0.67,0.2689272247,normal_replay,GapCritical-Strict
RUN_205,TRIAD_069,B04_GapGuard-Raw_B3000,T,1343723075,1879155201,310,Det/images/normal_train/01193279.png,0,01,learnable_hard,0.3068764125,0.625,0.2818776637,normal_replay,GapCritical-Strict
RUN_205,TRIAD_069,B04_GapGuard-Raw_B3000,T,1343723075,1879155201,311,Det/images/normal_train/00476358.png,0,09,learnable_hard,0.3584020707,0.625,0.2888179356,normal_replay,GapCritical-Strict
RUN_205,TRIAD_069,B04_GapGuard-Raw_B3000,T,1343723075,1879155201,312,Det/images/normal_train/00219620.png,0,09,learnable_hard,0.4636727049,0.39,0.2698264558,normal_replay,GapCritical-Strict
RUN_205,TRIAD_069,B04_GapGuard-Raw_B3000,T,1343723075,1879155201,313,Det/images/normal_train/01001416.png,0,05,learnable_hard,0.6105290823,0.25,0.2689815795,normal_replay,GapCritical-Strict
RUN_205,TRIAD_069,B04_GapGuard-Raw_B3000,T,1343723075,1879155201,314,Det/images/normal_train/00636744.png,0,08,learnable_hard,0.5761480948,0.225,0.2538149521,normal_replay,GapCritical-Strict
RUN_205,TRIAD_069,B04_GapGuard-Raw_B3000,T,1343723075,1879155201,315,Det/images/normal_train/00939880.png,0,08,learnable_hard,0.4849243821,0.425,0.3171736228,normal_replay,GapCritical-Strict
RUN_205,TRIAD_069,B04_GapGuard-Raw_B3000,T,1343723075,1879155201,316,Det/images/normal_train/00188050.png,0,06,learnable_hard,0.3677509684,0.585,0.2878530436,normal_replay,GapCritical-Strict
RUN_205,TRIAD_069,B04_GapGuard-Raw_B3000,T,1343723075,1879155201,317,Det/images/normal_train/00678095.png,0,06,learnable_hard,0.3338109111,0.625,0.3119613166,normal_replay,GapCritical-Strict
RUN_205,TRIAD_069,B04_GapGuard-Raw_B3000,T,1343723075,1879155201,318,Det/images/normal_train/00374212.png,0,06,learnable_hard,0.2790113237,0.715,0.2819712366,normal_replay,GapCritical-Strict
RUN_205,TRIAD_069,B04_GapGuard-Raw_B3000,T,1343723075,1879155201,319,Det/images/normal_train/00955648.png,0,02,learnable_hard,0.4581997174,0.54,0.281308033,normal_replay,GapCritical-Strict
RUN_205,TRIAD_069,B04_GapGuard-Raw_B3000,T,1343723075,1879155201,320,Det/images/normal_train/01105767.png,0,05,learnable_hard,0.2767931618,0.69,0.2904593025,normal_replay,GapCritical-Strict
RUN_205,TRIAD_069,B04_GapGuard-Raw_B3000,T,1343723075,1879155201,321,Det/images/normal_train/00625759.png,0,08,learnable_hard,0.711068657,0.19,0.2589740366,normal_replay,GapCritical-Strict
RUN_205,TRIAD_069,B04_GapGuard-Raw_B3000,T,1343723075,1879155201,322,Det/images/normal_train/00366430.png,0,02,learnable_hard,0.6330439139,0.29,0.2808742759,normal_replay,GapCritical-Strict
RUN_205,TRIAD_069,B04_GapGuard-Raw_B3000,T,1343723075,1879155201,323,Det/images/normal_train/01174377.png,0,01,learnable_hard,0.4071472284,0.58,0.2711385745,normal_replay,GapCritical-Strict
RUN_205,TRIAD_069,B04_GapGuard-Raw_B3000,T,1343723075,1879155201,324,Det/images/normal_train/00917123.png,0,08,learnable_hard,0.4417564494,0.41,0.2650524007,normal_replay,GapCritical-Strict
RUN_205,TRIAD_069,B04_GapGuard-Raw_B3000,T,1343723075,1879155201,325,Det/images/normal_train/00700783.png,0,09,learnable_hard,0.400373706,0.595,0.2694127544,normal_replay,GapCritical-Strict
RUN_205,TRIAD_069,B04_GapGuard-Raw_B3000,T,1343723075,1879155201,326,Det/images/normal_train/01250976.png,0,01,learnable_hard,0.5304372588,0.37,0.2835378219,normal_replay,GapCritical-Strict
RUN_205,TRIAD_069,B04_GapGuard-Raw_B3000,T,1343723075,1879155201,327,Det/images/normal_train/00282071.png,0,04,learnable_hard,0.4657827978,0.415,0.3223993121,normal_replay,GapCritical-Strict
RUN_205,TRIAD_069,B04_GapGuard-Raw_B3000,T,1343723075,1879155201,328,Det/images/normal_train/00893599.png,0,02,learnable_hard,0.3828412449,0.56,0.2723015329,normal_replay,GapCritical-Strict
RUN_205,TRIAD_069,B04_GapGuard-Raw_B3000,T,1343723075,1879155201,329,Det/images/normal_train/00975524.png,0,02,learnable_hard,0.6186069434,0.245,0.2692148418,normal_replay,GapCritical-Strict
RUN_205,TRIAD_069,B04_GapGuard-Raw_B3000,T,1343723075,1879155201,330,Det/images/normal_train/00366516.png,0,02,learnable_hard,0.3851142947,0.56,0.2804548862,normal_replay,GapCritical-Strict
RUN_205,TRIAD_069,B04_GapGuard-Raw_B3000,T,1343723075,1879155201,331,Det/images/normal_train/00736835.png,0,07,learnable_hard,0.3988502391,0.55,0.2718564631,normal_replay,GapCritical-Strict
RUN_205,TRIAD_069,B04_GapGuard-Raw_B3000,T,1343723075,1879155201,332,Det/images/normal_train/00426984.png,0,00,learnable_hard,0.432192048,0.53,0.3000420685,normal_replay,GapCritical-Strict
RUN_205,TRIAD_069,B04_GapGuard-Raw_B3000,T,1343723075,1879155201,333,Det/images/normal_train/01124712.png,0,08,learnable_hard,0.4285069183,0.455,0.2533324516,normal_replay,GapCritical-Strict
RUN_205,TRIAD_069,B04_GapGuard-Raw_B3000,T,1343723075,1879155201,334,Det/images/normal_train/00868103.png,0,09,learnable_hard,0.4042791987,0.49,0.3221729809,normal_replay,GapCritical-Strict
RUN_205,TRIAD_069,B04_GapGuard-Raw_B3000,T,1343723075,1879155201,335,Det/images/normal_train/00938526.png,0,08,learnable_hard,0.3201644078,0.645,0.2847730113,normal_replay,GapCritical-Strict
RUN_205,TRIAD_069,B04_GapGuard-Raw_B3000,T,1343723075,1879155201,336,Det/images/normal_train/00625694.png,0,08,learnable_hard,0.6149677732,0.285,0.2649887892,normal_replay,GapCritical-Strict
RUN_205,TRIAD_069,B04_GapGuard-Raw_B3000,T,1343723075,1879155201,337,Det/images/normal_train/00672501.png,0,09,learnable_hard,0.6870496657,0.26,0.2715603635,normal_replay,GapCritical-Strict
RUN_205,TRIAD_069,B04_GapGuard-Raw_B3000,T,1343723075,1879155201,338,Det/images/normal_train/00184817.png,0,05,learnable_hard,0.2979172836,0.68,0.2683552881,normal_replay,GapCritical-Strict
RUN_205,TRIAD_069,B04_GapGuard-Raw_B3000,T,1343723075,1879155201,339,Det/images/normal_train/00741602.png,0,07,learnable_hard,0.3637699902,0.6,0.2894144749,normal_replay,GapCritical-Strict
RUN_205,TRIAD_069,B04_GapGuard-Raw_B3000,T,1343723075,1879155201,340,Det/images/normal_train/00268610.png,0,03,learnable_hard,0.6864891902,0.2,0.2830936661,normal_replay,GapCritical-Strict
RUN_205,TRIAD_069,B04_GapGuard-Raw_B3000,T,1343723075,1879155201,341,Det/images/normal_train/01004792.png,0,07,learnable_hard,0.7648911623,0.18,0.2659942832,normal_replay,GapCritical-Strict
RUN_205,TRIAD_069,B04_GapGuard-Raw_B3000,T,1343723075,1879155201,342,Det/images/normal_train/01092752.png,0,03,learnable_hard,0.338401032,0.61,0.2854838125,normal_replay,GapCritical-Strict
RUN_205,TRIAD_069,B04_GapGuard-Raw_B3000,T,1343723075,1879155201,343,Det/images/normal_train/01124095.png,0,08,learnable_hard,0.3255968851,0.68,0.2617185121,normal_replay,GapCritical-Strict
RUN_205,TRIAD_069,B04_GapGuard-Raw_B3000,T,1343723075,1879155201,344,Det/images/normal_train/00400047.png,0,04,learnable_hard,0.265947169,0.735,0.2770882879,normal_replay,GapCritical-Strict
RUN_205,TRIAD_069,B04_GapGuard-Raw_B3000,T,1343723075,1879155201,345,Det/images/normal_train/00870659.png,0,08,learnable_hard,0.4711781246,0.485,0.275550303,normal_replay,GapCritical-Strict
RUN_205,TRIAD_069,B04_GapGuard-Raw_B3000,T,1343723075,1879155201,346,Det/images/normal_train/00237601.png,0,06,learnable_hard,0.5520725268,0.395,0.3132472756,normal_replay,GapCritical-Strict
RUN_205,TRIAD_069,B04_GapGuard-Raw_B3000,T,1343723075,1879155201,347,Det/images/normal_train/00365489.png,0,00,learnable_hard,0.420213065,0.535,0.2907193068,normal_replay,GapCritical-Strict
RUN_205,TRIAD_069,B04_GapGuard-Raw_B3000,T,1343723075,1879155201,348,Det/images/normal_train/00292945.png,0,00,learnable_hard,0.6697285932,0.27,0.2826282116,normal_replay,GapCritical-Strict
RUN_205,TRIAD_069,B04_GapGuard-Raw_B3000,T,1343723075,1879155201,349,Det/images/normal_train/00384420.png,0,08,learnable_hard,0.295217802,0.685,0.2715367635,normal_replay,GapCritical-Strict
RUN_205,TRIAD_069,B04_GapGuard-Raw_B3000,T,1343723075,1879155201,350,Det/images/normal_train/00414246.png,0,05,learnable_hard,0.3991347261,0.46,0.2959093993,normal_replay,GapCritical-Strict
RUN_205,TRIAD_069,B04_GapGuard-Raw_B3000,T,1343723075,1879155201,351,Det/images/normal_train/00783052.png,0,01,learnable_hard,0.3778218821,0.645,0.2623084702,normal_replay,GapCritical-Strict
RUN_205,TRIAD_069,B04_GapGuard-Raw_B3000,T,1343723075,1879155201,352,Det/images/normal_train/01037989.png,0,03,learnable_hard,0.4164824297,0.515,0.3025996612,normal_replay,GapCritical-Strict
RUN_205,TRIAD_069,B04_GapGuard-Raw_B3000,T,1343723075,1879155201,353,Det/images/normal_train/00829299.png,0,09,learnable_hard,0.667066031,0.255,0.3049705756,normal_replay,GapCritical-Strict
RUN_205,TRIAD_069,B04_GapGuard-Raw_B3000,T,1343723075,1879155201,354,Det/images/normal_train/00990256.png,0,03,learnable_hard,0.5598086532,0.305,0.2645761473,normal_replay,GapCritical-Strict
RUN_205,TRIAD_069,B04_GapGuard-Raw_B3000,T,1343723075,1879155201,355,Det/images/normal_train/00687111.png,0,01,learnable_hard,0.3355295223,0.735,0.2317873978,normal_replay,GapCritical-Strict
RUN_205,TRIAD_069,B04_GapGuard-Raw_B3000,T,1343723075,1879155201,356,Det/images/normal_train/00355422.png,0,01,learnable_hard,0.803351034,0.145,0.3013915869,normal_replay,GapCritical-Strict
RUN_205,TRIAD_069,B04_GapGuard-Raw_B3000,T,1343723075,1879155201,357,Det/images/normal_train/01168917.png,0,02,learnable_hard,0.5078811384,0.345,0.2676107853,normal_replay,GapCritical-Strict
RUN_205,TRIAD_069,B04_GapGuard-Raw_B3000,T,1343723075,1879155201,358,Det/images/normal_train/00532427.png,0,07,learnable_hard,0.3288765496,0.61,0.302384969,normal_replay,GapCritical-Strict
RUN_205,TRIAD_069,B04_GapGuard-Raw_B3000,T,1343723075,1879155201,359,Det/images/normal_train/01288525.png,0,07,learnable_hard,0.3034892175,0.65,0.3142359345,normal_replay,GapCritical-Strict
RUN_205,TRIAD_069,B04_GapGuard-Raw_B3000,T,1343723075,1879155201,360,Det/images/normal_train/00919656.png,0,04,learnable_hard,0.6106105976,0.32,0.2667016187,normal_replay,GapCritical-Strict
RUN_205,TRIAD_069,B04_GapGuard-Raw_B3000,T,1343723075,1879155201,361,Det/images/normal_train/00975112.png,0,02,learnable_hard,0.4277016125,0.465,0.2702488164,normal_replay,GapCritical-Strict
RUN_205,TRIAD_069,B04_GapGuard-Raw_B3000,T,1343723075,1879155201,362,Det/images/normal_train/00559094.png,0,03,learnable_hard,0.3356281011,0.58,0.3096613853,normal_replay,GapCritical-Strict
RUN_205,TRIAD_069,B04_GapGuard-Raw_B3000,T,1343723075,1879155201,363,Det/images/normal_train/01189827.png,0,05,learnable_hard,0.4643338299,0.335,0.2752820622,normal_replay,GapCritical-Strict
RUN_205,TRIAD_069,B04_GapGuard-Raw_B3000,T,1343723075,1879155201,364,Det/images/normal_train/00245261.png,0,08,learnable_hard,0.7327644281,0.21,0.2649503731,normal_replay,GapCritical-Strict
RUN_205,TRIAD_069,B04_GapGuard-Raw_B3000,T,1343723075,1879155201,365,Det/images/normal_train/00786132.png,0,03,learnable_hard,0.5403422332,0.47,0.285511595,normal_replay,GapCritical-Strict
RUN_205,TRIAD_069,B04_GapGuard-Raw_B3000,T,1343723075,1879155201,366,Det/images/normal_train/00282374.png,0,04,learnable_hard,0.3917674049,0.53,0.267543388,normal_replay,GapCritical-Strict
RUN_205,TRIAD_069,B04_GapGuard-Raw_B3000,T,1343723075,1879155201,367,Det/images/normal_train/00337473.png,0,07,learnable_hard,0.5701352926,0.365,0.2778514741,normal_replay,GapCritical-Strict
RUN_205,TRIAD_069,B04_GapGuard-Raw_B3000,T,1343723075,1879155201,368,Det/images/normal_train/01199132.png,0,03,learnable_hard,0.2774517553,0.655,0.2903776464,normal_replay,GapCritical-Strict
RUN_205,TRIAD_069,B04_GapGuard-Raw_B3000,T,1343723075,1879155201,369,Det/images/normal_train/00590171.png,0,04,learnable_hard,0.4767488515,0.415,0.3127554048,normal_replay,GapCritical-Strict
RUN_205,TRIAD_069,B04_GapGuard-Raw_B3000,T,1343723075,1879155201,370,Det/images/normal_train/01180569.png,0,04,learnable_hard,0.5350745627,0.39,0.2802997093,normal_replay,GapCritical-Strict
RUN_205,TRIAD_069,B04_GapGuard-Raw_B3000,T,1343723075,1879155201,371,Det/images/normal_train/00497472.png,0,01,learnable_hard,0.364309656,0.575,0.2942837321,normal_replay,GapCritical-Strict
RUN_205,TRIAD_069,B04_GapGuard-Raw_B3000,T,1343723075,1879155201,372,Det/images/normal_train/01284358.png,0,00,learnable_hard,0.6996666618,0.175,0.2683676294,normal_replay,GapCritical-Strict
RUN_205,TRIAD_069,B04_GapGuard-Raw_B3000,T,1343723075,1879155201,373,Det/images/normal_train/01281714.png,0,05,learnable_hard,0.3553028037,0.6,0.264539613,normal_replay,GapCritical-Strict
RUN_205,TRIAD_069,B04_GapGuard-Raw_B3000,T,1343723075,1879155201,374,Det/images/normal_train/00925200.png,0,09,learnable_hard,0.4368744297,0.465,0.2744849046,normal_replay,GapCritical-Strict
RUN_205,TRIAD_069,B04_GapGuard-Raw_B3000,T,1343723075,1879155201,375,Det/images/normal_train/00758771.png,0,04,learnable_hard,0.4825800546,0.475,0.2880706221,normal_replay,GapCritical-Strict
RUN_205,TRIAD_069,B04_GapGuard-Raw_B3000,T,1343723075,1879155201,376,Det/images/normal_train/00191166.png,0,08,learnable_hard,0.6782851337,0.255,0.2739957389,normal_replay,GapCritical-Strict
RUN_205,TRIAD_069,B04_GapGuard-Raw_B3000,T,1343723075,1879155201,377,Det/images/normal_train/00886252.png,0,09,learnable_hard,0.6393997339,0.315,0.3061837102,normal_replay,GapCritical-Strict
RUN_205,TRIAD_069,B04_GapGuard-Raw_B3000,T,1343723075,1879155201,378,Det/images/normal_train/00316313.png,0,01,learnable_hard,0.3862519482,0.605,0.2495732825,normal_replay,GapCritical-Strict
RUN_205,TRIAD_069,B04_GapGuard-Raw_B3000,T,1343723075,1879155201,379,Det/images/normal_train/00680785.png,0,07,learnable_hard,0.378083768,0.545,0.3216979702,normal_replay,GapCritical-Strict
RUN_205,TRIAD_069,B04_GapGuard-Raw_B3000,T,1343723075,1879155201,380,Det/images/normal_train/00812201.png,0,00,learnable_hard,0.4858816693,0.385,0.2926781393,normal_replay,GapCritical-Strict
RUN_205,TRIAD_069,B04_GapGuard-Raw_B3000,T,1343723075,1879155201,381,Det/images/normal_train/00414559.png,0,05,learnable_hard,0.6450670693,0.22,0.2561310292,normal_replay,GapCritical-Strict
RUN_205,TRIAD_069,B04_GapGuard-Raw_B3000,T,1343723075,1879155201,382,Det/images/normal_train/01150557.png,0,04,learnable_hard,0.591850364,0.295,0.2978818282,normal_replay,GapCritical-Strict
RUN_205,TRIAD_069,B04_GapGuard-Raw_B3000,T,1343723075,1879155201,383,Det/images/normal_train/00815685.png,0,08,learnable_hard,0.5189196679,0.41,0.263763864,normal_replay,GapCritical-Strict
RUN_205,TRIAD_069,B04_GapGuard-Raw_B3000,T,1343723075,1879155201,384,Det/images/normal_train/01287133.png,0,06,learnable_hard,0.3496269148,0.55,0.3056530648,normal_replay,GapCritical-Strict
RUN_205,TRIAD_069,B04_GapGuard-Raw_B3000,T,1343723075,1879155201,385,Det/images/normal_train/00798937.png,0,03,learnable_hard,0.4707891847,0.345,0.2628868806,normal_replay,GapCritical-Strict
RUN_205,TRIAD_069,B04_GapGuard-Raw_B3000,T,1343723075,1879155201,386,Det/images/normal_train/00196400.png,0,03,learnable_hard,0.2722114535,0.755,0.2603866763,normal_replay,GapCritical-Strict
RUN_205,TRIAD_069,B04_GapGuard-Raw_B3000,T,1343723075,1879155201,387,Det/images/normal_train/00225406.png,0,01,learnable_hard,0.5382540548,0.4,0.2636132743,normal_replay,GapCritical-Strict
RUN_205,TRIAD_069,B04_GapGuard-Raw_B3000,T,1343723075,1879155201,388,Det/images/normal_train/00517239.png,0,08,learnable_hard,0.3850563375,0.53,0.2596295103,normal_replay,GapCritical-Strict
RUN_205,TRIAD_069,B04_GapGuard-Raw_B3000,T,1343723075,1879155201,389,Det/images/normal_train/00436090.png,0,09,learnable_hard,0.4265080661,0.59,0.248244747,normal_replay,GapCritical-Strict
RUN_205,TRIAD_069,B04_GapGuard-Raw_B3000,T,1343723075,1879155201,390,Det/images/normal_train/01071355.png,0,04,learnable_hard,0.5839961815,0.27,0.2614985916,normal_replay,GapCritical-Strict
RUN_205,TRIAD_069,B04_GapGuard-Raw_B3000,T,1343723075,1879155201,391,Det/images/normal_train/00571545.png,0,03,learnable_hard,0.646925266,0.3,0.2983010749,normal_replay,GapCritical-Strict
RUN_205,TRIAD_069,B04_GapGuard-Raw_B3000,T,1343723075,1879155201,392,Det/images/normal_train/01164739.png,0,08,learnable_hard,0.562426334,0.275,0.2458981328,normal_replay,GapCritical-Strict
RUN_205,TRIAD_069,B04_GapGuard-Raw_B3000,T,1343723075,1879155201,393,Det/images/normal_train/00346195.png,0,07,learnable_hard,0.4972638597,0.51,0.2504102853,normal_replay,GapCritical-Strict
RUN_205,TRIAD_069,B04_GapGuard-Raw_B3000,T,1343723075,1879155201,394,Det/images/normal_train/01024260.png,0,01,learnable_hard,0.3304015528,0.67,0.2567095994,normal_replay,GapCritical-Strict
RUN_205,TRIAD_069,B04_GapGuard-Raw_B3000,T,1343723075,1879155201,395,Det/images/normal_train/01278680.png,0,05,learnable_hard,0.3122796682,0.635,0.2852684099,normal_replay,GapCritical-Strict
RUN_205,TRIAD_069,B04_GapGuard-Raw_B3000,T,1343723075,1879155201,396,Det/images/normal_train/00975523.png,0,02,learnable_hard,0.6326651754,0.25,0.2798828965,normal_replay,GapCritical-Strict
RUN_205,TRIAD_069,B04_GapGuard-Raw_B3000,T,1343723075,1879155201,397,Det/images/normal_train/00589137.png,0,03,learnable_hard,0.3492839957,0.66,0.2754381287,normal_replay,GapCritical-Strict
RUN_205,TRIAD_069,B04_GapGuard-Raw_B3000,T,1343723075,1879155201,398,Det/images/normal_train/00786238.png,0,03,learnable_hard,0.3754121897,0.575,0.2712146605,normal_replay,GapCritical-Strict
RUN_205,TRIAD_069,B04_GapGuard-Raw_B3000,T,1343723075,1879155201,399,Det/images/normal_train/00889708.png,0,09,learnable_hard,0.45038243,0.465,0.2647798474,normal_replay,GapCritical-Strict
RUN_205,TRIAD_069,B04_GapGuard-Raw_B3000,T,1343723075,1879155201,400,Det/images/normal_train/00646315.png,0,02,learnable_hard,0.3269446755,0.63,0.2802679504,normal_replay,GapCritical-Strict
RUN_205,TRIAD_069,B04_GapGuard-Raw_B3000,T,1343723075,1879155201,401,Det/images/normal_train/01152589.png,0,08,learnable_hard,0.570036755,0.355,0.3121475648,normal_replay,GapCritical-Strict
RUN_205,TRIAD_069,B04_GapGuard-Raw_B3000,T,1343723075,1879155201,402,Det/images/normal_train/00252512.png,0,08,learnable_hard,0.535256886,0.39,0.2909372919,normal_replay,GapCritical-Strict
RUN_205,TRIAD_069,B04_GapGuard-Raw_B3000,T,1343723075,1879155201,403,Det/images/normal_train/00986763.png,0,08,learnable_hard,0.2723757729,0.72,0.2652193296,normal_replay,GapCritical-Strict
RUN_205,TRIAD_069,B04_GapGuard-Raw_B3000,T,1343723075,1879155201,404,Det/images/normal_train/00532157.png,0,07,learnable_hard,0.3049815928,0.66,0.3003743672,normal_replay,GapCritical-Strict
RUN_205,TRIAD_069,B04_GapGuard-Raw_B3000,T,1343723075,1879155201,405,Det/images/normal_train/00997329.png,0,08,learnable_hard,0.5928385891,0.285,0.2643902992,normal_replay,GapCritical-Strict
RUN_205,TRIAD_069,B04_GapGuard-Raw_B3000,T,1343723075,1879155201,406,Det/images/normal_train/00766488.png,0,07,learnable_hard,0.3241566234,0.675,0.2821716964,normal_replay,GapCritical-Strict
RUN_205,TRIAD_069,B04_GapGuard-Raw_B3000,T,1343723075,1879155201,407,Det/images/normal_train/01203379.png,0,05,learnable_hard,0.360635527,0.59,0.2770573541,normal_replay,GapCritical-Strict
RUN_205,TRIAD_069,B04_GapGuard-Raw_B3000,T,1343723075,1879155201,408,Det/images/normal_train/00669322.png,0,08,learnable_hard,0.2647423599,0.765,0.251103716,normal_replay,GapCritical-Strict
RUN_205,TRIAD_069,B04_GapGuard-Raw_B3000,T,1343723075,1879155201,409,Det/images/normal_train/00714113.png,0,06,learnable_hard,0.4697181004,0.365,0.2751090121,normal_replay,GapCritical-Strict
RUN_205,TRIAD_069,B04_GapGuard-Raw_B3000,T,1343723075,1879155201,410,Det/images/normal_train/00651699.png,0,02,learnable_hard,0.4848654803,0.47,0.304454371,normal_replay,GapCritical-Strict
RUN_205,TRIAD_069,B04_GapGuard-Raw_B3000,T,1343723075,1879155201,411,Det/images/normal_train/00726082.png,0,07,learnable_hard,0.3580704196,0.59,0.2767036211,normal_replay,GapCritical-Strict
RUN_205,TRIAD_069,B04_GapGuard-Raw_B3000,T,1343723075,1879155201,412,Det/images/normal_train/01032188.png,0,02,learnable_hard,0.7598516649,0.235,0.2804434407,normal_replay,GapCritical-Strict
RUN_205,TRIAD_069,B04_GapGuard-Raw_B3000,T,1343723075,1879155201,413,Det/images/normal_train/00906893.png,0,05,learnable_hard,0.6072231452,0.285,0.297683766,normal_replay,GapCritical-Strict
RUN_205,TRIAD_069,B04_GapGuard-Raw_B3000,T,1343723075,1879155201,414,Det/images/normal_train/00981631.png,0,05,learnable_hard,0.4751625205,0.4,0.2524292925,normal_replay,GapCritical-Strict
RUN_205,TRIAD_069,B04_GapGuard-Raw_B3000,T,1343723075,1879155201,415,Det/images/normal_train/00991629.png,0,00,learnable_hard,0.535087686,0.33,0.2807662217,normal_replay,GapCritical-Strict
RUN_205,TRIAD_069,B04_GapGuard-Raw_B3000,T,1343723075,1879155201,416,Det/images/normal_train/00801458.png,0,06,learnable_hard,0.5923914807,0.27,0.3018085433,normal_replay,GapCritical-Strict
RUN_205,TRIAD_069,B04_GapGuard-Raw_B3000,T,1343723075,1879155201,417,Det/images/normal_train/00643235.png,0,04,learnable_hard,0.5216515216,0.315,0.2838691211,normal_replay,GapCritical-Strict
RUN_205,TRIAD_069,B04_GapGuard-Raw_B3000,T,1343723075,1879155201,418,Det/images/normal_train/00740727.png,0,04,learnable_hard,0.3209687942,0.63,0.2817636391,normal_replay,GapCritical-Strict
RUN_205,TRIAD_069,B04_GapGuard-Raw_B3000,T,1343723075,1879155201,419,Det/images/normal_train/01024347.png,0,01,learnable_hard,0.3444166795,0.64,0.2859890933,normal_replay,GapCritical-Strict
RUN_205,TRIAD_069,B04_GapGuard-Raw_B3000,T,1343723075,1879155201,420,Det/images/normal_train/01085129.png,0,07,learnable_hard,0.3261149105,0.655,0.2649270595,normal_replay,GapCritical-Strict
RUN_205,TRIAD_069,B04_GapGuard-Raw_B3000,T,1343723075,1879155201,421,Det/images/normal_train/00282087.png,0,04,learnable_hard,0.4877760806,0.405,0.3258118446,normal_replay,GapCritical-Strict
RUN_205,TRIAD_069,B04_GapGuard-Raw_B3000,T,1343723075,1879155201,422,Det/images/normal_train/00812202.png,0,00,learnable_hard,0.3983279262,0.62,0.267039532,normal_replay,GapCritical-Strict
RUN_205,TRIAD_069,B04_GapGuard-Raw_B3000,T,1343723075,1879155201,423,Det/images/normal_train/00362391.png,0,08,learnable_hard,0.360081097,0.675,0.2544725734,normal_replay,GapCritical-Strict
RUN_205,TRIAD_069,B04_GapGuard-Raw_B3000,T,1343723075,1879155201,424,Det/images/normal_train/00614018.png,0,05,learnable_hard,0.658995084,0.25,0.2477765588,normal_replay,GapCritical-Strict
RUN_205,TRIAD_069,B04_GapGuard-Raw_B3000,T,1343723075,1879155201,425,Det/images/normal_train/01004212.png,0,07,learnable_hard,0.3621659631,0.545,0.2577342896,normal_replay,GapCritical-Strict
RUN_205,TRIAD_069,B04_GapGuard-Raw_B3000,T,1343723075,1879155201,426,Det/images/normal_train/00903125.png,0,07,learnable_hard,0.7068149366,0.3,0.2852247412,normal_replay,GapCritical-Strict
RUN_205,TRIAD_069,B04_GapGuard-Raw_B3000,T,1343723075,1879155201,427,Det/images/normal_train/00226903.png,0,08,learnable_hard,0.4300004332,0.545,0.2367209416,normal_replay,GapCritical-Strict
RUN_205,TRIAD_069,B04_GapGuard-Raw_B3000,T,1343723075,1879155201,428,Det/images/normal_train/00205093.png,0,08,learnable_hard,0.2730869793,0.795,0.2418001827,normal_replay,GapCritical-Strict
RUN_205,TRIAD_069,B04_GapGuard-Raw_B3000,T,1343723075,1879155201,429,Det/images/normal_train/00958324.png,0,05,learnable_hard,0.3875044475,0.605,0.2619678795,normal_replay,GapCritical-Strict
RUN_205,TRIAD_069,B04_GapGuard-Raw_B3000,T,1343723075,1879155201,430,Det/images/normal_train/00282058.png,0,04,learnable_hard,0.721970233,0.185,0.2948054223,normal_replay,GapCritical-Strict
RUN_205,TRIAD_069,B04_GapGuard-Raw_B3000,T,1343723075,1879155201,431,Det/images/normal_train/00994084.png,0,04,learnable_hard,0.4755095692,0.43,0.2854742722,normal_replay,GapCritical-Strict
RUN_205,TRIAD_069,B04_GapGuard-Raw_B3000,T,1343723075,1879155201,432,Det/images/normal_train/01000903.png,0,04,learnable_hard,0.591139277,0.31,0.2678517825,normal_replay,GapCritical-Strict
RUN_205,TRIAD_069,B04_GapGuard-Raw_B3000,T,1343723075,1879155201,433,Det/images/normal_train/00966441.png,0,07,learnable_hard,0.428379597,0.46,0.2703828417,normal_replay,GapCritical-Strict
RUN_205,TRIAD_069,B04_GapGuard-Raw_B3000,T,1343723075,1879155201,434,Det/images/normal_train/00381637.png,0,05,learnable_hard,0.3250043889,0.72,0.2573234781,normal_replay,GapCritical-Strict
RUN_205,TRIAD_069,B04_GapGuard-Raw_B3000,T,1343723075,1879155201,435,Det/images/normal_train/00876742.png,0,04,learnable_hard,0.4941854806,0.285,0.2669439279,normal_replay,GapCritical-Strict
RUN_205,TRIAD_069,B04_GapGuard-Raw_B3000,T,1343723075,1879155201,436,Det/images/normal_train/00444761.png,0,02,learnable_hard,0.5246863082,0.325,0.2612543364,normal_replay,GapCritical-Strict
RUN_205,TRIAD_069,B04_GapGuard-Raw_B3000,T,1343723075,1879155201,437,Det/images/normal_train/00674900.png,0,05,learnable_hard,0.4765866112,0.435,0.2830585984,normal_replay,GapCritical-Strict
RUN_205,TRIAD_069,B04_GapGuard-Raw_B3000,T,1343723075,1879155201,438,Det/images/normal_train/00415108.png,0,04,learnable_hard,0.4782095012,0.345,0.25138312,normal_replay,GapCritical-Strict
RUN_205,TRIAD_069,B04_GapGuard-Raw_B3000,T,1343723075,1879155201,439,Det/images/normal_train/01217504.png,0,06,learnable_hard,0.5619874026,0.305,0.2795394356,normal_replay,GapCritical-Strict
RUN_205,TRIAD_069,B04_GapGuard-Raw_B3000,T,1343723075,1879155201,440,Det/images/normal_train/00243558.png,0,06,learnable_hard,0.5423216325,0.365,0.272931682,normal_replay,GapCritical-Strict
RUN_205,TRIAD_069,B04_GapGuard-Raw_B3000,T,1343723075,1879155201,441,Det/images/normal_train/00990562.png,0,03,learnable_hard,0.4024439116,0.495,0.2683768234,normal_replay,GapCritical-Strict
RUN_205,TRIAD_069,B04_GapGuard-Raw_B3000,T,1343723075,1879155201,442,Det/images/normal_train/01099704.png,0,03,learnable_hard,0.3640757522,0.57,0.27523989,normal_replay,GapCritical-Strict
RUN_205,TRIAD_069,B04_GapGuard-Raw_B3000,T,1343723075,1879155201,443,Det/images/normal_train/00458201.png,0,05,learnable_hard,0.3113341532,0.68,0.2514355846,normal_replay,GapCritical-Strict
RUN_205,TRIAD_069,B04_GapGuard-Raw_B3000,T,1343723075,1879155201,444,Det/images/normal_train/00260385.png,0,09,learnable_hard,0.3439758299,0.62,0.2820899698,normal_replay,GapCritical-Strict
RUN_205,TRIAD_069,B04_GapGuard-Raw_B3000,T,1343723075,1879155201,445,Det/images/normal_train/00683687.png,0,07,learnable_hard,0.3195516223,0.645,0.2745159176,normal_replay,GapCritical-Strict
RUN_205,TRIAD_069,B04_GapGuard-Raw_B3000,T,1343723075,1879155201,446,Det/images/normal_train/00873415.png,0,04,learnable_hard,0.3225669289,0.685,0.2624525177,normal_replay,GapCritical-Strict
RUN_205,TRIAD_069,B04_GapGuard-Raw_B3000,T,1343723075,1879155201,447,Det/images/normal_train/01156431.png,0,00,learnable_hard,0.4570319841,0.455,0.3009186835,normal_replay,GapCritical-Strict
RUN_205,TRIAD_069,B04_GapGuard-Raw_B3000,T,1343723075,1879155201,448,Det/images/normal_train/00914703.png,0,04,learnable_hard,0.357528435,0.58,0.2732061688,normal_replay,GapCritical-Strict
RUN_205,TRIAD_069,B04_GapGuard-Raw_B3000,T,1343723075,1879155201,449,Det/images/normal_train/00918274.png,0,01,learnable_hard,0.3837345387,0.57,0.2412059395,normal_replay,GapCritical-Strict
RUN_205,TRIAD_069,B04_GapGuard-Raw_B3000,T,1343723075,1879155201,450,Det/images/normal_train/00639797.png,0,06,learnable_hard,0.5344910129,0.37,0.2936471817,normal_replay,GapCritical-Strict
RUN_205,TRIAD_069,B04_GapGuard-Raw_B3000,T,1343723075,1879155201,451,Det/images/normal_train/01281903.png,0,05,learnable_hard,0.2790260353,0.695,0.2769234281,normal_replay,GapCritical-Strict
RUN_205,TRIAD_069,B04_GapGuard-Raw_B3000,T,1343723075,1879155201,452,Det/images/normal_train/01130505.png,0,00,learnable_hard,0.2914885583,0.685,0.2922776674,normal_replay,GapCritical-Strict
RUN_205,TRIAD_069,B04_GapGuard-Raw_B3000,T,1343723075,1879155201,453,Det/images/normal_train/00242590.png,0,01,learnable_hard,0.5460086725,0.305,0.2451172545,normal_replay,GapCritical-Strict
RUN_205,TRIAD_069,B04_GapGuard-Raw_B3000,T,1343723075,1879155201,454,Det/images/normal_train/00754587.png,0,09,learnable_hard,0.5085276889,0.295,0.2428603959,normal_replay,GapCritical-Strict
RUN_205,TRIAD_069,B04_GapGuard-Raw_B3000,T,1343723075,1879155201,455,Det/images/normal_train/01096896.png,0,06,learnable_hard,0.4129418134,0.48,0.291108469,normal_replay,GapCritical-Strict
RUN_205,TRIAD_069,B04_GapGuard-Raw_B3000,T,1343723075,1879155201,456,Det/images/normal_train/00311615.png,0,01,learnable_hard,0.4570960158,0.39,0.2536775283,normal_replay,GapCritical-Strict
RUN_205,TRIAD_069,B04_GapGuard-Raw_B3000,T,1343723075,1879155201,457,Det/images/normal_train/00766472.png,0,07,learnable_hard,0.3247342331,0.715,0.2470870001,normal_replay,GapCritical-Strict
RUN_205,TRIAD_069,B04_GapGuard-Raw_B3000,T,1343723075,1879155201,458,Det/images/normal_train/00932878.png,0,07,learnable_hard,0.3101077417,0.655,0.2680752618,normal_replay,GapCritical-Strict
RUN_205,TRIAD_069,B04_GapGuard-Raw_B3000,T,1343723075,1879155201,459,Det/images/normal_train/00405783.png,0,05,learnable_hard,0.4006097205,0.485,0.3255215681,normal_replay,GapCritical-Strict
RUN_205,TRIAD_069,B04_GapGuard-Raw_B3000,T,1343723075,1879155201,460,Det/images/normal_train/00507921.png,0,04,learnable_hard,0.3006356686,0.65,0.2699815163,normal_replay,GapCritical-Strict
RUN_205,TRIAD_069,B04_GapGuard-Raw_B3000,T,1343723075,1879155201,461,Det/images/normal_train/00334555.png,0,06,learnable_hard,0.3897159231,0.63,0.2765688636,normal_replay,GapCritical-Strict
RUN_205,TRIAD_069,B04_GapGuard-Raw_B3000,T,1343723075,1879155201,462,Det/images/normal_train/01050940.png,0,08,learnable_hard,0.7019623967,0.13,0.2520098541,normal_replay,GapCritical-Strict
RUN_205,TRIAD_069,B04_GapGuard-Raw_B3000,T,1343723075,1879155201,463,Det/images/normal_train/00729663.png,0,07,learnable_hard,0.5870148972,0.37,0.2759507868,normal_replay,GapCritical-Strict
RUN_205,TRIAD_069,B04_GapGuard-Raw_B3000,T,1343723075,1879155201,464,Det/images/normal_train/00576699.png,0,04,learnable_hard,0.3953434114,0.51,0.2830682025,normal_replay,GapCritical-Strict
RUN_205,TRIAD_069,B04_GapGuard-Raw_B3000,T,1343723075,1879155201,465,Det/images/normal_train/01265440.png,0,08,learnable_hard,0.623428178,0.24,0.298442911,normal_replay,GapCritical-Strict
RUN_205,TRIAD_069,B04_GapGuard-Raw_B3000,T,1343723075,1879155201,466,Det/images/normal_train/00783093.png,0,01,learnable_hard,0.3609958284,0.665,0.2515829737,normal_replay,GapCritical-Strict
RUN_205,TRIAD_069,B04_GapGuard-Raw_B3000,T,1343723075,1879155201,467,Det/images/normal_train/00927062.png,0,09,learnable_hard,0.4539445915,0.45,0.2509967354,normal_replay,GapCritical-Strict
RUN_205,TRIAD_069,B04_GapGuard-Raw_B3000,T,1343723075,1879155201,468,Det/images/normal_train/00237381.png,0,06,learnable_hard,0.3143452361,0.675,0.288967815,normal_replay,GapCritical-Strict
RUN_205,TRIAD_069,B04_GapGuard-Raw_B3000,T,1343723075,1879155201,469,Det/images/normal_train/00849015.png,0,05,learnable_hard,0.230196107,0.775,0.2757553079,normal_replay,GapCritical-Strict
RUN_205,TRIAD_069,B04_GapGuard-Raw_B3000,T,1343723075,1879155201,470,Det/images/normal_train/00863296.png,0,07,learnable_hard,0.5149954984,0.34,0.2537401668,normal_replay,GapCritical-Strict
RUN_205,TRIAD_069,B04_GapGuard-Raw_B3000,T,1343723075,1879155201,471,Det/images/normal_train/00705621.png,0,04,learnable_hard,0.4891371212,0.46,0.2417671035,normal_replay,GapCritical-Strict
RUN_205,TRIAD_069,B04_GapGuard-Raw_B3000,T,1343723075,1879155201,472,Det/images/normal_train/00207793.png,0,01,learnable_hard,0.3806032744,0.68,0.260184676,normal_replay,GapCritical-Strict
RUN_205,TRIAD_069,B04_GapGuard-Raw_B3000,T,1343723075,1879155201,473,Det/images/normal_train/00886899.png,0,09,learnable_hard,0.4440508698,0.45,0.2751698627,normal_replay,GapCritical-Strict
RUN_205,TRIAD_069,B04_GapGuard-Raw_B3000,T,1343723075,1879155201,474,Det/images/normal_train/00933967.png,0,03,learnable_hard,0.5825320934,0.295,0.2532307649,normal_replay,GapCritical-Strict
RUN_205,TRIAD_069,B04_GapGuard-Raw_B3000,T,1343723075,1879155201,475,Det/images/normal_train/00384476.png,0,08,learnable_hard,0.5072763081,0.32,0.2474539271,normal_replay,GapCritical-Strict
RUN_205,TRIAD_069,B04_GapGuard-Raw_B3000,T,1343723075,1879155201,476,Det/images/normal_train/00532394.png,0,07,learnable_hard,0.3141172525,0.705,0.3353637084,normal_replay,GapCritical-Strict
RUN_205,TRIAD_069,B04_GapGuard-Raw_B3000,T,1343723075,1879155201,477,Det/images/normal_train/00932468.png,0,07,learnable_hard,0.3386386719,0.64,0.2680062785,normal_replay,GapCritical-Strict
RUN_205,TRIAD_069,B04_GapGuard-Raw_B3000,T,1343723075,1879155201,478,Det/images/normal_train/00889707.png,0,09,learnable_hard,0.4029247758,0.56,0.2675178779,normal_replay,GapCritical-Strict
RUN_205,TRIAD_069,B04_GapGuard-Raw_B3000,T,1343723075,1879155201,479,Det/images/normal_train/00677358.png,0,01,learnable_hard,0.5425437615,0.315,0.2691307067,normal_replay,GapCritical-Strict
RUN_205,TRIAD_069,B04_GapGuard-Raw_B3000,T,1343723075,1879155201,480,Det/images/normal_train/00636842.png,0,08,learnable_hard,0.4673190629,0.44,0.2425260716,normal_replay,GapCritical-Strict
RUN_205,TRIAD_069,B04_GapGuard-Raw_B3000,T,1343723075,1879155201,481,Det/images/normal_train/00270105.png,0,04,learnable_hard,0.4467226102,0.44,0.2841058029,normal_replay,GapCritical-Strict
RUN_205,TRIAD_069,B04_GapGuard-Raw_B3000,T,1343723075,1879155201,482,Det/images/normal_train/01118571.png,0,02,learnable_hard,0.5922276251,0.285,0.2493622425,normal_replay,GapCritical-Strict
RUN_205,TRIAD_069,B04_GapGuard-Raw_B3000,T,1343723075,1879155201,483,Det/images/normal_train/00671957.png,0,00,learnable_hard,0.4624960379,0.395,0.2679187335,normal_replay,GapCritical-Strict
RUN_205,TRIAD_069,B04_GapGuard-Raw_B3000,T,1343723075,1879155201,484,Det/images/normal_train/00713118.png,0,06,learnable_hard,0.3009686103,0.655,0.2898891602,normal_replay,GapCritical-Strict
RUN_205,TRIAD_069,B04_GapGuard-Raw_B3000,T,1343723075,1879155201,485,Det/images/normal_train/00791667.png,0,06,learnable_hard,0.6260931101,0.265,0.2850456207,normal_replay,GapCritical-Strict
RUN_205,TRIAD_069,B04_GapGuard-Raw_B3000,T,1343723075,1879155201,486,Det/images/normal_train/00550801.png,0,08,learnable_hard,0.350850891,0.645,0.2382245238,normal_replay,GapCritical-Strict
RUN_205,TRIAD_069,B04_GapGuard-Raw_B3000,T,1343723075,1879155201,487,Det/images/normal_train/00614914.png,0,05,learnable_hard,0.5239603839,0.37,0.247429173,normal_replay,GapCritical-Strict
RUN_205,TRIAD_069,B04_GapGuard-Raw_B3000,T,1343723075,1879155201,488,Det/images/normal_train/00298534.png,0,06,learnable_hard,0.7811157563,0.17,0.2991805407,normal_replay,GapCritical-Strict
RUN_205,TRIAD_069,B04_GapGuard-Raw_B3000,T,1343723075,1879155201,489,Det/images/normal_train/00320947.png,0,01,learnable_hard,0.3852105687,0.65,0.2593855506,normal_replay,GapCritical-Strict
RUN_205,TRIAD_069,B04_GapGuard-Raw_B3000,T,1343723075,1879155201,490,Det/images/normal_train/00631780.png,0,08,learnable_hard,0.394197933,0.57,0.2431614907,normal_replay,GapCritical-Strict
RUN_205,TRIAD_069,B04_GapGuard-Raw_B3000,T,1343723075,1879155201,491,Det/images/normal_train/01256130.png,0,02,learnable_hard,0.4664923973,0.55,0.2725381404,normal_replay,GapCritical-Strict
RUN_205,TRIAD_069,B04_GapGuard-Raw_B3000,T,1343723075,1879155201,492,Det/images/normal_train/01257724.png,0,07,learnable_hard,0.294508485,0.63,0.2814843051,normal_replay,GapCritical-Strict
RUN_205,TRIAD_069,B04_GapGuard-Raw_B3000,T,1343723075,1879155201,493,Det/images/normal_train/00934677.png,0,01,learnable_hard,0.3306784345,0.65,0.2720290097,normal_replay,GapCritical-Strict
RUN_205,TRIAD_069,B04_GapGuard-Raw_B3000,T,1343723075,1879155201,494,Det/images/normal_train/01261971.png,0,00,learnable_hard,0.50101542,0.415,0.2881445066,normal_replay,GapCritical-Strict
RUN_205,TRIAD_069,B04_GapGuard-Raw_B3000,T,1343723075,1879155201,495,Det/images/normal_train/00175370.png,0,06,learnable_hard,0.3556411037,0.61,0.2566104471,normal_replay,GapCritical-Strict
RUN_205,TRIAD_069,B04_GapGuard-Raw_B3000,T,1343723075,1879155201,496,Det/images/normal_train/00169150.png,0,06,learnable_hard,0.4076256834,0.45,0.2594990709,normal_replay,GapCritical-Strict
RUN_205,TRIAD_069,B04_GapGuard-Raw_B3000,T,1343723075,1879155201,497,Det/images/normal_train/00777969.png,0,08,learnable_hard,0.3989277301,0.58,0.2583338803,normal_replay,GapCritical-Strict
RUN_205,TRIAD_069,B04_GapGuard-Raw_B3000,T,1343723075,1879155201,498,Det/images/normal_train/01049234.png,0,08,learnable_hard,0.3678952052,0.54,0.2653234016,normal_replay,GapCritical-Strict
RUN_205,TRIAD_069,B04_GapGuard-Raw_B3000,T,1343723075,1879155201,499,Det/images/normal_train/00346624.png,0,07,learnable_hard,0.2702639237,0.72,0.266578238,normal_replay,GapCritical-Strict
RUN_205,TRIAD_069,B04_GapGuard-Raw_B3000,T,1343723075,1879155201,500,Det/images/normal_train/00270480.png,0,04,learnable_hard,0.3199396673,0.655,0.2556346647,normal_replay,GapCritical-Strict
RUN_205,TRIAD_069,B04_GapGuard-Raw_B3000,T,1343723075,1879155201,501,Det/images/normal_train/00736818.png,0,07,learnable_hard,0.5989257469,0.255,0.2995504624,normal_replay,GapCritical-Strict
RUN_205,TRIAD_069,B04_GapGuard-Raw_B3000,T,1343723075,1879155201,502,Det/images/normal_train/00350408.png,0,04,learnable_hard,0.4198144562,0.415,0.2619747501,normal_replay,GapCritical-Strict
RUN_205,TRIAD_069,B04_GapGuard-Raw_B3000,T,1343723075,1879155201,503,Det/images/normal_train/01199217.png,0,03,learnable_hard,0.464167013,0.44,0.3301588676,normal_replay,GapCritical-Strict
RUN_205,TRIAD_069,B04_GapGuard-Raw_B3000,T,1343723075,1879155201,504,Det/images/normal_train/00817362.png,0,07,learnable_hard,0.3586898814,0.565,0.2641908794,normal_replay,GapCritical-Strict
RUN_205,TRIAD_069,B04_GapGuard-Raw_B3000,T,1343723075,1879155201,505,Det/images/normal_train/00539561.png,0,06,learnable_hard,0.5228932178,0.32,0.2665723846,normal_replay,GapCritical-Strict
RUN_205,TRIAD_069,B04_GapGuard-Raw_B3000,T,1343723075,1879155201,506,Det/images/normal_train/00928441.png,0,03,learnable_hard,0.4146026412,0.52,0.2678225266,normal_replay,GapCritical-Strict
RUN_205,TRIAD_069,B04_GapGuard-Raw_B3000,T,1343723075,1879155201,507,Det/images/normal_train/01063434.png,0,02,learnable_hard,0.8323747095,0.15,0.2526541632,normal_replay,GapCritical-Strict
RUN_205,TRIAD_069,B04_GapGuard-Raw_B3000,T,1343723075,1879155201,508,Det/images/normal_train/00669219.png,0,08,learnable_hard,0.286420715,0.695,0.2607765979,normal_replay,GapCritical-Strict
RUN_205,TRIAD_069,B04_GapGuard-Raw_B3000,T,1343723075,1879155201,509,Det/images/normal_train/00400072.png,0,04,learnable_hard,0.3100116338,0.7,0.2422202485,normal_replay,GapCritical-Strict
RUN_205,TRIAD_069,B04_GapGuard-Raw_B3000,T,1343723075,1879155201,510,Det/images/normal_train/00996770.png,0,04,learnable_hard,0.3363229817,0.62,0.2826090159,normal_replay,GapCritical-Strict
RUN_205,TRIAD_069,B04_GapGuard-Raw_B3000,T,1343723075,1879155201,511,Det/images/normal_train/00415105.png,0,04,learnable_hard,0.5005342256,0.365,0.2519667874,normal_replay,GapCritical-Strict
RUN_205,TRIAD_069,B04_GapGuard-Raw_B3000,T,1343723075,1879155201,512,Det/images/normal_train/00864491.png,0,07,learnable_hard,0.7810746059,0.185,0.2612794654,normal_replay,GapCritical-Strict
RUN_205,TRIAD_069,B04_GapGuard-Raw_B3000,T,1343723075,1879155201,513,Det/images/normal_train/00183152.png,0,09,learnable_hard,0.3644987806,0.63,0.2499143029,normal_replay,GapCritical-Strict
RUN_205,TRIAD_069,B04_GapGuard-Raw_B3000,T,1343723075,1879155201,514,Det/images/normal_train/01199285.png,0,03,learnable_hard,0.4213746253,0.475,0.315308013,normal_replay,GapCritical-Strict
RUN_205,TRIAD_069,B04_GapGuard-Raw_B3000,T,1343723075,1879155201,515,Det/images/normal_train/00184892.png,0,05,learnable_hard,0.306878656,0.615,0.2808926029,normal_replay,GapCritical-Strict
RUN_205,TRIAD_069,B04_GapGuard-Raw_B3000,T,1343723075,1879155201,516,Det/images/normal_train/00523187.png,0,00,learnable_hard,0.3525731042,0.62,0.2808541322,normal_replay,GapCritical-Strict
RUN_205,TRIAD_069,B04_GapGuard-Raw_B3000,T,1343723075,1879155201,517,Det/images/normal_train/00282324.png,0,04,learnable_hard,0.7146799489,0.22,0.2674185404,normal_replay,GapCritical-Strict
RUN_205,TRIAD_069,B04_GapGuard-Raw_B3000,T,1343723075,1879155201,518,Det/images/normal_train/00618371.png,0,04,learnable_hard,0.351816632,0.63,0.2621870552,normal_replay,GapCritical-Strict
RUN_205,TRIAD_069,B04_GapGuard-Raw_B3000,T,1343723075,1879155201,519,Det/images/normal_train/00908355.png,0,06,learnable_hard,0.4285284246,0.56,0.2708601664,normal_replay,GapCritical-Strict
RUN_205,TRIAD_069,B04_GapGuard-Raw_B3000,T,1343723075,1879155201,520,Det/images/normal_train/00640831.png,0,02,learnable_hard,0.5858589816,0.3,0.2819285329,normal_replay,GapCritical-Strict
RUN_205,TRIAD_069,B04_GapGuard-Raw_B3000,T,1343723075,1879155201,521,Det/images/normal_train/00529320.png,0,03,learnable_hard,0.3355640438,0.595,0.291801017,normal_replay,GapCritical-Strict
RUN_205,TRIAD_069,B04_GapGuard-Raw_B3000,T,1343723075,1879155201,522,Det/images/normal_train/00458450.png,0,05,learnable_hard,0.3742202806,0.59,0.2356288944,normal_replay,GapCritical-Strict
RUN_205,TRIAD_069,B04_GapGuard-Raw_B3000,T,1343723075,1879155201,523,Det/images/normal_train/00748646.png,0,04,learnable_hard,0.3313301372,0.75,0.2254702664,normal_replay,GapCritical-Strict
RUN_205,TRIAD_069,B04_GapGuard-Raw_B3000,T,1343723075,1879155201,524,Det/images/normal_train/00660770.png,0,00,learnable_hard,0.3001442916,0.61,0.2913484279,normal_replay,GapCritical-Strict
RUN_205,TRIAD_069,B04_GapGuard-Raw_B3000,T,1343723075,1879155201,525,Det/images/normal_train/00854408.png,0,09,learnable_hard,0.4220740965,0.535,0.2595215124,normal_replay,GapCritical-Strict
RUN_205,TRIAD_069,B04_GapGuard-Raw_B3000,T,1343723075,1879155201,526,Det/images/normal_train/00505839.png,0,05,learnable_hard,0.5203451162,0.365,0.2428392799,normal_replay,GapCritical-Strict
RUN_205,TRIAD_069,B04_GapGuard-Raw_B3000,T,1343723075,1879155201,527,Det/images/normal_train/00330670.png,0,00,learnable_hard,0.4435677065,0.47,0.2684883849,normal_replay,GapCritical-Strict
RUN_205,TRIAD_069,B04_GapGuard-Raw_B3000,T,1343723075,1879155201,528,Det/images/normal_train/00227265.png,0,04,learnable_hard,0.2849718292,0.64,0.272395256,normal_replay,GapCritical-Strict
RUN_205,TRIAD_069,B04_GapGuard-Raw_B3000,T,1343723075,1879155201,529,Det/images/normal_train/00537683.png,0,09,learnable_hard,0.3154431647,0.65,0.261499952,normal_replay,GapCritical-Strict
RUN_205,TRIAD_069,B04_GapGuard-Raw_B3000,T,1343723075,1879155201,530,Det/images/normal_train/01267859.png,0,04,learnable_hard,0.4696492868,0.42,0.2593071947,normal_replay,GapCritical-Strict
RUN_205,TRIAD_069,B04_GapGuard-Raw_B3000,T,1343723075,1879155201,531,Det/images/normal_train/00540681.png,0,05,learnable_hard,0.5287970503,0.355,0.2343457739,normal_replay,GapCritical-Strict
RUN_205,TRIAD_069,B04_GapGuard-Raw_B3000,T,1343723075,1879155201,532,Det/images/normal_train/01012222.png,0,00,learnable_hard,0.4483465744,0.525,0.2614949904,normal_replay,GapCritical-Strict
RUN_205,TRIAD_069,B04_GapGuard-Raw_B3000,T,1343723075,1879155201,533,Det/images/normal_train/00764069.png,0,08,learnable_hard,0.5579891141,0.295,0.23546005,normal_replay,GapCritical-Strict
RUN_205,TRIAD_069,B04_GapGuard-Raw_B3000,T,1343723075,1879155201,534,Det/images/normal_train/00842425.png,0,06,learnable_hard,0.2906242107,0.635,0.2673223857,normal_replay,GapCritical-Strict
RUN_205,TRIAD_069,B04_GapGuard-Raw_B3000,T,1343723075,1879155201,535,Det/images/normal_train/01280989.png,0,03,learnable_hard,0.6047452827,0.27,0.2452187615,normal_replay,GapCritical-Strict
RUN_205,TRIAD_069,B04_GapGuard-Raw_B3000,T,1343723075,1879155201,536,Det/images/normal_train/00962402.png,0,04,learnable_hard,0.4703472614,0.34,0.2425086315,normal_replay,GapCritical-Strict
RUN_205,TRIAD_069,B04_GapGuard-Raw_B3000,T,1343723075,1879155201,537,Det/images/normal_train/00630035.png,0,03,learnable_hard,0.3104154334,0.7,0.2600193755,normal_replay,GapCritical-Strict
RUN_205,TRIAD_069,B04_GapGuard-Raw_B3000,T,1343723075,1879155201,538,Det/images/normal_train/00677204.png,0,01,learnable_hard,0.3571582989,0.565,0.2564124278,normal_replay,GapCritical-Strict
RUN_205,TRIAD_069,B04_GapGuard-Raw_B3000,T,1343723075,1879155201,539,Det/images/normal_train/00270372.png,0,04,learnable_hard,0.2812464652,0.715,0.2688023489,normal_replay,GapCritical-Strict
RUN_205,TRIAD_069,B04_GapGuard-Raw_B3000,T,1343723075,1879155201,540,Det/images/normal_train/00833055.png,0,02,learnable_hard,0.3489167164,0.595,0.2606453251,normal_replay,GapCritical-Strict
RUN_205,TRIAD_069,B04_GapGuard-Raw_B3000,T,1343723075,1879155201,541,Det/images/normal_train/00648522.png,0,05,learnable_hard,0.3923708497,0.575,0.2408106298,normal_replay,GapCritical-Strict
RUN_205,TRIAD_069,B04_GapGuard-Raw_B3000,T,1343723075,1879155201,542,Det/images/normal_train/00184820.png,0,05,learnable_hard,0.2872287734,0.65,0.2678984366,normal_replay,GapCritical-Strict
RUN_205,TRIAD_069,B04_GapGuard-Raw_B3000,T,1343723075,1879155201,543,Det/images/normal_train/01173307.png,0,01,learnable_hard,0.5311604412,0.35,0.2481021692,normal_replay,GapCritical-Strict
RUN_205,TRIAD_069,B04_GapGuard-Raw_B3000,T,1343723075,1879155201,544,Det/images/normal_train/00586607.png,0,01,learnable_hard,0.3110838178,0.605,0.2698926367,normal_replay,GapCritical-Strict
RUN_205,TRIAD_069,B04_GapGuard-Raw_B3000,T,1343723075,1879155201,545,Det/images/normal_train/01078860.png,0,06,learnable_hard,0.4130400446,0.575,0.2609570935,normal_replay,GapCritical-Strict
RUN_205,TRIAD_069,B04_GapGuard-Raw_B3000,T,1343723075,1879155201,546,Det/images/normal_train/00374485.png,0,06,learnable_hard,0.4305317267,0.445,0.2851055417,normal_replay,GapCritical-Strict
RUN_205,TRIAD_069,B04_GapGuard-Raw_B3000,T,1343723075,1879155201,547,Det/images/normal_train/01272098.png,0,00,learnable_hard,0.3760413332,0.545,0.2400686391,normal_replay,GapCritical-Strict
RUN_205,TRIAD_069,B04_GapGuard-Raw_B3000,T,1343723075,1879155201,548,Det/images/normal_train/01267857.png,0,04,learnable_hard,0.4928321389,0.365,0.2651797456,normal_replay,GapCritical-Strict
RUN_205,TRIAD_069,B04_GapGuard-Raw_B3000,T,1343723075,1879155201,549,Det/images/normal_train/00239038.png,0,09,learnable_hard,0.3142707531,0.645,0.2485285724,normal_replay,GapCritical-Strict
RUN_205,TRIAD_069,B04_GapGuard-Raw_B3000,T,1343723075,1879155201,550,Det/images/normal_train/01143723.png,0,08,learnable_hard,0.2604386052,0.73,0.246515082,normal_replay,GapCritical-Strict
RUN_205,TRIAD_069,B04_GapGuard-Raw_B3000,T,1343723075,1879155201,551,Det/images/normal_train/01222311.png,0,07,learnable_hard,0.6014746767,0.25,0.2780543009,normal_replay,GapCritical-Strict
RUN_205,TRIAD_069,B04_GapGuard-Raw_B3000,T,1343723075,1879155201,552,Det/images/normal_train/00403240.png,0,03,learnable_hard,0.6185998008,0.245,0.2788673776,normal_replay,GapCritical-Strict
RUN_205,TRIAD_069,B04_GapGuard-Raw_B3000,T,1343723075,1879155201,553,Det/images/normal_train/00689691.png,0,04,learnable_hard,0.2323852969,0.745,0.2688499036,normal_replay,GapCritical-Strict
RUN_205,TRIAD_069,B04_GapGuard-Raw_B3000,T,1343723075,1879155201,554,Det/images/normal_train/01123886.png,0,06,learnable_hard,0.4040560411,0.555,0.244013549,normal_replay,GapCritical-Strict
RUN_205,TRIAD_069,B04_GapGuard-Raw_B3000,T,1343723075,1879155201,555,Det/images/normal_train/01028582.png,0,06,learnable_hard,0.8071133354,0.165,0.2721244097,normal_replay,GapCritical-Strict
RUN_205,TRIAD_069,B04_GapGuard-Raw_B3000,T,1343723075,1879155201,556,Det/images/normal_train/00857477.png,0,01,learnable_hard,0.2655243758,0.745,0.3234338832,normal_replay,GapCritical-Strict
RUN_205,TRIAD_069,B04_GapGuard-Raw_B3000,T,1343723075,1879155201,557,Det/images/normal_train/01225226.png,0,01,learnable_hard,0.4114670209,0.47,0.2573792793,normal_replay,GapCritical-Strict
RUN_205,TRIAD_069,B04_GapGuard-Raw_B3000,T,1343723075,1879155201,558,Det/images/normal_train/01028580.png,0,06,learnable_hard,0.7646407882,0.185,0.2548330113,normal_replay,GapCritical-Strict
RUN_205,TRIAD_069,B04_GapGuard-Raw_B3000,T,1343723075,1879155201,559,Det/images/normal_train/00247971.png,0,01,learnable_hard,0.5760776911,0.41,0.2411255642,normal_replay,GapCritical-Strict
RUN_205,TRIAD_069,B04_GapGuard-Raw_B3000,T,1343723075,1879155201,560,Det/images/normal_train/00228143.png,0,06,learnable_hard,0.3496521083,0.625,0.2542678232,normal_replay,GapCritical-Strict
RUN_205,TRIAD_069,B04_GapGuard-Raw_B3000,T,1343723075,1879155201,561,Det/images/normal_train/00586645.png,0,01,learnable_hard,0.5543020773,0.28,0.2523239389,normal_replay,GapCritical-Strict
RUN_205,TRIAD_069,B04_GapGuard-Raw_B3000,T,1343723075,1879155201,562,Det/images/normal_train/00178040.png,0,02,learnable_hard,0.3526768121,0.565,0.2789591683,normal_replay,GapCritical-Strict
RUN_205,TRIAD_069,B04_GapGuard-Raw_B3000,T,1343723075,1879155201,563,Det/images/normal_train/00458449.png,0,05,learnable_hard,0.354750558,0.615,0.2318072001,normal_replay,GapCritical-Strict
RUN_205,TRIAD_069,B04_GapGuard-Raw_B3000,T,1343723075,1879155201,564,Det/images/normal_train/00924377.png,0,07,learnable_hard,0.2181880676,0.75,0.2616239005,normal_replay,GapCritical-Strict
RUN_205,TRIAD_069,B04_GapGuard-Raw_B3000,T,1343723075,1879155201,565,Det/images/normal_train/00362344.png,0,08,learnable_hard,0.3896680439,0.54,0.2534146312,normal_replay,GapCritical-Strict
RUN_205,TRIAD_069,B04_GapGuard-Raw_B3000,T,1343723075,1879155201,566,Det/images/normal_train/00384475.png,0,08,learnable_hard,0.4654687483,0.355,0.2431538846,normal_replay,GapCritical-Strict
RUN_205,TRIAD_069,B04_GapGuard-Raw_B3000,T,1343723075,1879155201,567,Det/images/normal_train/00693645.png,0,03,learnable_hard,0.4120439937,0.535,0.298025967,normal_replay,GapCritical-Strict
RUN_205,TRIAD_069,B04_GapGuard-Raw_B3000,T,1343723075,1879155201,568,Det/images/normal_train/00550195.png,0,08,learnable_hard,0.2414592135,0.77,0.2619192653,normal_replay,GapCritical-Strict
RUN_205,TRIAD_069,B04_GapGuard-Raw_B3000,T,1343723075,1879155201,569,Det/images/normal_train/01139062.png,0,05,learnable_hard,0.3353831016,0.595,0.2455937078,normal_replay,GapCritical-Strict
RUN_205,TRIAD_069,B04_GapGuard-Raw_B3000,T,1343723075,1879155201,570,Det/images/normal_train/00424594.png,0,02,learnable_hard,0.445466302,0.495,0.2372087559,normal_replay,GapCritical-Strict
RUN_205,TRIAD_069,B04_GapGuard-Raw_B3000,T,1343723075,1879155201,571,Det/images/normal_train/00619990.png,0,04,learnable_hard,0.2658966633,0.75,0.2625384825,normal_replay,GapCritical-Strict
RUN_205,TRIAD_069,B04_GapGuard-Raw_B3000,T,1343723075,1879155201,572,Det/images/normal_train/00292976.png,0,00,learnable_hard,0.6067238412,0.24,0.2771189625,normal_replay,GapCritical-Strict
RUN_205,TRIAD_069,B04_GapGuard-Raw_B3000,T,1343723075,1879155201,573,Det/images/normal_train/00192061.png,0,09,learnable_hard,0.2141186701,0.775,0.2699038886,normal_replay,GapCritical-Strict
RUN_205,TRIAD_069,B04_GapGuard-Raw_B3000,T,1343723075,1879155201,574,Det/images/normal_train/00436129.png,0,09,learnable_hard,0.5732631412,0.3,0.2515546546,normal_replay,GapCritical-Strict
RUN_205,TRIAD_069,B04_GapGuard-Raw_B3000,T,1343723075,1879155201,575,Det/images/normal_train/01073355.png,0,07,learnable_hard,0.6383543982,0.29,0.2837468266,normal_replay,GapCritical-Strict
RUN_205,TRIAD_069,B04_GapGuard-Raw_B3000,T,1343723075,1879155201,576,Det/images/normal_train/00329984.png,0,03,learnable_hard,0.7335230456,0.18,0.2406935827,normal_replay,GapCritical-Strict
RUN_205,TRIAD_069,B04_GapGuard-Raw_B3000,T,1343723075,1879155201,577,Det/images/normal_train/01251591.png,0,04,learnable_hard,0.6247239386,0.27,0.241204245,normal_replay,GapCritical-Strict
RUN_205,TRIAD_069,B04_GapGuard-Raw_B3000,T,1343723075,1879155201,578,Det/images/normal_train/01291533.png,0,07,learnable_hard,0.3753392138,0.54,0.2541188743,normal_replay,GapCritical-Strict
RUN_205,TRIAD_069,B04_GapGuard-Raw_B3000,T,1343723075,1879155201,579,Det/images/normal_train/00963583.png,0,05,learnable_hard,0.4248717339,0.545,0.2317129642,normal_replay,GapCritical-Strict
RUN_205,TRIAD_069,B04_GapGuard-Raw_B3000,T,1343723075,1879155201,580,Det/images/normal_train/00922736.png,0,02,learnable_hard,0.3385158406,0.595,0.2681108727,normal_replay,GapCritical-Strict
RUN_205,TRIAD_069,B04_GapGuard-Raw_B3000,T,1343723075,1879155201,581,Det/images/normal_train/00446461.png,0,09,learnable_hard,0.5326222733,0.445,0.2362319212,normal_replay,GapCritical-Strict
RUN_205,TRIAD_069,B04_GapGuard-Raw_B3000,T,1343723075,1879155201,582,Det/images/normal_train/00997627.png,0,08,learnable_hard,0.3062692281,0.645,0.2609925043,normal_replay,GapCritical-Strict
RUN_205,TRIAD_069,B04_GapGuard-Raw_B3000,T,1343723075,1879155201,583,Det/images/normal_train/01024465.png,0,01,learnable_hard,0.3786333519,0.685,0.2228048228,normal_replay,GapCritical-Strict
RUN_205,TRIAD_069,B04_GapGuard-Raw_B3000,T,1343723075,1879155201,584,Det/images/normal_train/00822370.png,0,08,learnable_hard,0.3958280175,0.525,0.2218093488,normal_replay,GapCritical-Strict
RUN_205,TRIAD_069,B04_GapGuard-Raw_B3000,T,1343723075,1879155201,585,Det/images/normal_train/01062684.png,0,08,learnable_hard,0.5200065802,0.385,0.247082844,normal_replay,GapCritical-Strict
RUN_205,TRIAD_069,B04_GapGuard-Raw_B3000,T,1343723075,1879155201,586,Det/images/normal_train/00344227.png,0,00,learnable_hard,0.4024620954,0.435,0.2707871745,normal_replay,GapCritical-Strict
RUN_205,TRIAD_069,B04_GapGuard-Raw_B3000,T,1343723075,1879155201,587,Det/images/normal_train/00769010.png,0,06,learnable_hard,0.4717376787,0.385,0.2816142965,normal_replay,GapCritical-Strict
RUN_205,TRIAD_069,B04_GapGuard-Raw_B3000,T,1343723075,1879155201,588,Det/images/normal_train/00853225.png,0,00,learnable_hard,0.3255163125,0.66,0.2889925244,normal_replay,GapCritical-Strict
RUN_205,TRIAD_069,B04_GapGuard-Raw_B3000,T,1343723075,1879155201,589,Det/images/normal_train/00482506.png,0,02,learnable_hard,0.3578503269,0.59,0.2925498374,normal_replay,GapCritical-Strict
RUN_205,TRIAD_069,B04_GapGuard-Raw_B3000,T,1343723075,1879155201,590,Det/images/normal_train/00415777.png,0,04,learnable_hard,0.3634439832,0.62,0.2610168668,normal_replay,GapCritical-Strict
RUN_205,TRIAD_069,B04_GapGuard-Raw_B3000,T,1343723075,1879155201,591,Det/images/normal_train/00509903.png,0,08,learnable_hard,0.2517010628,0.74,0.2556838655,normal_replay,GapCritical-Strict
RUN_205,TRIAD_069,B04_GapGuard-Raw_B3000,T,1343723075,1879155201,592,Det/images/normal_train/00637755.png,0,05,learnable_hard,0.7636477358,0.145,0.2504181297,normal_replay,GapCritical-Strict
RUN_205,TRIAD_069,B04_GapGuard-Raw_B3000,T,1343723075,1879155201,593,Det/images/normal_train/00966258.png,0,07,learnable_hard,0.2976301367,0.675,0.2575895298,normal_replay,GapCritical-Strict
RUN_205,TRIAD_069,B04_GapGuard-Raw_B3000,T,1343723075,1879155201,594,Det/images/normal_train/00285465.png,0,00,learnable_hard,0.4376519894,0.465,0.2688090065,normal_replay,GapCritical-Strict
RUN_205,TRIAD_069,B04_GapGuard-Raw_B3000,T,1343723075,1879155201,595,Det/images/normal_train/00494551.png,0,05,learnable_hard,0.2819478604,0.69,0.2662812435,normal_replay,GapCritical-Strict
RUN_205,TRIAD_069,B04_GapGuard-Raw_B3000,T,1343723075,1879155201,596,Det/images/normal_train/00972205.png,0,03,learnable_hard,0.2826686781,0.705,0.2585368731,normal_replay,GapCritical-Strict
RUN_205,TRIAD_069,B04_GapGuard-Raw_B3000,T,1343723075,1879155201,597,Det/images/normal_train/00492250.png,0,05,learnable_hard,0.3791525003,0.605,0.2824777754,normal_replay,GapCritical-Strict
RUN_205,TRIAD_069,B04_GapGuard-Raw_B3000,T,1343723075,1879155201,598,Det/images/normal_train/00187946.png,0,03,learnable_hard,0.827457883,0.135,0.257536575,normal_replay,GapCritical-Strict
RUN_205,TRIAD_069,B04_GapGuard-Raw_B3000,T,1343723075,1879155201,599,Det/images/normal_train/00542007.png,0,04,learnable_hard,0.6771697556,0.195,0.2605691798,normal_replay,GapCritical-Strict
RUN_205,TRIAD_069,B04_GapGuard-Raw_B3000,T,1343723075,1879155201,600,Det/images/normal_train/00797869.png,0,06,learnable_hard,0.439659577,0.46,0.2963758764,normal_replay,GapCritical-Strict
RUN_205,TRIAD_069,B04_GapGuard-Raw_B3000,T,1343723075,1879155201,601,Det/images/normal_train/00968825.png,0,09,learnable_hard,0.2800646419,0.705,0.2494419901,normal_replay,GapCritical-Strict
RUN_205,TRIAD_069,B04_GapGuard-Raw_B3000,T,1343723075,1879155201,602,Det/images/normal_train/00381735.png,0,05,learnable_hard,0.3887382589,0.53,0.2443434175,normal_replay,GapCritical-Strict
RUN_205,TRIAD_069,B04_GapGuard-Raw_B3000,T,1343723075,1879155201,603,Det/images/normal_train/00403660.png,0,03,learnable_hard,0.7142942133,0.185,0.2747711056,normal_replay,GapCritical-Strict
RUN_205,TRIAD_069,B04_GapGuard-Raw_B3000,T,1343723075,1879155201,604,Det/images/normal_train/00972017.png,0,03,learnable_hard,0.3043968347,0.645,0.2817366317,normal_replay,GapCritical-Strict
RUN_205,TRIAD_069,B04_GapGuard-Raw_B3000,T,1343723075,1879155201,605,Det/images/normal_train/00473486.png,0,06,learnable_hard,0.6811563058,0.275,0.2755577939,normal_replay,GapCritical-Strict
RUN_205,TRIAD_069,B04_GapGuard-Raw_B3000,T,1343723075,1879155201,606,Det/images/normal_train/00546908.png,0,07,learnable_hard,0.2414083881,0.685,0.2673403048,normal_replay,GapCritical-Strict
RUN_205,TRIAD_069,B04_GapGuard-Raw_B3000,T,1343723075,1879155201,607,Det/images/normal_train/01073534.png,0,07,learnable_hard,0.3828117133,0.55,0.2352543936,normal_replay,GapCritical-Strict
RUN_205,TRIAD_069,B04_GapGuard-Raw_B3000,T,1343723075,1879155201,608,Det/images/normal_train/01079238.png,0,02,learnable_hard,0.2041897336,0.81,0.2486425899,normal_replay,GapCritical-Strict
RUN_205,TRIAD_069,B04_GapGuard-Raw_B3000,T,1343723075,1879155201,609,Det/images/normal_train/00252884.png,0,08,learnable_hard,0.5799635991,0.255,0.2489883303,normal_replay,GapCritical-Strict
RUN_205,TRIAD_069,B04_GapGuard-Raw_B3000,T,1343723075,1879155201,610,Det/images/normal_train/01159625.png,0,04,learnable_hard,0.5259165229,0.47,0.2329399911,normal_replay,GapCritical-Strict
RUN_205,TRIAD_069,B04_GapGuard-Raw_B3000,T,1343723075,1879155201,611,Det/images/normal_train/01204708.png,0,09,learnable_hard,0.3543400956,0.605,0.2623023956,normal_replay,GapCritical-Strict
RUN_205,TRIAD_069,B04_GapGuard-Raw_B3000,T,1343723075,1879155201,612,Det/images/normal_train/00843323.png,0,06,learnable_hard,0.313705272,0.69,0.2653472247,normal_replay,GapCritical-Strict
RUN_205,TRIAD_069,B04_GapGuard-Raw_B3000,T,1343723075,1879155201,613,Det/images/normal_train/00987323.png,0,05,learnable_hard,0.3567800278,0.51,0.2616156318,normal_replay,GapCritical-Strict
RUN_205,TRIAD_069,B04_GapGuard-Raw_B3000,T,1343723075,1879155201,614,Det/images/normal_train/00679999.png,0,07,learnable_hard,0.4086842173,0.57,0.2301281109,normal_replay,GapCritical-Strict
RUN_205,TRIAD_069,B04_GapGuard-Raw_B3000,T,1343723075,1879155201,615,Det/images/normal_train/01247403.png,0,02,learnable_hard,0.5343241523,0.345,0.2283509847,normal_replay,GapCritical-Strict
RUN_205,TRIAD_069,B04_GapGuard-Raw_B3000,T,1343723075,1879155201,616,Det/images/normal_train/00871558.png,0,07,learnable_hard,0.5632805089,0.475,0.2477993478,normal_replay,GapCritical-Strict
RUN_205,TRIAD_069,B04_GapGuard-Raw_B3000,T,1343723075,1879155201,617,Det/images/normal_train/00880499.png,0,07,learnable_hard,0.265747633,0.705,0.2570762517,normal_replay,GapCritical-Strict
RUN_205,TRIAD_069,B04_GapGuard-Raw_B3000,T,1343723075,1879155201,618,Det/images/normal_train/00954239.png,0,03,learnable_hard,0.4662400061,0.435,0.2620017556,normal_replay,GapCritical-Strict
RUN_205,TRIAD_069,B04_GapGuard-Raw_B3000,T,1343723075,1879155201,619,Det/images/normal_train/00958855.png,0,05,learnable_hard,0.270696313,0.76,0.2666184971,normal_replay,GapCritical-Strict
RUN_205,TRIAD_069,B04_GapGuard-Raw_B3000,T,1343723075,1879155201,620,Det/images/normal_train/00175045.png,0,06,learnable_hard,0.319897239,0.635,0.2657272311,normal_replay,GapCritical-Strict
RUN_205,TRIAD_069,B04_GapGuard-Raw_B3000,T,1343723075,1879155201,621,Det/images/normal_train/00345818.png,0,05,learnable_hard,0.2802273432,0.725,0.2689051884,normal_replay,GapCritical-Strict
RUN_205,TRIAD_069,B04_GapGuard-Raw_B3000,T,1343723075,1879155201,622,Det/images/normal_train/00609947.png,0,08,learnable_hard,0.6703353577,0.27,0.3027561771,normal_replay,GapCritical-Strict
RUN_205,TRIAD_069,B04_GapGuard-Raw_B3000,T,1343723075,1879155201,623,Det/images/normal_train/00848394.png,0,07,learnable_hard,0.2876016341,0.665,0.2814480799,normal_replay,GapCritical-Strict
RUN_205,TRIAD_069,B04_GapGuard-Raw_B3000,T,1343723075,1879155201,624,Det/images/normal_train/00182479.png,0,08,learnable_hard,0.3141727463,0.685,0.2359752525,normal_replay,GapCritical-Strict
RUN_205,TRIAD_069,B04_GapGuard-Raw_B3000,T,1343723075,1879155201,625,Det/images/normal_train/00619533.png,0,04,learnable_hard,0.6275054531,0.23,0.2310007823,normal_replay,GapCritical-Strict
RUN_205,TRIAD_069,B04_GapGuard-Raw_B3000,T,1343723075,1879155201,626,Det/images/normal_train/00735270.png,0,07,learnable_hard,0.4705611895,0.385,0.235856723,normal_replay,GapCritical-Strict
RUN_205,TRIAD_069,B04_GapGuard-Raw_B3000,T,1343723075,1879155201,627,Det/images/normal_train/01232787.png,0,09,learnable_hard,0.2961528031,0.66,0.2511665025,normal_replay,GapCritical-Strict
RUN_205,TRIAD_069,B04_GapGuard-Raw_B3000,T,1343723075,1879155201,628,Det/images/normal_train/00383231.png,0,02,learnable_hard,0.325919001,0.7,0.272498914,normal_replay,GapCritical-Strict
RUN_205,TRIAD_069,B04_GapGuard-Raw_B3000,T,1343723075,1879155201,629,Det/images/normal_train/00330901.png,0,00,learnable_hard,0.5197847876,0.32,0.2690913252,normal_replay,GapCritical-Strict
RUN_205,TRIAD_069,B04_GapGuard-Raw_B3000,T,1343723075,1879155201,630,Det/images/normal_train/00794114.png,0,08,learnable_hard,0.2946560898,0.61,0.2632098738,normal_replay,GapCritical-Strict
RUN_205,TRIAD_069,B04_GapGuard-Raw_B3000,T,1343723075,1879155201,631,Det/images/normal_train/00677393.png,0,01,learnable_hard,0.5252864356,0.365,0.2819033342,normal_replay,GapCritical-Strict
RUN_205,TRIAD_069,B04_GapGuard-Raw_B3000,T,1343723075,1879155201,632,Det/images/normal_train/00242831.png,0,01,learnable_hard,0.416629934,0.55,0.2118853061,normal_replay,GapCritical-Strict
RUN_205,TRIAD_069,B04_GapGuard-Raw_B3000,T,1343723075,1879155201,633,Det/images/normal_train/00314397.png,0,05,learnable_hard,0.6220067495,0.34,0.2621973855,normal_replay,GapCritical-Strict
RUN_205,TRIAD_069,B04_GapGuard-Raw_B3000,T,1343723075,1879155201,634,Det/images/normal_train/00827088.png,0,09,learnable_hard,0.2043252597,0.81,0.2540139993,normal_replay,GapCritical-Strict
RUN_205,TRIAD_069,B04_GapGuard-Raw_B3000,T,1343723075,1879155201,635,Det/images/normal_train/00239685.png,0,09,learnable_hard,0.3497593362,0.57,0.259515128,normal_replay,GapCritical-Strict
RUN_205,TRIAD_069,B04_GapGuard-Raw_B3000,T,1343723075,1879155201,636,Det/images/normal_train/00282065.png,0,04,learnable_hard,0.4080973503,0.525,0.3090488525,normal_replay,GapCritical-Strict
RUN_205,TRIAD_069,B04_GapGuard-Raw_B3000,T,1343723075,1879155201,637,Det/images/normal_train/00574849.png,0,03,learnable_hard,0.615767128,0.235,0.2411214482,normal_replay,GapCritical-Strict
RUN_205,TRIAD_069,B04_GapGuard-Raw_B3000,T,1343723075,1879155201,638,Det/images/normal_train/00182608.png,0,08,learnable_hard,0.4968024083,0.32,0.2529920383,normal_replay,GapCritical-Strict
RUN_205,TRIAD_069,B04_GapGuard-Raw_B3000,T,1343723075,1879155201,639,Det/images/normal_train/01096880.png,0,06,learnable_hard,0.429822439,0.485,0.2826544127,normal_replay,GapCritical-Strict
RUN_205,TRIAD_069,B04_GapGuard-Raw_B3000,T,1343723075,1879155201,640,Det/images/normal_train/00348338.png,0,03,learnable_hard,0.2851533603,0.73,0.2777356518,normal_replay,GapCritical-Strict
RUN_205,TRIAD_069,B04_GapGuard-Raw_B3000,T,1343723075,1879155201,641,Det/images/normal_train/00625875.png,0,08,learnable_hard,0.4086526417,0.56,0.2600701212,normal_replay,GapCritical-Strict
RUN_205,TRIAD_069,B04_GapGuard-Raw_B3000,T,1343723075,1879155201,642,Det/images/normal_train/00914695.png,0,04,learnable_hard,0.4352575703,0.5,0.2834843095,normal_replay,GapCritical-Strict
RUN_205,TRIAD_069,B04_GapGuard-Raw_B3000,T,1343723075,1879155201,643,Det/images/normal_train/00296909.png,0,01,learnable_hard,0.360340251,0.525,0.2508147703,normal_replay,GapCritical-Strict
RUN_205,TRIAD_069,B04_GapGuard-Raw_B3000,T,1343723075,1879155201,644,Det/images/normal_train/00164444.png,0,06,learnable_hard,0.633863454,0.285,0.2952221856,normal_replay,GapCritical-Strict
RUN_205,TRIAD_069,B04_GapGuard-Raw_B3000,T,1343723075,1879155201,645,Det/images/normal_train/00411901.png,0,06,learnable_hard,0.4716706252,0.47,0.2385178939,normal_replay,GapCritical-Strict
RUN_205,TRIAD_069,B04_GapGuard-Raw_B3000,T,1343723075,1879155201,646,Det/images/normal_train/00926222.png,0,00,learnable_hard,0.3766720344,0.64,0.2760160417,normal_replay,GapCritical-Strict
RUN_205,TRIAD_069,B04_GapGuard-Raw_B3000,T,1343723075,1879155201,647,Det/images/normal_train/00296300.png,0,01,learnable_hard,0.3142241768,0.635,0.2364933056,normal_replay,GapCritical-Strict
RUN_205,TRIAD_069,B04_GapGuard-Raw_B3000,T,1343723075,1879155201,648,Det/images/normal_train/00952478.png,0,09,learnable_hard,0.3349513036,0.625,0.2923420515,normal_replay,GapCritical-Strict
RUN_205,TRIAD_069,B04_GapGuard-Raw_B3000,T,1343723075,1879155201,649,Det/images/normal_train/00666316.png,0,08,learnable_hard,0.2805065364,0.775,0.2388148975,normal_replay,GapCritical-Strict
RUN_205,TRIAD_069,B04_GapGuard-Raw_B3000,T,1343723075,1879155201,650,Det/images/normal_train/00676950.png,0,07,learnable_hard,0.4032286971,0.64,0.2481449389,normal_replay,GapCritical-Strict
RUN_205,TRIAD_069,B04_GapGuard-Raw_B3000,T,1343723075,1879155201,651,Det/images/normal_train/00168769.png,0,07,learnable_hard,0.3947560879,0.6,0.2217239519,normal_replay,GapCritical-Strict
RUN_205,TRIAD_069,B04_GapGuard-Raw_B3000,T,1343723075,1879155201,652,Det/images/normal_train/00239293.png,0,09,learnable_hard,0.439583012,0.475,0.2602122449,normal_replay,GapCritical-Strict
RUN_205,TRIAD_069,B04_GapGuard-Raw_B3000,T,1343723075,1879155201,653,Det/images/normal_train/00907059.png,0,02,learnable_hard,0.471284639,0.295,0.2641166411,normal_replay,GapCritical-Strict
RUN_205,TRIAD_069,B04_GapGuard-Raw_B3000,T,1343723075,1879155201,654,Det/images/normal_train/00639172.png,0,06,learnable_hard,0.2903245049,0.67,0.2925820226,normal_replay,GapCritical-Strict
RUN_205,TRIAD_069,B04_GapGuard-Raw_B3000,T,1343723075,1879155201,655,Det/images/normal_train/00530461.png,0,01,learnable_hard,0.3470402735,0.685,0.2529146372,normal_replay,GapCritical-Strict
RUN_205,TRIAD_069,B04_GapGuard-Raw_B3000,T,1343723075,1879155201,656,Det/images/normal_train/01166918.png,0,08,learnable_hard,0.4134438199,0.485,0.2423502862,normal_replay,GapCritical-Strict
RUN_205,TRIAD_069,B04_GapGuard-Raw_B3000,T,1343723075,1879155201,657,Det/images/normal_train/00785223.png,0,04,learnable_hard,0.6977170009,0.215,0.2510159193,normal_replay,GapCritical-Strict
RUN_205,TRIAD_069,B04_GapGuard-Raw_B3000,T,1343723075,1879155201,658,Det/images/normal_train/01133765.png,0,09,learnable_hard,0.2644714438,0.76,0.2407226718,normal_replay,GapCritical-Strict
RUN_205,TRIAD_069,B04_GapGuard-Raw_B3000,T,1343723075,1879155201,659,Det/images/normal_train/00365663.png,0,00,learnable_hard,0.4599457581,0.435,0.2976056969,normal_replay,GapCritical-Strict
RUN_205,TRIAD_069,B04_GapGuard-Raw_B3000,T,1343723075,1879155201,660,Det/images/normal_train/00785788.png,0,04,learnable_hard,0.2314060121,0.815,0.2267640911,normal_replay,GapCritical-Strict
RUN_205,TRIAD_069,B04_GapGuard-Raw_B3000,T,1343723075,1879155201,661,Det/images/normal_train/00733227.png,0,07,learnable_hard,0.5666789836,0.27,0.2687477749,normal_replay,GapCritical-Strict
RUN_205,TRIAD_069,B04_GapGuard-Raw_B3000,T,1343723075,1879155201,662,Det/images/normal_train/00392228.png,0,08,learnable_hard,0.23029817,0.805,0.244430493,normal_replay,GapCritical-Strict
RUN_205,TRIAD_069,B04_GapGuard-Raw_B3000,T,1343723075,1879155201,663,Det/images/normal_train/01067620.png,0,09,learnable_hard,0.6604486011,0.255,0.2374998866,normal_replay,GapCritical-Strict
RUN_205,TRIAD_069,B04_GapGuard-Raw_B3000,T,1343723075,1879155201,664,Det/images/normal_train/00238899.png,0,02,learnable_hard,0.3107188957,0.74,0.2293965724,normal_replay,GapCritical-Strict
RUN_205,TRIAD_069,B04_GapGuard-Raw_B3000,T,1343723075,1879155201,665,Det/images/normal_train/01242176.png,0,02,learnable_hard,0.5344805773,0.38,0.2722803701,normal_replay,GapCritical-Strict
RUN_205,TRIAD_069,B04_GapGuard-Raw_B3000,T,1343723075,1879155201,666,Det/images/normal_train/00693642.png,0,03,learnable_hard,0.3060786076,0.735,0.2985257871,normal_replay,GapCritical-Strict
RUN_205,TRIAD_069,B04_GapGuard-Raw_B3000,T,1343723075,1879155201,667,Det/images/normal_train/00993456.png,0,04,learnable_hard,0.3273175209,0.565,0.266859811,normal_replay,GapCritical-Strict
RUN_205,TRIAD_069,B04_GapGuard-Raw_B3000,T,1343723075,1879155201,668,Det/images/normal_train/00799285.png,0,09,learnable_hard,0.7250712705,0.16,0.2748002565,normal_replay,GapCritical-Strict
RUN_205,TRIAD_069,B04_GapGuard-Raw_B3000,T,1343723075,1879155201,669,Det/images/normal_train/00883517.png,0,05,learnable_hard,0.2894698003,0.73,0.2696108458,normal_replay,GapCritical-Strict
RUN_205,TRIAD_069,B04_GapGuard-Raw_B3000,T,1343723075,1879155201,670,Det/images/normal_train/00330667.png,0,00,learnable_hard,0.4483915881,0.495,0.2555296025,normal_replay,GapCritical-Strict
RUN_205,TRIAD_069,B04_GapGuard-Raw_B3000,T,1343723075,1879155201,671,Det/images/normal_train/00774102.png,0,00,learnable_hard,0.4947437765,0.475,0.3040877764,normal_replay,GapCritical-Strict
RUN_205,TRIAD_069,B04_GapGuard-Raw_B3000,T,1343723075,1879155201,672,Det/images/normal_train/01002297.png,0,06,learnable_hard,0.6813125645,0.18,0.2606148476,normal_replay,GapCritical-Strict
RUN_205,TRIAD_069,B04_GapGuard-Raw_B3000,T,1343723075,1879155201,673,Det/images/normal_train/00436141.png,0,09,learnable_hard,0.3407183822,0.675,0.2497707401,normal_replay,GapCritical-Strict
RUN_205,TRIAD_069,B04_GapGuard-Raw_B3000,T,1343723075,1879155201,674,Det/images/normal_train/00164695.png,0,06,learnable_hard,0.5299210318,0.36,0.3069234424,normal_replay,GapCritical-Strict
RUN_205,TRIAD_069,B04_GapGuard-Raw_B3000,T,1343723075,1879155201,675,Det/images/normal_train/01040706.png,0,06,learnable_hard,0.6729601424,0.235,0.2494094038,normal_replay,GapCritical-Strict
RUN_205,TRIAD_069,B04_GapGuard-Raw_B3000,T,1343723075,1879155201,676,Det/images/normal_train/01046890.png,0,03,learnable_hard,0.75529978,0.175,0.2435210499,normal_replay,GapCritical-Strict
RUN_205,TRIAD_069,B04_GapGuard-Raw_B3000,T,1343723075,1879155201,677,Det/images/normal_train/00495848.png,0,08,learnable_hard,0.251089463,0.785,0.2395388901,normal_replay,GapCritical-Strict
RUN_205,TRIAD_069,B04_GapGuard-Raw_B3000,T,1343723075,1879155201,678,Det/images/normal_train/00841828.png,0,04,learnable_hard,0.6974701122,0.155,0.251613705,normal_replay,GapCritical-Strict
RUN_205,TRIAD_069,B04_GapGuard-Raw_B3000,T,1343723075,1879155201,679,Det/images/normal_train/00877893.png,0,04,learnable_hard,0.3631291615,0.58,0.263289635,normal_replay,GapCritical-Strict
RUN_205,TRIAD_069,B04_GapGuard-Raw_B3000,T,1343723075,1879155201,680,Det/images/normal_train/00778617.png,0,02,learnable_hard,0.3656689453,0.71,0.2739494961,normal_replay,GapCritical-Strict
RUN_205,TRIAD_069,B04_GapGuard-Raw_B3000,T,1343723075,1879155201,681,Det/images/normal_train/01158992.png,0,00,learnable_hard,0.5944809224,0.275,0.2525574595,normal_replay,GapCritical-Strict
RUN_205,TRIAD_069,B04_GapGuard-Raw_B3000,T,1343723075,1879155201,682,Det/images/normal_train/01166913.png,0,08,learnable_hard,0.6242791343,0.255,0.2590666208,normal_replay,GapCritical-Strict
RUN_205,TRIAD_069,B04_GapGuard-Raw_B3000,T,1343723075,1879155201,683,Det/images/normal_train/00847597.png,0,04,learnable_hard,0.3786425941,0.53,0.2584123321,normal_replay,GapCritical-Strict
RUN_205,TRIAD_069,B04_GapGuard-Raw_B3000,T,1343723075,1879155201,684,Det/images/normal_train/00254225.png,0,03,learnable_hard,0.6999118063,0.235,0.3016611645,normal_replay,GapCritical-Strict
RUN_205,TRIAD_069,B04_GapGuard-Raw_B3000,T,1343723075,1879155201,685,Det/images/normal_train/00248283.png,0,00,learnable_hard,0.7685341093,0.165,0.2439763994,normal_replay,GapCritical-Strict
RUN_205,TRIAD_069,B04_GapGuard-Raw_B3000,T,1343723075,1879155201,686,Det/images/normal_train/00583957.png,0,03,learnable_hard,0.3569998526,0.635,0.2430622988,normal_replay,GapCritical-Strict
RUN_205,TRIAD_069,B04_GapGuard-Raw_B3000,T,1343723075,1879155201,687,Det/images/normal_train/00546285.png,0,07,learnable_hard,0.5581196881,0.38,0.2977336688,normal_replay,GapCritical-Strict
RUN_205,TRIAD_069,B04_GapGuard-Raw_B3000,T,1343723075,1879155201,688,Det/images/normal_train/00920864.png,0,09,learnable_hard,0.4148917853,0.475,0.2259344541,normal_replay,GapCritical-Strict
RUN_205,TRIAD_069,B04_GapGuard-Raw_B3000,T,1343723075,1879155201,689,Det/images/normal_train/00447830.png,0,05,learnable_hard,0.2458839046,0.72,0.292998087,normal_replay,GapCritical-Strict
RUN_205,TRIAD_069,B04_GapGuard-Raw_B3000,T,1343723075,1879155201,690,Det/images/normal_train/01289078.png,0,01,learnable_hard,0.3436280262,0.66,0.234435884,normal_replay,GapCritical-Strict
RUN_205,TRIAD_069,B04_GapGuard-Raw_B3000,T,1343723075,1879155201,691,Det/images/normal_train/01158761.png,0,00,learnable_hard,0.6781414678,0.285,0.2558601249,normal_replay,GapCritical-Strict
RUN_205,TRIAD_069,B04_GapGuard-Raw_B3000,T,1343723075,1879155201,692,Det/images/normal_train/00346420.png,0,07,learnable_hard,0.4839410349,0.525,0.2239416039,normal_replay,GapCritical-Strict
RUN_205,TRIAD_069,B04_GapGuard-Raw_B3000,T,1343723075,1879155201,693,Det/images/normal_train/01235685.png,0,01,learnable_hard,0.5456791738,0.235,0.2284242648,normal_replay,GapCritical-Strict
RUN_205,TRIAD_069,B04_GapGuard-Raw_B3000,T,1343723075,1879155201,694,Det/images/normal_train/01141412.png,0,08,learnable_hard,0.3579292199,0.68,0.2268529473,normal_replay,GapCritical-Strict
RUN_205,TRIAD_069,B04_GapGuard-Raw_B3000,T,1343723075,1879155201,695,Det/images/normal_train/00681436.png,0,09,learnable_hard,0.2075137452,0.785,0.2818658404,normal_replay,GapCritical-Strict
RUN_205,TRIAD_069,B04_GapGuard-Raw_B3000,T,1343723075,1879155201,696,Det/images/normal_train/00335274.png,0,07,learnable_hard,0.3189124547,0.67,0.2729939771,normal_replay,GapCritical-Strict
RUN_205,TRIAD_069,B04_GapGuard-Raw_B3000,T,1343723075,1879155201,697,Det/images/normal_train/00894563.png,0,05,learnable_hard,0.4680897429,0.51,0.2644551137,normal_replay,GapCritical-Strict
RUN_205,TRIAD_069,B04_GapGuard-Raw_B3000,T,1343723075,1879155201,698,Det/images/normal_train/01261100.png,0,00,learnable_hard,0.4871701911,0.35,0.2480635245,normal_replay,GapCritical-Strict
RUN_205,TRIAD_069,B04_GapGuard-Raw_B3000,T,1343723075,1879155201,699,Det/images/normal_train/01042795.png,0,01,learnable_hard,0.3517330323,0.685,0.2205025529,normal_replay,GapCritical-Strict
RUN_205,TRIAD_069,B04_GapGuard-Raw_B3000,T,1343723075,1879155201,700,Det/images/normal_train/01103227.png,0,02,learnable_hard,0.3726935638,0.575,0.287552329,normal_replay,GapCritical-Strict
RUN_205,TRIAD_069,B04_GapGuard-Raw_B3000,T,1343723075,1879155201,701,Det/images/normal_train/00576855.png,0,04,learnable_hard,0.2606908197,0.755,0.2343713975,normal_replay,GapCritical-Strict
RUN_205,TRIAD_069,B04_GapGuard-Raw_B3000,T,1343723075,1879155201,702,Det/images/normal_train/00173703.png,0,04,learnable_hard,0.4011224778,0.54,0.2490972859,normal_replay,GapCritical-Strict
RUN_205,TRIAD_069,B04_GapGuard-Raw_B3000,T,1343723075,1879155201,703,Det/images/normal_train/00981502.png,0,05,learnable_hard,0.3208799781,0.68,0.2356268496,normal_replay,GapCritical-Strict
RUN_205,TRIAD_069,B04_GapGuard-Raw_B3000,T,1343723075,1879155201,704,Det/images/normal_train/00991870.png,0,00,learnable_hard,0.346958151,0.61,0.2384596149,normal_replay,GapCritical-Strict
RUN_205,TRIAD_069,B04_GapGuard-Raw_B3000,T,1343723075,1879155201,705,Det/images/normal_train/00225024.png,0,01,learnable_hard,0.3513248277,0.675,0.2379864002,normal_replay,GapCritical-Strict
RUN_205,TRIAD_069,B04_GapGuard-Raw_B3000,T,1343723075,1879155201,706,Det/images/normal_train/01002134.png,0,06,learnable_hard,0.7191328569,0.18,0.3048344492,normal_replay,GapCritical-Strict
RUN_205,TRIAD_069,B04_GapGuard-Raw_B3000,T,1343723075,1879155201,707,Det/images/normal_train/00647335.png,0,01,learnable_hard,0.5538735678,0.305,0.2813635887,normal_replay,GapCritical-Strict
RUN_205,TRIAD_069,B04_GapGuard-Raw_B3000,T,1343723075,1879155201,708,Det/images/normal_train/01023958.png,0,00,learnable_hard,0.6066347957,0.225,0.247500574,normal_replay,GapCritical-Strict
RUN_205,TRIAD_069,B04_GapGuard-Raw_B3000,T,1343723075,1879155201,709,Det/images/normal_train/00205911.png,0,08,learnable_hard,0.5079106897,0.345,0.2265339829,normal_replay,GapCritical-Strict
RUN_205,TRIAD_069,B04_GapGuard-Raw_B3000,T,1343723075,1879155201,710,Det/images/normal_train/00342064.png,0,02,learnable_hard,0.6524705009,0.2,0.2350582855,normal_replay,GapCritical-Strict
RUN_205,TRIAD_069,B04_GapGuard-Raw_B3000,T,1343723075,1879155201,711,Det/images/normal_train/00926221.png,0,00,learnable_hard,0.3766256502,0.645,0.2749168455,normal_replay,GapCritical-Strict
RUN_205,TRIAD_069,B04_GapGuard-Raw_B3000,T,1343723075,1879155201,712,Det/images/normal_train/00349355.png,0,00,learnable_hard,0.4043921836,0.51,0.2577119173,normal_replay,GapCritical-Strict
RUN_205,TRIAD_069,B04_GapGuard-Raw_B3000,T,1343723075,1879155201,713,Det/images/normal_train/01012215.png,0,00,learnable_hard,0.3518504049,0.62,0.2306295969,normal_replay,GapCritical-Strict
RUN_205,TRIAD_069,B04_GapGuard-Raw_B3000,T,1343723075,1879155201,714,Det/images/normal_train/01230312.png,0,01,learnable_hard,0.3327545489,0.67,0.2353077087,normal_replay,GapCritical-Strict
RUN_205,TRIAD_069,B04_GapGuard-Raw_B3000,T,1343723075,1879155201,715,Det/images/normal_train/00874643.png,0,06,learnable_hard,0.273826819,0.73,0.2389041291,normal_replay,GapCritical-Strict
RUN_205,TRIAD_069,B04_GapGuard-Raw_B3000,T,1343723075,1879155201,716,Det/images/normal_train/00610793.png,0,05,learnable_hard,0.3115680989,0.645,0.2525302666,normal_replay,GapCritical-Strict
RUN_205,TRIAD_069,B04_GapGuard-Raw_B3000,T,1343723075,1879155201,717,Det/images/normal_train/00833500.png,0,02,learnable_hard,0.265980499,0.75,0.3103495481,normal_replay,GapCritical-Strict
RUN_205,TRIAD_069,B04_GapGuard-Raw_B3000,T,1343723075,1879155201,718,Det/images/normal_train/00271758.png,0,03,learnable_hard,0.7900166207,0.155,0.2600533606,normal_replay,GapCritical-Strict
RUN_205,TRIAD_069,B04_GapGuard-Raw_B3000,T,1343723075,1879155201,719,Det/images/normal_train/01199330.png,0,03,learnable_hard,0.308771853,0.67,0.232362516,normal_replay,GapCritical-Strict
RUN_205,TRIAD_069,B04_GapGuard-Raw_B3000,T,1343723075,1879155201,720,Det/images/normal_train/00943069.png,0,09,learnable_hard,0.4948492105,0.44,0.2663053267,normal_replay,GapCritical-Strict
RUN_205,TRIAD_069,B04_GapGuard-Raw_B3000,T,1343723075,1879155201,721,Det/images/normal_train/01050941.png,0,08,learnable_hard,0.2748914734,0.775,0.2324642176,normal_replay,GapCritical-Strict
RUN_205,TRIAD_069,B04_GapGuard-Raw_B3000,T,1343723075,1879155201,722,Det/images/normal_train/00494996.png,0,05,learnable_hard,0.3643213254,0.655,0.2175461384,normal_replay,GapCritical-Strict
RUN_205,TRIAD_069,B04_GapGuard-Raw_B3000,T,1343723075,1879155201,723,Det/images/normal_train/00197194.png,0,06,learnable_hard,0.4969327838,0.33,0.2537826903,normal_replay,GapCritical-Strict
RUN_205,TRIAD_069,B04_GapGuard-Raw_B3000,T,1343723075,1879155201,724,Det/images/normal_train/00768357.png,0,08,learnable_hard,0.3703872423,0.62,0.2613515646,normal_replay,GapCritical-Strict
RUN_205,TRIAD_069,B04_GapGuard-Raw_B3000,T,1343723075,1879155201,725,Det/images/normal_train/01291504.png,0,07,learnable_hard,0.73644003,0.185,0.2345416792,normal_replay,GapCritical-Strict
RUN_205,TRIAD_069,B04_GapGuard-Raw_B3000,T,1343723075,1879155201,726,Det/images/normal_train/00923207.png,0,08,learnable_hard,0.3408372819,0.66,0.2530600105,normal_replay,GapCritical-Strict
RUN_205,TRIAD_069,B04_GapGuard-Raw_B3000,T,1343723075,1879155201,727,Det/images/normal_train/00444556.png,0,02,learnable_hard,0.3148957218,0.74,0.2703147183,normal_replay,GapCritical-Strict
RUN_205,TRIAD_069,B04_GapGuard-Raw_B3000,T,1343723075,1879155201,728,Det/images/normal_train/01144117.png,0,05,learnable_hard,0.7552901411,0.145,0.2522269133,normal_replay,GapCritical-Strict
RUN_205,TRIAD_069,B04_GapGuard-Raw_B3000,T,1343723075,1879155201,729,Det/images/normal_train/00249296.png,0,09,learnable_hard,0.3016995862,0.755,0.2957158316,normal_replay,GapCritical-Strict
RUN_205,TRIAD_069,B04_GapGuard-Raw_B3000,T,1343723075,1879155201,730,Det/images/normal_train/00353304.png,0,02,learnable_hard,0.5835232688,0.235,0.22959959,normal_replay,GapCritical-Strict
RUN_205,TRIAD_069,B04_GapGuard-Raw_B3000,T,1343723075,1879155201,731,Det/images/normal_train/00212687.png,0,05,learnable_hard,0.4832291017,0.4,0.248639415,normal_replay,GapCritical-Strict
RUN_205,TRIAD_069,B04_GapGuard-Raw_B3000,T,1343723075,1879155201,732,Det/images/normal_train/00462659.png,0,03,learnable_hard,0.45005459,0.525,0.2258249389,normal_replay,GapCritical-Strict
RUN_205,TRIAD_069,B04_GapGuard-Raw_B3000,T,1343723075,1879155201,733,Det/images/normal_train/00971540.png,0,02,learnable_hard,0.2455459568,0.765,0.2343454994,normal_replay,GapCritical-Strict
RUN_205,TRIAD_069,B04_GapGuard-Raw_B3000,T,1343723075,1879155201,734,Det/images/normal_train/01080318.png,0,03,learnable_hard,0.4563554107,0.43,0.2461782899,normal_replay,GapCritical-Strict
RUN_205,TRIAD_069,B04_GapGuard-Raw_B3000,T,1343723075,1879155201,735,Det/images/normal_train/00392314.png,0,08,learnable_hard,0.3337318078,0.585,0.239321107,normal_replay,GapCritical-Strict
RUN_205,TRIAD_069,B04_GapGuard-Raw_B3000,T,1343723075,1879155201,736,Det/images/normal_train/00928939.png,0,03,learnable_hard,0.3916763066,0.485,0.2501793696,normal_replay,GapCritical-Strict
RUN_205,TRIAD_069,B04_GapGuard-Raw_B3000,T,1343723075,1879155201,737,Det/images/normal_train/01078236.png,0,06,learnable_hard,0.2450665496,0.775,0.2333385196,normal_replay,GapCritical-Strict
RUN_205,TRIAD_069,B04_GapGuard-Raw_B3000,T,1343723075,1879155201,738,Det/images/normal_train/00929472.png,0,06,learnable_hard,0.3273751549,0.63,0.2441547118,normal_replay,GapCritical-Strict
RUN_205,TRIAD_069,B04_GapGuard-Raw_B3000,T,1343723075,1879155201,739,Det/images/normal_train/00167045.png,0,04,learnable_hard,0.2514279395,0.79,0.2398030036,normal_replay,GapCritical-Strict
RUN_205,TRIAD_069,B04_GapGuard-Raw_B3000,T,1343723075,1879155201,740,Det/images/normal_train/00589047.png,0,03,learnable_hard,0.7784271182,0.155,0.2607481916,normal_replay,GapCritical-Strict
RUN_205,TRIAD_069,B04_GapGuard-Raw_B3000,T,1343723075,1879155201,741,Det/images/normal_train/00242714.png,0,01,learnable_hard,0.3219651794,0.705,0.2450848817,normal_replay,GapCritical-Strict
RUN_205,TRIAD_069,B04_GapGuard-Raw_B3000,T,1343723075,1879155201,742,Det/images/normal_train/00688782.png,0,05,learnable_hard,0.3359223219,0.655,0.2446353821,normal_replay,GapCritical-Strict
RUN_205,TRIAD_069,B04_GapGuard-Raw_B3000,T,1343723075,1879155201,743,Det/images/normal_train/00938720.png,0,08,learnable_hard,0.3323547469,0.655,0.2379030545,normal_replay,GapCritical-Strict
RUN_205,TRIAD_069,B04_GapGuard-Raw_B3000,T,1343723075,1879155201,744,Det/images/normal_train/01032981.png,0,02,learnable_hard,0.7023321751,0.17,0.2553300139,normal_replay,GapCritical-Strict
RUN_205,TRIAD_069,B04_GapGuard-Raw_B3000,T,1343723075,1879155201,745,Det/images/normal_train/00886205.png,0,09,learnable_hard,0.2596837166,0.705,0.2711736661,normal_replay,GapCritical-Strict
RUN_205,TRIAD_069,B04_GapGuard-Raw_B3000,T,1343723075,1879155201,746,Det/images/normal_train/01291691.png,0,07,learnable_hard,0.2633350259,0.75,0.2290725674,normal_replay,GapCritical-Strict
RUN_205,TRIAD_069,B04_GapGuard-Raw_B3000,T,1343723075,1879155201,747,Det/images/normal_train/00367430.png,0,04,learnable_hard,0.4303288707,0.575,0.2334137371,normal_replay,GapCritical-Strict
RUN_205,TRIAD_069,B04_GapGuard-Raw_B3000,T,1343723075,1879155201,748,Det/images/normal_train/00990255.png,0,03,learnable_hard,0.7064411177,0.185,0.2451652042,normal_replay,GapCritical-Strict
RUN_205,TRIAD_069,B04_GapGuard-Raw_B3000,T,1343723075,1879155201,749,Det/images/normal_train/00558927.png,0,06,learnable_hard,0.482696639,0.5,0.2541698849,normal_replay,GapCritical-Strict
RUN_205,TRIAD_069,B04_GapGuard-Raw_B3000,T,1343723075,1879155201,750,Det/images/normal_train/00548054.png,0,00,learnable_hard,0.4995881954,0.3,0.2832173693,normal_replay,GapCritical-Strict
RUN_205,TRIAD_069,B04_GapGuard-Raw_B3000,T,1343723075,1879155201,751,Det/images/normal_train/01272547.png,0,00,learnable_hard,0.5297284482,0.4,0.2407101491,normal_replay,GapCritical-Strict
RUN_205,TRIAD_069,B04_GapGuard-Raw_B3000,T,1343723075,1879155201,752,Det/images/normal_train/01225854.png,0,01,learnable_hard,0.5068170087,0.335,0.2653950892,normal_replay,GapCritical-Strict
RUN_205,TRIAD_069,B04_GapGuard-Raw_B3000,T,1343723075,1879155201,753,Det/images/normal_train/00515792.png,0,03,learnable_hard,0.3983187824,0.54,0.2468921119,normal_replay,GapCritical-Strict
RUN_205,TRIAD_069,B04_GapGuard-Raw_B3000,T,1343723075,1879155201,754,Det/images/normal_train/01129050.png,0,09,learnable_hard,0.3610310614,0.585,0.2358863829,normal_replay,GapCritical-Strict
RUN_205,TRIAD_069,B04_GapGuard-Raw_B3000,T,1343723075,1879155201,755,Det/images/normal_train/00561880.png,0,09,learnable_hard,0.3761732756,0.545,0.2436081858,normal_replay,GapCritical-Strict
RUN_205,TRIAD_069,B04_GapGuard-Raw_B3000,T,1343723075,1879155201,756,Det/images/normal_train/00336190.png,0,03,learnable_hard,0.294782245,0.695,0.2375503638,normal_replay,GapCritical-Strict
RUN_205,TRIAD_069,B04_GapGuard-Raw_B3000,T,1343723075,1879155201,757,Det/images/normal_train/00755677.png,0,05,learnable_hard,0.6612099543,0.195,0.248607865,normal_replay,GapCritical-Strict
RUN_205,TRIAD_069,B04_GapGuard-Raw_B3000,T,1343723075,1879155201,758,Det/images/normal_train/00630705.png,0,03,learnable_hard,0.3387952503,0.61,0.2703078643,normal_replay,GapCritical-Strict
RUN_205,TRIAD_069,B04_GapGuard-Raw_B3000,T,1343723075,1879155201,759,Det/images/normal_train/00997628.png,0,08,learnable_hard,0.2246161846,0.775,0.2515961595,normal_replay,GapCritical-Strict
RUN_205,TRIAD_069,B04_GapGuard-Raw_B3000,T,1343723075,1879155201,760,Det/images/normal_train/00968819.png,0,09,learnable_hard,0.1862483223,0.86,0.2193425718,normal_replay,GapCritical-Strict
RUN_205,TRIAD_069,B04_GapGuard-Raw_B3000,T,1343723075,1879155201,761,Det/images/normal_train/00189663.png,0,02,learnable_hard,0.5464927014,0.295,0.2408768118,normal_replay,GapCritical-Strict
RUN_205,TRIAD_069,B04_GapGuard-Raw_B3000,T,1343723075,1879155201,762,Det/images/normal_train/00319706.png,0,04,learnable_hard,0.3316087219,0.695,0.2283810964,normal_replay,GapCritical-Strict
RUN_205,TRIAD_069,B04_GapGuard-Raw_B3000,T,1343723075,1879155201,763,Det/images/normal_train/00738292.png,0,02,learnable_hard,0.3997244177,0.615,0.2278238449,normal_replay,GapCritical-Strict
RUN_205,TRIAD_069,B04_GapGuard-Raw_B3000,T,1343723075,1879155201,764,Det/images/normal_train/01114325.png,0,04,learnable_hard,0.6516856938,0.245,0.2608298439,normal_replay,GapCritical-Strict
RUN_205,TRIAD_069,B04_GapGuard-Raw_B3000,T,1343723075,1879155201,765,Det/images/normal_train/00249505.png,0,09,learnable_hard,0.2469591289,0.715,0.2579415663,normal_replay,GapCritical-Strict
RUN_205,TRIAD_069,B04_GapGuard-Raw_B3000,T,1343723075,1879155201,766,Det/images/normal_train/00661565.png,0,08,learnable_hard,0.189105709,0.855,0.2422266147,normal_replay,GapCritical-Strict
RUN_205,TRIAD_069,B04_GapGuard-Raw_B3000,T,1343723075,1879155201,767,Det/images/normal_train/00682412.png,0,00,learnable_hard,0.7176148024,0.18,0.250350127,normal_replay,GapCritical-Strict
RUN_205,TRIAD_069,B04_GapGuard-Raw_B3000,T,1343723075,1879155201,768,Det/images/normal_train/00521680.png,0,05,learnable_hard,0.397922372,0.635,0.2125403339,normal_replay,GapCritical-Strict
RUN_205,TRIAD_069,B04_GapGuard-Raw_B3000,T,1343723075,1879155201,769,Det/images/normal_train/00332813.png,0,00,learnable_hard,0.7611040743,0.14,0.2301890438,normal_replay,GapCritical-Strict
RUN_205,TRIAD_069,B04_GapGuard-Raw_B3000,T,1343723075,1879155201,770,Det/images/normal_train/00767214.png,0,03,learnable_hard,0.6631580621,0.39,0.2871605171,normal_replay,GapCritical-Strict
RUN_205,TRIAD_069,B04_GapGuard-Raw_B3000,T,1343723075,1879155201,771,Det/images/normal_train/01067649.png,0,09,learnable_hard,0.415479988,0.495,0.2346624776,normal_replay,GapCritical-Strict
RUN_205,TRIAD_069,B04_GapGuard-Raw_B3000,T,1343723075,1879155201,772,Det/images/normal_train/01281702.png,0,05,learnable_hard,0.6839984132,0.245,0.2417652023,normal_replay,GapCritical-Strict
RUN_205,TRIAD_069,B04_GapGuard-Raw_B3000,T,1343723075,1879155201,773,Det/images/normal_train/00482298.png,0,02,learnable_hard,0.5931266359,0.215,0.2409639212,normal_replay,GapCritical-Strict
RUN_205,TRIAD_069,B04_GapGuard-Raw_B3000,T,1343723075,1879155201,774,Det/images/normal_train/00378040.png,0,05,learnable_hard,0.3225720894,0.615,0.2491112545,normal_replay,GapCritical-Strict
RUN_205,TRIAD_069,B04_GapGuard-Raw_B3000,T,1343723075,1879155201,775,Det/images/normal_train/00186579.png,0,01,learnable_hard,0.3779929284,0.63,0.2421421207,normal_replay,GapCritical-Strict
RUN_205,TRIAD_069,B04_GapGuard-Raw_B3000,T,1343723075,1879155201,776,Det/images/normal_train/01221532.png,0,02,learnable_hard,0.5279791352,0.26,0.2207641429,normal_replay,GapCritical-Strict
RUN_205,TRIAD_069,B04_GapGuard-Raw_B3000,T,1343723075,1879155201,777,Det/images/normal_train/00879444.png,0,09,learnable_hard,0.3768173205,0.63,0.2084952825,normal_replay,GapCritical-Strict
RUN_205,TRIAD_069,B04_GapGuard-Raw_B3000,T,1343723075,1879155201,778,Det/images/normal_train/00287916.png,0,08,learnable_hard,0.2287171279,0.775,0.2530793304,normal_replay,GapCritical-Strict
RUN_205,TRIAD_069,B04_GapGuard-Raw_B3000,T,1343723075,1879155201,779,Det/images/normal_train/00390228.png,0,09,learnable_hard,0.3584664648,0.65,0.261618869,normal_replay,GapCritical-Strict
RUN_205,TRIAD_069,B04_GapGuard-Raw_B3000,T,1343723075,1879155201,780,Det/images/normal_train/00334662.png,0,06,learnable_hard,0.3281376873,0.65,0.2630945494,normal_replay,GapCritical-Strict
RUN_205,TRIAD_069,B04_GapGuard-Raw_B3000,T,1343723075,1879155201,781,Det/images/normal_train/00924862.png,0,07,learnable_hard,0.299454223,0.775,0.2149068097,normal_replay,GapCritical-Strict
RUN_205,TRIAD_069,B04_GapGuard-Raw_B3000,T,1343723075,1879155201,782,Det/images/normal_train/00190019.png,0,09,learnable_hard,0.6259476782,0.26,0.2371428095,normal_replay,GapCritical-Strict
RUN_205,TRIAD_069,B04_GapGuard-Raw_B3000,T,1343723075,1879155201,783,Det/images/normal_train/00585216.png,0,05,learnable_hard,0.4815521909,0.335,0.2556540202,normal_replay,GapCritical-Strict
RUN_205,TRIAD_069,B04_GapGuard-Raw_B3000,T,1343723075,1879155201,784,Det/images/normal_train/00278195.png,0,00,learnable_hard,0.3860552376,0.49,0.240236885,normal_replay,GapCritical-Strict
RUN_205,TRIAD_069,B04_GapGuard-Raw_B3000,T,1343723075,1879155201,785,Det/images/normal_train/00231248.png,0,08,learnable_hard,0.499400359,0.275,0.2448320714,normal_replay,GapCritical-Strict
RUN_205,TRIAD_069,B04_GapGuard-Raw_B3000,T,1343723075,1879155201,786,Det/images/normal_train/00325329.png,0,00,learnable_hard,0.338429998,0.68,0.2247521583,normal_replay,GapCritical-Strict
RUN_205,TRIAD_069,B04_GapGuard-Raw_B3000,T,1343723075,1879155201,787,Det/images/normal_train/00732740.png,0,04,learnable_hard,0.4565275668,0.36,0.2148814745,normal_replay,GapCritical-Strict
RUN_205,TRIAD_069,B04_GapGuard-Raw_B3000,T,1343723075,1879155201,788,Det/images/normal_train/01146347.png,0,05,learnable_hard,0.2121633014,0.825,0.2259467796,normal_replay,GapCritical-Strict
RUN_205,TRIAD_069,B04_GapGuard-Raw_B3000,T,1343723075,1879155201,789,Det/images/normal_train/00919113.png,0,04,learnable_hard,0.3114598044,0.615,0.2316250469,normal_replay,GapCritical-Strict
RUN_205,TRIAD_069,B04_GapGuard-Raw_B3000,T,1343723075,1879155201,790,Det/images/normal_train/00217532.png,0,07,learnable_hard,0.2847142848,0.745,0.230533783,normal_replay,GapCritical-Strict
RUN_205,TRIAD_069,B04_GapGuard-Raw_B3000,T,1343723075,1879155201,791,Det/images/normal_train/00719942.png,0,01,learnable_hard,0.2917097601,0.765,0.2312348167,normal_replay,GapCritical-Strict
RUN_205,TRIAD_069,B04_GapGuard-Raw_B3000,T,1343723075,1879155201,792,Det/images/normal_train/01050230.png,0,08,learnable_hard,0.3736052703,0.74,0.2068972909,normal_replay,GapCritical-Strict
RUN_205,TRIAD_069,B04_GapGuard-Raw_B3000,T,1343723075,1879155201,793,Det/images/normal_train/01280134.png,0,03,learnable_hard,0.2793205121,0.845,0.2142332658,normal_replay,GapCritical-Strict
RUN_205,TRIAD_069,B04_GapGuard-Raw_B3000,T,1343723075,1879155201,794,Det/images/normal_train/00197175.png,0,06,learnable_hard,0.2418216228,0.845,0.2218009935,normal_replay,GapCritical-Strict
RUN_205,TRIAD_069,B04_GapGuard-Raw_B3000,T,1343723075,1879155201,795,Det/images/normal_train/00169898.png,0,06,learnable_hard,0.3042804709,0.65,0.246103681,normal_replay,GapCritical-Strict
RUN_205,TRIAD_069,B04_GapGuard-Raw_B3000,T,1343723075,1879155201,796,Det/images/normal_train/00390225.png,0,09,learnable_hard,0.3806575482,0.585,0.2742238096,normal_replay,GapCritical-Strict
RUN_205,TRIAD_069,B04_GapGuard-Raw_B3000,T,1343723075,1879155201,797,Det/images/normal_train/00282397.png,0,04,learnable_hard,0.1890147511,0.815,0.2298016037,normal_replay,GapCritical-Strict
RUN_205,TRIAD_069,B04_GapGuard-Raw_B3000,T,1343723075,1879155201,798,Det/images/normal_train/00883854.png,0,05,learnable_hard,0.4057042909,0.63,0.2082300496,normal_replay,GapCritical-Strict
RUN_205,TRIAD_069,B04_GapGuard-Raw_B3000,T,1343723075,1879155201,799,Det/images/normal_train/00980765.png,0,01,learnable_hard,0.4473786668,0.5,0.2125017443,normal_replay,GapCritical-Strict
RUN_205,TRIAD_069,B04_GapGuard-Raw_B3000,T,1343723075,1879155201,800,Det/images/normal_train/00335875.png,0,07,learnable_hard,0.4884285961,0.32,0.2577011442,normal_replay,GapCritical-Strict
RUN_205,TRIAD_069,B04_GapGuard-Raw_B3000,T,1343723075,1879155201,801,Det/images/normal_train/01258305.png,0,03,learnable_hard,0.3546556607,0.595,0.2906492426,normal_replay,GapCritical-Strict
RUN_205,TRIAD_069,B04_GapGuard-Raw_B3000,T,1343723075,1879155201,802,Det/images/normal_train/00735249.png,0,07,learnable_hard,0.28144433,0.76,0.2310783009,normal_replay,GapCritical-Strict
RUN_205,TRIAD_069,B04_GapGuard-Raw_B3000,T,1343723075,1879155201,803,Det/images/normal_train/00565135.png,0,04,learnable_hard,0.2954639737,0.755,0.2243114381,normal_replay,GapCritical-Strict
RUN_205,TRIAD_069,B04_GapGuard-Raw_B3000,T,1343723075,1879155201,804,Det/images/normal_train/01017279.png,0,07,learnable_hard,0.4779728605,0.39,0.2165917973,normal_replay,GapCritical-Strict
RUN_205,TRIAD_069,B04_GapGuard-Raw_B3000,T,1343723075,1879155201,805,Det/images/normal_train/00560263.png,0,01,learnable_hard,0.2730099201,0.8,0.2238633059,normal_replay,GapCritical-Strict
RUN_205,TRIAD_069,B04_GapGuard-Raw_B3000,T,1343723075,1879155201,806,Det/images/normal_train/01126904.png,0,06,learnable_hard,0.5326671237,0.245,0.2421828879,normal_replay,GapCritical-Strict
RUN_205,TRIAD_069,B04_GapGuard-Raw_B3000,T,1343723075,1879155201,807,Det/images/normal_train/00163587.png,0,08,learnable_hard,0.4704521868,0.46,0.2235486628,normal_replay,GapCritical-Strict
RUN_205,TRIAD_069,B04_GapGuard-Raw_B3000,T,1343723075,1879155201,808,Det/images/normal_train/01281839.png,0,05,learnable_hard,0.2581094925,0.855,0.2312026329,normal_replay,GapCritical-Strict
RUN_205,TRIAD_069,B04_GapGuard-Raw_B3000,T,1343723075,1879155201,809,Det/images/normal_train/00286722.png,0,06,learnable_hard,0.2474296417,0.715,0.2734347755,normal_replay,GapCritical-Strict
RUN_205,TRIAD_069,B04_GapGuard-Raw_B3000,T,1343723075,1879155201,810,Det/images/normal_train/00867420.png,0,05,learnable_hard,0.4644272105,0.53,0.2396570992,normal_replay,GapCritical-Strict
RUN_205,TRIAD_069,B04_GapGuard-Raw_B3000,T,1343723075,1879155201,811,Det/images/normal_train/01115288.png,0,00,learnable_hard,0.4041060413,0.54,0.2361300687,normal_replay,GapCritical-Strict
RUN_205,TRIAD_069,B04_GapGuard-Raw_B3000,T,1343723075,1879155201,812,Det/images/normal_train/00345754.png,0,05,learnable_hard,0.2657086192,0.765,0.2358371077,normal_replay,GapCritical-Strict
RUN_205,TRIAD_069,B04_GapGuard-Raw_B3000,T,1343723075,1879155201,813,Det/images/normal_train/00574948.png,0,03,learnable_hard,0.3065542016,0.74,0.2359518486,normal_replay,GapCritical-Strict
RUN_205,TRIAD_069,B04_GapGuard-Raw_B3000,T,1343723075,1879155201,814,Det/images/normal_train/00411033.png,0,06,learnable_hard,0.2696514986,0.695,0.2589044728,normal_replay,GapCritical-Strict
RUN_205,TRIAD_069,B04_GapGuard-Raw_B3000,T,1343723075,1879155201,815,Det/images/normal_train/00559841.png,0,03,learnable_hard,0.3781529277,0.475,0.270364336,normal_replay,GapCritical-Strict
RUN_205,TRIAD_069,B04_GapGuard-Raw_B3000,T,1343723075,1879155201,816,Det/images/normal_train/01285755.png,0,08,learnable_hard,0.3866570936,0.6,0.2216018895,normal_replay,GapCritical-Strict
RUN_205,TRIAD_069,B04_GapGuard-Raw_B3000,T,1343723075,1879155201,817,Det/images/normal_train/00329980.png,0,03,learnable_hard,0.2584551547,0.81,0.2224888123,normal_replay,GapCritical-Strict
RUN_205,TRIAD_069,B04_GapGuard-Raw_B3000,T,1343723075,1879155201,818,Det/images/normal_train/01095601.png,0,01,learnable_hard,0.3467017424,0.75,0.2230593678,normal_replay,GapCritical-Strict
RUN_205,TRIAD_069,B04_GapGuard-Raw_B3000,T,1343723075,1879155201,819,Det/images/normal_train/00907207.png,0,02,learnable_hard,0.3106891358,0.725,0.2125273609,normal_replay,GapCritical-Strict
RUN_205,TRIAD_069,B04_GapGuard-Raw_B3000,T,1343723075,1879155201,820,Det/images/normal_train/00511177.png,0,02,learnable_hard,0.3227117762,0.72,0.2257366775,normal_replay,GapCritical-Strict
RUN_205,TRIAD_069,B04_GapGuard-Raw_B3000,T,1343723075,1879155201,821,Det/images/normal_train/00404144.png,0,09,learnable_hard,0.2546462492,0.825,0.2061286128,normal_replay,GapCritical-Strict
RUN_205,TRIAD_069,B04_GapGuard-Raw_B3000,T,1343723075,1879155201,822,Det/images/normal_train/00923010.png,0,08,learnable_hard,0.6557926523,0.19,0.2260791861,normal_replay,GapCritical-Strict
RUN_205,TRIAD_069,B04_GapGuard-Raw_B3000,T,1343723075,1879155201,823,Det/images/normal_train/00187453.png,0,03,learnable_hard,0.4998536413,0.365,0.2568906407,normal_replay,GapCritical-Strict
RUN_205,TRIAD_069,B04_GapGuard-Raw_B3000,T,1343723075,1879155201,824,Det/images/normal_train/00382746.png,0,00,learnable_hard,0.2347946147,0.76,0.2475119013,normal_replay,GapCritical-Strict
RUN_205,TRIAD_069,B04_GapGuard-Raw_B3000,T,1343723075,1879155201,825,Det/images/normal_train/01051380.png,0,06,learnable_hard,0.360089714,0.715,0.2330733106,normal_replay,GapCritical-Strict
RUN_205,TRIAD_069,B04_GapGuard-Raw_B3000,T,1343723075,1879155201,826,Det/images/normal_train/01148645.png,0,04,learnable_hard,0.4486399973,0.445,0.2320269191,normal_replay,GapCritical-Strict
RUN_205,TRIAD_069,B04_GapGuard-Raw_B3000,T,1343723075,1879155201,827,Det/images/normal_train/00219494.png,0,09,learnable_hard,0.5588272683,0.395,0.2496636651,normal_replay,GapCritical-Strict
RUN_205,TRIAD_069,B04_GapGuard-Raw_B3000,T,1343723075,1879155201,828,Det/images/normal_train/00414232.png,0,05,learnable_hard,0.2964505556,0.635,0.2708002733,normal_replay,GapCritical-Strict
RUN_205,TRIAD_069,B04_GapGuard-Raw_B3000,T,1343723075,1879155201,829,Det/images/normal_train/00718879.png,0,01,learnable_hard,0.1591432904,0.87,0.2223371661,normal_replay,GapCritical-Strict
RUN_205,TRIAD_069,B04_GapGuard-Raw_B3000,T,1343723075,1879155201,830,Det/images/normal_train/00375040.png,0,04,learnable_hard,0.3579824122,0.655,0.2222986405,normal_replay,GapCritical-Strict
RUN_205,TRIAD_069,B04_GapGuard-Raw_B3000,T,1343723075,1879155201,831,Det/images/normal_train/01264215.png,0,08,learnable_hard,0.3175707461,0.74,0.2170681477,normal_replay,GapCritical-Strict
RUN_205,TRIAD_069,B04_GapGuard-Raw_B3000,T,1343723075,1879155201,832,Det/images/normal_train/00649770.png,0,09,learnable_hard,0.4478346896,0.53,0.2138325404,normal_replay,GapCritical-Strict
RUN_205,TRIAD_069,B04_GapGuard-Raw_B3000,T,1343723075,1879155201,833,Det/images/normal_train/01167056.png,0,01,learnable_hard,0.3140825972,0.685,0.2458360409,normal_replay,GapCritical-Strict
RUN_205,TRIAD_069,B04_GapGuard-Raw_B3000,T,1343723075,1879155201,834,Det/images/normal_train/00943212.png,0,09,learnable_hard,0.4697861107,0.405,0.2532898023,normal_replay,GapCritical-Strict
RUN_205,TRIAD_069,B04_GapGuard-Raw_B3000,T,1343723075,1879155201,835,Det/images/normal_train/00261477.png,0,00,learnable_hard,0.3232419042,0.72,0.2269773762,normal_replay,GapCritical-Strict
RUN_205,TRIAD_069,B04_GapGuard-Raw_B3000,T,1343723075,1879155201,836,Det/images/normal_train/01068617.png,0,00,learnable_hard,0.4959392039,0.39,0.2454166409,normal_replay,GapCritical-Strict
RUN_205,TRIAD_069,B04_GapGuard-Raw_B3000,T,1343723075,1879155201,837,Det/images/normal_train/00991922.png,0,00,learnable_hard,0.2668405042,0.715,0.2839093925,normal_replay,GapCritical-Strict
RUN_205,TRIAD_069,B04_GapGuard-Raw_B3000,T,1343723075,1879155201,838,Det/images/normal_train/00166068.png,0,03,learnable_hard,0.2915181689,0.775,0.2289537616,normal_replay,GapCritical-Strict
RUN_205,TRIAD_069,B04_GapGuard-Raw_B3000,T,1343723075,1879155201,839,Det/images/normal_train/00464587.png,0,05,learnable_hard,0.4590468737,0.52,0.2178719383,normal_replay,GapCritical-Strict
RUN_205,TRIAD_069,B04_GapGuard-Raw_B3000,T,1343723075,1879155201,840,Det/images/normal_train/00362832.png,0,08,learnable_hard,0.4927974646,0.37,0.2344616725,normal_replay,GapCritical-Strict
RUN_205,TRIAD_069,B04_GapGuard-Raw_B3000,T,1343723075,1879155201,841,Det/images/normal_train/00270055.png,0,04,learnable_hard,0.5433826271,0.26,0.2212476576,normal_replay,GapCritical-Strict
RUN_205,TRIAD_069,B04_GapGuard-Raw_B3000,T,1343723075,1879155201,842,Det/images/normal_train/00593056.png,0,03,learnable_hard,0.2521390926,0.755,0.2820007951,normal_replay,GapCritical-Strict
RUN_205,TRIAD_069,B04_GapGuard-Raw_B3000,T,1343723075,1879155201,843,Det/images/normal_train/00532844.png,0,07,learnable_hard,0.6558546211,0.225,0.2939297759,normal_replay,GapCritical-Strict
RUN_205,TRIAD_069,B04_GapGuard-Raw_B3000,T,1343723075,1879155201,844,Det/images/normal_train/00667746.png,0,03,learnable_hard,0.314817678,0.76,0.2253609667,normal_replay,GapCritical-Strict
RUN_205,TRIAD_069,B04_GapGuard-Raw_B3000,T,1343723075,1879155201,845,Det/images/normal_train/00646860.png,0,02,learnable_hard,0.2235294774,0.825,0.2193039225,normal_replay,GapCritical-Strict
RUN_205,TRIAD_069,B04_GapGuard-Raw_B3000,T,1343723075,1879155201,846,Det/images/normal_train/00365410.png,0,00,learnable_hard,0.5303289211,0.325,0.2332795875,normal_replay,GapCritical-Strict
RUN_205,TRIAD_069,B04_GapGuard-Raw_B3000,T,1343723075,1879155201,847,Det/images/normal_train/00484078.png,0,07,learnable_hard,0.2089003311,0.8,0.2343379745,normal_replay,GapCritical-Strict
RUN_205,TRIAD_069,B04_GapGuard-Raw_B3000,T,1343723075,1879155201,848,Det/images/normal_train/01059735.png,0,03,learnable_hard,0.3735137658,0.65,0.2151986872,normal_replay,GapCritical-Strict
RUN_205,TRIAD_069,B04_GapGuard-Raw_B3000,T,1343723075,1879155201,849,Det/images/normal_train/00931424.png,0,02,learnable_hard,0.5979388211,0.195,0.254654116,normal_replay,GapCritical-Strict
RUN_205,TRIAD_069,B04_GapGuard-Raw_B3000,T,1343723075,1879155201,850,Det/images/normal_train/00900023.png,0,07,learnable_hard,0.4708959612,0.515,0.2411243445,normal_replay,GapCritical-Strict
RUN_205,TRIAD_069,B04_GapGuard-Raw_B3000,T,1343723075,1879155201,851,Det/images/normal_train/00338399.png,0,00,learnable_hard,0.3478319809,0.7,0.2402536443,normal_replay,GapCritical-Strict
RUN_205,TRIAD_069,B04_GapGuard-Raw_B3000,T,1343723075,1879155201,852,Det/images/normal_train/00261820.png,0,00,learnable_hard,0.5845075465,0.27,0.2592543878,normal_replay,GapCritical-Strict
RUN_205,TRIAD_069,B04_GapGuard-Raw_B3000,T,1343723075,1879155201,853,Det/images/normal_train/00267726.png,0,07,learnable_hard,0.4080383309,0.57,0.2160245439,normal_replay,GapCritical-Strict
RUN_205,TRIAD_069,B04_GapGuard-Raw_B3000,T,1343723075,1879155201,854,Det/images/normal_train/00534855.png,0,03,learnable_hard,0.2215940011,0.83,0.2220022356,normal_replay,GapCritical-Strict
RUN_205,TRIAD_069,B04_GapGuard-Raw_B3000,T,1343723075,1879155201,855,Det/images/normal_train/00925012.png,0,09,learnable_hard,0.2889807741,0.69,0.2453321636,normal_replay,GapCritical-Strict
RUN_205,TRIAD_069,B04_GapGuard-Raw_B3000,T,1343723075,1879155201,856,Det/images/normal_train/00973210.png,0,05,learnable_hard,0.4983988565,0.3,0.2131900522,normal_replay,GapCritical-Strict
RUN_205,TRIAD_069,B04_GapGuard-Raw_B3000,T,1343723075,1879155201,857,Det/images/normal_train/00954939.png,0,03,learnable_hard,0.2204244562,0.89,0.2308290601,normal_replay,GapCritical-Strict
RUN_205,TRIAD_069,B04_GapGuard-Raw_B3000,T,1343723075,1879155201,858,Det/images/normal_train/00647415.png,0,01,learnable_hard,0.3930784888,0.525,0.2270651959,normal_replay,GapCritical-Strict
RUN_205,TRIAD_069,B04_GapGuard-Raw_B3000,T,1343723075,1879155201,859,Det/images/normal_train/00768927.png,0,08,learnable_hard,0.3698331963,0.56,0.24624473,normal_replay,GapCritical-Strict
RUN_205,TRIAD_069,B04_GapGuard-Raw_B3000,T,1343723075,1879155201,860,Det/images/normal_train/00324634.png,0,00,learnable_hard,0.2553667672,0.725,0.2536843442,normal_replay,GapCritical-Strict
RUN_205,TRIAD_069,B04_GapGuard-Raw_B3000,T,1343723075,1879155201,861,Det/images/normal_train/00532376.png,0,07,learnable_hard,0.3370371423,0.63,0.2320186447,normal_replay,GapCritical-Strict
RUN_205,TRIAD_069,B04_GapGuard-Raw_B3000,T,1343723075,1879155201,862,Det/images/normal_train/00500404.png,0,05,learnable_hard,0.5487343457,0.285,0.2336960094,normal_replay,GapCritical-Strict
RUN_205,TRIAD_069,B04_GapGuard-Raw_B3000,T,1343723075,1879155201,863,Det/images/normal_train/00638602.png,0,00,learnable_hard,0.3154706848,0.565,0.2474087731,normal_replay,GapCritical-Strict
RUN_205,TRIAD_069,B04_GapGuard-Raw_B3000,T,1343723075,1879155201,864,Det/images/normal_train/00936876.png,0,06,learnable_hard,0.2755885129,0.72,0.234563905,normal_replay,GapCritical-Strict
RUN_205,TRIAD_069,B04_GapGuard-Raw_B3000,T,1343723075,1879155201,865,Det/images/normal_train/01200690.png,0,04,learnable_hard,0.4532402228,0.42,0.266777253,normal_replay,GapCritical-Strict
RUN_205,TRIAD_069,B04_GapGuard-Raw_B3000,T,1343723075,1879155201,866,Det/images/normal_train/00933992.png,0,03,learnable_hard,0.3967624826,0.63,0.2683587122,normal_replay,GapCritical-Strict
RUN_205,TRIAD_069,B04_GapGuard-Raw_B3000,T,1343723075,1879155201,867,Det/images/normal_train/00238674.png,0,02,learnable_hard,0.2789162385,0.68,0.2551605972,normal_replay,GapCritical-Strict
RUN_205,TRIAD_069,B04_GapGuard-Raw_B3000,T,1343723075,1879155201,868,Det/images/normal_train/01143121.png,0,08,learnable_hard,0.2590812046,0.82,0.2189185364,normal_replay,GapCritical-Strict
RUN_205,TRIAD_069,B04_GapGuard-Raw_B3000,T,1343723075,1879155201,869,Det/images/normal_train/00252854.png,0,08,learnable_hard,0.3099910794,0.675,0.2452910757,normal_replay,GapCritical-Strict
RUN_205,TRIAD_069,B04_GapGuard-Raw_B3000,T,1343723075,1879155201,870,Det/images/normal_train/00979692.png,0,05,learnable_hard,0.7497914755,0.12,0.229239568,normal_replay,GapCritical-Strict
RUN_205,TRIAD_069,B04_GapGuard-Raw_B3000,T,1343723075,1879155201,871,Det/images/normal_train/00382521.png,0,00,learnable_hard,0.377784422,0.68,0.2465810224,normal_replay,GapCritical-Strict
RUN_205,TRIAD_069,B04_GapGuard-Raw_B3000,T,1343723075,1879155201,872,Det/images/normal_train/01183779.png,0,04,learnable_hard,0.4617717563,0.415,0.2429211655,normal_replay,GapCritical-Strict
RUN_205,TRIAD_069,B04_GapGuard-Raw_B3000,T,1343723075,1879155201,873,Det/images/normal_train/01017356.png,0,07,learnable_hard,0.3247080687,0.63,0.241750844,normal_replay,GapCritical-Strict
RUN_205,TRIAD_069,B04_GapGuard-Raw_B3000,T,1343723075,1879155201,874,Det/images/normal_train/00529306.png,0,03,learnable_hard,0.801517494,0.135,0.2452956364,normal_replay,GapCritical-Strict
RUN_205,TRIAD_069,B04_GapGuard-Raw_B3000,T,1343723075,1879155201,875,Det/images/normal_train/00729890.png,0,07,learnable_hard,0.2168963336,0.755,0.2399429671,normal_replay,GapCritical-Strict
RUN_205,TRIAD_069,B04_GapGuard-Raw_B3000,T,1343723075,1879155201,876,Det/images/normal_train/00304559.png,0,06,learnable_hard,0.2727187659,0.74,0.2588151972,normal_replay,GapCritical-Strict
RUN_205,TRIAD_069,B04_GapGuard-Raw_B3000,T,1343723075,1879155201,877,Det/images/normal_train/00541394.png,0,08,learnable_hard,0.2208736278,0.815,0.2248081718,normal_replay,GapCritical-Strict
RUN_205,TRIAD_069,B04_GapGuard-Raw_B3000,T,1343723075,1879155201,878,Det/images/normal_train/00249048.png,0,09,learnable_hard,0.392492722,0.635,0.2172156634,normal_replay,GapCritical-Strict
RUN_205,TRIAD_069,B04_GapGuard-Raw_B3000,T,1343723075,1879155201,879,Det/images/normal_train/01071217.png,0,04,learnable_hard,0.3405854701,0.6,0.2398610269,normal_replay,GapCritical-Strict
RUN_205,TRIAD_069,B04_GapGuard-Raw_B3000,T,1343723075,1879155201,880,Det/images/normal_train/00916558.png,0,00,learnable_hard,0.5503235012,0.36,0.2614405606,normal_replay,GapCritical-Strict
RUN_205,TRIAD_069,B04_GapGuard-Raw_B3000,T,1343723075,1879155201,881,Det/images/normal_train/00544925.png,0,04,learnable_hard,0.3350462032,0.7,0.2212314375,normal_replay,GapCritical-Strict
RUN_205,TRIAD_069,B04_GapGuard-Raw_B3000,T,1343723075,1879155201,882,Det/images/normal_train/00889331.png,0,09,learnable_hard,0.2967129202,0.685,0.23789703,normal_replay,GapCritical-Strict
RUN_205,TRIAD_069,B04_GapGuard-Raw_B3000,T,1343723075,1879155201,883,Det/images/normal_train/00511622.png,0,02,learnable_hard,0.3421891484,0.605,0.2270517487,normal_replay,GapCritical-Strict
RUN_205,TRIAD_069,B04_GapGuard-Raw_B3000,T,1343723075,1879155201,884,Det/images/normal_train/00238243.png,0,02,learnable_hard,0.4076081637,0.66,0.23227777,normal_replay,GapCritical-Strict
RUN_205,TRIAD_069,B04_GapGuard-Raw_B3000,T,1343723075,1879155201,885,Det/images/normal_train/01197081.png,0,06,learnable_hard,0.4179940529,0.51,0.2218924251,normal_replay,GapCritical-Strict
RUN_205,TRIAD_069,B04_GapGuard-Raw_B3000,T,1343723075,1879155201,886,Det/images/normal_train/00392904.png,0,08,learnable_hard,0.5686233066,0.235,0.2305475103,normal_replay,GapCritical-Strict
RUN_205,TRIAD_069,B04_GapGuard-Raw_B3000,T,1343723075,1879155201,887,Det/images/normal_train/01040442.png,0,06,learnable_hard,0.5963342375,0.285,0.2417775008,normal_replay,GapCritical-Strict
RUN_205,TRIAD_069,B04_GapGuard-Raw_B3000,T,1343723075,1879155201,888,Det/images/normal_train/00505017.png,0,05,learnable_hard,0.3237756127,0.64,0.247766502,normal_replay,GapCritical-Strict
RUN_205,TRIAD_069,B04_GapGuard-Raw_B3000,T,1343723075,1879155201,889,Det/images/normal_train/01075052.png,0,05,learnable_hard,0.332569944,0.57,0.2373232085,normal_replay,GapCritical-Strict
RUN_205,TRIAD_069,B04_GapGuard-Raw_B3000,T,1343723075,1879155201,890,Det/images/normal_train/00648287.png,0,05,learnable_hard,0.4060259574,0.595,0.3045638644,normal_replay,GapCritical-Strict
RUN_205,TRIAD_069,B04_GapGuard-Raw_B3000,T,1343723075,1879155201,891,Det/images/normal_train/00878570.png,0,09,learnable_hard,0.2801918345,0.795,0.2070665403,normal_replay,GapCritical-Strict
RUN_205,TRIAD_069,B04_GapGuard-Raw_B3000,T,1343723075,1879155201,892,Det/images/normal_train/00549294.png,0,04,learnable_hard,0.304916239,0.79,0.2165255235,normal_replay,GapCritical-Strict
RUN_205,TRIAD_069,B04_GapGuard-Raw_B3000,T,1343723075,1879155201,893,Det/images/normal_train/00626218.png,0,05,learnable_hard,0.6745153685,0.225,0.2083460537,normal_replay,GapCritical-Strict
RUN_205,TRIAD_069,B04_GapGuard-Raw_B3000,T,1343723075,1879155201,894,Det/images/normal_train/00403545.png,0,03,learnable_hard,0.4464003645,0.45,0.2673195009,normal_replay,GapCritical-Strict
RUN_205,TRIAD_069,B04_GapGuard-Raw_B3000,T,1343723075,1879155201,895,Det/images/normal_train/00786343.png,0,03,learnable_hard,0.2481780751,0.71,0.2496969712,normal_replay,GapCritical-Strict
RUN_205,TRIAD_069,B04_GapGuard-Raw_B3000,T,1343723075,1879155201,896,Det/images/normal_train/01002638.png,0,06,learnable_hard,0.4469431166,0.45,0.2368112566,normal_replay,GapCritical-Strict
RUN_205,TRIAD_069,B04_GapGuard-Raw_B3000,T,1343723075,1879155201,897,Det/images/normal_train/00547682.png,0,05,learnable_hard,0.4066109979,0.555,0.2305157683,normal_replay,GapCritical-Strict
RUN_205,TRIAD_069,B04_GapGuard-Raw_B3000,T,1343723075,1879155201,898,Det/images/normal_train/00217939.png,0,07,learnable_hard,0.382205955,0.65,0.214868057,normal_replay,GapCritical-Strict
RUN_205,TRIAD_069,B04_GapGuard-Raw_B3000,T,1343723075,1879155201,899,Det/images/normal_train/00860811.png,0,03,learnable_hard,0.3039000138,0.705,0.2359332019,normal_replay,GapCritical-Strict
RUN_205,TRIAD_069,B04_GapGuard-Raw_B3000,T,1343723075,1879155201,900,Det/images/normal_train/01080917.png,0,03,learnable_hard,0.3864941741,0.465,0.2594290233,normal_replay,GapCritical-Strict
RUN_205,TRIAD_069,B04_GapGuard-Raw_B3000,T,1343723075,1879155201,901,Det/images/normal_train/00412835.png,0,06,learnable_hard,0.2347791707,0.79,0.2384761308,normal_replay,GapCritical-Strict
RUN_205,TRIAD_069,B04_GapGuard-Raw_B3000,T,1343723075,1879155201,902,Det/images/normal_train/00345614.png,0,05,learnable_hard,0.2709864271,0.77,0.2246783523,normal_replay,GapCritical-Strict
RUN_205,TRIAD_069,B04_GapGuard-Raw_B3000,T,1343723075,1879155201,903,Det/images/normal_train/00801403.png,0,06,learnable_hard,0.4722109531,0.455,0.284532381,normal_replay,GapCritical-Strict
RUN_205,TRIAD_069,B04_GapGuard-Raw_B3000,T,1343723075,1879155201,904,Det/images/normal_train/00273545.png,0,08,learnable_hard,0.385408208,0.64,0.209429178,normal_replay,GapCritical-Strict
RUN_205,TRIAD_069,B04_GapGuard-Raw_B3000,T,1343723075,1879155201,905,Det/images/normal_train/00824098.png,0,05,learnable_hard,0.5809116867,0.335,0.2425015497,normal_replay,GapCritical-Strict
RUN_205,TRIAD_069,B04_GapGuard-Raw_B3000,T,1343723075,1879155201,906,Det/images/normal_train/00268636.png,0,03,learnable_hard,0.5561535455,0.28,0.2361467236,normal_replay,GapCritical-Strict
RUN_205,TRIAD_069,B04_GapGuard-Raw_B3000,T,1343723075,1879155201,907,Det/images/normal_train/01148857.png,0,04,learnable_hard,0.2283662094,0.805,0.229080166,normal_replay,GapCritical-Strict
RUN_205,TRIAD_069,B04_GapGuard-Raw_B3000,T,1343723075,1879155201,908,Det/images/normal_train/00148471.png,0,03,learnable_hard,0.7269542275,0.21,0.2344801144,normal_replay,GapCritical-Strict
RUN_205,TRIAD_069,B04_GapGuard-Raw_B3000,T,1343723075,1879155201,909,Det/images/normal_train/00341420.png,0,04,learnable_hard,0.334185565,0.645,0.2481279615,normal_replay,GapCritical-Strict
RUN_205,TRIAD_069,B04_GapGuard-Raw_B3000,T,1343723075,1879155201,910,Det/images/normal_train/00560477.png,0,01,learnable_hard,0.1861482154,0.855,0.2203338929,normal_replay,GapCritical-Strict
RUN_205,TRIAD_069,B04_GapGuard-Raw_B3000,T,1343723075,1879155201,911,Det/images/normal_train/00815662.png,0,08,learnable_hard,0.3457989522,0.715,0.213340873,normal_replay,GapCritical-Strict
RUN_205,TRIAD_069,B04_GapGuard-Raw_B3000,T,1343723075,1879155201,912,Det/images/normal_train/00864057.png,0,07,learnable_hard,0.2855917268,0.66,0.2335234979,normal_replay,GapCritical-Strict
RUN_205,TRIAD_069,B04_GapGuard-Raw_B3000,T,1343723075,1879155201,913,Det/images/normal_train/00901432.png,0,06,learnable_hard,0.5631352209,0.29,0.2460306983,normal_replay,GapCritical-Strict
RUN_205,TRIAD_069,B04_GapGuard-Raw_B3000,T,1343723075,1879155201,914,Det/images/normal_train/00429504.png,0,01,learnable_hard,0.4728087155,0.435,0.2013315698,normal_replay,GapCritical-Strict
RUN_205,TRIAD_069,B04_GapGuard-Raw_B3000,T,1343723075,1879155201,915,Det/images/normal_train/00678357.png,0,06,learnable_hard,0.3959635865,0.51,0.2427806364,normal_replay,GapCritical-Strict
RUN_205,TRIAD_069,B04_GapGuard-Raw_B3000,T,1343723075,1879155201,916,Det/images/normal_train/00261719.png,0,00,learnable_hard,0.6570816609,0.23,0.2389401786,normal_replay,GapCritical-Strict
RUN_205,TRIAD_069,B04_GapGuard-Raw_B3000,T,1343723075,1879155201,917,Det/images/normal_train/01134737.png,0,08,learnable_hard,0.5241714746,0.335,0.2181787728,normal_replay,GapCritical-Strict
RUN_205,TRIAD_069,B04_GapGuard-Raw_B3000,T,1343723075,1879155201,918,Det/images/normal_train/00889371.png,0,09,learnable_hard,0.2592375147,0.77,0.2566759335,normal_replay,GapCritical-Strict
RUN_205,TRIAD_069,B04_GapGuard-Raw_B3000,T,1343723075,1879155201,919,Det/images/normal_train/00426949.png,0,00,learnable_hard,0.3072684878,0.58,0.2588892464,normal_replay,GapCritical-Strict
RUN_205,TRIAD_069,B04_GapGuard-Raw_B3000,T,1343723075,1879155201,920,Det/images/normal_train/00765157.png,0,08,learnable_hard,0.5223861632,0.495,0.2372254927,normal_replay,GapCritical-Strict
RUN_205,TRIAD_069,B04_GapGuard-Raw_B3000,T,1343723075,1879155201,921,Det/images/normal_train/01009241.png,0,07,learnable_hard,0.6541127137,0.19,0.2212776159,normal_replay,GapCritical-Strict
RUN_205,TRIAD_069,B04_GapGuard-Raw_B3000,T,1343723075,1879155201,922,Det/images/normal_train/00414025.png,0,05,learnable_hard,0.774085355,0.15,0.2346095604,normal_replay,GapCritical-Strict
RUN_205,TRIAD_069,B04_GapGuard-Raw_B3000,T,1343723075,1879155201,923,Det/images/normal_train/00446758.png,0,09,learnable_hard,0.364581285,0.625,0.2139796176,normal_replay,GapCritical-Strict
RUN_205,TRIAD_069,B04_GapGuard-Raw_B3000,T,1343723075,1879155201,924,Det/images/normal_train/00639028.png,0,06,learnable_hard,0.2895216022,0.775,0.2284298578,normal_replay,GapCritical-Strict
RUN_205,TRIAD_069,B04_GapGuard-Raw_B3000,T,1343723075,1879155201,925,Det/images/normal_train/00918540.png,0,01,learnable_hard,0.2912415698,0.71,0.2232514495,normal_replay,GapCritical-Strict
RUN_205,TRIAD_069,B04_GapGuard-Raw_B3000,T,1343723075,1879155201,926,Det/images/normal_train/00385092.png,0,06,learnable_hard,0.371932274,0.665,0.2613059847,normal_replay,GapCritical-Strict
RUN_205,TRIAD_069,B04_GapGuard-Raw_B3000,T,1343723075,1879155201,927,Det/images/normal_train/00212324.png,0,05,learnable_hard,0.4655849887,0.435,0.2359581412,normal_replay,GapCritical-Strict
RUN_205,TRIAD_069,B04_GapGuard-Raw_B3000,T,1343723075,1879155201,928,Det/images/normal_train/00352371.png,0,07,learnable_hard,0.4780665692,0.485,0.2119831438,normal_replay,GapCritical-Strict
RUN_205,TRIAD_069,B04_GapGuard-Raw_B3000,T,1343723075,1879155201,929,Det/images/normal_train/00614339.png,0,05,learnable_hard,0.287850627,0.85,0.2071318558,normal_replay,GapCritical-Strict
RUN_205,TRIAD_069,B04_GapGuard-Raw_B3000,T,1343723075,1879155201,930,Det/images/normal_train/01077342.png,0,01,learnable_hard,0.2805640367,0.74,0.2401666172,normal_replay,GapCritical-Strict
RUN_205,TRIAD_069,B04_GapGuard-Raw_B3000,T,1343723075,1879155201,931,Det/images/normal_train/00537352.png,0,09,learnable_hard,0.5762557898,0.23,0.2305551432,normal_replay,GapCritical-Strict
RUN_205,TRIAD_069,B04_GapGuard-Raw_B3000,T,1343723075,1879155201,932,Det/images/normal_train/00296411.png,0,01,learnable_hard,0.3725434943,0.62,0.2087318665,normal_replay,GapCritical-Strict
RUN_205,TRIAD_069,B04_GapGuard-Raw_B3000,T,1343723075,1879155201,933,Det/images/normal_train/00763689.png,0,07,learnable_hard,0.3718000695,0.5,0.2708544496,normal_replay,GapCritical-Strict
RUN_205,TRIAD_069,B04_GapGuard-Raw_B3000,T,1343723075,1879155201,934,Det/images/normal_train/01015287.png,0,03,learnable_hard,0.3456170191,0.7,0.2148261774,normal_replay,GapCritical-Strict
RUN_205,TRIAD_069,B04_GapGuard-Raw_B3000,T,1343723075,1879155201,935,Det/images/normal_train/00684173.png,0,09,learnable_hard,0.3652150286,0.66,0.2101387617,normal_replay,GapCritical-Strict
RUN_205,TRIAD_069,B04_GapGuard-Raw_B3000,T,1343723075,1879155201,936,Det/images/normal_train/00736427.png,0,07,learnable_hard,0.3462631168,0.63,0.2190426819,normal_replay,GapCritical-Strict
RUN_205,TRIAD_069,B04_GapGuard-Raw_B3000,T,1343723075,1879155201,937,Det/images/normal_train/00998529.png,0,03,learnable_hard,0.1958629079,0.84,0.2109638517,normal_replay,GapCritical-Strict
RUN_205,TRIAD_069,B04_GapGuard-Raw_B3000,T,1343723075,1879155201,938,Det/images/normal_train/00207167.png,0,01,learnable_hard,0.3508083969,0.765,0.209434425,normal_replay,GapCritical-Strict
RUN_205,TRIAD_069,B04_GapGuard-Raw_B3000,T,1343723075,1879155201,939,Det/images/normal_train/01168773.png,0,02,learnable_hard,0.3731284381,0.63,0.211252944,normal_replay,GapCritical-Strict
RUN_205,TRIAD_069,B04_GapGuard-Raw_B3000,T,1343723075,1879155201,940,Det/images/normal_train/01248435.png,0,06,learnable_hard,0.283051664,0.72,0.2372940482,normal_replay,GapCritical-Strict
RUN_205,TRIAD_069,B04_GapGuard-Raw_B3000,T,1343723075,1879155201,941,Det/images/normal_train/00610417.png,0,05,learnable_hard,0.7345979596,0.155,0.2713909991,normal_replay,GapCritical-Strict
RUN_205,TRIAD_069,B04_GapGuard-Raw_B3000,T,1343723075,1879155201,942,Det/images/normal_train/01175653.png,0,05,learnable_hard,0.3193037998,0.66,0.2284395132,normal_replay,GapCritical-Strict
RUN_205,TRIAD_069,B04_GapGuard-Raw_B3000,T,1343723075,1879155201,943,Det/images/normal_train/00981669.png,0,05,learnable_hard,0.5856691134,0.255,0.223838725,normal_replay,GapCritical-Strict
RUN_205,TRIAD_069,B04_GapGuard-Raw_B3000,T,1343723075,1879155201,944,Det/images/normal_train/01225077.png,0,01,learnable_hard,0.4113373251,0.495,0.2252966859,normal_replay,GapCritical-Strict
RUN_205,TRIAD_069,B04_GapGuard-Raw_B3000,T,1343723075,1879155201,945,Det/images/normal_train/01156483.png,0,00,learnable_hard,0.4857859601,0.345,0.2898252446,normal_replay,GapCritical-Strict
RUN_205,TRIAD_069,B04_GapGuard-Raw_B3000,T,1343723075,1879155201,946,Det/images/normal_train/00348368.png,0,03,learnable_hard,0.2490907904,0.875,0.2112628841,normal_replay,GapCritical-Strict
RUN_205,TRIAD_069,B04_GapGuard-Raw_B3000,T,1343723075,1879155201,947,Det/images/normal_train/00369561.png,0,03,learnable_hard,0.4313511626,0.49,0.2463497029,normal_replay,GapCritical-Strict
RUN_205,TRIAD_069,B04_GapGuard-Raw_B3000,T,1343723075,1879155201,948,Det/images/normal_train/00739446.png,0,00,learnable_hard,0.6054741612,0.22,0.2296099386,normal_replay,GapCritical-Strict
RUN_205,TRIAD_069,B04_GapGuard-Raw_B3000,T,1343723075,1879155201,949,Det/images/normal_train/00639343.png,0,06,learnable_hard,0.2753176909,0.695,0.2396017967,normal_replay,GapCritical-Strict
RUN_205,TRIAD_069,B04_GapGuard-Raw_B3000,T,1343723075,1879155201,950,Det/images/normal_train/01057961.png,0,06,learnable_hard,0.4255405441,0.43,0.2271943619,normal_replay,GapCritical-Strict
RUN_205,TRIAD_069,B04_GapGuard-Raw_B3000,T,1343723075,1879155201,951,Det/images/normal_train/00998611.png,0,03,learnable_hard,0.2932306705,0.78,0.2447835207,normal_replay,GapCritical-Strict
RUN_205,TRIAD_069,B04_GapGuard-Raw_B3000,T,1343723075,1879155201,952,Det/images/normal_train/00521772.png,0,05,learnable_hard,0.4514562236,0.405,0.2422054128,normal_replay,GapCritical-Strict
RUN_205,TRIAD_069,B04_GapGuard-Raw_B3000,T,1343723075,1879155201,953,Det/images/normal_train/00780065.png,0,00,learnable_hard,0.253848351,0.775,0.2441818158,normal_replay,GapCritical-Strict
RUN_205,TRIAD_069,B04_GapGuard-Raw_B3000,T,1343723075,1879155201,954,Det/images/normal_train/00938642.png,0,08,learnable_hard,0.4077908903,0.52,0.2426823479,normal_replay,GapCritical-Strict
RUN_205,TRIAD_069,B04_GapGuard-Raw_B3000,T,1343723075,1879155201,955,Det/images/normal_train/00950943.png,0,01,learnable_hard,0.3240865231,0.655,0.235973218,normal_replay,GapCritical-Strict
RUN_205,TRIAD_069,B04_GapGuard-Raw_B3000,T,1343723075,1879155201,956,Det/images/normal_train/01232608.png,0,09,learnable_hard,0.3658470593,0.525,0.2344493382,normal_replay,GapCritical-Strict
RUN_205,TRIAD_069,B04_GapGuard-Raw_B3000,T,1343723075,1879155201,957,Det/images/normal_train/00903129.png,0,07,learnable_hard,0.680315874,0.315,0.2669625436,normal_replay,GapCritical-Strict
RUN_205,TRIAD_069,B04_GapGuard-Raw_B3000,T,1343723075,1879155201,958,Det/images/normal_train/01070018.png,0,06,learnable_hard,0.6248981631,0.215,0.2604832741,normal_replay,GapCritical-Strict
RUN_205,TRIAD_069,B04_GapGuard-Raw_B3000,T,1343723075,1879155201,959,Det/images/normal_train/00697209.png,0,05,learnable_hard,0.449056337,0.405,0.2320474679,normal_replay,GapCritical-Strict
RUN_205,TRIAD_069,B04_GapGuard-Raw_B3000,T,1343723075,1879155201,960,Det/images/normal_train/00268588.png,0,03,learnable_hard,0.8293434137,0.145,0.2520600666,normal_replay,GapCritical-Strict
RUN_205,TRIAD_069,B04_GapGuard-Raw_B3000,T,1343723075,1879155201,961,Det/images/normal_train/00964484.png,0,05,learnable_hard,0.4526876652,0.49,0.2798305206,normal_replay,GapCritical-Strict
RUN_205,TRIAD_069,B04_GapGuard-Raw_B3000,T,1343723075,1879155201,962,Det/images/normal_train/00360684.png,0,08,learnable_hard,0.5016472817,0.395,0.2792661927,normal_replay,GapCritical-Strict
RUN_205,TRIAD_069,B04_GapGuard-Raw_B3000,T,1343723075,1879155201,963,Det/images/normal_train/01217758.png,0,06,learnable_hard,0.2654370067,0.73,0.2309545507,normal_replay,GapCritical-Strict
RUN_205,TRIAD_069,B04_GapGuard-Raw_B3000,T,1343723075,1879155201,964,Det/images/normal_train/01110597.png,0,09,learnable_hard,0.2666688501,0.83,0.2066436815,normal_replay,GapCritical-Strict
RUN_205,TRIAD_069,B04_GapGuard-Raw_B3000,T,1343723075,1879155201,965,Det/images/normal_train/00244828.png,0,07,learnable_hard,0.4707066176,0.52,0.2366287291,normal_replay,GapCritical-Strict
RUN_205,TRIAD_069,B04_GapGuard-Raw_B3000,T,1343723075,1879155201,966,Det/images/normal_train/00445191.png,0,08,learnable_hard,0.3627397182,0.64,0.20329248,normal_replay,GapCritical-Strict
RUN_205,TRIAD_069,B04_GapGuard-Raw_B3000,T,1343723075,1879155201,967,Det/images/normal_train/00448914.png,0,04,learnable_hard,0.3771197168,0.53,0.2523245686,normal_replay,GapCritical-Strict
RUN_205,TRIAD_069,B04_GapGuard-Raw_B3000,T,1343723075,1879155201,968,Det/images/normal_train/00839312.png,0,06,learnable_hard,0.3480878443,0.695,0.2072638177,normal_replay,GapCritical-Strict
RUN_205,TRIAD_069,B04_GapGuard-Raw_B3000,T,1343723075,1879155201,969,Det/images/normal_train/01048763.png,0,07,learnable_hard,0.2475982451,0.81,0.2095082309,normal_replay,GapCritical-Strict
RUN_205,TRIAD_069,B04_GapGuard-Raw_B3000,T,1343723075,1879155201,970,Det/images/normal_train/00373691.png,0,03,learnable_hard,0.2795398472,0.825,0.2298150943,normal_replay,GapCritical-Strict
RUN_205,TRIAD_069,B04_GapGuard-Raw_B3000,T,1343723075,1879155201,971,Det/images/normal_train/00886572.png,0,09,learnable_hard,0.8708451399,0.09,0.2458082492,normal_replay,GapCritical-Strict
RUN_205,TRIAD_069,B04_GapGuard-Raw_B3000,T,1343723075,1879155201,972,Det/images/normal_train/01184076.png,0,04,learnable_hard,0.3352243677,0.565,0.2401022949,normal_replay,GapCritical-Strict
RUN_205,TRIAD_069,B04_GapGuard-Raw_B3000,T,1343723075,1879155201,973,Det/images/normal_train/00585858.png,0,05,learnable_hard,0.4480118391,0.46,0.2358651954,normal_replay,GapCritical-Strict
RUN_205,TRIAD_069,B04_GapGuard-Raw_B3000,T,1343723075,1879155201,974,Det/images/normal_train/01264207.png,0,08,learnable_hard,0.3103441065,0.815,0.1951007256,normal_replay,GapCritical-Strict
RUN_205,TRIAD_069,B04_GapGuard-Raw_B3000,T,1343723075,1879155201,975,Det/images/normal_train/01216735.png,0,01,learnable_hard,0.3163534969,0.715,0.2190494117,normal_replay,GapCritical-Strict
RUN_205,TRIAD_069,B04_GapGuard-Raw_B3000,T,1343723075,1879155201,976,Det/images/normal_train/00808571.png,0,03,learnable_hard,0.7425722966,0.195,0.2330189143,normal_replay,GapCritical-Strict
RUN_205,TRIAD_069,B04_GapGuard-Raw_B3000,T,1343723075,1879155201,977,Det/images/normal_train/00970026.png,0,05,learnable_hard,0.6796234788,0.235,0.236115783,normal_replay,GapCritical-Strict
RUN_205,TRIAD_069,B04_GapGuard-Raw_B3000,T,1343723075,1879155201,978,Det/images/normal_train/00273091.png,0,08,learnable_hard,0.4687175171,0.55,0.2298640315,normal_replay,GapCritical-Strict
RUN_205,TRIAD_069,B04_GapGuard-Raw_B3000,T,1343723075,1879155201,979,Det/images/normal_train/01281566.png,0,05,learnable_hard,0.6712160073,0.205,0.2321999408,normal_replay,GapCritical-Strict
RUN_205,TRIAD_069,B04_GapGuard-Raw_B3000,T,1343723075,1879155201,980,Det/images/normal_train/00837046.png,0,02,learnable_hard,0.3051042623,0.755,0.2294640572,normal_replay,GapCritical-Strict
RUN_205,TRIAD_069,B04_GapGuard-Raw_B3000,T,1343723075,1879155201,981,Det/images/normal_train/00505819.png,0,05,learnable_hard,0.3069307122,0.665,0.2356521688,normal_replay,GapCritical-Strict
RUN_205,TRIAD_069,B04_GapGuard-Raw_B3000,T,1343723075,1879155201,982,Det/images/normal_train/00971236.png,0,02,learnable_hard,0.7676872719,0.22,0.2279028058,normal_replay,GapCritical-Strict
RUN_205,TRIAD_069,B04_GapGuard-Raw_B3000,T,1343723075,1879155201,983,Det/images/normal_train/00807369.png,0,08,learnable_hard,0.4669019941,0.44,0.2419044509,normal_replay,GapCritical-Strict
RUN_205,TRIAD_069,B04_GapGuard-Raw_B3000,T,1343723075,1879155201,984,Det/images/normal_train/00630706.png,0,03,learnable_hard,0.3140056636,0.74,0.2433437571,normal_replay,GapCritical-Strict
RUN_205,TRIAD_069,B04_GapGuard-Raw_B3000,T,1343723075,1879155201,985,Det/images/normal_train/00507251.png,0,04,learnable_hard,0.7008086322,0.195,0.2250870357,normal_replay,GapCritical-Strict
RUN_205,TRIAD_069,B04_GapGuard-Raw_B3000,T,1343723075,1879155201,986,Det/images/normal_train/01142322.png,0,07,learnable_hard,0.2729736755,0.92,0.188756123,normal_replay,GapCritical-Strict
RUN_205,TRIAD_069,B04_GapGuard-Raw_B3000,T,1343723075,1879155201,987,Det/images/normal_train/00849130.png,0,05,learnable_hard,0.276871826,0.79,0.2125343992,normal_replay,GapCritical-Strict
RUN_205,TRIAD_069,B04_GapGuard-Raw_B3000,T,1343723075,1879155201,988,Det/images/normal_train/00988992.png,0,07,learnable_hard,0.5458245623,0.335,0.2574269403,normal_replay,GapCritical-Strict
RUN_205,TRIAD_069,B04_GapGuard-Raw_B3000,T,1343723075,1879155201,989,Det/images/normal_train/00283986.png,0,03,learnable_hard,0.3812420921,0.6,0.2129305116,normal_replay,GapCritical-Strict
RUN_205,TRIAD_069,B04_GapGuard-Raw_B3000,T,1343723075,1879155201,990,Det/images/normal_train/00363963.png,0,02,learnable_hard,0.3845046963,0.555,0.2697622913,normal_replay,GapCritical-Strict
RUN_205,TRIAD_069,B04_GapGuard-Raw_B3000,T,1343723075,1879155201,991,Det/images/normal_train/00535888.png,0,02,learnable_hard,0.458390027,0.54,0.2569269933,normal_replay,GapCritical-Strict
RUN_205,TRIAD_069,B04_GapGuard-Raw_B3000,T,1343723075,1879155201,992,Det/images/normal_train/00520706.png,0,06,learnable_hard,0.2433534003,0.82,0.2198687829,normal_replay,GapCritical-Strict
RUN_205,TRIAD_069,B04_GapGuard-Raw_B3000,T,1343723075,1879155201,993,Det/images/normal_train/01171509.png,0,04,learnable_hard,0.2489593873,0.76,0.2237365068,normal_replay,GapCritical-Strict
RUN_205,TRIAD_069,B04_GapGuard-Raw_B3000,T,1343723075,1879155201,994,Det/images/normal_train/00548383.png,0,00,learnable_hard,0.3828399518,0.65,0.240338092,normal_replay,GapCritical-Strict
RUN_205,TRIAD_069,B04_GapGuard-Raw_B3000,T,1343723075,1879155201,995,Det/images/normal_train/00382949.png,0,00,learnable_hard,0.4200398031,0.48,0.2648142892,normal_replay,GapCritical-Strict
RUN_205,TRIAD_069,B04_GapGuard-Raw_B3000,T,1343723075,1879155201,996,Det/images/normal_train/01264216.png,0,08,learnable_hard,0.3966558364,0.705,0.1933768541,normal_replay,GapCritical-Strict
RUN_205,TRIAD_069,B04_GapGuard-Raw_B3000,T,1343723075,1879155201,997,Det/images/normal_train/00853461.png,0,00,learnable_hard,0.6979048654,0.23,0.2505364769,normal_replay,GapCritical-Strict
RUN_205,TRIAD_069,B04_GapGuard-Raw_B3000,T,1343723075,1879155201,998,Det/images/normal_train/00574951.png,0,03,learnable_hard,0.2674433908,0.725,0.2217910643,normal_replay,GapCritical-Strict
RUN_205,TRIAD_069,B04_GapGuard-Raw_B3000,T,1343723075,1879155201,999,Det/images/normal_train/00873388.png,0,04,learnable_hard,0.4567327582,0.44,0.2438933732,normal_replay,GapCritical-Strict
RUN_205,TRIAD_069,B04_GapGuard-Raw_B3000,T,1343723075,1879155201,1000,Det/images/normal_train/01291660.png,0,07,learnable_hard,0.3068195937,0.7,0.2230059792,normal_replay,GapCritical-Strict
RUN_205,TRIAD_069,B04_GapGuard-Raw_B3000,T,1343723075,1879155201,1001,Det/images/normal_train/00859781.png,0,08,learnable_hard,0.3727610973,0.66,0.1983211366,normal_replay,GapCritical-Strict
RUN_205,TRIAD_069,B04_GapGuard-Raw_B3000,T,1343723075,1879155201,1002,Det/images/normal_train/01167230.png,0,01,learnable_hard,0.3397279349,0.73,0.2327218992,normal_replay,GapCritical-Strict
RUN_205,TRIAD_069,B04_GapGuard-Raw_B3000,T,1343723075,1879155201,1003,Det/images/normal_train/00948023.png,0,07,learnable_hard,0.6396766103,0.295,0.2471755939,normal_replay,GapCritical-Strict
RUN_205,TRIAD_069,B04_GapGuard-Raw_B3000,T,1343723075,1879155201,1004,Det/images/normal_train/00282676.png,0,04,learnable_hard,0.3818055109,0.61,0.224339505,normal_replay,GapCritical-Strict
RUN_205,TRIAD_069,B04_GapGuard-Raw_B3000,T,1343723075,1879155201,1005,Det/images/normal_train/00326769.png,0,09,learnable_hard,0.5331917124,0.47,0.2357224568,normal_replay,GapCritical-Strict
RUN_205,TRIAD_069,B04_GapGuard-Raw_B3000,T,1343723075,1879155201,1006,Det/images/normal_train/00542008.png,0,04,learnable_hard,0.2579023949,0.92,0.2133577314,normal_replay,GapCritical-Strict
RUN_205,TRIAD_069,B04_GapGuard-Raw_B3000,T,1343723075,1879155201,1007,Det/images/normal_train/01054140.png,0,00,learnable_hard,0.5112741675,0.4,0.2319521352,normal_replay,GapCritical-Strict
RUN_205,TRIAD_069,B04_GapGuard-Raw_B3000,T,1343723075,1879155201,1008,Det/images/normal_train/01136962.png,0,07,learnable_hard,0.3088337341,0.715,0.2340230785,normal_replay,GapCritical-Strict
RUN_205,TRIAD_069,B04_GapGuard-Raw_B3000,T,1343723075,1879155201,1009,Det/images/normal_train/00277751.png,0,04,learnable_hard,0.1721683086,0.83,0.2486027347,normal_replay,GapCritical-Strict
RUN_205,TRIAD_069,B04_GapGuard-Raw_B3000,T,1343723075,1879155201,1010,Det/images/normal_train/00396966.png,0,05,learnable_hard,0.3137221372,0.675,0.2257855399,normal_replay,GapCritical-Strict
RUN_205,TRIAD_069,B04_GapGuard-Raw_B3000,T,1343723075,1879155201,1011,Det/images/normal_train/00393366.png,0,01,learnable_hard,0.679584567,0.165,0.2385051841,normal_replay,GapCritical-Strict
RUN_205,TRIAD_069,B04_GapGuard-Raw_B3000,T,1343723075,1879155201,1012,Det/images/normal_train/01072689.png,0,03,learnable_hard,0.3670506973,0.655,0.2041857557,normal_replay,GapCritical-Strict
RUN_205,TRIAD_069,B04_GapGuard-Raw_B3000,T,1343723075,1879155201,1013,Det/images/normal_train/00957906.png,0,02,learnable_hard,0.25329083,0.775,0.2227565173,normal_replay,GapCritical-Strict
RUN_205,TRIAD_069,B04_GapGuard-Raw_B3000,T,1343723075,1879155201,1014,Det/images/normal_train/00705765.png,0,04,learnable_hard,0.3274200518,0.65,0.2424895359,normal_replay,GapCritical-Strict
RUN_205,TRIAD_069,B04_GapGuard-Raw_B3000,T,1343723075,1879155201,1015,Det/images/normal_train/00424930.png,0,02,learnable_hard,0.3062149564,0.775,0.2390613421,normal_replay,GapCritical-Strict
RUN_205,TRIAD_069,B04_GapGuard-Raw_B3000,T,1343723075,1879155201,1016,Det/images/normal_train/00492966.png,0,05,learnable_hard,0.803309256,0.13,0.2417442742,normal_replay,GapCritical-Strict
RUN_205,TRIAD_069,B04_GapGuard-Raw_B3000,T,1343723075,1879155201,1017,Det/images/normal_train/00797695.png,0,06,learnable_hard,0.3171030524,0.63,0.245793467,normal_replay,GapCritical-Strict
RUN_205,TRIAD_069,B04_GapGuard-Raw_B3000,T,1343723075,1879155201,1018,Det/images/normal_train/01077269.png,0,01,learnable_hard,0.2401875645,0.87,0.2013488803,normal_replay,GapCritical-Strict
RUN_205,TRIAD_069,B04_GapGuard-Raw_B3000,T,1343723075,1879155201,1019,Det/images/normal_train/00986580.png,0,08,learnable_hard,0.353649932,0.76,0.233216027,normal_replay,GapCritical-Strict
RUN_205,TRIAD_069,B04_GapGuard-Raw_B3000,T,1343723075,1879155201,1020,Det/images/normal_train/01021024.png,0,06,learnable_hard,0.4610019479,0.365,0.2132388727,normal_replay,GapCritical-Strict
RUN_205,TRIAD_069,B04_GapGuard-Raw_B3000,T,1343723075,1879155201,1021,Det/images/normal_train/00762211.png,0,06,learnable_hard,0.5145897604,0.49,0.2632469138,normal_replay,GapCritical-Strict
RUN_205,TRIAD_069,B04_GapGuard-Raw_B3000,T,1343723075,1879155201,1022,Det/images/normal_train/00970892.png,0,05,learnable_hard,0.1924653255,0.83,0.2198995647,normal_replay,GapCritical-Strict
RUN_205,TRIAD_069,B04_GapGuard-Raw_B3000,T,1343723075,1879155201,1023,Det/images/normal_train/01269417.png,0,00,learnable_hard,0.3930667279,0.445,0.2343149042,normal_replay,GapCritical-Strict
RUN_205,TRIAD_069,B04_GapGuard-Raw_B3000,T,1343723075,1879155201,1024,Det/images/normal_train/00337038.png,0,07,learnable_hard,0.579145047,0.32,0.2241876848,normal_replay,GapCritical-Strict
RUN_205,TRIAD_069,B04_GapGuard-Raw_B3000,T,1343723075,1879155201,1025,Det/images/normal_train/00647870.png,0,01,learnable_hard,0.3080568835,0.765,0.2167101554,normal_replay,GapCritical-Strict
RUN_205,TRIAD_069,B04_GapGuard-Raw_B3000,T,1343723075,1879155201,1026,Det/images/normal_train/00765801.png,0,08,learnable_hard,0.664370947,0.285,0.2234913624,normal_replay,GapCritical-Strict
RUN_205,TRIAD_069,B04_GapGuard-Raw_B3000,T,1343723075,1879155201,1027,Det/images/normal_train/00357360.png,0,09,learnable_hard,0.4175931515,0.68,0.2506356809,normal_replay,GapCritical-Strict
RUN_205,TRIAD_069,B04_GapGuard-Raw_B3000,T,1343723075,1879155201,1028,Det/images/normal_train/00167055.png,0,04,learnable_hard,0.5290556446,0.295,0.2393333806,normal_replay,GapCritical-Strict
RUN_205,TRIAD_069,B04_GapGuard-Raw_B3000,T,1343723075,1879155201,1029,Det/images/normal_train/00895586.png,0,09,learnable_hard,0.3747730869,0.54,0.2352671941,normal_replay,GapCritical-Strict
RUN_205,TRIAD_069,B04_GapGuard-Raw_B3000,T,1343723075,1879155201,1030,Det/images/normal_train/00663637.png,0,08,learnable_hard,0.2567293916,0.84,0.2330943463,normal_replay,GapCritical-Strict
RUN_205,TRIAD_069,B04_GapGuard-Raw_B3000,T,1343723075,1879155201,1031,Det/images/normal_train/00237069.png,0,06,learnable_hard,0.2936432564,0.7,0.2283522343,normal_replay,GapCritical-Strict
RUN_205,TRIAD_069,B04_GapGuard-Raw_B3000,T,1343723075,1879155201,1032,Det/images/normal_train/00540680.png,0,05,learnable_hard,0.5825164654,0.2,0.2141032871,normal_replay,GapCritical-Strict
RUN_205,TRIAD_069,B04_GapGuard-Raw_B3000,T,1343723075,1879155201,1033,Det/images/normal_train/00909863.png,0,00,learnable_hard,0.2306735183,0.835,0.2147181416,normal_replay,GapCritical-Strict
RUN_205,TRIAD_069,B04_GapGuard-Raw_B3000,T,1343723075,1879155201,1034,Det/images/normal_train/00908153.png,0,06,learnable_hard,0.3240869085,0.64,0.2376991319,normal_replay,GapCritical-Strict
RUN_205,TRIAD_069,B04_GapGuard-Raw_B3000,T,1343723075,1879155201,1035,Det/images/normal_train/01286129.png,0,00,learnable_hard,0.4783343868,0.315,0.2391051548,normal_replay,GapCritical-Strict
RUN_205,TRIAD_069,B04_GapGuard-Raw_B3000,T,1343723075,1879155201,1036,Det/images/normal_train/00151902.png,0,01,learnable_hard,0.7790202624,0.12,0.2290661594,normal_replay,GapCritical-Strict
RUN_205,TRIAD_069,B04_GapGuard-Raw_B3000,T,1343723075,1879155201,1037,Det/images/normal_train/00701045.png,0,03,learnable_hard,0.4889166434,0.46,0.237097073,normal_replay,GapCritical-Strict
RUN_205,TRIAD_069,B04_GapGuard-Raw_B3000,T,1343723075,1879155201,1038,Det/images/normal_train/00794725.png,0,08,learnable_hard,0.5872847796,0.24,0.2181250154,normal_replay,GapCritical-Strict
RUN_205,TRIAD_069,B04_GapGuard-Raw_B3000,T,1343723075,1879155201,1039,Det/images/normal_train/00677408.png,0,01,learnable_hard,0.3103469412,0.775,0.2274470788,normal_replay,GapCritical-Strict
RUN_205,TRIAD_069,B04_GapGuard-Raw_B3000,T,1343723075,1879155201,1040,Det/images/normal_train/00191208.png,0,08,learnable_hard,0.4819683015,0.53,0.2021291039,normal_replay,GapCritical-Strict
RUN_205,TRIAD_069,B04_GapGuard-Raw_B3000,T,1343723075,1879155201,1041,Det/images/normal_train/00799412.png,0,09,learnable_hard,0.2935309049,0.61,0.2759607091,normal_replay,GapCritical-Strict
RUN_205,TRIAD_069,B04_GapGuard-Raw_B3000,T,1343723075,1879155201,1042,Det/images/normal_train/01123135.png,0,06,learnable_hard,0.2561389545,0.77,0.2372690203,normal_replay,GapCritical-Strict
RUN_205,TRIAD_069,B04_GapGuard-Raw_B3000,T,1343723075,1879155201,1043,Det/images/normal_train/00928348.png,0,03,learnable_hard,0.1989034974,0.885,0.1990379198,normal_replay,GapCritical-Strict
RUN_205,TRIAD_069,B04_GapGuard-Raw_B3000,T,1343723075,1879155201,1044,Det/images/normal_train/00767365.png,0,03,learnable_hard,0.3213259665,0.715,0.2026953843,normal_replay,GapCritical-Strict
RUN_205,TRIAD_069,B04_GapGuard-Raw_B3000,T,1343723075,1879155201,1045,Det/images/normal_train/00392378.png,0,08,learnable_hard,0.2680396942,0.785,0.2541771821,normal_replay,GapCritical-Strict
RUN_205,TRIAD_069,B04_GapGuard-Raw_B3000,T,1343723075,1879155201,1046,Det/images/normal_train/00164710.png,0,06,learnable_hard,0.3934675848,0.47,0.23414185,normal_replay,GapCritical-Strict
RUN_205,TRIAD_069,B04_GapGuard-Raw_B3000,T,1343723075,1879155201,1047,Det/images/normal_train/00673408.png,0,02,learnable_hard,0.2130149291,0.88,0.2225195182,normal_replay,GapCritical-Strict
RUN_205,TRIAD_069,B04_GapGuard-Raw_B3000,T,1343723075,1879155201,1048,Det/images/normal_train/00943399.png,0,09,learnable_hard,0.4106797999,0.565,0.2466836521,normal_replay,GapCritical-Strict
RUN_205,TRIAD_069,B04_GapGuard-Raw_B3000,T,1343723075,1879155201,1049,Det/images/normal_train/00666173.png,0,08,learnable_hard,0.2373015219,0.855,0.1995320352,normal_replay,GapCritical-Strict
RUN_205,TRIAD_069,B04_GapGuard-Raw_B3000,T,1343723075,1879155201,1050,Det/images/normal_train/00380379.png,0,09,learnable_hard,0.2654652648,0.835,0.2292548121,normal_replay,GapCritical-Strict
RUN_205,TRIAD_069,B04_GapGuard-Raw_B3000,T,1343723075,1879155201,1051,Det/images/normal_train/00192362.png,0,09,learnable_hard,0.4644067093,0.42,0.2109525002,normal_replay,GapCritical-Strict
RUN_205,TRIAD_069,B04_GapGuard-Raw_B3000,T,1343723075,1879155201,1052,Det/images/normal_train/00254490.png,0,03,learnable_hard,0.3314660143,0.74,0.2087406552,normal_replay,GapCritical-Strict
RUN_205,TRIAD_069,B04_GapGuard-Raw_B3000,T,1343723075,1879155201,1053,Det/images/normal_train/00894539.png,0,05,learnable_hard,0.3301244753,0.62,0.2300707515,normal_replay,GapCritical-Strict
RUN_205,TRIAD_069,B04_GapGuard-Raw_B3000,T,1343723075,1879155201,1054,Det/images/normal_train/00282864.png,0,04,learnable_hard,0.3776502951,0.605,0.2083626891,normal_replay,GapCritical-Strict
RUN_205,TRIAD_069,B04_GapGuard-Raw_B3000,T,1343723075,1879155201,1055,Det/images/normal_train/00697191.png,0,05,learnable_hard,0.2606220099,0.84,0.2428480105,normal_replay,GapCritical-Strict
RUN_205,TRIAD_069,B04_GapGuard-Raw_B3000,T,1343723075,1879155201,1056,Det/images/normal_train/00447897.png,0,05,learnable_hard,0.3281294114,0.67,0.2077179602,normal_replay,GapCritical-Strict
RUN_205,TRIAD_069,B04_GapGuard-Raw_B3000,T,1343723075,1879155201,1057,Det/images/normal_train/00708960.png,0,03,learnable_hard,0.4149694107,0.57,0.2244376581,normal_replay,GapCritical-Strict
RUN_205,TRIAD_069,B04_GapGuard-Raw_B3000,T,1343723075,1879155201,1058,Det/images/normal_train/00904872.png,0,06,learnable_hard,0.3294073712,0.59,0.2520723376,normal_replay,GapCritical-Strict
RUN_205,TRIAD_069,B04_GapGuard-Raw_B3000,T,1343723075,1879155201,1059,Det/images/normal_train/00493395.png,0,03,learnable_hard,0.7869414131,0.11,0.2434684373,normal_replay,GapCritical-Strict
RUN_205,TRIAD_069,B04_GapGuard-Raw_B3000,T,1343723075,1879155201,1060,Det/images/normal_train/01268274.png,0,05,learnable_hard,0.1725883892,0.805,0.235686438,normal_replay,GapCritical-Strict
RUN_205,TRIAD_069,B04_GapGuard-Raw_B3000,T,1343723075,1879155201,1061,Det/images/normal_train/01240821.png,0,03,learnable_hard,0.2381608761,0.775,0.2358200533,normal_replay,GapCritical-Strict
RUN_205,TRIAD_069,B04_GapGuard-Raw_B3000,T,1343723075,1879155201,1062,Det/images/normal_train/00269311.png,0,03,learnable_hard,0.5915741337,0.32,0.2562378911,normal_replay,GapCritical-Strict
RUN_205,TRIAD_069,B04_GapGuard-Raw_B3000,T,1343723075,1879155201,1063,Det/images/normal_train/00282835.png,0,04,learnable_hard,0.2555153583,0.795,0.2207283245,normal_replay,GapCritical-Strict
RUN_205,TRIAD_069,B04_GapGuard-Raw_B3000,T,1343723075,1879155201,1064,Det/images/normal_train/00282422.png,0,04,learnable_hard,0.2669822686,0.78,0.2560532131,normal_replay,GapCritical-Strict
RUN_205,TRIAD_069,B04_GapGuard-Raw_B3000,T,1343723075,1879155201,1065,Det/images/normal_train/00546095.png,0,07,learnable_hard,0.3033500248,0.705,0.2217206953,normal_replay,GapCritical-Strict
RUN_205,TRIAD_069,B04_GapGuard-Raw_B3000,T,1343723075,1879155201,1066,Det/images/normal_train/01245596.png,0,09,learnable_hard,0.4855822526,0.4,0.2593122807,normal_replay,GapCritical-Strict
RUN_205,TRIAD_069,B04_GapGuard-Raw_B3000,T,1343723075,1879155201,1067,Det/images/normal_train/00950038.png,0,01,learnable_hard,0.2474210581,0.84,0.2124562264,normal_replay,GapCritical-Strict
RUN_205,TRIAD_069,B04_GapGuard-Raw_B3000,T,1343723075,1879155201,1068,Det/images/normal_train/00396576.png,0,05,learnable_hard,0.3473322261,0.615,0.2248504947,normal_replay,GapCritical-Strict
RUN_205,TRIAD_069,B04_GapGuard-Raw_B3000,T,1343723075,1879155201,1069,Det/images/normal_train/01168354.png,0,02,learnable_hard,0.3989839636,0.54,0.196419093,normal_replay,GapCritical-Strict
RUN_205,TRIAD_069,B04_GapGuard-Raw_B3000,T,1343723075,1879155201,1070,Det/images/normal_train/00879541.png,0,09,learnable_hard,0.2680974333,0.72,0.2201656089,normal_replay,GapCritical-Strict
RUN_205,TRIAD_069,B04_GapGuard-Raw_B3000,T,1343723075,1879155201,1071,Det/images/normal_train/00895551.png,0,09,learnable_hard,0.2988460102,0.835,0.2165833281,normal_replay,GapCritical-Strict
RUN_205,TRIAD_069,B04_GapGuard-Raw_B3000,T,1343723075,1879155201,1072,Det/images/normal_train/00727977.png,0,04,learnable_hard,0.365078374,0.695,0.1936240862,normal_replay,GapCritical-Strict
RUN_205,TRIAD_069,B04_GapGuard-Raw_B3000,T,1343723075,1879155201,1073,Det/images/normal_train/00165327.png,0,06,learnable_hard,0.2654839689,0.73,0.2267872517,normal_replay,GapCritical-Strict
RUN_205,TRIAD_069,B04_GapGuard-Raw_B3000,T,1343723075,1879155201,1074,Det/images/normal_train/00161928.png,0,03,learnable_hard,0.6625631393,0.25,0.2462532516,normal_replay,GapCritical-Strict
RUN_205,TRIAD_069,B04_GapGuard-Raw_B3000,T,1343723075,1879155201,1075,Det/images/normal_train/01147064.png,0,07,learnable_hard,0.6476962822,0.215,0.2791865872,normal_replay,GapCritical-Strict
RUN_205,TRIAD_069,B04_GapGuard-Raw_B3000,T,1343723075,1879155201,1076,Det/images/normal_train/01014715.png,0,04,learnable_hard,0.4339459115,0.445,0.2175597311,normal_replay,GapCritical-Strict
RUN_205,TRIAD_069,B04_GapGuard-Raw_B3000,T,1343723075,1879155201,1077,Det/images/normal_train/00395178.png,0,05,learnable_hard,0.69865073,0.215,0.2192128164,normal_replay,GapCritical-Strict
RUN_205,TRIAD_069,B04_GapGuard-Raw_B3000,T,1343723075,1879155201,1078,Det/images/normal_train/00583948.png,0,03,learnable_hard,0.2613192213,0.815,0.2041955108,normal_replay,GapCritical-Strict
RUN_205,TRIAD_069,B04_GapGuard-Raw_B3000,T,1343723075,1879155201,1079,Det/images/normal_train/00553314.png,0,04,learnable_hard,0.4487515025,0.505,0.213453927,normal_replay,GapCritical-Strict
RUN_205,TRIAD_069,B04_GapGuard-Raw_B3000,T,1343723075,1879155201,1080,Det/images/normal_train/01112819.png,0,07,learnable_hard,0.3080480971,0.655,0.2231174358,normal_replay,GapCritical-Strict
RUN_205,TRIAD_069,B04_GapGuard-Raw_B3000,T,1343723075,1879155201,1081,Det/images/normal_train/00875108.png,0,06,learnable_hard,0.329715111,0.74,0.1946477567,normal_replay,GapCritical-Strict
RUN_205,TRIAD_069,B04_GapGuard-Raw_B3000,T,1343723075,1879155201,1082,Det/images/normal_train/01092083.png,0,03,learnable_hard,0.327590952,0.81,0.2743687417,normal_replay,GapCritical-Strict
RUN_205,TRIAD_069,B04_GapGuard-Raw_B3000,T,1343723075,1879155201,1083,Det/images/normal_train/00883435.png,0,05,learnable_hard,0.2779337537,0.875,0.1994753026,normal_replay,GapCritical-Strict
RUN_205,TRIAD_069,B04_GapGuard-Raw_B3000,T,1343723075,1879155201,1084,Det/images/normal_train/00904865.png,0,06,learnable_hard,0.23472179,0.79,0.2371246348,normal_replay,GapCritical-Strict
RUN_205,TRIAD_069,B04_GapGuard-Raw_B3000,T,1343723075,1879155201,1085,Det/images/normal_train/00248638.png,0,00,learnable_hard,0.3849276365,0.6,0.2861214555,normal_replay,GapCritical-Strict
RUN_205,TRIAD_069,B04_GapGuard-Raw_B3000,T,1343723075,1879155201,1086,Det/images/normal_train/01201902.png,0,00,learnable_hard,0.5528421627,0.32,0.2319366687,normal_replay,GapCritical-Strict
RUN_205,TRIAD_069,B04_GapGuard-Raw_B3000,T,1343723075,1879155201,1087,Det/images/normal_train/00479964.png,0,03,learnable_hard,0.6913203085,0.245,0.2362104433,normal_replay,GapCritical-Strict
RUN_205,TRIAD_069,B04_GapGuard-Raw_B3000,T,1343723075,1879155201,1088,Det/images/normal_train/00351325.png,0,03,learnable_hard,0.2542450191,0.74,0.2213078678,normal_replay,GapCritical-Strict
RUN_205,TRIAD_069,B04_GapGuard-Raw_B3000,T,1343723075,1879155201,1089,Det/images/normal_train/01074992.png,0,04,learnable_hard,0.4216702642,0.58,0.2234967305,normal_replay,GapCritical-Strict
RUN_205,TRIAD_069,B04_GapGuard-Raw_B3000,T,1343723075,1879155201,1090,Det/images/normal_train/00971559.png,0,02,learnable_hard,0.2811444589,0.705,0.2398454728,normal_replay,GapCritical-Strict
RUN_205,TRIAD_069,B04_GapGuard-Raw_B3000,T,1343723075,1879155201,1091,Det/images/normal_train/00649761.png,0,09,learnable_hard,0.2800920087,0.915,0.196027283,normal_replay,GapCritical-Strict
RUN_205,TRIAD_069,B04_GapGuard-Raw_B3000,T,1343723075,1879155201,1092,Det/images/normal_train/00455917.png,0,05,learnable_hard,0.2060717714,0.89,0.2463418022,normal_replay,GapCritical-Strict
RUN_205,TRIAD_069,B04_GapGuard-Raw_B3000,T,1343723075,1879155201,1093,Det/images/normal_train/00766467.png,0,07,learnable_hard,0.1730771087,0.865,0.207963964,normal_replay,GapCritical-Strict
RUN_205,TRIAD_069,B04_GapGuard-Raw_B3000,T,1343723075,1879155201,1094,Det/images/normal_train/01058536.png,0,03,learnable_hard,0.2160188316,0.845,0.221768482,normal_replay,GapCritical-Strict
RUN_205,TRIAD_069,B04_GapGuard-Raw_B3000,T,1343723075,1879155201,1095,Det/images/normal_train/00215477.png,0,07,learnable_hard,0.2366544722,0.795,0.2301531567,normal_replay,GapCritical-Strict
RUN_205,TRIAD_069,B04_GapGuard-Raw_B3000,T,1343723075,1879155201,1096,Det/images/normal_train/01072903.png,0,03,learnable_hard,0.5630271814,0.4,0.2275393934,normal_replay,GapCritical-Strict
RUN_205,TRIAD_069,B04_GapGuard-Raw_B3000,T,1343723075,1879155201,1097,Det/images/normal_train/00164278.png,0,06,learnable_hard,0.5034790589,0.425,0.2379644665,normal_replay,GapCritical-Strict
RUN_205,TRIAD_069,B04_GapGuard-Raw_B3000,T,1343723075,1879155201,1098,Det/images/normal_train/00349152.png,0,00,learnable_hard,0.444733094,0.35,0.235105145,normal_replay,GapCritical-Strict
RUN_205,TRIAD_069,B04_GapGuard-Raw_B3000,T,1343723075,1879155201,1099,Det/images/normal_train/00206981.png,0,05,learnable_hard,0.4072252449,0.6,0.2189856403,normal_replay,GapCritical-Strict
RUN_205,TRIAD_069,B04_GapGuard-Raw_B3000,T,1343723075,1879155201,1100,Det/images/normal_train/00577555.png,0,05,learnable_hard,0.4695566517,0.415,0.2347034742,normal_replay,GapCritical-Strict
RUN_205,TRIAD_069,B04_GapGuard-Raw_B3000,T,1343723075,1879155201,1101,Det/images/normal_train/00680656.png,0,07,learnable_hard,0.3096378799,0.76,0.2531640784,normal_replay,GapCritical-Strict
RUN_205,TRIAD_069,B04_GapGuard-Raw_B3000,T,1343723075,1879155201,1102,Det/images/normal_train/00486375.png,0,04,learnable_hard,0.430045011,0.525,0.2000324203,normal_replay,GapCritical-Strict
RUN_205,TRIAD_069,B04_GapGuard-Raw_B3000,T,1343723075,1879155201,1103,Det/images/normal_train/01014840.png,0,04,learnable_hard,0.2575253241,0.815,0.2277940199,normal_replay,GapCritical-Strict
RUN_205,TRIAD_069,B04_GapGuard-Raw_B3000,T,1343723075,1879155201,1104,Det/images/normal_train/00182706.png,0,08,learnable_hard,0.1924038787,0.89,0.1941302541,normal_replay,GapCritical-Strict
RUN_205,TRIAD_069,B04_GapGuard-Raw_B3000,T,1343723075,1879155201,1105,Det/images/normal_train/01125833.png,0,02,learnable_hard,0.3009840613,0.645,0.2393964809,normal_replay,GapCritical-Strict
RUN_205,TRIAD_069,B04_GapGuard-Raw_B3000,T,1343723075,1879155201,1106,Det/images/normal_train/00353966.png,0,02,learnable_hard,0.3847574136,0.67,0.2421132159,normal_replay,GapCritical-Strict
RUN_205,TRIAD_069,B04_GapGuard-Raw_B3000,T,1343723075,1879155201,1107,Det/images/normal_train/00470385.png,0,03,learnable_hard,0.3967681616,0.6,0.2240018019,normal_replay,GapCritical-Strict
RUN_205,TRIAD_069,B04_GapGuard-Raw_B3000,T,1343723075,1879155201,1108,Det/images/normal_train/01274868.png,0,08,learnable_hard,0.3142974557,0.72,0.2329019564,normal_replay,GapCritical-Strict
RUN_205,TRIAD_069,B04_GapGuard-Raw_B3000,T,1343723075,1879155201,1109,Det/images/normal_train/00565258.png,0,04,learnable_hard,0.3219093086,0.645,0.2403009143,normal_replay,GapCritical-Strict
RUN_205,TRIAD_069,B04_GapGuard-Raw_B3000,T,1343723075,1879155201,1110,Det/images/normal_train/00530417.png,0,01,learnable_hard,0.2044427333,0.825,0.2343951569,normal_replay,GapCritical-Strict
RUN_205,TRIAD_069,B04_GapGuard-Raw_B3000,T,1343723075,1879155201,1111,Det/images/normal_train/01054058.png,0,00,learnable_hard,0.3059770719,0.815,0.2354644661,normal_replay,GapCritical-Strict
RUN_205,TRIAD_069,B04_GapGuard-Raw_B3000,T,1343723075,1879155201,1112,Det/images/normal_train/00250998.png,0,09,learnable_hard,0.7952067493,0.145,0.2649763523,normal_replay,GapCritical-Strict
RUN_205,TRIAD_069,B04_GapGuard-Raw_B3000,T,1343723075,1879155201,1113,Det/images/normal_train/00241999.png,0,05,learnable_hard,0.3207477282,0.63,0.248917342,normal_replay,GapCritical-Strict
RUN_205,TRIAD_069,B04_GapGuard-Raw_B3000,T,1343723075,1879155201,1114,Det/images/normal_train/00808724.png,0,03,learnable_hard,0.2560804166,0.91,0.1991135913,normal_replay,GapCritical-Strict
RUN_205,TRIAD_069,B04_GapGuard-Raw_B3000,T,1343723075,1879155201,1115,Det/images/normal_train/00206961.png,0,05,learnable_hard,0.4182143774,0.46,0.2264985543,normal_replay,GapCritical-Strict
RUN_205,TRIAD_069,B04_GapGuard-Raw_B3000,T,1343723075,1879155201,1116,Det/images/normal_train/01254064.png,0,05,learnable_hard,0.3834041134,0.515,0.2444472662,normal_replay,GapCritical-Strict
RUN_205,TRIAD_069,B04_GapGuard-Raw_B3000,T,1343723075,1879155201,1117,Det/images/normal_train/00322510.png,0,05,learnable_hard,0.2400181673,0.835,0.2202527216,normal_replay,GapCritical-Strict
RUN_205,TRIAD_069,B04_GapGuard-Raw_B3000,T,1343723075,1879155201,1118,Det/images/normal_train/00484971.png,0,07,learnable_hard,0.3092050806,0.715,0.2212171306,normal_replay,GapCritical-Strict
RUN_205,TRIAD_069,B04_GapGuard-Raw_B3000,T,1343723075,1879155201,1119,Det/images/normal_train/01197076.png,0,06,learnable_hard,0.2866740849,0.76,0.20785189,normal_replay,GapCritical-Strict
RUN_205,TRIAD_069,B04_GapGuard-Raw_B3000,T,1343723075,1879155201,1120,Det/images/normal_train/01209503.png,0,08,learnable_hard,0.2516268504,0.835,0.2003143992,normal_replay,GapCritical-Strict
RUN_205,TRIAD_069,B04_GapGuard-Raw_B3000,T,1343723075,1879155201,1121,Det/images/normal_train/01132584.png,0,07,learnable_hard,0.2257523578,0.795,0.2175507597,normal_replay,GapCritical-Strict
RUN_205,TRIAD_069,B04_GapGuard-Raw_B3000,T,1343723075,1879155201,1122,Det/images/normal_train/00792766.png,0,03,learnable_hard,0.6670004626,0.245,0.2263695262,normal_replay,GapCritical-Strict
RUN_205,TRIAD_069,B04_GapGuard-Raw_B3000,T,1343723075,1879155201,1123,Det/images/normal_train/00458425.png,0,05,learnable_hard,0.4070042766,0.475,0.2154356352,normal_replay,GapCritical-Strict
RUN_205,TRIAD_069,B04_GapGuard-Raw_B3000,T,1343723075,1879155201,1124,Det/images/normal_train/00226482.png,0,08,learnable_hard,0.2704393268,0.84,0.2168904797,normal_replay,GapCritical-Strict
RUN_205,TRIAD_069,B04_GapGuard-Raw_B3000,T,1343723075,1879155201,1125,Det/images/normal_train/00972702.png,0,03,learnable_hard,0.2742725938,0.92,0.2058783148,normal_replay,GapCritical-Strict
RUN_205,TRIAD_069,B04_GapGuard-Raw_B3000,T,1343723075,1879155201,1126,Det/images/normal_train/00843582.png,0,06,learnable_hard,0.2435960884,0.815,0.2243160596,normal_replay,GapCritical-Strict
RUN_205,TRIAD_069,B04_GapGuard-Raw_B3000,T,1343723075,1879155201,1127,Det/images/normal_train/00882470.png,0,03,learnable_hard,0.3797404886,0.58,0.2283928259,normal_replay,GapCritical-Strict
RUN_205,TRIAD_069,B04_GapGuard-Raw_B3000,T,1343723075,1879155201,1128,Det/images/normal_train/01179768.png,0,07,learnable_hard,0.3104865508,0.69,0.221087887,normal_replay,GapCritical-Strict
RUN_205,TRIAD_069,B04_GapGuard-Raw_B3000,T,1343723075,1879155201,1129,Det/images/normal_train/01157951.png,0,06,learnable_hard,0.4119058861,0.455,0.2253210684,normal_replay,GapCritical-Strict
RUN_205,TRIAD_069,B04_GapGuard-Raw_B3000,T,1343723075,1879155201,1130,Det/images/normal_train/00567213.png,0,06,learnable_hard,0.5145617216,0.385,0.2991081296,normal_replay,GapCritical-Strict
RUN_205,TRIAD_069,B04_GapGuard-Raw_B3000,T,1343723075,1879155201,1131,Det/images/normal_train/00807731.png,0,08,learnable_hard,0.2205693373,0.845,0.2085785238,normal_replay,GapCritical-Strict
RUN_205,TRIAD_069,B04_GapGuard-Raw_B3000,T,1343723075,1879155201,1132,Det/images/normal_train/01237494.png,0,05,learnable_hard,0.2843157039,0.76,0.2259214192,normal_replay,GapCritical-Strict
RUN_205,TRIAD_069,B04_GapGuard-Raw_B3000,T,1343723075,1879155201,1133,Det/images/normal_train/00856656.png,0,08,learnable_hard,0.1933306901,0.85,0.2343872054,normal_replay,GapCritical-Strict
RUN_205,TRIAD_069,B04_GapGuard-Raw_B3000,T,1343723075,1879155201,1134,Det/images/normal_train/00506881.png,0,09,learnable_hard,0.5472597472,0.475,0.2381302776,normal_replay,GapCritical-Strict
RUN_205,TRIAD_069,B04_GapGuard-Raw_B3000,T,1343723075,1879155201,1135,Det/images/normal_train/00292883.png,0,00,learnable_hard,0.5147084822,0.375,0.2212860598,normal_replay,GapCritical-Strict
RUN_205,TRIAD_069,B04_GapGuard-Raw_B3000,T,1343723075,1879155201,1136,Det/images/normal_train/00195599.png,0,08,learnable_hard,0.282706137,0.835,0.1884283149,normal_replay,GapCritical-Strict
RUN_205,TRIAD_069,B04_GapGuard-Raw_B3000,T,1343723075,1879155201,1137,Det/images/normal_train/00285257.png,0,00,learnable_hard,0.5835783855,0.27,0.211389326,normal_replay,GapCritical-Strict
RUN_205,TRIAD_069,B04_GapGuard-Raw_B3000,T,1343723075,1879155201,1138,Det/images/normal_train/00922382.png,0,02,learnable_hard,0.3250438258,0.735,0.2185881347,normal_replay,GapCritical-Strict
RUN_205,TRIAD_069,B04_GapGuard-Raw_B3000,T,1343723075,1879155201,1139,Det/images/normal_train/00728478.png,0,03,learnable_hard,0.3381742446,0.6,0.2437427828,normal_replay,GapCritical-Strict
RUN_205,TRIAD_069,B04_GapGuard-Raw_B3000,T,1343723075,1879155201,1140,Det/images/normal_train/01272091.png,0,00,learnable_hard,0.6307511458,0.305,0.2398691376,normal_replay,GapCritical-Strict
RUN_205,TRIAD_069,B04_GapGuard-Raw_B3000,T,1343723075,1879155201,1141,Det/images/normal_train/00786338.png,0,03,learnable_hard,0.6949851422,0.205,0.2929376476,normal_replay,GapCritical-Strict
RUN_205,TRIAD_069,B04_GapGuard-Raw_B3000,T,1343723075,1879155201,1142,Det/images/normal_train/00245052.png,0,08,learnable_hard,0.1945123166,0.875,0.2136434938,normal_replay,GapCritical-Strict
RUN_205,TRIAD_069,B04_GapGuard-Raw_B3000,T,1343723075,1879155201,1143,Det/images/normal_train/00657808.png,0,05,learnable_hard,0.526397446,0.305,0.2020833084,normal_replay,GapCritical-Strict
RUN_205,TRIAD_069,B04_GapGuard-Raw_B3000,T,1343723075,1879155201,1144,Det/images/normal_train/00677397.png,0,01,learnable_hard,0.5016628725,0.35,0.2803156144,normal_replay,GapCritical-Strict
RUN_205,TRIAD_069,B04_GapGuard-Raw_B3000,T,1343723075,1879155201,1145,Det/images/normal_train/00249372.png,0,09,learnable_hard,0.3543621929,0.565,0.216929832,normal_replay,GapCritical-Strict
RUN_205,TRIAD_069,B04_GapGuard-Raw_B3000,T,1343723075,1879155201,1146,Det/images/normal_train/00613832.png,0,06,learnable_hard,0.3440012005,0.715,0.2041177876,normal_replay,GapCritical-Strict
RUN_205,TRIAD_069,B04_GapGuard-Raw_B3000,T,1343723075,1879155201,1147,Det/images/normal_train/00358011.png,0,04,learnable_hard,0.2020924588,0.825,0.2177688671,normal_replay,GapCritical-Strict
RUN_205,TRIAD_069,B04_GapGuard-Raw_B3000,T,1343723075,1879155201,1148,Det/images/normal_train/00938705.png,0,08,learnable_hard,0.341591365,0.895,0.2001913047,normal_replay,GapCritical-Strict
RUN_205,TRIAD_069,B04_GapGuard-Raw_B3000,T,1343723075,1879155201,1149,Det/images/normal_train/00285293.png,0,00,learnable_hard,0.2952313572,0.88,0.2057698272,normal_replay,GapCritical-Strict
RUN_205,TRIAD_069,B04_GapGuard-Raw_B3000,T,1343723075,1879155201,1150,Det/images/normal_train/00168147.png,0,07,learnable_hard,0.2602961918,0.895,0.2073407287,normal_replay,GapCritical-Strict
RUN_205,TRIAD_069,B04_GapGuard-Raw_B3000,T,1343723075,1879155201,1151,Det/images/normal_train/00583964.png,0,03,learnable_hard,0.2858186146,0.79,0.2251697407,normal_replay,GapCritical-Strict
RUN_205,TRIAD_069,B04_GapGuard-Raw_B3000,T,1343723075,1879155201,1152,Det/images/normal_train/00486266.png,0,04,learnable_hard,0.214261515,0.87,0.210326513,normal_replay,GapCritical-Strict
RUN_205,TRIAD_069,B04_GapGuard-Raw_B3000,T,1343723075,1879155201,1153,Det/images/normal_train/00249284.png,0,09,learnable_hard,0.2367060042,0.855,0.2159225307,normal_replay,GapCritical-Strict
RUN_205,TRIAD_069,B04_GapGuard-Raw_B3000,T,1343723075,1879155201,1154,Det/images/normal_train/00705757.png,0,04,learnable_hard,0.5901205763,0.285,0.1990947505,normal_replay,GapCritical-Strict
RUN_205,TRIAD_069,B04_GapGuard-Raw_B3000,T,1343723075,1879155201,1155,Det/images/normal_train/00925384.png,0,09,learnable_hard,0.2088579179,0.835,0.2154409693,normal_replay,GapCritical-Strict
RUN_205,TRIAD_069,B04_GapGuard-Raw_B3000,T,1343723075,1879155201,1156,Det/images/normal_train/00766457.png,0,07,learnable_hard,0.3728071067,0.585,0.2252683509,normal_replay,GapCritical-Strict
RUN_205,TRIAD_069,B04_GapGuard-Raw_B3000,T,1343723075,1879155201,1157,Det/images/normal_train/00696205.png,0,03,learnable_hard,0.3170870865,0.735,0.2065524071,normal_replay,GapCritical-Strict
RUN_205,TRIAD_069,B04_GapGuard-Raw_B3000,T,1343723075,1879155201,1158,Det/images/normal_train/00909828.png,0,00,learnable_hard,0.3241281525,0.81,0.2192501712,normal_replay,GapCritical-Strict
RUN_205,TRIAD_069,B04_GapGuard-Raw_B3000,T,1343723075,1879155201,1159,Det/images/normal_train/00798557.png,0,03,learnable_hard,0.5825061416,0.325,0.2101649845,normal_replay,GapCritical-Strict
RUN_205,TRIAD_069,B04_GapGuard-Raw_B3000,T,1343723075,1879155201,1160,Det/images/normal_train/00536081.png,0,02,learnable_hard,0.2738277046,0.725,0.2166415678,normal_replay,GapCritical-Strict
RUN_205,TRIAD_069,B04_GapGuard-Raw_B3000,T,1343723075,1879155201,1161,Det/images/normal_train/00880458.png,0,07,learnable_hard,0.2352473037,0.77,0.2166492536,normal_replay,GapCritical-Strict
RUN_205,TRIAD_069,B04_GapGuard-Raw_B3000,T,1343723075,1879155201,1162,Det/images/normal_train/01238858.png,0,04,learnable_hard,0.2362139235,0.87,0.1996607585,normal_replay,GapCritical-Strict
RUN_205,TRIAD_069,B04_GapGuard-Raw_B3000,T,1343723075,1879155201,1163,Det/images/normal_train/00783561.png,0,01,learnable_hard,0.5866397638,0.255,0.2260587554,normal_replay,GapCritical-Strict
RUN_205,TRIAD_069,B04_GapGuard-Raw_B3000,T,1343723075,1879155201,1164,Det/images/normal_train/01032233.png,0,02,learnable_hard,0.6993739317,0.16,0.2556932319,normal_replay,GapCritical-Strict
RUN_205,TRIAD_069,B04_GapGuard-Raw_B3000,T,1343723075,1879155201,1165,Det/images/normal_train/00952487.png,0,09,learnable_hard,0.2574462804,0.875,0.2010163032,normal_replay,GapCritical-Strict
RUN_205,TRIAD_069,B04_GapGuard-Raw_B3000,T,1343723075,1879155201,1166,Det/images/normal_train/00983089.png,0,03,learnable_hard,0.515600613,0.3,0.2214915506,normal_replay,GapCritical-Strict
RUN_205,TRIAD_069,B04_GapGuard-Raw_B3000,T,1343723075,1879155201,1167,Det/images/normal_train/00348371.png,0,03,learnable_hard,0.2047906239,0.905,0.1955638088,normal_replay,GapCritical-Strict
RUN_205,TRIAD_069,B04_GapGuard-Raw_B3000,T,1343723075,1879155201,1168,Det/images/normal_train/00561433.png,0,09,learnable_hard,0.2358347237,0.895,0.1967252116,normal_replay,GapCritical-Strict
RUN_205,TRIAD_069,B04_GapGuard-Raw_B3000,T,1343723075,1879155201,1169,Det/images/normal_train/00584326.png,0,05,learnable_hard,0.363442237,0.695,0.1986512089,normal_replay,GapCritical-Strict
RUN_205,TRIAD_069,B04_GapGuard-Raw_B3000,T,1343723075,1879155201,1170,Det/images/normal_train/01164736.png,0,08,learnable_hard,0.2957475993,0.775,0.2018843559,normal_replay,GapCritical-Strict
RUN_205,TRIAD_069,B04_GapGuard-Raw_B3000,T,1343723075,1879155201,1171,Det/images/normal_train/00517533.png,0,08,learnable_hard,0.3497260089,0.7,0.2078561601,normal_replay,GapCritical-Strict
RUN_205,TRIAD_069,B04_GapGuard-Raw_B3000,T,1343723075,1879155201,1172,Det/images/normal_train/00207892.png,0,01,learnable_hard,0.43782912,0.445,0.2210574802,normal_replay,GapCritical-Strict
RUN_205,TRIAD_069,B04_GapGuard-Raw_B3000,T,1343723075,1879155201,1173,Det/images/normal_train/01131370.png,0,01,learnable_hard,0.3596395485,0.78,0.2438165666,normal_replay,GapCritical-Strict
RUN_205,TRIAD_069,B04_GapGuard-Raw_B3000,T,1343723075,1879155201,1174,Det/images/normal_train/00220054.png,0,04,learnable_hard,0.2351388495,0.84,0.2181430632,normal_replay,GapCritical-Strict
RUN_205,TRIAD_069,B04_GapGuard-Raw_B3000,T,1343723075,1879155201,1175,Det/images/normal_train/01115512.png,0,00,learnable_hard,0.7463158166,0.135,0.2635835315,normal_replay,GapCritical-Strict
RUN_205,TRIAD_069,B04_GapGuard-Raw_B3000,T,1343723075,1879155201,1176,Det/images/normal_train/01005631.png,0,09,learnable_hard,0.6376830763,0.225,0.2147169613,normal_replay,GapCritical-Strict
RUN_205,TRIAD_069,B04_GapGuard-Raw_B3000,T,1343723075,1879155201,1177,Det/images/normal_train/00976625.png,0,04,learnable_hard,0.2843413055,0.785,0.2195217488,normal_replay,GapCritical-Strict
RUN_205,TRIAD_069,B04_GapGuard-Raw_B3000,T,1343723075,1879155201,1178,Det/images/normal_train/00233957.png,0,03,learnable_hard,0.6158212036,0.23,0.213650829,normal_replay,GapCritical-Strict
RUN_205,TRIAD_069,B04_GapGuard-Raw_B3000,T,1343723075,1879155201,1179,Det/images/normal_train/00252906.png,0,08,learnable_hard,0.2748213738,0.745,0.2128758953,normal_replay,GapCritical-Strict
RUN_205,TRIAD_069,B04_GapGuard-Raw_B3000,T,1343723075,1879155201,1180,Det/images/normal_train/00994472.png,0,04,learnable_hard,0.4061904423,0.59,0.238824448,normal_replay,GapCritical-Strict
RUN_205,TRIAD_069,B04_GapGuard-Raw_B3000,T,1343723075,1879155201,1181,Det/images/normal_train/00272503.png,0,00,learnable_hard,0.4315685303,0.455,0.2450856411,normal_replay,GapCritical-Strict
RUN_205,TRIAD_069,B04_GapGuard-Raw_B3000,T,1343723075,1879155201,1182,Det/images/normal_train/01268381.png,0,05,learnable_hard,0.3187421865,0.68,0.2301509052,normal_replay,GapCritical-Strict
RUN_205,TRIAD_069,B04_GapGuard-Raw_B3000,T,1343723075,1879155201,1183,Det/images/normal_train/00766002.png,0,07,learnable_hard,0.2619009437,0.75,0.2340733738,normal_replay,GapCritical-Strict
RUN_205,TRIAD_069,B04_GapGuard-Raw_B3000,T,1343723075,1879155201,1184,Det/images/normal_train/00665017.png,0,09,learnable_hard,0.471841445,0.535,0.1906906722,normal_replay,GapCritical-Strict
RUN_205,TRIAD_069,B04_GapGuard-Raw_B3000,T,1343723075,1879155201,1185,Det/images/normal_train/01038581.png,0,00,learnable_hard,0.4141582484,0.485,0.3026420497,normal_replay,GapCritical-Strict
RUN_205,TRIAD_069,B04_GapGuard-Raw_B3000,T,1343723075,1879155201,1186,Det/images/normal_train/00462157.png,0,03,learnable_hard,0.3625777653,0.795,0.2207667902,normal_replay,GapCritical-Strict
RUN_205,TRIAD_069,B04_GapGuard-Raw_B3000,T,1343723075,1879155201,1187,Det/images/normal_train/00706279.png,0,02,learnable_hard,0.2083063915,0.915,0.2013481692,normal_replay,GapCritical-Strict
RUN_205,TRIAD_069,B04_GapGuard-Raw_B3000,T,1343723075,1879155201,1188,Det/images/normal_train/00392804.png,0,08,learnable_hard,0.2718204802,0.845,0.2015388869,normal_replay,GapCritical-Strict
RUN_205,TRIAD_069,B04_GapGuard-Raw_B3000,T,1343723075,1879155201,1189,Det/images/normal_train/01040384.png,0,06,learnable_hard,0.3446734913,0.665,0.2337892569,normal_replay,GapCritical-Strict
RUN_205,TRIAD_069,B04_GapGuard-Raw_B3000,T,1343723075,1879155201,1190,Det/images/normal_train/01086610.png,0,04,learnable_hard,0.1781459234,0.825,0.2115050739,normal_replay,GapCritical-Strict
RUN_205,TRIAD_069,B04_GapGuard-Raw_B3000,T,1343723075,1879155201,1191,Det/images/normal_train/00793083.png,0,05,learnable_hard,0.308830469,0.71,0.2140039592,normal_replay,GapCritical-Strict
RUN_205,TRIAD_069,B04_GapGuard-Raw_B3000,T,1343723075,1879155201,1192,Det/images/normal_train/00733663.png,0,07,learnable_hard,0.2615598701,0.69,0.2346066308,normal_replay,GapCritical-Strict
RUN_205,TRIAD_069,B04_GapGuard-Raw_B3000,T,1343723075,1879155201,1193,Det/images/normal_train/01165944.png,0,06,learnable_hard,0.5815122242,0.28,0.2688293122,normal_replay,GapCritical-Strict
RUN_205,TRIAD_069,B04_GapGuard-Raw_B3000,T,1343723075,1879155201,1194,Det/images/normal_train/00916761.png,0,00,learnable_hard,0.2901184501,0.715,0.2448131667,normal_replay,GapCritical-Strict
RUN_205,TRIAD_069,B04_GapGuard-Raw_B3000,T,1343723075,1879155201,1195,Det/images/normal_train/00224929.png,0,00,learnable_hard,0.2441798753,0.77,0.2139931349,normal_replay,GapCritical-Strict
RUN_205,TRIAD_069,B04_GapGuard-Raw_B3000,T,1343723075,1879155201,1196,Det/images/normal_train/01112452.png,0,07,learnable_hard,0.316728186,0.72,0.2122223985,normal_replay,GapCritical-Strict
RUN_205,TRIAD_069,B04_GapGuard-Raw_B3000,T,1343723075,1879155201,1197,Det/images/normal_train/00649554.png,0,09,learnable_hard,0.6642302635,0.245,0.2599681933,normal_replay,GapCritical-Strict
RUN_205,TRIAD_069,B04_GapGuard-Raw_B3000,T,1343723075,1879155201,1198,Det/images/normal_train/00855643.png,0,09,learnable_hard,0.3099369286,0.785,0.236827316,normal_replay,GapCritical-Strict
RUN_205,TRIAD_069,B04_GapGuard-Raw_B3000,T,1343723075,1879155201,1199,Det/images/normal_train/00918705.png,0,01,learnable_hard,0.3497545365,0.67,0.222478459,normal_replay,GapCritical-Strict
RUN_205,TRIAD_069,B04_GapGuard-Raw_B3000,T,1343723075,1879155201,1200,Det/images/normal_train/01108271.png,0,01,learnable_hard,0.2496139728,0.805,0.208016055,normal_replay,GapCritical-Strict
RUN_205,TRIAD_069,B04_GapGuard-Raw_B3000,T,1343723075,1879155201,1201,Det/images/normal_train/00758791.png,0,04,learnable_hard,0.2707221427,0.66,0.2453447288,normal_replay,GapCritical-Strict
RUN_205,TRIAD_069,B04_GapGuard-Raw_B3000,T,1343723075,1879155201,1202,Det/images/normal_train/00765341.png,0,08,learnable_hard,0.2154614447,0.815,0.2075323477,normal_replay,GapCritical-Strict
RUN_205,TRIAD_069,B04_GapGuard-Raw_B3000,T,1343723075,1879155201,1203,Det/images/normal_train/00382062.png,0,00,learnable_hard,0.302849201,0.7,0.2309487981,normal_replay,GapCritical-Strict
RUN_205,TRIAD_069,B04_GapGuard-Raw_B3000,T,1343723075,1879155201,1204,Det/images/normal_train/00981578.png,0,05,learnable_hard,0.3558103925,0.64,0.2551707281,normal_replay,GapCritical-Strict
RUN_205,TRIAD_069,B04_GapGuard-Raw_B3000,T,1343723075,1879155201,1205,Det/images/normal_train/01152506.png,0,08,learnable_hard,0.3059056169,0.89,0.1852635665,normal_replay,GapCritical-Strict
RUN_205,TRIAD_069,B04_GapGuard-Raw_B3000,T,1343723075,1879155201,1206,Det/images/normal_train/00774087.png,0,00,learnable_hard,0.2875927587,0.82,0.2292452991,normal_replay,GapCritical-Strict
RUN_205,TRIAD_069,B04_GapGuard-Raw_B3000,T,1343723075,1879155201,1207,Det/images/normal_train/00348465.png,0,03,learnable_hard,0.2400787737,0.95,0.2042025248,normal_replay,GapCritical-Strict
RUN_205,TRIAD_069,B04_GapGuard-Raw_B3000,T,1343723075,1879155201,1208,Det/images/normal_train/00556323.png,0,04,learnable_hard,0.239763284,0.88,0.2604904244,normal_replay,GapCritical-Strict
RUN_205,TRIAD_069,B04_GapGuard-Raw_B3000,T,1343723075,1879155201,1209,Det/images/normal_train/00240420.png,0,07,learnable_hard,0.4061079437,0.605,0.2047811942,normal_replay,GapCritical-Strict
RUN_205,TRIAD_069,B04_GapGuard-Raw_B3000,T,1343723075,1879155201,1210,Det/images/normal_train/01115499.png,0,00,learnable_hard,0.298060252,0.88,0.1810015418,normal_replay,GapCritical-Strict
RUN_205,TRIAD_069,B04_GapGuard-Raw_B3000,T,1343723075,1879155201,1211,Det/images/normal_train/00322942.png,0,05,learnable_hard,0.2293231622,0.835,0.2281681639,normal_replay,GapCritical-Strict
RUN_205,TRIAD_069,B04_GapGuard-Raw_B3000,T,1343723075,1879155201,1212,Det/images/normal_train/00881518.png,0,08,learnable_hard,0.216600255,0.835,0.2255272639,normal_replay,GapCritical-Strict
RUN_205,TRIAD_069,B04_GapGuard-Raw_B3000,T,1343723075,1879155201,1213,Det/images/normal_train/01198733.png,0,03,learnable_hard,0.2960640262,0.645,0.2609047951,normal_replay,GapCritical-Strict
RUN_205,TRIAD_069,B04_GapGuard-Raw_B3000,T,1343723075,1879155201,1214,Det/images/normal_train/00760631.png,0,04,learnable_hard,0.5941779277,0.22,0.2494086758,normal_replay,GapCritical-Strict
RUN_205,TRIAD_069,B04_GapGuard-Raw_B3000,T,1343723075,1879155201,1215,Det/images/normal_train/00314665.png,0,05,learnable_hard,0.369549564,0.635,0.2055698908,normal_replay,GapCritical-Strict
RUN_205,TRIAD_069,B04_GapGuard-Raw_B3000,T,1343723075,1879155201,1216,Det/images/normal_train/00427027.png,0,04,learnable_hard,0.2100234281,0.855,0.1805113972,normal_replay,GapCritical-Strict
RUN_205,TRIAD_069,B04_GapGuard-Raw_B3000,T,1343723075,1879155201,1217,Det/images/normal_train/00236122.png,0,03,learnable_hard,0.4404959786,0.48,0.2234572749,normal_replay,GapCritical-Strict
RUN_205,TRIAD_069,B04_GapGuard-Raw_B3000,T,1343723075,1879155201,1218,Det/images/normal_train/01040277.png,0,06,learnable_hard,0.2509488936,0.905,0.2127013411,normal_replay,GapCritical-Strict
RUN_205,TRIAD_069,B04_GapGuard-Raw_B3000,T,1343723075,1879155201,1219,Det/images/normal_train/00195965.png,0,08,learnable_hard,0.3260670644,0.72,0.2078331888,normal_replay,GapCritical-Strict
RUN_205,TRIAD_069,B04_GapGuard-Raw_B3000,T,1343723075,1879155201,1220,Det/images/normal_train/00741208.png,0,07,learnable_hard,0.2839644707,0.715,0.237621936,normal_replay,GapCritical-Strict
RUN_205,TRIAD_069,B04_GapGuard-Raw_B3000,T,1343723075,1879155201,1221,Det/images/normal_train/01076257.png,0,06,learnable_hard,0.335432239,0.715,0.1921736635,normal_replay,GapCritical-Strict
RUN_205,TRIAD_069,B04_GapGuard-Raw_B3000,T,1343723075,1879155201,1222,Det/images/normal_train/00587795.png,0,00,learnable_hard,0.3530048656,0.61,0.2348262451,normal_replay,GapCritical-Strict
RUN_205,TRIAD_069,B04_GapGuard-Raw_B3000,T,1343723075,1879155201,1223,Det/images/normal_train/00189491.png,0,02,learnable_hard,0.8236471058,0.115,0.2312960762,normal_replay,GapCritical-Strict
RUN_205,TRIAD_069,B04_GapGuard-Raw_B3000,T,1343723075,1879155201,1224,Det/images/normal_train/00798945.png,0,03,learnable_hard,0.353955139,0.86,0.1971288349,normal_replay,GapCritical-Strict
RUN_205,TRIAD_069,B04_GapGuard-Raw_B3000,T,1343723075,1879155201,1225,Det/images/normal_train/01032145.png,0,02,learnable_hard,0.6105198487,0.225,0.2271064002,normal_replay,GapCritical-Strict
RUN_205,TRIAD_069,B04_GapGuard-Raw_B3000,T,1343723075,1879155201,1226,Det/images/normal_train/00661163.png,0,08,learnable_hard,0.2598809741,0.885,0.2004225879,normal_replay,GapCritical-Strict
RUN_205,TRIAD_069,B04_GapGuard-Raw_B3000,T,1343723075,1879155201,1227,Det/images/normal_train/01020817.png,0,02,learnable_hard,0.3676259321,0.58,0.2162529805,normal_replay,GapCritical-Strict
RUN_205,TRIAD_069,B04_GapGuard-Raw_B3000,T,1343723075,1879155201,1228,Det/images/normal_train/00781616.png,0,02,learnable_hard,0.4481305719,0.49,0.2558783959,normal_replay,GapCritical-Strict
RUN_205,TRIAD_069,B04_GapGuard-Raw_B3000,T,1343723075,1879155201,1229,Det/images/normal_train/01294900.png,0,05,learnable_hard,0.405431633,0.71,0.2370156141,normal_replay,GapCritical-Strict
RUN_205,TRIAD_069,B04_GapGuard-Raw_B3000,T,1343723075,1879155201,1230,Det/images/normal_train/00330705.png,0,00,learnable_hard,0.527376352,0.365,0.2051054176,normal_replay,GapCritical-Strict
RUN_205,TRIAD_069,B04_GapGuard-Raw_B3000,T,1343723075,1879155201,1231,Det/images/normal_train/01078206.png,0,06,learnable_hard,0.2833261969,0.745,0.2158636887,normal_replay,GapCritical-Strict
RUN_205,TRIAD_069,B04_GapGuard-Raw_B3000,T,1343723075,1879155201,1232,Det/images/normal_train/00529117.png,0,03,learnable_hard,0.2809377114,0.805,0.2068876957,normal_replay,GapCritical-Strict
RUN_205,TRIAD_069,B04_GapGuard-Raw_B3000,T,1343723075,1879155201,1233,Det/images/normal_train/00873398.png,0,04,learnable_hard,0.3947480622,0.635,0.19333776,normal_replay,GapCritical-Strict
RUN_205,TRIAD_069,B04_GapGuard-Raw_B3000,T,1343723075,1879155201,1234,Det/images/normal_train/00551010.png,0,02,learnable_hard,0.6614135439,0.185,0.2499797243,normal_replay,GapCritical-Strict
RUN_205,TRIAD_069,B04_GapGuard-Raw_B3000,T,1343723075,1879155201,1235,Det/images/normal_train/00657280.png,0,05,learnable_hard,0.3915550739,0.57,0.2466453805,normal_replay,GapCritical-Strict
RUN_205,TRIAD_069,B04_GapGuard-Raw_B3000,T,1343723075,1879155201,1236,Det/images/normal_train/00219480.png,0,09,learnable_hard,0.242262634,0.885,0.2129585536,normal_replay,GapCritical-Strict
RUN_205,TRIAD_069,B04_GapGuard-Raw_B3000,T,1343723075,1879155201,1237,Det/images/normal_train/00580400.png,0,02,learnable_hard,0.4982840163,0.35,0.2363949703,normal_replay,GapCritical-Strict
RUN_205,TRIAD_069,B04_GapGuard-Raw_B3000,T,1343723075,1879155201,1238,Det/images/normal_train/01055078.png,0,01,learnable_hard,0.3105723624,0.695,0.2301841917,normal_replay,GapCritical-Strict
RUN_205,TRIAD_069,B04_GapGuard-Raw_B3000,T,1343723075,1879155201,1239,Det/images/normal_train/01232813.png,0,09,learnable_hard,0.3420872295,0.585,0.2205194028,normal_replay,GapCritical-Strict
RUN_205,TRIAD_069,B04_GapGuard-Raw_B3000,T,1343723075,1879155201,1240,Det/images/normal_train/01288898.png,0,07,learnable_hard,0.2408944134,0.82,0.2310222772,normal_replay,GapCritical-Strict
RUN_205,TRIAD_069,B04_GapGuard-Raw_B3000,T,1343723075,1879155201,1241,Det/images/normal_train/00218341.png,0,09,learnable_hard,0.2517951146,0.76,0.2301148447,normal_replay,GapCritical-Strict
RUN_205,TRIAD_069,B04_GapGuard-Raw_B3000,T,1343723075,1879155201,1242,Det/images/normal_train/00283879.png,0,03,learnable_hard,0.4071141094,0.65,0.1955303822,normal_replay,GapCritical-Strict
RUN_205,TRIAD_069,B04_GapGuard-Raw_B3000,T,1343723075,1879155201,1243,Det/images/normal_train/01053177.png,0,05,learnable_hard,0.3358578742,0.74,0.196038011,normal_replay,GapCritical-Strict
RUN_205,TRIAD_069,B04_GapGuard-Raw_B3000,T,1343723075,1879155201,1244,Det/images/normal_train/00239523.png,0,09,learnable_hard,0.2589792605,0.85,0.2071561994,normal_replay,GapCritical-Strict
RUN_205,TRIAD_069,B04_GapGuard-Raw_B3000,T,1343723075,1879155201,1245,Det/images/normal_train/01019526.png,0,08,learnable_hard,0.5580576622,0.325,0.2080421206,normal_replay,GapCritical-Strict
RUN_205,TRIAD_069,B04_GapGuard-Raw_B3000,T,1343723075,1879155201,1246,Det/images/normal_train/00391801.png,0,02,learnable_hard,0.3005774408,0.82,0.2021444609,normal_replay,GapCritical-Strict
RUN_205,TRIAD_069,B04_GapGuard-Raw_B3000,T,1343723075,1879155201,1247,Det/images/normal_train/00526325.png,0,01,learnable_hard,0.4625153614,0.44,0.2351133849,normal_replay,GapCritical-Strict
RUN_205,TRIAD_069,B04_GapGuard-Raw_B3000,T,1343723075,1879155201,1248,Det/images/normal_train/00551581.png,0,02,learnable_hard,0.3007417867,0.625,0.2454622815,normal_replay,GapCritical-Strict
RUN_205,TRIAD_069,B04_GapGuard-Raw_B3000,T,1343723075,1879155201,1249,Det/images/normal_train/00177413.png,0,07,learnable_hard,0.3194748073,0.765,0.2095725074,normal_replay,GapCritical-Strict
RUN_205,TRIAD_069,B04_GapGuard-Raw_B3000,T,1343723075,1879155201,1250,Det/images/normal_train/00889590.png,0,09,learnable_hard,0.2901971319,0.875,0.1962105274,normal_replay,GapCritical-Strict
RUN_205,TRIAD_069,B04_GapGuard-Raw_B3000,T,1343723075,1879155201,1251,Det/images/normal_train/00992152.png,0,08,learnable_hard,0.3274905087,0.7,0.2360797361,normal_replay,GapCritical-Strict
RUN_205,TRIAD_069,B04_GapGuard-Raw_B3000,T,1343723075,1879155201,1252,Det/images/normal_train/01124101.png,0,08,learnable_hard,0.210718763,0.89,0.1907138918,normal_replay,GapCritical-Strict
RUN_205,TRIAD_069,B04_GapGuard-Raw_B3000,T,1343723075,1879155201,1253,Det/images/normal_train/00375724.png,0,04,learnable_hard,0.4078639458,0.495,0.2361756543,normal_replay,GapCritical-Strict
RUN_205,TRIAD_069,B04_GapGuard-Raw_B3000,T,1343723075,1879155201,1254,Det/images/normal_train/00965373.png,0,03,learnable_hard,0.2634613776,0.86,0.2124101899,normal_replay,GapCritical-Strict
RUN_205,TRIAD_069,B04_GapGuard-Raw_B3000,T,1343723075,1879155201,1255,Det/images/normal_train/00410420.png,0,00,learnable_hard,0.2147819088,0.785,0.2294795368,normal_replay,GapCritical-Strict
RUN_205,TRIAD_069,B04_GapGuard-Raw_B3000,T,1343723075,1879155201,1256,Det/images/normal_train/00480453.png,0,07,learnable_hard,0.2462301018,0.77,0.224549603,normal_replay,GapCritical-Strict
RUN_205,TRIAD_069,B04_GapGuard-Raw_B3000,T,1343723075,1879155201,1257,Det/images/normal_train/00995596.png,0,05,learnable_hard,0.2671618436,0.65,0.2446547275,normal_replay,GapCritical-Strict
RUN_205,TRIAD_069,B04_GapGuard-Raw_B3000,T,1343723075,1879155201,1258,Det/images/normal_train/00981577.png,0,05,learnable_hard,0.2696901354,0.765,0.2198796984,normal_replay,GapCritical-Strict
RUN_205,TRIAD_069,B04_GapGuard-Raw_B3000,T,1343723075,1879155201,1259,Det/images/normal_train/00552480.png,0,07,learnable_hard,0.2089792724,0.89,0.2082174539,normal_replay,GapCritical-Strict
RUN_205,TRIAD_069,B04_GapGuard-Raw_B3000,T,1343723075,1879155201,1260,Det/images/normal_train/00812048.png,0,00,learnable_hard,0.2948485748,0.79,0.1968024068,normal_replay,GapCritical-Strict
RUN_205,TRIAD_069,B04_GapGuard-Raw_B3000,T,1343723075,1879155201,1261,Det/images/normal_train/00679490.png,0,07,learnable_hard,0.4149785691,0.625,0.2036579743,normal_replay,GapCritical-Strict
RUN_205,TRIAD_069,B04_GapGuard-Raw_B3000,T,1343723075,1879155201,1262,Det/images/normal_train/00484881.png,0,07,learnable_hard,0.3272141095,0.65,0.2214437579,normal_replay,GapCritical-Strict
RUN_205,TRIAD_069,B04_GapGuard-Raw_B3000,T,1343723075,1879155201,1263,Det/images/normal_train/01070752.png,0,06,learnable_hard,0.4285592078,0.465,0.2320693865,normal_replay,GapCritical-Strict
RUN_205,TRIAD_069,B04_GapGuard-Raw_B3000,T,1343723075,1879155201,1264,Det/images/normal_train/00650047.png,0,09,learnable_hard,0.4429592071,0.495,0.2247520059,normal_replay,GapCritical-Strict
RUN_205,TRIAD_069,B04_GapGuard-Raw_B3000,T,1343723075,1879155201,1265,Det/images/normal_train/00817455.png,0,07,learnable_hard,0.2356239156,0.9,0.1825337345,normal_replay,GapCritical-Strict
RUN_205,TRIAD_069,B04_GapGuard-Raw_B3000,T,1343723075,1879155201,1266,Det/images/normal_train/00210763.png,0,00,learnable_hard,0.5111231723,0.445,0.2374296214,normal_replay,GapCritical-Strict
RUN_205,TRIAD_069,B04_GapGuard-Raw_B3000,T,1343723075,1879155201,1267,Det/images/normal_train/00349322.png,0,00,learnable_hard,0.2857433958,0.66,0.2293642542,normal_replay,GapCritical-Strict
RUN_205,TRIAD_069,B04_GapGuard-Raw_B3000,T,1343723075,1879155201,1268,Det/images/normal_train/00297005.png,0,08,learnable_hard,0.2687073882,0.88,0.2092174514,normal_replay,GapCritical-Strict
RUN_205,TRIAD_069,B04_GapGuard-Raw_B3000,T,1343723075,1879155201,1269,Det/images/normal_train/00727976.png,0,04,learnable_hard,0.3848761692,0.695,0.1795189143,normal_replay,GapCritical-Strict
RUN_205,TRIAD_069,B04_GapGuard-Raw_B3000,T,1343723075,1879155201,1270,Det/images/normal_train/00458379.png,0,05,learnable_hard,0.4314123239,0.52,0.2224424372,normal_replay,GapCritical-Strict
RUN_205,TRIAD_069,B04_GapGuard-Raw_B3000,T,1343723075,1879155201,1271,Det/images/normal_train/01265879.png,0,08,learnable_hard,0.2496363476,0.81,0.2356373097,normal_replay,GapCritical-Strict
RUN_205,TRIAD_069,B04_GapGuard-Raw_B3000,T,1343723075,1879155201,1272,Det/images/normal_train/00876461.png,0,04,learnable_hard,0.3219886463,0.705,0.2147094039,normal_replay,GapCritical-Strict
RUN_205,TRIAD_069,B04_GapGuard-Raw_B3000,T,1343723075,1879155201,1273,Det/images/normal_train/00340525.png,0,02,learnable_hard,0.5308764314,0.42,0.2028373568,normal_replay,GapCritical-Strict
RUN_205,TRIAD_069,B04_GapGuard-Raw_B3000,T,1343723075,1879155201,1274,Det/images/normal_train/01056322.png,0,08,learnable_hard,0.310443729,0.835,0.199294029,normal_replay,GapCritical-Strict
RUN_205,TRIAD_069,B04_GapGuard-Raw_B3000,T,1343723075,1879155201,1275,Det/images/normal_train/00878298.png,0,09,learnable_hard,0.3629047689,0.665,0.2178277607,normal_replay,GapCritical-Strict
RUN_205,TRIAD_069,B04_GapGuard-Raw_B3000,T,1343723075,1879155201,1276,Det/images/normal_train/00555622.png,0,07,learnable_hard,0.1840196118,0.825,0.2101640927,normal_replay,GapCritical-Strict
RUN_205,TRIAD_069,B04_GapGuard-Raw_B3000,T,1343723075,1879155201,1277,Det/images/normal_train/01135302.png,0,03,learnable_hard,0.2856070465,0.81,0.1943316523,normal_replay,GapCritical-Strict
RUN_205,TRIAD_069,B04_GapGuard-Raw_B3000,T,1343723075,1879155201,1278,Det/images/normal_train/01159621.png,0,04,learnable_hard,0.6969806139,0.165,0.2029566669,normal_replay,GapCritical-Strict
RUN_205,TRIAD_069,B04_GapGuard-Raw_B3000,T,1343723075,1879155201,1279,Det/images/normal_train/00705600.png,0,04,learnable_hard,0.3530037139,0.58,0.2243140033,normal_replay,GapCritical-Strict
RUN_205,TRIAD_069,B04_GapGuard-Raw_B3000,T,1343723075,1879155201,1280,Det/images/normal_train/00576562.png,0,04,learnable_hard,0.3559295293,0.635,0.2297290989,normal_replay,GapCritical-Strict
RUN_205,TRIAD_069,B04_GapGuard-Raw_B3000,T,1343723075,1879155201,1281,Det/images/normal_train/01056272.png,0,08,learnable_hard,0.8655390161,0.105,0.2168247163,normal_replay,GapCritical-Strict
RUN_205,TRIAD_069,B04_GapGuard-Raw_B3000,T,1343723075,1879155201,1282,Det/images/normal_train/00619268.png,0,04,learnable_hard,0.2561365135,0.9,0.21190133,normal_replay,GapCritical-Strict
RUN_205,TRIAD_069,B04_GapGuard-Raw_B3000,T,1343723075,1879155201,1283,Det/images/normal_train/00254480.png,0,03,learnable_hard,0.2623981532,0.745,0.2100401733,normal_replay,GapCritical-Strict
RUN_205,TRIAD_069,B04_GapGuard-Raw_B3000,T,1343723075,1879155201,1284,Det/images/normal_train/01235300.png,0,01,learnable_hard,0.731078737,0.13,0.212850565,normal_replay,GapCritical-Strict
RUN_205,TRIAD_069,B04_GapGuard-Raw_B3000,T,1343723075,1879155201,1285,Det/images/normal_train/00653018.png,0,02,learnable_hard,0.623872749,0.2,0.2391914131,normal_replay,GapCritical-Strict
RUN_205,TRIAD_069,B04_GapGuard-Raw_B3000,T,1343723075,1879155201,1286,Det/images/normal_train/01201110.png,0,00,learnable_hard,0.3389361246,0.63,0.2272703825,normal_replay,GapCritical-Strict
RUN_205,TRIAD_069,B04_GapGuard-Raw_B3000,T,1343723075,1879155201,1287,Det/images/normal_train/00563880.png,0,06,learnable_hard,0.3547021719,0.585,0.2156346876,normal_replay,GapCritical-Strict
RUN_205,TRIAD_069,B04_GapGuard-Raw_B3000,T,1343723075,1879155201,1288,Det/images/normal_train/00855227.png,0,09,learnable_hard,0.2980308599,0.66,0.2354521372,normal_replay,GapCritical-Strict
RUN_205,TRIAD_069,B04_GapGuard-Raw_B3000,T,1343723075,1879155201,1289,Det/images/normal_train/00786146.png,0,03,learnable_hard,0.315270024,0.73,0.2375703431,normal_replay,GapCritical-Strict
RUN_205,TRIAD_069,B04_GapGuard-Raw_B3000,T,1343723075,1879155201,1290,Det/images/normal_train/01261680.png,0,00,learnable_hard,0.2612367652,0.75,0.2307789495,normal_replay,GapCritical-Strict
RUN_205,TRIAD_069,B04_GapGuard-Raw_B3000,T,1343723075,1879155201,1291,Det/images/normal_train/01264205.png,0,08,learnable_hard,0.2203778988,0.93,0.1949338022,normal_replay,GapCritical-Strict
RUN_205,TRIAD_069,B04_GapGuard-Raw_B3000,T,1343723075,1879155201,1292,Det/images/normal_train/00925657.png,0,09,learnable_hard,0.6299791087,0.2,0.2226667209,normal_replay,GapCritical-Strict
RUN_205,TRIAD_069,B04_GapGuard-Raw_B3000,T,1343723075,1879155201,1293,Det/images/normal_train/00854421.png,0,09,learnable_hard,0.2975700773,0.775,0.1973713518,normal_replay,GapCritical-Strict
RUN_205,TRIAD_069,B04_GapGuard-Raw_B3000,T,1343723075,1879155201,1294,Det/images/normal_train/00533610.png,0,02,learnable_hard,0.3248538705,0.81,0.2153604851,normal_replay,GapCritical-Strict
RUN_205,TRIAD_069,B04_GapGuard-Raw_B3000,T,1343723075,1879155201,1295,Det/images/normal_train/00985186.png,0,03,learnable_hard,0.5223836275,0.36,0.2073636099,normal_replay,GapCritical-Strict
RUN_205,TRIAD_069,B04_GapGuard-Raw_B3000,T,1343723075,1879155201,1296,Det/images/normal_train/00628946.png,0,07,learnable_hard,0.1984718733,0.9,0.1981014093,normal_replay,GapCritical-Strict
RUN_205,TRIAD_069,B04_GapGuard-Raw_B3000,T,1343723075,1879155201,1297,Det/images/normal_train/00583670.png,0,03,learnable_hard,0.1992996284,0.915,0.2045722191,normal_replay,GapCritical-Strict
RUN_205,TRIAD_069,B04_GapGuard-Raw_B3000,T,1343723075,1879155201,1298,Det/images/normal_train/00758587.png,0,04,learnable_hard,0.3997109116,0.61,0.212382309,normal_replay,GapCritical-Strict
RUN_205,TRIAD_069,B04_GapGuard-Raw_B3000,T,1343723075,1879155201,1299,Det/images/normal_train/00193811.png,0,06,learnable_hard,0.3482104821,0.665,0.2096885614,normal_replay,GapCritical-Strict
RUN_205,TRIAD_069,B04_GapGuard-Raw_B3000,T,1343723075,1879155201,1300,Det/images/normal_train/00984622.png,0,02,learnable_hard,0.3683483972,0.645,0.2205073053,normal_replay,GapCritical-Strict
RUN_205,TRIAD_069,B04_GapGuard-Raw_B3000,T,1343723075,1879155201,1301,Det/images/normal_train/00890567.png,0,06,learnable_hard,0.2632533654,0.795,0.2328729997,normal_replay,GapCritical-Strict
RUN_205,TRIAD_069,B04_GapGuard-Raw_B3000,T,1343723075,1879155201,1302,Det/images/normal_train/00823661.png,0,02,learnable_hard,0.2079077077,0.82,0.2081050228,normal_replay,GapCritical-Strict
RUN_205,TRIAD_069,B04_GapGuard-Raw_B3000,T,1343723075,1879155201,1303,Det/images/normal_train/00626215.png,0,05,learnable_hard,0.2409343067,0.905,0.1807346268,normal_replay,GapCritical-Strict
RUN_205,TRIAD_069,B04_GapGuard-Raw_B3000,T,1343723075,1879155201,1304,Det/images/normal_train/00530464.png,0,01,learnable_hard,0.1908534862,0.9,0.2297119033,normal_replay,GapCritical-Strict
RUN_205,TRIAD_069,B04_GapGuard-Raw_B3000,T,1343723075,1879155201,1305,Det/images/normal_train/00697864.png,0,05,learnable_hard,0.275187095,0.835,0.2071549954,normal_replay,GapCritical-Strict
RUN_205,TRIAD_069,B04_GapGuard-Raw_B3000,T,1343723075,1879155201,1306,Det/images/normal_train/01167073.png,0,01,learnable_hard,0.4088480373,0.48,0.2163920985,normal_replay,GapCritical-Strict
RUN_205,TRIAD_069,B04_GapGuard-Raw_B3000,T,1343723075,1879155201,1307,Det/images/normal_train/00192491.png,0,09,learnable_hard,0.238943128,0.82,0.2303202744,normal_replay,GapCritical-Strict
RUN_205,TRIAD_069,B04_GapGuard-Raw_B3000,T,1343723075,1879155201,1308,Det/images/normal_train/00845836.png,0,04,learnable_hard,0.3345305646,0.565,0.2464557326,normal_replay,GapCritical-Strict
RUN_205,TRIAD_069,B04_GapGuard-Raw_B3000,T,1343723075,1879155201,1309,Det/images/normal_train/01094881.png,0,05,learnable_hard,0.2982410439,0.855,0.1909325109,normal_replay,GapCritical-Strict
RUN_205,TRIAD_069,B04_GapGuard-Raw_B3000,T,1343723075,1879155201,1310,Det/images/normal_train/00562767.png,0,08,learnable_hard,0.1638108575,0.89,0.1986268283,normal_replay,GapCritical-Strict
RUN_205,TRIAD_069,B04_GapGuard-Raw_B3000,T,1343723075,1879155201,1311,Det/images/normal_train/00888367.png,0,08,learnable_hard,0.5694187138,0.205,0.2304051138,normal_replay,GapCritical-Strict
RUN_205,TRIAD_069,B04_GapGuard-Raw_B3000,T,1343723075,1879155201,1312,Det/images/normal_train/00561881.png,0,09,learnable_hard,0.2925687623,0.79,0.2109123833,normal_replay,GapCritical-Strict
RUN_205,TRIAD_069,B04_GapGuard-Raw_B3000,T,1343723075,1879155201,1313,Det/images/normal_train/01069809.png,0,09,learnable_hard,0.6574528562,0.275,0.2337030423,normal_replay,GapCritical-Strict
RUN_205,TRIAD_069,B04_GapGuard-Raw_B3000,T,1343723075,1879155201,1314,Det/images/normal_train/01005019.png,0,09,learnable_hard,0.281952659,0.815,0.2145875038,normal_replay,GapCritical-Strict
RUN_205,TRIAD_069,B04_GapGuard-Raw_B3000,T,1343723075,1879155201,1315,Det/images/normal_train/00290517.png,0,00,learnable_hard,0.2704798887,0.815,0.2562531519,normal_replay,GapCritical-Strict
RUN_205,TRIAD_069,B04_GapGuard-Raw_B3000,T,1343723075,1879155201,1316,Det/images/normal_train/00982807.png,0,00,learnable_hard,0.2809284414,0.75,0.2179819467,normal_replay,GapCritical-Strict
RUN_205,TRIAD_069,B04_GapGuard-Raw_B3000,T,1343723075,1879155201,1317,Det/images/normal_train/01040374.png,0,06,learnable_hard,0.3206511367,0.775,0.2341557864,normal_replay,GapCritical-Strict
RUN_205,TRIAD_069,B04_GapGuard-Raw_B3000,T,1343723075,1879155201,1318,Det/images/normal_train/00197778.png,0,06,learnable_hard,0.2253406276,0.915,0.1825115337,normal_replay,GapCritical-Strict
RUN_205,TRIAD_069,B04_GapGuard-Raw_B3000,T,1343723075,1879155201,1319,Det/images/normal_train/00735342.png,0,07,learnable_hard,0.5168214133,0.49,0.2180156585,normal_replay,GapCritical-Strict
RUN_205,TRIAD_069,B04_GapGuard-Raw_B3000,T,1343723075,1879155201,1320,Det/images/normal_train/01018720.png,0,01,learnable_hard,0.5330830248,0.505,0.2103832725,normal_replay,GapCritical-Strict
RUN_205,TRIAD_069,B04_GapGuard-Raw_B3000,T,1343723075,1879155201,1321,Det/images/normal_train/00528478.png,0,04,learnable_hard,0.5180839383,0.45,0.2308424039,normal_replay,GapCritical-Strict
RUN_205,TRIAD_069,B04_GapGuard-Raw_B3000,T,1343723075,1879155201,1322,Det/images/normal_train/01004682.png,0,07,learnable_hard,0.6632526606,0.175,0.2204779375,normal_replay,GapCritical-Strict
RUN_205,TRIAD_069,B04_GapGuard-Raw_B3000,T,1343723075,1879155201,1323,Det/images/normal_train/00711523.png,0,08,learnable_hard,0.1640930263,0.89,0.1999363522,normal_replay,GapCritical-Strict
RUN_205,TRIAD_069,B04_GapGuard-Raw_B3000,T,1343723075,1879155201,1324,Det/images/normal_train/00668023.png,0,04,learnable_hard,0.2542158507,0.8,0.2248278233,normal_replay,GapCritical-Strict
RUN_205,TRIAD_069,B04_GapGuard-Raw_B3000,T,1343723075,1879155201,1325,Det/images/normal_train/01187709.png,0,07,learnable_hard,0.2245810993,0.85,0.2046191709,normal_replay,GapCritical-Strict
RUN_205,TRIAD_069,B04_GapGuard-Raw_B3000,T,1343723075,1879155201,1326,Det/images/normal_train/00542375.png,0,04,learnable_hard,0.1743926285,0.885,0.2422653185,normal_replay,GapCritical-Strict
RUN_205,TRIAD_069,B04_GapGuard-Raw_B3000,T,1343723075,1879155201,1327,Det/images/normal_train/01001261.png,0,05,learnable_hard,0.504208773,0.34,0.2500842468,normal_replay,GapCritical-Strict
RUN_205,TRIAD_069,B04_GapGuard-Raw_B3000,T,1343723075,1879155201,1328,Det/images/normal_train/01103560.png,0,02,learnable_hard,0.6064662467,0.295,0.2278219571,normal_replay,GapCritical-Strict
RUN_205,TRIAD_069,B04_GapGuard-Raw_B3000,T,1343723075,1879155201,1329,Det/images/normal_train/00355833.png,0,01,learnable_hard,0.2704101916,0.76,0.2736723447,normal_replay,GapCritical-Strict
RUN_205,TRIAD_069,B04_GapGuard-Raw_B3000,T,1343723075,1879155201,1330,Det/images/normal_train/00914717.png,0,04,learnable_hard,0.2601930411,0.795,0.237170278,normal_replay,GapCritical-Strict
RUN_205,TRIAD_069,B04_GapGuard-Raw_B3000,T,1343723075,1879155201,1331,Det/images/normal_train/00358428.png,0,04,learnable_hard,0.1965027967,0.93,0.1931408107,normal_replay,GapCritical-Strict
RUN_205,TRIAD_069,B04_GapGuard-Raw_B3000,T,1343723075,1879155201,1332,Det/images/normal_train/00666317.png,0,08,learnable_hard,0.5893005578,0.36,0.2140737397,normal_replay,GapCritical-Strict
RUN_205,TRIAD_069,B04_GapGuard-Raw_B3000,T,1343723075,1879155201,1333,Det/images/normal_train/00845523.png,0,04,learnable_hard,0.4302627456,0.655,0.2125019056,normal_replay,GapCritical-Strict
RUN_205,TRIAD_069,B04_GapGuard-Raw_B3000,T,1343723075,1879155201,1334,Det/images/normal_train/00974249.png,0,05,learnable_hard,0.438639111,0.62,0.1983151399,normal_replay,GapCritical-Strict
RUN_205,TRIAD_069,B04_GapGuard-Raw_B3000,T,1343723075,1879155201,1335,Det/images/normal_train/00922223.png,0,02,learnable_hard,0.2374250223,0.8,0.2367389836,normal_replay,GapCritical-Strict
RUN_205,TRIAD_069,B04_GapGuard-Raw_B3000,T,1343723075,1879155201,1336,Det/images/normal_train/01222312.png,0,07,learnable_hard,0.3685479406,0.62,0.2091308225,normal_replay,GapCritical-Strict
RUN_205,TRIAD_069,B04_GapGuard-Raw_B3000,T,1343723075,1879155201,1337,Det/images/normal_train/00334639.png,0,06,learnable_hard,0.3195522296,0.745,0.2262751116,normal_replay,GapCritical-Strict
RUN_205,TRIAD_069,B04_GapGuard-Raw_B3000,T,1343723075,1879155201,1338,Det/images/normal_train/00489114.png,0,02,learnable_hard,0.2626009167,0.845,0.2122437448,normal_replay,GapCritical-Strict
RUN_205,TRIAD_069,B04_GapGuard-Raw_B3000,T,1343723075,1879155201,1339,Det/images/normal_train/00275193.png,0,01,learnable_hard,0.3993420611,0.62,0.1928739115,normal_replay,GapCritical-Strict
RUN_205,TRIAD_069,B04_GapGuard-Raw_B3000,T,1343723075,1879155201,1340,Det/images/normal_train/01047257.png,0,07,learnable_hard,0.3277513111,0.61,0.2620419215,normal_replay,GapCritical-Strict
RUN_205,TRIAD_069,B04_GapGuard-Raw_B3000,T,1343723075,1879155201,1341,Det/images/normal_train/00283410.png,0,03,learnable_hard,0.1925292281,0.795,0.2224137867,normal_replay,GapCritical-Strict
RUN_205,TRIAD_069,B04_GapGuard-Raw_B3000,T,1343723075,1879155201,1342,Det/images/normal_train/00557457.png,0,01,learnable_hard,0.2036868715,0.81,0.2421255651,normal_replay,GapCritical-Strict
RUN_205,TRIAD_069,B04_GapGuard-Raw_B3000,T,1343723075,1879155201,1343,Det/images/normal_train/00874032.png,0,06,learnable_hard,0.4131869603,0.62,0.1941341802,normal_replay,GapCritical-Strict
RUN_205,TRIAD_069,B04_GapGuard-Raw_B3000,T,1343723075,1879155201,1344,Det/images/normal_train/01003095.png,0,01,learnable_hard,0.2759032388,0.92,0.2092980726,normal_replay,GapCritical-Strict
RUN_205,TRIAD_069,B04_GapGuard-Raw_B3000,T,1343723075,1879155201,1345,Det/images/normal_train/01048331.png,0,07,learnable_hard,0.6791890232,0.16,0.2232000856,normal_replay,GapCritical-Strict
RUN_205,TRIAD_069,B04_GapGuard-Raw_B3000,T,1343723075,1879155201,1346,Det/images/normal_train/00964129.png,0,05,learnable_hard,0.3286626371,0.74,0.2071884706,normal_replay,GapCritical-Strict
RUN_205,TRIAD_069,B04_GapGuard-Raw_B3000,T,1343723075,1879155201,1347,Det/images/normal_train/00563951.png,0,06,learnable_hard,0.2465500902,0.77,0.2295069666,normal_replay,GapCritical-Strict
RUN_205,TRIAD_069,B04_GapGuard-Raw_B3000,T,1343723075,1879155201,1348,Det/images/normal_train/00408828.png,0,04,learnable_hard,0.670472272,0.245,0.2115682614,normal_replay,GapCritical-Strict
RUN_205,TRIAD_069,B04_GapGuard-Raw_B3000,T,1343723075,1879155201,1349,Det/images/normal_train/00413285.png,0,08,learnable_hard,0.1535063964,0.885,0.2006435792,normal_replay,GapCritical-Strict
RUN_205,TRIAD_069,B04_GapGuard-Raw_B3000,T,1343723075,1879155201,1350,Det/images/normal_train/00920258.png,0,09,learnable_hard,0.2620559297,0.815,0.2465278397,normal_replay,GapCritical-Strict
RUN_205,TRIAD_069,B04_GapGuard-Raw_B3000,T,1343723075,1879155201,1351,Det/images/normal_train/01077713.png,0,01,learnable_hard,0.1759030645,0.875,0.2027247138,normal_replay,GapCritical-Strict
RUN_205,TRIAD_069,B04_GapGuard-Raw_B3000,T,1343723075,1879155201,1352,Det/images/normal_train/00851589.png,0,01,learnable_hard,0.5476342,0.355,0.2891834379,normal_replay,GapCritical-Strict
RUN_205,TRIAD_069,B04_GapGuard-Raw_B3000,T,1343723075,1879155201,1353,Det/images/normal_train/01272217.png,0,00,learnable_hard,0.6586701715,0.175,0.2103467134,normal_replay,GapCritical-Strict
RUN_205,TRIAD_069,B04_GapGuard-Raw_B3000,T,1343723075,1879155201,1354,Det/images/normal_train/01287014.png,0,06,learnable_hard,0.2738731598,0.77,0.2263420333,normal_replay,GapCritical-Strict
RUN_205,TRIAD_069,B04_GapGuard-Raw_B3000,T,1343723075,1879155201,1355,Det/images/normal_train/01156482.png,0,00,learnable_hard,0.3848475149,0.565,0.247785029,normal_replay,GapCritical-Strict
RUN_205,TRIAD_069,B04_GapGuard-Raw_B3000,T,1343723075,1879155201,1356,Det/images/normal_train/00583552.png,0,03,learnable_hard,0.2260707365,0.945,0.1873885136,normal_replay,GapCritical-Strict
RUN_205,TRIAD_069,B04_GapGuard-Raw_B3000,T,1343723075,1879155201,1357,Det/images/normal_train/00991540.png,0,00,learnable_hard,0.4594597695,0.465,0.2507914903,normal_replay,GapCritical-Strict
RUN_205,TRIAD_069,B04_GapGuard-Raw_B3000,T,1343723075,1879155201,1358,Det/images/normal_train/00163654.png,0,08,learnable_hard,0.598589128,0.33,0.246463584,normal_replay,GapCritical-Strict
RUN_205,TRIAD_069,B04_GapGuard-Raw_B3000,T,1343723075,1879155201,1359,Det/images/normal_train/01268405.png,0,05,learnable_hard,0.2578960824,0.865,0.2031381385,normal_replay,GapCritical-Strict
RUN_205,TRIAD_069,B04_GapGuard-Raw_B3000,T,1343723075,1879155201,1360,Det/images/normal_train/00347467.png,0,09,learnable_hard,0.3178012936,0.81,0.2224476605,normal_replay,GapCritical-Strict
RUN_205,TRIAD_069,B04_GapGuard-Raw_B3000,T,1343723075,1879155201,1361,Det/images/normal_train/01050898.png,0,08,learnable_hard,0.8046066292,0.14,0.223942097,normal_replay,GapCritical-Strict
RUN_205,TRIAD_069,B04_GapGuard-Raw_B3000,T,1343723075,1879155201,1362,Det/images/normal_train/00174924.png,0,01,learnable_hard,0.2895748337,0.74,0.2077641808,normal_replay,GapCritical-Strict
RUN_205,TRIAD_069,B04_GapGuard-Raw_B3000,T,1343723075,1879155201,1363,Det/images/normal_train/01105796.png,0,05,learnable_hard,0.2831226642,0.875,0.1902651371,normal_replay,GapCritical-Strict
RUN_205,TRIAD_069,B04_GapGuard-Raw_B3000,T,1343723075,1879155201,1364,Det/images/normal_train/00808553.png,0,03,learnable_hard,0.8447942804,0.1,0.2163257067,normal_replay,GapCritical-Strict
RUN_205,TRIAD_069,B04_GapGuard-Raw_B3000,T,1343723075,1879155201,1365,Det/images/normal_train/01104201.png,0,08,learnable_hard,0.1446973696,0.915,0.1923534563,normal_replay,GapCritical-Strict
RUN_205,TRIAD_069,B04_GapGuard-Raw_B3000,T,1343723075,1879155201,1366,Det/images/normal_train/00413651.png,0,08,learnable_hard,0.5125018884,0.325,0.2025844362,normal_replay,GapCritical-Strict
RUN_205,TRIAD_069,B04_GapGuard-Raw_B3000,T,1343723075,1879155201,1367,Det/images/normal_train/00164822.png,0,06,learnable_hard,0.4650306238,0.47,0.2416617223,normal_replay,GapCritical-Strict
RUN_205,TRIAD_069,B04_GapGuard-Raw_B3000,T,1343723075,1879155201,1368,Det/images/normal_train/00403692.png,0,03,learnable_hard,0.2322768815,0.96,0.1984513262,normal_replay,GapCritical-Strict
RUN_205,TRIAD_069,B04_GapGuard-Raw_B3000,T,1343723075,1879155201,1369,Det/images/normal_train/00578498.png,0,03,learnable_hard,0.5124831827,0.28,0.2206027266,normal_replay,GapCritical-Strict
RUN_205,TRIAD_069,B04_GapGuard-Raw_B3000,T,1343723075,1879155201,1370,Det/images/normal_train/00834887.png,0,08,learnable_hard,0.2483254804,0.885,0.1728343546,normal_replay,GapCritical-Strict
RUN_205,TRIAD_069,B04_GapGuard-Raw_B3000,T,1343723075,1879155201,1371,Det/images/normal_train/00957579.png,0,02,learnable_hard,0.3522694544,0.635,0.2403728949,normal_replay,GapCritical-Strict
RUN_205,TRIAD_069,B04_GapGuard-Raw_B3000,T,1343723075,1879155201,1372,Det/images/normal_train/00562746.png,0,08,learnable_hard,0.196750139,0.83,0.2116788218,normal_replay,GapCritical-Strict
RUN_205,TRIAD_069,B04_GapGuard-Raw_B3000,T,1343723075,1879155201,1373,Det/images/normal_train/01270160.png,0,05,learnable_hard,0.3000130141,0.905,0.1798755089,normal_replay,GapCritical-Strict
RUN_205,TRIAD_069,B04_GapGuard-Raw_B3000,T,1343723075,1879155201,1374,Det/images/normal_train/01246002.png,0,01,learnable_hard,0.7908994633,0.145,0.2062541992,normal_replay,GapCritical-Strict
RUN_205,TRIAD_069,B04_GapGuard-Raw_B3000,T,1343723075,1879155201,1375,Det/images/normal_train/00785456.png,0,04,learnable_hard,0.6081723195,0.215,0.2244170412,normal_replay,GapCritical-Strict
RUN_205,TRIAD_069,B04_GapGuard-Raw_B3000,T,1343723075,1879155201,1376,Det/images/normal_train/00985197.png,0,03,learnable_hard,0.2317966266,0.915,0.2105484841,normal_replay,GapCritical-Strict
RUN_205,TRIAD_069,B04_GapGuard-Raw_B3000,T,1343723075,1879155201,1377,Det/images/normal_train/00558044.png,0,06,learnable_hard,0.2356822484,0.845,0.2342095374,normal_replay,GapCritical-Strict
RUN_205,TRIAD_069,B04_GapGuard-Raw_B3000,T,1343723075,1879155201,1378,Det/images/normal_train/00315339.png,0,03,learnable_hard,0.2792433867,0.745,0.2324403291,normal_replay,GapCritical-Strict
RUN_205,TRIAD_069,B04_GapGuard-Raw_B3000,T,1343723075,1879155201,1379,Det/images/normal_train/00349034.png,0,00,learnable_hard,0.5698269704,0.23,0.2146751308,normal_replay,GapCritical-Strict
RUN_205,TRIAD_069,B04_GapGuard-Raw_B3000,T,1343723075,1879155201,1380,Det/images/normal_train/01015626.png,0,03,learnable_hard,0.2431313074,0.95,0.2037508916,normal_replay,GapCritical-Strict
RUN_205,TRIAD_069,B04_GapGuard-Raw_B3000,T,1343723075,1879155201,1381,Det/images/normal_train/00721434.png,0,09,learnable_hard,0.1606396247,0.895,0.1986343113,normal_replay,GapCritical-Strict
RUN_205,TRIAD_069,B04_GapGuard-Raw_B3000,T,1343723075,1879155201,1382,Det/images/normal_train/00238879.png,0,02,learnable_hard,0.1667136194,0.96,0.2026372407,normal_replay,GapCritical-Strict
RUN_205,TRIAD_069,B04_GapGuard-Raw_B3000,T,1343723075,1879155201,1383,Det/images/normal_train/01286479.png,0,00,learnable_hard,0.6939491905,0.24,0.2453322548,normal_replay,GapCritical-Strict
RUN_205,TRIAD_069,B04_GapGuard-Raw_B3000,T,1343723075,1879155201,1384,Det/images/normal_train/01168382.png,0,02,learnable_hard,0.3339693847,0.795,0.1957814439,normal_replay,GapCritical-Strict
RUN_205,TRIAD_069,B04_GapGuard-Raw_B3000,T,1343723075,1879155201,1385,Det/images/normal_train/01078881.png,0,06,learnable_hard,0.4036121,0.605,0.2152780164,normal_replay,GapCritical-Strict
RUN_205,TRIAD_069,B04_GapGuard-Raw_B3000,T,1343723075,1879155201,1386,Det/images/normal_train/00239094.png,0,09,learnable_hard,0.2898825156,0.9,0.1884052936,normal_replay,GapCritical-Strict
RUN_205,TRIAD_069,B04_GapGuard-Raw_B3000,T,1343723075,1879155201,1387,Det/images/normal_train/00835776.png,0,02,learnable_hard,0.2387573663,0.84,0.2016165666,normal_replay,GapCritical-Strict
RUN_205,TRIAD_069,B04_GapGuard-Raw_B3000,T,1343723075,1879155201,1388,Det/images/normal_train/01285860.png,0,08,learnable_hard,0.4569554323,0.515,0.1963845933,normal_replay,GapCritical-Strict
RUN_205,TRIAD_069,B04_GapGuard-Raw_B3000,T,1343723075,1879155201,1389,Det/images/normal_train/01232495.png,0,09,learnable_hard,0.1757310882,0.86,0.2065498866,normal_replay,GapCritical-Strict
RUN_205,TRIAD_069,B04_GapGuard-Raw_B3000,T,1343723075,1879155201,1390,Det/images/normal_train/01005562.png,0,09,learnable_hard,0.2572535311,0.875,0.2156295356,normal_replay,GapCritical-Strict
RUN_205,TRIAD_069,B04_GapGuard-Raw_B3000,T,1343723075,1879155201,1391,Det/images/normal_train/01287267.png,0,06,learnable_hard,0.222790271,0.915,0.1842902934,normal_replay,GapCritical-Strict
RUN_205,TRIAD_069,B04_GapGuard-Raw_B3000,T,1343723075,1879155201,1392,Det/images/normal_train/00830120.png,0,06,learnable_hard,0.1696363341,0.9,0.2050155264,normal_replay,GapCritical-Strict
RUN_205,TRIAD_069,B04_GapGuard-Raw_B3000,T,1343723075,1879155201,1393,Det/images/normal_train/00982106.png,0,00,learnable_hard,0.4520536055,0.46,0.2644521841,normal_replay,GapCritical-Strict
RUN_205,TRIAD_069,B04_GapGuard-Raw_B3000,T,1343723075,1879155201,1394,Det/images/normal_train/00239051.png,0,09,learnable_hard,0.3756661712,0.65,0.1863757525,normal_replay,GapCritical-Strict
RUN_205,TRIAD_069,B04_GapGuard-Raw_B3000,T,1343723075,1879155201,1395,Det/images/normal_train/00966642.png,0,07,learnable_hard,0.6484949636,0.22,0.1953029377,normal_replay,GapCritical-Strict
RUN_205,TRIAD_069,B04_GapGuard-Raw_B3000,T,1343723075,1879155201,1396,Det/images/normal_train/00486756.png,0,04,learnable_hard,0.5249101375,0.265,0.2174100938,normal_replay,GapCritical-Strict
RUN_205,TRIAD_069,B04_GapGuard-Raw_B3000,T,1343723075,1879155201,1397,Det/images/normal_train/00932890.png,0,07,learnable_hard,0.1936270568,0.865,0.1885437378,normal_replay,GapCritical-Strict
RUN_205,TRIAD_069,B04_GapGuard-Raw_B3000,T,1343723075,1879155201,1398,Det/images/normal_train/01271300.png,0,03,learnable_hard,0.355198329,0.715,0.188481764,normal_replay,GapCritical-Strict
RUN_205,TRIAD_069,B04_GapGuard-Raw_B3000,T,1343723075,1879155201,1399,Det/images/normal_train/00735251.png,0,07,learnable_hard,0.2737158672,0.89,0.192599522,normal_replay,GapCritical-Strict
RUN_205,TRIAD_069,B04_GapGuard-Raw_B3000,T,1343723075,1879155201,1400,Det/images/normal_train/00245966.png,0,08,learnable_hard,0.273277694,0.855,0.1944950025,normal_replay,GapCritical-Strict
RUN_205,TRIAD_069,B04_GapGuard-Raw_B3000,T,1343723075,1879155201,1401,Det/images/normal_train/00741235.png,0,07,learnable_hard,0.2967660091,0.81,0.2193543854,normal_replay,GapCritical-Strict
RUN_205,TRIAD_069,B04_GapGuard-Raw_B3000,T,1343723075,1879155201,1402,Det/images/normal_train/00650021.png,0,09,learnable_hard,0.1745316356,0.82,0.2421439007,normal_replay,GapCritical-Strict
RUN_205,TRIAD_069,B04_GapGuard-Raw_B3000,T,1343723075,1879155201,1403,Det/images/normal_train/00933695.png,0,03,learnable_hard,0.232426883,0.96,0.1924472077,normal_replay,GapCritical-Strict
RUN_205,TRIAD_069,B04_GapGuard-Raw_B3000,T,1343723075,1879155201,1404,Det/images/normal_train/00777767.png,0,08,learnable_hard,0.2941783426,0.89,0.1783837439,normal_replay,GapCritical-Strict
RUN_205,TRIAD_069,B04_GapGuard-Raw_B3000,T,1343723075,1879155201,1405,Det/images/normal_train/00636895.png,0,08,learnable_hard,0.2426784445,0.86,0.2003762897,normal_replay,GapCritical-Strict
RUN_205,TRIAD_069,B04_GapGuard-Raw_B3000,T,1343723075,1879155201,1406,Det/images/normal_train/00319171.png,0,04,learnable_hard,0.4375829189,0.545,0.2120149628,normal_replay,GapCritical-Strict
RUN_205,TRIAD_069,B04_GapGuard-Raw_B3000,T,1343723075,1879155201,1407,Det/images/normal_train/00947152.png,0,03,learnable_hard,0.643576098,0.185,0.233688235,normal_replay,GapCritical-Strict
RUN_205,TRIAD_069,B04_GapGuard-Raw_B3000,T,1343723075,1879155201,1408,Det/images/normal_train/00766000.png,0,07,learnable_hard,0.2372672232,0.86,0.2040485481,normal_replay,GapCritical-Strict
RUN_205,TRIAD_069,B04_GapGuard-Raw_B3000,T,1343723075,1879155201,1409,Det/images/normal_train/01120511.png,0,06,learnable_hard,0.2958444698,0.86,0.2163136739,normal_replay,GapCritical-Strict
RUN_205,TRIAD_069,B04_GapGuard-Raw_B3000,T,1343723075,1879155201,1410,Det/images/normal_train/00239154.png,0,09,learnable_hard,0.35418185,0.735,0.1904586288,normal_replay,GapCritical-Strict
RUN_205,TRIAD_069,B04_GapGuard-Raw_B3000,T,1343723075,1879155201,1411,Det/images/normal_train/00941876.png,0,00,learnable_hard,0.434834754,0.47,0.2618206003,normal_replay,GapCritical-Strict
RUN_205,TRIAD_069,B04_GapGuard-Raw_B3000,T,1343723075,1879155201,1412,Det/images/normal_train/00481213.png,0,01,learnable_hard,0.6035395837,0.22,0.1930868386,normal_replay,GapCritical-Strict
RUN_205,TRIAD_069,B04_GapGuard-Raw_B3000,T,1343723075,1879155201,1413,Det/images/normal_train/00761334.png,0,05,learnable_hard,0.4848631829,0.315,0.2276070137,normal_replay,GapCritical-Strict
RUN_205,TRIAD_069,B04_GapGuard-Raw_B3000,T,1343723075,1879155201,1414,Det/images/normal_train/00798927.png,0,03,learnable_hard,0.2921456038,0.95,0.1890699299,normal_replay,GapCritical-Strict
RUN_205,TRIAD_069,B04_GapGuard-Raw_B3000,T,1343723075,1879155201,1415,Det/images/normal_train/00733376.png,0,07,learnable_hard,0.3581179162,0.64,0.2324604931,normal_replay,GapCritical-Strict
RUN_205,TRIAD_069,B04_GapGuard-Raw_B3000,T,1343723075,1879155201,1416,Det/images/normal_train/00963283.png,0,05,learnable_hard,0.319197447,0.81,0.1910398232,normal_replay,GapCritical-Strict
RUN_205,TRIAD_069,B04_GapGuard-Raw_B3000,T,1343723075,1879155201,1417,Det/images/normal_train/00787018.png,0,09,learnable_hard,0.1946600227,0.87,0.2068268693,normal_replay,GapCritical-Strict
RUN_205,TRIAD_069,B04_GapGuard-Raw_B3000,T,1343723075,1879155201,1418,Det/images/normal_train/00780916.png,0,00,learnable_hard,0.3494794137,0.67,0.2062502646,normal_replay,GapCritical-Strict
RUN_205,TRIAD_069,B04_GapGuard-Raw_B3000,T,1343723075,1879155201,1419,Det/images/normal_train/00920077.png,0,09,learnable_hard,0.545687091,0.305,0.1937799522,normal_replay,GapCritical-Strict
RUN_205,TRIAD_069,B04_GapGuard-Raw_B3000,T,1343723075,1879155201,1420,Det/images/normal_train/00240690.png,0,07,learnable_hard,0.4145990283,0.51,0.2174029707,normal_replay,GapCritical-Strict
RUN_205,TRIAD_069,B04_GapGuard-Raw_B3000,T,1343723075,1879155201,1421,Det/images/normal_train/00220033.png,0,04,learnable_hard,0.4795713292,0.455,0.2292050265,normal_replay,GapCritical-Strict
RUN_205,TRIAD_069,B04_GapGuard-Raw_B3000,T,1343723075,1879155201,1422,Det/images/normal_train/00585742.png,0,05,learnable_hard,0.2148960343,0.89,0.1915166457,normal_replay,GapCritical-Strict
RUN_205,TRIAD_069,B04_GapGuard-Raw_B3000,T,1343723075,1879155201,1423,Det/images/normal_train/01148160.png,0,04,learnable_hard,0.2978828233,0.85,0.1903117884,normal_replay,GapCritical-Strict
RUN_205,TRIAD_069,B04_GapGuard-Raw_B3000,T,1343723075,1879155201,1424,Det/images/normal_train/00237496.png,0,06,learnable_hard,0.3675494608,0.575,0.2250712281,normal_replay,GapCritical-Strict
RUN_205,TRIAD_069,B04_GapGuard-Raw_B3000,T,1343723075,1879155201,1425,Det/images/normal_train/01006195.png,0,05,learnable_hard,0.3080344463,0.795,0.1787494546,normal_replay,GapCritical-Strict
RUN_205,TRIAD_069,B04_GapGuard-Raw_B3000,T,1343723075,1879155201,1426,Det/images/normal_train/00958841.png,0,05,learnable_hard,0.2368914248,0.92,0.189821886,normal_replay,GapCritical-Strict
RUN_205,TRIAD_069,B04_GapGuard-Raw_B3000,T,1343723075,1879155201,1427,Det/images/normal_train/00385557.png,0,06,learnable_hard,0.3492931516,0.7,0.2110903824,normal_replay,GapCritical-Strict
RUN_205,TRIAD_069,B04_GapGuard-Raw_B3000,T,1343723075,1879155201,1428,Det/images/normal_train/00650870.png,0,09,learnable_hard,0.2278841651,0.925,0.2132420947,normal_replay,GapCritical-Strict
RUN_205,TRIAD_069,B04_GapGuard-Raw_B3000,T,1343723075,1879155201,1429,Det/images/normal_train/00566368.png,0,07,learnable_hard,0.3281394451,0.77,0.2354366357,normal_replay,GapCritical-Strict
RUN_205,TRIAD_069,B04_GapGuard-Raw_B3000,T,1343723075,1879155201,1430,Det/images/normal_train/00766449.png,0,07,learnable_hard,0.1631123158,0.88,0.1967356585,normal_replay,GapCritical-Strict
RUN_205,TRIAD_069,B04_GapGuard-Raw_B3000,T,1343723075,1879155201,1431,Det/images/normal_train/01006152.png,0,05,learnable_hard,0.2598967906,0.92,0.1894604201,normal_replay,GapCritical-Strict
RUN_205,TRIAD_069,B04_GapGuard-Raw_B3000,T,1343723075,1879155201,1432,Det/images/normal_train/01201043.png,0,00,learnable_hard,0.5271908318,0.315,0.2632222075,normal_replay,GapCritical-Strict
RUN_205,TRIAD_069,B04_GapGuard-Raw_B3000,T,1343723075,1879155201,1433,Det/images/normal_train/00282015.png,0,04,learnable_hard,0.3116150319,0.755,0.1916390974,normal_replay,GapCritical-Strict
RUN_205,TRIAD_069,B04_GapGuard-Raw_B3000,T,1343723075,1879155201,1434,Det/images/normal_train/01226402.png,0,00,learnable_hard,0.7963298931,0.155,0.2586736878,normal_replay,GapCritical-Strict
RUN_205,TRIAD_069,B04_GapGuard-Raw_B3000,T,1343723075,1879155201,1435,Det/images/normal_train/00993422.png,0,04,learnable_hard,0.3717700972,0.525,0.2240873819,normal_replay,GapCritical-Strict
RUN_205,TRIAD_069,B04_GapGuard-Raw_B3000,T,1343723075,1879155201,1436,Det/images/normal_train/00678359.png,0,06,learnable_hard,0.3797124851,0.6,0.2051374442,normal_replay,GapCritical-Strict
RUN_205,TRIAD_069,B04_GapGuard-Raw_B3000,T,1343723075,1879155201,1437,Det/images/normal_train/00558889.png,0,06,learnable_hard,0.2763297456,0.795,0.2262219222,normal_replay,GapCritical-Strict
RUN_205,TRIAD_069,B04_GapGuard-Raw_B3000,T,1343723075,1879155201,1438,Det/images/normal_train/00887383.png,0,01,learnable_hard,0.2211512752,0.97,0.1732776502,normal_replay,GapCritical-Strict
RUN_205,TRIAD_069,B04_GapGuard-Raw_B3000,T,1343723075,1879155201,1439,Det/images/normal_train/00208392.png,0,01,learnable_hard,0.2631768412,0.91,0.1679439801,normal_replay,GapCritical-Strict
RUN_205,TRIAD_069,B04_GapGuard-Raw_B3000,T,1343723075,1879155201,1440,Det/images/normal_train/00373467.png,0,03,learnable_hard,0.3416985527,0.7,0.2199070967,normal_replay,GapCritical-Strict
RUN_205,TRIAD_069,B04_GapGuard-Raw_B3000,T,1343723075,1879155201,1441,Det/images/normal_train/00164839.png,0,06,learnable_hard,0.4757331607,0.465,0.2468506513,normal_replay,GapCritical-Strict
RUN_205,TRIAD_069,B04_GapGuard-Raw_B3000,T,1343723075,1879155201,1442,Det/images/normal_train/00421966.png,0,09,learnable_hard,0.3249238737,0.82,0.2129714852,normal_replay,GapCritical-Strict
RUN_205,TRIAD_069,B04_GapGuard-Raw_B3000,T,1343723075,1879155201,1443,Det/images/normal_train/00853733.png,0,00,learnable_hard,0.5698074387,0.36,0.2618789935,normal_replay,GapCritical-Strict
RUN_205,TRIAD_069,B04_GapGuard-Raw_B3000,T,1343723075,1879155201,1444,Det/images/normal_train/00163190.png,0,08,learnable_hard,0.7379968655,0.205,0.2038856744,normal_replay,GapCritical-Strict
RUN_205,TRIAD_069,B04_GapGuard-Raw_B3000,T,1343723075,1879155201,1445,Det/images/normal_train/00904863.png,0,06,learnable_hard,0.2099901568,0.84,0.2158553754,normal_replay,GapCritical-Strict
RUN_205,TRIAD_069,B04_GapGuard-Raw_B3000,T,1343723075,1879155201,1446,Det/images/normal_train/01288350.png,0,07,learnable_hard,0.255482323,0.89,0.2082393903,normal_replay,GapCritical-Strict
RUN_205,TRIAD_069,B04_GapGuard-Raw_B3000,T,1343723075,1879155201,1447,Det/images/normal_train/00620593.png,0,06,learnable_hard,0.242168402,0.84,0.1978809904,normal_replay,GapCritical-Strict
RUN_205,TRIAD_069,B04_GapGuard-Raw_B3000,T,1343723075,1879155201,1448,Det/images/normal_train/00630647.png,0,03,learnable_hard,0.254901764,0.89,0.182489964,normal_replay,GapCritical-Strict
RUN_205,TRIAD_069,B04_GapGuard-Raw_B3000,T,1343723075,1879155201,1449,Det/images/normal_train/00921007.png,0,02,learnable_hard,0.32684756,0.69,0.2245477941,normal_replay,GapCritical-Strict
RUN_205,TRIAD_069,B04_GapGuard-Raw_B3000,T,1343723075,1879155201,1450,Det/images/normal_train/00473042.png,0,06,learnable_hard,0.3226357684,0.74,0.2235811121,normal_replay,GapCritical-Strict
RUN_205,TRIAD_069,B04_GapGuard-Raw_B3000,T,1343723075,1879155201,1451,Det/images/normal_train/00504944.png,0,03,learnable_hard,0.3852702944,0.595,0.203577075,normal_replay,GapCritical-Strict
RUN_205,TRIAD_069,B04_GapGuard-Raw_B3000,T,1343723075,1879155201,1452,Det/images/normal_train/01127277.png,0,06,learnable_hard,0.2745321851,0.815,0.2000954874,normal_replay,GapCritical-Strict
RUN_205,TRIAD_069,B04_GapGuard-Raw_B3000,T,1343723075,1879155201,1453,Det/images/normal_train/00783560.png,0,01,learnable_hard,0.2285681195,0.82,0.2227529325,normal_replay,GapCritical-Strict
RUN_205,TRIAD_069,B04_GapGuard-Raw_B3000,T,1343723075,1879155201,1454,Det/images/normal_train/01095477.png,0,01,learnable_hard,0.5712007947,0.24,0.2097081731,normal_replay,GapCritical-Strict
RUN_205,TRIAD_069,B04_GapGuard-Raw_B3000,T,1343723075,1879155201,1455,Det/images/normal_train/01201058.png,0,00,learnable_hard,0.3087572943,0.665,0.2659183545,normal_replay,GapCritical-Strict
RUN_205,TRIAD_069,B04_GapGuard-Raw_B3000,T,1343723075,1879155201,1456,Det/images/normal_train/00168270.png,0,07,learnable_hard,0.2164089231,0.955,0.191887173,normal_replay,GapCritical-Strict
RUN_205,TRIAD_069,B04_GapGuard-Raw_B3000,T,1343723075,1879155201,1457,Det/images/normal_train/00713221.png,0,06,learnable_hard,0.6899911438,0.14,0.2507506674,normal_replay,GapCritical-Strict
RUN_205,TRIAD_069,B04_GapGuard-Raw_B3000,T,1343723075,1879155201,1458,Det/images/normal_train/00561276.png,0,09,learnable_hard,0.1388462068,0.92,0.193340822,normal_replay,GapCritical-Strict
RUN_205,TRIAD_069,B04_GapGuard-Raw_B3000,T,1343723075,1879155201,1459,Det/images/normal_train/00979188.png,0,05,learnable_hard,0.3382390279,0.64,0.2139530458,normal_replay,GapCritical-Strict
RUN_205,TRIAD_069,B04_GapGuard-Raw_B3000,T,1343723075,1879155201,1460,Det/images/normal_train/00623999.png,0,08,learnable_hard,0.5109097995,0.37,0.1902225872,normal_replay,GapCritical-Strict
RUN_205,TRIAD_069,B04_GapGuard-Raw_B3000,T,1343723075,1879155201,1461,Det/images/normal_train/00961275.png,0,07,learnable_hard,0.283575979,0.875,0.2042696212,normal_replay,GapCritical-Strict
RUN_205,TRIAD_069,B04_GapGuard-Raw_B3000,T,1343723075,1879155201,1462,Det/images/normal_train/00375305.png,0,04,learnable_hard,0.4534887439,0.44,0.2518743507,normal_replay,GapCritical-Strict
RUN_205,TRIAD_069,B04_GapGuard-Raw_B3000,T,1343723075,1879155201,1463,Det/images/normal_train/00845838.png,0,04,learnable_hard,0.2394309046,0.865,0.2041677598,normal_replay,GapCritical-Strict
RUN_205,TRIAD_069,B04_GapGuard-Raw_B3000,T,1343723075,1879155201,1464,Det/images/normal_train/01197731.png,0,06,learnable_hard,0.3336649893,0.86,0.2158101525,normal_replay,GapCritical-Strict
RUN_205,TRIAD_069,B04_GapGuard-Raw_B3000,T,1343723075,1879155201,1465,Det/images/normal_train/01211224.png,0,04,learnable_hard,0.5550924571,0.3,0.2140591172,normal_replay,GapCritical-Strict
RUN_205,TRIAD_069,B04_GapGuard-Raw_B3000,T,1343723075,1879155201,1466,Det/images/normal_train/00881728.png,0,08,learnable_hard,0.1506333426,0.895,0.2037303969,normal_replay,GapCritical-Strict
RUN_205,TRIAD_069,B04_GapGuard-Raw_B3000,T,1343723075,1879155201,1467,Det/images/normal_train/00584725.png,0,05,learnable_hard,0.315432771,0.735,0.1906224538,normal_replay,GapCritical-Strict
RUN_205,TRIAD_069,B04_GapGuard-Raw_B3000,T,1343723075,1879155201,1468,Det/images/normal_train/00754865.png,0,09,learnable_hard,0.2667897209,0.835,0.2407417806,normal_replay,GapCritical-Strict
RUN_205,TRIAD_069,B04_GapGuard-Raw_B3000,T,1343723075,1879155201,1469,Det/images/normal_train/00574898.png,0,03,learnable_hard,0.3788820135,0.615,0.1993531146,normal_replay,GapCritical-Strict
RUN_205,TRIAD_069,B04_GapGuard-Raw_B3000,T,1343723075,1879155201,1470,Det/images/normal_train/01260641.png,0,05,learnable_hard,0.2523638009,0.865,0.2202920216,normal_replay,GapCritical-Strict
RUN_205,TRIAD_069,B04_GapGuard-Raw_B3000,T,1343723075,1879155201,1471,Det/images/normal_train/00400048.png,0,04,learnable_hard,0.1982059365,0.945,0.1844345734,normal_replay,GapCritical-Strict
RUN_205,TRIAD_069,B04_GapGuard-Raw_B3000,T,1343723075,1879155201,1472,Det/images/normal_train/00945248.png,0,08,learnable_hard,0.7661068852,0.08,0.2155333436,normal_replay,GapCritical-Strict
RUN_205,TRIAD_069,B04_GapGuard-Raw_B3000,T,1343723075,1879155201,1473,Det/images/normal_train/00445081.png,0,08,learnable_hard,0.230006236,0.925,0.1911919363,normal_replay,GapCritical-Strict
RUN_205,TRIAD_069,B04_GapGuard-Raw_B3000,T,1343723075,1879155201,1474,Det/images/normal_train/00623858.png,0,08,learnable_hard,0.2356605485,0.795,0.2497188325,normal_replay,GapCritical-Strict
RUN_205,TRIAD_069,B04_GapGuard-Raw_B3000,T,1343723075,1879155201,1475,Det/images/normal_train/00786397.png,0,03,learnable_hard,0.2136134986,0.965,0.1959614695,normal_replay,GapCritical-Strict
RUN_205,TRIAD_069,B04_GapGuard-Raw_B3000,T,1343723075,1879155201,1476,Det/images/normal_train/00856914.png,0,08,learnable_hard,0.1846026881,0.885,0.2466732724,normal_replay,GapCritical-Strict
RUN_205,TRIAD_069,B04_GapGuard-Raw_B3000,T,1343723075,1879155201,1477,Det/images/normal_train/00311616.png,0,01,learnable_hard,0.3451798586,0.75,0.2117934183,normal_replay,GapCritical-Strict
RUN_205,TRIAD_069,B04_GapGuard-Raw_B3000,T,1343723075,1879155201,1478,Det/images/normal_train/00178003.png,0,02,learnable_hard,0.1912858638,0.925,0.1980885865,normal_replay,GapCritical-Strict
RUN_205,TRIAD_069,B04_GapGuard-Raw_B3000,T,1343723075,1879155201,1479,Det/images/normal_train/00842743.png,0,06,learnable_hard,0.2456958546,0.84,0.2581286257,normal_replay,GapCritical-Strict
RUN_205,TRIAD_069,B04_GapGuard-Raw_B3000,T,1343723075,1879155201,1480,Det/images/normal_train/00749371.png,0,03,learnable_hard,0.178810503,0.895,0.1947217196,normal_replay,GapCritical-Strict
RUN_205,TRIAD_069,B04_GapGuard-Raw_B3000,T,1343723075,1879155201,1481,Det/images/normal_train/01293697.png,0,08,learnable_hard,0.2852470943,0.93,0.192409959,normal_replay,GapCritical-Strict
RUN_205,TRIAD_069,B04_GapGuard-Raw_B3000,T,1343723075,1879155201,1482,Det/images/normal_train/00941256.png,0,00,learnable_hard,0.4806192133,0.45,0.2443642835,normal_replay,GapCritical-Strict
RUN_205,TRIAD_069,B04_GapGuard-Raw_B3000,T,1343723075,1879155201,1483,Det/images/normal_train/00818726.png,0,02,learnable_hard,0.3995331346,0.545,0.2073111008,normal_replay,GapCritical-Strict
RUN_205,TRIAD_069,B04_GapGuard-Raw_B3000,T,1343723075,1879155201,1484,Det/images/normal_train/01227130.png,0,08,learnable_hard,0.2556115729,0.855,0.2073944318,normal_replay,GapCritical-Strict
RUN_205,TRIAD_069,B04_GapGuard-Raw_B3000,T,1343723075,1879155201,1485,Det/images/normal_train/00457967.png,0,09,learnable_hard,0.2126663855,0.945,0.1988927666,normal_replay,GapCritical-Strict
RUN_205,TRIAD_069,B04_GapGuard-Raw_B3000,T,1343723075,1879155201,1486,Det/images/normal_train/01027679.png,0,08,learnable_hard,0.491806673,0.37,0.216602565,normal_replay,GapCritical-Strict
RUN_205,TRIAD_069,B04_GapGuard-Raw_B3000,T,1343723075,1879155201,1487,Det/images/normal_train/00282470.png,0,04,learnable_hard,0.5260356081,0.54,0.251695873,normal_replay,GapCritical-Strict
RUN_205,TRIAD_069,B04_GapGuard-Raw_B3000,T,1343723075,1879155201,1488,Det/images/normal_train/00558892.png,0,06,learnable_hard,0.1935694233,0.895,0.2151792515,normal_replay,GapCritical-Strict
RUN_205,TRIAD_069,B04_GapGuard-Raw_B3000,T,1343723075,1879155201,1489,Det/images/normal_train/00187574.png,0,03,learnable_hard,0.3269760882,0.74,0.1950269139,normal_replay,GapCritical-Strict
RUN_205,TRIAD_069,B04_GapGuard-Raw_B3000,T,1343723075,1879155201,1490,Det/images/normal_train/00591066.png,0,07,learnable_hard,0.2617428557,0.78,0.2221955337,normal_replay,GapCritical-Strict
RUN_205,TRIAD_069,B04_GapGuard-Raw_B3000,T,1343723075,1879155201,1491,Det/images/normal_train/00577476.png,0,05,learnable_hard,0.2172436768,0.91,0.1892528519,normal_replay,GapCritical-Strict
RUN_205,TRIAD_069,B04_GapGuard-Raw_B3000,T,1343723075,1879155201,1492,Det/images/normal_train/00831173.png,0,00,learnable_hard,0.1883537563,0.855,0.2046727355,normal_replay,GapCritical-Strict
RUN_205,TRIAD_069,B04_GapGuard-Raw_B3000,T,1343723075,1879155201,1493,Det/images/normal_train/00367519.png,0,04,learnable_hard,0.4437219201,0.465,0.1951034476,normal_replay,GapCritical-Strict
RUN_205,TRIAD_069,B04_GapGuard-Raw_B3000,T,1343723075,1879155201,1494,Det/images/normal_train/00881712.png,0,08,learnable_hard,0.1346267141,0.94,0.1842552253,normal_replay,GapCritical-Strict
RUN_205,TRIAD_069,B04_GapGuard-Raw_B3000,T,1343723075,1879155201,1495,Det/images/normal_train/00172070.png,0,05,learnable_hard,0.2565206544,0.8,0.2058122254,normal_replay,GapCritical-Strict
RUN_205,TRIAD_069,B04_GapGuard-Raw_B3000,T,1343723075,1879155201,1496,Det/images/normal_train/01268290.png,0,05,learnable_hard,0.1405453943,0.89,0.1963126995,normal_replay,GapCritical-Strict
RUN_205,TRIAD_069,B04_GapGuard-Raw_B3000,T,1343723075,1879155201,1497,Det/images/normal_train/01258615.png,0,03,learnable_hard,0.6905786825,0.12,0.2058351996,normal_replay,GapCritical-Strict
RUN_205,TRIAD_069,B04_GapGuard-Raw_B3000,T,1343723075,1879155201,1498,Det/images/normal_train/01222729.png,0,07,learnable_hard,0.3874006399,0.54,0.2114847361,normal_replay,GapCritical-Strict
RUN_205,TRIAD_069,B04_GapGuard-Raw_B3000,T,1343723075,1879155201,1499,Det/images/normal_train/00585749.png,0,05,learnable_hard,0.7454047287,0.16,0.208123495,normal_replay,GapCritical-Strict
RUN_205,TRIAD_069,B04_GapGuard-Raw_B3000,T,1343723075,1879155201,1500,Det/images/normal_train/01053741.png,0,05,learnable_hard,0.260750852,0.94,0.2056621531,normal_replay,GapCritical-Strict
RUN_205,TRIAD_069,B04_GapGuard-Raw_B3000,T,1343723075,1879155201,1501,Det/images/normal_train/00844625.png,0,00,learnable_hard,0.261158733,0.95,0.1865565817,normal_replay,GapCritical-Strict
RUN_205,TRIAD_069,B04_GapGuard-Raw_B3000,T,1343723075,1879155201,1502,Det/images/normal_train/00931226.png,0,02,learnable_hard,0.5998430221,0.22,0.2453871264,normal_replay,GapCritical-Strict
RUN_205,TRIAD_069,B04_GapGuard-Raw_B3000,T,1343723075,1879155201,1503,Det/images/normal_train/01168846.png,0,02,learnable_hard,0.4437399478,0.545,0.2000332677,normal_replay,GapCritical-Strict
RUN_205,TRIAD_069,B04_GapGuard-Raw_B3000,T,1343723075,1879155201,1504,Det/images/normal_train/00250320.png,0,09,learnable_hard,0.2704473892,0.855,0.1847860719,normal_replay,GapCritical-Strict
RUN_205,TRIAD_069,B04_GapGuard-Raw_B3000,T,1343723075,1879155201,1505,Det/images/normal_train/01164689.png,0,08,learnable_hard,0.5691497957,0.21,0.2141090464,normal_replay,GapCritical-Strict
RUN_205,TRIAD_069,B04_GapGuard-Raw_B3000,T,1343723075,1879155201,1506,Det/images/normal_train/00426397.png,0,00,learnable_hard,0.7423126983,0.235,0.2323628781,normal_replay,GapCritical-Strict
RUN_205,TRIAD_069,B04_GapGuard-Raw_B3000,T,1343723075,1879155201,1507,Det/images/normal_train/01240650.png,0,03,learnable_hard,0.1913701051,0.97,0.188410195,normal_replay,GapCritical-Strict
RUN_205,TRIAD_069,B04_GapGuard-Raw_B3000,T,1343723075,1879155201,1508,Det/images/normal_train/00175044.png,0,06,learnable_hard,0.2234981187,0.745,0.2253680366,normal_replay,GapCritical-Strict
RUN_205,TRIAD_069,B04_GapGuard-Raw_B3000,T,1343723075,1879155201,1509,Det/images/normal_train/00773485.png,0,01,learnable_hard,0.1899872391,0.94,0.1730598513,normal_replay,GapCritical-Strict
RUN_205,TRIAD_069,B04_GapGuard-Raw_B3000,T,1343723075,1879155201,1510,Det/images/normal_train/01009127.png,0,07,learnable_hard,0.2895370123,0.82,0.2051268233,normal_replay,GapCritical-Strict
RUN_205,TRIAD_069,B04_GapGuard-Raw_B3000,T,1343723075,1879155201,1511,Det/images/normal_train/00782617.png,0,02,learnable_hard,0.2529110574,0.865,0.2075878712,normal_replay,GapCritical-Strict
RUN_205,TRIAD_069,B04_GapGuard-Raw_B3000,T,1343723075,1879155201,1512,Det/images/normal_train/00289675.png,0,07,learnable_hard,0.1954659563,0.97,0.1885918771,normal_replay,GapCritical-Strict
RUN_205,TRIAD_069,B04_GapGuard-Raw_B3000,T,1343723075,1879155201,1513,Det/images/normal_train/00565000.png,0,04,learnable_hard,0.4901629356,0.435,0.1883414208,normal_replay,GapCritical-Strict
RUN_205,TRIAD_069,B04_GapGuard-Raw_B3000,T,1343723075,1879155201,1514,Det/images/normal_train/00684176.png,0,09,learnable_hard,0.2346540312,0.92,0.1802594084,normal_replay,GapCritical-Strict
RUN_205,TRIAD_069,B04_GapGuard-Raw_B3000,T,1343723075,1879155201,1515,Det/images/normal_train/00382906.png,0,00,learnable_hard,0.4548846646,0.49,0.2552060117,normal_replay,GapCritical-Strict
RUN_205,TRIAD_069,B04_GapGuard-Raw_B3000,T,1343723075,1879155201,1516,Det/images/normal_train/00976957.png,0,04,learnable_hard,0.264667844,0.975,0.198780043,normal_replay,GapCritical-Strict
RUN_205,TRIAD_069,B04_GapGuard-Raw_B3000,T,1343723075,1879155201,1517,Det/images/normal_train/01101293.png,0,00,learnable_hard,0.3848892374,0.605,0.2071329216,normal_replay,GapCritical-Strict
RUN_205,TRIAD_069,B04_GapGuard-Raw_B3000,T,1343723075,1879155201,1518,Det/images/normal_train/00314070.png,0,05,learnable_hard,0.5208928188,0.395,0.1917214494,normal_replay,GapCritical-Strict
RUN_205,TRIAD_069,B04_GapGuard-Raw_B3000,T,1343723075,1879155201,1519,Det/images/normal_train/00161946.png,0,03,learnable_hard,0.3875623646,0.56,0.2326188978,normal_replay,GapCritical-Strict
RUN_205,TRIAD_069,B04_GapGuard-Raw_B3000,T,1343723075,1879155201,1520,Det/images/normal_train/00226422.png,0,08,learnable_hard,0.2772107274,0.915,0.1853177454,normal_replay,GapCritical-Strict
RUN_205,TRIAD_069,B04_GapGuard-Raw_B3000,T,1343723075,1879155201,1521,Det/images/normal_train/01230964.png,0,01,learnable_hard,0.3048027051,0.86,0.1776706442,normal_replay,GapCritical-Strict
RUN_205,TRIAD_069,B04_GapGuard-Raw_B3000,T,1343723075,1879155201,1522,Det/images/normal_train/00392722.png,0,08,learnable_hard,0.2354280983,0.895,0.1815066952,normal_replay,GapCritical-Strict
RUN_205,TRIAD_069,B04_GapGuard-Raw_B3000,T,1343723075,1879155201,1523,Det/images/normal_train/00739036.png,0,00,learnable_hard,0.3271511641,0.685,0.2147774122,normal_replay,GapCritical-Strict
RUN_205,TRIAD_069,B04_GapGuard-Raw_B3000,T,1343723075,1879155201,1524,Det/images/normal_train/01201083.png,0,00,learnable_hard,0.3999029002,0.63,0.2292146357,normal_replay,GapCritical-Strict
RUN_205,TRIAD_069,B04_GapGuard-Raw_B3000,T,1343723075,1879155201,1525,Det/images/normal_train/00974601.png,0,05,learnable_hard,0.2392357596,0.865,0.2182322776,normal_replay,GapCritical-Strict
RUN_205,TRIAD_069,B04_GapGuard-Raw_B3000,T,1343723075,1879155201,1526,Det/images/normal_train/00184739.png,0,05,learnable_hard,0.1867468546,0.92,0.1945439991,normal_replay,GapCritical-Strict
RUN_205,TRIAD_069,B04_GapGuard-Raw_B3000,T,1343723075,1879155201,1527,Det/images/normal_train/01036249.png,0,01,learnable_hard,0.1794950488,0.97,0.1963560018,normal_replay,GapCritical-Strict
RUN_205,TRIAD_069,B04_GapGuard-Raw_B3000,T,1343723075,1879155201,1528,Det/images/normal_train/01147544.png,0,07,learnable_hard,0.2235453581,0.945,0.2026312401,normal_replay,GapCritical-Strict
RUN_205,TRIAD_069,B04_GapGuard-Raw_B3000,T,1343723075,1879155201,1529,Det/images/normal_train/01071577.png,0,04,learnable_hard,0.7190864144,0.165,0.2278883912,normal_replay,GapCritical-Strict
RUN_205,TRIAD_069,B04_GapGuard-Raw_B3000,T,1343723075,1879155201,1530,Det/images/normal_train/00346501.png,0,07,learnable_hard,0.1948343441,0.965,0.1843858379,normal_replay,GapCritical-Strict
RUN_205,TRIAD_069,B04_GapGuard-Raw_B3000,T,1343723075,1879155201,1531,Det/images/normal_train/01165930.png,0,06,learnable_hard,0.2610690498,0.91,0.2132182731,normal_replay,GapCritical-Strict
RUN_205,TRIAD_069,B04_GapGuard-Raw_B3000,T,1343723075,1879155201,1532,Det/images/normal_train/01214349.png,0,00,learnable_hard,0.3012061208,0.845,0.1898808932,normal_replay,GapCritical-Strict
RUN_205,TRIAD_069,B04_GapGuard-Raw_B3000,T,1343723075,1879155201,1533,Det/images/normal_train/01070408.png,0,06,learnable_hard,0.641702079,0.255,0.204201109,normal_replay,GapCritical-Strict
RUN_205,TRIAD_069,B04_GapGuard-Raw_B3000,T,1343723075,1879155201,1534,Det/images/normal_train/00614099.png,0,05,learnable_hard,0.3715242476,0.61,0.2123105323,normal_replay,GapCritical-Strict
RUN_205,TRIAD_069,B04_GapGuard-Raw_B3000,T,1343723075,1879155201,1535,Det/images/normal_train/00984831.png,0,02,learnable_hard,0.2704728708,0.825,0.2174923964,normal_replay,GapCritical-Strict
RUN_205,TRIAD_069,B04_GapGuard-Raw_B3000,T,1343723075,1879155201,1536,Det/images/normal_train/00579463.png,0,05,learnable_hard,0.8486155992,0.11,0.2405383244,normal_replay,GapCritical-Strict
RUN_205,TRIAD_069,B04_GapGuard-Raw_B3000,T,1343723075,1879155201,1537,Det/images/normal_train/00447393.png,0,05,learnable_hard,0.3059543857,0.845,0.1940040099,normal_replay,GapCritical-Strict
RUN_205,TRIAD_069,B04_GapGuard-Raw_B3000,T,1343723075,1879155201,1538,Det/images/normal_train/00282742.png,0,04,learnable_hard,0.1929040912,0.86,0.2212402132,normal_replay,GapCritical-Strict
RUN_205,TRIAD_069,B04_GapGuard-Raw_B3000,T,1343723075,1879155201,1539,Det/images/normal_train/00733044.png,0,07,learnable_hard,0.3046490169,0.8,0.2255868048,normal_replay,GapCritical-Strict
RUN_205,TRIAD_069,B04_GapGuard-Raw_B3000,T,1343723075,1879155201,1540,Det/images/normal_train/00685738.png,0,08,learnable_hard,0.8251237103,0.12,0.2280645841,normal_replay,GapCritical-Strict
RUN_205,TRIAD_069,B04_GapGuard-Raw_B3000,T,1343723075,1879155201,1541,Det/images/normal_train/01131718.png,0,01,learnable_hard,0.3759547821,0.665,0.2116943159,normal_replay,GapCritical-Strict
RUN_205,TRIAD_069,B04_GapGuard-Raw_B3000,T,1343723075,1879155201,1542,Det/images/normal_train/00442998.png,0,07,learnable_hard,0.2343949491,0.975,0.1744598684,normal_replay,GapCritical-Strict
RUN_205,TRIAD_069,B04_GapGuard-Raw_B3000,T,1343723075,1879155201,1543,Det/images/normal_train/00460032.png,0,09,learnable_hard,0.2602109033,0.975,0.1821854557,normal_replay,GapCritical-Strict
RUN_205,TRIAD_069,B04_GapGuard-Raw_B3000,T,1343723075,1879155201,1544,Det/images/normal_train/01147951.png,0,07,learnable_hard,0.2579977715,0.71,0.2259501152,normal_replay,GapCritical-Strict
RUN_205,TRIAD_069,B04_GapGuard-Raw_B3000,T,1343723075,1879155201,1545,Det/images/normal_train/00766001.png,0,07,learnable_hard,0.2109045882,0.915,0.1919936847,normal_replay,GapCritical-Strict
RUN_205,TRIAD_069,B04_GapGuard-Raw_B3000,T,1343723075,1879155201,1546,Det/images/normal_train/01281402.png,0,05,learnable_hard,0.2664779646,0.92,0.1993803904,normal_replay,GapCritical-Strict
RUN_205,TRIAD_069,B04_GapGuard-Raw_B3000,T,1343723075,1879155201,1547,Det/images/normal_train/01276011.png,0,01,learnable_hard,0.658568111,0.155,0.2367595709,normal_replay,GapCritical-Strict
RUN_205,TRIAD_069,B04_GapGuard-Raw_B3000,T,1343723075,1879155201,1548,Det/images/normal_train/00295510.png,0,03,learnable_hard,0.2877554678,0.965,0.2023469145,normal_replay,GapCritical-Strict
RUN_205,TRIAD_069,B04_GapGuard-Raw_B3000,T,1343723075,1879155201,1549,Det/images/normal_train/01026629.png,0,07,learnable_hard,0.4660278855,0.445,0.2390144104,normal_replay,GapCritical-Strict
RUN_205,TRIAD_069,B04_GapGuard-Raw_B3000,T,1343723075,1879155201,1550,Det/images/normal_train/00487279.png,0,01,learnable_hard,0.1658374456,0.99,0.185042967,normal_replay,GapCritical-Strict
RUN_205,TRIAD_069,B04_GapGuard-Raw_B3000,T,1343723075,1879155201,1551,Det/images/normal_train/01141461.png,0,08,learnable_hard,0.2242964899,0.875,0.1874516951,normal_replay,GapCritical-Strict
RUN_205,TRIAD_069,B04_GapGuard-Raw_B3000,T,1343723075,1879155201,1552,Det/images/normal_train/01222767.png,0,07,learnable_hard,0.3913033193,0.74,0.1858866077,normal_replay,GapCritical-Strict
RUN_205,TRIAD_069,B04_GapGuard-Raw_B3000,T,1343723075,1879155201,1553,Det/images/normal_train/00543590.png,0,06,learnable_hard,0.264701345,0.765,0.2507627092,normal_replay,GapCritical-Strict
RUN_205,TRIAD_069,B04_GapGuard-Raw_B3000,T,1343723075,1879155201,1554,Det/images/normal_train/00951582.png,0,08,learnable_hard,0.4510676249,0.555,0.1944295003,normal_replay,GapCritical-Strict
RUN_205,TRIAD_069,B04_GapGuard-Raw_B3000,T,1343723075,1879155201,1555,Det/images/normal_train/00516895.png,0,04,learnable_hard,0.5997884885,0.24,0.2300220977,normal_replay,GapCritical-Strict
RUN_205,TRIAD_069,B04_GapGuard-Raw_B3000,T,1343723075,1879155201,1556,Det/images/normal_train/00362303.png,0,08,learnable_hard,0.1822845823,0.955,0.1690088387,normal_replay,GapCritical-Strict
RUN_205,TRIAD_069,B04_GapGuard-Raw_B3000,T,1343723075,1879155201,1557,Det/images/normal_train/00343188.png,0,02,learnable_hard,0.4283029242,0.595,0.2220362149,normal_replay,GapCritical-Strict
RUN_205,TRIAD_069,B04_GapGuard-Raw_B3000,T,1343723075,1879155201,1558,Det/images/normal_train/00705772.png,0,04,learnable_hard,0.3503201043,0.665,0.2222317853,normal_replay,GapCritical-Strict
RUN_205,TRIAD_069,B04_GapGuard-Raw_B3000,T,1343723075,1879155201,1559,Det/images/normal_train/01281665.png,0,05,learnable_hard,0.2110838743,0.94,0.1864644353,normal_replay,GapCritical-Strict
RUN_205,TRIAD_069,B04_GapGuard-Raw_B3000,T,1343723075,1879155201,1560,Det/images/normal_train/01216503.png,0,01,learnable_hard,0.4808286161,0.465,0.1976102973,normal_replay,GapCritical-Strict
RUN_205,TRIAD_069,B04_GapGuard-Raw_B3000,T,1343723075,1879155201,1561,Det/images/normal_train/00667538.png,0,03,learnable_hard,0.6516744629,0.31,0.2212907565,normal_replay,GapCritical-Strict
RUN_205,TRIAD_069,B04_GapGuard-Raw_B3000,T,1343723075,1879155201,1562,Det/images/normal_train/00819169.png,0,07,learnable_hard,0.1933723795,0.92,0.1860417503,normal_replay,GapCritical-Strict
RUN_205,TRIAD_069,B04_GapGuard-Raw_B3000,T,1343723075,1879155201,1563,Det/images/normal_train/00240356.png,0,07,learnable_hard,0.2649739807,0.96,0.1954971902,normal_replay,GapCritical-Strict
RUN_205,TRIAD_069,B04_GapGuard-Raw_B3000,T,1343723075,1879155201,1564,Det/images/normal_train/00941346.png,0,00,learnable_hard,0.325310445,0.735,0.2055665348,normal_replay,GapCritical-Strict
RUN_205,TRIAD_069,B04_GapGuard-Raw_B3000,T,1343723075,1879155201,1565,Det/images/normal_train/00588482.png,0,04,learnable_hard,0.3619092863,0.695,0.2122577161,normal_replay,GapCritical-Strict
RUN_205,TRIAD_069,B04_GapGuard-Raw_B3000,T,1343723075,1879155201,1566,Det/images/normal_train/00881713.png,0,08,learnable_hard,0.1547624113,0.92,0.1900516626,normal_replay,GapCritical-Strict
RUN_205,TRIAD_069,B04_GapGuard-Raw_B3000,T,1343723075,1879155201,1567,Det/images/normal_train/01004719.png,0,07,learnable_hard,0.6157472322,0.2,0.2417564138,normal_replay,GapCritical-Strict
RUN_205,TRIAD_069,B04_GapGuard-Raw_B3000,T,1343723075,1879155201,1568,Det/images/normal_train/00506618.png,0,09,learnable_hard,0.8544771169,0.11,0.1867629534,normal_replay,GapCritical-Strict
RUN_205,TRIAD_069,B04_GapGuard-Raw_B3000,T,1343723075,1879155201,1569,Det/images/normal_train/00765997.png,0,08,learnable_hard,0.2044989035,0.97,0.1745427873,normal_replay,GapCritical-Strict
RUN_205,TRIAD_069,B04_GapGuard-Raw_B3000,T,1343723075,1879155201,1570,Det/images/normal_train/00768211.png,0,08,learnable_hard,0.4248718212,0.48,0.1891013486,normal_replay,GapCritical-Strict
RUN_205,TRIAD_069,B04_GapGuard-Raw_B3000,T,1343723075,1879155201,1571,Det/images/normal_train/00184687.png,0,05,learnable_hard,0.3852705557,0.77,0.1696870728,normal_replay,GapCritical-Strict
RUN_205,TRIAD_069,B04_GapGuard-Raw_B3000,T,1343723075,1879155201,1572,Det/images/normal_train/01293959.png,0,08,learnable_hard,0.5751857044,0.295,0.232020726,normal_replay,GapCritical-Strict
RUN_205,TRIAD_069,B04_GapGuard-Raw_B3000,T,1343723075,1879155201,1573,Det/images/normal_train/00257665.png,0,09,learnable_hard,0.2617457724,0.965,0.1784753846,normal_replay,GapCritical-Strict
RUN_205,TRIAD_069,B04_GapGuard-Raw_B3000,T,1343723075,1879155201,1574,Det/images/normal_train/01045934.png,0,08,learnable_hard,0.6464068616,0.205,0.2176180934,normal_replay,GapCritical-Strict
RUN_205,TRIAD_069,B04_GapGuard-Raw_B3000,T,1343723075,1879155201,1575,Det/images/normal_train/00930182.png,0,09,learnable_hard,0.6765397645,0.19,0.266549126,normal_replay,GapCritical-Strict
RUN_205,TRIAD_069,B04_GapGuard-Raw_B3000,T,1343723075,1879155201,1576,Det/images/normal_train/01043164.png,0,00,learnable_hard,0.3520105915,0.755,0.1864215646,normal_replay,GapCritical-Strict
RUN_205,TRIAD_069,B04_GapGuard-Raw_B3000,T,1343723075,1879155201,1577,Det/images/normal_train/01115281.png,0,00,learnable_hard,0.3538779804,0.715,0.1870516384,normal_replay,GapCritical-Strict
RUN_205,TRIAD_069,B04_GapGuard-Raw_B3000,T,1343723075,1879155201,1578,Det/images/normal_train/00793100.png,0,05,learnable_hard,0.2826298557,0.87,0.1658315399,normal_replay,GapCritical-Strict
RUN_205,TRIAD_069,B04_GapGuard-Raw_B3000,T,1343723075,1879155201,1579,Det/images/normal_train/00411020.png,0,06,learnable_hard,0.2109504296,0.885,0.2083149111,normal_replay,GapCritical-Strict
RUN_205,TRIAD_069,B04_GapGuard-Raw_B3000,T,1343723075,1879155201,1580,Det/images/normal_train/00177071.png,0,07,learnable_hard,0.6363289173,0.2,0.2091848046,normal_replay,GapCritical-Strict
RUN_205,TRIAD_069,B04_GapGuard-Raw_B3000,T,1343723075,1879155201,1581,Det/images/normal_train/00903124.png,0,07,learnable_hard,0.2685241152,0.845,0.2148477052,normal_replay,GapCritical-Strict
RUN_205,TRIAD_069,B04_GapGuard-Raw_B3000,T,1343723075,1879155201,1582,Det/images/normal_train/01184068.png,0,04,learnable_hard,0.5497826115,0.24,0.2365427372,normal_replay,GapCritical-Strict
RUN_205,TRIAD_069,B04_GapGuard-Raw_B3000,T,1343723075,1879155201,1583,Det/images/normal_train/01223201.png,0,03,learnable_hard,0.3678095341,0.635,0.2335978367,normal_replay,GapCritical-Strict
RUN_205,TRIAD_069,B04_GapGuard-Raw_B3000,T,1343723075,1879155201,1584,Det/images/normal_train/00859562.png,0,08,learnable_hard,0.2085732434,0.94,0.1914007016,normal_replay,GapCritical-Strict
RUN_205,TRIAD_069,B04_GapGuard-Raw_B3000,T,1343723075,1879155201,1585,Det/images/normal_train/00658119.png,0,02,learnable_hard,0.4433053914,0.595,0.1806285964,normal_replay,GapCritical-Strict
RUN_205,TRIAD_069,B04_GapGuard-Raw_B3000,T,1343723075,1879155201,1586,Det/images/normal_train/00414200.png,0,05,learnable_hard,0.1814747188,0.975,0.1887378647,normal_replay,GapCritical-Strict
RUN_205,TRIAD_069,B04_GapGuard-Raw_B3000,T,1343723075,1879155201,1587,Det/images/normal_train/01142434.png,0,07,learnable_hard,0.3308811078,0.9,0.1846901253,normal_replay,GapCritical-Strict
RUN_205,TRIAD_069,B04_GapGuard-Raw_B3000,T,1343723075,1879155201,1588,Det/images/normal_train/01170031.png,0,09,learnable_hard,0.3392008665,0.775,0.2041932345,normal_replay,GapCritical-Strict
RUN_205,TRIAD_069,B04_GapGuard-Raw_B3000,T,1343723075,1879155201,1589,Det/images/normal_train/01292347.png,0,07,learnable_hard,0.2932518796,0.835,0.197552824,normal_replay,GapCritical-Strict
RUN_205,TRIAD_069,B04_GapGuard-Raw_B3000,T,1343723075,1879155201,1590,Det/images/normal_train/00403928.png,0,03,learnable_hard,0.29058306,0.845,0.1993275243,normal_replay,GapCritical-Strict
RUN_205,TRIAD_069,B04_GapGuard-Raw_B3000,T,1343723075,1879155201,1591,Det/images/normal_train/00338006.png,0,00,learnable_hard,0.2759996953,0.795,0.2077212525,normal_replay,GapCritical-Strict
RUN_205,TRIAD_069,B04_GapGuard-Raw_B3000,T,1343723075,1879155201,1592,Det/images/normal_train/01242593.png,0,02,learnable_hard,0.1960466808,0.895,0.1999187764,normal_replay,GapCritical-Strict
RUN_205,TRIAD_069,B04_GapGuard-Raw_B3000,T,1343723075,1879155201,1593,Det/images/normal_train/00446559.png,0,09,learnable_hard,0.20059131,0.88,0.1883421662,normal_replay,GapCritical-Strict
RUN_205,TRIAD_069,B04_GapGuard-Raw_B3000,T,1343723075,1879155201,1594,Det/images/normal_train/00253478.png,0,09,learnable_hard,0.301177628,0.85,0.1964692772,normal_replay,GapCritical-Strict
RUN_205,TRIAD_069,B04_GapGuard-Raw_B3000,T,1343723075,1879155201,1595,Det/images/normal_train/00529708.png,0,03,learnable_hard,0.2690304151,0.905,0.2108180195,normal_replay,GapCritical-Strict
RUN_205,TRIAD_069,B04_GapGuard-Raw_B3000,T,1343723075,1879155201,1596,Det/images/normal_train/00215218.png,0,07,learnable_hard,0.2361609462,0.86,0.2152837414,normal_replay,GapCritical-Strict
RUN_205,TRIAD_069,B04_GapGuard-Raw_B3000,T,1343723075,1879155201,1597,Det/images/normal_train/00478647.png,0,01,learnable_hard,0.5388408695,0.335,0.240169708,normal_replay,GapCritical-Strict
RUN_205,TRIAD_069,B04_GapGuard-Raw_B3000,T,1343723075,1879155201,1598,Det/images/normal_train/00532081.png,0,07,learnable_hard,0.4302118791,0.565,0.2168978893,normal_replay,GapCritical-Strict
RUN_205,TRIAD_069,B04_GapGuard-Raw_B3000,T,1343723075,1879155201,1599,Det/images/normal_train/00448423.png,0,04,learnable_hard,0.6404811879,0.22,0.1891585294,normal_replay,GapCritical-Strict
RUN_205,TRIAD_069,B04_GapGuard-Raw_B3000,T,1343723075,1879155201,1600,Det/images/normal_train/00379652.png,0,02,learnable_hard,0.2450854515,0.875,0.2108105934,normal_replay,GapCritical-Strict
RUN_205,TRIAD_069,B04_GapGuard-Raw_B3000,T,1343723075,1879155201,1601,Det/images/normal_train/00212878.png,0,05,learnable_hard,0.2644524041,0.96,0.174202298,normal_replay,GapCritical-Strict
RUN_205,TRIAD_069,B04_GapGuard-Raw_B3000,T,1343723075,1879155201,1602,Det/images/normal_train/00836319.png,0,07,learnable_hard,0.191585181,0.955,0.2048636964,normal_replay,GapCritical-Strict
RUN_205,TRIAD_069,B04_GapGuard-Raw_B3000,T,1343723075,1879155201,1603,Det/images/normal_train/00286710.png,0,06,learnable_hard,0.1862274079,0.955,0.1894779549,normal_replay,GapCritical-Strict
RUN_205,TRIAD_069,B04_GapGuard-Raw_B3000,T,1343723075,1879155201,1604,Det/images/normal_train/01215442.png,0,02,learnable_hard,0.3751198683,0.625,0.2187714563,normal_replay,GapCritical-Strict
RUN_205,TRIAD_069,B04_GapGuard-Raw_B3000,T,1343723075,1879155201,1605,Det/images/normal_train/01066155.png,0,00,learnable_hard,0.235332031,0.945,0.1966422055,normal_replay,GapCritical-Strict
RUN_205,TRIAD_069,B04_GapGuard-Raw_B3000,T,1343723075,1879155201,1606,Det/images/normal_train/01113691.png,0,07,learnable_hard,0.2759133969,0.92,0.1984903462,normal_replay,GapCritical-Strict
RUN_205,TRIAD_069,B04_GapGuard-Raw_B3000,T,1343723075,1879155201,1607,Det/images/normal_train/00446944.png,0,09,learnable_hard,0.2562195704,0.835,0.2260782208,normal_replay,GapCritical-Strict
RUN_205,TRIAD_069,B04_GapGuard-Raw_B3000,T,1343723075,1879155201,1608,Det/images/normal_train/00340450.png,0,02,learnable_hard,0.8427425002,0.1,0.20153464,normal_replay,GapCritical-Strict
RUN_205,TRIAD_069,B04_GapGuard-Raw_B3000,T,1343723075,1879155201,1609,Det/images/normal_train/00915127.png,0,09,learnable_hard,0.2762111794,0.915,0.1905078014,normal_replay,GapCritical-Strict
RUN_205,TRIAD_069,B04_GapGuard-Raw_B3000,T,1343723075,1879155201,1610,Det/images/normal_train/00209311.png,0,09,learnable_hard,0.6230196302,0.195,0.1807223993,normal_replay,GapCritical-Strict
RUN_205,TRIAD_069,B04_GapGuard-Raw_B3000,T,1343723075,1879155201,1611,Det/images/normal_train/00285644.png,0,00,learnable_hard,0.3684679143,0.685,0.2172469854,normal_replay,GapCritical-Strict
RUN_205,TRIAD_069,B04_GapGuard-Raw_B3000,T,1343723075,1879155201,1612,Det/images/normal_train/00962503.png,0,04,learnable_hard,0.2374822212,0.83,0.2361424254,normal_replay,GapCritical-Strict
RUN_205,TRIAD_069,B04_GapGuard-Raw_B3000,T,1343723075,1879155201,1613,Det/images/normal_train/00392495.png,0,08,learnable_hard,0.1564508833,0.935,0.1912894827,normal_replay,GapCritical-Strict
RUN_205,TRIAD_069,B04_GapGuard-Raw_B3000,T,1343723075,1879155201,1614,Det/images/normal_train/00377956.png,0,01,learnable_hard,0.2803446791,0.835,0.1817438262,normal_replay,GapCritical-Strict
RUN_205,TRIAD_069,B04_GapGuard-Raw_B3000,T,1343723075,1879155201,1615,Det/images/normal_train/00315982.png,0,03,learnable_hard,0.3266127904,0.71,0.1851913425,normal_replay,GapCritical-Strict
RUN_205,TRIAD_069,B04_GapGuard-Raw_B3000,T,1343723075,1879155201,1616,Det/images/normal_train/00578642.png,0,03,learnable_hard,0.2199639283,0.955,0.1938327132,normal_replay,GapCritical-Strict
RUN_205,TRIAD_069,B04_GapGuard-Raw_B3000,T,1343723075,1879155201,1617,Det/images/normal_train/00533501.png,0,02,learnable_hard,0.3322876488,0.835,0.1995620296,normal_replay,GapCritical-Strict
RUN_205,TRIAD_069,B04_GapGuard-Raw_B3000,T,1343723075,1879155201,1618,Det/images/normal_train/00375301.png,0,04,learnable_hard,0.3658280652,0.7,0.2278724312,normal_replay,GapCritical-Strict
RUN_205,TRIAD_069,B04_GapGuard-Raw_B3000,T,1343723075,1879155201,1619,Det/images/normal_train/01142341.png,0,07,learnable_hard,0.6275818788,0.15,0.2079754038,normal_replay,GapCritical-Strict
RUN_205,TRIAD_069,B04_GapGuard-Raw_B3000,T,1343723075,1879155201,1620,Det/images/normal_train/01202805.png,0,08,learnable_hard,0.1570059416,0.985,0.1763134241,normal_replay,GapCritical-Strict
RUN_205,TRIAD_069,B04_GapGuard-Raw_B3000,T,1343723075,1879155201,1621,Det/images/normal_train/00698744.png,0,08,learnable_hard,0.2219384918,0.905,0.1823072772,normal_replay,GapCritical-Strict
RUN_205,TRIAD_069,B04_GapGuard-Raw_B3000,T,1343723075,1879155201,1622,Det/images/normal_train/00881661.png,0,08,learnable_hard,0.2563942412,0.86,0.2515486556,normal_replay,GapCritical-Strict
RUN_205,TRIAD_069,B04_GapGuard-Raw_B3000,T,1343723075,1879155201,1623,Det/images/normal_train/00388167.png,0,00,learnable_hard,0.3164302721,0.845,0.1852518348,normal_replay,GapCritical-Strict
RUN_205,TRIAD_069,B04_GapGuard-Raw_B3000,T,1343723075,1879155201,1624,Det/images/normal_train/00286734.png,0,06,learnable_hard,0.1947007707,0.865,0.2140472704,normal_replay,GapCritical-Strict
RUN_205,TRIAD_069,B04_GapGuard-Raw_B3000,T,1343723075,1879155201,1625,Det/images/normal_train/00577918.png,0,05,learnable_hard,0.7851856817,0.11,0.2285564176,normal_replay,GapCritical-Strict
RUN_205,TRIAD_069,B04_GapGuard-Raw_B3000,T,1343723075,1879155201,1626,Det/images/normal_train/00345222.png,0,05,learnable_hard,0.2706122507,0.845,0.2027651123,normal_replay,GapCritical-Strict
RUN_205,TRIAD_069,B04_GapGuard-Raw_B3000,T,1343723075,1879155201,1627,Det/images/normal_train/00290345.png,0,00,learnable_hard,0.4516575172,0.52,0.2205375437,normal_replay,GapCritical-Strict
RUN_205,TRIAD_069,B04_GapGuard-Raw_B3000,T,1343723075,1879155201,1628,Det/images/normal_train/01270537.png,0,05,learnable_hard,0.3688366046,0.715,0.1931093075,normal_replay,GapCritical-Strict
RUN_205,TRIAD_069,B04_GapGuard-Raw_B3000,T,1343723075,1879155201,1629,Det/images/normal_train/00651686.png,0,02,learnable_hard,0.5191397083,0.42,0.2413003514,normal_replay,GapCritical-Strict
RUN_205,TRIAD_069,B04_GapGuard-Raw_B3000,T,1343723075,1879155201,1630,Det/images/normal_train/00526011.png,0,01,learnable_hard,0.323293815,0.745,0.1937220781,normal_replay,GapCritical-Strict
RUN_205,TRIAD_069,B04_GapGuard-Raw_B3000,T,1343723075,1879155201,1631,Det/images/normal_train/00872563.png,0,03,learnable_hard,0.3562150009,0.655,0.1999131864,normal_replay,GapCritical-Strict
RUN_205,TRIAD_069,B04_GapGuard-Raw_B3000,T,1343723075,1879155201,1632,Det/images/normal_train/01078834.png,0,06,learnable_hard,0.205065765,0.865,0.1940262449,normal_replay,GapCritical-Strict
RUN_205,TRIAD_069,B04_GapGuard-Raw_B3000,T,1343723075,1879155201,1633,Det/images/normal_train/00791588.png,0,06,learnable_hard,0.3490783083,0.72,0.2352064861,normal_replay,GapCritical-Strict
RUN_205,TRIAD_069,B04_GapGuard-Raw_B3000,T,1343723075,1879155201,1634,Det/images/normal_train/00772897.png,0,01,learnable_hard,0.2951806896,0.76,0.2681474661,normal_replay,GapCritical-Strict
RUN_205,TRIAD_069,B04_GapGuard-Raw_B3000,T,1343723075,1879155201,1635,Det/images/normal_train/00966460.png,0,07,learnable_hard,0.2434153976,0.815,0.2019443414,normal_replay,GapCritical-Strict
RUN_205,TRIAD_069,B04_GapGuard-Raw_B3000,T,1343723075,1879155201,1636,Det/images/normal_train/00515510.png,0,03,learnable_hard,0.3382788083,0.64,0.2546583969,normal_replay,GapCritical-Strict
RUN_205,TRIAD_069,B04_GapGuard-Raw_B3000,T,1343723075,1879155201,1637,Det/images/normal_train/00735260.png,0,07,learnable_hard,0.2163871667,0.965,0.2053118502,normal_replay,GapCritical-Strict
RUN_205,TRIAD_069,B04_GapGuard-Raw_B3000,T,1343723075,1879155201,1638,Det/images/normal_train/00964920.png,0,05,learnable_hard,0.3877346103,0.5,0.2162938988,normal_replay,GapCritical-Strict
RUN_205,TRIAD_069,B04_GapGuard-Raw_B3000,T,1343723075,1879155201,1639,Det/images/normal_train/01091628.png,0,02,learnable_hard,0.4219464186,0.745,0.2093537161,normal_replay,GapCritical-Strict
RUN_205,TRIAD_069,B04_GapGuard-Raw_B3000,T,1343723075,1879155201,1640,Det/images/normal_train/00265664.png,0,05,learnable_hard,0.2478481747,0.945,0.1666585834,normal_replay,GapCritical-Strict
RUN_205,TRIAD_069,B04_GapGuard-Raw_B3000,T,1343723075,1879155201,1641,Det/images/normal_train/00702993.png,0,06,learnable_hard,0.1886054192,0.925,0.1945671506,normal_replay,GapCritical-Strict
RUN_205,TRIAD_069,B04_GapGuard-Raw_B3000,T,1343723075,1879155201,1642,Det/images/normal_train/00296809.png,0,01,learnable_hard,0.402889046,0.56,0.2493695467,normal_replay,GapCritical-Strict
RUN_205,TRIAD_069,B04_GapGuard-Raw_B3000,T,1343723075,1879155201,1643,Det/images/normal_train/01155851.png,0,07,learnable_hard,0.7776745042,0.17,0.1776696234,normal_replay,GapCritical-Strict
RUN_205,TRIAD_069,B04_GapGuard-Raw_B3000,T,1343723075,1879155201,1644,Det/images/normal_train/00908757.png,0,06,learnable_hard,0.3316225044,0.895,0.1930385694,normal_replay,GapCritical-Strict
RUN_205,TRIAD_069,B04_GapGuard-Raw_B3000,T,1343723075,1879155201,1645,Det/images/normal_train/01232622.png,0,09,learnable_hard,0.2258678461,0.975,0.1886219675,normal_replay,GapCritical-Strict
RUN_205,TRIAD_069,B04_GapGuard-Raw_B3000,T,1343723075,1879155201,1646,Det/images/normal_train/00377454.png,0,01,learnable_hard,0.1991585004,0.815,0.2046755099,normal_replay,GapCritical-Strict
RUN_205,TRIAD_069,B04_GapGuard-Raw_B3000,T,1343723075,1879155201,1647,Det/images/normal_train/00195787.png,0,08,learnable_hard,0.4795122642,0.365,0.1930368813,normal_replay,GapCritical-Strict
RUN_205,TRIAD_069,B04_GapGuard-Raw_B3000,T,1343723075,1879155201,1648,Det/images/normal_train/00545656.png,0,07,learnable_hard,0.1652628267,0.91,0.221271854,normal_replay,GapCritical-Strict
RUN_205,TRIAD_069,B04_GapGuard-Raw_B3000,T,1343723075,1879155201,1649,Det/images/normal_train/00196634.png,0,03,learnable_hard,0.7092974763,0.155,0.2392083225,normal_replay,GapCritical-Strict
RUN_205,TRIAD_069,B04_GapGuard-Raw_B3000,T,1343723075,1879155201,1650,Det/images/normal_train/00500403.png,0,05,learnable_hard,0.2407796912,0.92,0.1796768285,normal_replay,GapCritical-Strict
RUN_205,TRIAD_069,B04_GapGuard-Raw_B3000,T,1343723075,1879155201,1651,Det/images/normal_train/00855840.png,0,09,learnable_hard,0.2036904271,0.99,0.18133775,normal_replay,GapCritical-Strict
RUN_205,TRIAD_069,B04_GapGuard-Raw_B3000,T,1343723075,1879155201,1652,Det/images/normal_train/00748222.png,0,04,learnable_hard,0.7188148934,0.125,0.213743803,normal_replay,GapCritical-Strict
RUN_205,TRIAD_069,B04_GapGuard-Raw_B3000,T,1343723075,1879155201,1653,Det/images/normal_train/00371024.png,0,00,learnable_hard,0.3141367266,0.735,0.2213063584,normal_replay,GapCritical-Strict
RUN_205,TRIAD_069,B04_GapGuard-Raw_B3000,T,1343723075,1879155201,1654,Det/images/normal_train/00619553.png,0,04,learnable_hard,0.2130550449,0.955,0.1690954188,normal_replay,GapCritical-Strict
RUN_205,TRIAD_069,B04_GapGuard-Raw_B3000,T,1343723075,1879155201,1655,Det/images/normal_train/00853338.png,0,00,learnable_hard,0.1989363128,0.98,0.1867415731,normal_replay,GapCritical-Strict
RUN_205,TRIAD_069,B04_GapGuard-Raw_B3000,T,1343723075,1879155201,1656,Det/images/normal_train/00345733.png,0,05,learnable_hard,0.3080966494,0.8,0.1978294495,normal_replay,GapCritical-Strict
RUN_205,TRIAD_069,B04_GapGuard-Raw_B3000,T,1343723075,1879155201,1657,Det/images/normal_train/00883445.png,0,05,learnable_hard,0.1836528168,0.955,0.1904591174,normal_replay,GapCritical-Strict
RUN_205,TRIAD_069,B04_GapGuard-Raw_B3000,T,1343723075,1879155201,1658,Det/images/normal_train/00403866.png,0,03,learnable_hard,0.1930477145,0.97,0.1760782312,normal_replay,GapCritical-Strict
RUN_205,TRIAD_069,B04_GapGuard-Raw_B3000,T,1343723075,1879155201,1659,Det/images/normal_train/01240741.png,0,03,learnable_hard,0.2142333734,0.915,0.1869789074,normal_replay,GapCritical-Strict
RUN_205,TRIAD_069,B04_GapGuard-Raw_B3000,T,1343723075,1879155201,1660,Det/images/normal_train/01287834.png,0,06,learnable_hard,0.4456130618,0.47,0.2181596254,normal_replay,GapCritical-Strict
RUN_205,TRIAD_069,B04_GapGuard-Raw_B3000,T,1343723075,1879155201,1661,Det/images/normal_train/00228393.png,0,06,learnable_hard,0.216319104,0.91,0.2023724932,normal_replay,GapCritical-Strict
RUN_205,TRIAD_069,B04_GapGuard-Raw_B3000,T,1343723075,1879155201,1662,Det/images/normal_train/00964805.png,0,05,learnable_hard,0.4496034152,0.525,0.2110133497,normal_replay,GapCritical-Strict
RUN_205,TRIAD_069,B04_GapGuard-Raw_B3000,T,1343723075,1879155201,1663,Det/images/normal_train/01050913.png,0,08,learnable_hard,0.2109837902,0.965,0.1814835626,normal_replay,GapCritical-Strict
RUN_205,TRIAD_069,B04_GapGuard-Raw_B3000,T,1343723075,1879155201,1664,Det/images/normal_train/00222617.png,0,00,learnable_hard,0.3226649266,0.69,0.2040710126,normal_replay,GapCritical-Strict
RUN_205,TRIAD_069,B04_GapGuard-Raw_B3000,T,1343723075,1879155201,1665,Det/images/normal_train/00409913.png,0,06,learnable_hard,0.2138938808,0.88,0.2047397707,normal_replay,GapCritical-Strict
RUN_205,TRIAD_069,B04_GapGuard-Raw_B3000,T,1343723075,1879155201,1666,Det/images/normal_train/00392116.png,0,08,learnable_hard,0.4307293727,0.605,0.1835642192,normal_replay,GapCritical-Strict
RUN_205,TRIAD_069,B04_GapGuard-Raw_B3000,T,1343723075,1879155201,1667,Det/images/normal_train/00356252.png,0,07,learnable_hard,0.2658399357,0.895,0.1819968835,normal_replay,GapCritical-Strict
RUN_205,TRIAD_069,B04_GapGuard-Raw_B3000,T,1343723075,1879155201,1668,Det/images/normal_train/01197748.png,0,06,learnable_hard,0.2174152711,0.895,0.2160361469,normal_replay,GapCritical-Strict
RUN_205,TRIAD_069,B04_GapGuard-Raw_B3000,T,1343723075,1879155201,1669,Det/images/normal_train/00965298.png,0,03,learnable_hard,0.2001361826,0.985,0.1797756251,normal_replay,GapCritical-Strict
RUN_205,TRIAD_069,B04_GapGuard-Raw_B3000,T,1343723075,1879155201,1670,Det/images/normal_train/01292877.png,0,07,learnable_hard,0.2397844434,0.96,0.1991485275,normal_replay,GapCritical-Strict
RUN_205,TRIAD_069,B04_GapGuard-Raw_B3000,T,1343723075,1879155201,1671,Det/images/normal_train/00213614.png,0,03,learnable_hard,0.2489591434,0.885,0.2044964924,normal_replay,GapCritical-Strict
RUN_205,TRIAD_069,B04_GapGuard-Raw_B3000,T,1343723075,1879155201,1672,Det/images/normal_train/00657427.png,0,05,learnable_hard,0.2189490722,0.95,0.1780259866,normal_replay,GapCritical-Strict
RUN_205,TRIAD_069,B04_GapGuard-Raw_B3000,T,1343723075,1879155201,1673,Det/images/normal_train/00385479.png,0,06,learnable_hard,0.2153530189,0.955,0.1726271188,normal_replay,GapCritical-Strict
RUN_205,TRIAD_069,B04_GapGuard-Raw_B3000,T,1343723075,1879155201,1674,Det/images/normal_train/00842314.png,0,06,learnable_hard,0.1679796226,0.935,0.2171208756,normal_replay,GapCritical-Strict
RUN_205,TRIAD_069,B04_GapGuard-Raw_B3000,T,1343723075,1879155201,1675,Det/images/normal_train/00758549.png,0,04,learnable_hard,0.2083540512,0.88,0.2293910618,normal_replay,GapCritical-Strict
RUN_205,TRIAD_069,B04_GapGuard-Raw_B3000,T,1343723075,1879155201,1676,Det/images/normal_train/00443466.png,0,00,learnable_hard,0.2431792517,0.855,0.2200644764,normal_replay,GapCritical-Strict
RUN_205,TRIAD_069,B04_GapGuard-Raw_B3000,T,1343723075,1879155201,1677,Det/images/normal_train/01122301.png,0,07,learnable_hard,0.2768407001,0.825,0.1858327734,normal_replay,GapCritical-Strict
RUN_205,TRIAD_069,B04_GapGuard-Raw_B3000,T,1343723075,1879155201,1678,Det/images/normal_train/01156993.png,0,00,learnable_hard,0.7072293488,0.14,0.2413647528,normal_replay,GapCritical-Strict
RUN_205,TRIAD_069,B04_GapGuard-Raw_B3000,T,1343723075,1879155201,1679,Det/images/normal_train/00285428.png,0,00,learnable_hard,0.2551217604,0.915,0.1771611351,normal_replay,GapCritical-Strict
RUN_205,TRIAD_069,B04_GapGuard-Raw_B3000,T,1343723075,1879155201,1680,Det/images/normal_train/01184993.png,0,04,learnable_hard,0.3513861616,0.69,0.2023230692,normal_replay,GapCritical-Strict
RUN_205,TRIAD_069,B04_GapGuard-Raw_B3000,T,1343723075,1879155201,1681,Det/images/normal_train/00978364.png,0,01,learnable_hard,0.6970139568,0.17,0.2147799046,normal_replay,GapCritical-Strict
RUN_205,TRIAD_069,B04_GapGuard-Raw_B3000,T,1343723075,1879155201,1682,Det/images/normal_train/00241034.png,0,05,learnable_hard,0.2007861574,0.91,0.1974474584,normal_replay,GapCritical-Strict
RUN_205,TRIAD_069,B04_GapGuard-Raw_B3000,T,1343723075,1879155201,1683,Det/images/normal_train/00805026.png,0,07,learnable_hard,0.2656580523,0.83,0.1979507571,normal_replay,GapCritical-Strict
RUN_205,TRIAD_069,B04_GapGuard-Raw_B3000,T,1343723075,1879155201,1684,Det/images/normal_train/00706617.png,0,02,learnable_hard,0.4448818007,0.485,0.2051557967,normal_replay,GapCritical-Strict
RUN_205,TRIAD_069,B04_GapGuard-Raw_B3000,T,1343723075,1879155201,1685,Det/images/normal_train/01112425.png,0,07,learnable_hard,0.2422301312,0.97,0.1946008906,normal_replay,GapCritical-Strict
RUN_205,TRIAD_069,B04_GapGuard-Raw_B3000,T,1343723075,1879155201,1686,Det/images/normal_train/01237960.png,0,05,learnable_hard,0.3072497196,0.725,0.1929771874,normal_replay,GapCritical-Strict
RUN_205,TRIAD_069,B04_GapGuard-Raw_B3000,T,1343723075,1879155201,1687,Det/images/normal_train/01078643.png,0,06,learnable_hard,0.3541371106,0.8,0.1893981568,normal_replay,GapCritical-Strict
RUN_205,TRIAD_069,B04_GapGuard-Raw_B3000,T,1343723075,1879155201,1688,Det/images/normal_train/00511089.png,0,02,learnable_hard,0.2389773834,0.95,0.1824440774,normal_replay,GapCritical-Strict
RUN_205,TRIAD_069,B04_GapGuard-Raw_B3000,T,1343723075,1879155201,1689,Det/images/normal_train/00900025.png,0,07,learnable_hard,0.2049975688,0.925,0.1927463217,normal_replay,GapCritical-Strict
RUN_205,TRIAD_069,B04_GapGuard-Raw_B3000,T,1343723075,1879155201,1690,Det/images/normal_train/01078644.png,0,06,learnable_hard,0.2207816471,0.945,0.1898600928,normal_replay,GapCritical-Strict
RUN_205,TRIAD_069,B04_GapGuard-Raw_B3000,T,1343723075,1879155201,1691,Det/images/normal_train/01014659.png,0,04,learnable_hard,0.1801065706,0.89,0.208467021,normal_replay,GapCritical-Strict
RUN_205,TRIAD_069,B04_GapGuard-Raw_B3000,T,1343723075,1879155201,1692,Det/images/normal_train/00178499.png,0,02,learnable_hard,0.2696316612,0.845,0.2071250201,normal_replay,GapCritical-Strict
RUN_205,TRIAD_069,B04_GapGuard-Raw_B3000,T,1343723075,1879155201,1693,Det/images/normal_train/01247575.png,0,02,learnable_hard,0.2949706943,0.95,0.1713020308,normal_replay,GapCritical-Strict
RUN_205,TRIAD_069,B04_GapGuard-Raw_B3000,T,1343723075,1879155201,1694,Det/images/normal_train/00350260.png,0,04,learnable_hard,0.1906339238,0.985,0.1842749202,normal_replay,GapCritical-Strict
RUN_205,TRIAD_069,B04_GapGuard-Raw_B3000,T,1343723075,1879155201,1695,Det/images/normal_train/01031655.png,0,09,learnable_hard,0.3399557369,0.69,0.1965865256,normal_replay,GapCritical-Strict
RUN_205,TRIAD_069,B04_GapGuard-Raw_B3000,T,1343723075,1879155201,1696,Det/images/normal_train/01235113.png,0,01,learnable_hard,0.255569153,0.9,0.1648645986,normal_replay,GapCritical-Strict
RUN_205,TRIAD_069,B04_GapGuard-Raw_B3000,T,1343723075,1879155201,1697,Det/images/normal_train/00713190.png,0,06,learnable_hard,0.2410876216,0.805,0.2522155609,normal_replay,GapCritical-Strict
RUN_205,TRIAD_069,B04_GapGuard-Raw_B3000,T,1343723075,1879155201,1698,Det/images/normal_train/01058882.png,0,03,learnable_hard,0.2804380984,0.94,0.1772497652,normal_replay,GapCritical-Strict
RUN_205,TRIAD_069,B04_GapGuard-Raw_B3000,T,1343723075,1879155201,1699,Det/images/normal_train/00787076.png,0,09,learnable_hard,0.5479748353,0.395,0.2356281468,normal_replay,GapCritical-Strict
RUN_205,TRIAD_069,B04_GapGuard-Raw_B3000,T,1343723075,1879155201,1700,Det/images/normal_train/01019195.png,0,08,learnable_hard,0.3933790267,0.63,0.2156995913,normal_replay,GapCritical-Strict
RUN_205,TRIAD_069,B04_GapGuard-Raw_B3000,T,1343723075,1879155201,1701,Det/images/normal_train/01256125.png,0,02,learnable_hard,0.2196219522,0.85,0.2211684692,normal_replay,GapCritical-Strict
RUN_205,TRIAD_069,B04_GapGuard-Raw_B3000,T,1343723075,1879155201,1702,Det/images/normal_train/00401504.png,0,06,learnable_hard,0.3499041372,0.55,0.228449182,normal_replay,GapCritical-Strict
RUN_205,TRIAD_069,B04_GapGuard-Raw_B3000,T,1343723075,1879155201,1703,Det/images/normal_train/01159138.png,0,04,learnable_hard,0.2343274887,0.985,0.1733971636,normal_replay,GapCritical-Strict
RUN_205,TRIAD_069,B04_GapGuard-Raw_B3000,T,1343723075,1879155201,1704,Det/images/normal_train/00164701.png,0,06,learnable_hard,0.2763470221,0.8,0.1880536122,normal_replay,GapCritical-Strict
RUN_205,TRIAD_069,B04_GapGuard-Raw_B3000,T,1343723075,1879155201,1705,Det/images/normal_train/00295135.png,0,03,learnable_hard,0.2193095102,0.965,0.1886682385,normal_replay,GapCritical-Strict
RUN_205,TRIAD_069,B04_GapGuard-Raw_B3000,T,1343723075,1879155201,1706,Det/images/normal_train/01123458.png,0,06,learnable_hard,0.2741942333,0.95,0.1795431349,normal_replay,GapCritical-Strict
RUN_205,TRIAD_069,B04_GapGuard-Raw_B3000,T,1343723075,1879155201,1707,Det/images/normal_train/01171528.png,0,04,learnable_hard,0.2129598817,0.92,0.1774154064,normal_replay,GapCritical-Strict
RUN_205,TRIAD_069,B04_GapGuard-Raw_B3000,T,1343723075,1879155201,1708,Det/images/normal_train/00413692.png,0,08,learnable_hard,0.1883154306,0.985,0.1748304606,normal_replay,GapCritical-Strict
RUN_205,TRIAD_069,B04_GapGuard-Raw_B3000,T,1343723075,1879155201,1709,Det/images/normal_train/00478739.png,0,01,learnable_hard,0.3275505568,0.835,0.1858038014,normal_replay,GapCritical-Strict
RUN_205,TRIAD_069,B04_GapGuard-Raw_B3000,T,1343723075,1879155201,1710,Det/images/normal_train/00550335.png,0,08,learnable_hard,0.7875526711,0.15,0.1667903032,normal_replay,GapCritical-Strict
RUN_205,TRIAD_069,B04_GapGuard-Raw_B3000,T,1343723075,1879155201,1711,Det/images/normal_train/00504889.png,0,03,learnable_hard,0.1468815557,0.975,0.1695297907,normal_replay,GapCritical-Strict
RUN_205,TRIAD_069,B04_GapGuard-Raw_B3000,T,1343723075,1879155201,1712,Det/images/normal_train/00375462.png,0,04,learnable_hard,0.3966268932,0.575,0.2442163126,normal_replay,GapCritical-Strict
RUN_205,TRIAD_069,B04_GapGuard-Raw_B3000,T,1343723075,1879155201,1713,Det/images/normal_train/01049822.png,0,08,learnable_hard,0.7531898852,0.155,0.1964162853,normal_replay,GapCritical-Strict
RUN_205,TRIAD_069,B04_GapGuard-Raw_B3000,T,1343723075,1879155201,1714,Det/images/normal_train/01295630.png,0,04,learnable_hard,0.3356646909,0.66,0.2040696775,normal_replay,GapCritical-Strict
RUN_205,TRIAD_069,B04_GapGuard-Raw_B3000,T,1343723075,1879155201,1715,Det/images/normal_train/00719857.png,0,01,learnable_hard,0.4487459788,0.435,0.2269957229,normal_replay,GapCritical-Strict
RUN_205,TRIAD_069,B04_GapGuard-Raw_B3000,T,1343723075,1879155201,1716,Det/images/normal_train/00997660.png,0,08,learnable_hard,0.2178633027,0.94,0.1854595514,normal_replay,GapCritical-Strict
RUN_205,TRIAD_069,B04_GapGuard-Raw_B3000,T,1343723075,1879155201,1717,Det/images/normal_train/00266439.png,0,01,learnable_hard,0.1503000269,0.915,0.1750428073,normal_replay,GapCritical-Strict
RUN_205,TRIAD_069,B04_GapGuard-Raw_B3000,T,1343723075,1879155201,1718,Det/images/normal_train/00445087.png,0,08,learnable_hard,0.2970644719,0.83,0.1989639134,normal_replay,GapCritical-Strict
RUN_205,TRIAD_069,B04_GapGuard-Raw_B3000,T,1343723075,1879155201,1719,Det/images/normal_train/00768966.png,0,08,learnable_hard,0.1960053701,0.885,0.1790421636,normal_replay,GapCritical-Strict
RUN_205,TRIAD_069,B04_GapGuard-Raw_B3000,T,1343723075,1879155201,1720,Det/images/normal_train/01193270.png,0,01,learnable_hard,0.325234253,0.795,0.2147451815,normal_replay,GapCritical-Strict
RUN_205,TRIAD_069,B04_GapGuard-Raw_B3000,T,1343723075,1879155201,1721,Det/images/normal_train/01258731.png,0,03,learnable_hard,0.2159783503,0.82,0.2045030439,normal_replay,GapCritical-Strict
RUN_205,TRIAD_069,B04_GapGuard-Raw_B3000,T,1343723075,1879155201,1722,Det/images/normal_train/00878574.png,0,09,learnable_hard,0.1804974446,0.995,0.1816866709,normal_replay,GapCritical-Strict
RUN_205,TRIAD_069,B04_GapGuard-Raw_B3000,T,1343723075,1879155201,1723,Det/images/normal_train/01272476.png,0,00,learnable_hard,0.5316325237,0.255,0.2142079108,normal_replay,GapCritical-Strict
RUN_205,TRIAD_069,B04_GapGuard-Raw_B3000,T,1343723075,1879155201,1724,Det/images/normal_train/00594040.png,0,06,learnable_hard,0.2123620391,0.935,0.1990520881,normal_replay,GapCritical-Strict
RUN_205,TRIAD_069,B04_GapGuard-Raw_B3000,T,1343723075,1879155201,1725,Det/images/normal_train/00329738.png,0,03,learnable_hard,0.1692052522,0.965,0.1856918508,normal_replay,GapCritical-Strict
RUN_205,TRIAD_069,B04_GapGuard-Raw_B3000,T,1343723075,1879155201,1726,Det/images/normal_train/00529143.png,0,03,learnable_hard,0.1738993309,0.975,0.1716997714,normal_replay,GapCritical-Strict
RUN_205,TRIAD_069,B04_GapGuard-Raw_B3000,T,1343723075,1879155201,1727,Det/images/normal_train/00591696.png,0,07,learnable_hard,0.2554522086,0.93,0.1872006598,normal_replay,GapCritical-Strict
RUN_205,TRIAD_069,B04_GapGuard-Raw_B3000,T,1343723075,1879155201,1728,Det/images/normal_train/00629439.png,0,09,learnable_hard,0.4325624767,0.485,0.2873432797,normal_replay,GapCritical-Strict
RUN_205,TRIAD_069,B04_GapGuard-Raw_B3000,T,1343723075,1879155201,1729,Det/images/normal_train/00915087.png,0,09,learnable_hard,0.4764103233,0.445,0.2381611371,normal_replay,GapCritical-Strict
RUN_205,TRIAD_069,B04_GapGuard-Raw_B3000,T,1343723075,1879155201,1730,Det/images/normal_train/01261625.png,0,00,learnable_hard,0.2183477151,0.98,0.1783776051,normal_replay,GapCritical-Strict
RUN_205,TRIAD_069,B04_GapGuard-Raw_B3000,T,1343723075,1879155201,1731,Det/images/normal_train/01187622.png,0,07,learnable_hard,0.4680919221,0.475,0.1990255145,normal_replay,GapCritical-Strict
RUN_205,TRIAD_069,B04_GapGuard-Raw_B3000,T,1343723075,1879155201,1732,Det/images/normal_train/01199333.png,0,03,learnable_hard,0.2151647149,0.965,0.1729057162,normal_replay,GapCritical-Strict
RUN_205,TRIAD_069,B04_GapGuard-Raw_B3000,T,1343723075,1879155201,1733,Det/images/normal_train/00281308.png,0,09,learnable_hard,0.1263560842,0.98,0.1744895791,normal_replay,GapCritical-Strict
RUN_205,TRIAD_069,B04_GapGuard-Raw_B3000,T,1343723075,1879155201,1734,Det/images/normal_train/00787208.png,0,09,learnable_hard,0.2209893504,0.96,0.1619878365,normal_replay,GapCritical-Strict
RUN_205,TRIAD_069,B04_GapGuard-Raw_B3000,T,1343723075,1879155201,1735,Det/images/normal_train/01145043.png,0,06,learnable_hard,0.2381228974,0.955,0.1604180606,normal_replay,GapCritical-Strict
RUN_205,TRIAD_069,B04_GapGuard-Raw_B3000,T,1343723075,1879155201,1736,Det/images/normal_train/00938491.png,0,08,learnable_hard,0.3066182596,0.83,0.1809054294,normal_replay,GapCritical-Strict
RUN_205,TRIAD_069,B04_GapGuard-Raw_B3000,T,1343723075,1879155201,1737,Det/images/normal_train/00584828.png,0,05,learnable_hard,0.2557018739,0.95,0.1695178653,normal_replay,GapCritical-Strict
RUN_205,TRIAD_069,B04_GapGuard-Raw_B3000,T,1343723075,1879155201,1738,Det/images/normal_train/00169243.png,0,06,learnable_hard,0.3942044241,0.545,0.2018865334,normal_replay,GapCritical-Strict
RUN_205,TRIAD_069,B04_GapGuard-Raw_B3000,T,1343723075,1879155201,1739,Det/images/normal_train/00915877.png,0,09,learnable_hard,0.2742451388,0.895,0.1882219059,normal_replay,GapCritical-Strict
RUN_205,TRIAD_069,B04_GapGuard-Raw_B3000,T,1343723075,1879155201,1740,Det/images/normal_train/00810314.png,0,09,learnable_hard,0.5175258421,0.32,0.2492244439,normal_replay,GapCritical-Strict
RUN_205,TRIAD_069,B04_GapGuard-Raw_B3000,T,1343723075,1879155201,1741,Det/images/normal_train/00608257.png,0,06,learnable_hard,0.3839386474,0.67,0.2143919831,normal_replay,GapCritical-Strict
RUN_205,TRIAD_069,B04_GapGuard-Raw_B3000,T,1343723075,1879155201,1742,Det/images/normal_train/01174674.png,0,01,learnable_hard,0.3091267402,0.75,0.1782902523,normal_replay,GapCritical-Strict
RUN_205,TRIAD_069,B04_GapGuard-Raw_B3000,T,1343723075,1879155201,1743,Det/images/normal_train/00249266.png,0,09,learnable_hard,0.231057951,0.975,0.2035926445,normal_replay,GapCritical-Strict
RUN_205,TRIAD_069,B04_GapGuard-Raw_B3000,T,1343723075,1879155201,1744,Det/images/normal_train/00213456.png,0,03,learnable_hard,0.290039249,0.905,0.1857525779,normal_replay,GapCritical-Strict
RUN_205,TRIAD_069,B04_GapGuard-Raw_B3000,T,1343723075,1879155201,1745,Det/images/normal_train/00679662.png,0,07,learnable_hard,0.1820661577,0.975,0.1781531369,normal_replay,GapCritical-Strict
RUN_205,TRIAD_069,B04_GapGuard-Raw_B3000,T,1343723075,1879155201,1746,Det/images/normal_train/00228647.png,0,06,learnable_hard,0.2210901418,0.96,0.1816679705,normal_replay,GapCritical-Strict
RUN_205,TRIAD_069,B04_GapGuard-Raw_B3000,T,1343723075,1879155201,1747,Det/images/normal_train/00479439.png,0,03,learnable_hard,0.2876734139,0.91,0.1926354136,normal_replay,GapCritical-Strict
RUN_205,TRIAD_069,B04_GapGuard-Raw_B3000,T,1343723075,1879155201,1748,Det/images/normal_train/01193069.png,0,01,learnable_hard,0.2167271682,0.975,0.1726315567,normal_replay,GapCritical-Strict
RUN_205,TRIAD_069,B04_GapGuard-Raw_B3000,T,1343723075,1879155201,1749,Det/images/normal_train/00392111.png,0,08,learnable_hard,0.3930819907,0.62,0.1962196724,normal_replay,GapCritical-Strict
RUN_205,TRIAD_069,B04_GapGuard-Raw_B3000,T,1343723075,1879155201,1750,Det/images/normal_train/00711670.png,0,08,learnable_hard,0.2107531393,0.93,0.1964866333,normal_replay,GapCritical-Strict
RUN_205,TRIAD_069,B04_GapGuard-Raw_B3000,T,1343723075,1879155201,1751,Det/images/normal_train/00949274.png,0,05,learnable_hard,0.1836973583,0.955,0.1567453324,normal_replay,GapCritical-Strict
RUN_205,TRIAD_069,B04_GapGuard-Raw_B3000,T,1343723075,1879155201,1752,Det/images/normal_train/01283542.png,0,06,learnable_hard,0.2328657596,0.93,0.1888890265,normal_replay,GapCritical-Strict
RUN_205,TRIAD_069,B04_GapGuard-Raw_B3000,T,1343723075,1879155201,1753,Det/images/normal_train/00922785.png,0,02,learnable_hard,0.1882866907,0.925,0.1941744269,normal_replay,GapCritical-Strict
RUN_205,TRIAD_069,B04_GapGuard-Raw_B3000,T,1343723075,1879155201,1754,Det/images/normal_train/00532492.png,0,07,learnable_hard,0.2817130432,0.985,0.1652170543,normal_replay,GapCritical-Strict
RUN_205,TRIAD_069,B04_GapGuard-Raw_B3000,T,1343723075,1879155201,1755,Det/images/normal_train/01283127.png,0,06,learnable_hard,0.3661885329,0.6,0.190780326,normal_replay,GapCritical-Strict
RUN_205,TRIAD_069,B04_GapGuard-Raw_B3000,T,1343723075,1879155201,1756,Det/images/normal_train/01287601.png,0,06,learnable_hard,0.16481527,0.99,0.1698445464,normal_replay,GapCritical-Strict
RUN_205,TRIAD_069,B04_GapGuard-Raw_B3000,T,1343723075,1879155201,1757,Det/images/normal_train/00361901.png,0,00,learnable_hard,0.4696366266,0.39,0.2407846419,normal_replay,GapCritical-Strict
RUN_205,TRIAD_069,B04_GapGuard-Raw_B3000,T,1343723075,1879155201,1758,Det/images/normal_train/01223082.png,0,03,learnable_hard,0.6307319634,0.245,0.1996094234,normal_replay,GapCritical-Strict
RUN_205,TRIAD_069,B04_GapGuard-Raw_B3000,T,1343723075,1879155201,1759,Det/images/normal_train/00971672.png,0,02,learnable_hard,0.2614582912,0.905,0.2101525117,normal_replay,GapCritical-Strict
RUN_205,TRIAD_069,B04_GapGuard-Raw_B3000,T,1343723075,1879155201,1760,Det/images/normal_train/01240685.png,0,03,learnable_hard,0.2030117916,0.99,0.1664286624,normal_replay,GapCritical-Strict
RUN_205,TRIAD_069,B04_GapGuard-Raw_B3000,T,1343723075,1879155201,1761,Det/images/normal_train/00344833.png,0,00,learnable_hard,0.3537392245,0.735,0.1952723616,normal_replay,GapCritical-Strict
RUN_205,TRIAD_069,B04_GapGuard-Raw_B3000,T,1343723075,1879155201,1762,Det/images/normal_train/00936951.png,0,06,learnable_hard,0.3183611973,0.75,0.2204858035,normal_replay,GapCritical-Strict
RUN_205,TRIAD_069,B04_GapGuard-Raw_B3000,T,1343723075,1879155201,1763,Det/images/normal_train/00178156.png,0,02,learnable_hard,0.4185560611,0.47,0.2204531184,normal_replay,GapCritical-Strict
RUN_205,TRIAD_069,B04_GapGuard-Raw_B3000,T,1343723075,1879155201,1764,Det/images/normal_train/01157019.png,0,06,learnable_hard,0.314038669,0.93,0.1793039523,normal_replay,GapCritical-Strict
RUN_205,TRIAD_069,B04_GapGuard-Raw_B3000,T,1343723075,1879155201,1765,Det/images/normal_train/01226844.png,0,00,learnable_hard,0.2761137486,0.825,0.2216780758,normal_replay,GapCritical-Strict
RUN_205,TRIAD_069,B04_GapGuard-Raw_B3000,T,1343723075,1879155201,1766,Det/images/normal_train/00675197.png,0,04,learnable_hard,0.6791134311,0.13,0.2045516517,normal_replay,GapCritical-Strict
RUN_205,TRIAD_069,B04_GapGuard-Raw_B3000,T,1343723075,1879155201,1767,Det/images/normal_train/01173866.png,0,01,learnable_hard,0.2407001104,0.98,0.1602699862,normal_replay,GapCritical-Strict
RUN_205,TRIAD_069,B04_GapGuard-Raw_B3000,T,1343723075,1879155201,1768,Det/images/normal_train/00160662.png,0,06,learnable_hard,0.3244531467,0.85,0.2016417428,normal_replay,GapCritical-Strict
RUN_205,TRIAD_069,B04_GapGuard-Raw_B3000,T,1343723075,1879155201,1769,Det/images/normal_train/00771778.png,0,03,learnable_hard,0.321013307,0.865,0.1758780331,normal_replay,GapCritical-Strict
RUN_205,TRIAD_069,B04_GapGuard-Raw_B3000,T,1343723075,1879155201,1770,Det/images/normal_train/01216627.png,0,01,learnable_hard,0.3342097266,0.905,0.172718081,normal_replay,GapCritical-Strict
RUN_205,TRIAD_069,B04_GapGuard-Raw_B3000,T,1343723075,1879155201,1771,Det/images/normal_train/00255912.png,0,08,learnable_hard,0.2803764911,0.845,0.1919812212,normal_replay,GapCritical-Strict
RUN_205,TRIAD_069,B04_GapGuard-Raw_B3000,T,1343723075,1879155201,1772,Det/images/normal_train/01160582.png,0,05,learnable_hard,0.1769174745,0.97,0.1780284311,normal_replay,GapCritical-Strict
RUN_205,TRIAD_069,B04_GapGuard-Raw_B3000,T,1343723075,1879155201,1773,Det/images/normal_train/00787158.png,0,09,learnable_hard,0.4961940945,0.35,0.200842429,normal_replay,GapCritical-Strict
RUN_205,TRIAD_069,B04_GapGuard-Raw_B3000,T,1343723075,1879155201,1774,Det/images/normal_train/00357972.png,0,09,learnable_hard,0.2989446649,0.87,0.1929652937,normal_replay,GapCritical-Strict
RUN_205,TRIAD_069,B04_GapGuard-Raw_B3000,T,1343723075,1879155201,1775,Det/images/normal_train/00187426.png,0,03,learnable_hard,0.4113590877,0.46,0.2089554417,normal_replay,GapCritical-Strict
RUN_205,TRIAD_069,B04_GapGuard-Raw_B3000,T,1343723075,1879155201,1776,Det/images/normal_train/00655165.png,0,08,learnable_hard,0.2059340526,0.97,0.1836225135,normal_replay,GapCritical-Strict
RUN_205,TRIAD_069,B04_GapGuard-Raw_B3000,T,1343723075,1879155201,1777,Det/images/normal_train/00591216.png,0,07,learnable_hard,0.3903537989,0.62,0.1933562391,normal_replay,GapCritical-Strict
RUN_205,TRIAD_069,B04_GapGuard-Raw_B3000,T,1343723075,1879155201,1778,Det/images/normal_train/00735482.png,0,07,learnable_hard,0.5751773503,0.235,0.2027855499,normal_replay,GapCritical-Strict
RUN_205,TRIAD_069,B04_GapGuard-Raw_B3000,T,1343723075,1879155201,1779,Det/images/normal_train/00864884.png,0,07,learnable_hard,0.3630480976,0.61,0.1892723572,normal_replay,GapCritical-Strict
RUN_205,TRIAD_069,B04_GapGuard-Raw_B3000,T,1343723075,1879155201,1780,Det/images/normal_train/01141737.png,0,08,learnable_hard,0.3989185456,0.665,0.1890590846,normal_replay,GapCritical-Strict
RUN_205,TRIAD_069,B04_GapGuard-Raw_B3000,T,1343723075,1879155201,1781,Det/images/normal_train/00511596.png,0,02,learnable_hard,0.2436492874,0.975,0.1933548165,normal_replay,GapCritical-Strict
RUN_205,TRIAD_069,B04_GapGuard-Raw_B3000,T,1343723075,1879155201,1782,Det/images/normal_train/00908351.png,0,06,learnable_hard,0.2704161363,0.885,0.1989410824,normal_replay,GapCritical-Strict
RUN_205,TRIAD_069,B04_GapGuard-Raw_B3000,T,1343723075,1879155201,1783,Det/images/normal_train/01175277.png,0,05,learnable_hard,0.1572019183,0.91,0.1798508895,normal_replay,GapCritical-Strict
RUN_205,TRIAD_069,B04_GapGuard-Raw_B3000,T,1343723075,1879155201,1784,Det/images/normal_train/00459629.png,0,02,learnable_hard,0.4091310457,0.585,0.2494882477,normal_replay,GapCritical-Strict
RUN_205,TRIAD_069,B04_GapGuard-Raw_B3000,T,1343723075,1879155201,1785,Det/images/normal_train/00358491.png,0,04,learnable_hard,0.2154630729,0.92,0.1882159602,normal_replay,GapCritical-Strict
RUN_205,TRIAD_069,B04_GapGuard-Raw_B3000,T,1343723075,1879155201,1786,Det/images/normal_train/01004793.png,0,07,learnable_hard,0.1605882927,0.985,0.179867533,normal_replay,GapCritical-Strict
RUN_205,TRIAD_069,B04_GapGuard-Raw_B3000,T,1343723075,1879155201,1787,Det/images/normal_train/01113801.png,0,07,learnable_hard,0.3256686946,0.9,0.1719174722,normal_replay,GapCritical-Strict
RUN_205,TRIAD_069,B04_GapGuard-Raw_B3000,T,1343723075,1879155201,1788,Det/images/normal_train/01139357.png,0,05,learnable_hard,0.2536448697,0.885,0.1834509226,normal_replay,GapCritical-Strict
RUN_205,TRIAD_069,B04_GapGuard-Raw_B3000,T,1343723075,1879155201,1789,Det/images/normal_train/01106880.png,0,00,learnable_hard,0.2468956968,0.925,0.1862677418,normal_replay,GapCritical-Strict
RUN_205,TRIAD_069,B04_GapGuard-Raw_B3000,T,1343723075,1879155201,1790,Det/images/normal_train/00282215.png,0,04,learnable_hard,0.3275415849,0.86,0.1847176243,normal_replay,GapCritical-Strict
RUN_205,TRIAD_069,B04_GapGuard-Raw_B3000,T,1343723075,1879155201,1791,Det/images/normal_train/00344835.png,0,00,learnable_hard,0.6717621586,0.17,0.2156549736,normal_replay,GapCritical-Strict
RUN_205,TRIAD_069,B04_GapGuard-Raw_B3000,T,1343723075,1879155201,1792,Det/images/normal_train/00883543.png,0,05,learnable_hard,0.292884079,0.91,0.1618940625,normal_replay,GapCritical-Strict
RUN_205,TRIAD_069,B04_GapGuard-Raw_B3000,T,1343723075,1879155201,1793,Det/images/normal_train/00594949.png,0,06,learnable_hard,0.1609132786,0.965,0.1748159395,normal_replay,GapCritical-Strict
RUN_205,TRIAD_069,B04_GapGuard-Raw_B3000,T,1343723075,1879155201,1794,Det/images/normal_train/01084977.png,0,01,learnable_hard,0.2264979104,0.89,0.2270486997,normal_replay,GapCritical-Strict
RUN_205,TRIAD_069,B04_GapGuard-Raw_B3000,T,1343723075,1879155201,1795,Det/images/normal_train/00753011.png,0,01,learnable_hard,0.5747672839,0.235,0.2359542519,normal_replay,GapCritical-Strict
RUN_205,TRIAD_069,B04_GapGuard-Raw_B3000,T,1343723075,1879155201,1796,Det/images/normal_train/00413048.png,0,08,learnable_hard,0.7113481925,0.09,0.1880879429,normal_replay,GapCritical-Strict
RUN_205,TRIAD_069,B04_GapGuard-Raw_B3000,T,1343723075,1879155201,1797,Det/images/normal_train/01126513.png,0,06,learnable_hard,0.2815954622,0.965,0.1805611376,normal_replay,GapCritical-Strict
RUN_205,TRIAD_069,B04_GapGuard-Raw_B3000,T,1343723075,1879155201,1798,Det/images/normal_train/00987381.png,0,05,learnable_hard,0.2374516124,0.965,0.1818459993,normal_replay,GapCritical-Strict
RUN_205,TRIAD_069,B04_GapGuard-Raw_B3000,T,1343723075,1879155201,1799,Det/images/normal_train/00493222.png,0,03,learnable_hard,0.3743731222,0.64,0.2565350146,normal_replay,GapCritical-Strict
RUN_205,TRIAD_069,B04_GapGuard-Raw_B3000,T,1343723075,1879155201,1800,Det/images/normal_train/00897002.png,0,00,learnable_hard,0.3429883488,0.79,0.1961893612,normal_replay,GapCritical-Strict
RUN_205,TRIAD_069,B04_GapGuard-Raw_B3000,T,1343723075,1879155201,1801,Det/images/normal_train/00925036.png,0,09,learnable_hard,0.3513684472,0.66,0.2048448352,normal_replay,GapCritical-Strict
RUN_205,TRIAD_069,B04_GapGuard-Raw_B3000,T,1343723075,1879155201,1802,Det/images/normal_train/00364517.png,0,08,learnable_hard,0.2498964852,0.98,0.1837213422,normal_replay,GapCritical-Strict
RUN_205,TRIAD_069,B04_GapGuard-Raw_B3000,T,1343723075,1879155201,1803,Det/images/normal_train/00619233.png,0,04,learnable_hard,0.3269097224,0.905,0.1717539133,normal_replay,GapCritical-Strict
RUN_205,TRIAD_069,B04_GapGuard-Raw_B3000,T,1343723075,1879155201,1804,Det/images/normal_train/00886277.png,0,09,learnable_hard,0.3246777919,0.885,0.1852294662,normal_replay,GapCritical-Strict
RUN_205,TRIAD_069,B04_GapGuard-Raw_B3000,T,1343723075,1879155201,1805,Det/images/normal_train/00974326.png,0,05,learnable_hard,0.3921753412,0.6,0.171120927,normal_replay,GapCritical-Strict
RUN_205,TRIAD_069,B04_GapGuard-Raw_B3000,T,1343723075,1879155201,1806,Det/images/normal_train/00783737.png,0,01,learnable_hard,0.3850459058,0.605,0.2145053835,normal_replay,GapCritical-Strict
RUN_205,TRIAD_069,B04_GapGuard-Raw_B3000,T,1343723075,1879155201,1807,Det/images/normal_train/00969567.png,0,04,learnable_hard,0.1804453207,0.975,0.1849033777,normal_replay,GapCritical-Strict
RUN_205,TRIAD_069,B04_GapGuard-Raw_B3000,T,1343723075,1879155201,1808,Det/images/normal_train/00786485.png,0,03,learnable_hard,0.2715206817,0.965,0.1747142625,normal_replay,GapCritical-Strict
RUN_205,TRIAD_069,B04_GapGuard-Raw_B3000,T,1343723075,1879155201,1809,Det/images/normal_train/01059139.png,0,03,learnable_hard,0.2997527573,0.99,0.1615190268,normal_replay,GapCritical-Strict
RUN_205,TRIAD_069,B04_GapGuard-Raw_B3000,T,1343723075,1879155201,1810,Det/images/normal_train/01286598.png,0,00,learnable_hard,0.1996487546,0.98,0.1976061544,normal_replay,GapCritical-Strict
RUN_205,TRIAD_069,B04_GapGuard-Raw_B3000,T,1343723075,1879155201,1811,Det/images/normal_train/01071148.png,0,04,learnable_hard,0.2709131307,0.895,0.2040666686,normal_replay,GapCritical-Strict
RUN_205,TRIAD_069,B04_GapGuard-Raw_B3000,T,1343723075,1879155201,1812,Det/images/normal_train/00841834.png,0,04,learnable_hard,0.289836602,0.855,0.2794910788,normal_replay,GapCritical-Strict
RUN_205,TRIAD_069,B04_GapGuard-Raw_B3000,T,1343723075,1879155201,1813,Det/images/normal_train/00443173.png,0,00,learnable_hard,0.1696072254,0.91,0.1915180472,normal_replay,GapCritical-Strict
RUN_205,TRIAD_069,B04_GapGuard-Raw_B3000,T,1343723075,1879155201,1814,Det/images/normal_train/00163239.png,0,08,learnable_hard,0.1872955653,0.9,0.1698380345,normal_replay,GapCritical-Strict
RUN_205,TRIAD_069,B04_GapGuard-Raw_B3000,T,1343723075,1879155201,1815,Det/images/normal_train/01295445.png,0,04,learnable_hard,0.3279453912,0.835,0.1888314762,normal_replay,GapCritical-Strict
RUN_205,TRIAD_069,B04_GapGuard-Raw_B3000,T,1343723075,1879155201,1816,Det/images/normal_train/00324123.png,0,00,learnable_hard,0.2304970198,0.97,0.1832159163,normal_replay,GapCritical-Strict
RUN_205,TRIAD_069,B04_GapGuard-Raw_B3000,T,1343723075,1879155201,1817,Det/images/normal_train/00864878.png,0,07,learnable_hard,0.2733413554,0.905,0.1804227376,normal_replay,GapCritical-Strict
RUN_205,TRIAD_069,B04_GapGuard-Raw_B3000,T,1343723075,1879155201,1818,Det/images/normal_train/00325869.png,0,00,learnable_hard,0.3734970486,0.68,0.1834175754,normal_replay,GapCritical-Strict
RUN_205,TRIAD_069,B04_GapGuard-Raw_B3000,T,1343723075,1879155201,1819,Det/images/normal_train/00998567.png,0,03,learnable_hard,0.1636122796,0.975,0.1736279726,normal_replay,GapCritical-Strict
RUN_205,TRIAD_069,B04_GapGuard-Raw_B3000,T,1343723075,1879155201,1820,Det/images/normal_train/00694890.png,0,00,learnable_hard,0.1834528477,0.855,0.2305818083,normal_replay,GapCritical-Strict
RUN_205,TRIAD_069,B04_GapGuard-Raw_B3000,T,1343723075,1879155201,1821,Det/images/normal_train/01277219.png,0,07,learnable_hard,0.4292630892,0.56,0.1999140879,normal_replay,GapCritical-Strict
RUN_205,TRIAD_069,B04_GapGuard-Raw_B3000,T,1343723075,1879155201,1822,Det/images/normal_train/00198342.png,0,04,learnable_hard,0.7909347543,0.105,0.1937184688,normal_replay,GapCritical-Strict
RUN_205,TRIAD_069,B04_GapGuard-Raw_B3000,T,1343723075,1879155201,1823,Det/images/normal_train/00631740.png,0,08,learnable_hard,0.1801767824,0.98,0.1611778097,normal_replay,GapCritical-Strict
RUN_205,TRIAD_069,B04_GapGuard-Raw_B3000,T,1343723075,1879155201,1824,Det/images/normal_train/01092093.png,0,03,learnable_hard,0.6946020427,0.14,0.2044260693,normal_replay,GapCritical-Strict
RUN_205,TRIAD_069,B04_GapGuard-Raw_B3000,T,1343723075,1879155201,1825,Det/images/normal_train/00575062.png,0,00,learnable_hard,0.2781206126,0.83,0.2089954616,normal_replay,GapCritical-Strict
RUN_205,TRIAD_069,B04_GapGuard-Raw_B3000,T,1343723075,1879155201,1826,Det/images/normal_train/00773233.png,0,01,learnable_hard,0.2537063079,0.91,0.1949513034,normal_replay,GapCritical-Strict
RUN_205,TRIAD_069,B04_GapGuard-Raw_B3000,T,1343723075,1879155201,1827,Det/images/normal_train/01187620.png,0,07,learnable_hard,0.2518557774,0.985,0.1730574489,normal_replay,GapCritical-Strict
RUN_205,TRIAD_069,B04_GapGuard-Raw_B3000,T,1343723075,1879155201,1828,Det/images/normal_train/01085275.png,0,07,learnable_hard,0.3677986301,0.615,0.207047679,normal_replay,GapCritical-Strict
RUN_205,TRIAD_069,B04_GapGuard-Raw_B3000,T,1343723075,1879155201,1829,Det/images/normal_train/00686753.png,0,08,learnable_hard,0.7504535985,0.08,0.1793790953,normal_replay,GapCritical-Strict
RUN_205,TRIAD_069,B04_GapGuard-Raw_B3000,T,1343723075,1879155201,1830,Det/images/normal_train/00463273.png,0,09,learnable_hard,0.1891436471,0.98,0.1779921118,normal_replay,GapCritical-Strict
RUN_205,TRIAD_069,B04_GapGuard-Raw_B3000,T,1343723075,1879155201,1831,Det/images/normal_train/01032375.png,0,02,learnable_hard,0.482708258,0.69,0.2290930488,normal_replay,GapCritical-Strict
RUN_205,TRIAD_069,B04_GapGuard-Raw_B3000,T,1343723075,1879155201,1832,Det/images/normal_train/00399110.png,0,08,learnable_hard,0.2888930513,0.985,0.1719762133,normal_replay,GapCritical-Strict
RUN_205,TRIAD_069,B04_GapGuard-Raw_B3000,T,1343723075,1879155201,1833,Det/images/normal_train/00771849.png,0,03,learnable_hard,0.2218663583,0.975,0.1779125194,normal_replay,GapCritical-Strict
RUN_205,TRIAD_069,B04_GapGuard-Raw_B3000,T,1343723075,1879155201,1834,Det/images/normal_train/00386352.png,0,01,learnable_hard,0.2953764952,0.855,0.1800990647,normal_replay,GapCritical-Strict
RUN_205,TRIAD_069,B04_GapGuard-Raw_B3000,T,1343723075,1879155201,1835,Det/images/normal_train/00886053.png,0,09,learnable_hard,0.4967142068,0.365,0.2282331978,normal_replay,GapCritical-Strict
RUN_205,TRIAD_069,B04_GapGuard-Raw_B3000,T,1343723075,1879155201,1836,Det/images/normal_train/01118087.png,0,02,learnable_hard,0.2822747961,0.79,0.2102014272,normal_replay,GapCritical-Strict
RUN_205,TRIAD_069,B04_GapGuard-Raw_B3000,T,1343723075,1879155201,1837,Det/images/normal_train/00981809.png,0,05,learnable_hard,0.2669818157,0.81,0.1915407618,normal_replay,GapCritical-Strict
RUN_205,TRIAD_069,B04_GapGuard-Raw_B3000,T,1343723075,1879155201,1838,Det/images/normal_train/00351236.png,0,03,learnable_hard,0.4996360881,0.525,0.2180637866,normal_replay,GapCritical-Strict
RUN_205,TRIAD_069,B04_GapGuard-Raw_B3000,T,1343723075,1879155201,1839,Det/images/normal_train/00595617.png,0,01,learnable_hard,0.6662180537,0.235,0.2013175566,normal_replay,GapCritical-Strict
RUN_205,TRIAD_069,B04_GapGuard-Raw_B3000,T,1343723075,1879155201,1840,Det/images/normal_train/01213595.png,0,03,learnable_hard,0.2224774957,0.975,0.1749547685,normal_replay,GapCritical-Strict
RUN_205,TRIAD_069,B04_GapGuard-Raw_B3000,T,1343723075,1879155201,1841,Det/images/normal_train/00677349.png,0,01,learnable_hard,0.6708603235,0.2,0.2127303734,normal_replay,GapCritical-Strict
RUN_205,TRIAD_069,B04_GapGuard-Raw_B3000,T,1343723075,1879155201,1842,Det/images/normal_train/01234798.png,0,08,learnable_hard,0.3375412144,0.845,0.193809148,normal_replay,GapCritical-Strict
RUN_205,TRIAD_069,B04_GapGuard-Raw_B3000,T,1343723075,1879155201,1843,Det/images/normal_train/01076767.png,0,06,learnable_hard,0.2171091252,0.9,0.1975393707,normal_replay,GapCritical-Strict
RUN_205,TRIAD_069,B04_GapGuard-Raw_B3000,T,1343723075,1879155201,1844,Det/images/normal_train/00213029.png,0,03,learnable_hard,0.6017637166,0.22,0.1735937896,normal_replay,GapCritical-Strict
RUN_205,TRIAD_069,B04_GapGuard-Raw_B3000,T,1343723075,1879155201,1845,Det/images/normal_train/01176931.png,0,02,learnable_hard,0.5195881306,0.36,0.2252351437,normal_replay,GapCritical-Strict
RUN_205,TRIAD_069,B04_GapGuard-Raw_B3000,T,1343723075,1879155201,1846,Det/images/normal_train/00616771.png,0,00,learnable_hard,0.6946176326,0.15,0.2081491127,normal_replay,GapCritical-Strict
RUN_205,TRIAD_069,B04_GapGuard-Raw_B3000,T,1343723075,1879155201,1847,Det/images/normal_train/00320165.png,0,01,learnable_hard,0.2712537317,0.795,0.2484828977,normal_replay,GapCritical-Strict
RUN_205,TRIAD_069,B04_GapGuard-Raw_B3000,T,1343723075,1879155201,1848,Det/images/normal_train/00240481.png,0,07,learnable_hard,0.606195986,0.25,0.1777860514,normal_replay,GapCritical-Strict
RUN_205,TRIAD_069,B04_GapGuard-Raw_B3000,T,1343723075,1879155201,1849,Det/images/normal_train/01012959.png,0,00,learnable_hard,0.2511723723,0.795,0.2233009622,normal_replay,GapCritical-Strict
RUN_205,TRIAD_069,B04_GapGuard-Raw_B3000,T,1343723075,1879155201,1850,Det/images/normal_train/00333636.png,0,00,learnable_hard,0.2975820501,0.84,0.1932817691,normal_replay,GapCritical-Strict
RUN_205,TRIAD_069,B04_GapGuard-Raw_B3000,T,1343723075,1879155201,1851,Det/images/normal_train/01116593.png,0,04,learnable_hard,0.4191869177,0.495,0.1974042834,normal_replay,GapCritical-Strict
RUN_205,TRIAD_069,B04_GapGuard-Raw_B3000,T,1343723075,1879155201,1852,Det/images/normal_train/00778989.png,0,02,learnable_hard,0.3331706113,0.755,0.2183835014,normal_replay,GapCritical-Strict
RUN_205,TRIAD_069,B04_GapGuard-Raw_B3000,T,1343723075,1879155201,1853,Det/images/normal_train/00167048.png,0,04,learnable_hard,0.1641098829,0.96,0.1738649228,normal_replay,GapCritical-Strict
RUN_205,TRIAD_069,B04_GapGuard-Raw_B3000,T,1343723075,1879155201,1854,Det/images/normal_train/01138255.png,0,02,learnable_hard,0.3522551838,0.71,0.1873989102,normal_replay,GapCritical-Strict
RUN_205,TRIAD_069,B04_GapGuard-Raw_B3000,T,1343723075,1879155201,1855,Det/images/normal_train/00591603.png,0,07,learnable_hard,0.1894683126,0.97,0.1943381483,normal_replay,GapCritical-Strict
RUN_205,TRIAD_069,B04_GapGuard-Raw_B3000,T,1343723075,1879155201,1856,Det/images/normal_train/00735503.png,0,07,learnable_hard,0.420221846,0.58,0.1913552368,normal_replay,GapCritical-Strict
RUN_205,TRIAD_069,B04_GapGuard-Raw_B3000,T,1343723075,1879155201,1857,Det/images/normal_train/01288808.png,0,07,learnable_hard,0.2940607163,0.955,0.1882836638,normal_replay,GapCritical-Strict
RUN_205,TRIAD_069,B04_GapGuard-Raw_B3000,T,1343723075,1879155201,1858,Det/images/normal_train/01040412.png,0,06,learnable_hard,0.4051160165,0.66,0.2149610181,normal_replay,GapCritical-Strict
RUN_205,TRIAD_069,B04_GapGuard-Raw_B3000,T,1343723075,1879155201,1859,Det/images/normal_train/00808702.png,0,03,learnable_hard,0.4543008977,0.54,0.1846919685,normal_replay,GapCritical-Strict
RUN_205,TRIAD_069,B04_GapGuard-Raw_B3000,T,1343723075,1879155201,1860,Det/images/normal_train/00539669.png,0,06,learnable_hard,0.2897150159,0.84,0.1921115071,normal_replay,GapCritical-Strict
RUN_205,TRIAD_069,B04_GapGuard-Raw_B3000,T,1343723075,1879155201,1861,Det/images/normal_train/01031651.png,0,09,learnable_hard,0.2492056721,0.94,0.1779441172,normal_replay,GapCritical-Strict
RUN_205,TRIAD_069,B04_GapGuard-Raw_B3000,T,1343723075,1879155201,1862,Det/images/normal_train/01062639.png,0,08,learnable_hard,0.173640373,0.95,0.1523144558,normal_replay,GapCritical-Strict
RUN_205,TRIAD_069,B04_GapGuard-Raw_B3000,T,1343723075,1879155201,1863,Det/images/normal_train/00413992.png,0,08,learnable_hard,0.1688305858,0.975,0.1654735394,normal_replay,GapCritical-Strict
RUN_205,TRIAD_069,B04_GapGuard-Raw_B3000,T,1343723075,1879155201,1864,Det/images/normal_train/00996227.png,0,04,learnable_hard,0.3000821971,0.83,0.2113668243,normal_replay,GapCritical-Strict
RUN_205,TRIAD_069,B04_GapGuard-Raw_B3000,T,1343723075,1879155201,1865,Det/images/normal_train/00606898.png,0,00,learnable_hard,0.2920561736,0.76,0.2108755985,normal_replay,GapCritical-Strict
RUN_205,TRIAD_069,B04_GapGuard-Raw_B3000,T,1343723075,1879155201,1866,Det/images/normal_train/01071388.png,0,04,learnable_hard,0.2210701846,0.925,0.1695104239,normal_replay,GapCritical-Strict
RUN_205,TRIAD_069,B04_GapGuard-Raw_B3000,T,1343723075,1879155201,1867,Det/images/normal_train/00428724.png,0,04,learnable_hard,0.1632138568,0.97,0.1856392596,normal_replay,GapCritical-Strict
RUN_205,TRIAD_069,B04_GapGuard-Raw_B3000,T,1343723075,1879155201,1868,Det/images/normal_train/00397792.png,0,06,learnable_hard,0.2599573188,0.93,0.1773554129,normal_replay,GapCritical-Strict
RUN_205,TRIAD_069,B04_GapGuard-Raw_B3000,T,1343723075,1879155201,1869,Det/images/normal_train/00786563.png,0,03,learnable_hard,0.2529601039,0.975,0.1585431865,normal_replay,GapCritical-Strict
RUN_205,TRIAD_069,B04_GapGuard-Raw_B3000,T,1343723075,1879155201,1870,Det/images/normal_train/00187521.png,0,03,learnable_hard,0.4640337992,0.495,0.1982711402,normal_replay,GapCritical-Strict
RUN_205,TRIAD_069,B04_GapGuard-Raw_B3000,T,1343723075,1879155201,1871,Det/images/normal_train/00382953.png,0,00,learnable_hard,0.3107516161,0.785,0.2214278607,normal_replay,GapCritical-Strict
RUN_205,TRIAD_069,B04_GapGuard-Raw_B3000,T,1343723075,1879155201,1872,Det/images/normal_train/00558221.png,0,06,learnable_hard,0.208754439,0.97,0.1671106884,normal_replay,GapCritical-Strict
RUN_205,TRIAD_069,B04_GapGuard-Raw_B3000,T,1343723075,1879155201,1873,Det/images/normal_train/00497665.png,0,01,learnable_hard,0.2022740769,0.965,0.1707750136,normal_replay,GapCritical-Strict
RUN_205,TRIAD_069,B04_GapGuard-Raw_B3000,T,1343723075,1879155201,1874,Det/images/normal_train/00231469.png,0,08,learnable_hard,0.2985290751,0.94,0.1876584854,normal_replay,GapCritical-Strict
RUN_205,TRIAD_069,B04_GapGuard-Raw_B3000,T,1343723075,1879155201,1875,Det/images/normal_train/00229289.png,0,03,learnable_hard,0.1705670923,0.98,0.1633623001,normal_replay,GapCritical-Strict
RUN_205,TRIAD_069,B04_GapGuard-Raw_B3000,T,1343723075,1879155201,1876,Det/images/normal_train/00219457.png,0,09,learnable_hard,0.2456041218,0.9,0.1985399339,normal_replay,GapCritical-Strict
RUN_205,TRIAD_069,B04_GapGuard-Raw_B3000,T,1343723075,1879155201,1877,Det/images/normal_train/01245461.png,0,09,learnable_hard,0.1822040431,0.97,0.1798965927,normal_replay,GapCritical-Strict
RUN_205,TRIAD_069,B04_GapGuard-Raw_B3000,T,1343723075,1879155201,1878,Det/images/normal_train/00987235.png,0,05,learnable_hard,0.2146316525,0.94,0.1719381076,normal_replay,GapCritical-Strict
RUN_205,TRIAD_069,B04_GapGuard-Raw_B3000,T,1343723075,1879155201,1879,Det/images/normal_train/01001197.png,0,05,learnable_hard,0.7335708534,0.155,0.1850867822,normal_replay,GapCritical-Strict
RUN_205,TRIAD_069,B04_GapGuard-Raw_B3000,T,1343723075,1879155201,1880,Det/images/normal_train/00801397.png,0,06,learnable_hard,0.3003506386,0.87,0.1898934148,normal_replay,GapCritical-Strict
RUN_205,TRIAD_069,B04_GapGuard-Raw_B3000,T,1343723075,1879155201,1881,Det/images/normal_train/00290087.png,0,00,learnable_hard,0.50644355,0.385,0.2244460666,normal_replay,GapCritical-Strict
RUN_205,TRIAD_069,B04_GapGuard-Raw_B3000,T,1343723075,1879155201,1882,Det/images/normal_train/00923571.png,0,08,learnable_hard,0.3238056963,0.975,0.172892396,normal_replay,GapCritical-Strict
RUN_205,TRIAD_069,B04_GapGuard-Raw_B3000,T,1343723075,1879155201,1883,Det/images/normal_train/00983460.png,0,03,learnable_hard,0.6345776108,0.13,0.1889994148,normal_replay,GapCritical-Strict
RUN_205,TRIAD_069,B04_GapGuard-Raw_B3000,T,1343723075,1879155201,1884,Det/images/normal_train/01101254.png,0,00,learnable_hard,0.3485527782,0.66,0.2358606107,normal_replay,GapCritical-Strict
RUN_205,TRIAD_069,B04_GapGuard-Raw_B3000,T,1343723075,1879155201,1885,Det/images/normal_train/00961118.png,0,07,learnable_hard,0.3396699513,0.82,0.1668406758,normal_replay,GapCritical-Strict
RUN_205,TRIAD_069,B04_GapGuard-Raw_B3000,T,1343723075,1879155201,1886,Det/images/normal_train/00991757.png,0,00,learnable_hard,0.338985105,0.7,0.2084231749,normal_replay,GapCritical-Strict
RUN_205,TRIAD_069,B04_GapGuard-Raw_B3000,T,1343723075,1879155201,1887,Det/images/normal_train/01240574.png,0,03,learnable_hard,0.1962625933,0.98,0.1700269431,normal_replay,GapCritical-Strict
RUN_205,TRIAD_069,B04_GapGuard-Raw_B3000,T,1343723075,1879155201,1888,Det/images/normal_train/00348649.png,0,03,learnable_hard,0.1913484098,0.965,0.1836956627,normal_replay,GapCritical-Strict
RUN_205,TRIAD_069,B04_GapGuard-Raw_B3000,T,1343723075,1879155201,1889,Det/images/normal_train/00448105.png,0,04,learnable_hard,0.4325435536,0.515,0.2396803479,normal_replay,GapCritical-Strict
RUN_205,TRIAD_069,B04_GapGuard-Raw_B3000,T,1343723075,1879155201,1890,Det/images/normal_train/01250910.png,0,01,learnable_hard,0.2526363481,0.935,0.1654745522,normal_replay,GapCritical-Strict
RUN_205,TRIAD_069,B04_GapGuard-Raw_B3000,T,1343723075,1879155201,1891,Det/images/normal_train/00636730.png,0,08,learnable_hard,0.1754086427,0.96,0.169484561,normal_replay,GapCritical-Strict
RUN_205,TRIAD_069,B04_GapGuard-Raw_B3000,T,1343723075,1879155201,1892,Det/images/normal_train/00529652.png,0,03,learnable_hard,0.2322521578,0.925,0.1851610003,normal_replay,GapCritical-Strict
RUN_205,TRIAD_069,B04_GapGuard-Raw_B3000,T,1343723075,1879155201,1893,Det/images/normal_train/00565165.png,0,04,learnable_hard,0.2875545702,0.89,0.1785991298,normal_replay,GapCritical-Strict
RUN_205,TRIAD_069,B04_GapGuard-Raw_B3000,T,1343723075,1879155201,1894,Det/images/normal_train/00714684.png,0,06,learnable_hard,0.1919211766,0.99,0.1760719788,normal_replay,GapCritical-Strict
RUN_205,TRIAD_069,B04_GapGuard-Raw_B3000,T,1343723075,1879155201,1895,Det/images/normal_train/00876725.png,0,04,learnable_hard,0.3221382007,0.78,0.2183034786,normal_replay,GapCritical-Strict
RUN_205,TRIAD_069,B04_GapGuard-Raw_B3000,T,1343723075,1879155201,1896,Det/images/normal_train/01007960.png,0,01,learnable_hard,0.7232019891,0.115,0.1614555988,normal_replay,GapCritical-Strict
RUN_205,TRIAD_069,B04_GapGuard-Raw_B3000,T,1343723075,1879155201,1897,Det/images/normal_train/01280258.png,0,03,learnable_hard,0.2391030878,0.94,0.1818311243,normal_replay,GapCritical-Strict
RUN_205,TRIAD_069,B04_GapGuard-Raw_B3000,T,1343723075,1879155201,1898,Det/images/normal_train/00636802.png,0,08,learnable_hard,0.6104482328,0.25,0.2058081187,normal_replay,GapCritical-Strict
RUN_205,TRIAD_069,B04_GapGuard-Raw_B3000,T,1343723075,1879155201,1899,Det/images/normal_train/01026170.png,0,07,learnable_hard,0.2181283557,0.98,0.1639399648,normal_replay,GapCritical-Strict
RUN_205,TRIAD_069,B04_GapGuard-Raw_B3000,T,1343723075,1879155201,1900,Det/images/normal_train/00353011.png,0,02,learnable_hard,0.1849436234,0.935,0.1854092312,normal_replay,GapCritical-Strict
RUN_205,TRIAD_069,B04_GapGuard-Raw_B3000,T,1343723075,1879155201,1901,Det/images/normal_train/00895398.png,0,09,learnable_hard,0.3287816316,0.865,0.1849348814,normal_replay,GapCritical-Strict
RUN_205,TRIAD_069,B04_GapGuard-Raw_B3000,T,1343723075,1879155201,1902,Det/images/normal_train/00766328.png,0,07,learnable_hard,0.3098887216,0.835,0.2542816116,normal_replay,GapCritical-Strict
RUN_205,TRIAD_069,B04_GapGuard-Raw_B3000,T,1343723075,1879155201,1903,Det/images/normal_train/00748300.png,0,04,learnable_hard,0.1967244724,0.905,0.1635834949,normal_replay,GapCritical-Strict
RUN_205,TRIAD_069,B04_GapGuard-Raw_B3000,T,1343723075,1879155201,1904,Det/images/normal_train/01049931.png,0,08,learnable_hard,0.2290607902,0.97,0.177947861,normal_replay,GapCritical-Strict
RUN_205,TRIAD_069,B04_GapGuard-Raw_B3000,T,1343723075,1879155201,1905,Det/images/normal_train/00214581.png,0,09,learnable_hard,0.1800140043,0.985,0.1750790668,normal_replay,GapCritical-Strict
RUN_205,TRIAD_069,B04_GapGuard-Raw_B3000,T,1343723075,1879155201,1906,Det/images/normal_train/00724544.png,0,07,learnable_hard,0.2440379539,0.98,0.1595473546,normal_replay,GapCritical-Strict
RUN_205,TRIAD_069,B04_GapGuard-Raw_B3000,T,1343723075,1879155201,1907,Det/images/normal_train/00786416.png,0,03,learnable_hard,0.1753568858,0.935,0.2020960253,normal_replay,GapCritical-Strict
RUN_205,TRIAD_069,B04_GapGuard-Raw_B3000,T,1343723075,1879155201,1908,Det/images/normal_train/00515936.png,0,03,learnable_hard,0.648191831,0.25,0.1884690791,normal_replay,GapCritical-Strict
RUN_205,TRIAD_069,B04_GapGuard-Raw_B3000,T,1343723075,1879155201,1909,Det/images/normal_train/00958138.png,0,05,learnable_hard,0.278239782,0.9,0.1855105815,normal_replay,GapCritical-Strict
RUN_205,TRIAD_069,B04_GapGuard-Raw_B3000,T,1343723075,1879155201,1910,Det/images/normal_train/00539066.png,0,06,learnable_hard,0.2806633559,0.815,0.1902522122,normal_replay,GapCritical-Strict
RUN_205,TRIAD_069,B04_GapGuard-Raw_B3000,T,1343723075,1879155201,1911,Det/images/normal_train/00554332.png,0,03,learnable_hard,0.176174697,0.99,0.1746417183,normal_replay,GapCritical-Strict
RUN_205,TRIAD_069,B04_GapGuard-Raw_B3000,T,1343723075,1879155201,1912,Det/images/normal_train/00603085.png,0,09,learnable_hard,0.1995378634,0.91,0.1764069883,normal_replay,GapCritical-Strict
RUN_205,TRIAD_069,B04_GapGuard-Raw_B3000,T,1343723075,1879155201,1913,Det/images/normal_train/00816804.png,0,00,learnable_hard,0.6821015519,0.165,0.2325192694,normal_replay,GapCritical-Strict
RUN_205,TRIAD_069,B04_GapGuard-Raw_B3000,T,1343723075,1879155201,1914,Det/images/normal_train/00786364.png,0,03,learnable_hard,0.4896844943,0.395,0.2514158993,normal_replay,GapCritical-Strict
RUN_205,TRIAD_069,B04_GapGuard-Raw_B3000,T,1343723075,1879155201,1915,Det/images/normal_train/00880384.png,0,07,learnable_hard,0.1943972951,0.995,0.1748545304,normal_replay,GapCritical-Strict
RUN_205,TRIAD_069,B04_GapGuard-Raw_B3000,T,1343723075,1879155201,1916,Det/images/normal_train/01136782.png,0,07,learnable_hard,0.6081610448,0.175,0.2018005233,normal_replay,GapCritical-Strict
RUN_205,TRIAD_069,B04_GapGuard-Raw_B3000,T,1343723075,1879155201,1917,Det/images/normal_train/01052874.png,0,01,learnable_hard,0.5777237581,0.18,0.1753934591,normal_replay,GapCritical-Strict
RUN_205,TRIAD_069,B04_GapGuard-Raw_B3000,T,1343723075,1879155201,1918,Det/images/normal_train/00810320.png,0,09,learnable_hard,0.2140211898,0.955,0.1638566956,normal_replay,GapCritical-Strict
RUN_205,TRIAD_069,B04_GapGuard-Raw_B3000,T,1343723075,1879155201,1919,Det/images/normal_train/00382958.png,0,00,learnable_hard,0.4649716002,0.43,0.2017601013,normal_replay,GapCritical-Strict
RUN_205,TRIAD_069,B04_GapGuard-Raw_B3000,T,1343723075,1879155201,1920,Det/images/normal_train/01065145.png,0,08,learnable_hard,0.6708327928,0.165,0.2121022059,normal_replay,GapCritical-Strict
RUN_205,TRIAD_069,B04_GapGuard-Raw_B3000,T,1343723075,1879155201,1921,Det/images/normal_train/00874072.png,0,06,learnable_hard,0.1555886413,0.96,0.1762846712,normal_replay,GapCritical-Strict
RUN_205,TRIAD_069,B04_GapGuard-Raw_B3000,T,1343723075,1879155201,1922,Det/images/normal_train/00239567.png,0,09,learnable_hard,0.3857695954,0.81,0.1831483889,normal_replay,GapCritical-Strict
RUN_205,TRIAD_069,B04_GapGuard-Raw_B3000,T,1343723075,1879155201,1923,Det/images/normal_train/01263942.png,0,07,learnable_hard,0.3167889906,0.805,0.1765281831,normal_replay,GapCritical-Strict
RUN_205,TRIAD_069,B04_GapGuard-Raw_B3000,T,1343723075,1879155201,1924,Det/images/normal_train/00541958.png,0,08,learnable_hard,0.2002854961,0.93,0.1730623812,normal_replay,GapCritical-Strict
RUN_205,TRIAD_069,B04_GapGuard-Raw_B3000,T,1343723075,1879155201,1925,Det/images/normal_train/01281067.png,0,05,learnable_hard,0.1686519588,0.945,0.1715827617,normal_replay,GapCritical-Strict
RUN_205,TRIAD_069,B04_GapGuard-Raw_B3000,T,1343723075,1879155201,1926,Det/images/normal_train/01239459.png,0,04,learnable_hard,0.1344384713,0.98,0.1720556899,normal_replay,GapCritical-Strict
RUN_205,TRIAD_069,B04_GapGuard-Raw_B3000,T,1343723075,1879155201,1927,Det/images/normal_train/00530192.png,0,01,learnable_hard,0.2398570116,0.895,0.178152129,normal_replay,GapCritical-Strict
RUN_205,TRIAD_069,B04_GapGuard-Raw_B3000,T,1343723075,1879155201,1928,Det/images/normal_train/00282467.png,0,04,learnable_hard,0.2701028634,0.915,0.1849078996,normal_replay,GapCritical-Strict
RUN_205,TRIAD_069,B04_GapGuard-Raw_B3000,T,1343723075,1879155201,1929,Det/images/normal_train/01155072.png,0,07,learnable_hard,0.6538559909,0.255,0.253636192,normal_replay,GapCritical-Strict
RUN_205,TRIAD_069,B04_GapGuard-Raw_B3000,T,1343723075,1879155201,1930,Det/images/normal_train/00171234.png,0,02,learnable_hard,0.2710782371,0.97,0.1753198168,normal_replay,GapCritical-Strict
RUN_205,TRIAD_069,B04_GapGuard-Raw_B3000,T,1343723075,1879155201,1931,Det/images/normal_train/01024453.png,0,01,learnable_hard,0.2268658588,0.95,0.1755786882,normal_replay,GapCritical-Strict
RUN_205,TRIAD_069,B04_GapGuard-Raw_B3000,T,1343723075,1879155201,1932,Det/images/normal_train/00691208.png,0,07,learnable_hard,0.1456378725,0.985,0.170282209,normal_replay,GapCritical-Strict
RUN_205,TRIAD_069,B04_GapGuard-Raw_B3000,T,1343723075,1879155201,1933,Det/images/normal_train/00869890.png,0,03,learnable_hard,0.2329241696,0.915,0.1793567629,normal_replay,GapCritical-Strict
RUN_205,TRIAD_069,B04_GapGuard-Raw_B3000,T,1343723075,1879155201,1934,Det/images/normal_train/00566454.png,0,07,learnable_hard,0.2848337574,0.865,0.1916126883,normal_replay,GapCritical-Strict
RUN_205,TRIAD_069,B04_GapGuard-Raw_B3000,T,1343723075,1879155201,1935,Det/images/normal_train/00615216.png,0,01,learnable_hard,0.1946324388,0.985,0.1760547904,normal_replay,GapCritical-Strict
RUN_205,TRIAD_069,B04_GapGuard-Raw_B3000,T,1343723075,1879155201,1936,Det/images/normal_train/01298211.png,0,00,learnable_hard,0.4193606466,0.61,0.1758540398,normal_replay,GapCritical-Strict
RUN_205,TRIAD_069,B04_GapGuard-Raw_B3000,T,1343723075,1879155201,1937,Det/images/normal_train/00922970.png,0,02,learnable_hard,0.1896102991,0.99,0.1742095445,normal_replay,GapCritical-Strict
RUN_205,TRIAD_069,B04_GapGuard-Raw_B3000,T,1343723075,1879155201,1938,Det/images/normal_train/00954061.png,0,03,learnable_hard,0.2378456876,0.88,0.1993536131,normal_replay,GapCritical-Strict
RUN_205,TRIAD_069,B04_GapGuard-Raw_B3000,T,1343723075,1879155201,1939,Det/images/normal_train/01080325.png,0,03,learnable_hard,0.3845718322,0.82,0.2032021492,normal_replay,GapCritical-Strict
RUN_205,TRIAD_069,B04_GapGuard-Raw_B3000,T,1343723075,1879155201,1940,Det/images/normal_train/00591630.png,0,07,learnable_hard,0.1886164454,0.925,0.2017916284,normal_replay,GapCritical-Strict
RUN_205,TRIAD_069,B04_GapGuard-Raw_B3000,T,1343723075,1879155201,1941,Det/images/normal_train/01080616.png,0,03,learnable_hard,0.6121513752,0.305,0.2314905532,normal_replay,GapCritical-Strict
RUN_205,TRIAD_069,B04_GapGuard-Raw_B3000,T,1343723075,1879155201,1942,Det/images/normal_train/00256428.png,0,03,learnable_hard,0.2684105446,0.975,0.1721985343,normal_replay,GapCritical-Strict
RUN_205,TRIAD_069,B04_GapGuard-Raw_B3000,T,1343723075,1879155201,1943,Det/images/normal_train/00581927.png,0,02,learnable_hard,0.283174378,0.965,0.1770484748,normal_replay,GapCritical-Strict
RUN_205,TRIAD_069,B04_GapGuard-Raw_B3000,T,1343723075,1879155201,1944,Det/images/normal_train/00244628.png,0,07,learnable_hard,0.1625604954,0.99,0.1692368974,normal_replay,GapCritical-Strict
RUN_205,TRIAD_069,B04_GapGuard-Raw_B3000,T,1343723075,1879155201,1945,Det/images/normal_train/00747294.png,0,06,learnable_hard,0.2718896891,0.91,0.1824406082,normal_replay,GapCritical-Strict
RUN_205,TRIAD_069,B04_GapGuard-Raw_B3000,T,1343723075,1879155201,1946,Det/images/normal_train/00509450.png,0,08,learnable_hard,0.1593348746,0.94,0.2042278292,normal_replay,GapCritical-Strict
RUN_205,TRIAD_069,B04_GapGuard-Raw_B3000,T,1343723075,1879155201,1947,Det/images/normal_train/01285778.png,0,08,learnable_hard,0.2474465127,0.89,0.1979108013,normal_replay,GapCritical-Strict
RUN_205,TRIAD_069,B04_GapGuard-Raw_B3000,T,1343723075,1879155201,1948,Det/images/normal_train/00991082.png,0,00,learnable_hard,0.3583142262,0.685,0.1751150916,normal_replay,GapCritical-Strict
RUN_205,TRIAD_069,B04_GapGuard-Raw_B3000,T,1343723075,1879155201,1949,Det/images/normal_train/01111203.png,0,07,learnable_hard,0.2375743411,0.97,0.1782806974,normal_replay,GapCritical-Strict
RUN_205,TRIAD_069,B04_GapGuard-Raw_B3000,T,1343723075,1879155201,1950,Det/images/normal_train/01291536.png,0,07,learnable_hard,0.2541277925,0.885,0.1984293669,normal_replay,GapCritical-Strict
RUN_205,TRIAD_069,B04_GapGuard-Raw_B3000,T,1343723075,1879155201,1951,Det/images/normal_train/00584281.png,0,05,learnable_hard,0.2223593503,0.925,0.1672943051,normal_replay,GapCritical-Strict
RUN_205,TRIAD_069,B04_GapGuard-Raw_B3000,T,1343723075,1879155201,1952,Det/images/normal_train/00400059.png,0,04,learnable_hard,0.1328885143,0.975,0.1722008272,normal_replay,GapCritical-Strict
RUN_205,TRIAD_069,B04_GapGuard-Raw_B3000,T,1343723075,1879155201,1953,Det/images/normal_train/00663077.png,0,08,learnable_hard,0.5613323855,0.335,0.2269817243,normal_replay,GapCritical-Strict
RUN_205,TRIAD_069,B04_GapGuard-Raw_B3000,T,1343723075,1879155201,1954,Det/images/normal_train/01092208.png,0,03,learnable_hard,0.2810238332,0.87,0.1861229368,normal_replay,GapCritical-Strict
RUN_205,TRIAD_069,B04_GapGuard-Raw_B3000,T,1343723075,1879155201,1955,Det/images/normal_train/00794802.png,0,08,learnable_hard,0.2214126416,0.945,0.1691791027,normal_replay,GapCritical-Strict
RUN_205,TRIAD_069,B04_GapGuard-Raw_B3000,T,1343723075,1879155201,1956,Det/images/normal_train/00509182.png,0,08,learnable_hard,0.2756966186,0.9,0.1921086908,normal_replay,GapCritical-Strict
RUN_205,TRIAD_069,B04_GapGuard-Raw_B3000,T,1343723075,1879155201,1957,Det/images/normal_train/00766008.png,0,07,learnable_hard,0.2043205998,0.975,0.1914369814,normal_replay,GapCritical-Strict
RUN_205,TRIAD_069,B04_GapGuard-Raw_B3000,T,1343723075,1879155201,1958,Det/images/normal_train/00558870.png,0,06,learnable_hard,0.351784924,0.73,0.1838039442,normal_replay,GapCritical-Strict
RUN_205,TRIAD_069,B04_GapGuard-Raw_B3000,T,1343723075,1879155201,1959,Det/images/normal_train/01086444.png,0,04,learnable_hard,0.3061564678,0.895,0.1822444628,normal_replay,GapCritical-Strict
RUN_205,TRIAD_069,B04_GapGuard-Raw_B3000,T,1343723075,1879155201,1960,Det/images/normal_train/01074972.png,0,04,learnable_hard,0.4197446409,0.535,0.1910281874,normal_replay,GapCritical-Strict
RUN_205,TRIAD_069,B04_GapGuard-Raw_B3000,T,1343723075,1879155201,1961,Det/images/normal_train/00922974.png,0,02,learnable_hard,0.1910388182,0.99,0.1765209327,normal_replay,GapCritical-Strict
RUN_205,TRIAD_069,B04_GapGuard-Raw_B3000,T,1343723075,1879155201,1962,Det/images/normal_train/00919702.png,0,04,learnable_hard,0.2392208885,0.98,0.1713368273,normal_replay,GapCritical-Strict
RUN_205,TRIAD_069,B04_GapGuard-Raw_B3000,T,1343723075,1879155201,1963,Det/images/normal_train/00356444.png,0,07,learnable_hard,0.178756385,0.99,0.1782208939,normal_replay,GapCritical-Strict
RUN_205,TRIAD_069,B04_GapGuard-Raw_B3000,T,1343723075,1879155201,1964,Det/images/normal_train/01053264.png,0,05,learnable_hard,0.3601647048,0.67,0.1947478998,normal_replay,GapCritical-Strict
RUN_205,TRIAD_069,B04_GapGuard-Raw_B3000,T,1343723075,1879155201,1965,Det/images/normal_train/00772066.png,0,01,learnable_hard,0.720585573,0.175,0.1659268706,normal_replay,GapCritical-Strict
RUN_205,TRIAD_069,B04_GapGuard-Raw_B3000,T,1343723075,1879155201,1966,Det/images/normal_train/00561869.png,0,09,learnable_hard,0.1338093584,0.96,0.1727055252,normal_replay,GapCritical-Strict
RUN_205,TRIAD_069,B04_GapGuard-Raw_B3000,T,1343723075,1879155201,1967,Det/images/normal_train/00771844.png,0,03,learnable_hard,0.1733030763,0.985,0.1652913734,normal_replay,GapCritical-Strict
RUN_205,TRIAD_069,B04_GapGuard-Raw_B3000,T,1343723075,1879155201,1968,Det/images/normal_train/00234300.png,0,06,learnable_hard,0.2649116402,0.815,0.1936570017,normal_replay,GapCritical-Strict
RUN_205,TRIAD_069,B04_GapGuard-Raw_B3000,T,1343723075,1879155201,1969,Det/images/normal_train/00807499.png,0,08,learnable_hard,0.19162546,0.985,0.1580721711,normal_replay,GapCritical-Strict
RUN_205,TRIAD_069,B04_GapGuard-Raw_B3000,T,1343723075,1879155201,1970,Det/images/normal_train/01025670.png,0,01,learnable_hard,0.2462528124,0.97,0.1500301685,normal_replay,GapCritical-Strict
RUN_205,TRIAD_069,B04_GapGuard-Raw_B3000,T,1343723075,1879155201,1971,Det/images/normal_train/01111316.png,0,07,learnable_hard,0.3811237207,0.7,0.203638117,normal_replay,GapCritical-Strict
RUN_205,TRIAD_069,B04_GapGuard-Raw_B3000,T,1343723075,1879155201,1972,Det/images/normal_train/00621121.png,0,07,learnable_hard,0.531501234,0.35,0.1841177324,normal_replay,GapCritical-Strict
RUN_205,TRIAD_069,B04_GapGuard-Raw_B3000,T,1343723075,1879155201,1973,Det/images/normal_train/00560412.png,0,01,learnable_hard,0.1484417352,0.995,0.172422359,normal_replay,GapCritical-Strict
RUN_205,TRIAD_069,B04_GapGuard-Raw_B3000,T,1343723075,1879155201,1974,Det/images/normal_train/00951544.png,0,08,learnable_hard,0.1614283687,0.98,0.1849629732,normal_replay,GapCritical-Strict
RUN_205,TRIAD_069,B04_GapGuard-Raw_B3000,T,1343723075,1879155201,1975,Det/images/normal_train/00384276.png,0,08,learnable_hard,0.189382511,0.975,0.1657503632,normal_replay,GapCritical-Strict
RUN_205,TRIAD_069,B04_GapGuard-Raw_B3000,T,1343723075,1879155201,1976,Det/images/normal_train/01220854.png,0,01,learnable_hard,0.2195690289,0.96,0.1617732924,normal_replay,GapCritical-Strict
RUN_205,TRIAD_069,B04_GapGuard-Raw_B3000,T,1343723075,1879155201,1977,Det/images/normal_train/00807758.png,0,08,learnable_hard,0.1498533187,0.965,0.1761006018,normal_replay,GapCritical-Strict
RUN_205,TRIAD_069,B04_GapGuard-Raw_B3000,T,1343723075,1879155201,1978,Det/images/normal_train/00219425.png,0,09,learnable_hard,0.206109,0.845,0.2173005932,normal_replay,GapCritical-Strict
RUN_205,TRIAD_069,B04_GapGuard-Raw_B3000,T,1343723075,1879155201,1979,Det/images/normal_train/01107504.png,0,09,learnable_hard,0.2568393555,0.92,0.1944860171,normal_replay,GapCritical-Strict
RUN_205,TRIAD_069,B04_GapGuard-Raw_B3000,T,1343723075,1879155201,1980,Det/images/normal_train/00257029.png,0,09,learnable_hard,0.5605069744,0.27,0.2025946445,normal_replay,GapCritical-Strict
RUN_205,TRIAD_069,B04_GapGuard-Raw_B3000,T,1343723075,1879155201,1981,Det/images/normal_train/00333506.png,0,00,learnable_hard,0.6811467109,0.195,0.1973124511,normal_replay,GapCritical-Strict
RUN_205,TRIAD_069,B04_GapGuard-Raw_B3000,T,1343723075,1879155201,1982,Det/images/normal_train/01244210.png,0,04,learnable_hard,0.3634486756,0.72,0.1939272175,normal_replay,GapCritical-Strict
RUN_205,TRIAD_069,B04_GapGuard-Raw_B3000,T,1343723075,1879155201,1983,Det/images/normal_train/00880465.png,0,07,learnable_hard,0.265001244,0.92,0.1553471643,normal_replay,GapCritical-Strict
RUN_205,TRIAD_069,B04_GapGuard-Raw_B3000,T,1343723075,1879155201,1984,Det/images/normal_train/00375941.png,0,04,learnable_hard,0.2902226584,0.915,0.1685911955,normal_replay,GapCritical-Strict
RUN_205,TRIAD_069,B04_GapGuard-Raw_B3000,T,1343723075,1879155201,1985,Det/images/normal_train/00327890.png,0,06,learnable_hard,0.2667726043,0.85,0.1710391121,normal_replay,GapCritical-Strict
RUN_205,TRIAD_069,B04_GapGuard-Raw_B3000,T,1343723075,1879155201,1986,Det/images/normal_train/00367343.png,0,04,learnable_hard,0.2887535645,0.895,0.1609146731,normal_replay,GapCritical-Strict
RUN_205,TRIAD_069,B04_GapGuard-Raw_B3000,T,1343723075,1879155201,1987,Det/images/normal_train/01118808.png,0,02,learnable_hard,0.2179847898,0.99,0.1580687459,normal_replay,GapCritical-Strict
RUN_205,TRIAD_069,B04_GapGuard-Raw_B3000,T,1343723075,1879155201,1988,Det/images/normal_train/00884239.png,0,09,learnable_hard,0.1207898537,0.96,0.1878600107,normal_replay,GapCritical-Strict
RUN_205,TRIAD_069,B04_GapGuard-Raw_B3000,T,1343723075,1879155201,1989,Det/images/normal_train/00174023.png,0,01,learnable_hard,0.3519766398,0.77,0.1771915592,normal_replay,GapCritical-Strict
RUN_205,TRIAD_069,B04_GapGuard-Raw_B3000,T,1343723075,1879155201,1990,Det/images/normal_train/00786686.png,0,03,learnable_hard,0.2384957363,0.98,0.1623614067,normal_replay,GapCritical-Strict
RUN_205,TRIAD_069,B04_GapGuard-Raw_B3000,T,1343723075,1879155201,1991,Det/images/normal_train/00193829.png,0,06,learnable_hard,0.1960409659,0.99,0.1668761086,normal_replay,GapCritical-Strict
RUN_205,TRIAD_069,B04_GapGuard-Raw_B3000,T,1343723075,1879155201,1992,Det/images/normal_train/00951448.png,0,08,learnable_hard,0.1384687365,0.92,0.1697121264,normal_replay,GapCritical-Strict
RUN_205,TRIAD_069,B04_GapGuard-Raw_B3000,T,1343723075,1879155201,1993,Det/images/normal_train/00506844.png,0,09,learnable_hard,0.2085349798,0.905,0.2053782126,normal_replay,GapCritical-Strict
RUN_205,TRIAD_069,B04_GapGuard-Raw_B3000,T,1343723075,1879155201,1994,Det/images/normal_train/00164806.png,0,06,learnable_hard,0.1940376758,0.94,0.1916620503,normal_replay,GapCritical-Strict
RUN_205,TRIAD_069,B04_GapGuard-Raw_B3000,T,1343723075,1879155201,1995,Det/images/normal_train/00384258.png,0,08,learnable_hard,0.2544121617,0.95,0.1752274197,normal_replay,GapCritical-Strict
RUN_205,TRIAD_069,B04_GapGuard-Raw_B3000,T,1343723075,1879155201,1996,Det/images/normal_train/00938930.png,0,08,learnable_hard,0.2750515503,0.93,0.1715425189,normal_replay,GapCritical-Strict
RUN_205,TRIAD_069,B04_GapGuard-Raw_B3000,T,1343723075,1879155201,1997,Det/images/normal_train/00368186.png,0,02,learnable_hard,0.2565725713,0.9,0.1712456431,normal_replay,GapCritical-Strict
RUN_205,TRIAD_069,B04_GapGuard-Raw_B3000,T,1343723075,1879155201,1998,Det/images/normal_train/00249842.png,0,09,learnable_hard,0.2341274617,0.945,0.1935690237,normal_replay,GapCritical-Strict
RUN_205,TRIAD_069,B04_GapGuard-Raw_B3000,T,1343723075,1879155201,1999,Det/images/normal_train/00425296.png,0,02,learnable_hard,0.8174685983,0.14,0.189706749,normal_replay,GapCritical-Strict
RUN_205,TRIAD_069,B04_GapGuard-Raw_B3000,T,1343723075,1879155201,2000,Det/images/normal_train/00182424.png,0,08,learnable_hard,0.1572045805,0.995,0.1574331308,normal_replay,GapCritical-Strict
RUN_205,TRIAD_069,B04_GapGuard-Raw_B3000,T,1343723075,1879155201,2001,Det/images/normal_train/00572676.png,0,07,learnable_hard,0.1953068448,0.98,0.1726826654,normal_replay,GapCritical-Strict
RUN_205,TRIAD_069,B04_GapGuard-Raw_B3000,T,1343723075,1879155201,2002,Det/images/normal_train/00722791.png,0,07,learnable_hard,0.2291945158,0.985,0.1772422668,normal_replay,GapCritical-Strict
RUN_205,TRIAD_069,B04_GapGuard-Raw_B3000,T,1343723075,1879155201,2003,Det/images/normal_train/00219446.png,0,09,learnable_hard,0.180203311,0.99,0.174847697,normal_replay,GapCritical-Strict
RUN_205,TRIAD_069,B04_GapGuard-Raw_B3000,T,1343723075,1879155201,2004,Det/images/normal_train/00417015.png,0,07,learnable_hard,0.3588674059,0.73,0.1935773315,normal_replay,GapCritical-Strict
RUN_205,TRIAD_069,B04_GapGuard-Raw_B3000,T,1343723075,1879155201,2005,Det/images/normal_train/00973376.png,0,05,learnable_hard,0.6270022773,0.185,0.2051314421,normal_replay,GapCritical-Strict
RUN_205,TRIAD_069,B04_GapGuard-Raw_B3000,T,1343723075,1879155201,2006,Det/images/normal_train/01187136.png,0,07,learnable_hard,0.3509941265,0.78,0.1830339628,normal_replay,GapCritical-Strict
RUN_205,TRIAD_069,B04_GapGuard-Raw_B3000,T,1343723075,1879155201,2007,Det/images/normal_train/00173891.png,0,04,learnable_hard,0.2816401635,0.935,0.184533434,normal_replay,GapCritical-Strict
RUN_205,TRIAD_069,B04_GapGuard-Raw_B3000,T,1343723075,1879155201,2008,Det/images/normal_train/00335596.png,0,07,learnable_hard,0.6973102424,0.175,0.2102878483,normal_replay,GapCritical-Strict
RUN_205,TRIAD_069,B04_GapGuard-Raw_B3000,T,1343723075,1879155201,2009,Det/images/normal_train/01147459.png,0,07,learnable_hard,0.2859396324,0.915,0.1692713004,normal_replay,GapCritical-Strict
RUN_205,TRIAD_069,B04_GapGuard-Raw_B3000,T,1343723075,1879155201,2010,Det/images/normal_train/00632509.png,0,09,learnable_hard,0.186420129,0.985,0.1658832698,normal_replay,GapCritical-Strict
RUN_205,TRIAD_069,B04_GapGuard-Raw_B3000,T,1343723075,1879155201,2011,Det/images/normal_train/00724824.png,0,07,learnable_hard,0.4508349911,0.585,0.1852442125,normal_replay,GapCritical-Strict
RUN_205,TRIAD_069,B04_GapGuard-Raw_B3000,T,1343723075,1879155201,2012,Det/images/normal_train/00240683.png,0,07,learnable_hard,0.4566314499,0.475,0.2076912828,normal_replay,GapCritical-Strict
RUN_205,TRIAD_069,B04_GapGuard-Raw_B3000,T,1343723075,1879155201,2013,Det/images/normal_train/00259412.png,0,08,learnable_hard,0.2802159961,0.955,0.1668966094,normal_replay,GapCritical-Strict
RUN_205,TRIAD_069,B04_GapGuard-Raw_B3000,T,1343723075,1879155201,2014,Det/images/normal_train/00666201.png,0,08,learnable_hard,0.2070827949,0.995,0.1582433899,normal_replay,GapCritical-Strict
RUN_205,TRIAD_069,B04_GapGuard-Raw_B3000,T,1343723075,1879155201,2015,Det/images/normal_train/00989867.png,0,04,learnable_hard,0.2137663322,0.99,0.1634222555,normal_replay,GapCritical-Strict
RUN_205,TRIAD_069,B04_GapGuard-Raw_B3000,T,1343723075,1879155201,2016,Det/images/normal_train/00632215.png,0,09,learnable_hard,0.1951773842,0.97,0.1644849935,normal_replay,GapCritical-Strict
RUN_205,TRIAD_069,B04_GapGuard-Raw_B3000,T,1343723075,1879155201,2017,Det/images/normal_train/01019982.png,0,08,learnable_hard,0.1797609869,0.945,0.1646690789,normal_replay,GapCritical-Strict
RUN_205,TRIAD_069,B04_GapGuard-Raw_B3000,T,1343723075,1879155201,2018,Det/images/normal_train/00529153.png,0,03,learnable_hard,0.3016588803,0.885,0.1855837968,normal_replay,GapCritical-Strict
RUN_205,TRIAD_069,B04_GapGuard-Raw_B3000,T,1343723075,1879155201,2019,Det/images/normal_train/00359652.png,0,05,learnable_hard,0.2463596035,0.97,0.1764407309,normal_replay,GapCritical-Strict
RUN_205,TRIAD_069,B04_GapGuard-Raw_B3000,T,1343723075,1879155201,2020,Det/images/normal_train/01074753.png,0,04,learnable_hard,0.231279195,0.835,0.1822427677,normal_replay,GapCritical-Strict
RUN_205,TRIAD_069,B04_GapGuard-Raw_B3000,T,1343723075,1879155201,2021,Det/images/normal_train/00900975.png,0,07,learnable_hard,0.3904364372,0.76,0.1794307466,normal_replay,GapCritical-Strict
RUN_205,TRIAD_069,B04_GapGuard-Raw_B3000,T,1343723075,1879155201,2022,Det/images/normal_train/00656189.png,0,08,learnable_hard,0.1801939745,0.975,0.152944877,normal_replay,GapCritical-Strict
RUN_205,TRIAD_069,B04_GapGuard-Raw_B3000,T,1343723075,1879155201,2023,Det/images/normal_train/01094636.png,0,05,learnable_hard,0.3030991766,0.825,0.2289314843,normal_replay,GapCritical-Strict
RUN_205,TRIAD_069,B04_GapGuard-Raw_B3000,T,1343723075,1879155201,2024,Det/images/normal_train/00444470.png,0,02,learnable_hard,0.2960618849,0.83,0.1981845777,normal_replay,GapCritical-Strict
RUN_205,TRIAD_069,B04_GapGuard-Raw_B3000,T,1343723075,1879155201,2025,Det/images/normal_train/01189679.png,0,05,learnable_hard,0.2355186535,0.885,0.2006125341,normal_replay,GapCritical-Strict
RUN_205,TRIAD_069,B04_GapGuard-Raw_B3000,T,1343723075,1879155201,2026,Det/images/normal_train/00785840.png,0,04,learnable_hard,0.2192673675,0.99,0.1740726198,normal_replay,GapCritical-Strict
RUN_205,TRIAD_069,B04_GapGuard-Raw_B3000,T,1343723075,1879155201,2027,Det/images/normal_train/01140353.png,0,00,learnable_hard,0.2574294533,0.815,0.2113005894,normal_replay,GapCritical-Strict
RUN_205,TRIAD_069,B04_GapGuard-Raw_B3000,T,1343723075,1879155201,2028,Det/images/normal_train/00213507.png,0,03,learnable_hard,0.3244472956,0.89,0.1936806475,normal_replay,GapCritical-Strict
RUN_205,TRIAD_069,B04_GapGuard-Raw_B3000,T,1343723075,1879155201,2029,Det/images/normal_train/00728049.png,0,03,learnable_hard,0.8138054611,0.1,0.2252582238,normal_replay,GapCritical-Strict
RUN_205,TRIAD_069,B04_GapGuard-Raw_B3000,T,1343723075,1879155201,2030,Det/images/normal_train/00320919.png,0,01,learnable_hard,0.2938548459,0.87,0.2037936605,normal_replay,GapCritical-Strict
RUN_205,TRIAD_069,B04_GapGuard-Raw_B3000,T,1343723075,1879155201,2031,Det/images/normal_train/01240655.png,0,03,learnable_hard,0.1308279217,0.98,0.1593243961,normal_replay,GapCritical-Strict
RUN_205,TRIAD_069,B04_GapGuard-Raw_B3000,T,1343723075,1879155201,2032,Det/images/normal_train/00284599.png,0,01,learnable_hard,0.2062712086,0.965,0.1732492676,normal_replay,GapCritical-Strict
RUN_205,TRIAD_069,B04_GapGuard-Raw_B3000,T,1343723075,1879155201,2033,Det/images/normal_train/01261507.png,0,00,learnable_hard,0.3147980015,0.895,0.1873673661,normal_replay,GapCritical-Strict
RUN_205,TRIAD_069,B04_GapGuard-Raw_B3000,T,1343723075,1879155201,2034,Det/images/normal_train/00584220.png,0,05,learnable_hard,0.3078809035,0.715,0.2384185867,normal_replay,GapCritical-Strict
RUN_205,TRIAD_069,B04_GapGuard-Raw_B3000,T,1343723075,1879155201,2035,Det/images/normal_train/00511088.png,0,02,learnable_hard,0.2654178853,0.94,0.1774255813,normal_replay,GapCritical-Strict
RUN_205,TRIAD_069,B04_GapGuard-Raw_B3000,T,1343723075,1879155201,2036,Det/images/normal_train/00980826.png,0,01,learnable_hard,0.6110298397,0.28,0.1776923821,normal_replay,GapCritical-Strict
RUN_205,TRIAD_069,B04_GapGuard-Raw_B3000,T,1343723075,1879155201,2037,Det/images/normal_train/01069144.png,0,09,learnable_hard,0.2855113649,0.835,0.2022788924,normal_replay,GapCritical-Strict
RUN_205,TRIAD_069,B04_GapGuard-Raw_B3000,T,1343723075,1879155201,2038,Det/images/normal_train/00456878.png,0,06,learnable_hard,0.2425429832,0.895,0.2099995021,normal_replay,GapCritical-Strict
RUN_205,TRIAD_069,B04_GapGuard-Raw_B3000,T,1343723075,1879155201,2039,Det/images/normal_train/00919382.png,0,04,learnable_hard,0.7467974088,0.155,0.2048061359,normal_replay,GapCritical-Strict
RUN_205,TRIAD_069,B04_GapGuard-Raw_B3000,T,1343723075,1879155201,2040,Det/images/normal_train/00712042.png,0,01,learnable_hard,0.2070488151,0.87,0.2110201768,normal_replay,GapCritical-Strict
RUN_205,TRIAD_069,B04_GapGuard-Raw_B3000,T,1343723075,1879155201,2041,Det/images/normal_train/00226510.png,0,08,learnable_hard,0.2100444312,0.945,0.1698726825,normal_replay,GapCritical-Strict
RUN_205,TRIAD_069,B04_GapGuard-Raw_B3000,T,1343723075,1879155201,2042,Det/images/normal_train/00819547.png,0,07,learnable_hard,0.1839211913,0.99,0.1719204578,normal_replay,GapCritical-Strict
RUN_205,TRIAD_069,B04_GapGuard-Raw_B3000,T,1343723075,1879155201,2043,Det/images/normal_train/00322974.png,0,05,learnable_hard,0.1612279056,0.955,0.1855531543,normal_replay,GapCritical-Strict
RUN_205,TRIAD_069,B04_GapGuard-Raw_B3000,T,1343723075,1879155201,2044,Det/images/normal_train/00882409.png,0,03,learnable_hard,0.4800368858,0.385,0.2053879672,normal_replay,GapCritical-Strict
RUN_205,TRIAD_069,B04_GapGuard-Raw_B3000,T,1343723075,1879155201,2045,Det/images/normal_train/00945671.png,0,08,learnable_hard,0.2956342905,0.915,0.1600882664,normal_replay,GapCritical-Strict
RUN_205,TRIAD_069,B04_GapGuard-Raw_B3000,T,1343723075,1879155201,2046,Det/images/normal_train/00794746.png,0,08,learnable_hard,0.2870087978,0.9,0.1796582954,normal_replay,GapCritical-Strict
RUN_205,TRIAD_069,B04_GapGuard-Raw_B3000,T,1343723075,1879155201,2047,Det/images/normal_train/00920388.png,0,09,learnable_hard,0.2463011099,0.945,0.2022062596,normal_replay,GapCritical-Strict
RUN_205,TRIAD_069,B04_GapGuard-Raw_B3000,T,1343723075,1879155201,2048,Det/images/normal_train/01040066.png,0,06,learnable_hard,0.3067653154,0.94,0.1651791551,normal_replay,GapCritical-Strict
RUN_205,TRIAD_069,B04_GapGuard-Raw_B3000,T,1343723075,1879155201,2049,Det/images/normal_train/00899630.png,0,00,learnable_hard,0.2697812319,0.98,0.1625159344,normal_replay,GapCritical-Strict
RUN_205,TRIAD_069,B04_GapGuard-Raw_B3000,T,1343723075,1879155201,2050,Det/images/normal_train/00950386.png,0,01,learnable_hard,0.2732560867,0.82,0.1746990489,normal_replay,GapCritical-Strict
RUN_205,TRIAD_069,B04_GapGuard-Raw_B3000,T,1343723075,1879155201,2051,Det/images/normal_train/01199209.png,0,03,learnable_hard,0.4880160302,0.385,0.2165178647,normal_replay,GapCritical-Strict
RUN_205,TRIAD_069,B04_GapGuard-Raw_B3000,T,1343723075,1879155201,2052,Det/images/normal_train/00541488.png,0,08,learnable_hard,0.1756275909,0.99,0.1604818378,normal_replay,GapCritical-Strict
RUN_205,TRIAD_069,B04_GapGuard-Raw_B3000,T,1343723075,1879155201,2053,Det/images/normal_train/00556186.png,0,04,learnable_hard,0.168978215,0.96,0.1718765776,normal_replay,GapCritical-Strict
RUN_205,TRIAD_069,B04_GapGuard-Raw_B3000,T,1343723075,1879155201,2054,Det/images/normal_train/00960737.png,0,02,learnable_hard,0.338283193,0.89,0.1611760717,normal_replay,GapCritical-Strict
RUN_205,TRIAD_069,B04_GapGuard-Raw_B3000,T,1343723075,1879155201,2055,Det/images/normal_train/00939073.png,0,08,learnable_hard,0.2261686801,0.975,0.1546301138,normal_replay,GapCritical-Strict
RUN_205,TRIAD_069,B04_GapGuard-Raw_B3000,T,1343723075,1879155201,2056,Det/images/normal_train/00998786.png,0,03,learnable_hard,0.3121509082,0.925,0.1632465063,normal_replay,GapCritical-Strict
RUN_205,TRIAD_069,B04_GapGuard-Raw_B3000,T,1343723075,1879155201,2057,Det/images/normal_train/00919163.png,0,04,learnable_hard,0.267683491,0.95,0.1597074148,normal_replay,GapCritical-Strict
RUN_205,TRIAD_069,B04_GapGuard-Raw_B3000,T,1343723075,1879155201,2058,Det/images/normal_train/00961259.png,0,07,learnable_hard,0.2680779399,0.915,0.1629106141,normal_replay,GapCritical-Strict
RUN_205,TRIAD_069,B04_GapGuard-Raw_B3000,T,1343723075,1879155201,2059,Det/images/normal_train/00771678.png,0,03,learnable_hard,0.3701094729,0.765,0.1637465469,normal_replay,GapCritical-Strict
RUN_205,TRIAD_069,B04_GapGuard-Raw_B3000,T,1343723075,1879155201,2060,Det/images/normal_train/00342728.png,0,02,learnable_hard,0.3547448238,0.73,0.2098328909,normal_replay,GapCritical-Strict
RUN_205,TRIAD_069,B04_GapGuard-Raw_B3000,T,1343723075,1879155201,2061,Det/images/normal_train/00571398.png,0,03,learnable_hard,0.2501443352,0.905,0.1826555839,normal_replay,GapCritical-Strict
RUN_205,TRIAD_069,B04_GapGuard-Raw_B3000,T,1343723075,1879155201,2062,Det/images/normal_train/00356997.png,0,07,learnable_hard,0.1892594622,0.95,0.186280861,normal_replay,GapCritical-Strict
RUN_205,TRIAD_069,B04_GapGuard-Raw_B3000,T,1343723075,1879155201,2063,Det/images/normal_train/01203311.png,0,05,learnable_hard,0.6248555127,0.22,0.1858240153,normal_replay,GapCritical-Strict
RUN_205,TRIAD_069,B04_GapGuard-Raw_B3000,T,1343723075,1879155201,2064,Det/images/normal_train/00950687.png,0,01,learnable_hard,0.2184982528,0.975,0.17455284,normal_replay,GapCritical-Strict
RUN_205,TRIAD_069,B04_GapGuard-Raw_B3000,T,1343723075,1879155201,2065,Det/images/normal_train/00890776.png,0,06,learnable_hard,0.2027792953,0.97,0.1767914404,normal_replay,GapCritical-Strict
RUN_205,TRIAD_069,B04_GapGuard-Raw_B3000,T,1343723075,1879155201,2066,Det/images/normal_train/00367342.png,0,04,learnable_hard,0.3261910751,0.815,0.1692079657,normal_replay,GapCritical-Strict
RUN_205,TRIAD_069,B04_GapGuard-Raw_B3000,T,1343723075,1879155201,2067,Det/images/normal_train/00290384.png,0,00,learnable_hard,0.4983288024,0.37,0.188304793,normal_replay,GapCritical-Strict
RUN_205,TRIAD_069,B04_GapGuard-Raw_B3000,T,1343723075,1879155201,2068,Det/images/normal_train/01000978.png,0,04,learnable_hard,0.3030545,0.96,0.170328566,normal_replay,GapCritical-Strict
RUN_205,TRIAD_069,B04_GapGuard-Raw_B3000,T,1343723075,1879155201,2069,Det/images/normal_train/00898875.png,0,09,learnable_hard,0.1590858133,0.995,0.1686022517,normal_replay,GapCritical-Strict
RUN_205,TRIAD_069,B04_GapGuard-Raw_B3000,T,1343723075,1879155201,2070,Det/images/normal_train/01295528.png,0,04,learnable_hard,0.1627898183,0.935,0.2095951112,normal_replay,GapCritical-Strict
RUN_205,TRIAD_069,B04_GapGuard-Raw_B3000,T,1343723075,1879155201,2071,Det/images/normal_train/00176065.png,0,09,learnable_hard,0.2986480986,0.94,0.175758073,normal_replay,GapCritical-Strict
RUN_205,TRIAD_069,B04_GapGuard-Raw_B3000,T,1343723075,1879155201,2072,Det/images/normal_train/01293108.png,0,08,learnable_hard,0.1702924431,0.98,0.1560298839,normal_replay,GapCritical-Strict
RUN_205,TRIAD_069,B04_GapGuard-Raw_B3000,T,1343723075,1879155201,2073,Det/images/normal_train/00965267.png,0,03,learnable_hard,0.1622248942,0.995,0.1553661678,normal_replay,GapCritical-Strict
RUN_205,TRIAD_069,B04_GapGuard-Raw_B3000,T,1343723075,1879155201,2074,Det/images/normal_train/00786428.png,0,03,learnable_hard,0.2626479263,0.765,0.2176303246,normal_replay,GapCritical-Strict
RUN_205,TRIAD_069,B04_GapGuard-Raw_B3000,T,1343723075,1879155201,2075,Det/images/normal_train/00283985.png,0,03,learnable_hard,0.2206742153,0.93,0.1822820733,normal_replay,GapCritical-Strict
RUN_205,TRIAD_069,B04_GapGuard-Raw_B3000,T,1343723075,1879155201,2076,Det/images/normal_train/00958844.png,0,05,learnable_hard,0.1949369011,0.99,0.1636079826,normal_replay,GapCritical-Strict
RUN_205,TRIAD_069,B04_GapGuard-Raw_B3000,T,1343723075,1879155201,2077,Det/images/normal_train/00638608.png,0,00,learnable_hard,0.2397791003,0.87,0.2053650746,normal_replay,GapCritical-Strict
RUN_205,TRIAD_069,B04_GapGuard-Raw_B3000,T,1343723075,1879155201,2078,Det/images/normal_train/00701201.png,0,03,learnable_hard,0.3068501283,0.835,0.1939348578,normal_replay,GapCritical-Strict
RUN_205,TRIAD_069,B04_GapGuard-Raw_B3000,T,1343723075,1879155201,2079,Det/images/normal_train/01203069.png,0,05,learnable_hard,0.1718337904,0.995,0.175545393,normal_replay,GapCritical-Strict
RUN_205,TRIAD_069,B04_GapGuard-Raw_B3000,T,1343723075,1879155201,2080,Det/images/normal_train/01002651.png,0,06,learnable_hard,0.3240433392,0.785,0.1919235226,normal_replay,GapCritical-Strict
RUN_205,TRIAD_069,B04_GapGuard-Raw_B3000,T,1343723075,1879155201,2081,Det/images/normal_train/01022873.png,0,03,learnable_hard,0.2509756663,0.99,0.1657680194,normal_replay,GapCritical-Strict
RUN_205,TRIAD_069,B04_GapGuard-Raw_B3000,T,1343723075,1879155201,2082,Det/images/normal_train/00392185.png,0,08,learnable_hard,0.2124607294,0.975,0.1489853862,normal_replay,GapCritical-Strict
RUN_205,TRIAD_069,B04_GapGuard-Raw_B3000,T,1343723075,1879155201,2083,Det/images/normal_train/01258620.png,0,03,learnable_hard,0.2048674185,0.865,0.2371995179,normal_replay,GapCritical-Strict
RUN_205,TRIAD_069,B04_GapGuard-Raw_B3000,T,1343723075,1879155201,2084,Det/images/normal_train/00215211.png,0,07,learnable_hard,0.1965558806,0.99,0.1664201912,normal_replay,GapCritical-Strict
RUN_205,TRIAD_069,B04_GapGuard-Raw_B3000,T,1343723075,1879155201,2085,Det/images/normal_train/00855855.png,0,09,learnable_hard,0.3440132101,0.805,0.2090607731,normal_replay,GapCritical-Strict
RUN_205,TRIAD_069,B04_GapGuard-Raw_B3000,T,1343723075,1879155201,2086,Det/images/normal_train/00479796.png,0,03,learnable_hard,0.1849271159,0.985,0.174268264,normal_replay,GapCritical-Strict
RUN_205,TRIAD_069,B04_GapGuard-Raw_B3000,T,1343723075,1879155201,2087,Det/images/normal_train/01294507.png,0,05,learnable_hard,0.2786977995,0.875,0.1784253002,normal_replay,GapCritical-Strict
RUN_205,TRIAD_069,B04_GapGuard-Raw_B3000,T,1343723075,1879155201,2088,Det/images/normal_train/00793869.png,0,05,learnable_hard,0.3497087961,0.91,0.1488826188,normal_replay,GapCritical-Strict
RUN_205,TRIAD_069,B04_GapGuard-Raw_B3000,T,1343723075,1879155201,2089,Det/images/normal_train/01080955.png,0,03,learnable_hard,0.3015913122,0.765,0.2160599237,normal_replay,GapCritical-Strict
RUN_205,TRIAD_069,B04_GapGuard-Raw_B3000,T,1343723075,1879155201,2090,Det/images/normal_train/00530423.png,0,01,learnable_hard,0.2394640289,0.9,0.1928670365,normal_replay,GapCritical-Strict
RUN_205,TRIAD_069,B04_GapGuard-Raw_B3000,T,1343723075,1879155201,2091,Det/images/normal_train/00236688.png,0,03,learnable_hard,0.1333614453,0.965,0.1706547537,normal_replay,GapCritical-Strict
RUN_205,TRIAD_069,B04_GapGuard-Raw_B3000,T,1343723075,1879155201,2092,Det/images/normal_train/00550948.png,0,08,learnable_hard,0.2092569211,0.995,0.1644201118,normal_replay,GapCritical-Strict
RUN_205,TRIAD_069,B04_GapGuard-Raw_B3000,T,1343723075,1879155201,2093,Det/images/normal_train/01264716.png,0,08,learnable_hard,0.4821149842,0.39,0.189498473,normal_replay,GapCritical-Strict
RUN_205,TRIAD_069,B04_GapGuard-Raw_B3000,T,1343723075,1879155201,2094,Det/images/normal_train/01258284.png,0,03,learnable_hard,0.357027837,0.72,0.1963868621,normal_replay,GapCritical-Strict
RUN_205,TRIAD_069,B04_GapGuard-Raw_B3000,T,1343723075,1879155201,2095,Det/images/normal_train/00344447.png,0,00,learnable_hard,0.1858665522,0.965,0.1658172773,normal_replay,GapCritical-Strict
RUN_205,TRIAD_069,B04_GapGuard-Raw_B3000,T,1343723075,1879155201,2096,Det/images/normal_train/00965295.png,0,03,learnable_hard,0.166013806,0.985,0.1539532112,normal_replay,GapCritical-Strict
RUN_205,TRIAD_069,B04_GapGuard-Raw_B3000,T,1343723075,1879155201,2097,Det/images/normal_train/00425407.png,0,02,learnable_hard,0.2103532198,0.915,0.1861053699,normal_replay,GapCritical-Strict
RUN_205,TRIAD_069,B04_GapGuard-Raw_B3000,T,1343723075,1879155201,2098,Det/images/normal_train/00712532.png,0,01,learnable_hard,0.2212768675,0.915,0.1584062649,normal_replay,GapCritical-Strict
RUN_205,TRIAD_069,B04_GapGuard-Raw_B3000,T,1343723075,1879155201,2099,Det/images/normal_train/01022923.png,0,03,learnable_hard,0.2841274901,0.985,0.1621503983,normal_replay,GapCritical-Strict
RUN_205,TRIAD_069,B04_GapGuard-Raw_B3000,T,1343723075,1879155201,2100,Det/images/normal_train/00963264.png,0,05,learnable_hard,0.2232020353,0.98,0.1542221804,normal_replay,GapCritical-Strict
RUN_205,TRIAD_069,B04_GapGuard-Raw_B3000,T,1343723075,1879155201,2101,Det/images/normal_train/00775436.png,0,09,learnable_hard,0.1670679798,0.965,0.1749038174,normal_replay,GapCritical-Strict
RUN_205,TRIAD_069,B04_GapGuard-Raw_B3000,T,1343723075,1879155201,2102,Det/images/normal_train/00841384.png,0,04,learnable_hard,0.3374041163,0.715,0.2136048385,normal_replay,GapCritical-Strict
RUN_205,TRIAD_069,B04_GapGuard-Raw_B3000,T,1343723075,1879155201,2103,Det/images/normal_train/01008647.png,0,07,learnable_hard,0.354155187,0.9,0.1648171276,normal_replay,GapCritical-Strict
RUN_205,TRIAD_069,B04_GapGuard-Raw_B3000,T,1343723075,1879155201,2104,Det/images/normal_train/00715143.png,0,09,learnable_hard,0.8044225435,0.125,0.183986186,normal_replay,GapCritical-Strict
RUN_205,TRIAD_069,B04_GapGuard-Raw_B3000,T,1343723075,1879155201,2105,Det/images/normal_train/00857968.png,0,01,learnable_hard,0.1641306939,0.97,0.1744311668,normal_replay,GapCritical-Strict
RUN_205,TRIAD_069,B04_GapGuard-Raw_B3000,T,1343723075,1879155201,2106,Det/images/normal_train/00829612.png,0,09,learnable_hard,0.2492479845,0.985,0.1650676817,normal_replay,GapCritical-Strict
RUN_205,TRIAD_069,B04_GapGuard-Raw_B3000,T,1343723075,1879155201,2107,Det/images/normal_train/01166656.png,0,08,learnable_hard,0.175112677,0.975,0.1624394379,normal_replay,GapCritical-Strict
RUN_205,TRIAD_069,B04_GapGuard-Raw_B3000,T,1343723075,1879155201,2108,Det/images/normal_train/00248498.png,0,00,learnable_hard,0.2084715152,0.955,0.1858339521,normal_replay,GapCritical-Strict
RUN_205,TRIAD_069,B04_GapGuard-Raw_B3000,T,1343723075,1879155201,2109,Det/images/normal_train/00174604.png,0,01,learnable_hard,0.12623808,0.99,0.1648184576,normal_replay,GapCritical-Strict
RUN_205,TRIAD_069,B04_GapGuard-Raw_B3000,T,1343723075,1879155201,2110,Det/images/normal_train/00571741.png,0,03,learnable_hard,0.1726988444,0.985,0.1799238217,normal_replay,GapCritical-Strict
RUN_205,TRIAD_069,B04_GapGuard-Raw_B3000,T,1343723075,1879155201,2111,Det/images/normal_train/01105805.png,0,05,learnable_hard,0.2848054918,0.955,0.1480240452,normal_replay,GapCritical-Strict
RUN_205,TRIAD_069,B04_GapGuard-Raw_B3000,T,1343723075,1879155201,2112,Det/images/normal_train/00619287.png,0,04,learnable_hard,0.2410017359,0.88,0.1900852374,normal_replay,GapCritical-Strict
RUN_205,TRIAD_069,B04_GapGuard-Raw_B3000,T,1343723075,1879155201,2113,Det/images/normal_train/01261702.png,0,00,learnable_hard,0.2075060467,0.97,0.1838262914,normal_replay,GapCritical-Strict
RUN_205,TRIAD_069,B04_GapGuard-Raw_B3000,T,1343723075,1879155201,2114,Det/images/normal_train/01187423.png,0,07,learnable_hard,0.2835662719,0.945,0.1858753779,normal_replay,GapCritical-Strict
RUN_205,TRIAD_069,B04_GapGuard-Raw_B3000,T,1343723075,1879155201,2115,Det/images/normal_train/01103586.png,0,02,learnable_hard,0.3375281685,0.76,0.1922177614,normal_replay,GapCritical-Strict
RUN_205,TRIAD_069,B04_GapGuard-Raw_B3000,T,1343723075,1879155201,2116,Det/images/normal_train/01289003.png,0,01,learnable_hard,0.2473836309,0.865,0.2003144341,normal_replay,GapCritical-Strict
RUN_205,TRIAD_069,B04_GapGuard-Raw_B3000,T,1343723075,1879155201,2117,Det/images/normal_train/00755841.png,0,05,learnable_hard,0.1640915403,0.97,0.1694712586,normal_replay,GapCritical-Strict
RUN_205,TRIAD_069,B04_GapGuard-Raw_B3000,T,1343723075,1879155201,2118,Det/images/normal_train/00653725.png,0,02,learnable_hard,0.1594374188,0.97,0.1759369385,normal_replay,GapCritical-Strict
RUN_205,TRIAD_069,B04_GapGuard-Raw_B3000,T,1343723075,1879155201,2119,Det/images/normal_train/00436107.png,0,09,learnable_hard,0.1868090416,0.99,0.1517944135,normal_replay,GapCritical-Strict
RUN_205,TRIAD_069,B04_GapGuard-Raw_B3000,T,1343723075,1879155201,2120,Det/images/normal_train/01027267.png,0,08,learnable_hard,0.7587020221,0.125,0.2195979164,normal_replay,GapCritical-Strict
RUN_205,TRIAD_069,B04_GapGuard-Raw_B3000,T,1343723075,1879155201,2121,Det/images/normal_train/01101803.png,0,00,learnable_hard,0.5844605703,0.345,0.2110363459,normal_replay,GapCritical-Strict
RUN_205,TRIAD_069,B04_GapGuard-Raw_B3000,T,1343723075,1879155201,2122,Det/images/normal_train/00928842.png,0,03,learnable_hard,0.2376713767,0.955,0.1576972284,normal_replay,GapCritical-Strict
RUN_205,TRIAD_069,B04_GapGuard-Raw_B3000,T,1343723075,1879155201,2123,Det/images/normal_train/01151343.png,0,00,learnable_hard,0.3002586373,0.875,0.2003976576,normal_replay,GapCritical-Strict
RUN_205,TRIAD_069,B04_GapGuard-Raw_B3000,T,1343723075,1879155201,2124,Det/images/normal_train/00538755.png,0,09,learnable_hard,0.180915808,0.995,0.172730654,normal_replay,GapCritical-Strict
RUN_205,TRIAD_069,B04_GapGuard-Raw_B3000,T,1343723075,1879155201,2125,Det/images/normal_train/01114208.png,0,04,learnable_hard,0.6318399618,0.25,0.225308365,normal_replay,GapCritical-Strict
RUN_205,TRIAD_069,B04_GapGuard-Raw_B3000,T,1343723075,1879155201,2126,Det/images/normal_train/01199254.png,0,03,learnable_hard,0.200536296,0.96,0.165896479,normal_replay,GapCritical-Strict
RUN_205,TRIAD_069,B04_GapGuard-Raw_B3000,T,1343723075,1879155201,2127,Det/images/normal_train/00399923.png,0,08,learnable_hard,0.657887755,0.21,0.2248449425,normal_replay,GapCritical-Strict
RUN_205,TRIAD_069,B04_GapGuard-Raw_B3000,T,1343723075,1879155201,2128,Det/images/normal_train/01199201.png,0,03,learnable_hard,0.2881346689,0.89,0.1872060592,normal_replay,GapCritical-Strict
RUN_205,TRIAD_069,B04_GapGuard-Raw_B3000,T,1343723075,1879155201,2129,Det/images/normal_train/00257275.png,0,09,learnable_hard,0.5247581104,0.39,0.1781054983,normal_replay,GapCritical-Strict
RUN_205,TRIAD_069,B04_GapGuard-Raw_B3000,T,1343723075,1879155201,2130,Det/images/normal_train/00659968.png,0,01,learnable_hard,0.2952438972,0.945,0.1606096187,normal_replay,GapCritical-Strict
RUN_205,TRIAD_069,B04_GapGuard-Raw_B3000,T,1343723075,1879155201,2131,Det/images/normal_train/00399427.png,0,08,learnable_hard,0.2636599936,0.93,0.1418741601,normal_replay,GapCritical-Strict
RUN_205,TRIAD_069,B04_GapGuard-Raw_B3000,T,1343723075,1879155201,2132,Det/images/normal_train/00808566.png,0,03,learnable_hard,0.1849929681,0.995,0.1537562307,normal_replay,GapCritical-Strict
RUN_205,TRIAD_069,B04_GapGuard-Raw_B3000,T,1343723075,1879155201,2133,Det/images/normal_train/01223130.png,0,03,learnable_hard,0.2364621642,0.965,0.1584393494,normal_replay,GapCritical-Strict
RUN_205,TRIAD_069,B04_GapGuard-Raw_B3000,T,1343723075,1879155201,2134,Det/images/normal_train/00360576.png,0,08,learnable_hard,0.2040668823,0.975,0.1472335044,normal_replay,GapCritical-Strict
RUN_205,TRIAD_069,B04_GapGuard-Raw_B3000,T,1343723075,1879155201,2135,Det/images/normal_train/00337106.png,0,07,learnable_hard,0.3465616405,0.865,0.1470030902,normal_replay,GapCritical-Strict
RUN_205,TRIAD_069,B04_GapGuard-Raw_B3000,T,1343723075,1879155201,2136,Det/images/normal_train/00525985.png,0,05,learnable_hard,0.3910694006,0.695,0.1771202936,normal_replay,GapCritical-Strict
RUN_205,TRIAD_069,B04_GapGuard-Raw_B3000,T,1343723075,1879155201,2137,Det/images/normal_train/00531767.png,0,04,learnable_hard,0.196429077,0.975,0.1618150558,normal_replay,GapCritical-Strict
RUN_205,TRIAD_069,B04_GapGuard-Raw_B3000,T,1343723075,1879155201,2138,Det/images/normal_train/00950350.png,0,01,learnable_hard,0.2794217701,0.775,0.2005036492,normal_replay,GapCritical-Strict
RUN_205,TRIAD_069,B04_GapGuard-Raw_B3000,T,1343723075,1879155201,2139,Det/images/normal_train/00491139.png,0,06,learnable_hard,0.3800307025,0.66,0.1987984756,normal_replay,GapCritical-Strict
RUN_205,TRIAD_069,B04_GapGuard-Raw_B3000,T,1343723075,1879155201,2140,Det/images/normal_train/01294677.png,0,05,learnable_hard,0.291027018,0.91,0.1873040942,normal_replay,GapCritical-Strict
RUN_205,TRIAD_069,B04_GapGuard-Raw_B3000,T,1343723075,1879155201,2141,Det/images/normal_train/00708467.png,0,03,learnable_hard,0.2019276182,0.95,0.1740340048,normal_replay,GapCritical-Strict
RUN_205,TRIAD_069,B04_GapGuard-Raw_B3000,T,1343723075,1879155201,2142,Det/images/normal_train/00506905.png,0,09,learnable_hard,0.2465289291,0.995,0.1533228759,normal_replay,GapCritical-Strict
RUN_205,TRIAD_069,B04_GapGuard-Raw_B3000,T,1343723075,1879155201,2143,Det/images/normal_train/01198899.png,0,03,learnable_hard,0.1631334535,0.985,0.1685539916,normal_replay,GapCritical-Strict
RUN_205,TRIAD_069,B04_GapGuard-Raw_B3000,T,1343723075,1879155201,2144,Det/images/normal_train/00697255.png,0,05,learnable_hard,0.8558072303,0.105,0.1809473479,normal_replay,GapCritical-Strict
RUN_205,TRIAD_069,B04_GapGuard-Raw_B3000,T,1343723075,1879155201,2145,Det/images/normal_train/00965265.png,0,03,learnable_hard,0.1977365014,0.985,0.1619399566,normal_replay,GapCritical-Strict
RUN_205,TRIAD_069,B04_GapGuard-Raw_B3000,T,1343723075,1879155201,2146,Det/images/normal_train/00385397.png,0,06,learnable_hard,0.3668818027,0.685,0.2140902451,normal_replay,GapCritical-Strict
RUN_205,TRIAD_069,B04_GapGuard-Raw_B3000,T,1343723075,1879155201,2147,Det/images/normal_train/01039621.png,0,01,learnable_hard,0.2210995102,0.965,0.1676485159,normal_replay,GapCritical-Strict
RUN_205,TRIAD_069,B04_GapGuard-Raw_B3000,T,1343723075,1879155201,2148,Det/images/normal_train/01167407.png,0,01,learnable_hard,0.1504516074,0.995,0.1514371355,normal_replay,GapCritical-Strict
RUN_205,TRIAD_069,B04_GapGuard-Raw_B3000,T,1343723075,1879155201,2149,Det/images/normal_train/00908654.png,0,06,learnable_hard,0.2048152456,0.95,0.1899825415,normal_replay,GapCritical-Strict
RUN_205,TRIAD_069,B04_GapGuard-Raw_B3000,T,1343723075,1879155201,2150,Det/images/normal_train/00239429.png,0,09,learnable_hard,0.201140077,0.95,0.1803889344,normal_replay,GapCritical-Strict
RUN_205,TRIAD_069,B04_GapGuard-Raw_B3000,T,1343723075,1879155201,2151,Det/images/normal_train/00819267.png,0,07,learnable_hard,0.1735029007,0.965,0.1756740839,normal_replay,GapCritical-Strict
RUN_205,TRIAD_069,B04_GapGuard-Raw_B3000,T,1343723075,1879155201,2152,Det/images/normal_train/01222937.png,0,07,learnable_hard,0.2972517512,0.91,0.1826180326,normal_replay,GapCritical-Strict
RUN_205,TRIAD_069,B04_GapGuard-Raw_B3000,T,1343723075,1879155201,2153,Det/images/normal_train/00536578.png,0,02,learnable_hard,0.1910679362,0.98,0.1780250527,normal_replay,GapCritical-Strict
RUN_205,TRIAD_069,B04_GapGuard-Raw_B3000,T,1343723075,1879155201,2154,Det/images/normal_train/00958586.png,0,05,learnable_hard,0.4532382664,0.48,0.188665354,normal_replay,GapCritical-Strict
RUN_205,TRIAD_069,B04_GapGuard-Raw_B3000,T,1343723075,1879155201,2155,Det/images/normal_train/01008301.png,0,07,learnable_hard,0.2944453645,0.905,0.1632372474,normal_replay,GapCritical-Strict
RUN_205,TRIAD_069,B04_GapGuard-Raw_B3000,T,1343723075,1879155201,2156,Det/images/normal_train/00791624.png,0,06,learnable_hard,0.6090775792,0.245,0.2229605871,normal_replay,GapCritical-Strict
RUN_205,TRIAD_069,B04_GapGuard-Raw_B3000,T,1343723075,1879155201,2157,Det/images/normal_train/00937629.png,0,05,learnable_hard,0.2839266614,0.925,0.1674043516,normal_replay,GapCritical-Strict
RUN_205,TRIAD_069,B04_GapGuard-Raw_B3000,T,1343723075,1879155201,2158,Det/images/normal_train/01022382.png,0,03,learnable_hard,0.2578919743,0.95,0.1723652743,normal_replay,GapCritical-Strict
RUN_205,TRIAD_069,B04_GapGuard-Raw_B3000,T,1343723075,1879155201,2159,Det/images/normal_train/00251479.png,0,04,learnable_hard,0.182021653,0.985,0.1729795211,normal_replay,GapCritical-Strict
RUN_205,TRIAD_069,B04_GapGuard-Raw_B3000,T,1343723075,1879155201,2160,Det/images/normal_train/00185173.png,0,00,learnable_hard,0.2165770822,0.94,0.1817365949,normal_replay,GapCritical-Strict
RUN_205,TRIAD_069,B04_GapGuard-Raw_B3000,T,1343723075,1879155201,2161,Det/images/normal_train/00248267.png,0,00,learnable_hard,0.3082373063,0.785,0.2089808542,normal_replay,GapCritical-Strict
RUN_205,TRIAD_069,B04_GapGuard-Raw_B3000,T,1343723075,1879155201,2162,Det/images/normal_train/00346831.png,0,07,learnable_hard,0.4457931642,0.51,0.1996422196,normal_replay,GapCritical-Strict
RUN_205,TRIAD_069,B04_GapGuard-Raw_B3000,T,1343723075,1879155201,2163,Det/images/normal_train/00762228.png,0,06,learnable_hard,0.1641171915,0.895,0.2258713271,normal_replay,GapCritical-Strict
RUN_205,TRIAD_069,B04_GapGuard-Raw_B3000,T,1343723075,1879155201,2164,Det/images/normal_train/00711062.png,0,08,learnable_hard,0.1521899837,0.97,0.1649283228,normal_replay,GapCritical-Strict
RUN_205,TRIAD_069,B04_GapGuard-Raw_B3000,T,1343723075,1879155201,2165,Det/images/normal_train/00487786.png,0,01,learnable_hard,0.2315365313,0.975,0.1687868675,normal_replay,GapCritical-Strict
RUN_205,TRIAD_069,B04_GapGuard-Raw_B3000,T,1343723075,1879155201,2166,Det/images/normal_train/00193832.png,0,06,learnable_hard,0.2378078705,0.995,0.1695431379,normal_replay,GapCritical-Strict
RUN_205,TRIAD_069,B04_GapGuard-Raw_B3000,T,1343723075,1879155201,2167,Det/images/normal_train/01113078.png,0,07,learnable_hard,0.1899334195,0.995,0.168538975,normal_replay,GapCritical-Strict
RUN_205,TRIAD_069,B04_GapGuard-Raw_B3000,T,1343723075,1879155201,2168,Det/images/normal_train/01004723.png,0,07,learnable_hard,0.2014266882,0.99,0.1673575648,normal_replay,GapCritical-Strict
RUN_205,TRIAD_069,B04_GapGuard-Raw_B3000,T,1343723075,1879155201,2169,Det/images/normal_train/00965271.png,0,03,learnable_hard,0.2354115588,0.975,0.1650547775,normal_replay,GapCritical-Strict
RUN_205,TRIAD_069,B04_GapGuard-Raw_B3000,T,1343723075,1879155201,2170,Det/images/normal_train/00185182.png,0,00,learnable_hard,0.1606052316,0.995,0.156428346,normal_replay,GapCritical-Strict
RUN_205,TRIAD_069,B04_GapGuard-Raw_B3000,T,1343723075,1879155201,2171,Det/images/normal_train/00812490.png,0,00,learnable_hard,0.3035093604,0.815,0.2088516025,normal_replay,GapCritical-Strict
RUN_205,TRIAD_069,B04_GapGuard-Raw_B3000,T,1343723075,1879155201,2172,Det/images/normal_train/00328885.png,0,07,learnable_hard,0.165544391,0.995,0.1538161415,normal_replay,GapCritical-Strict
RUN_205,TRIAD_069,B04_GapGuard-Raw_B3000,T,1343723075,1879155201,2173,Det/images/normal_train/00316428.png,0,01,learnable_hard,0.193659758,0.995,0.1542326125,normal_replay,GapCritical-Strict
RUN_205,TRIAD_069,B04_GapGuard-Raw_B3000,T,1343723075,1879155201,2174,Det/images/normal_train/01092303.png,0,03,learnable_hard,0.25769519,0.865,0.2161255906,normal_replay,GapCritical-Strict
RUN_205,TRIAD_069,B04_GapGuard-Raw_B3000,T,1343723075,1879155201,2175,Det/images/normal_train/00190419.png,0,09,learnable_hard,0.2428042827,0.98,0.1498384434,normal_replay,GapCritical-Strict
RUN_205,TRIAD_069,B04_GapGuard-Raw_B3000,T,1343723075,1879155201,2176,Det/images/normal_train/00229108.png,0,03,learnable_hard,0.2695565111,0.89,0.1853435383,normal_replay,GapCritical-Strict
RUN_205,TRIAD_069,B04_GapGuard-Raw_B3000,T,1343723075,1879155201,2177,Det/images/normal_train/00840450.png,0,00,learnable_hard,0.666614817,0.12,0.2019014571,normal_replay,GapCritical-Strict
RUN_205,TRIAD_069,B04_GapGuard-Raw_B3000,T,1343723075,1879155201,2178,Det/images/normal_train/01056351.png,0,08,learnable_hard,0.228668188,0.965,0.1687993929,normal_replay,GapCritical-Strict
RUN_205,TRIAD_069,B04_GapGuard-Raw_B3000,T,1343723075,1879155201,2179,Det/images/normal_train/01092073.png,0,03,learnable_hard,0.1872529951,0.885,0.23855497,normal_replay,GapCritical-Strict
RUN_205,TRIAD_069,B04_GapGuard-Raw_B3000,T,1343723075,1879155201,2180,Det/images/normal_train/00366407.png,0,02,learnable_hard,0.2792478628,0.885,0.1590292308,normal_replay,GapCritical-Strict
RUN_205,TRIAD_069,B04_GapGuard-Raw_B3000,T,1343723075,1879155201,2181,Det/images/normal_train/00875144.png,0,06,learnable_hard,0.2401254214,0.85,0.1944364049,normal_replay,GapCritical-Strict
RUN_205,TRIAD_069,B04_GapGuard-Raw_B3000,T,1343723075,1879155201,2182,Det/images/normal_train/00163238.png,0,08,learnable_hard,0.1329831793,0.945,0.1607002262,normal_replay,GapCritical-Strict
RUN_205,TRIAD_069,B04_GapGuard-Raw_B3000,T,1343723075,1879155201,2183,Det/images/normal_train/01286953.png,0,00,learnable_hard,0.2913357143,0.83,0.1817187516,normal_replay,GapCritical-Strict
RUN_205,TRIAD_069,B04_GapGuard-Raw_B3000,T,1343723075,1879155201,2184,Det/images/normal_train/00503815.png,0,03,learnable_hard,0.1958809156,0.98,0.1640670792,normal_replay,GapCritical-Strict
RUN_205,TRIAD_069,B04_GapGuard-Raw_B3000,T,1343723075,1879155201,2185,Det/images/normal_train/00921804.png,0,02,learnable_hard,0.3703333987,0.705,0.208448659,normal_replay,GapCritical-Strict
RUN_205,TRIAD_069,B04_GapGuard-Raw_B3000,T,1343723075,1879155201,2186,Det/images/normal_train/01081127.png,0,04,learnable_hard,0.3323640123,0.84,0.1642999949,normal_replay,GapCritical-Strict
RUN_205,TRIAD_069,B04_GapGuard-Raw_B3000,T,1343723075,1879155201,2187,Det/images/normal_train/00848430.png,0,07,learnable_hard,0.262574684,0.99,0.1543170724,normal_replay,GapCritical-Strict
RUN_205,TRIAD_069,B04_GapGuard-Raw_B3000,T,1343723075,1879155201,2188,Det/images/normal_train/00254738.png,0,03,learnable_hard,0.1495631116,0.955,0.1680476041,normal_replay,GapCritical-Strict
RUN_205,TRIAD_069,B04_GapGuard-Raw_B3000,T,1343723075,1879155201,2189,Det/images/normal_train/01168808.png,0,02,learnable_hard,0.3039313879,0.97,0.1478138815,normal_replay,GapCritical-Strict
RUN_205,TRIAD_069,B04_GapGuard-Raw_B3000,T,1343723075,1879155201,2190,Det/images/normal_train/00360642.png,0,08,learnable_hard,0.152119175,0.97,0.1553916613,normal_replay,GapCritical-Strict
RUN_205,TRIAD_069,B04_GapGuard-Raw_B3000,T,1343723075,1879155201,2191,Det/images/normal_train/01071770.png,0,04,learnable_hard,0.3035351093,0.85,0.2012003555,normal_replay,GapCritical-Strict
RUN_205,TRIAD_069,B04_GapGuard-Raw_B3000,T,1343723075,1879155201,2192,Det/images/normal_train/00508953.png,0,03,learnable_hard,0.2337984882,0.89,0.218023634,normal_replay,GapCritical-Strict
RUN_205,TRIAD_069,B04_GapGuard-Raw_B3000,T,1343723075,1879155201,2193,Det/images/normal_train/00577207.png,0,05,learnable_hard,0.2306979891,0.99,0.1680449183,normal_replay,GapCritical-Strict
RUN_205,TRIAD_069,B04_GapGuard-Raw_B3000,T,1343723075,1879155201,2194,Det/images/normal_train/00228476.png,0,06,learnable_hard,0.1630391507,0.99,0.1673512934,normal_replay,GapCritical-Strict
RUN_205,TRIAD_069,B04_GapGuard-Raw_B3000,T,1343723075,1879155201,2195,Det/images/normal_train/01193318.png,0,01,learnable_hard,0.1322559,0.99,0.155108019,normal_replay,GapCritical-Strict
RUN_205,TRIAD_069,B04_GapGuard-Raw_B3000,T,1343723075,1879155201,2196,Det/images/normal_train/01062589.png,0,08,learnable_hard,0.1361822973,0.975,0.1573342968,normal_replay,GapCritical-Strict
RUN_205,TRIAD_069,B04_GapGuard-Raw_B3000,T,1343723075,1879155201,2197,Det/images/normal_train/00938684.png,0,08,learnable_hard,0.1751247986,0.985,0.1594869338,normal_replay,GapCritical-Strict
RUN_205,TRIAD_069,B04_GapGuard-Raw_B3000,T,1343723075,1879155201,2198,Det/images/normal_train/00541013.png,0,08,learnable_hard,0.2692582383,0.925,0.1780878717,normal_replay,GapCritical-Strict
RUN_205,TRIAD_069,B04_GapGuard-Raw_B3000,T,1343723075,1879155201,2199,Det/images/normal_train/00328422.png,0,07,learnable_hard,0.2054822841,0.955,0.1750721323,normal_replay,GapCritical-Strict
RUN_205,TRIAD_069,B04_GapGuard-Raw_B3000,T,1343723075,1879155201,2200,Det/images/normal_train/00185247.png,0,00,learnable_hard,0.1582101075,0.995,0.1658951535,normal_replay,GapCritical-Strict
RUN_205,TRIAD_069,B04_GapGuard-Raw_B3000,T,1343723075,1879155201,2201,Det/images/normal_train/01175070.png,0,05,learnable_hard,0.230563824,0.99,0.1719471501,normal_replay,GapCritical-Strict
RUN_205,TRIAD_069,B04_GapGuard-Raw_B3000,T,1343723075,1879155201,2202,Det/images/normal_train/01216348.png,0,01,learnable_hard,0.2623220143,0.97,0.164174193,normal_replay,GapCritical-Strict
RUN_205,TRIAD_069,B04_GapGuard-Raw_B3000,T,1343723075,1879155201,2203,Det/images/normal_train/00763232.png,0,07,learnable_hard,0.1961989055,0.94,0.1596641568,normal_replay,GapCritical-Strict
RUN_205,TRIAD_069,B04_GapGuard-Raw_B3000,T,1343723075,1879155201,2204,Det/images/normal_train/00786135.png,0,03,learnable_hard,0.1745597426,0.975,0.1815460206,normal_replay,GapCritical-Strict
RUN_205,TRIAD_069,B04_GapGuard-Raw_B3000,T,1343723075,1879155201,2205,Det/images/normal_train/00395128.png,0,05,learnable_hard,0.3092038487,0.915,0.1606057203,normal_replay,GapCritical-Strict
RUN_205,TRIAD_069,B04_GapGuard-Raw_B3000,T,1343723075,1879155201,2206,Det/images/normal_train/00403848.png,0,03,learnable_hard,0.1590828247,0.99,0.1593035502,normal_replay,GapCritical-Strict
RUN_205,TRIAD_069,B04_GapGuard-Raw_B3000,T,1343723075,1879155201,2207,Det/images/normal_train/00213369.png,0,03,learnable_hard,0.5847272526,0.16,0.1839493136,normal_replay,GapCritical-Strict
RUN_205,TRIAD_069,B04_GapGuard-Raw_B3000,T,1343723075,1879155201,2208,Det/images/normal_train/00616912.png,0,00,learnable_hard,0.18293297,0.97,0.1801648759,normal_replay,GapCritical-Strict
RUN_205,TRIAD_069,B04_GapGuard-Raw_B3000,T,1343723075,1879155201,2209,Det/images/normal_train/01280839.png,0,03,learnable_hard,0.1687609186,0.97,0.1543566209,normal_replay,GapCritical-Strict
RUN_205,TRIAD_069,B04_GapGuard-Raw_B3000,T,1343723075,1879155201,2210,Det/images/normal_train/00409845.png,0,06,learnable_hard,0.2807126458,0.96,0.1540328247,normal_replay,GapCritical-Strict
RUN_205,TRIAD_069,B04_GapGuard-Raw_B3000,T,1343723075,1879155201,2211,Det/images/normal_train/01269443.png,0,00,learnable_hard,0.50251787,0.3,0.1968976053,normal_replay,GapCritical-Strict
RUN_205,TRIAD_069,B04_GapGuard-Raw_B3000,T,1343723075,1879155201,2212,Det/images/normal_train/01028631.png,0,06,learnable_hard,0.279165038,0.81,0.2263552304,normal_replay,GapCritical-Strict
RUN_205,TRIAD_069,B04_GapGuard-Raw_B3000,T,1343723075,1879155201,2213,Det/images/normal_train/00477748.png,0,00,learnable_hard,0.383860991,0.65,0.2282707873,normal_replay,GapCritical-Strict
RUN_205,TRIAD_069,B04_GapGuard-Raw_B3000,T,1343723075,1879155201,2214,Det/images/normal_train/00950252.png,0,01,learnable_hard,0.1797805675,0.92,0.1911027767,normal_replay,GapCritical-Strict
RUN_205,TRIAD_069,B04_GapGuard-Raw_B3000,T,1343723075,1879155201,2215,Det/images/normal_train/01261148.png,0,00,learnable_hard,0.4073157118,0.67,0.2046983813,normal_replay,GapCritical-Strict
RUN_205,TRIAD_069,B04_GapGuard-Raw_B3000,T,1343723075,1879155201,2216,Det/images/normal_train/01000417.png,0,04,learnable_hard,0.3069651051,0.985,0.1584866893,normal_replay,GapCritical-Strict
RUN_205,TRIAD_069,B04_GapGuard-Raw_B3000,T,1343723075,1879155201,2217,Det/images/normal_train/00920309.png,0,09,learnable_hard,0.164177627,0.985,0.1553845601,normal_replay,GapCritical-Strict
RUN_205,TRIAD_069,B04_GapGuard-Raw_B3000,T,1343723075,1879155201,2218,Det/images/normal_train/00997168.png,0,08,learnable_hard,0.7222201473,0.1,0.1763188772,normal_replay,GapCritical-Strict
RUN_205,TRIAD_069,B04_GapGuard-Raw_B3000,T,1343723075,1879155201,2219,Det/images/normal_train/01140740.png,0,00,learnable_hard,0.3004242671,0.915,0.172969388,normal_replay,GapCritical-Strict
RUN_205,TRIAD_069,B04_GapGuard-Raw_B3000,T,1343723075,1879155201,2220,Det/images/normal_train/00732708.png,0,04,learnable_hard,0.2081121719,0.985,0.1651097527,normal_replay,GapCritical-Strict
RUN_205,TRIAD_069,B04_GapGuard-Raw_B3000,T,1343723075,1879155201,2221,Det/images/normal_train/00485891.png,0,09,learnable_hard,0.2106835175,0.99,0.1582390466,normal_replay,GapCritical-Strict
RUN_205,TRIAD_069,B04_GapGuard-Raw_B3000,T,1343723075,1879155201,2222,Det/images/normal_train/00150263.png,0,00,learnable_hard,0.2525913317,0.865,0.2030027705,normal_replay,GapCritical-Strict
RUN_205,TRIAD_069,B04_GapGuard-Raw_B3000,T,1343723075,1879155201,2223,Det/images/normal_train/00913566.png,0,07,learnable_hard,0.2047936195,0.945,0.1811816735,normal_replay,GapCritical-Strict
RUN_205,TRIAD_069,B04_GapGuard-Raw_B3000,T,1343723075,1879155201,2224,Det/images/normal_train/00546747.png,0,07,learnable_hard,0.2067832873,0.995,0.1641008133,normal_replay,GapCritical-Strict
RUN_205,TRIAD_069,B04_GapGuard-Raw_B3000,T,1343723075,1879155201,2225,Det/images/normal_train/00563995.png,0,06,learnable_hard,0.200624331,0.995,0.1622180319,normal_replay,GapCritical-Strict
RUN_205,TRIAD_069,B04_GapGuard-Raw_B3000,T,1343723075,1879155201,2226,Det/images/normal_train/00457834.png,0,09,learnable_hard,0.1886624389,0.99,0.1569954852,normal_replay,GapCritical-Strict
RUN_205,TRIAD_069,B04_GapGuard-Raw_B3000,T,1343723075,1879155201,2227,Det/images/normal_train/00774250.png,0,00,learnable_hard,0.1818881426,0.975,0.1797793107,normal_replay,GapCritical-Strict
RUN_205,TRIAD_069,B04_GapGuard-Raw_B3000,T,1343723075,1879155201,2228,Det/images/normal_train/00331395.png,0,02,learnable_hard,0.2375287695,0.985,0.1740650327,normal_replay,GapCritical-Strict
RUN_205,TRIAD_069,B04_GapGuard-Raw_B3000,T,1343723075,1879155201,2229,Det/images/normal_train/00874269.png,0,06,learnable_hard,0.4273882121,0.685,0.1931401804,normal_replay,GapCritical-Strict
RUN_205,TRIAD_069,B04_GapGuard-Raw_B3000,T,1343723075,1879155201,2230,Det/images/normal_train/00789833.png,0,09,learnable_hard,0.5825336353,0.28,0.1599271076,normal_replay,GapCritical-Strict
RUN_205,TRIAD_069,B04_GapGuard-Raw_B3000,T,1343723075,1879155201,2231,Det/images/normal_train/00584467.png,0,05,learnable_hard,0.2142055874,0.96,0.1785743324,normal_replay,GapCritical-Strict
RUN_205,TRIAD_069,B04_GapGuard-Raw_B3000,T,1343723075,1879155201,2232,Det/images/normal_train/00356878.png,0,07,learnable_hard,0.5253500519,0.475,0.2349822654,normal_replay,GapCritical-Strict
RUN_205,TRIAD_069,B04_GapGuard-Raw_B3000,T,1343723075,1879155201,2233,Det/images/normal_train/00930199.png,0,09,learnable_hard,0.1828977213,0.975,0.164598785,normal_replay,GapCritical-Strict
RUN_205,TRIAD_069,B04_GapGuard-Raw_B3000,T,1343723075,1879155201,2234,Det/images/normal_train/00257986.png,0,09,learnable_hard,0.2300757785,0.935,0.1782748823,normal_replay,GapCritical-Strict
RUN_205,TRIAD_069,B04_GapGuard-Raw_B3000,T,1343723075,1879155201,2235,Det/images/normal_train/00939091.png,0,08,learnable_hard,0.2483322054,0.965,0.1753936498,normal_replay,GapCritical-Strict
RUN_205,TRIAD_069,B04_GapGuard-Raw_B3000,T,1343723075,1879155201,2236,Det/images/normal_train/00238308.png,0,02,learnable_hard,0.1586095231,0.985,0.1753281662,normal_replay,GapCritical-Strict
RUN_205,TRIAD_069,B04_GapGuard-Raw_B3000,T,1343723075,1879155201,2237,Det/images/normal_train/01198933.png,0,03,learnable_hard,0.1808027815,0.895,0.1982940388,normal_replay,GapCritical-Strict
RUN_205,TRIAD_069,B04_GapGuard-Raw_B3000,T,1343723075,1879155201,2238,Det/images/normal_train/00920355.png,0,09,learnable_hard,0.3483115616,0.82,0.1767249442,normal_replay,GapCritical-Strict
RUN_205,TRIAD_069,B04_GapGuard-Raw_B3000,T,1343723075,1879155201,2239,Det/images/normal_train/01171435.png,0,04,learnable_hard,0.5294774508,0.38,0.1950914012,normal_replay,GapCritical-Strict
RUN_205,TRIAD_069,B04_GapGuard-Raw_B3000,T,1343723075,1879155201,2240,Det/images/normal_train/01042650.png,0,01,learnable_hard,0.2315667135,0.97,0.1652468903,normal_replay,GapCritical-Strict
RUN_205,TRIAD_069,B04_GapGuard-Raw_B3000,T,1343723075,1879155201,2241,Det/images/normal_train/00452018.png,0,06,learnable_hard,0.2470266282,0.955,0.163483251,normal_replay,GapCritical-Strict
RUN_205,TRIAD_069,B04_GapGuard-Raw_B3000,T,1343723075,1879155201,2242,Det/images/normal_train/01159147.png,0,04,learnable_hard,0.2206087472,0.97,0.1603895923,normal_replay,GapCritical-Strict
RUN_205,TRIAD_069,B04_GapGuard-Raw_B3000,T,1343723075,1879155201,2243,Det/images/normal_train/00336255.png,0,03,learnable_hard,0.2372231061,0.96,0.1832317474,normal_replay,GapCritical-Strict
RUN_205,TRIAD_069,B04_GapGuard-Raw_B3000,T,1343723075,1879155201,2244,Det/images/normal_train/00879045.png,0,09,learnable_hard,0.1621407169,0.975,0.1559466681,normal_replay,GapCritical-Strict
RUN_205,TRIAD_069,B04_GapGuard-Raw_B3000,T,1343723075,1879155201,2245,Det/images/normal_train/00828097.png,0,08,learnable_hard,0.1629989601,0.93,0.1884526591,normal_replay,GapCritical-Strict
RUN_205,TRIAD_069,B04_GapGuard-Raw_B3000,T,1343723075,1879155201,2246,Det/images/normal_train/00941234.png,0,00,learnable_hard,0.3345529206,0.82,0.1869617043,normal_replay,GapCritical-Strict
RUN_205,TRIAD_069,B04_GapGuard-Raw_B3000,T,1343723075,1879155201,2247,Det/images/normal_train/00176018.png,0,09,learnable_hard,0.2456336205,0.94,0.1809296503,normal_replay,GapCritical-Strict
RUN_205,TRIAD_069,B04_GapGuard-Raw_B3000,T,1343723075,1879155201,2248,Det/images/normal_train/00443046.png,0,00,learnable_hard,0.2350022371,0.985,0.1629974586,normal_replay,GapCritical-Strict
RUN_205,TRIAD_069,B04_GapGuard-Raw_B3000,T,1343723075,1879155201,2249,Det/images/normal_train/00888289.png,0,08,learnable_hard,0.1815909082,0.945,0.1753949861,normal_replay,GapCritical-Strict
RUN_205,TRIAD_069,B04_GapGuard-Raw_B3000,T,1343723075,1879155201,2250,Det/images/normal_train/00937089.png,0,05,learnable_hard,0.3243305296,0.995,0.1509553848,normal_replay,GapCritical-Strict
RUN_205,TRIAD_069,B04_GapGuard-Raw_B3000,T,1343723075,1879155201,2251,Det/images/normal_train/01131475.png,0,01,learnable_hard,0.3488305042,0.865,0.1719469362,normal_replay,GapCritical-Strict
RUN_205,TRIAD_069,B04_GapGuard-Raw_B3000,T,1343723075,1879155201,2252,Det/images/normal_train/00653020.png,0,02,learnable_hard,0.3340533689,0.7,0.209737757,normal_replay,GapCritical-Strict
RUN_205,TRIAD_069,B04_GapGuard-Raw_B3000,T,1343723075,1879155201,2253,Det/images/normal_train/00269162.png,0,03,learnable_hard,0.2209977878,0.905,0.1670477891,normal_replay,GapCritical-Strict
RUN_205,TRIAD_069,B04_GapGuard-Raw_B3000,T,1343723075,1879155201,2254,Det/images/normal_train/00770200.png,0,02,learnable_hard,0.2237341514,0.98,0.1433190637,normal_replay,GapCritical-Strict
RUN_205,TRIAD_069,B04_GapGuard-Raw_B3000,T,1343723075,1879155201,2255,Det/images/normal_train/00290364.png,0,00,learnable_hard,0.2564473838,0.99,0.1765008113,normal_replay,GapCritical-Strict
RUN_205,TRIAD_069,B04_GapGuard-Raw_B3000,T,1343723075,1879155201,2256,Det/images/normal_train/01031252.png,0,09,learnable_hard,0.3039530187,0.82,0.2108569142,normal_replay,GapCritical-Strict
RUN_205,TRIAD_069,B04_GapGuard-Raw_B3000,T,1343723075,1879155201,2257,Det/images/normal_train/00583643.png,0,03,learnable_hard,0.1735944942,0.97,0.1554345895,normal_replay,GapCritical-Strict
RUN_205,TRIAD_069,B04_GapGuard-Raw_B3000,T,1343723075,1879155201,2258,Det/images/normal_train/00457899.png,0,09,learnable_hard,0.3034517742,0.845,0.1650619765,normal_replay,GapCritical-Strict
RUN_205,TRIAD_069,B04_GapGuard-Raw_B3000,T,1343723075,1879155201,2259,Det/images/normal_train/00845209.png,0,04,learnable_hard,0.1523762548,0.94,0.177641999,normal_replay,GapCritical-Strict
RUN_205,TRIAD_069,B04_GapGuard-Raw_B3000,T,1343723075,1879155201,2260,Det/images/normal_train/00501248.png,0,00,learnable_hard,0.1878777793,0.935,0.1917817019,normal_replay,GapCritical-Strict
RUN_205,TRIAD_069,B04_GapGuard-Raw_B3000,T,1343723075,1879155201,2261,Det/images/normal_train/01074092.png,0,04,learnable_hard,0.2479760117,0.93,0.1927001348,normal_replay,GapCritical-Strict
RUN_205,TRIAD_069,B04_GapGuard-Raw_B3000,T,1343723075,1879155201,2262,Det/images/normal_train/00847179.png,0,04,learnable_hard,0.1911926672,0.985,0.1599638677,normal_replay,GapCritical-Strict
RUN_205,TRIAD_069,B04_GapGuard-Raw_B3000,T,1343723075,1879155201,2263,Det/images/normal_train/00164563.png,0,06,learnable_hard,0.6382527067,0.28,0.251351952,normal_replay,GapCritical-Strict
RUN_205,TRIAD_069,B04_GapGuard-Raw_B3000,T,1343723075,1879155201,2264,Det/images/normal_train/00584723.png,0,05,learnable_hard,0.1992423314,0.995,0.155420629,normal_replay,GapCritical-Strict
RUN_205,TRIAD_069,B04_GapGuard-Raw_B3000,T,1343723075,1879155201,2265,Det/images/normal_train/00490597.png,0,05,learnable_hard,0.2854038944,0.905,0.1782865411,normal_replay,GapCritical-Strict
RUN_205,TRIAD_069,B04_GapGuard-Raw_B3000,T,1343723075,1879155201,2266,Det/images/normal_train/00897249.png,0,00,learnable_hard,0.4419280811,0.51,0.1998617775,normal_replay,GapCritical-Strict
RUN_205,TRIAD_069,B04_GapGuard-Raw_B3000,T,1343723075,1879155201,2267,Det/images/normal_train/01073046.png,0,07,learnable_hard,0.1427252086,0.985,0.150688885,normal_replay,GapCritical-Strict
RUN_205,TRIAD_069,B04_GapGuard-Raw_B3000,T,1343723075,1879155201,2268,Det/images/normal_train/01051130.png,0,06,learnable_hard,0.228370129,0.98,0.1478376401,normal_replay,GapCritical-Strict
RUN_205,TRIAD_069,B04_GapGuard-Raw_B3000,T,1343723075,1879155201,2269,Det/images/normal_train/00920632.png,0,09,learnable_hard,0.4655644996,0.44,0.2133282698,normal_replay,GapCritical-Strict
RUN_205,TRIAD_069,B04_GapGuard-Raw_B3000,T,1343723075,1879155201,2270,Det/images/normal_train/01259267.png,0,06,learnable_hard,0.1629494134,0.935,0.1789695721,normal_replay,GapCritical-Strict
RUN_205,TRIAD_069,B04_GapGuard-Raw_B3000,T,1343723075,1879155201,2271,Det/images/normal_train/00854569.png,0,09,learnable_hard,0.1392949482,0.985,0.168210316,normal_replay,GapCritical-Strict
RUN_205,TRIAD_069,B04_GapGuard-Raw_B3000,T,1343723075,1879155201,2272,Det/images/normal_train/00311493.png,0,01,learnable_hard,0.1678175401,0.985,0.1654095284,normal_replay,GapCritical-Strict
RUN_205,TRIAD_069,B04_GapGuard-Raw_B3000,T,1343723075,1879155201,2273,Det/images/normal_train/01173413.png,0,01,learnable_hard,0.4114353913,0.71,0.1893185514,normal_replay,GapCritical-Strict
RUN_205,TRIAD_069,B04_GapGuard-Raw_B3000,T,1343723075,1879155201,2274,Det/images/normal_train/00663370.png,0,08,learnable_hard,0.1619639152,0.99,0.1469660123,normal_replay,GapCritical-Strict
RUN_205,TRIAD_069,B04_GapGuard-Raw_B3000,T,1343723075,1879155201,2275,Det/images/normal_train/01137283.png,0,03,learnable_hard,0.3381828204,0.865,0.1606378353,normal_replay,GapCritical-Strict
RUN_205,TRIAD_069,B04_GapGuard-Raw_B3000,T,1343723075,1879155201,2276,Det/images/normal_train/00571782.png,0,03,learnable_hard,0.1717495091,0.98,0.1604483123,normal_replay,GapCritical-Strict
RUN_205,TRIAD_069,B04_GapGuard-Raw_B3000,T,1343723075,1879155201,2277,Det/images/normal_train/00635668.png,0,09,learnable_hard,0.160364262,0.89,0.2364318927,normal_replay,GapCritical-Strict
RUN_205,TRIAD_069,B04_GapGuard-Raw_B3000,T,1343723075,1879155201,2278,Det/images/normal_train/01036205.png,0,01,learnable_hard,0.2202031732,0.92,0.203952265,normal_replay,GapCritical-Strict
RUN_205,TRIAD_069,B04_GapGuard-Raw_B3000,T,1343723075,1879155201,2279,Det/images/normal_train/01059733.png,0,03,learnable_hard,0.2703799064,0.94,0.1617644549,normal_replay,GapCritical-Strict
RUN_205,TRIAD_069,B04_GapGuard-Raw_B3000,T,1343723075,1879155201,2280,Det/images/normal_train/00231380.png,0,08,learnable_hard,0.3928121825,0.64,0.192659993,normal_replay,GapCritical-Strict
RUN_205,TRIAD_069,B04_GapGuard-Raw_B3000,T,1343723075,1879155201,2281,Det/images/normal_train/00908666.png,0,06,learnable_hard,0.1702567631,0.91,0.2123174412,normal_replay,GapCritical-Strict
RUN_205,TRIAD_069,B04_GapGuard-Raw_B3000,T,1343723075,1879155201,2282,Det/images/normal_train/01282583.png,0,02,learnable_hard,0.256790353,0.97,0.1719115593,normal_replay,GapCritical-Strict
RUN_205,TRIAD_069,B04_GapGuard-Raw_B3000,T,1343723075,1879155201,2283,Det/images/normal_train/01019493.png,0,08,learnable_hard,0.2601705343,0.965,0.1510689779,normal_replay,GapCritical-Strict
RUN_205,TRIAD_069,B04_GapGuard-Raw_B3000,T,1343723075,1879155201,2284,Det/images/normal_train/01176721.png,0,02,learnable_hard,0.1609488478,0.95,0.1894417332,normal_replay,GapCritical-Strict
RUN_205,TRIAD_069,B04_GapGuard-Raw_B3000,T,1343723075,1879155201,2285,Det/images/normal_train/00490512.png,0,05,learnable_hard,0.2519321116,0.985,0.1387408308,normal_replay,GapCritical-Strict
RUN_205,TRIAD_069,B04_GapGuard-Raw_B3000,T,1343723075,1879155201,2286,Det/images/normal_train/00242345.png,0,01,learnable_hard,0.1756940879,0.975,0.1495258435,normal_replay,GapCritical-Strict
RUN_205,TRIAD_069,B04_GapGuard-Raw_B3000,T,1343723075,1879155201,2287,Det/images/normal_train/00938430.png,0,08,learnable_hard,0.2523940635,0.93,0.1783676801,normal_replay,GapCritical-Strict
RUN_205,TRIAD_069,B04_GapGuard-Raw_B3000,T,1343723075,1879155201,2288,Det/images/normal_train/01124033.png,0,08,learnable_hard,0.2160677404,0.99,0.1519316746,normal_replay,GapCritical-Strict
RUN_205,TRIAD_069,B04_GapGuard-Raw_B3000,T,1343723075,1879155201,2289,Det/images/normal_train/00637007.png,0,05,learnable_hard,0.1922345445,0.995,0.177041627,normal_replay,GapCritical-Strict
RUN_205,TRIAD_069,B04_GapGuard-Raw_B3000,T,1343723075,1879155201,2290,Det/images/normal_train/00343221.png,0,02,learnable_hard,0.1784091977,0.985,0.1471573793,normal_replay,GapCritical-Strict
RUN_205,TRIAD_069,B04_GapGuard-Raw_B3000,T,1343723075,1879155201,2291,Det/images/normal_train/01198837.png,0,03,learnable_hard,0.1811715796,0.995,0.1589729523,normal_replay,GapCritical-Strict
RUN_205,TRIAD_069,B04_GapGuard-Raw_B3000,T,1343723075,1879155201,2292,Det/images/normal_train/00286801.png,0,06,learnable_hard,0.1430226666,0.995,0.1569990327,normal_replay,GapCritical-Strict
RUN_205,TRIAD_069,B04_GapGuard-Raw_B3000,T,1343723075,1879155201,2293,Det/images/normal_train/00968787.png,0,09,learnable_hard,0.3014937394,0.925,0.1572068924,normal_replay,GapCritical-Strict
RUN_205,TRIAD_069,B04_GapGuard-Raw_B3000,T,1343723075,1879155201,2294,Det/images/normal_train/00622822.png,0,02,learnable_hard,0.2488074696,0.93,0.1653225145,normal_replay,GapCritical-Strict
RUN_205,TRIAD_069,B04_GapGuard-Raw_B3000,T,1343723075,1879155201,2295,Det/images/normal_train/00523123.png,0,00,learnable_hard,0.5494089833,0.325,0.2207569144,normal_replay,GapCritical-Strict
RUN_205,TRIAD_069,B04_GapGuard-Raw_B3000,T,1343723075,1879155201,2296,Det/images/normal_train/01189972.png,0,05,learnable_hard,0.2826625339,0.985,0.1550917523,normal_replay,GapCritical-Strict
RUN_205,TRIAD_069,B04_GapGuard-Raw_B3000,T,1343723075,1879155201,2297,Det/images/normal_train/00984972.png,0,02,learnable_hard,0.6454106715,0.26,0.2322342541,normal_replay,GapCritical-Strict
RUN_205,TRIAD_069,B04_GapGuard-Raw_B3000,T,1343723075,1879155201,2298,Det/images/normal_train/00541131.png,0,08,learnable_hard,0.2640055197,0.97,0.1410838517,normal_replay,GapCritical-Strict
RUN_205,TRIAD_069,B04_GapGuard-Raw_B3000,T,1343723075,1879155201,2299,Det/images/normal_train/00597938.png,0,03,learnable_hard,0.1633437308,0.995,0.1674741406,normal_replay,GapCritical-Strict
RUN_205,TRIAD_069,B04_GapGuard-Raw_B3000,T,1343723075,1879155201,2300,Det/images/normal_train/00798584.png,0,03,learnable_hard,0.5628917385,0.28,0.1839994824,normal_replay,GapCritical-Strict
RUN_205,TRIAD_069,B04_GapGuard-Raw_B3000,T,1343723075,1879155201,2301,Det/images/normal_train/01093996.png,0,04,learnable_hard,0.6052432,0.21,0.1843515374,normal_replay,GapCritical-Strict
RUN_205,TRIAD_069,B04_GapGuard-Raw_B3000,T,1343723075,1879155201,2302,Det/images/normal_train/00503663.png,0,03,learnable_hard,0.1589718211,0.985,0.1586632895,normal_replay,GapCritical-Strict
RUN_205,TRIAD_069,B04_GapGuard-Raw_B3000,T,1343723075,1879155201,2303,Det/images/normal_train/00880151.png,0,07,learnable_hard,0.117360372,0.98,0.1525191811,normal_replay,GapCritical-Strict
RUN_205,TRIAD_069,B04_GapGuard-Raw_B3000,T,1343723075,1879155201,2304,Det/images/normal_train/01199389.png,0,03,learnable_hard,0.6319634716,0.19,0.2075477645,normal_replay,GapCritical-Strict
RUN_205,TRIAD_069,B04_GapGuard-Raw_B3000,T,1343723075,1879155201,2305,Det/images/normal_train/00856776.png,0,08,learnable_hard,0.3187605742,0.88,0.1668721351,normal_replay,GapCritical-Strict
RUN_205,TRIAD_069,B04_GapGuard-Raw_B3000,T,1343723075,1879155201,2306,Det/images/normal_train/00739669.png,0,00,learnable_hard,0.3647381287,0.63,0.2233585465,normal_replay,GapCritical-Strict
RUN_205,TRIAD_069,B04_GapGuard-Raw_B3000,T,1343723075,1879155201,2307,Det/images/normal_train/00530480.png,0,01,learnable_hard,0.337628494,0.74,0.2192265039,normal_replay,GapCritical-Strict
RUN_205,TRIAD_069,B04_GapGuard-Raw_B3000,T,1343723075,1879155201,2308,Det/images/normal_train/00814358.png,0,02,learnable_hard,0.3556835368,0.715,0.2256721234,normal_replay,GapCritical-Strict
RUN_205,TRIAD_069,B04_GapGuard-Raw_B3000,T,1343723075,1879155201,2309,Det/images/normal_train/00647174.png,0,01,learnable_hard,0.3455519132,0.86,0.1837339113,normal_replay,GapCritical-Strict
RUN_205,TRIAD_069,B04_GapGuard-Raw_B3000,T,1343723075,1879155201,2310,Det/images/normal_train/00775795.png,0,09,learnable_hard,0.3968955776,0.695,0.1880197409,normal_replay,GapCritical-Strict
RUN_205,TRIAD_069,B04_GapGuard-Raw_B3000,T,1343723075,1879155201,2311,Det/images/normal_train/01165813.png,0,06,learnable_hard,0.1942062399,0.935,0.182317688,normal_replay,GapCritical-Strict
RUN_205,TRIAD_069,B04_GapGuard-Raw_B3000,T,1343723075,1879155201,2312,Det/images/normal_train/00669719.png,0,08,learnable_hard,0.5250009811,0.44,0.218474874,normal_replay,GapCritical-Strict
RUN_205,TRIAD_069,B04_GapGuard-Raw_B3000,T,1343723075,1879155201,2313,Det/images/normal_train/00536647.png,0,02,learnable_hard,0.4486265282,0.465,0.2047950156,normal_replay,GapCritical-Strict
RUN_205,TRIAD_069,B04_GapGuard-Raw_B3000,T,1343723075,1879155201,2314,Det/images/normal_train/00404845.png,0,09,learnable_hard,0.1942713002,0.995,0.169130131,normal_replay,GapCritical-Strict
RUN_205,TRIAD_069,B04_GapGuard-Raw_B3000,T,1343723075,1879155201,2315,Det/images/normal_train/00991338.png,0,00,learnable_hard,0.1700137895,0.98,0.1581351517,normal_replay,GapCritical-Strict
RUN_205,TRIAD_069,B04_GapGuard-Raw_B3000,T,1343723075,1879155201,2316,Det/images/normal_train/01021877.png,0,06,learnable_hard,0.2775430113,0.905,0.1662436707,normal_replay,GapCritical-Strict
RUN_205,TRIAD_069,B04_GapGuard-Raw_B3000,T,1343723075,1879155201,2317,Det/images/normal_train/00222652.png,0,00,learnable_hard,0.2378554791,0.955,0.1811236281,normal_replay,GapCritical-Strict
RUN_205,TRIAD_069,B04_GapGuard-Raw_B3000,T,1343723075,1879155201,2318,Det/images/normal_train/00614199.png,0,05,learnable_hard,0.3387479972,0.82,0.1773917241,normal_replay,GapCritical-Strict
RUN_205,TRIAD_069,B04_GapGuard-Raw_B3000,T,1343723075,1879155201,2319,Det/images/normal_train/00517604.png,0,08,learnable_hard,0.1768609413,0.99,0.153299952,normal_replay,GapCritical-Strict
RUN_205,TRIAD_069,B04_GapGuard-Raw_B3000,T,1343723075,1879155201,2320,Det/images/normal_train/00823174.png,0,02,learnable_hard,0.1694379292,0.995,0.1517781049,normal_replay,GapCritical-Strict
RUN_205,TRIAD_069,B04_GapGuard-Raw_B3000,T,1343723075,1879155201,2321,Det/images/normal_train/00932378.png,0,07,learnable_hard,0.1673852625,0.99,0.1583036379,normal_replay,GapCritical-Strict
RUN_205,TRIAD_069,B04_GapGuard-Raw_B3000,T,1343723075,1879155201,2322,Det/images/normal_train/00392896.png,0,08,learnable_hard,0.6795849233,0.14,0.1954978579,normal_replay,GapCritical-Strict
RUN_205,TRIAD_069,B04_GapGuard-Raw_B3000,T,1343723075,1879155201,2323,Det/images/normal_train/00375666.png,0,04,learnable_hard,0.2706710446,0.995,0.1532161895,normal_replay,GapCritical-Strict
RUN_205,TRIAD_069,B04_GapGuard-Raw_B3000,T,1343723075,1879155201,2324,Det/images/normal_train/00792141.png,0,03,learnable_hard,0.2094269926,0.96,0.162072912,normal_replay,GapCritical-Strict
RUN_205,TRIAD_069,B04_GapGuard-Raw_B3000,T,1343723075,1879155201,2325,Det/images/normal_train/00448671.png,0,04,learnable_hard,0.3771665382,0.75,0.1957903958,normal_replay,GapCritical-Strict
RUN_205,TRIAD_069,B04_GapGuard-Raw_B3000,T,1343723075,1879155201,2326,Det/images/normal_train/00188398.png,0,06,learnable_hard,0.3684146588,0.71,0.1646888507,normal_replay,GapCritical-Strict
RUN_205,TRIAD_069,B04_GapGuard-Raw_B3000,T,1343723075,1879155201,2327,Det/images/normal_train/01173995.png,0,01,learnable_hard,0.2983886184,0.955,0.1612945465,normal_replay,GapCritical-Strict
RUN_205,TRIAD_069,B04_GapGuard-Raw_B3000,T,1343723075,1879155201,2328,Det/images/normal_train/00174039.png,0,01,learnable_hard,0.1004177062,0.985,0.1531677923,normal_replay,GapCritical-Strict
RUN_205,TRIAD_069,B04_GapGuard-Raw_B3000,T,1343723075,1879155201,2329,Det/images/normal_train/00173155.png,0,04,learnable_hard,0.3272073592,0.86,0.203461053,normal_replay,GapCritical-Strict
RUN_205,TRIAD_069,B04_GapGuard-Raw_B3000,T,1343723075,1879155201,2330,Det/images/normal_train/00592705.png,0,07,learnable_hard,0.2506897302,0.99,0.1454241747,normal_replay,GapCritical-Strict
RUN_205,TRIAD_069,B04_GapGuard-Raw_B3000,T,1343723075,1879155201,2331,Det/images/normal_train/00954077.png,0,03,learnable_hard,0.2153783974,0.98,0.1664754436,normal_replay,GapCritical-Strict
RUN_205,TRIAD_069,B04_GapGuard-Raw_B3000,T,1343723075,1879155201,2332,Det/images/normal_train/01137505.png,0,03,learnable_hard,0.195035654,0.97,0.1528693298,normal_replay,GapCritical-Strict
RUN_205,TRIAD_069,B04_GapGuard-Raw_B3000,T,1343723075,1879155201,2333,Det/images/normal_train/00565164.png,0,04,learnable_hard,0.627716652,0.155,0.2084875913,normal_replay,GapCritical-Strict
RUN_205,TRIAD_069,B04_GapGuard-Raw_B3000,T,1343723075,1879155201,2334,Det/images/normal_train/00714190.png,0,06,learnable_hard,0.6681177629,0.195,0.2332017087,normal_replay,GapCritical-Strict
RUN_205,TRIAD_069,B04_GapGuard-Raw_B3000,T,1343723075,1879155201,2335,Det/images/normal_train/00359248.png,0,05,learnable_hard,0.2330380297,0.955,0.1698932882,normal_replay,GapCritical-Strict
RUN_205,TRIAD_069,B04_GapGuard-Raw_B3000,T,1343723075,1879155201,2336,Det/images/normal_train/00254520.png,0,03,learnable_hard,0.7263493615,0.19,0.2326377961,normal_replay,GapCritical-Strict
RUN_205,TRIAD_069,B04_GapGuard-Raw_B3000,T,1343723075,1879155201,2337,Det/images/normal_train/00259488.png,0,08,learnable_hard,0.2120844436,0.99,0.1404906439,normal_replay,GapCritical-Strict
RUN_205,TRIAD_069,B04_GapGuard-Raw_B3000,T,1343723075,1879155201,2338,Det/images/normal_train/01240063.png,0,03,learnable_hard,0.2417718136,0.985,0.1555547952,normal_replay,GapCritical-Strict
RUN_205,TRIAD_069,B04_GapGuard-Raw_B3000,T,1343723075,1879155201,2339,Det/images/normal_train/00563876.png,0,06,learnable_hard,0.1651530499,0.99,0.1625111938,normal_replay,GapCritical-Strict
RUN_205,TRIAD_069,B04_GapGuard-Raw_B3000,T,1343723075,1879155201,2340,Det/images/normal_train/00770964.png,0,02,learnable_hard,0.1355327628,0.99,0.1577970947,normal_replay,GapCritical-Strict
RUN_205,TRIAD_069,B04_GapGuard-Raw_B3000,T,1343723075,1879155201,2341,Det/images/normal_train/00677501.png,0,01,learnable_hard,0.1141381336,0.97,0.1537175657,normal_replay,GapCritical-Strict
RUN_205,TRIAD_069,B04_GapGuard-Raw_B3000,T,1343723075,1879155201,2342,Det/images/normal_train/00592456.png,0,07,learnable_hard,0.1634567686,0.99,0.155454649,normal_replay,GapCritical-Strict
RUN_205,TRIAD_069,B04_GapGuard-Raw_B3000,T,1343723075,1879155201,2343,Det/images/normal_train/00702494.png,0,06,learnable_hard,0.2415233947,0.965,0.1445225015,normal_replay,GapCritical-Strict
RUN_205,TRIAD_069,B04_GapGuard-Raw_B3000,T,1343723075,1879155201,2344,Det/images/normal_train/00366740.png,0,02,learnable_hard,0.2724932809,0.845,0.1877375809,normal_replay,GapCritical-Strict
RUN_205,TRIAD_069,B04_GapGuard-Raw_B3000,T,1343723075,1879155201,2345,Det/images/normal_train/00641528.png,0,02,learnable_hard,0.2144301733,0.965,0.1760889629,normal_replay,GapCritical-Strict
RUN_205,TRIAD_069,B04_GapGuard-Raw_B3000,T,1343723075,1879155201,2346,Det/images/normal_train/01138517.png,0,02,learnable_hard,0.3724293646,0.775,0.1872912277,normal_replay,GapCritical-Strict
RUN_205,TRIAD_069,B04_GapGuard-Raw_B3000,T,1343723075,1879155201,2347,Det/images/normal_train/00247639.png,0,01,learnable_hard,0.1602989736,0.98,0.1496547686,normal_replay,GapCritical-Strict
RUN_205,TRIAD_069,B04_GapGuard-Raw_B3000,T,1343723075,1879155201,2348,Det/images/normal_train/00540962.png,0,05,learnable_hard,0.1957338298,0.995,0.1677316221,normal_replay,GapCritical-Strict
RUN_205,TRIAD_069,B04_GapGuard-Raw_B3000,T,1343723075,1879155201,2349,Det/images/normal_train/00875850.png,0,06,learnable_hard,0.3075515963,0.93,0.1610623626,normal_replay,GapCritical-Strict
RUN_205,TRIAD_069,B04_GapGuard-Raw_B3000,T,1343723075,1879155201,2350,Det/images/normal_train/00584124.png,0,05,learnable_hard,0.2047399488,0.975,0.1517722837,normal_replay,GapCritical-Strict
RUN_205,TRIAD_069,B04_GapGuard-Raw_B3000,T,1343723075,1879155201,2351,Det/images/normal_train/00693574.png,0,03,learnable_hard,0.1801629962,0.985,0.160945529,normal_replay,GapCritical-Strict
RUN_205,TRIAD_069,B04_GapGuard-Raw_B3000,T,1343723075,1879155201,2352,Det/images/normal_train/01030685.png,0,04,learnable_hard,0.2269222759,0.975,0.1694678101,normal_replay,GapCritical-Strict
RUN_205,TRIAD_069,B04_GapGuard-Raw_B3000,T,1343723075,1879155201,2353,Det/images/normal_train/00163161.png,0,08,learnable_hard,0.2197214799,0.935,0.1500702833,normal_replay,GapCritical-Strict
RUN_205,TRIAD_069,B04_GapGuard-Raw_B3000,T,1343723075,1879155201,2354,Det/images/normal_train/00607419.png,0,09,learnable_hard,0.3660834274,0.835,0.1571599413,normal_replay,GapCritical-Strict
RUN_205,TRIAD_069,B04_GapGuard-Raw_B3000,T,1343723075,1879155201,2355,Det/images/normal_train/00581660.png,0,02,learnable_hard,0.2900083833,0.865,0.169357339,normal_replay,GapCritical-Strict
RUN_205,TRIAD_069,B04_GapGuard-Raw_B3000,T,1343723075,1879155201,2356,Det/images/normal_train/00575014.png,0,00,learnable_hard,0.5721864082,0.2,0.1902945402,normal_replay,GapCritical-Strict
RUN_205,TRIAD_069,B04_GapGuard-Raw_B3000,T,1343723075,1879155201,2357,Det/images/normal_train/00375465.png,0,04,learnable_hard,0.4985184795,0.51,0.2257349455,normal_replay,GapCritical-Strict
RUN_205,TRIAD_069,B04_GapGuard-Raw_B3000,T,1343723075,1879155201,2358,Det/images/normal_train/00364135.png,0,08,learnable_hard,0.153658468,0.965,0.1585513601,normal_replay,GapCritical-Strict
RUN_205,TRIAD_069,B04_GapGuard-Raw_B3000,T,1343723075,1879155201,2359,Det/images/normal_train/00351708.png,0,03,learnable_hard,0.2857488787,0.87,0.1742002927,normal_replay,GapCritical-Strict
RUN_205,TRIAD_069,B04_GapGuard-Raw_B3000,T,1343723075,1879155201,2360,Det/images/normal_train/01080918.png,0,03,learnable_hard,0.1988341203,0.995,0.1645870377,normal_replay,GapCritical-Strict
RUN_205,TRIAD_069,B04_GapGuard-Raw_B3000,T,1343723075,1879155201,2361,Det/images/normal_train/01040046.png,0,06,learnable_hard,0.2088289985,0.935,0.1869350945,normal_replay,GapCritical-Strict
RUN_205,TRIAD_069,B04_GapGuard-Raw_B3000,T,1343723075,1879155201,2362,Det/images/normal_train/00897444.png,0,00,learnable_hard,0.4247024653,0.5,0.222176688,normal_replay,GapCritical-Strict
RUN_205,TRIAD_069,B04_GapGuard-Raw_B3000,T,1343723075,1879155201,2363,Det/images/normal_train/00381179.png,0,05,learnable_hard,0.1357557105,0.97,0.1534737262,normal_replay,GapCritical-Strict
RUN_205,TRIAD_069,B04_GapGuard-Raw_B3000,T,1343723075,1879155201,2364,Det/images/normal_train/00620090.png,0,06,learnable_hard,0.1931107705,0.975,0.1513618257,normal_replay,GapCritical-Strict
RUN_205,TRIAD_069,B04_GapGuard-Raw_B3000,T,1343723075,1879155201,2365,Det/images/normal_train/00614107.png,0,05,learnable_hard,0.2979034447,0.82,0.1737352349,normal_replay,GapCritical-Strict
RUN_205,TRIAD_069,B04_GapGuard-Raw_B3000,T,1343723075,1879155201,2366,Det/images/normal_train/01030651.png,0,04,learnable_hard,0.218702702,0.99,0.1609868159,normal_replay,GapCritical-Strict
RUN_205,TRIAD_069,B04_GapGuard-Raw_B3000,T,1343723075,1879155201,2367,Det/images/normal_train/00346001.png,0,07,learnable_hard,0.3326115332,0.795,0.1868992088,normal_replay,GapCritical-Strict
RUN_205,TRIAD_069,B04_GapGuard-Raw_B3000,T,1343723075,1879155201,2368,Det/images/normal_train/00472581.png,0,00,learnable_hard,0.2716392812,0.91,0.184842932,normal_replay,GapCritical-Strict
RUN_205,TRIAD_069,B04_GapGuard-Raw_B3000,T,1343723075,1879155201,2369,Det/images/normal_train/01080314.png,0,03,learnable_hard,0.6772546218,0.185,0.187256297,normal_replay,GapCritical-Strict
RUN_205,TRIAD_069,B04_GapGuard-Raw_B3000,T,1343723075,1879155201,2370,Det/images/normal_train/01182263.png,0,05,learnable_hard,0.2772124657,0.965,0.1641816307,normal_replay,GapCritical-Strict
RUN_205,TRIAD_069,B04_GapGuard-Raw_B3000,T,1343723075,1879155201,2371,Det/images/normal_train/01073743.png,0,07,learnable_hard,0.1439737283,0.99,0.1600363622,normal_replay,GapCritical-Strict
RUN_205,TRIAD_069,B04_GapGuard-Raw_B3000,T,1343723075,1879155201,2372,Det/images/normal_train/00786375.png,0,03,learnable_hard,0.2061524489,0.96,0.1783472211,normal_replay,GapCritical-Strict
RUN_205,TRIAD_069,B04_GapGuard-Raw_B3000,T,1343723075,1879155201,2373,Det/images/normal_train/00704589.png,0,06,learnable_hard,0.2312459569,0.98,0.1418416042,normal_replay,GapCritical-Strict
RUN_205,TRIAD_069,B04_GapGuard-Raw_B3000,T,1343723075,1879155201,2374,Det/images/normal_train/01118224.png,0,02,learnable_hard,0.2356490166,0.9,0.1711850047,normal_replay,GapCritical-Strict
RUN_205,TRIAD_069,B04_GapGuard-Raw_B3000,T,1343723075,1879155201,2375,Det/images/normal_train/01180894.png,0,04,learnable_hard,0.2274163834,0.945,0.171826418,normal_replay,GapCritical-Strict
RUN_205,TRIAD_069,B04_GapGuard-Raw_B3000,T,1343723075,1879155201,2376,Det/images/normal_train/00477681.png,0,00,learnable_hard,0.2363725766,0.915,0.1863211975,normal_replay,GapCritical-Strict
RUN_205,TRIAD_069,B04_GapGuard-Raw_B3000,T,1343723075,1879155201,2377,Det/images/normal_train/00904279.png,0,06,learnable_hard,0.2437777357,0.92,0.1805328548,normal_replay,GapCritical-Strict
RUN_205,TRIAD_069,B04_GapGuard-Raw_B3000,T,1343723075,1879155201,2378,Det/images/normal_train/00365343.png,0,00,learnable_hard,0.3132333412,0.945,0.1651750568,normal_replay,GapCritical-Strict
RUN_205,TRIAD_069,B04_GapGuard-Raw_B3000,T,1343723075,1879155201,2379,Det/images/normal_train/00681323.png,0,09,learnable_hard,0.1988741389,0.965,0.1590115082,normal_replay,GapCritical-Strict
RUN_205,TRIAD_069,B04_GapGuard-Raw_B3000,T,1343723075,1879155201,2380,Det/images/normal_train/00217904.png,0,07,learnable_hard,0.2480462713,0.95,0.1697299397,normal_replay,GapCritical-Strict
RUN_205,TRIAD_069,B04_GapGuard-Raw_B3000,T,1343723075,1879155201,2381,Det/images/normal_train/00165048.png,0,06,learnable_hard,0.3249628791,0.925,0.1823315388,normal_replay,GapCritical-Strict
RUN_205,TRIAD_069,B04_GapGuard-Raw_B3000,T,1343723075,1879155201,2382,Det/images/normal_train/00528915.png,0,04,learnable_hard,0.1391628723,0.985,0.156757992,normal_replay,GapCritical-Strict
RUN_205,TRIAD_069,B04_GapGuard-Raw_B3000,T,1343723075,1879155201,2383,Det/images/normal_train/00755117.png,0,05,learnable_hard,0.3267754856,0.88,0.1868931639,normal_replay,GapCritical-Strict
RUN_205,TRIAD_069,B04_GapGuard-Raw_B3000,T,1343723075,1879155201,2384,Det/images/normal_train/00901962.png,0,06,learnable_hard,0.2443822541,0.885,0.1830036793,normal_replay,GapCritical-Strict
RUN_205,TRIAD_069,B04_GapGuard-Raw_B3000,T,1343723075,1879155201,2385,Det/images/normal_train/00607594.png,0,09,learnable_hard,0.1663117512,0.965,0.1737903647,normal_replay,GapCritical-Strict
RUN_205,TRIAD_069,B04_GapGuard-Raw_B3000,T,1343723075,1879155201,2386,Det/images/normal_train/00808184.png,0,03,learnable_hard,0.2728970674,0.97,0.1669314415,normal_replay,GapCritical-Strict
RUN_205,TRIAD_069,B04_GapGuard-Raw_B3000,T,1343723075,1879155201,2387,Det/images/normal_train/00361877.png,0,00,learnable_hard,0.7009658538,0.2,0.1791689409,normal_replay,GapCritical-Strict
RUN_205,TRIAD_069,B04_GapGuard-Raw_B3000,T,1343723075,1879155201,2388,Det/images/normal_train/00226423.png,0,08,learnable_hard,0.4169952037,0.685,0.2045353021,normal_replay,GapCritical-Strict
RUN_205,TRIAD_069,B04_GapGuard-Raw_B3000,T,1343723075,1879155201,2389,Det/images/normal_train/00964447.png,0,05,learnable_hard,0.1452221416,0.995,0.1573051952,normal_replay,GapCritical-Strict
RUN_205,TRIAD_069,B04_GapGuard-Raw_B3000,T,1343723075,1879155201,2390,Det/images/normal_train/00257063.png,0,09,learnable_hard,0.2312633805,0.945,0.1705888961,normal_replay,GapCritical-Strict
RUN_205,TRIAD_069,B04_GapGuard-Raw_B3000,T,1343723075,1879155201,2391,Det/images/normal_train/00445434.png,0,08,learnable_hard,0.1296165612,0.98,0.1512211242,normal_replay,GapCritical-Strict
RUN_205,TRIAD_069,B04_GapGuard-Raw_B3000,T,1343723075,1879155201,2392,Det/images/normal_train/00488329.png,0,05,learnable_hard,0.5366266378,0.34,0.1822583457,normal_replay,GapCritical-Strict
RUN_205,TRIAD_069,B04_GapGuard-Raw_B3000,T,1343723075,1879155201,2393,Det/images/normal_train/00443514.png,0,00,learnable_hard,0.326244692,0.87,0.1889159138,normal_replay,GapCritical-Strict
RUN_205,TRIAD_069,B04_GapGuard-Raw_B3000,T,1343723075,1879155201,2394,Det/images/normal_train/01095340.png,0,01,learnable_hard,0.17978468,0.98,0.1464323722,normal_replay,GapCritical-Strict
RUN_205,TRIAD_069,B04_GapGuard-Raw_B3000,T,1343723075,1879155201,2395,Det/images/normal_train/00627141.png,0,03,learnable_hard,0.419837734,0.525,0.2012032337,normal_replay,GapCritical-Strict
RUN_205,TRIAD_069,B04_GapGuard-Raw_B3000,T,1343723075,1879155201,2396,Det/images/normal_train/01149447.png,0,05,learnable_hard,0.1698657903,0.995,0.1496355461,normal_replay,GapCritical-Strict
RUN_205,TRIAD_069,B04_GapGuard-Raw_B3000,T,1343723075,1879155201,2397,Det/images/normal_train/00636608.png,0,08,learnable_hard,0.8301415685,0.11,0.2291667113,normal_replay,GapCritical-Strict
RUN_205,TRIAD_069,B04_GapGuard-Raw_B3000,T,1343723075,1879155201,2398,Det/images/normal_train/00690996.png,0,03,learnable_hard,0.1267874368,0.99,0.1591004097,normal_replay,GapCritical-Strict
RUN_205,TRIAD_069,B04_GapGuard-Raw_B3000,T,1343723075,1879155201,2399,Det/images/normal_train/00173282.png,0,04,learnable_hard,0.3013518507,0.855,0.2091271355,normal_replay,GapCritical-Strict
RUN_205,TRIAD_069,B04_GapGuard-Raw_B3000,T,1343723075,1879155201,2400,Det/images/normal_train/00638473.png,0,00,learnable_hard,0.1229011298,0.99,0.1535360934,normal_replay,GapCritical-Strict
RUN_205,TRIAD_069,B04_GapGuard-Raw_B3000,T,1343723075,1879155201,2401,Det/images/normal_train/00173129.png,0,04,learnable_hard,0.4980729705,0.465,0.2156879549,normal_replay,GapCritical-Strict
RUN_205,TRIAD_069,B04_GapGuard-Raw_B3000,T,1343723075,1879155201,2402,Det/images/normal_train/00862072.png,0,07,learnable_hard,0.1745499929,0.92,0.1763602948,normal_replay,GapCritical-Strict
RUN_205,TRIAD_069,B04_GapGuard-Raw_B3000,T,1343723075,1879155201,2403,Det/images/normal_train/00403291.png,0,03,learnable_hard,0.1556843189,0.98,0.1522162843,normal_replay,GapCritical-Strict
RUN_205,TRIAD_069,B04_GapGuard-Raw_B3000,T,1343723075,1879155201,2404,Det/images/normal_train/00411052.png,0,06,learnable_hard,0.1433850736,0.995,0.1558568626,normal_replay,GapCritical-Strict
RUN_205,TRIAD_069,B04_GapGuard-Raw_B3000,T,1343723075,1879155201,2405,Det/images/normal_train/01269800.png,0,00,learnable_hard,0.1813755101,0.995,0.1476655544,normal_replay,GapCritical-Strict
RUN_205,TRIAD_069,B04_GapGuard-Raw_B3000,T,1343723075,1879155201,2406,Det/images/normal_train/00480635.png,0,07,learnable_hard,0.2925190716,0.835,0.1920637947,normal_replay,GapCritical-Strict
RUN_205,TRIAD_069,B04_GapGuard-Raw_B3000,T,1343723075,1879155201,2407,Det/images/normal_train/00164703.png,0,06,learnable_hard,0.1670132244,0.995,0.1541788732,normal_replay,GapCritical-Strict
RUN_205,TRIAD_069,B04_GapGuard-Raw_B3000,T,1343723075,1879155201,2408,Det/images/normal_train/01281704.png,0,05,learnable_hard,0.169978555,0.995,0.1507748318,normal_replay,GapCritical-Strict
RUN_205,TRIAD_069,B04_GapGuard-Raw_B3000,T,1343723075,1879155201,2409,Det/images/normal_train/00475872.png,0,05,learnable_hard,0.2618140918,0.91,0.1699766766,normal_replay,GapCritical-Strict
RUN_205,TRIAD_069,B04_GapGuard-Raw_B3000,T,1343723075,1879155201,2410,Det/images/normal_train/00842416.png,0,06,learnable_hard,0.2555355032,0.955,0.1712226976,normal_replay,GapCritical-Strict
RUN_205,TRIAD_069,B04_GapGuard-Raw_B3000,T,1343723075,1879155201,2411,Det/images/normal_train/00625824.png,0,08,learnable_hard,0.173611706,0.98,0.1593267785,normal_replay,GapCritical-Strict
RUN_205,TRIAD_069,B04_GapGuard-Raw_B3000,T,1343723075,1879155201,2412,Det/images/normal_train/01226881.png,0,00,learnable_hard,0.3909789484,0.65,0.223592305,normal_replay,GapCritical-Strict
RUN_205,TRIAD_069,B04_GapGuard-Raw_B3000,T,1343723075,1879155201,2413,Det/images/normal_train/01092955.png,0,03,learnable_hard,0.2243178132,0.98,0.1773392333,normal_replay,GapCritical-Strict
RUN_205,TRIAD_069,B04_GapGuard-Raw_B3000,T,1343723075,1879155201,2414,Det/images/normal_train/00191031.png,0,08,learnable_hard,0.1163364969,0.99,0.149538266,normal_replay,GapCritical-Strict
RUN_205,TRIAD_069,B04_GapGuard-Raw_B3000,T,1343723075,1879155201,2415,Det/images/normal_train/00432412.png,0,05,learnable_hard,0.2094983527,0.95,0.1805194242,normal_replay,GapCritical-Strict
RUN_205,TRIAD_069,B04_GapGuard-Raw_B3000,T,1343723075,1879155201,2416,Det/images/normal_train/00545473.png,0,07,learnable_hard,0.1947738864,0.995,0.1687299836,normal_replay,GapCritical-Strict
RUN_205,TRIAD_069,B04_GapGuard-Raw_B3000,T,1343723075,1879155201,2417,Det/images/normal_train/01168728.png,0,02,learnable_hard,0.3123432458,0.86,0.2291740899,normal_replay,GapCritical-Strict
RUN_205,TRIAD_069,B04_GapGuard-Raw_B3000,T,1343723075,1879155201,2418,Det/images/normal_train/00207159.png,0,01,learnable_hard,0.3197305499,0.84,0.1712153285,normal_replay,GapCritical-Strict
RUN_205,TRIAD_069,B04_GapGuard-Raw_B3000,T,1343723075,1879155201,2419,Det/images/normal_train/01192952.png,0,09,learnable_hard,0.1860688084,0.99,0.1381357242,normal_replay,GapCritical-Strict
RUN_205,TRIAD_069,B04_GapGuard-Raw_B3000,T,1343723075,1879155201,2420,Det/images/normal_train/01059024.png,0,03,learnable_hard,0.1394215591,0.99,0.1539528768,normal_replay,GapCritical-Strict
RUN_205,TRIAD_069,B04_GapGuard-Raw_B3000,T,1343723075,1879155201,2421,Det/images/normal_train/01232512.png,0,09,learnable_hard,0.2014540095,0.995,0.1501659878,normal_replay,GapCritical-Strict
RUN_205,TRIAD_069,B04_GapGuard-Raw_B3000,T,1343723075,1879155201,2422,Det/images/normal_train/00530413.png,0,01,learnable_hard,0.1911273728,0.955,0.1857944674,normal_replay,GapCritical-Strict
RUN_205,TRIAD_069,B04_GapGuard-Raw_B3000,T,1343723075,1879155201,2423,Det/images/normal_train/01184986.png,0,04,learnable_hard,0.3335347153,0.84,0.1951821585,normal_replay,GapCritical-Strict
RUN_205,TRIAD_069,B04_GapGuard-Raw_B3000,T,1343723075,1879155201,2424,Det/images/normal_train/01211348.png,0,04,learnable_hard,0.1694645606,0.975,0.1713560706,normal_replay,GapCritical-Strict
RUN_205,TRIAD_069,B04_GapGuard-Raw_B3000,T,1343723075,1879155201,2425,Det/images/normal_train/00808238.png,0,03,learnable_hard,0.1953288135,0.975,0.154386145,normal_replay,GapCritical-Strict
RUN_205,TRIAD_069,B04_GapGuard-Raw_B3000,T,1343723075,1879155201,2426,Det/images/normal_train/00518723.png,0,09,learnable_hard,0.3711403165,0.83,0.1854322029,normal_replay,GapCritical-Strict
RUN_205,TRIAD_069,B04_GapGuard-Raw_B3000,T,1343723075,1879155201,2427,Det/images/normal_train/01075826.png,0,05,learnable_hard,0.2622288877,0.965,0.151400665,normal_replay,GapCritical-Strict
RUN_205,TRIAD_069,B04_GapGuard-Raw_B3000,T,1343723075,1879155201,2428,Det/images/normal_train/00218388.png,0,09,learnable_hard,0.1635230223,0.98,0.1613694588,normal_replay,GapCritical-Strict
RUN_205,TRIAD_069,B04_GapGuard-Raw_B3000,T,1343723075,1879155201,2429,Det/images/normal_train/01187596.png,0,07,learnable_hard,0.2500733768,0.985,0.1519561501,normal_replay,GapCritical-Strict
RUN_205,TRIAD_069,B04_GapGuard-Raw_B3000,T,1343723075,1879155201,2430,Det/images/normal_train/00241030.png,0,05,learnable_hard,0.2195966754,0.99,0.157818765,normal_replay,GapCritical-Strict
RUN_205,TRIAD_069,B04_GapGuard-Raw_B3000,T,1343723075,1879155201,2431,Det/images/normal_train/00762046.png,0,06,learnable_hard,0.1230826352,0.99,0.1532733906,normal_replay,GapCritical-Strict
RUN_205,TRIAD_069,B04_GapGuard-Raw_B3000,T,1343723075,1879155201,2432,Det/images/normal_train/00930167.png,0,09,learnable_hard,0.1734675005,0.975,0.1577117495,normal_replay,GapCritical-Strict
RUN_205,TRIAD_069,B04_GapGuard-Raw_B3000,T,1343723075,1879155201,2433,Det/images/normal_train/00929899.png,0,06,learnable_hard,0.3126944095,0.655,0.2111685497,normal_replay,GapCritical-Strict
RUN_205,TRIAD_069,B04_GapGuard-Raw_B3000,T,1343723075,1879155201,2434,Det/images/normal_train/01103239.png,0,02,learnable_hard,0.3426099313,0.78,0.1735373223,normal_replay,GapCritical-Strict
RUN_205,TRIAD_069,B04_GapGuard-Raw_B3000,T,1343723075,1879155201,2435,Det/images/normal_train/00164853.png,0,06,learnable_hard,0.2005771017,0.995,0.1572106717,normal_replay,GapCritical-Strict
RUN_205,TRIAD_069,B04_GapGuard-Raw_B3000,T,1343723075,1879155201,2436,Det/images/normal_train/00242594.png,0,01,learnable_hard,0.1650943772,0.96,0.1658917271,normal_replay,GapCritical-Strict
RUN_205,TRIAD_069,B04_GapGuard-Raw_B3000,T,1343723075,1879155201,2437,Det/images/normal_train/00936912.png,0,06,learnable_hard,0.3285826967,0.68,0.2999213803,normal_replay,GapCritical-Strict
RUN_205,TRIAD_069,B04_GapGuard-Raw_B3000,T,1343723075,1879155201,2438,Det/images/normal_train/01287259.png,0,06,learnable_hard,0.1965570411,0.98,0.1708555437,normal_replay,GapCritical-Strict
RUN_205,TRIAD_069,B04_GapGuard-Raw_B3000,T,1343723075,1879155201,2439,Det/images/normal_train/00284073.png,0,01,learnable_hard,0.1796443102,0.97,0.1740603906,normal_replay,GapCritical-Strict
RUN_205,TRIAD_069,B04_GapGuard-Raw_B3000,T,1343723075,1879155201,2440,Det/images/normal_train/01263849.png,0,07,learnable_hard,0.1547945532,0.975,0.1536461845,normal_replay,GapCritical-Strict
RUN_205,TRIAD_069,B04_GapGuard-Raw_B3000,T,1343723075,1879155201,2441,Det/images/normal_train/00171230.png,0,02,learnable_hard,0.626198616,0.175,0.2350474827,normal_replay,GapCritical-Strict
RUN_205,TRIAD_069,B04_GapGuard-Raw_B3000,T,1343723075,1879155201,2442,Det/images/normal_train/00636900.png,0,08,learnable_hard,0.1758449438,0.995,0.1389143867,normal_replay,GapCritical-Strict
RUN_205,TRIAD_069,B04_GapGuard-Raw_B3000,T,1343723075,1879155201,2443,Det/images/normal_train/00301989.png,0,05,learnable_hard,0.1761209364,0.99,0.1426007809,normal_replay,GapCritical-Strict
RUN_205,TRIAD_069,B04_GapGuard-Raw_B3000,T,1343723075,1879155201,2444,Det/images/normal_train/01053588.png,0,05,learnable_hard,0.2454540501,0.99,0.1763082467,normal_replay,GapCritical-Strict
RUN_205,TRIAD_069,B04_GapGuard-Raw_B3000,T,1343723075,1879155201,2445,Det/images/normal_train/00623227.png,0,08,learnable_hard,0.2774571686,0.835,0.1803880843,normal_replay,GapCritical-Strict
RUN_205,TRIAD_069,B04_GapGuard-Raw_B3000,T,1343723075,1879155201,2446,Det/images/normal_train/00635880.png,0,09,learnable_hard,0.1882188065,0.96,0.1478802009,normal_replay,GapCritical-Strict
RUN_205,TRIAD_069,B04_GapGuard-Raw_B3000,T,1343723075,1879155201,2447,Det/images/normal_train/00993549.png,0,04,learnable_hard,0.1725414789,0.975,0.1544402709,normal_replay,GapCritical-Strict
RUN_205,TRIAD_069,B04_GapGuard-Raw_B3000,T,1343723075,1879155201,2448,Det/images/normal_train/00960125.png,0,02,learnable_hard,0.7670236284,0.1,0.1906179471,normal_replay,GapCritical-Strict
RUN_205,TRIAD_069,B04_GapGuard-Raw_B3000,T,1343723075,1879155201,2449,Det/images/normal_train/00540984.png,0,05,learnable_hard,0.276337807,0.965,0.1660130718,normal_replay,GapCritical-Strict
RUN_205,TRIAD_069,B04_GapGuard-Raw_B3000,T,1343723075,1879155201,2450,Det/images/normal_train/01256051.png,0,02,learnable_hard,0.2509230726,0.94,0.1758213168,normal_replay,GapCritical-Strict
RUN_205,TRIAD_069,B04_GapGuard-Raw_B3000,T,1343723075,1879155201,2451,Det/images/normal_train/01194035.png,0,00,learnable_hard,0.1847578985,0.97,0.1733579482,normal_replay,GapCritical-Strict
RUN_205,TRIAD_069,B04_GapGuard-Raw_B3000,T,1343723075,1879155201,2452,Det/images/normal_train/01107837.png,0,09,learnable_hard,0.2579317154,0.89,0.1614887527,normal_replay,GapCritical-Strict
RUN_205,TRIAD_069,B04_GapGuard-Raw_B3000,T,1343723075,1879155201,2453,Det/images/normal_train/00185140.png,0,00,learnable_hard,0.1965695354,0.975,0.177642064,normal_replay,GapCritical-Strict
RUN_205,TRIAD_069,B04_GapGuard-Raw_B3000,T,1343723075,1879155201,2454,Det/images/normal_train/00330396.png,0,00,learnable_hard,0.2198075391,0.95,0.1724383048,normal_replay,GapCritical-Strict
RUN_205,TRIAD_069,B04_GapGuard-Raw_B3000,T,1343723075,1879155201,2455,Det/images/normal_train/00944116.png,0,05,learnable_hard,0.1897678559,0.95,0.174497842,normal_replay,GapCritical-Strict
RUN_205,TRIAD_069,B04_GapGuard-Raw_B3000,T,1343723075,1879155201,2456,Det/images/normal_train/00346175.png,0,07,learnable_hard,0.1378887831,0.99,0.151874741,normal_replay,GapCritical-Strict
RUN_205,TRIAD_069,B04_GapGuard-Raw_B3000,T,1343723075,1879155201,2457,Det/images/normal_train/01139472.png,0,05,learnable_hard,0.3326721685,0.855,0.151193141,normal_replay,GapCritical-Strict
RUN_205,TRIAD_069,B04_GapGuard-Raw_B3000,T,1343723075,1879155201,2458,Det/images/normal_train/01149499.png,0,05,learnable_hard,0.5036580033,0.37,0.2472669313,normal_replay,GapCritical-Strict
RUN_205,TRIAD_069,B04_GapGuard-Raw_B3000,T,1343723075,1879155201,2459,Det/images/normal_train/00701752.png,0,03,learnable_hard,0.6394470986,0.21,0.2223685903,normal_replay,GapCritical-Strict
RUN_205,TRIAD_069,B04_GapGuard-Raw_B3000,T,1343723075,1879155201,2460,Det/images/normal_train/00948524.png,0,07,learnable_hard,0.2645143797,0.99,0.1423950113,normal_replay,GapCritical-Strict
RUN_205,TRIAD_069,B04_GapGuard-Raw_B3000,T,1343723075,1879155201,2461,Det/images/normal_train/01074831.png,0,04,learnable_hard,0.5175061283,0.32,0.2095004294,normal_replay,GapCritical-Strict
RUN_205,TRIAD_069,B04_GapGuard-Raw_B3000,T,1343723075,1879155201,2462,Det/images/normal_train/00482297.png,0,02,learnable_hard,0.2542306427,0.98,0.1546551021,normal_replay,GapCritical-Strict
RUN_205,TRIAD_069,B04_GapGuard-Raw_B3000,T,1343723075,1879155201,2463,Det/images/normal_train/00294538.png,0,05,learnable_hard,0.3275499857,0.715,0.1947291826,normal_replay,GapCritical-Strict
RUN_205,TRIAD_069,B04_GapGuard-Raw_B3000,T,1343723075,1879155201,2464,Det/images/normal_train/01053762.png,0,05,learnable_hard,0.2264009388,0.98,0.1670988046,normal_replay,GapCritical-Strict
RUN_205,TRIAD_069,B04_GapGuard-Raw_B3000,T,1343723075,1879155201,2465,Det/images/normal_train/00228193.png,0,06,learnable_hard,0.1774163593,0.99,0.1442598107,normal_replay,GapCritical-Strict
RUN_205,TRIAD_069,B04_GapGuard-Raw_B3000,T,1343723075,1879155201,2466,Det/images/normal_train/00629446.png,0,09,learnable_hard,0.3399799195,0.745,0.1744354712,normal_replay,GapCritical-Strict
RUN_205,TRIAD_069,B04_GapGuard-Raw_B3000,T,1343723075,1879155201,2467,Det/images/normal_train/01290372.png,0,03,learnable_hard,0.1433285945,0.98,0.1481488088,normal_replay,GapCritical-Strict
RUN_205,TRIAD_069,B04_GapGuard-Raw_B3000,T,1343723075,1879155201,2468,Det/images/normal_train/00810148.png,0,09,learnable_hard,0.6187565472,0.19,0.1694921336,normal_replay,GapCritical-Strict
RUN_205,TRIAD_069,B04_GapGuard-Raw_B3000,T,1343723075,1879155201,2469,Det/images/normal_train/01006591.png,0,05,learnable_hard,0.2733396448,0.87,0.1756220331,normal_replay,GapCritical-Strict
RUN_205,TRIAD_069,B04_GapGuard-Raw_B3000,T,1343723075,1879155201,2470,Det/images/normal_train/01040389.png,0,06,learnable_hard,0.2418227478,0.975,0.1606454785,normal_replay,GapCritical-Strict
RUN_205,TRIAD_069,B04_GapGuard-Raw_B3000,T,1343723075,1879155201,2471,Det/images/normal_train/00460901.png,0,09,learnable_hard,0.2759507,0.965,0.1642127854,normal_replay,GapCritical-Strict
RUN_205,TRIAD_069,B04_GapGuard-Raw_B3000,T,1343723075,1879155201,2472,Det/images/normal_train/01180812.png,0,04,learnable_hard,0.1993113157,0.965,0.1500998713,normal_replay,GapCritical-Strict
RUN_205,TRIAD_069,B04_GapGuard-Raw_B3000,T,1343723075,1879155201,2473,Det/images/normal_train/01169061.png,0,08,learnable_hard,0.1751946736,0.97,0.1448223579,normal_replay,GapCritical-Strict
RUN_205,TRIAD_069,B04_GapGuard-Raw_B3000,T,1343723075,1879155201,2474,Det/images/normal_train/00254304.png,0,03,learnable_hard,0.2693749176,0.925,0.176815276,normal_replay,GapCritical-Strict
RUN_205,TRIAD_069,B04_GapGuard-Raw_B3000,T,1343723075,1879155201,2475,Det/images/normal_train/01073656.png,0,07,learnable_hard,0.7539347138,0.13,0.2050968064,normal_replay,GapCritical-Strict
RUN_205,TRIAD_069,B04_GapGuard-Raw_B3000,T,1343723075,1879155201,2476,Det/images/normal_train/01199076.png,0,03,learnable_hard,0.1996992382,0.92,0.1987689985,normal_replay,GapCritical-Strict
RUN_205,TRIAD_069,B04_GapGuard-Raw_B3000,T,1343723075,1879155201,2477,Det/images/normal_train/00290294.png,0,00,learnable_hard,0.3248033698,0.83,0.1823388175,normal_replay,GapCritical-Strict
RUN_205,TRIAD_069,B04_GapGuard-Raw_B3000,T,1343723075,1879155201,2478,Det/images/normal_train/00530439.png,0,01,learnable_hard,0.1579211995,0.905,0.2146014895,normal_replay,GapCritical-Strict
RUN_205,TRIAD_069,B04_GapGuard-Raw_B3000,T,1343723075,1879155201,2479,Det/images/normal_train/00254715.png,0,03,learnable_hard,0.2079039719,0.98,0.1488433491,normal_replay,GapCritical-Strict
RUN_205,TRIAD_069,B04_GapGuard-Raw_B3000,T,1343723075,1879155201,2480,Det/images/normal_train/00240457.png,0,07,learnable_hard,0.1735209993,0.995,0.1578194838,normal_replay,GapCritical-Strict
RUN_205,TRIAD_069,B04_GapGuard-Raw_B3000,T,1343723075,1879155201,2481,Det/images/normal_train/00616173.png,0,00,learnable_hard,0.6439962166,0.215,0.1907018292,normal_replay,GapCritical-Strict
RUN_205,TRIAD_069,B04_GapGuard-Raw_B3000,T,1343723075,1879155201,2482,Det/images/normal_train/00178236.png,0,02,learnable_hard,0.1469865246,0.96,0.1805327605,normal_replay,GapCritical-Strict
RUN_205,TRIAD_069,B04_GapGuard-Raw_B3000,T,1343723075,1879155201,2483,Det/images/normal_train/00433108.png,0,05,learnable_hard,0.2716023314,0.98,0.1590761621,normal_replay,GapCritical-Strict
RUN_205,TRIAD_069,B04_GapGuard-Raw_B3000,T,1343723075,1879155201,2484,Det/images/normal_train/00591525.png,0,07,learnable_hard,0.2380176724,0.99,0.1488080679,normal_replay,GapCritical-Strict
RUN_205,TRIAD_069,B04_GapGuard-Raw_B3000,T,1343723075,1879155201,2485,Det/images/normal_train/00987624.png,0,05,learnable_hard,0.2142642585,0.975,0.1433674975,normal_replay,GapCritical-Strict
RUN_205,TRIAD_069,B04_GapGuard-Raw_B3000,T,1343723075,1879155201,2486,Det/images/normal_train/00873390.png,0,04,learnable_hard,0.2110269817,0.995,0.1521120941,normal_replay,GapCritical-Strict
RUN_205,TRIAD_069,B04_GapGuard-Raw_B3000,T,1343723075,1879155201,2487,Det/images/normal_train/00958556.png,0,05,learnable_hard,0.34318742,0.745,0.2080628784,normal_replay,GapCritical-Strict
RUN_205,TRIAD_069,B04_GapGuard-Raw_B3000,T,1343723075,1879155201,2488,Det/images/normal_train/00755615.png,0,05,learnable_hard,0.3616437271,0.725,0.1764637469,normal_replay,GapCritical-Strict
RUN_205,TRIAD_069,B04_GapGuard-Raw_B3000,T,1343723075,1879155201,2489,Det/images/normal_train/00212399.png,0,05,learnable_hard,0.3466799746,0.86,0.1589923871,normal_replay,GapCritical-Strict
RUN_205,TRIAD_069,B04_GapGuard-Raw_B3000,T,1343723075,1879155201,2490,Det/images/normal_train/00669537.png,0,08,learnable_hard,0.1164751297,0.985,0.1458600219,normal_replay,GapCritical-Strict
RUN_205,TRIAD_069,B04_GapGuard-Raw_B3000,T,1343723075,1879155201,2491,Det/images/normal_train/00187771.png,0,03,learnable_hard,0.1516924255,0.99,0.1404957068,normal_replay,GapCritical-Strict
RUN_205,TRIAD_069,B04_GapGuard-Raw_B3000,T,1343723075,1879155201,2492,Det/images/normal_train/00329733.png,0,03,learnable_hard,0.1658017527,0.98,0.1604781511,normal_replay,GapCritical-Strict
RUN_205,TRIAD_069,B04_GapGuard-Raw_B3000,T,1343723075,1879155201,2493,Det/images/normal_train/00895403.png,0,09,learnable_hard,0.153678818,0.985,0.1536574994,normal_replay,GapCritical-Strict
RUN_205,TRIAD_069,B04_GapGuard-Raw_B3000,T,1343723075,1879155201,2494,Det/images/normal_train/00223116.png,0,06,learnable_hard,0.1743960037,0.97,0.1558517034,normal_replay,GapCritical-Strict
RUN_205,TRIAD_069,B04_GapGuard-Raw_B3000,T,1343723075,1879155201,2495,Det/images/normal_train/00595298.png,0,01,learnable_hard,0.1666803354,0.99,0.1427578687,normal_replay,GapCritical-Strict
RUN_205,TRIAD_069,B04_GapGuard-Raw_B3000,T,1343723075,1879155201,2496,Det/images/normal_train/00898404.png,0,09,learnable_hard,0.3237648004,0.935,0.1473104638,normal_replay,GapCritical-Strict
RUN_205,TRIAD_069,B04_GapGuard-Raw_B3000,T,1343723075,1879155201,2497,Det/images/normal_train/00476041.png,0,09,learnable_hard,0.2935369205,0.955,0.1666786768,normal_replay,GapCritical-Strict
RUN_205,TRIAD_069,B04_GapGuard-Raw_B3000,T,1343723075,1879155201,2498,Det/images/normal_train/00320169.png,0,01,learnable_hard,0.3788568666,0.83,0.194559904,normal_replay,GapCritical-Strict
RUN_205,TRIAD_069,B04_GapGuard-Raw_B3000,T,1343723075,1879155201,2499,Det/images/normal_train/00962517.png,0,04,learnable_hard,0.175206546,0.995,0.139495666,normal_replay,GapCritical-Strict
RUN_205,TRIAD_069,B04_GapGuard-Raw_B3000,T,1343723075,1879155201,2500,Det/images/normal_train/00778303.png,0,02,learnable_hard,0.2648035672,0.945,0.1741163321,normal_replay,GapCritical-Strict
RUN_205,TRIAD_069,B04_GapGuard-Raw_B3000,T,1343723075,1879155201,2501,Det/images/normal_train/00255175.png,0,08,learnable_hard,0.1322554012,0.97,0.1521145741,normal_replay,GapCritical-Strict
RUN_205,TRIAD_069,B04_GapGuard-Raw_B3000,T,1343723075,1879155201,2502,Det/images/normal_train/00802815.png,0,02,learnable_hard,0.2477984578,0.955,0.1634997407,normal_replay,GapCritical-Strict
RUN_205,TRIAD_069,B04_GapGuard-Raw_B3000,T,1343723075,1879155201,2503,Det/images/normal_train/00509156.png,0,08,learnable_hard,0.2058459383,0.975,0.1412586909,normal_replay,GapCritical-Strict
RUN_205,TRIAD_069,B04_GapGuard-Raw_B3000,T,1343723075,1879155201,2504,Det/images/normal_train/01081706.png,0,04,learnable_hard,0.7892082137,0.155,0.2143981546,normal_replay,GapCritical-Strict
RUN_205,TRIAD_069,B04_GapGuard-Raw_B3000,T,1343723075,1879155201,2505,Det/images/normal_train/00147514.png,0,08,learnable_hard,0.5818560551,0.215,0.1805104198,normal_replay,GapCritical-Strict
RUN_205,TRIAD_069,B04_GapGuard-Raw_B3000,T,1343723075,1879155201,2506,Det/images/normal_train/01166843.png,0,08,learnable_hard,0.2264805794,0.99,0.1409761628,normal_replay,GapCritical-Strict
RUN_205,TRIAD_069,B04_GapGuard-Raw_B3000,T,1343723075,1879155201,2507,Det/images/normal_train/00253065.png,0,09,learnable_hard,0.2422016753,0.87,0.199996948,normal_replay,GapCritical-Strict
RUN_205,TRIAD_069,B04_GapGuard-Raw_B3000,T,1343723075,1879155201,2508,Det/images/normal_train/00965261.png,0,03,learnable_hard,0.2029896549,0.99,0.1517631998,normal_replay,GapCritical-Strict
RUN_205,TRIAD_069,B04_GapGuard-Raw_B3000,T,1343723075,1879155201,2509,Det/images/normal_train/00891375.png,0,06,learnable_hard,0.3322145175,0.715,0.1924433447,normal_replay,GapCritical-Strict
RUN_205,TRIAD_069,B04_GapGuard-Raw_B3000,T,1343723075,1879155201,2510,Det/images/normal_train/00727349.png,0,04,learnable_hard,0.1755975038,0.99,0.1542589836,normal_replay,GapCritical-Strict
RUN_205,TRIAD_069,B04_GapGuard-Raw_B3000,T,1343723075,1879155201,2511,Det/images/normal_train/00980845.png,0,01,learnable_hard,0.2297002688,0.885,0.1610826905,normal_replay,GapCritical-Strict
RUN_205,TRIAD_069,B04_GapGuard-Raw_B3000,T,1343723075,1879155201,2512,Det/images/normal_train/00266970.png,0,01,learnable_hard,0.2671205502,0.965,0.160525344,normal_replay,GapCritical-Strict
RUN_205,TRIAD_069,B04_GapGuard-Raw_B3000,T,1343723075,1879155201,2513,Det/images/normal_train/00860383.png,0,03,learnable_hard,0.2538680494,0.99,0.1559933596,normal_replay,GapCritical-Strict
RUN_205,TRIAD_069,B04_GapGuard-Raw_B3000,T,1343723075,1879155201,2514,Det/images/normal_train/00632059.png,0,09,learnable_hard,0.2689994216,0.995,0.1419319651,normal_replay,GapCritical-Strict
RUN_205,TRIAD_069,B04_GapGuard-Raw_B3000,T,1343723075,1879155201,2515,Det/images/normal_train/00357177.png,0,09,learnable_hard,0.5514171539,0.29,0.1602259284,normal_replay,GapCritical-Strict
RUN_205,TRIAD_069,B04_GapGuard-Raw_B3000,T,1343723075,1879155201,2516,Det/images/normal_train/00173384.png,0,04,learnable_hard,0.3043894648,0.835,0.1947454107,normal_replay,GapCritical-Strict
RUN_205,TRIAD_069,B04_GapGuard-Raw_B3000,T,1343723075,1879155201,2517,Det/images/normal_train/00998893.png,0,03,learnable_hard,0.7078449149,0.095,0.1591903076,normal_replay,GapCritical-Strict
RUN_205,TRIAD_069,B04_GapGuard-Raw_B3000,T,1343723075,1879155201,2518,Det/images/normal_train/00870962.png,0,08,learnable_hard,0.1443237313,0.985,0.1528890115,normal_replay,GapCritical-Strict
RUN_205,TRIAD_069,B04_GapGuard-Raw_B3000,T,1343723075,1879155201,2519,Det/images/normal_train/00309543.png,0,00,learnable_hard,0.3695083585,0.66,0.2160027164,normal_replay,GapCritical-Strict
RUN_205,TRIAD_069,B04_GapGuard-Raw_B3000,T,1343723075,1879155201,2520,Det/images/normal_train/01154334.png,0,01,learnable_hard,0.1880098185,0.975,0.147548948,normal_replay,GapCritical-Strict
RUN_205,TRIAD_069,B04_GapGuard-Raw_B3000,T,1343723075,1879155201,2521,Det/images/normal_train/00195594.png,0,08,learnable_hard,0.1878371374,0.99,0.1645583086,normal_replay,GapCritical-Strict
RUN_205,TRIAD_069,B04_GapGuard-Raw_B3000,T,1343723075,1879155201,2522,Det/images/normal_train/00436109.png,0,09,learnable_hard,0.1662848,0.985,0.1483285444,normal_replay,GapCritical-Strict
RUN_205,TRIAD_069,B04_GapGuard-Raw_B3000,T,1343723075,1879155201,2523,Det/images/normal_train/00342202.png,0,02,learnable_hard,0.2764989583,0.97,0.1546662897,normal_replay,GapCritical-Strict
RUN_205,TRIAD_069,B04_GapGuard-Raw_B3000,T,1343723075,1879155201,2524,Det/images/normal_train/00738231.png,0,02,learnable_hard,0.2708337458,0.905,0.1806372643,normal_replay,GapCritical-Strict
RUN_205,TRIAD_069,B04_GapGuard-Raw_B3000,T,1343723075,1879155201,2525,Det/images/normal_train/00652995.png,0,04,learnable_hard,0.1560793982,0.995,0.1560478539,normal_replay,GapCritical-Strict
RUN_205,TRIAD_069,B04_GapGuard-Raw_B3000,T,1343723075,1879155201,2526,Det/images/normal_train/00855579.png,0,09,learnable_hard,0.1372560159,0.885,0.2174158554,normal_replay,GapCritical-Strict
RUN_205,TRIAD_069,B04_GapGuard-Raw_B3000,T,1343723075,1879155201,2527,Det/images/normal_train/00186654.png,0,01,learnable_hard,0.1367295659,0.99,0.1544181495,normal_replay,GapCritical-Strict
RUN_205,TRIAD_069,B04_GapGuard-Raw_B3000,T,1343723075,1879155201,2528,Det/images/normal_train/00462108.png,0,03,learnable_hard,0.1700923234,0.97,0.1691521438,normal_replay,GapCritical-Strict
RUN_205,TRIAD_069,B04_GapGuard-Raw_B3000,T,1343723075,1879155201,2529,Det/images/normal_train/00492646.png,0,05,learnable_hard,0.3911631752,0.605,0.1876234304,normal_replay,GapCritical-Strict
RUN_205,TRIAD_069,B04_GapGuard-Raw_B3000,T,1343723075,1879155201,2530,Det/images/normal_train/00806772.png,0,08,learnable_hard,0.5388330804,0.31,0.184860204,normal_replay,GapCritical-Strict
RUN_205,TRIAD_069,B04_GapGuard-Raw_B3000,T,1343723075,1879155201,2531,Det/images/normal_train/00991881.png,0,00,learnable_hard,0.1650322526,0.905,0.2133518846,normal_replay,GapCritical-Strict
RUN_205,TRIAD_069,B04_GapGuard-Raw_B3000,T,1343723075,1879155201,2532,Det/images/normal_train/00172696.png,0,05,learnable_hard,0.3721493674,0.66,0.2423685473,normal_replay,GapCritical-Strict
RUN_205,TRIAD_069,B04_GapGuard-Raw_B3000,T,1343723075,1879155201,2533,Det/images/normal_train/00667750.png,0,03,learnable_hard,0.3078577728,0.795,0.1813824549,normal_replay,GapCritical-Strict
RUN_205,TRIAD_069,B04_GapGuard-Raw_B3000,T,1343723075,1879155201,2534,Det/images/normal_train/01180554.png,0,04,learnable_hard,0.7785208175,0.125,0.2256214824,normal_replay,GapCritical-Strict
RUN_205,TRIAD_069,B04_GapGuard-Raw_B3000,T,1343723075,1879155201,2535,Det/images/normal_train/00406003.png,0,03,learnable_hard,0.2963896895,0.99,0.1669625634,normal_replay,GapCritical-Strict
RUN_205,TRIAD_069,B04_GapGuard-Raw_B3000,T,1343723075,1879155201,2536,Det/images/normal_train/00436124.png,0,09,learnable_hard,0.2096387874,0.98,0.1585575212,normal_replay,GapCritical-Strict
RUN_205,TRIAD_069,B04_GapGuard-Raw_B3000,T,1343723075,1879155201,2537,Det/images/normal_train/00954072.png,0,03,learnable_hard,0.2511910028,0.98,0.1387268923,normal_replay,GapCritical-Strict
RUN_205,TRIAD_069,B04_GapGuard-Raw_B3000,T,1343723075,1879155201,2538,Det/images/normal_train/01189689.png,0,05,learnable_hard,0.3895656195,0.675,0.1890343529,normal_replay,GapCritical-Strict
RUN_205,TRIAD_069,B04_GapGuard-Raw_B3000,T,1343723075,1879155201,2539,Det/images/normal_train/01118141.png,0,02,learnable_hard,0.319772275,0.88,0.1643854909,normal_replay,GapCritical-Strict
RUN_205,TRIAD_069,B04_GapGuard-Raw_B3000,T,1343723075,1879155201,2540,Det/images/normal_train/01286147.png,0,00,learnable_hard,0.1569188908,0.95,0.174453069,normal_replay,GapCritical-Strict
RUN_205,TRIAD_069,B04_GapGuard-Raw_B3000,T,1343723075,1879155201,2541,Det/images/normal_train/01199003.png,0,03,learnable_hard,0.1865511962,0.98,0.1625242082,normal_replay,GapCritical-Strict
RUN_205,TRIAD_069,B04_GapGuard-Raw_B3000,T,1343723075,1879155201,2542,Det/images/normal_train/00248632.png,0,00,learnable_hard,0.1850259349,0.98,0.1467441237,normal_replay,GapCritical-Strict
RUN_205,TRIAD_069,B04_GapGuard-Raw_B3000,T,1343723075,1879155201,2543,Det/images/normal_train/01265436.png,0,08,learnable_hard,0.2104608429,0.975,0.1647812941,normal_replay,GapCritical-Strict
RUN_205,TRIAD_069,B04_GapGuard-Raw_B3000,T,1343723075,1879155201,2544,Det/images/normal_train/00904299.png,0,06,learnable_hard,0.6420651104,0.235,0.1765774832,normal_replay,GapCritical-Strict
RUN_205,TRIAD_069,B04_GapGuard-Raw_B3000,T,1343723075,1879155201,2545,Det/images/normal_train/00983280.png,0,03,learnable_hard,0.1717478484,0.99,0.1451310033,normal_replay,GapCritical-Strict
RUN_205,TRIAD_069,B04_GapGuard-Raw_B3000,T,1343723075,1879155201,2546,Det/images/normal_train/00847152.png,0,04,learnable_hard,0.1493420664,0.995,0.1505741398,normal_replay,GapCritical-Strict
RUN_205,TRIAD_069,B04_GapGuard-Raw_B3000,T,1343723075,1879155201,2547,Det/images/normal_train/00384501.png,0,08,learnable_hard,0.1553646095,0.995,0.1345296558,normal_replay,GapCritical-Strict
RUN_205,TRIAD_069,B04_GapGuard-Raw_B3000,T,1343723075,1879155201,2548,Det/images/normal_train/01053707.png,0,05,learnable_hard,0.2864999817,0.95,0.1739696333,normal_replay,GapCritical-Strict
RUN_205,TRIAD_069,B04_GapGuard-Raw_B3000,T,1343723075,1879155201,2549,Det/images/normal_train/01207850.png,0,02,learnable_hard,0.1560602435,0.97,0.1681684259,normal_replay,GapCritical-Strict
RUN_205,TRIAD_069,B04_GapGuard-Raw_B3000,T,1343723075,1879155201,2550,Det/images/normal_train/00198343.png,0,04,learnable_hard,0.2000756714,0.975,0.1561355096,normal_replay,GapCritical-Strict
RUN_205,TRIAD_069,B04_GapGuard-Raw_B3000,T,1343723075,1879155201,2551,Det/images/normal_train/00775733.png,0,09,learnable_hard,0.1056146759,0.985,0.1524080802,normal_replay,GapCritical-Strict
RUN_205,TRIAD_069,B04_GapGuard-Raw_B3000,T,1343723075,1879155201,2552,Det/images/normal_train/00675312.png,0,04,learnable_hard,0.1911344078,0.975,0.1590695993,normal_replay,GapCritical-Strict
RUN_205,TRIAD_069,B04_GapGuard-Raw_B3000,T,1343723075,1879155201,2553,Det/images/normal_train/00984665.png,0,02,learnable_hard,0.3993492158,0.7,0.1743779901,normal_replay,GapCritical-Strict
RUN_205,TRIAD_069,B04_GapGuard-Raw_B3000,T,1343723075,1879155201,2554,Det/images/normal_train/00886126.png,0,09,learnable_hard,0.1467670158,0.99,0.1476001218,normal_replay,GapCritical-Strict
RUN_205,TRIAD_069,B04_GapGuard-Raw_B3000,T,1343723075,1879155201,2555,Det/images/normal_train/01227171.png,0,08,learnable_hard,0.2375941597,0.96,0.1487434783,normal_replay,GapCritical-Strict
RUN_205,TRIAD_069,B04_GapGuard-Raw_B3000,T,1343723075,1879155201,2556,Det/images/normal_train/01188881.png,0,01,learnable_hard,0.2440364423,0.86,0.1953573531,normal_replay,GapCritical-Strict
RUN_205,TRIAD_069,B04_GapGuard-Raw_B3000,T,1343723075,1879155201,2557,Det/images/normal_train/00983574.png,0,03,learnable_hard,0.5760027233,0.225,0.1786262806,normal_replay,GapCritical-Strict
RUN_205,TRIAD_069,B04_GapGuard-Raw_B3000,T,1343723075,1879155201,2558,Det/images/normal_train/00808236.png,0,03,learnable_hard,0.1959142737,0.97,0.1578155988,normal_replay,GapCritical-Strict
RUN_205,TRIAD_069,B04_GapGuard-Raw_B3000,T,1343723075,1879155201,2559,Det/images/normal_train/00162125.png,0,02,learnable_hard,0.2245130508,0.985,0.171719544,normal_replay,GapCritical-Strict
RUN_205,TRIAD_069,B04_GapGuard-Raw_B3000,T,1343723075,1879155201,2560,Det/images/normal_train/00868347.png,0,09,learnable_hard,0.5137979377,0.46,0.1886387489,normal_replay,GapCritical-Strict
RUN_205,TRIAD_069,B04_GapGuard-Raw_B3000,T,1343723075,1879155201,2561,Det/images/normal_train/01183771.png,0,04,learnable_hard,0.1988415337,0.99,0.1589944029,normal_replay,GapCritical-Strict
RUN_205,TRIAD_069,B04_GapGuard-Raw_B3000,T,1343723075,1879155201,2562,Det/images/normal_train/00965097.png,0,03,learnable_hard,0.1492951624,0.97,0.1537138233,normal_replay,GapCritical-Strict
RUN_205,TRIAD_069,B04_GapGuard-Raw_B3000,T,1343723075,1879155201,2563,Det/images/normal_train/00564658.png,0,04,learnable_hard,0.1617370921,0.945,0.1802222087,normal_replay,GapCritical-Strict
RUN_205,TRIAD_069,B04_GapGuard-Raw_B3000,T,1343723075,1879155201,2564,Det/images/normal_train/00528593.png,0,04,learnable_hard,0.2281225593,0.98,0.1415338072,normal_replay,GapCritical-Strict
RUN_205,TRIAD_069,B04_GapGuard-Raw_B3000,T,1343723075,1879155201,2565,Det/images/normal_train/00987448.png,0,05,learnable_hard,0.2030605211,0.94,0.1809479397,normal_replay,GapCritical-Strict
RUN_205,TRIAD_069,B04_GapGuard-Raw_B3000,T,1343723075,1879155201,2566,Det/images/normal_train/00945394.png,0,08,learnable_hard,0.1934298486,0.995,0.1314123009,normal_replay,GapCritical-Strict
RUN_205,TRIAD_069,B04_GapGuard-Raw_B3000,T,1343723075,1879155201,2567,Det/images/normal_train/00791683.png,0,06,learnable_hard,0.1417104278,0.955,0.1612404283,normal_replay,GapCritical-Strict
RUN_205,TRIAD_069,B04_GapGuard-Raw_B3000,T,1343723075,1879155201,2568,Det/images/normal_train/00188049.png,0,06,learnable_hard,0.1678396028,0.96,0.1815725994,normal_replay,GapCritical-Strict
RUN_205,TRIAD_069,B04_GapGuard-Raw_B3000,T,1343723075,1879155201,2569,Det/images/normal_train/00240513.png,0,07,learnable_hard,0.2252592206,0.945,0.1481997186,normal_replay,GapCritical-Strict
RUN_205,TRIAD_069,B04_GapGuard-Raw_B3000,T,1343723075,1879155201,2570,Det/images/normal_train/00608038.png,0,06,learnable_hard,0.2744752758,0.985,0.1594460206,normal_replay,GapCritical-Strict
RUN_205,TRIAD_069,B04_GapGuard-Raw_B3000,T,1343723075,1879155201,2571,Det/images/normal_train/01092016.png,0,03,learnable_hard,0.2109176396,0.985,0.1882796908,normal_replay,GapCritical-Strict
RUN_205,TRIAD_069,B04_GapGuard-Raw_B3000,T,1343723075,1879155201,2572,Det/images/normal_train/01197183.png,0,06,learnable_hard,0.2076413542,0.97,0.1516094481,normal_replay,GapCritical-Strict
RUN_205,TRIAD_069,B04_GapGuard-Raw_B3000,T,1343723075,1879155201,2573,Det/images/normal_train/00373314.png,0,03,learnable_hard,0.1986379319,0.99,0.1403290327,normal_replay,GapCritical-Strict
RUN_205,TRIAD_069,B04_GapGuard-Raw_B3000,T,1343723075,1879155201,2574,Det/images/normal_train/00907157.png,0,02,learnable_hard,0.174202087,0.94,0.1777881799,normal_replay,GapCritical-Strict
RUN_205,TRIAD_069,B04_GapGuard-Raw_B3000,T,1343723075,1879155201,2575,Det/images/normal_train/00959098.png,0,02,learnable_hard,0.3395758216,0.735,0.2063214176,normal_replay,GapCritical-Strict
RUN_205,TRIAD_069,B04_GapGuard-Raw_B3000,T,1343723075,1879155201,2576,Det/images/normal_train/01198963.png,0,03,learnable_hard,0.163046892,0.995,0.1562140862,normal_replay,GapCritical-Strict
RUN_205,TRIAD_069,B04_GapGuard-Raw_B3000,T,1343723075,1879155201,2577,Det/images/normal_train/00864811.png,0,07,learnable_hard,0.1544668971,0.99,0.1555077955,normal_replay,GapCritical-Strict
RUN_205,TRIAD_069,B04_GapGuard-Raw_B3000,T,1343723075,1879155201,2578,Det/images/normal_train/01008408.png,0,07,learnable_hard,0.6977130241,0.14,0.1765630937,normal_replay,GapCritical-Strict
RUN_205,TRIAD_069,B04_GapGuard-Raw_B3000,T,1343723075,1879155201,2579,Det/images/normal_train/00359095.png,0,05,learnable_hard,0.3279856791,0.7,0.1956359757,normal_replay,GapCritical-Strict
RUN_205,TRIAD_069,B04_GapGuard-Raw_B3000,T,1343723075,1879155201,2580,Det/images/normal_train/00768919.png,0,08,learnable_hard,0.1713784673,0.985,0.1538788806,normal_replay,GapCritical-Strict
RUN_205,TRIAD_069,B04_GapGuard-Raw_B3000,T,1343723075,1879155201,2581,Det/images/normal_train/00213013.png,0,03,learnable_hard,0.1620167213,0.99,0.1430020982,normal_replay,GapCritical-Strict
RUN_205,TRIAD_069,B04_GapGuard-Raw_B3000,T,1343723075,1879155201,2582,Det/images/normal_train/00948494.png,0,07,learnable_hard,0.224807721,0.96,0.1527040577,normal_replay,GapCritical-Strict
RUN_205,TRIAD_069,B04_GapGuard-Raw_B3000,T,1343723075,1879155201,2583,Det/images/normal_train/00910733.png,0,05,learnable_hard,0.1822296183,0.98,0.1499672772,normal_replay,GapCritical-Strict
RUN_205,TRIAD_069,B04_GapGuard-Raw_B3000,T,1343723075,1879155201,2584,Det/images/normal_train/01147881.png,0,07,learnable_hard,0.3597237676,0.76,0.1477668833,normal_replay,GapCritical-Strict
RUN_205,TRIAD_069,B04_GapGuard-Raw_B3000,T,1343723075,1879155201,2585,Det/images/normal_train/00591564.png,0,07,learnable_hard,0.1115493975,0.975,0.1569281304,normal_replay,GapCritical-Strict
RUN_205,TRIAD_069,B04_GapGuard-Raw_B3000,T,1343723075,1879155201,2586,Det/images/normal_train/01053731.png,0,05,learnable_hard,0.1629634434,0.985,0.1477147974,normal_replay,GapCritical-Strict
RUN_205,TRIAD_069,B04_GapGuard-Raw_B3000,T,1343723075,1879155201,2587,Det/images/normal_train/00711572.png,0,08,learnable_hard,0.1146836827,0.995,0.1500296967,normal_replay,GapCritical-Strict
RUN_205,TRIAD_069,B04_GapGuard-Raw_B3000,T,1343723075,1879155201,2588,Det/images/normal_train/00914684.png,0,04,learnable_hard,0.1916979664,0.945,0.1610601007,normal_replay,GapCritical-Strict
RUN_205,TRIAD_069,B04_GapGuard-Raw_B3000,T,1343723075,1879155201,2589,Det/images/normal_train/01187947.png,0,07,learnable_hard,0.1837223846,0.995,0.164668232,normal_replay,GapCritical-Strict
RUN_205,TRIAD_069,B04_GapGuard-Raw_B3000,T,1343723075,1879155201,2590,Det/images/normal_train/00402753.png,0,00,learnable_hard,0.3463894758,0.78,0.1974108091,normal_replay,GapCritical-Strict
RUN_205,TRIAD_069,B04_GapGuard-Raw_B3000,T,1343723075,1879155201,2591,Det/images/normal_train/00971490.png,0,02,learnable_hard,0.1583032679,0.955,0.1714483351,normal_replay,GapCritical-Strict
RUN_205,TRIAD_069,B04_GapGuard-Raw_B3000,T,1343723075,1879155201,2592,Det/images/normal_train/01199057.png,0,03,learnable_hard,0.1645109814,0.97,0.1696849267,normal_replay,GapCritical-Strict
RUN_205,TRIAD_069,B04_GapGuard-Raw_B3000,T,1343723075,1879155201,2593,Det/images/normal_train/00666004.png,0,08,learnable_hard,0.1629414764,0.99,0.1327895727,normal_replay,GapCritical-Strict
RUN_205,TRIAD_069,B04_GapGuard-Raw_B3000,T,1343723075,1879155201,2594,Det/images/normal_train/00579239.png,0,05,learnable_hard,0.2711099199,0.96,0.1443522481,normal_replay,GapCritical-Strict
RUN_205,TRIAD_069,B04_GapGuard-Raw_B3000,T,1343723075,1879155201,2595,Det/images/normal_train/00399951.png,0,08,learnable_hard,0.5399561035,0.31,0.2728207395,normal_replay,GapCritical-Strict
RUN_205,TRIAD_069,B04_GapGuard-Raw_B3000,T,1343723075,1879155201,2596,Det/images/normal_train/00991286.png,0,00,learnable_hard,0.2381826633,0.98,0.1541500309,normal_replay,GapCritical-Strict
RUN_205,TRIAD_069,B04_GapGuard-Raw_B3000,T,1343723075,1879155201,2597,Det/images/normal_train/00955873.png,0,02,learnable_hard,0.317985038,0.995,0.1452575075,normal_replay,GapCritical-Strict
RUN_205,TRIAD_069,B04_GapGuard-Raw_B3000,T,1343723075,1879155201,2598,Det/images/normal_train/00928349.png,0,03,learnable_hard,0.2271998203,0.96,0.1529739664,normal_replay,GapCritical-Strict
RUN_205,TRIAD_069,B04_GapGuard-Raw_B3000,T,1343723075,1879155201,2599,Det/images/normal_train/01286314.png,0,00,learnable_hard,0.2477934596,0.985,0.1641333538,normal_replay,GapCritical-Strict
RUN_205,TRIAD_069,B04_GapGuard-Raw_B3000,T,1343723075,1879155201,2600,Det/images/normal_train/01080615.png,0,03,learnable_hard,0.1701247709,0.995,0.1464075125,normal_replay,GapCritical-Strict
RUN_205,TRIAD_069,B04_GapGuard-Raw_B3000,T,1343723075,1879155201,2601,Det/images/normal_train/01039589.png,0,01,learnable_hard,0.730613267,0.095,0.1776355371,normal_replay,GapCritical-Strict
RUN_205,TRIAD_069,B04_GapGuard-Raw_B3000,T,1343723075,1879155201,2602,Det/images/normal_train/00845061.png,0,04,learnable_hard,0.2047819136,0.995,0.1500866722,normal_replay,GapCritical-Strict
RUN_205,TRIAD_069,B04_GapGuard-Raw_B3000,T,1343723075,1879155201,2603,Det/images/normal_train/00516426.png,0,04,learnable_hard,0.1297763758,0.98,0.1443083392,normal_replay,GapCritical-Strict
RUN_205,TRIAD_069,B04_GapGuard-Raw_B3000,T,1343723075,1879155201,2604,Det/images/normal_train/01114201.png,0,04,learnable_hard,0.5823182634,0.27,0.1983504952,normal_replay,GapCritical-Strict
RUN_205,TRIAD_069,B04_GapGuard-Raw_B3000,T,1343723075,1879155201,2605,Det/images/normal_train/00808715.png,0,03,learnable_hard,0.1394444366,0.985,0.1507429767,normal_replay,GapCritical-Strict
RUN_205,TRIAD_069,B04_GapGuard-Raw_B3000,T,1343723075,1879155201,2606,Det/images/normal_train/00668780.png,0,04,learnable_hard,0.1933088077,0.88,0.1977982975,normal_replay,GapCritical-Strict
RUN_205,TRIAD_069,B04_GapGuard-Raw_B3000,T,1343723075,1879155201,2607,Det/images/normal_train/00817191.png,0,07,learnable_hard,0.2329722712,0.96,0.1589818209,normal_replay,GapCritical-Strict
RUN_205,TRIAD_069,B04_GapGuard-Raw_B3000,T,1343723075,1879155201,2608,Det/images/normal_train/01184007.png,0,04,learnable_hard,0.3358069528,0.87,0.1616515149,normal_replay,GapCritical-Strict
RUN_205,TRIAD_069,B04_GapGuard-Raw_B3000,T,1343723075,1879155201,2609,Det/images/normal_train/00476505.png,0,09,learnable_hard,0.6367340523,0.15,0.1926237201,normal_replay,GapCritical-Strict
RUN_205,TRIAD_069,B04_GapGuard-Raw_B3000,T,1343723075,1879155201,2610,Det/images/normal_train/00687396.png,0,01,learnable_hard,0.100915774,0.975,0.1600169797,normal_replay,GapCritical-Strict
RUN_205,TRIAD_069,B04_GapGuard-Raw_B3000,T,1343723075,1879155201,2611,Det/images/normal_train/00611215.png,0,01,learnable_hard,0.2539837427,0.985,0.1571217454,normal_replay,GapCritical-Strict
RUN_205,TRIAD_069,B04_GapGuard-Raw_B3000,T,1343723075,1879155201,2612,Det/images/normal_train/00317139.png,0,04,learnable_hard,0.1876996379,0.995,0.1310769857,normal_replay,GapCritical-Strict
RUN_205,TRIAD_069,B04_GapGuard-Raw_B3000,T,1343723075,1879155201,2613,Det/images/normal_train/00545288.png,0,07,learnable_hard,0.1651727347,0.955,0.1557389795,normal_replay,GapCritical-Strict
RUN_205,TRIAD_069,B04_GapGuard-Raw_B3000,T,1343723075,1879155201,2614,Det/images/normal_train/00521823.png,0,05,learnable_hard,0.1274617043,0.985,0.150920339,normal_replay,GapCritical-Strict
RUN_205,TRIAD_069,B04_GapGuard-Raw_B3000,T,1343723075,1879155201,2615,Det/images/normal_train/00420421.png,0,05,learnable_hard,0.7930337168,0.07,0.1546080969,normal_replay,GapCritical-Strict
RUN_205,TRIAD_069,B04_GapGuard-Raw_B3000,T,1343723075,1879155201,2616,Det/images/normal_train/00530419.png,0,01,learnable_hard,0.1372576875,0.98,0.1593159967,normal_replay,GapCritical-Strict
RUN_205,TRIAD_069,B04_GapGuard-Raw_B3000,T,1343723075,1879155201,2617,Det/images/normal_train/00987305.png,0,05,learnable_hard,0.1551580195,0.95,0.1740465759,normal_replay,GapCritical-Strict
RUN_205,TRIAD_069,B04_GapGuard-Raw_B3000,T,1343723075,1879155201,2618,Det/images/normal_train/00339293.png,0,09,learnable_hard,0.170259845,0.965,0.1683482582,normal_replay,GapCritical-Strict
RUN_205,TRIAD_069,B04_GapGuard-Raw_B3000,T,1343723075,1879155201,2619,Det/images/normal_train/00619330.png,0,04,learnable_hard,0.1849753833,0.995,0.1396014459,normal_replay,GapCritical-Strict
RUN_205,TRIAD_069,B04_GapGuard-Raw_B3000,T,1343723075,1879155201,2620,Det/images/normal_train/00550161.png,0,08,learnable_hard,0.1651448778,0.995,0.1364579311,normal_replay,GapCritical-Strict
RUN_205,TRIAD_069,B04_GapGuard-Raw_B3000,T,1343723075,1879155201,2621,Det/images/normal_train/00410565.png,0,00,learnable_hard,0.264104495,0.97,0.1408207276,normal_replay,GapCritical-Strict
RUN_205,TRIAD_069,B04_GapGuard-Raw_B3000,T,1343723075,1879155201,2622,Det/images/normal_train/01291667.png,0,07,learnable_hard,0.1491488948,0.99,0.144634969,normal_replay,GapCritical-Strict
RUN_205,TRIAD_069,B04_GapGuard-Raw_B3000,T,1343723075,1879155201,2623,Det/images/normal_train/00565643.png,0,04,learnable_hard,0.7652045904,0.11,0.1658997672,normal_replay,GapCritical-Strict
RUN_205,TRIAD_069,B04_GapGuard-Raw_B3000,T,1343723075,1879155201,2624,Det/images/normal_train/01054646.png,0,00,learnable_hard,0.3897946053,0.655,0.2112857493,normal_replay,GapCritical-Strict
RUN_205,TRIAD_069,B04_GapGuard-Raw_B3000,T,1343723075,1879155201,2625,Det/images/normal_train/00748325.png,0,04,learnable_hard,0.1762916145,0.955,0.1506848383,normal_replay,GapCritical-Strict
RUN_205,TRIAD_069,B04_GapGuard-Raw_B3000,T,1343723075,1879155201,2626,Det/images/normal_train/00900595.png,0,07,learnable_hard,0.397156675,0.575,0.2287673035,normal_replay,GapCritical-Strict
RUN_205,TRIAD_069,B04_GapGuard-Raw_B3000,T,1343723075,1879155201,2627,Det/images/normal_train/00283590.png,0,03,learnable_hard,0.1197713814,0.975,0.1490275668,normal_replay,GapCritical-Strict
RUN_205,TRIAD_069,B04_GapGuard-Raw_B3000,T,1343723075,1879155201,2628,Det/images/normal_train/00216187.png,0,08,learnable_hard,0.1530295899,0.995,0.1363861764,normal_replay,GapCritical-Strict
RUN_205,TRIAD_069,B04_GapGuard-Raw_B3000,T,1343723075,1879155201,2629,Det/images/normal_train/00325277.png,0,00,learnable_hard,0.3777667107,0.725,0.1717918377,normal_replay,GapCritical-Strict
RUN_205,TRIAD_069,B04_GapGuard-Raw_B3000,T,1343723075,1879155201,2630,Det/images/normal_train/00862289.png,0,07,learnable_hard,0.177458012,0.99,0.141134295,normal_replay,GapCritical-Strict
RUN_205,TRIAD_069,B04_GapGuard-Raw_B3000,T,1343723075,1879155201,2631,Det/images/normal_train/00445111.png,0,08,learnable_hard,0.3163386886,0.86,0.2023273947,normal_replay,GapCritical-Strict
RUN_205,TRIAD_069,B04_GapGuard-Raw_B3000,T,1343723075,1879155201,2632,Det/images/normal_train/00786325.png,0,03,learnable_hard,0.1170894888,0.98,0.1558407615,normal_replay,GapCritical-Strict
RUN_205,TRIAD_069,B04_GapGuard-Raw_B3000,T,1343723075,1879155201,2633,Det/images/normal_train/00923187.png,0,08,learnable_hard,0.1674212222,0.985,0.1379865734,normal_replay,GapCritical-Strict
RUN_205,TRIAD_069,B04_GapGuard-Raw_B3000,T,1343723075,1879155201,2634,Det/images/normal_train/00768391.png,0,08,learnable_hard,0.3038042594,0.92,0.1625208827,normal_replay,GapCritical-Strict
RUN_205,TRIAD_069,B04_GapGuard-Raw_B3000,T,1343723075,1879155201,2635,Det/images/normal_train/00662450.png,0,02,learnable_hard,0.1734143932,0.99,0.1559028009,normal_replay,GapCritical-Strict
RUN_205,TRIAD_069,B04_GapGuard-Raw_B3000,T,1343723075,1879155201,2636,Det/images/normal_train/01230073.png,0,01,learnable_hard,0.2653014675,0.98,0.1419457268,normal_replay,GapCritical-Strict
RUN_205,TRIAD_069,B04_GapGuard-Raw_B3000,T,1343723075,1879155201,2637,Det/images/normal_train/00655829.png,0,08,learnable_hard,0.1816844789,0.975,0.1603498877,normal_replay,GapCritical-Strict
RUN_205,TRIAD_069,B04_GapGuard-Raw_B3000,T,1343723075,1879155201,2638,Det/images/normal_train/00218321.png,0,09,learnable_hard,0.2732925621,0.975,0.1574755278,normal_replay,GapCritical-Strict
RUN_205,TRIAD_069,B04_GapGuard-Raw_B3000,T,1343723075,1879155201,2639,Det/images/normal_train/00938493.png,0,08,learnable_hard,0.2434563781,0.985,0.1401641094,normal_replay,GapCritical-Strict
RUN_205,TRIAD_069,B04_GapGuard-Raw_B3000,T,1343723075,1879155201,2640,Det/images/normal_train/01222792.png,0,07,learnable_hard,0.1869870017,0.995,0.1442067407,normal_replay,GapCritical-Strict
RUN_205,TRIAD_069,B04_GapGuard-Raw_B3000,T,1343723075,1879155201,2641,Det/images/normal_train/00553403.png,0,04,learnable_hard,0.1253770782,0.98,0.1462538864,normal_replay,GapCritical-Strict
RUN_205,TRIAD_069,B04_GapGuard-Raw_B3000,T,1343723075,1879155201,2642,Det/images/normal_train/00459337.png,0,02,learnable_hard,0.1663051358,0.98,0.1663100406,normal_replay,GapCritical-Strict
RUN_205,TRIAD_069,B04_GapGuard-Raw_B3000,T,1343723075,1879155201,2643,Det/images/normal_train/00256741.png,0,03,learnable_hard,0.1583793593,0.995,0.1423824484,normal_replay,GapCritical-Strict
RUN_205,TRIAD_069,B04_GapGuard-Raw_B3000,T,1343723075,1879155201,2644,Det/images/normal_train/01186260.png,0,09,learnable_hard,0.4418616914,0.57,0.2038521685,normal_replay,GapCritical-Strict
RUN_205,TRIAD_069,B04_GapGuard-Raw_B3000,T,1343723075,1879155201,2645,Det/images/normal_train/01052688.png,0,01,learnable_hard,0.3812666867,0.77,0.1475092333,normal_replay,GapCritical-Strict
RUN_205,TRIAD_069,B04_GapGuard-Raw_B3000,T,1343723075,1879155201,2646,Det/images/normal_train/00991398.png,0,00,learnable_hard,0.1553780739,0.91,0.2123922461,normal_replay,GapCritical-Strict
RUN_205,TRIAD_069,B04_GapGuard-Raw_B3000,T,1343723075,1879155201,2647,Det/images/normal_train/00531992.png,0,04,learnable_hard,0.8492906041,0.115,0.2455233887,normal_replay,GapCritical-Strict
RUN_205,TRIAD_069,B04_GapGuard-Raw_B3000,T,1343723075,1879155201,2648,Det/images/normal_train/00810531.png,0,09,learnable_hard,0.2664272683,0.965,0.1572651923,normal_replay,GapCritical-Strict
RUN_205,TRIAD_069,B04_GapGuard-Raw_B3000,T,1343723075,1879155201,2649,Det/images/normal_train/00735240.png,0,07,learnable_hard,0.2524225826,0.94,0.1383244806,normal_replay,GapCritical-Strict
RUN_205,TRIAD_069,B04_GapGuard-Raw_B3000,T,1343723075,1879155201,2650,Det/images/normal_train/00262826.png,0,04,learnable_hard,0.1259773143,0.985,0.1409170822,normal_replay,GapCritical-Strict
RUN_205,TRIAD_069,B04_GapGuard-Raw_B3000,T,1343723075,1879155201,2651,Det/images/normal_train/00891436.png,0,06,learnable_hard,0.6029040514,0.335,0.1847241303,normal_replay,GapCritical-Strict
RUN_205,TRIAD_069,B04_GapGuard-Raw_B3000,T,1343723075,1879155201,2652,Det/images/normal_train/00684312.png,0,09,learnable_hard,0.8467850935,0.075,0.1561718476,normal_replay,GapCritical-Strict
RUN_205,TRIAD_069,B04_GapGuard-Raw_B3000,T,1343723075,1879155201,2653,Det/images/normal_train/01080950.png,0,03,learnable_hard,0.2028986521,0.98,0.1655015932,normal_replay,GapCritical-Strict
RUN_205,TRIAD_069,B04_GapGuard-Raw_B3000,T,1343723075,1879155201,2654,Det/images/normal_train/00187279.png,0,03,learnable_hard,0.3417913479,0.87,0.165238895,normal_replay,GapCritical-Strict
RUN_205,TRIAD_069,B04_GapGuard-Raw_B3000,T,1343723075,1879155201,2655,Det/images/normal_train/00164647.png,0,06,learnable_hard,0.3518012836,0.64,0.2248498128,normal_replay,GapCritical-Strict
RUN_205,TRIAD_069,B04_GapGuard-Raw_B3000,T,1343723075,1879155201,2656,Det/images/normal_train/00693202.png,0,03,learnable_hard,0.3594120509,0.81,0.1723415714,normal_replay,GapCritical-Strict
RUN_205,TRIAD_069,B04_GapGuard-Raw_B3000,T,1343723075,1879155201,2657,Det/images/normal_train/00652985.png,0,04,learnable_hard,0.2397162271,0.99,0.1634269301,normal_replay,GapCritical-Strict
RUN_205,TRIAD_069,B04_GapGuard-Raw_B3000,T,1343723075,1879155201,2658,Det/images/normal_train/01080576.png,0,03,learnable_hard,0.2051158979,0.985,0.1518924985,normal_replay,GapCritical-Strict
RUN_205,TRIAD_069,B04_GapGuard-Raw_B3000,T,1343723075,1879155201,2659,Det/images/normal_train/00284928.png,0,01,learnable_hard,0.3360507495,0.865,0.1702715562,normal_replay,GapCritical-Strict
RUN_205,TRIAD_069,B04_GapGuard-Raw_B3000,T,1343723075,1879155201,2660,Det/images/normal_train/00777870.png,0,08,learnable_hard,0.5854337207,0.295,0.1696239905,normal_replay,GapCritical-Strict
RUN_205,TRIAD_069,B04_GapGuard-Raw_B3000,T,1343723075,1879155201,2661,Det/images/normal_train/01294377.png,0,05,learnable_hard,0.1648006007,0.96,0.1621490014,normal_replay,GapCritical-Strict
RUN_205,TRIAD_069,B04_GapGuard-Raw_B3000,T,1343723075,1879155201,2662,Det/images/normal_train/00560711.png,0,01,learnable_hard,0.1423524838,0.965,0.1599311989,normal_replay,GapCritical-Strict
RUN_205,TRIAD_069,B04_GapGuard-Raw_B3000,T,1343723075,1879155201,2663,Det/images/normal_train/01142340.png,0,07,learnable_hard,0.1750482378,0.975,0.1392311728,normal_replay,GapCritical-Strict
RUN_205,TRIAD_069,B04_GapGuard-Raw_B3000,T,1343723075,1879155201,2664,Det/images/normal_train/00327891.png,0,06,learnable_hard,0.3818069041,0.625,0.2077492305,normal_replay,GapCritical-Strict
RUN_205,TRIAD_069,B04_GapGuard-Raw_B3000,T,1343723075,1879155201,2665,Det/images/normal_train/00414671.png,0,05,learnable_hard,0.517685202,0.43,0.1869563976,normal_replay,GapCritical-Strict
RUN_205,TRIAD_069,B04_GapGuard-Raw_B3000,T,1343723075,1879155201,2666,Det/images/normal_train/01167110.png,0,01,learnable_hard,0.2029282551,0.95,0.1875139452,normal_replay,GapCritical-Strict
RUN_205,TRIAD_069,B04_GapGuard-Raw_B3000,T,1343723075,1879155201,2667,Det/images/normal_train/00367300.png,0,04,learnable_hard,0.1909719799,0.99,0.1274617156,normal_replay,GapCritical-Strict
RUN_205,TRIAD_069,B04_GapGuard-Raw_B3000,T,1343723075,1879155201,2668,Det/images/normal_train/00325082.png,0,00,learnable_hard,0.357616547,0.83,0.1881035962,normal_replay,GapCritical-Strict
RUN_205,TRIAD_069,B04_GapGuard-Raw_B3000,T,1343723075,1879155201,2669,Det/images/normal_train/00694121.png,0,00,learnable_hard,0.3416066694,0.8,0.1841540822,normal_replay,GapCritical-Strict
RUN_205,TRIAD_069,B04_GapGuard-Raw_B3000,T,1343723075,1879155201,2670,Det/images/normal_train/01067653.png,0,09,learnable_hard,0.3288226882,0.76,0.1884515361,normal_replay,GapCritical-Strict
RUN_205,TRIAD_069,B04_GapGuard-Raw_B3000,T,1343723075,1879155201,2671,Det/images/normal_train/01183914.png,0,04,learnable_hard,0.2026081119,0.965,0.1436988711,normal_replay,GapCritical-Strict
RUN_205,TRIAD_069,B04_GapGuard-Raw_B3000,T,1343723075,1879155201,2672,Det/images/normal_train/00458947.png,0,05,learnable_hard,0.1926602469,0.975,0.1619667484,normal_replay,GapCritical-Strict
RUN_205,TRIAD_069,B04_GapGuard-Raw_B3000,T,1343723075,1879155201,2673,Det/images/normal_train/00714865.png,0,06,learnable_hard,0.1088784851,0.97,0.1575649848,normal_replay,GapCritical-Strict
RUN_205,TRIAD_069,B04_GapGuard-Raw_B3000,T,1343723075,1879155201,2674,Det/images/normal_train/01246354.png,0,01,learnable_hard,0.1824866055,0.985,0.1317349309,normal_replay,GapCritical-Strict
RUN_205,TRIAD_069,B04_GapGuard-Raw_B3000,T,1343723075,1879155201,2675,Det/images/normal_train/01293924.png,0,08,learnable_hard,0.2093838782,0.96,0.1337657554,normal_replay,GapCritical-Strict
RUN_205,TRIAD_069,B04_GapGuard-Raw_B3000,T,1343723075,1879155201,2676,Det/images/normal_train/00333029.png,0,00,learnable_hard,0.1521335186,0.985,0.1681969841,normal_replay,GapCritical-Strict
RUN_205,TRIAD_069,B04_GapGuard-Raw_B3000,T,1343723075,1879155201,2677,Det/images/normal_train/00195660.png,0,08,learnable_hard,0.162014919,0.975,0.1450521443,normal_replay,GapCritical-Strict
RUN_205,TRIAD_069,B04_GapGuard-Raw_B3000,T,1343723075,1879155201,2678,Det/images/normal_train/00270668.png,0,04,learnable_hard,0.1547947669,0.99,0.1409547741,normal_replay,GapCritical-Strict
RUN_205,TRIAD_069,B04_GapGuard-Raw_B3000,T,1343723075,1879155201,2679,Det/images/normal_train/01288371.png,0,07,learnable_hard,0.2966453974,0.955,0.1588400866,normal_replay,GapCritical-Strict
RUN_205,TRIAD_069,B04_GapGuard-Raw_B3000,T,1343723075,1879155201,2680,Det/images/normal_train/00984263.png,0,02,learnable_hard,0.1489450694,0.96,0.1851382064,normal_replay,GapCritical-Strict
RUN_205,TRIAD_069,B04_GapGuard-Raw_B3000,T,1343723075,1879155201,2681,Det/images/normal_train/01071086.png,0,04,learnable_hard,0.1920795353,0.985,0.1524832419,normal_replay,GapCritical-Strict
RUN_205,TRIAD_069,B04_GapGuard-Raw_B3000,T,1343723075,1879155201,2682,Det/images/normal_train/01142114.png,0,07,learnable_hard,0.5330482721,0.415,0.176864441,normal_replay,GapCritical-Strict
RUN_205,TRIAD_069,B04_GapGuard-Raw_B3000,T,1343723075,1879155201,2683,Det/images/normal_train/00875726.png,0,06,learnable_hard,0.1599481145,0.995,0.1491558872,normal_replay,GapCritical-Strict
RUN_205,TRIAD_069,B04_GapGuard-Raw_B3000,T,1343723075,1879155201,2684,Det/images/normal_train/01175645.png,0,05,learnable_hard,0.1745299147,0.985,0.1430646746,normal_replay,GapCritical-Strict
RUN_205,TRIAD_069,B04_GapGuard-Raw_B3000,T,1343723075,1879155201,2685,Det/images/normal_train/01204927.png,0,09,learnable_hard,0.1586401962,0.895,0.2264901136,normal_replay,GapCritical-Strict
RUN_205,TRIAD_069,B04_GapGuard-Raw_B3000,T,1343723075,1879155201,2686,Det/images/normal_train/01080262.png,0,03,learnable_hard,0.1466565584,0.975,0.1603491753,normal_replay,GapCritical-Strict
RUN_205,TRIAD_069,B04_GapGuard-Raw_B3000,T,1343723075,1879155201,2687,Det/images/normal_train/00736680.png,0,07,learnable_hard,0.3233787786,0.81,0.1860452479,normal_replay,GapCritical-Strict
RUN_205,TRIAD_069,B04_GapGuard-Raw_B3000,T,1343723075,1879155201,2688,Det/images/normal_train/01198934.png,0,03,learnable_hard,0.189811061,0.985,0.1683062174,normal_replay,GapCritical-Strict
RUN_205,TRIAD_069,B04_GapGuard-Raw_B3000,T,1343723075,1879155201,2689,Det/images/normal_train/01270065.png,0,05,learnable_hard,0.4844173461,0.49,0.1809786613,normal_replay,GapCritical-Strict
RUN_205,TRIAD_069,B04_GapGuard-Raw_B3000,T,1343723075,1879155201,2690,Det/images/normal_train/00884181.png,0,09,learnable_hard,0.1102048672,0.995,0.1483061076,normal_replay,GapCritical-Strict
RUN_205,TRIAD_069,B04_GapGuard-Raw_B3000,T,1343723075,1879155201,2691,Det/images/normal_train/00727784.png,0,04,learnable_hard,0.1780161763,0.965,0.1767375212,normal_replay,GapCritical-Strict
RUN_205,TRIAD_069,B04_GapGuard-Raw_B3000,T,1343723075,1879155201,2692,Det/images/normal_train/00905492.png,0,09,learnable_hard,0.5822073626,0.19,0.1992311183,normal_replay,GapCritical-Strict
RUN_205,TRIAD_069,B04_GapGuard-Raw_B3000,T,1343723075,1879155201,2693,Det/images/normal_train/00410971.png,0,00,learnable_hard,0.2428452555,0.865,0.2220008448,normal_replay,GapCritical-Strict
RUN_205,TRIAD_069,B04_GapGuard-Raw_B3000,T,1343723075,1879155201,2694,Det/images/normal_train/00491496.png,0,06,learnable_hard,0.1773761651,0.985,0.1589457151,normal_replay,GapCritical-Strict
RUN_205,TRIAD_069,B04_GapGuard-Raw_B3000,T,1343723075,1879155201,2695,Det/images/normal_train/01285100.png,0,08,learnable_hard,0.1789759881,0.96,0.1758899456,normal_replay,GapCritical-Strict
RUN_205,TRIAD_069,B04_GapGuard-Raw_B3000,T,1343723075,1879155201,2696,Det/images/normal_train/00945839.png,0,08,learnable_hard,0.1900255287,0.99,0.1611047266,normal_replay,GapCritical-Strict
RUN_205,TRIAD_069,B04_GapGuard-Raw_B3000,T,1343723075,1879155201,2697,Det/images/normal_train/00759175.png,0,08,learnable_hard,0.2675358644,0.96,0.1675052107,normal_replay,GapCritical-Strict
RUN_205,TRIAD_069,B04_GapGuard-Raw_B3000,T,1343723075,1879155201,2698,Det/images/normal_train/00823182.png,0,02,learnable_hard,0.1344331364,0.99,0.1465778695,normal_replay,GapCritical-Strict
RUN_205,TRIAD_069,B04_GapGuard-Raw_B3000,T,1343723075,1879155201,2699,Det/images/normal_train/00786228.png,0,03,learnable_hard,0.1601237935,0.97,0.1634555859,normal_replay,GapCritical-Strict
RUN_205,TRIAD_069,B04_GapGuard-Raw_B3000,T,1343723075,1879155201,2700,Det/images/normal_train/00761772.png,0,05,learnable_hard,0.8399312799,0.055,0.1698875561,normal_replay,GapCritical-Strict
RUN_205,TRIAD_069,B04_GapGuard-Raw_B3000,T,1343723075,1879155201,1,Det/images/train/00320295.png,1,01,learnable_hard,0.3457053327,0.335,0.4237047012,defect_guard,GapGuard-Raw
RUN_205,TRIAD_069,B04_GapGuard-Raw_B3000,T,1343723075,1879155201,2,Det/images/train/00333102.png,1,00,learnable_hard,0.3169687177,0.295,0.4205572771,defect_guard,GapGuard-Raw
RUN_205,TRIAD_069,B04_GapGuard-Raw_B3000,T,1343723075,1879155201,3,Det/images/train/01003134.png,1,01,learnable_hard,0.2966328371,0.275,0.3929190649,defect_guard,GapGuard-Raw
RUN_205,TRIAD_069,B04_GapGuard-Raw_B3000,T,1343723075,1879155201,4,Det/images/train/01161831.png,1,06,learnable_hard,0.2864858977,0.235,0.37963278,defect_guard,GapGuard-Raw
RUN_205,TRIAD_069,B04_GapGuard-Raw_B3000,T,1343723075,1879155201,5,Det/images/train/00449957.png,1,03,learnable_hard,0.3537067696,0.32,0.4169689873,defect_guard,GapGuard-Raw
RUN_205,TRIAD_069,B04_GapGuard-Raw_B3000,T,1343723075,1879155201,6,Det/images/train/01117129.png,1,07,learnable_hard,0.3414256102,0.3,0.3901853023,defect_guard,GapGuard-Raw
RUN_205,TRIAD_069,B04_GapGuard-Raw_B3000,T,1343723075,1879155201,7,Det/images/train/00644277.png,1,09,learnable_hard,0.4235116587,0.455,0.4078600271,defect_guard,GapGuard-Raw
RUN_205,TRIAD_069,B04_GapGuard-Raw_B3000,T,1343723075,1879155201,8,Det/images/train/00717561.png,1,00,learnable_hard,0.564070178,0.555,0.4024513237,defect_guard,GapGuard-Raw
RUN_205,TRIAD_069,B04_GapGuard-Raw_B3000,T,1343723075,1879155201,9,Det/images/train/00699690.png,1,02,learnable_hard,0.5284458219,0.485,0.4332331487,defect_guard,GapGuard-Raw
RUN_205,TRIAD_069,B04_GapGuard-Raw_B3000,T,1343723075,1879155201,10,Det/images/train/00381243.png,1,05,learnable_hard,0.3035276986,0.28,0.3784740217,defect_guard,GapGuard-Raw
RUN_205,TRIAD_069,B04_GapGuard-Raw_B3000,T,1343723075,1879155201,11,Det/images/train/00333420.png,1,00,learnable_hard,0.4304422299,0.34,0.3822522198,defect_guard,GapGuard-Raw
RUN_205,TRIAD_069,B04_GapGuard-Raw_B3000,T,1343723075,1879155201,12,Det/images/train/00654602.png,1,02,learnable_hard,0.2384264335,0.25,0.3743736182,defect_guard,GapGuard-Raw
RUN_205,TRIAD_069,B04_GapGuard-Raw_B3000,T,1343723075,1879155201,13,Det/images/train/00763611.png,1,07,learnable_hard,0.568032153,0.59,0.4190276048,defect_guard,GapGuard-Raw
RUN_205,TRIAD_069,B04_GapGuard-Raw_B3000,T,1343723075,1879155201,14,Det/images/train/01107277.png,1,09,learnable_hard,0.4653847957,0.395,0.399103482,defect_guard,GapGuard-Raw
RUN_205,TRIAD_069,B04_GapGuard-Raw_B3000,T,1343723075,1879155201,15,Det/images/train/00617126.png,1,05,learnable_hard,0.3000317305,0.26,0.3722210676,defect_guard,GapGuard-Raw
RUN_205,TRIAD_069,B04_GapGuard-Raw_B3000,T,1343723075,1879155201,16,Det/images/train/00323562.png,1,06,learnable_hard,0.4674712867,0.44,0.4061231921,defect_guard,GapGuard-Raw
RUN_205,TRIAD_069,B04_GapGuard-Raw_B3000,T,1343723075,1879155201,17,Det/images/train/00712914.png,1,01,learnable_hard,0.5115589091,0.515,0.4322981139,defect_guard,GapGuard-Raw
RUN_205,TRIAD_069,B04_GapGuard-Raw_B3000,T,1343723075,1879155201,18,Det/images/train/00453504.png,1,03,learnable_hard,0.4395738057,0.38,0.4012824889,defect_guard,GapGuard-Raw
RUN_205,TRIAD_069,B04_GapGuard-Raw_B3000,T,1343723075,1879155201,19,Det/images/train/00176642.png,1,09,learnable_hard,0.3031396147,0.275,0.3726924822,defect_guard,GapGuard-Raw
RUN_205,TRIAD_069,B04_GapGuard-Raw_B3000,T,1343723075,1879155201,20,Det/images/train/00764793.png,1,08,learnable_hard,0.4811801841,0.425,0.4183645516,defect_guard,GapGuard-Raw
RUN_205,TRIAD_069,B04_GapGuard-Raw_B3000,T,1343723075,1879155201,21,Det/images/train/00287443.png,1,08,learnable_hard,0.2998182809,0.245,0.3512968349,defect_guard,GapGuard-Raw
RUN_205,TRIAD_069,B04_GapGuard-Raw_B3000,T,1343723075,1879155201,22,Det/images/train/00465504.png,1,00,learnable_hard,0.4169291782,0.28,0.3213560304,defect_guard,GapGuard-Raw
RUN_205,TRIAD_069,B04_GapGuard-Raw_B3000,T,1343723075,1879155201,23,Det/images/train/00763530.png,1,07,learnable_hard,0.5081905398,0.535,0.3668707526,defect_guard,GapGuard-Raw
RUN_205,TRIAD_069,B04_GapGuard-Raw_B3000,T,1343723075,1879155201,24,Det/images/train/00639436.png,1,06,learnable_hard,0.5650720606,0.54,0.3625013655,defect_guard,GapGuard-Raw
RUN_205,TRIAD_069,B04_GapGuard-Raw_B3000,T,1343723075,1879155201,25,Det/images/train/00654550.png,1,02,learnable_hard,0.672661774,0.695,0.3806603406,defect_guard,GapGuard-Raw
RUN_205,TRIAD_069,B04_GapGuard-Raw_B3000,T,1343723075,1879155201,26,Det/images/train/00656549.png,1,08,learnable_hard,0.40717893,0.32,0.3698870684,defect_guard,GapGuard-Raw
RUN_205,TRIAD_069,B04_GapGuard-Raw_B3000,T,1343723075,1879155201,27,Det/images/train/01104408.png,1,08,learnable_hard,0.4090529857,0.405,0.3568360824,defect_guard,GapGuard-Raw
RUN_205,TRIAD_069,B04_GapGuard-Raw_B3000,T,1343723075,1879155201,28,Det/images/train/00472203.png,1,00,learnable_hard,0.570559128,0.555,0.3998749339,defect_guard,GapGuard-Raw
RUN_205,TRIAD_069,B04_GapGuard-Raw_B3000,T,1343723075,1879155201,29,Det/images/train/00200702.png,1,02,learnable_hard,0.5271872184,0.485,0.4029799289,defect_guard,GapGuard-Raw
RUN_205,TRIAD_069,B04_GapGuard-Raw_B3000,T,1343723075,1879155201,30,Det/images/train/00959924.png,1,02,learnable_hard,0.3833555019,0.36,0.3488522257,defect_guard,GapGuard-Raw
RUN_205,TRIAD_069,B04_GapGuard-Raw_B3000,T,1343723075,1879155201,31,Det/images/train/01001409.png,1,05,learnable_hard,0.5528228671,0.465,0.3714126591,defect_guard,GapGuard-Raw
RUN_205,TRIAD_069,B04_GapGuard-Raw_B3000,T,1343723075,1879155201,32,Det/images/train/00293082.png,1,07,learnable_hard,0.471959112,0.375,0.359615201,defect_guard,GapGuard-Raw
RUN_205,TRIAD_069,B04_GapGuard-Raw_B3000,T,1343723075,1879155201,33,Det/images/train/00694695.png,1,00,learnable_hard,0.5768898192,0.575,0.3648080315,defect_guard,GapGuard-Raw
RUN_205,TRIAD_069,B04_GapGuard-Raw_B3000,T,1343723075,1879155201,34,Det/images/train/00688901.png,1,05,learnable_hard,0.2950742936,0.24,0.3641689336,defect_guard,GapGuard-Raw
RUN_205,TRIAD_069,B04_GapGuard-Raw_B3000,T,1343723075,1879155201,35,Det/images/train/00454023.png,1,05,learnable_hard,0.2982363232,0.29,0.3515067236,defect_guard,GapGuard-Raw
RUN_205,TRIAD_069,B04_GapGuard-Raw_B3000,T,1343723075,1879155201,36,Det/images/train/00528332.png,1,04,learnable_hard,0.3290517802,0.29,0.3554358417,defect_guard,GapGuard-Raw
RUN_205,TRIAD_069,B04_GapGuard-Raw_B3000,T,1343723075,1879155201,37,Det/images/train/00465760.png,1,00,learnable_hard,0.5121277086,0.455,0.3288831837,defect_guard,GapGuard-Raw
RUN_205,TRIAD_069,B04_GapGuard-Raw_B3000,T,1343723075,1879155201,38,Det/images/train/00275950.png,1,01,learnable_hard,0.3734487008,0.34,0.3836973525,defect_guard,GapGuard-Raw
RUN_205,TRIAD_069,B04_GapGuard-Raw_B3000,T,1343723075,1879155201,39,Det/images/train/00575551.png,1,00,learnable_hard,0.4853188424,0.42,0.3500669471,defect_guard,GapGuard-Raw
RUN_205,TRIAD_069,B04_GapGuard-Raw_B3000,T,1343723075,1879155201,40,Det/images/train/00682902.png,1,00,learnable_hard,0.5492253522,0.6,0.3316996724,defect_guard,GapGuard-Raw
RUN_205,TRIAD_069,B04_GapGuard-Raw_B3000,T,1343723075,1879155201,41,Det/images/train/00700045.png,1,09,learnable_hard,0.4539968254,0.405,0.337353023,defect_guard,GapGuard-Raw
RUN_205,TRIAD_069,B04_GapGuard-Raw_B3000,T,1343723075,1879155201,42,Det/images/train/01115378.png,1,00,learnable_hard,0.4522556709,0.42,0.3256299694,defect_guard,GapGuard-Raw
RUN_205,TRIAD_069,B04_GapGuard-Raw_B3000,T,1343723075,1879155201,43,Det/images/train/00454891.png,1,05,learnable_hard,0.3921222945,0.39,0.3526337621,defect_guard,GapGuard-Raw
RUN_205,TRIAD_069,B04_GapGuard-Raw_B3000,T,1343723075,1879155201,44,Det/images/train/00853448.png,1,00,learnable_hard,0.4260838773,0.37,0.3502607464,defect_guard,GapGuard-Raw
RUN_205,TRIAD_069,B04_GapGuard-Raw_B3000,T,1343723075,1879155201,45,Det/images/train/00202277.png,1,01,learnable_hard,0.501982374,0.485,0.3702438763,defect_guard,GapGuard-Raw
RUN_205,TRIAD_069,B04_GapGuard-Raw_B3000,T,1343723075,1879155201,46,Det/images/train/00717560.png,1,00,learnable_hard,0.6501693824,0.62,0.3585445329,defect_guard,GapGuard-Raw
RUN_205,TRIAD_069,B04_GapGuard-Raw_B3000,T,1343723075,1879155201,47,Det/images/train/00783117.png,1,01,learnable_hard,0.5814866989,0.53,0.3641384859,defect_guard,GapGuard-Raw
RUN_205,TRIAD_069,B04_GapGuard-Raw_B3000,T,1343723075,1879155201,48,Det/images/train/00339974.png,1,09,learnable_hard,0.4179592042,0.395,0.3412568387,defect_guard,GapGuard-Raw
RUN_205,TRIAD_069,B04_GapGuard-Raw_B3000,T,1343723075,1879155201,49,Det/images/train/00290573.png,1,00,learnable_hard,0.54825908,0.46,0.3807567746,defect_guard,GapGuard-Raw
RUN_205,TRIAD_069,B04_GapGuard-Raw_B3000,T,1343723075,1879155201,50,Det/images/train/00338228.png,1,00,learnable_hard,0.5220299884,0.455,0.376043733,defect_guard,GapGuard-Raw
RUN_205,TRIAD_069,B04_GapGuard-Raw_B3000,T,1343723075,1879155201,51,Det/images/train/00333416.png,1,00,learnable_hard,0.5611130298,0.49,0.3804867007,defect_guard,GapGuard-Raw
RUN_205,TRIAD_069,B04_GapGuard-Raw_B3000,T,1343723075,1879155201,52,Det/images/train/01003145.png,1,01,learnable_hard,0.3954671702,0.335,0.3419075192,defect_guard,GapGuard-Raw
RUN_205,TRIAD_069,B04_GapGuard-Raw_B3000,T,1343723075,1879155201,53,Det/images/train/00258224.png,1,02,learnable_hard,0.4257677793,0.36,0.3313375321,defect_guard,GapGuard-Raw
RUN_205,TRIAD_069,B04_GapGuard-Raw_B3000,T,1343723075,1879155201,54,Det/images/train/00620981.png,1,06,learnable_hard,0.2913412223,0.25,0.3488793998,defect_guard,GapGuard-Raw
RUN_205,TRIAD_069,B04_GapGuard-Raw_B3000,T,1343723075,1879155201,55,Det/images/train/00584420.png,1,05,learnable_hard,0.52640149,0.57,0.3440952901,defect_guard,GapGuard-Raw
RUN_205,TRIAD_069,B04_GapGuard-Raw_B3000,T,1343723075,1879155201,56,Det/images/train/00842530.png,1,06,learnable_hard,0.6150604752,0.585,0.3759718822,defect_guard,GapGuard-Raw
RUN_205,TRIAD_069,B04_GapGuard-Raw_B3000,T,1343723075,1879155201,57,Det/images/train/01170958.png,1,09,learnable_hard,0.3479041998,0.315,0.327161597,defect_guard,GapGuard-Raw
RUN_205,TRIAD_069,B04_GapGuard-Raw_B3000,T,1343723075,1879155201,58,Det/images/train/00287410.png,1,08,learnable_hard,0.5502775263,0.445,0.3719900978,defect_guard,GapGuard-Raw
RUN_205,TRIAD_069,B04_GapGuard-Raw_B3000,T,1343723075,1879155201,59,Det/images/train/00654508.png,1,02,learnable_hard,0.5823692714,0.52,0.3785106651,defect_guard,GapGuard-Raw
RUN_205,TRIAD_069,B04_GapGuard-Raw_B3000,T,1343723075,1879155201,60,Det/images/train/00453683.png,1,03,learnable_hard,0.5530343623,0.505,0.3630709792,defect_guard,GapGuard-Raw
RUN_205,TRIAD_069,B04_GapGuard-Raw_B3000,T,1343723075,1879155201,61,Det/images/train/00764889.png,1,08,learnable_hard,0.4938603933,0.49,0.4277750818,defect_guard,GapGuard-Raw
RUN_205,TRIAD_069,B04_GapGuard-Raw_B3000,T,1343723075,1879155201,62,Det/images/train/00853663.png,1,00,learnable_hard,0.4870579689,0.47,0.36910795,defect_guard,GapGuard-Raw
RUN_205,TRIAD_069,B04_GapGuard-Raw_B3000,T,1343723075,1879155201,63,Det/images/train/00398551.png,1,04,learnable_hard,0.5297181503,0.455,0.3538921626,defect_guard,GapGuard-Raw
RUN_205,TRIAD_069,B04_GapGuard-Raw_B3000,T,1343723075,1879155201,64,Det/images/train/01029273.png,1,09,learnable_hard,0.312311151,0.23,0.3307206825,defect_guard,GapGuard-Raw
RUN_205,TRIAD_069,B04_GapGuard-Raw_B3000,T,1343723075,1879155201,65,Det/images/train/01215117.png,1,02,learnable_hard,0.4173928744,0.39,0.3424743281,defect_guard,GapGuard-Raw
RUN_205,TRIAD_069,B04_GapGuard-Raw_B3000,T,1343723075,1879155201,66,Det/images/train/00519097.png,1,09,learnable_hard,0.5357929737,0.505,0.3526073515,defect_guard,GapGuard-Raw
RUN_205,TRIAD_069,B04_GapGuard-Raw_B3000,T,1343723075,1879155201,67,Det/images/train/01184566.png,1,04,learnable_hard,0.3834908079,0.29,0.336731949,defect_guard,GapGuard-Raw
RUN_205,TRIAD_069,B04_GapGuard-Raw_B3000,T,1343723075,1879155201,68,Det/images/train/00588753.png,1,04,learnable_hard,0.5401258921,0.52,0.3419418124,defect_guard,GapGuard-Raw
RUN_205,TRIAD_069,B04_GapGuard-Raw_B3000,T,1343723075,1879155201,69,Det/images/train/01213491.png,1,03,learnable_hard,0.4523391626,0.415,0.3969405927,defect_guard,GapGuard-Raw
RUN_205,TRIAD_069,B04_GapGuard-Raw_B3000,T,1343723075,1879155201,70,Det/images/train/00700178.png,1,09,learnable_hard,0.4532715561,0.45,0.3430494864,defect_guard,GapGuard-Raw
RUN_205,TRIAD_069,B04_GapGuard-Raw_B3000,T,1343723075,1879155201,71,Det/images/train/00717041.png,1,00,learnable_hard,0.6605598862,0.67,0.3657146288,defect_guard,GapGuard-Raw
RUN_205,TRIAD_069,B04_GapGuard-Raw_B3000,T,1343723075,1879155201,72,Det/images/train/00556734.png,1,04,learnable_hard,0.4520747614,0.405,0.3733054466,defect_guard,GapGuard-Raw
RUN_205,TRIAD_069,B04_GapGuard-Raw_B3000,T,1343723075,1879155201,73,Det/images/train/00861217.png,1,09,learnable_hard,0.547770955,0.52,0.327290636,defect_guard,GapGuard-Raw
RUN_205,TRIAD_069,B04_GapGuard-Raw_B3000,T,1343723075,1879155201,74,Det/images/train/00879818.png,1,09,learnable_hard,0.524896374,0.47,0.3634696759,defect_guard,GapGuard-Raw
RUN_205,TRIAD_069,B04_GapGuard-Raw_B3000,T,1343723075,1879155201,75,Det/images/train/01289905.png,1,01,learnable_hard,0.4298395076,0.37,0.3667514472,defect_guard,GapGuard-Raw
RUN_205,TRIAD_069,B04_GapGuard-Raw_B3000,T,1343723075,1879155201,76,Det/images/train/01189390.png,1,05,learnable_hard,0.4715553604,0.365,0.3273729956,defect_guard,GapGuard-Raw
RUN_205,TRIAD_069,B04_GapGuard-Raw_B3000,T,1343723075,1879155201,77,Det/images/train/01212429.png,1,02,learnable_hard,0.5635540442,0.54,0.3378186095,defect_guard,GapGuard-Raw
RUN_205,TRIAD_069,B04_GapGuard-Raw_B3000,T,1343723075,1879155201,78,Det/images/train/00926762.png,1,00,learnable_hard,0.4014573028,0.37,0.3721728125,defect_guard,GapGuard-Raw
RUN_205,TRIAD_069,B04_GapGuard-Raw_B3000,T,1343723075,1879155201,79,Det/images/train/01093303.png,1,04,learnable_hard,0.4721860866,0.415,0.3592863432,defect_guard,GapGuard-Raw
RUN_205,TRIAD_069,B04_GapGuard-Raw_B3000,T,1343723075,1879155201,80,Det/images/train/01212168.png,1,02,learnable_hard,0.3575165565,0.305,0.3295118706,defect_guard,GapGuard-Raw
RUN_205,TRIAD_069,B04_GapGuard-Raw_B3000,T,1343723075,1879155201,81,Det/images/train/00663133.png,1,08,learnable_hard,0.5433760813,0.53,0.4182592013,defect_guard,GapGuard-Raw
RUN_205,TRIAD_069,B04_GapGuard-Raw_B3000,T,1343723075,1879155201,82,Det/images/train/00699389.png,1,02,learnable_hard,0.5556752567,0.48,0.3440756245,defect_guard,GapGuard-Raw
RUN_205,TRIAD_069,B04_GapGuard-Raw_B3000,T,1343723075,1879155201,83,Det/images/train/01138430.png,1,02,learnable_hard,0.3491353686,0.33,0.3481783359,defect_guard,GapGuard-Raw
RUN_205,TRIAD_069,B04_GapGuard-Raw_B3000,T,1343723075,1879155201,84,Det/images/train/01001404.png,1,05,learnable_hard,0.547395799,0.48,0.3411119887,defect_guard,GapGuard-Raw
RUN_205,TRIAD_069,B04_GapGuard-Raw_B3000,T,1343723075,1879155201,85,Det/images/train/00465856.png,1,00,learnable_hard,0.7057524733,0.7,0.333649859,defect_guard,GapGuard-Raw
RUN_205,TRIAD_069,B04_GapGuard-Raw_B3000,T,1343723075,1879155201,86,Det/images/train/00558942.png,1,06,learnable_hard,0.4858711572,0.41,0.3327448828,defect_guard,GapGuard-Raw
RUN_205,TRIAD_069,B04_GapGuard-Raw_B3000,T,1343723075,1879155201,87,Det/images/train/00610853.png,1,05,learnable_hard,0.399571075,0.32,0.3355804878,defect_guard,GapGuard-Raw
RUN_205,TRIAD_069,B04_GapGuard-Raw_B3000,T,1343723075,1879155201,88,Det/images/train/00326242.png,1,09,learnable_hard,0.6091608319,0.54,0.3540928797,defect_guard,GapGuard-Raw
RUN_205,TRIAD_069,B04_GapGuard-Raw_B3000,T,1343723075,1879155201,89,Det/images/train/00287203.png,1,08,learnable_hard,0.3019831346,0.275,0.3400636848,defect_guard,GapGuard-Raw
RUN_205,TRIAD_069,B04_GapGuard-Raw_B3000,T,1343723075,1879155201,90,Det/images/train/00333075.png,1,00,learnable_hard,0.4936104612,0.38,0.3621921042,defect_guard,GapGuard-Raw
RUN_205,TRIAD_069,B04_GapGuard-Raw_B3000,T,1343723075,1879155201,91,Det/images/train/00296555.png,1,01,learnable_hard,0.5165201754,0.43,0.3594914436,defect_guard,GapGuard-Raw
RUN_205,TRIAD_069,B04_GapGuard-Raw_B3000,T,1343723075,1879155201,92,Det/images/train/01244416.png,1,04,learnable_hard,0.5285565771,0.47,0.3516511426,defect_guard,GapGuard-Raw
RUN_205,TRIAD_069,B04_GapGuard-Raw_B3000,T,1343723075,1879155201,93,Det/images/train/00598937.png,1,06,learnable_hard,0.6028801581,0.56,0.3382018644,defect_guard,GapGuard-Raw
RUN_205,TRIAD_069,B04_GapGuard-Raw_B3000,T,1343723075,1879155201,94,Det/images/train/00935845.png,1,09,learnable_hard,0.4636675622,0.445,0.3139985828,defect_guard,GapGuard-Raw
RUN_205,TRIAD_069,B04_GapGuard-Raw_B3000,T,1343723075,1879155201,95,Det/images/train/00409807.png,1,06,learnable_hard,0.3054327415,0.265,0.3648585815,defect_guard,GapGuard-Raw
RUN_205,TRIAD_069,B04_GapGuard-Raw_B3000,T,1343723075,1879155201,96,Det/images/train/01101509.png,1,00,learnable_hard,0.4857078854,0.455,0.3085514647,defect_guard,GapGuard-Raw
RUN_205,TRIAD_069,B04_GapGuard-Raw_B3000,T,1343723075,1879155201,97,Det/images/train/00617984.png,1,05,learnable_hard,0.5924625459,0.58,0.3660673189,defect_guard,GapGuard-Raw
RUN_205,TRIAD_069,B04_GapGuard-Raw_B3000,T,1343723075,1879155201,98,Det/images/train/00173332.png,1,04,learnable_hard,0.4788635436,0.405,0.328156434,defect_guard,GapGuard-Raw
RUN_205,TRIAD_069,B04_GapGuard-Raw_B3000,T,1343723075,1879155201,99,Det/images/train/01225771.png,1,01,learnable_hard,0.5450647299,0.525,0.3469528531,defect_guard,GapGuard-Raw
RUN_205,TRIAD_069,B04_GapGuard-Raw_B3000,T,1343723075,1879155201,100,Det/images/train/00290574.png,1,00,learnable_hard,0.5527912851,0.505,0.352378592,defect_guard,GapGuard-Raw
RUN_205,TRIAD_069,B04_GapGuard-Raw_B3000,T,1343723075,1879155201,101,Det/images/train/01086713.png,1,04,learnable_hard,0.5075586722,0.455,0.3692150859,defect_guard,GapGuard-Raw
RUN_205,TRIAD_069,B04_GapGuard-Raw_B3000,T,1343723075,1879155201,102,Det/images/train/00557281.png,1,01,learnable_hard,0.5391534184,0.5,0.3657061814,defect_guard,GapGuard-Raw
RUN_205,TRIAD_069,B04_GapGuard-Raw_B3000,T,1343723075,1879155201,103,Det/images/train/00642071.png,1,01,learnable_hard,0.6540706014,0.64,0.3428583717,defect_guard,GapGuard-Raw
RUN_205,TRIAD_069,B04_GapGuard-Raw_B3000,T,1343723075,1879155201,104,Det/images/train/01117128.png,1,07,learnable_hard,0.6266159182,0.555,0.3405820354,defect_guard,GapGuard-Raw
RUN_205,TRIAD_069,B04_GapGuard-Raw_B3000,T,1343723075,1879155201,105,Det/images/train/01015120.png,1,03,learnable_hard,0.4034893052,0.355,0.3396692938,defect_guard,GapGuard-Raw
RUN_205,TRIAD_069,B04_GapGuard-Raw_B3000,T,1343723075,1879155201,106,Det/images/train/00502005.png,1,01,learnable_hard,0.4574765366,0.415,0.3530677181,defect_guard,GapGuard-Raw
RUN_205,TRIAD_069,B04_GapGuard-Raw_B3000,T,1343723075,1879155201,107,Det/images/train/01101894.png,1,00,learnable_hard,0.5265750695,0.39,0.3282967425,defect_guard,GapGuard-Raw
RUN_205,TRIAD_069,B04_GapGuard-Raw_B3000,T,1343723075,1879155201,108,Det/images/train/00325771.png,1,00,learnable_hard,0.5251835101,0.515,0.3653225982,defect_guard,GapGuard-Raw
RUN_205,TRIAD_069,B04_GapGuard-Raw_B3000,T,1343723075,1879155201,109,Det/images/train/00304681.png,1,06,learnable_hard,0.3485120801,0.265,0.3488521827,defect_guard,GapGuard-Raw
RUN_205,TRIAD_069,B04_GapGuard-Raw_B3000,T,1343723075,1879155201,110,Det/images/train/00827026.png,1,09,learnable_hard,0.4837558815,0.47,0.3881021922,defect_guard,GapGuard-Raw
RUN_205,TRIAD_069,B04_GapGuard-Raw_B3000,T,1343723075,1879155201,111,Det/images/train/00188160.png,1,06,learnable_hard,0.5862436,0.6,0.3066730477,defect_guard,GapGuard-Raw
RUN_205,TRIAD_069,B04_GapGuard-Raw_B3000,T,1343723075,1879155201,112,Det/images/train/01200054.png,1,04,learnable_hard,0.4444873815,0.335,0.3125767507,defect_guard,GapGuard-Raw
RUN_205,TRIAD_069,B04_GapGuard-Raw_B3000,T,1343723075,1879155201,113,Det/images/train/00763612.png,1,07,learnable_hard,0.7025989374,0.71,0.3703987188,defect_guard,GapGuard-Raw
RUN_205,TRIAD_069,B04_GapGuard-Raw_B3000,T,1343723075,1879155201,114,Det/images/train/00465722.png,1,00,learnable_hard,0.6635411113,0.645,0.3338328067,defect_guard,GapGuard-Raw
RUN_205,TRIAD_069,B04_GapGuard-Raw_B3000,T,1343723075,1879155201,115,Det/images/train/01265024.png,1,08,learnable_hard,0.4212238504,0.31,0.3050851861,defect_guard,GapGuard-Raw
RUN_205,TRIAD_069,B04_GapGuard-Raw_B3000,T,1343723075,1879155201,116,Det/images/train/00223415.png,1,06,learnable_hard,0.5538640242,0.565,0.3106467467,defect_guard,GapGuard-Raw
RUN_205,TRIAD_069,B04_GapGuard-Raw_B3000,T,1343723075,1879155201,117,Det/images/train/00640997.png,1,02,learnable_hard,0.7033556596,0.68,0.3266430348,defect_guard,GapGuard-Raw
RUN_205,TRIAD_069,B04_GapGuard-Raw_B3000,T,1343723075,1879155201,118,Det/images/train/00558940.png,1,06,learnable_hard,0.5434947966,0.435,0.3373139858,defect_guard,GapGuard-Raw
RUN_205,TRIAD_069,B04_GapGuard-Raw_B3000,T,1343723075,1879155201,119,Det/images/train/01264265.png,1,08,learnable_hard,0.3975488352,0.38,0.3315793017,defect_guard,GapGuard-Raw
RUN_205,TRIAD_069,B04_GapGuard-Raw_B3000,T,1343723075,1879155201,120,Det/images/train/01224447.png,1,04,learnable_hard,0.5403466689,0.445,0.3541333666,defect_guard,GapGuard-Raw
RUN_205,TRIAD_069,B04_GapGuard-Raw_B3000,T,1343723075,1879155201,121,Det/images/train/00720466.png,1,09,learnable_hard,0.6326227918,0.67,0.3416336776,defect_guard,GapGuard-Raw
RUN_205,TRIAD_069,B04_GapGuard-Raw_B3000,T,1343723075,1879155201,122,Det/images/train/01278071.png,1,05,learnable_hard,0.5008166534,0.39,0.3508707334,defect_guard,GapGuard-Raw
RUN_205,TRIAD_069,B04_GapGuard-Raw_B3000,T,1343723075,1879155201,123,Det/images/train/01196346.png,1,06,learnable_hard,0.5160291865,0.46,0.3817250776,defect_guard,GapGuard-Raw
RUN_205,TRIAD_069,B04_GapGuard-Raw_B3000,T,1343723075,1879155201,124,Det/images/train/00304674.png,1,06,learnable_hard,0.4009392808,0.28,0.3395857979,defect_guard,GapGuard-Raw
RUN_205,TRIAD_069,B04_GapGuard-Raw_B3000,T,1343723075,1879155201,125,Det/images/train/00223873.png,1,06,learnable_hard,0.4295455447,0.42,0.3207333481,defect_guard,GapGuard-Raw
RUN_205,TRIAD_069,B04_GapGuard-Raw_B3000,T,1343723075,1879155201,126,Det/images/train/01106629.png,1,00,learnable_hard,0.4488077217,0.38,0.3058351216,defect_guard,GapGuard-Raw
RUN_205,TRIAD_069,B04_GapGuard-Raw_B3000,T,1343723075,1879155201,127,Det/images/train/01178681.png,1,02,learnable_hard,0.3862064753,0.295,0.303003283,defect_guard,GapGuard-Raw
RUN_205,TRIAD_069,B04_GapGuard-Raw_B3000,T,1343723075,1879155201,128,Det/images/train/01141750.png,1,08,learnable_hard,0.397996121,0.335,0.335075738,defect_guard,GapGuard-Raw
RUN_205,TRIAD_069,B04_GapGuard-Raw_B3000,T,1343723075,1879155201,129,Det/images/train/00346061.png,1,07,learnable_hard,0.5055228907,0.395,0.3090766258,defect_guard,GapGuard-Raw
RUN_205,TRIAD_069,B04_GapGuard-Raw_B3000,T,1343723075,1879155201,130,Det/images/train/01044714.png,1,00,learnable_hard,0.4608237627,0.395,0.3019144344,defect_guard,GapGuard-Raw
RUN_205,TRIAD_069,B04_GapGuard-Raw_B3000,T,1343723075,1879155201,131,Det/images/train/00277580.png,1,04,learnable_hard,0.542444432,0.525,0.3268742531,defect_guard,GapGuard-Raw
RUN_205,TRIAD_069,B04_GapGuard-Raw_B3000,T,1343723075,1879155201,132,Det/images/train/01185636.png,1,02,learnable_hard,0.5312069717,0.475,0.3598542406,defect_guard,GapGuard-Raw
RUN_205,TRIAD_069,B04_GapGuard-Raw_B3000,T,1343723075,1879155201,133,Det/images/train/01017230.png,1,07,learnable_hard,0.5096354806,0.42,0.324438011,defect_guard,GapGuard-Raw
RUN_205,TRIAD_069,B04_GapGuard-Raw_B3000,T,1343723075,1879155201,134,Det/images/train/01152745.png,1,08,learnable_hard,0.5551661244,0.535,0.3556250405,defect_guard,GapGuard-Raw
RUN_205,TRIAD_069,B04_GapGuard-Raw_B3000,T,1343723075,1879155201,135,Det/images/train/00699467.png,1,02,learnable_hard,0.5709544969,0.525,0.3673439495,defect_guard,GapGuard-Raw
RUN_205,TRIAD_069,B04_GapGuard-Raw_B3000,T,1343723075,1879155201,136,Det/images/train/00730667.png,1,09,learnable_hard,0.6707351125,0.655,0.4034224831,defect_guard,GapGuard-Raw
RUN_205,TRIAD_069,B04_GapGuard-Raw_B3000,T,1343723075,1879155201,137,Det/images/train/00552148.png,1,07,learnable_hard,0.5295039073,0.435,0.3578450619,defect_guard,GapGuard-Raw
RUN_205,TRIAD_069,B04_GapGuard-Raw_B3000,T,1343723075,1879155201,138,Det/images/train/01165904.png,1,06,learnable_hard,0.358508645,0.225,0.3053213339,defect_guard,GapGuard-Raw
RUN_205,TRIAD_069,B04_GapGuard-Raw_B3000,T,1343723075,1879155201,139,Det/images/train/00321675.png,1,03,learnable_hard,0.4695543746,0.365,0.3318397803,defect_guard,GapGuard-Raw
RUN_205,TRIAD_069,B04_GapGuard-Raw_B3000,T,1343723075,1879155201,140,Det/images/train/00330549.png,1,00,learnable_hard,0.546616527,0.375,0.3173868343,defect_guard,GapGuard-Raw
RUN_205,TRIAD_069,B04_GapGuard-Raw_B3000,T,1343723075,1879155201,141,Det/images/train/00730657.png,1,09,learnable_hard,0.582528851,0.59,0.3371825935,defect_guard,GapGuard-Raw
RUN_205,TRIAD_069,B04_GapGuard-Raw_B3000,T,1343723075,1879155201,142,Det/images/train/00287871.png,1,08,learnable_hard,0.6335512328,0.57,0.3330361792,defect_guard,GapGuard-Raw
RUN_205,TRIAD_069,B04_GapGuard-Raw_B3000,T,1343723075,1879155201,143,Det/images/train/00312418.png,1,02,learnable_hard,0.4328467619,0.395,0.317162665,defect_guard,GapGuard-Raw
RUN_205,TRIAD_069,B04_GapGuard-Raw_B3000,T,1343723075,1879155201,144,Det/images/train/01196345.png,1,06,learnable_hard,0.5398635723,0.505,0.3811987223,defect_guard,GapGuard-Raw
RUN_205,TRIAD_069,B04_GapGuard-Raw_B3000,T,1343723075,1879155201,145,Det/images/train/00636532.png,1,08,learnable_hard,0.4660246949,0.315,0.3126776485,defect_guard,GapGuard-Raw
RUN_205,TRIAD_069,B04_GapGuard-Raw_B3000,T,1343723075,1879155201,146,Det/images/train/00763603.png,1,07,learnable_hard,0.5512217117,0.51,0.3598968147,defect_guard,GapGuard-Raw
RUN_205,TRIAD_069,B04_GapGuard-Raw_B3000,T,1343723075,1879155201,147,Det/images/train/00508726.png,1,03,learnable_hard,0.6109267165,0.575,0.3415197581,defect_guard,GapGuard-Raw
RUN_205,TRIAD_069,B04_GapGuard-Raw_B3000,T,1343723075,1879155201,148,Det/images/train/00275956.png,1,01,learnable_hard,0.4127597764,0.3,0.3229755856,defect_guard,GapGuard-Raw
RUN_205,TRIAD_069,B04_GapGuard-Raw_B3000,T,1343723075,1879155201,149,Det/images/train/00294279.png,1,05,learnable_hard,0.538794382,0.44,0.3574835568,defect_guard,GapGuard-Raw
RUN_205,TRIAD_069,B04_GapGuard-Raw_B3000,T,1343723075,1879155201,150,Det/images/train/00465507.png,1,00,learnable_hard,0.7070728525,0.7,0.3152746957,defect_guard,GapGuard-Raw
RUN_205,TRIAD_069,B04_GapGuard-Raw_B3000,T,1343723075,1879155201,151,Det/images/train/00313441.png,1,01,learnable_hard,0.4908832589,0.47,0.3351845083,defect_guard,GapGuard-Raw
RUN_205,TRIAD_069,B04_GapGuard-Raw_B3000,T,1343723075,1879155201,152,Det/images/train/01184565.png,1,04,learnable_hard,0.6070765402,0.555,0.3414332356,defect_guard,GapGuard-Raw
RUN_205,TRIAD_069,B04_GapGuard-Raw_B3000,T,1343723075,1879155201,153,Det/images/train/01135338.png,1,03,learnable_hard,0.6098656894,0.56,0.3165060576,defect_guard,GapGuard-Raw
RUN_205,TRIAD_069,B04_GapGuard-Raw_B3000,T,1343723075,1879155201,154,Det/images/train/00556776.png,1,04,learnable_hard,0.385118191,0.31,0.309966334,defect_guard,GapGuard-Raw
RUN_205,TRIAD_069,B04_GapGuard-Raw_B3000,T,1343723075,1879155201,155,Det/images/train/01103984.png,1,02,learnable_hard,0.489753926,0.33,0.3035615356,defect_guard,GapGuard-Raw
RUN_205,TRIAD_069,B04_GapGuard-Raw_B3000,T,1343723075,1879155201,156,Det/images/train/00785032.png,1,04,learnable_hard,0.6240995827,0.58,0.3263359866,defect_guard,GapGuard-Raw
RUN_205,TRIAD_069,B04_GapGuard-Raw_B3000,T,1343723075,1879155201,157,Det/images/train/00785552.png,1,04,learnable_hard,0.4262809354,0.365,0.3175076072,defect_guard,GapGuard-Raw
RUN_205,TRIAD_069,B04_GapGuard-Raw_B3000,T,1343723075,1879155201,158,Det/images/train/01146051.png,1,05,learnable_hard,0.4075000184,0.325,0.3048479522,defect_guard,GapGuard-Raw
RUN_205,TRIAD_069,B04_GapGuard-Raw_B3000,T,1343723075,1879155201,159,Det/images/train/01166291.png,1,08,learnable_hard,0.5291524491,0.475,0.3282564639,defect_guard,GapGuard-Raw
RUN_205,TRIAD_069,B04_GapGuard-Raw_B3000,T,1343723075,1879155201,160,Det/images/train/01226604.png,1,00,learnable_hard,0.4497495147,0.325,0.3024204415,defect_guard,GapGuard-Raw
RUN_205,TRIAD_069,B04_GapGuard-Raw_B3000,T,1343723075,1879155201,161,Det/images/train/00186205.png,1,01,learnable_hard,0.4088151478,0.325,0.2949125658,defect_guard,GapGuard-Raw
RUN_205,TRIAD_069,B04_GapGuard-Raw_B3000,T,1343723075,1879155201,162,Det/images/train/00763884.png,1,07,learnable_hard,0.7157781447,0.765,0.3514768292,defect_guard,GapGuard-Raw
RUN_205,TRIAD_069,B04_GapGuard-Raw_B3000,T,1343723075,1879155201,163,Det/images/train/00200953.png,1,02,learnable_hard,0.7275501784,0.715,0.3129542899,defect_guard,GapGuard-Raw
RUN_205,TRIAD_069,B04_GapGuard-Raw_B3000,T,1343723075,1879155201,164,Det/images/train/00369310.png,1,03,learnable_hard,0.5791735967,0.495,0.3434349815,defect_guard,GapGuard-Raw
RUN_205,TRIAD_069,B04_GapGuard-Raw_B3000,T,1343723075,1879155201,165,Det/images/train/00772171.png,1,01,learnable_hard,0.5996745904,0.61,0.3310637973,defect_guard,GapGuard-Raw
RUN_205,TRIAD_069,B04_GapGuard-Raw_B3000,T,1343723075,1879155201,166,Det/images/train/00477001.png,1,00,learnable_hard,0.3710953626,0.295,0.3337125392,defect_guard,GapGuard-Raw
RUN_205,TRIAD_069,B04_GapGuard-Raw_B3000,T,1343723075,1879155201,167,Det/images/train/00700937.png,1,09,learnable_hard,0.6094352052,0.605,0.3261918624,defect_guard,GapGuard-Raw
RUN_205,TRIAD_069,B04_GapGuard-Raw_B3000,T,1343723075,1879155201,168,Det/images/train/01033481.png,1,05,learnable_hard,0.4029515422,0.32,0.2953040033,defect_guard,GapGuard-Raw
RUN_205,TRIAD_069,B04_GapGuard-Raw_B3000,T,1343723075,1879155201,169,Det/images/train/01172055.png,1,07,learnable_hard,0.457897039,0.35,0.3221735424,defect_guard,GapGuard-Raw
RUN_205,TRIAD_069,B04_GapGuard-Raw_B3000,T,1343723075,1879155201,170,Det/images/train/00960876.png,1,02,learnable_hard,0.6210452246,0.615,0.3303633657,defect_guard,GapGuard-Raw
RUN_205,TRIAD_069,B04_GapGuard-Raw_B3000,T,1343723075,1879155201,171,Det/images/train/00273827.png,1,08,learnable_hard,0.4793772719,0.44,0.3347735661,defect_guard,GapGuard-Raw
RUN_205,TRIAD_069,B04_GapGuard-Raw_B3000,T,1343723075,1879155201,172,Det/images/train/00645588.png,1,09,learnable_hard,0.56987244,0.565,0.3415500271,defect_guard,GapGuard-Raw
RUN_205,TRIAD_069,B04_GapGuard-Raw_B3000,T,1343723075,1879155201,173,Det/images/train/00715632.png,1,09,learnable_hard,0.7121554323,0.695,0.3286698487,defect_guard,GapGuard-Raw
RUN_205,TRIAD_069,B04_GapGuard-Raw_B3000,T,1343723075,1879155201,174,Det/images/train/00469057.png,1,01,learnable_hard,0.5116158645,0.43,0.3152307,defect_guard,GapGuard-Raw
RUN_205,TRIAD_069,B04_GapGuard-Raw_B3000,T,1343723075,1879155201,175,Det/images/train/00463724.png,1,09,learnable_hard,0.5931054742,0.595,0.30055553,defect_guard,GapGuard-Raw
RUN_205,TRIAD_069,B04_GapGuard-Raw_B3000,T,1343723075,1879155201,176,Det/images/train/00393142.png,1,01,learnable_hard,0.5094336522,0.425,0.3404514025,defect_guard,GapGuard-Raw
RUN_205,TRIAD_069,B04_GapGuard-Raw_B3000,T,1343723075,1879155201,177,Det/images/train/00407291.png,1,00,learnable_hard,0.6615194441,0.615,0.364492847,defect_guard,GapGuard-Raw
RUN_205,TRIAD_069,B04_GapGuard-Raw_B3000,T,1343723075,1879155201,178,Det/images/train/01197396.png,1,06,learnable_hard,0.6190652973,0.535,0.32677843,defect_guard,GapGuard-Raw
RUN_205,TRIAD_069,B04_GapGuard-Raw_B3000,T,1343723075,1879155201,179,Det/images/train/00309372.png,1,00,learnable_hard,0.6513264718,0.635,0.3284232085,defect_guard,GapGuard-Raw
RUN_205,TRIAD_069,B04_GapGuard-Raw_B3000,T,1343723075,1879155201,180,Det/images/train/01198012.png,1,03,learnable_hard,0.5139864038,0.4,0.3235021834,defect_guard,GapGuard-Raw
RUN_205,TRIAD_069,B04_GapGuard-Raw_B3000,T,1343723075,1879155201,181,Det/images/train/00455666.png,1,05,learnable_hard,0.5822336232,0.515,0.3193368289,defect_guard,GapGuard-Raw
RUN_205,TRIAD_069,B04_GapGuard-Raw_B3000,T,1343723075,1879155201,182,Det/images/train/00842478.png,1,06,learnable_hard,0.6371390034,0.58,0.3436533011,defect_guard,GapGuard-Raw
RUN_205,TRIAD_069,B04_GapGuard-Raw_B3000,T,1343723075,1879155201,183,Det/images/train/01107273.png,1,09,learnable_hard,0.3771327879,0.28,0.3027730411,defect_guard,GapGuard-Raw
RUN_205,TRIAD_069,B04_GapGuard-Raw_B3000,T,1343723075,1879155201,184,Det/images/train/00467113.png,1,01,learnable_hard,0.683918589,0.65,0.3092515757,defect_guard,GapGuard-Raw
RUN_205,TRIAD_069,B04_GapGuard-Raw_B3000,T,1343723075,1879155201,185,Det/images/train/00438345.png,1,02,learnable_hard,0.6014737544,0.55,0.3535869022,defect_guard,GapGuard-Raw
RUN_205,TRIAD_069,B04_GapGuard-Raw_B3000,T,1343723075,1879155201,186,Det/images/train/00944031.png,1,05,learnable_hard,0.6305960051,0.56,0.3189027459,defect_guard,GapGuard-Raw
RUN_205,TRIAD_069,B04_GapGuard-Raw_B3000,T,1343723075,1879155201,187,Det/images/train/00623616.png,1,08,learnable_hard,0.5478472904,0.515,0.3503558486,defect_guard,GapGuard-Raw
RUN_205,TRIAD_069,B04_GapGuard-Raw_B3000,T,1343723075,1879155201,188,Det/images/train/01160770.png,1,05,learnable_hard,0.4742382961,0.355,0.3231966516,defect_guard,GapGuard-Raw
RUN_205,TRIAD_069,B04_GapGuard-Raw_B3000,T,1343723075,1879155201,189,Det/images/train/00700059.png,1,09,learnable_hard,0.6646160967,0.585,0.3204516749,defect_guard,GapGuard-Raw
RUN_205,TRIAD_069,B04_GapGuard-Raw_B3000,T,1343723075,1879155201,190,Det/images/train/00175950.png,1,06,learnable_hard,0.3890952387,0.265,0.3067914833,defect_guard,GapGuard-Raw
RUN_205,TRIAD_069,B04_GapGuard-Raw_B3000,T,1343723075,1879155201,191,Det/images/train/01109152.png,1,00,learnable_hard,0.65382648,0.58,0.3145116221,defect_guard,GapGuard-Raw
RUN_205,TRIAD_069,B04_GapGuard-Raw_B3000,T,1343723075,1879155201,192,Det/images/train/01171480.png,1,04,learnable_hard,0.4122133028,0.245,0.2890521845,defect_guard,GapGuard-Raw
RUN_205,TRIAD_069,B04_GapGuard-Raw_B3000,T,1343723075,1879155201,193,Det/images/train/00764021.png,1,08,learnable_hard,0.7446762771,0.725,0.3481486389,defect_guard,GapGuard-Raw
RUN_205,TRIAD_069,B04_GapGuard-Raw_B3000,T,1343723075,1879155201,194,Det/images/train/00465868.png,1,00,learnable_hard,0.7513021184,0.745,0.3052487143,defect_guard,GapGuard-Raw
RUN_205,TRIAD_069,B04_GapGuard-Raw_B3000,T,1343723075,1879155201,195,Det/images/train/00827899.png,1,09,learnable_hard,0.5658600961,0.56,0.3291150272,defect_guard,GapGuard-Raw
RUN_205,TRIAD_069,B04_GapGuard-Raw_B3000,T,1343723075,1879155201,196,Det/images/train/00555851.png,1,07,learnable_hard,0.4033451372,0.37,0.3299447322,defect_guard,GapGuard-Raw
RUN_205,TRIAD_069,B04_GapGuard-Raw_B3000,T,1343723075,1879155201,197,Det/images/train/00694378.png,1,00,learnable_hard,0.5395304756,0.47,0.3045716977,defect_guard,GapGuard-Raw
RUN_205,TRIAD_069,B04_GapGuard-Raw_B3000,T,1343723075,1879155201,198,Det/images/train/01189472.png,1,05,learnable_hard,0.4417670236,0.37,0.291438481,defect_guard,GapGuard-Raw
RUN_205,TRIAD_069,B04_GapGuard-Raw_B3000,T,1343723075,1879155201,199,Det/images/train/00538912.png,1,09,learnable_hard,0.4609713099,0.38,0.3701716162,defect_guard,GapGuard-Raw
RUN_205,TRIAD_069,B04_GapGuard-Raw_B3000,T,1343723075,1879155201,200,Det/images/train/01017796.png,1,07,learnable_hard,0.3905559068,0.23,0.2819041022,defect_guard,GapGuard-Raw
RUN_205,TRIAD_069,B04_GapGuard-Raw_B3000,T,1343723075,1879155201,201,Det/images/train/01023411.png,1,00,learnable_hard,0.4482062022,0.365,0.2910831589,defect_guard,GapGuard-Raw
RUN_205,TRIAD_069,B04_GapGuard-Raw_B3000,T,1343723075,1879155201,202,Det/images/train/01236615.png,1,06,learnable_hard,0.3013679908,0.25,0.2942587921,defect_guard,GapGuard-Raw
RUN_205,TRIAD_069,B04_GapGuard-Raw_B3000,T,1343723075,1879155201,203,Det/images/train/01182910.png,1,05,learnable_hard,0.6478055241,0.605,0.3333267139,defect_guard,GapGuard-Raw
RUN_205,TRIAD_069,B04_GapGuard-Raw_B3000,T,1343723075,1879155201,204,Det/images/train/00712301.png,1,01,learnable_hard,0.6850080021,0.655,0.309683493,defect_guard,GapGuard-Raw
RUN_205,TRIAD_069,B04_GapGuard-Raw_B3000,T,1343723075,1879155201,205,Det/images/train/00636649.png,1,08,learnable_hard,0.3510834929,0.235,0.3170400958,defect_guard,GapGuard-Raw
RUN_205,TRIAD_069,B04_GapGuard-Raw_B3000,T,1343723075,1879155201,206,Det/images/train/00717062.png,1,00,learnable_hard,0.7718377588,0.76,0.3197082811,defect_guard,GapGuard-Raw
RUN_205,TRIAD_069,B04_GapGuard-Raw_B3000,T,1343723075,1879155201,207,Det/images/train/00927454.png,1,09,learnable_hard,0.5780378656,0.52,0.338551801,defect_guard,GapGuard-Raw
RUN_205,TRIAD_069,B04_GapGuard-Raw_B3000,T,1343723075,1879155201,208,Det/images/train/01008509.png,1,07,learnable_hard,0.3740232139,0.315,0.3372990194,defect_guard,GapGuard-Raw
RUN_205,TRIAD_069,B04_GapGuard-Raw_B3000,T,1343723075,1879155201,209,Det/images/train/00764816.png,1,08,learnable_hard,0.2936008118,0.19,0.3139375166,defect_guard,GapGuard-Raw
RUN_205,TRIAD_069,B04_GapGuard-Raw_B3000,T,1343723075,1879155201,210,Det/images/train/00842042.png,1,06,learnable_hard,0.7032023501,0.71,0.3292475037,defect_guard,GapGuard-Raw
RUN_205,TRIAD_069,B04_GapGuard-Raw_B3000,T,1343723075,1879155201,211,Det/images/train/01023607.png,1,00,learnable_hard,0.5966198979,0.51,0.3145699344,defect_guard,GapGuard-Raw
RUN_205,TRIAD_069,B04_GapGuard-Raw_B3000,T,1343723075,1879155201,212,Det/images/train/01215256.png,1,02,learnable_hard,0.4757745044,0.305,0.2679008131,defect_guard,GapGuard-Raw
RUN_205,TRIAD_069,B04_GapGuard-Raw_B3000,T,1343723075,1879155201,213,Det/images/train/00990198.png,1,03,learnable_hard,0.4542097797,0.39,0.3007085857,defect_guard,GapGuard-Raw
RUN_205,TRIAD_069,B04_GapGuard-Raw_B3000,T,1343723075,1879155201,214,Det/images/train/01109268.png,1,00,learnable_hard,0.6843224646,0.655,0.3183709451,defect_guard,GapGuard-Raw
RUN_205,TRIAD_069,B04_GapGuard-Raw_B3000,T,1343723075,1879155201,215,Det/images/train/01262566.png,1,00,learnable_hard,0.1898411162,0.155,0.3220445741,defect_guard,GapGuard-Raw
RUN_205,TRIAD_069,B04_GapGuard-Raw_B3000,T,1343723075,1879155201,216,Det/images/train/00575733.png,1,00,learnable_hard,0.6837907333,0.62,0.3121562773,defect_guard,GapGuard-Raw
RUN_205,TRIAD_069,B04_GapGuard-Raw_B3000,T,1343723075,1879155201,217,Det/images/train/01036903.png,1,01,learnable_hard,0.5688322698,0.48,0.3389069523,defect_guard,GapGuard-Raw
RUN_205,TRIAD_069,B04_GapGuard-Raw_B3000,T,1343723075,1879155201,218,Det/images/train/00369305.png,1,03,learnable_hard,0.6519394127,0.635,0.338816212,defect_guard,GapGuard-Raw
RUN_205,TRIAD_069,B04_GapGuard-Raw_B3000,T,1343723075,1879155201,219,Det/images/train/00739523.png,1,00,learnable_hard,0.6386578838,0.61,0.295190594,defect_guard,GapGuard-Raw
RUN_205,TRIAD_069,B04_GapGuard-Raw_B3000,T,1343723075,1879155201,220,Det/images/train/00990510.png,1,03,learnable_hard,0.529098883,0.415,0.3249252838,defect_guard,GapGuard-Raw
RUN_205,TRIAD_069,B04_GapGuard-Raw_B3000,T,1343723075,1879155201,221,Det/images/train/01256505.png,1,02,learnable_hard,0.5576995972,0.49,0.3063482537,defect_guard,GapGuard-Raw
RUN_205,TRIAD_069,B04_GapGuard-Raw_B3000,T,1343723075,1879155201,222,Det/images/train/00861218.png,1,09,learnable_hard,0.6288424666,0.635,0.3107941354,defect_guard,GapGuard-Raw
RUN_205,TRIAD_069,B04_GapGuard-Raw_B3000,T,1343723075,1879155201,223,Det/images/train/00841624.png,1,04,learnable_hard,0.6483661715,0.6,0.3284708044,defect_guard,GapGuard-Raw
RUN_205,TRIAD_069,B04_GapGuard-Raw_B3000,T,1343723075,1879155201,224,Det/images/train/00910215.png,1,05,learnable_hard,0.2840315658,0.195,0.2975716537,defect_guard,GapGuard-Raw
RUN_205,TRIAD_069,B04_GapGuard-Raw_B3000,T,1343723075,1879155201,225,Det/images/train/00371723.png,1,00,learnable_hard,0.6833142988,0.745,0.3026488822,defect_guard,GapGuard-Raw
RUN_205,TRIAD_069,B04_GapGuard-Raw_B3000,T,1343723075,1879155201,226,Det/images/train/00355081.png,1,01,learnable_hard,0.4564849861,0.485,0.3459239678,defect_guard,GapGuard-Raw
RUN_205,TRIAD_069,B04_GapGuard-Raw_B3000,T,1343723075,1879155201,227,Det/images/train/00914467.png,1,04,learnable_hard,0.5145260529,0.41,0.296401583,defect_guard,GapGuard-Raw
RUN_205,TRIAD_069,B04_GapGuard-Raw_B3000,T,1343723075,1879155201,228,Det/images/train/00560644.png,1,01,learnable_hard,0.3749947377,0.355,0.316245533,defect_guard,GapGuard-Raw
RUN_205,TRIAD_069,B04_GapGuard-Raw_B3000,T,1343723075,1879155201,229,Det/images/train/01222011.png,1,07,learnable_hard,0.6385164768,0.615,0.3215284805,defect_guard,GapGuard-Raw
RUN_205,TRIAD_069,B04_GapGuard-Raw_B3000,T,1343723075,1879155201,230,Det/images/train/01243427.png,1,00,learnable_hard,0.467692222,0.395,0.3175777963,defect_guard,GapGuard-Raw
RUN_205,TRIAD_069,B04_GapGuard-Raw_B3000,T,1343723075,1879155201,231,Det/images/train/01180997.png,1,04,learnable_hard,0.4584308977,0.4,0.2988422346,defect_guard,GapGuard-Raw
RUN_205,TRIAD_069,B04_GapGuard-Raw_B3000,T,1343723075,1879155201,232,Det/images/train/00406204.png,1,03,learnable_hard,0.5161656842,0.39,0.305302282,defect_guard,GapGuard-Raw
RUN_205,TRIAD_069,B04_GapGuard-Raw_B3000,T,1343723075,1879155201,233,Det/images/train/01263549.png,1,07,learnable_hard,0.4081464591,0.33,0.305088236,defect_guard,GapGuard-Raw
RUN_205,TRIAD_069,B04_GapGuard-Raw_B3000,T,1343723075,1879155201,234,Det/images/train/00258165.png,1,02,learnable_hard,0.595330046,0.505,0.3096515137,defect_guard,GapGuard-Raw
RUN_205,TRIAD_069,B04_GapGuard-Raw_B3000,T,1343723075,1879155201,235,Det/images/train/00737659.png,1,02,learnable_hard,0.5733082784,0.575,0.2867107036,defect_guard,GapGuard-Raw
RUN_205,TRIAD_069,B04_GapGuard-Raw_B3000,T,1343723075,1879155201,236,Det/images/train/01140606.png,1,00,learnable_hard,0.353623353,0.36,0.3054681509,defect_guard,GapGuard-Raw
RUN_205,TRIAD_069,B04_GapGuard-Raw_B3000,T,1343723075,1879155201,237,Det/images/train/01210887.png,1,01,learnable_hard,0.6421427552,0.61,0.3497900305,defect_guard,GapGuard-Raw
RUN_205,TRIAD_069,B04_GapGuard-Raw_B3000,T,1343723075,1879155201,238,Det/images/train/00551739.png,1,02,learnable_hard,0.5356487758,0.505,0.3133510747,defect_guard,GapGuard-Raw
RUN_205,TRIAD_069,B04_GapGuard-Raw_B3000,T,1343723075,1879155201,239,Det/images/train/01150605.png,1,04,learnable_hard,0.475353655,0.37,0.2818777467,defect_guard,GapGuard-Raw
RUN_205,TRIAD_069,B04_GapGuard-Raw_B3000,T,1343723075,1879155201,240,Det/images/train/00745584.png,1,03,learnable_hard,0.6701651535,0.665,0.312986164,defect_guard,GapGuard-Raw
RUN_205,TRIAD_069,B04_GapGuard-Raw_B3000,T,1343723075,1879155201,241,Det/images/train/00597589.png,1,03,learnable_hard,0.3425539091,0.34,0.3307465034,defect_guard,GapGuard-Raw
RUN_205,TRIAD_069,B04_GapGuard-Raw_B3000,T,1343723075,1879155201,242,Det/images/train/00732134.png,1,04,learnable_hard,0.4316949113,0.315,0.3071916829,defect_guard,GapGuard-Raw
RUN_205,TRIAD_069,B04_GapGuard-Raw_B3000,T,1343723075,1879155201,243,Det/images/train/00279075.png,1,03,learnable_hard,0.527872429,0.465,0.3311320823,defect_guard,GapGuard-Raw
RUN_205,TRIAD_069,B04_GapGuard-Raw_B3000,T,1343723075,1879155201,244,Det/images/train/01117140.png,1,07,learnable_hard,0.6713244078,0.61,0.3100364739,defect_guard,GapGuard-Raw
RUN_205,TRIAD_069,B04_GapGuard-Raw_B3000,T,1343723075,1879155201,245,Det/images/train/01185639.png,1,02,learnable_hard,0.5895010039,0.59,0.3158401527,defect_guard,GapGuard-Raw
RUN_205,TRIAD_069,B04_GapGuard-Raw_B3000,T,1343723075,1879155201,246,Det/images/train/00555418.png,1,07,learnable_hard,0.567944956,0.475,0.3390169718,defect_guard,GapGuard-Raw
RUN_205,TRIAD_069,B04_GapGuard-Raw_B3000,T,1343723075,1879155201,247,Det/images/train/00648990.png,1,05,learnable_hard,0.6118018813,0.565,0.3064888528,defect_guard,GapGuard-Raw
RUN_205,TRIAD_069,B04_GapGuard-Raw_B3000,T,1343723075,1879155201,248,Det/images/train/00765496.png,1,08,learnable_hard,0.6030463114,0.59,0.3277597057,defect_guard,GapGuard-Raw
RUN_205,TRIAD_069,B04_GapGuard-Raw_B3000,T,1343723075,1879155201,249,Det/images/train/00260840.png,1,09,learnable_hard,0.6162481737,0.57,0.302161237,defect_guard,GapGuard-Raw
RUN_205,TRIAD_069,B04_GapGuard-Raw_B3000,T,1343723075,1879155201,250,Det/images/train/00184720.png,1,05,learnable_hard,0.5568479145,0.515,0.3268274527,defect_guard,GapGuard-Raw
RUN_205,TRIAD_069,B04_GapGuard-Raw_B3000,T,1343723075,1879155201,251,Det/images/train/01119661.png,1,01,learnable_hard,0.4212929002,0.325,0.2893279963,defect_guard,GapGuard-Raw
RUN_205,TRIAD_069,B04_GapGuard-Raw_B3000,T,1343723075,1879155201,252,Det/images/train/00706384.png,1,02,learnable_hard,0.4322229817,0.37,0.3309013707,defect_guard,GapGuard-Raw
RUN_205,TRIAD_069,B04_GapGuard-Raw_B3000,T,1343723075,1879155201,253,Det/images/train/00913550.png,1,07,learnable_hard,0.4950670365,0.395,0.3520985044,defect_guard,GapGuard-Raw
RUN_205,TRIAD_069,B04_GapGuard-Raw_B3000,T,1343723075,1879155201,254,Det/images/train/00468785.png,1,06,learnable_hard,0.5319907915,0.525,0.3063176506,defect_guard,GapGuard-Raw
RUN_205,TRIAD_069,B04_GapGuard-Raw_B3000,T,1343723075,1879155201,255,Det/images/train/00700933.png,1,09,learnable_hard,0.5447077807,0.445,0.2910406418,defect_guard,GapGuard-Raw
RUN_205,TRIAD_069,B04_GapGuard-Raw_B3000,T,1343723075,1879155201,256,Det/images/train/00700051.png,1,09,learnable_hard,0.6390631362,0.605,0.2972862416,defect_guard,GapGuard-Raw
RUN_205,TRIAD_069,B04_GapGuard-Raw_B3000,T,1343723075,1879155201,257,Det/images/train/01166612.png,1,08,learnable_hard,0.4800393372,0.42,0.2975588094,defect_guard,GapGuard-Raw
RUN_205,TRIAD_069,B04_GapGuard-Raw_B3000,T,1343723075,1879155201,258,Det/images/train/01165708.png,1,06,learnable_hard,0.6077469806,0.555,0.2965754226,defect_guard,GapGuard-Raw
RUN_205,TRIAD_069,B04_GapGuard-Raw_B3000,T,1343723075,1879155201,259,Det/images/train/00597563.png,1,03,learnable_hard,0.5887554461,0.515,0.3294008051,defect_guard,GapGuard-Raw
RUN_205,TRIAD_069,B04_GapGuard-Raw_B3000,T,1343723075,1879155201,260,Det/images/train/00602331.png,1,00,learnable_hard,0.5070488892,0.365,0.2661019633,defect_guard,GapGuard-Raw
RUN_205,TRIAD_069,B04_GapGuard-Raw_B3000,T,1343723075,1879155201,261,Det/images/train/00978933.png,1,01,learnable_hard,0.3718342398,0.365,0.2977007197,defect_guard,GapGuard-Raw
RUN_205,TRIAD_069,B04_GapGuard-Raw_B3000,T,1343723075,1879155201,262,Det/images/train/01052420.png,1,01,learnable_hard,0.4936526229,0.435,0.30778388,defect_guard,GapGuard-Raw
RUN_205,TRIAD_069,B04_GapGuard-Raw_B3000,T,1343723075,1879155201,263,Det/images/train/00223719.png,1,06,learnable_hard,0.5785524994,0.53,0.3644850551,defect_guard,GapGuard-Raw
RUN_205,TRIAD_069,B04_GapGuard-Raw_B3000,T,1343723075,1879155201,264,Det/images/train/00256559.png,1,03,learnable_hard,0.5223446047,0.5,0.3153397213,defect_guard,GapGuard-Raw
RUN_205,TRIAD_069,B04_GapGuard-Raw_B3000,T,1343723075,1879155201,265,Det/images/train/00700044.png,1,09,learnable_hard,0.6088145715,0.56,0.3004037722,defect_guard,GapGuard-Raw
RUN_205,TRIAD_069,B04_GapGuard-Raw_B3000,T,1343723075,1879155201,266,Det/images/train/01185606.png,1,02,learnable_hard,0.4707953792,0.405,0.3075115492,defect_guard,GapGuard-Raw
RUN_205,TRIAD_069,B04_GapGuard-Raw_B3000,T,1343723075,1879155201,267,Det/images/train/00914042.png,1,04,learnable_hard,0.5143277605,0.48,0.2874091146,defect_guard,GapGuard-Raw
RUN_205,TRIAD_069,B04_GapGuard-Raw_B3000,T,1343723075,1879155201,268,Det/images/train/00789794.png,1,09,learnable_hard,0.3571387814,0.295,0.3350757864,defect_guard,GapGuard-Raw
RUN_205,TRIAD_069,B04_GapGuard-Raw_B3000,T,1343723075,1879155201,269,Det/images/train/00170276.png,1,03,learnable_hard,0.3470911478,0.275,0.2929206358,defect_guard,GapGuard-Raw
RUN_205,TRIAD_069,B04_GapGuard-Raw_B3000,T,1343723075,1879155201,270,Det/images/train/01186055.png,1,09,learnable_hard,0.5407255615,0.455,0.3202442397,defect_guard,GapGuard-Raw
RUN_205,TRIAD_069,B04_GapGuard-Raw_B3000,T,1343723075,1879155201,271,Det/images/train/01146230.png,1,05,learnable_hard,0.6482204076,0.65,0.3045275509,defect_guard,GapGuard-Raw
RUN_205,TRIAD_069,B04_GapGuard-Raw_B3000,T,1343723075,1879155201,272,Det/images/train/00294022.png,1,05,learnable_hard,0.6714718202,0.64,0.3226965031,defect_guard,GapGuard-Raw
RUN_205,TRIAD_069,B04_GapGuard-Raw_B3000,T,1343723075,1879155201,273,Det/images/train/01224441.png,1,04,learnable_hard,0.6437802873,0.57,0.3178936087,defect_guard,GapGuard-Raw
RUN_205,TRIAD_069,B04_GapGuard-Raw_B3000,T,1343723075,1879155201,274,Det/images/train/01248708.png,1,06,learnable_hard,0.5481057579,0.425,0.2875151289,defect_guard,GapGuard-Raw
RUN_205,TRIAD_069,B04_GapGuard-Raw_B3000,T,1343723075,1879155201,275,Det/images/train/00555382.png,1,07,learnable_hard,0.5799329323,0.55,0.2949324981,defect_guard,GapGuard-Raw
RUN_205,TRIAD_069,B04_GapGuard-Raw_B3000,T,1343723075,1879155201,276,Det/images/train/01067023.png,1,09,learnable_hard,0.6453780749,0.625,0.3129564911,defect_guard,GapGuard-Raw
RUN_205,TRIAD_069,B04_GapGuard-Raw_B3000,T,1343723075,1879155201,277,Det/images/train/00762992.png,1,06,learnable_hard,0.5583779468,0.505,0.3349272252,defect_guard,GapGuard-Raw
RUN_205,TRIAD_069,B04_GapGuard-Raw_B3000,T,1343723075,1879155201,278,Det/images/train/01117138.png,1,07,learnable_hard,0.2266575946,0.235,0.2943721487,defect_guard,GapGuard-Raw
RUN_205,TRIAD_069,B04_GapGuard-Raw_B3000,T,1343723075,1879155201,279,Det/images/train/00740590.png,1,04,learnable_hard,0.7530537346,0.74,0.2893464839,defect_guard,GapGuard-Raw
RUN_205,TRIAD_069,B04_GapGuard-Raw_B3000,T,1343723075,1879155201,280,Det/images/train/01218611.png,1,03,learnable_hard,0.4345108352,0.32,0.2879788532,defect_guard,GapGuard-Raw
RUN_205,TRIAD_069,B04_GapGuard-Raw_B3000,T,1343723075,1879155201,281,Det/images/train/00725997.png,1,03,learnable_hard,0.6144446399,0.58,0.2843472405,defect_guard,GapGuard-Raw
RUN_205,TRIAD_069,B04_GapGuard-Raw_B3000,T,1343723075,1879155201,282,Det/images/train/00544470.png,1,04,learnable_hard,0.6932463353,0.62,0.3240414691,defect_guard,GapGuard-Raw
RUN_205,TRIAD_069,B04_GapGuard-Raw_B3000,T,1343723075,1879155201,283,Det/images/train/01101827.png,1,00,learnable_hard,0.337339527,0.27,0.2893746211,defect_guard,GapGuard-Raw
RUN_205,TRIAD_069,B04_GapGuard-Raw_B3000,T,1343723075,1879155201,284,Det/images/train/01033470.png,1,05,learnable_hard,0.3223445048,0.24,0.2796688114,defect_guard,GapGuard-Raw
RUN_205,TRIAD_069,B04_GapGuard-Raw_B3000,T,1343723075,1879155201,285,Det/images/train/00988281.png,1,07,learnable_hard,0.4893313716,0.38,0.3024198092,defect_guard,GapGuard-Raw
RUN_205,TRIAD_069,B04_GapGuard-Raw_B3000,T,1343723075,1879155201,286,Det/images/train/00258502.png,1,02,learnable_hard,0.4746645847,0.315,0.2942251979,defect_guard,GapGuard-Raw
RUN_205,TRIAD_069,B04_GapGuard-Raw_B3000,T,1343723075,1879155201,287,Det/images/train/01042912.png,1,01,learnable_hard,0.7026618633,0.72,0.3068286977,defect_guard,GapGuard-Raw
RUN_205,TRIAD_069,B04_GapGuard-Raw_B3000,T,1343723075,1879155201,288,Det/images/train/00700065.png,1,09,learnable_hard,0.3924344502,0.345,0.2804567595,defect_guard,GapGuard-Raw
RUN_205,TRIAD_069,B04_GapGuard-Raw_B3000,T,1343723075,1879155201,289,Det/images/train/00722012.png,1,07,learnable_hard,0.5882544792,0.47,0.2854488806,defect_guard,GapGuard-Raw
RUN_205,TRIAD_069,B04_GapGuard-Raw_B3000,T,1343723075,1879155201,290,Det/images/train/01033476.png,1,05,learnable_hard,0.3437801393,0.27,0.2853440327,defect_guard,GapGuard-Raw
RUN_205,TRIAD_069,B04_GapGuard-Raw_B3000,T,1343723075,1879155201,291,Det/images/train/00831553.png,1,00,learnable_hard,0.5170446838,0.445,0.3308119406,defect_guard,GapGuard-Raw
RUN_205,TRIAD_069,B04_GapGuard-Raw_B3000,T,1343723075,1879155201,292,Det/images/train/00304279.png,1,06,learnable_hard,0.5546649135,0.54,0.2960986387,defect_guard,GapGuard-Raw
RUN_205,TRIAD_069,B04_GapGuard-Raw_B3000,T,1343723075,1879155201,293,Det/images/train/00706890.png,1,02,learnable_hard,0.5961445225,0.565,0.3645763514,defect_guard,GapGuard-Raw
RUN_205,TRIAD_069,B04_GapGuard-Raw_B3000,T,1343723075,1879155201,294,Det/images/train/00463811.png,1,09,learnable_hard,0.6832723078,0.62,0.3070664107,defect_guard,GapGuard-Raw
RUN_205,TRIAD_069,B04_GapGuard-Raw_B3000,T,1343723075,1879155201,295,Det/images/train/00446437.png,1,09,learnable_hard,0.6504517401,0.635,0.293641378,defect_guard,GapGuard-Raw
RUN_205,TRIAD_069,B04_GapGuard-Raw_B3000,T,1343723075,1879155201,296,Det/images/train/00424729.png,1,02,learnable_hard,0.5046174738,0.505,0.2983087923,defect_guard,GapGuard-Raw
RUN_205,TRIAD_069,B04_GapGuard-Raw_B3000,T,1343723075,1879155201,297,Det/images/train/00223940.png,1,06,learnable_hard,0.6857957439,0.725,0.2823223357,defect_guard,GapGuard-Raw
RUN_205,TRIAD_069,B04_GapGuard-Raw_B3000,T,1343723075,1879155201,298,Det/images/train/00338994.png,1,00,learnable_hard,0.7351393144,0.73,0.3048135493,defect_guard,GapGuard-Raw
RUN_205,TRIAD_069,B04_GapGuard-Raw_B3000,T,1343723075,1879155201,299,Det/images/train/00852042.png,1,02,learnable_hard,0.3440300743,0.22,0.2945712611,defect_guard,GapGuard-Raw
RUN_205,TRIAD_069,B04_GapGuard-Raw_B3000,T,1343723075,1879155201,300,Det/images/train/01217886.png,1,06,learnable_hard,0.4056606632,0.265,0.2758408781,defect_guard,GapGuard-Raw
