run_slot,triad_id,condition_id,arm,training_seed,selection_seed,rank,sample_id,y_true,oof_fold,dynamic_bucket,mean_p_defect,correct_rate,std_p_defect,replay_role,source_method
RUN_122,TRIAD_041,A14_FoldBalanced-Gap_B3000,R1,1385197443,987373371,1,Det/images/normal_train/00821239.png,0,06,ordinary,0.1740039948,1.0,0.1486200969,normal_replay,FoldBalanced-Gap
RUN_122,TRIAD_041,A14_FoldBalanced-Gap_B3000,R1,1385197443,987373371,2,Det/images/normal_train/01010193.png,0,00,easy_clean,0.0880194893,1.0,0.0808894824,normal_replay,FoldBalanced-Gap
RUN_122,TRIAD_041,A14_FoldBalanced-Gap_B3000,R1,1385197443,987373371,3,Det/images/normal_train/00856139.png,0,08,easy_clean,0.0017536696,1.0,0.0081384937,normal_replay,FoldBalanced-Gap
RUN_122,TRIAD_041,A14_FoldBalanced-Gap_B3000,R1,1385197443,987373371,4,Det/images/normal_train/01196468.png,0,06,easy_clean,0.011691463,1.0,0.0170302991,normal_replay,FoldBalanced-Gap
RUN_122,TRIAD_041,A14_FoldBalanced-Gap_B3000,R1,1385197443,987373371,5,Det/images/normal_train/00532252.png,0,07,easy_clean,0.0002019055,1.0,0.0005468129,normal_replay,FoldBalanced-Gap
RUN_122,TRIAD_041,A14_FoldBalanced-Gap_B3000,R1,1385197443,987373371,6,Det/images/normal_train/00537228.png,0,09,easy_clean,0.0017999491,1.0,0.0023402473,normal_replay,FoldBalanced-Gap
RUN_122,TRIAD_041,A14_FoldBalanced-Gap_B3000,R1,1385197443,987373371,7,Det/images/normal_train/01027405.png,0,08,easy_clean,0.012064761,1.0,0.0425206455,normal_replay,FoldBalanced-Gap
RUN_122,TRIAD_041,A14_FoldBalanced-Gap_B3000,R1,1385197443,987373371,8,Det/images/normal_train/00147652.png,0,08,easy_clean,0.0274238168,1.0,0.0336154159,normal_replay,FoldBalanced-Gap
RUN_122,TRIAD_041,A14_FoldBalanced-Gap_B3000,R1,1385197443,987373371,9,Det/images/normal_train/01242426.png,0,02,easy_clean,0.0001678409,1.0,0.0002705075,normal_replay,FoldBalanced-Gap
RUN_122,TRIAD_041,A14_FoldBalanced-Gap_B3000,R1,1385197443,987373371,10,Det/images/normal_train/01130131.png,0,00,easy_clean,0.0046997608,1.0,0.0055803507,normal_replay,FoldBalanced-Gap
RUN_122,TRIAD_041,A14_FoldBalanced-Gap_B3000,R1,1385197443,987373371,11,Det/images/normal_train/00236895.png,0,03,easy_clean,0.0086393041,1.0,0.0388274878,normal_replay,FoldBalanced-Gap
RUN_122,TRIAD_041,A14_FoldBalanced-Gap_B3000,R1,1385197443,987373371,12,Det/images/normal_train/00458480.png,0,05,easy_clean,0.0032408068,1.0,0.0047735124,normal_replay,FoldBalanced-Gap
RUN_122,TRIAD_041,A14_FoldBalanced-Gap_B3000,R1,1385197443,987373371,13,Det/images/normal_train/00538310.png,0,09,easy_clean,0.0151190251,1.0,0.0220285716,normal_replay,FoldBalanced-Gap
RUN_122,TRIAD_041,A14_FoldBalanced-Gap_B3000,R1,1385197443,987373371,14,Det/images/normal_train/00359406.png,0,05,ordinary,0.1494628859,1.0,0.1354041732,normal_replay,FoldBalanced-Gap
RUN_122,TRIAD_041,A14_FoldBalanced-Gap_B3000,R1,1385197443,987373371,15,Det/images/normal_train/00473187.png,0,06,easy_clean,0.0050702144,1.0,0.0050181643,normal_replay,FoldBalanced-Gap
RUN_122,TRIAD_041,A14_FoldBalanced-Gap_B3000,R1,1385197443,987373371,16,Det/images/normal_train/00963723.png,0,05,easy_clean,0.03610436,1.0,0.0335541114,normal_replay,FoldBalanced-Gap
RUN_122,TRIAD_041,A14_FoldBalanced-Gap_B3000,R1,1385197443,987373371,17,Det/images/normal_train/00897625.png,0,00,easy_clean,0.0098946005,1.0,0.0122300488,normal_replay,FoldBalanced-Gap
RUN_122,TRIAD_041,A14_FoldBalanced-Gap_B3000,R1,1385197443,987373371,18,Det/images/normal_train/01232252.png,0,09,easy_clean,0.0166019987,1.0,0.0433982598,normal_replay,FoldBalanced-Gap
RUN_122,TRIAD_041,A14_FoldBalanced-Gap_B3000,R1,1385197443,987373371,19,Det/images/normal_train/00290096.png,0,00,easy_clean,0.0061867212,1.0,0.0065179119,normal_replay,FoldBalanced-Gap
RUN_122,TRIAD_041,A14_FoldBalanced-Gap_B3000,R1,1385197443,987373371,20,Det/images/normal_train/01209352.png,0,08,easy_clean,0.0296667829,1.0,0.0400705243,normal_replay,FoldBalanced-Gap
RUN_122,TRIAD_041,A14_FoldBalanced-Gap_B3000,R1,1385197443,987373371,21,Det/images/normal_train/00771708.png,0,03,easy_clean,0.0007971954,1.0,0.005830948,normal_replay,FoldBalanced-Gap
RUN_122,TRIAD_041,A14_FoldBalanced-Gap_B3000,R1,1385197443,987373371,22,Det/images/normal_train/00282455.png,0,04,easy_clean,0.0132605218,1.0,0.0271535724,normal_replay,FoldBalanced-Gap
RUN_122,TRIAD_041,A14_FoldBalanced-Gap_B3000,R1,1385197443,987373371,23,Det/images/normal_train/00756262.png,0,05,easy_clean,0.0009106441,1.0,0.0016716317,normal_replay,FoldBalanced-Gap
RUN_122,TRIAD_041,A14_FoldBalanced-Gap_B3000,R1,1385197443,987373371,24,Det/images/normal_train/01043341.png,0,00,learnable_hard,0.1616053089,0.96,0.14115548,normal_replay,FoldBalanced-Gap
RUN_122,TRIAD_041,A14_FoldBalanced-Gap_B3000,R1,1385197443,987373371,25,Det/images/normal_train/01136248.png,0,07,learnable_hard,0.1158912757,0.995,0.0982470948,normal_replay,FoldBalanced-Gap
RUN_122,TRIAD_041,A14_FoldBalanced-Gap_B3000,R1,1385197443,987373371,26,Det/images/normal_train/00756376.png,0,05,easy_clean,0.0004324627,1.0,0.0008333325,normal_replay,FoldBalanced-Gap
RUN_122,TRIAD_041,A14_FoldBalanced-Gap_B3000,R1,1385197443,987373371,27,Det/images/normal_train/00493859.png,0,03,easy_clean,0.0345277702,1.0,0.0322907172,normal_replay,FoldBalanced-Gap
RUN_122,TRIAD_041,A14_FoldBalanced-Gap_B3000,R1,1385197443,987373371,28,Det/images/normal_train/00265781.png,0,05,easy_clean,0.0001509573,1.0,0.0002351798,normal_replay,FoldBalanced-Gap
RUN_122,TRIAD_041,A14_FoldBalanced-Gap_B3000,R1,1385197443,987373371,29,Det/images/normal_train/01186473.png,0,09,learnable_hard,0.2149356869,0.995,0.0578222077,normal_replay,FoldBalanced-Gap
RUN_122,TRIAD_041,A14_FoldBalanced-Gap_B3000,R1,1385197443,987373371,30,Det/images/normal_train/00278806.png,0,00,easy_clean,0.0166412354,1.0,0.0308465708,normal_replay,FoldBalanced-Gap
RUN_122,TRIAD_041,A14_FoldBalanced-Gap_B3000,R1,1385197443,987373371,31,Det/images/normal_train/00932492.png,0,07,learnable_hard,0.3633477918,0.7,0.2244261284,normal_replay,FoldBalanced-Gap
RUN_122,TRIAD_041,A14_FoldBalanced-Gap_B3000,R1,1385197443,987373371,32,Det/images/normal_train/00923587.png,0,08,easy_clean,0.0046218031,1.0,0.0133030553,normal_replay,FoldBalanced-Gap
RUN_122,TRIAD_041,A14_FoldBalanced-Gap_B3000,R1,1385197443,987373371,33,Det/images/normal_train/01063082.png,0,02,easy_clean,0.0211244723,1.0,0.020850731,normal_replay,FoldBalanced-Gap
RUN_122,TRIAD_041,A14_FoldBalanced-Gap_B3000,R1,1385197443,987373371,34,Det/images/normal_train/01085378.png,0,07,easy_clean,0.0698301021,1.0,0.043676149,normal_replay,FoldBalanced-Gap
RUN_122,TRIAD_041,A14_FoldBalanced-Gap_B3000,R1,1385197443,987373371,35,Det/images/normal_train/00900563.png,0,07,easy_clean,0.0438043069,1.0,0.0509676376,normal_replay,FoldBalanced-Gap
RUN_122,TRIAD_041,A14_FoldBalanced-Gap_B3000,R1,1385197443,987373371,36,Det/images/normal_train/00388904.png,0,00,easy_clean,0.0081338244,1.0,0.0120374569,normal_replay,FoldBalanced-Gap
RUN_122,TRIAD_041,A14_FoldBalanced-Gap_B3000,R1,1385197443,987373371,37,Det/images/normal_train/00560258.png,0,01,easy_clean,0.0150637273,1.0,0.0324024444,normal_replay,FoldBalanced-Gap
RUN_122,TRIAD_041,A14_FoldBalanced-Gap_B3000,R1,1385197443,987373371,38,Det/images/normal_train/00778610.png,0,02,easy_clean,0.0002631929,1.0,0.0004511828,normal_replay,FoldBalanced-Gap
RUN_122,TRIAD_041,A14_FoldBalanced-Gap_B3000,R1,1385197443,987373371,39,Det/images/normal_train/00693537.png,0,03,easy_clean,0.00718167,1.0,0.0247378789,normal_replay,FoldBalanced-Gap
RUN_122,TRIAD_041,A14_FoldBalanced-Gap_B3000,R1,1385197443,987373371,40,Det/images/normal_train/01221882.png,0,02,persistent_hard,0.7466298156,0.25,0.2311880536,normal_replay,FoldBalanced-Gap
RUN_122,TRIAD_041,A14_FoldBalanced-Gap_B3000,R1,1385197443,987373371,41,Det/images/normal_train/00225962.png,0,01,easy_clean,0.0070499953,1.0,0.0102929316,normal_replay,FoldBalanced-Gap
RUN_122,TRIAD_041,A14_FoldBalanced-Gap_B3000,R1,1385197443,987373371,42,Det/images/normal_train/00532945.png,0,07,easy_clean,0.0012802109,1.0,0.0024574863,normal_replay,FoldBalanced-Gap
RUN_122,TRIAD_041,A14_FoldBalanced-Gap_B3000,R1,1385197443,987373371,43,Det/images/normal_train/01247972.png,0,02,easy_clean,0.0007414989,1.0,0.0008123783,normal_replay,FoldBalanced-Gap
RUN_122,TRIAD_041,A14_FoldBalanced-Gap_B3000,R1,1385197443,987373371,44,Det/images/normal_train/01117395.png,0,07,easy_clean,0.0178932934,1.0,0.0218826883,normal_replay,FoldBalanced-Gap
RUN_122,TRIAD_041,A14_FoldBalanced-Gap_B3000,R1,1385197443,987373371,45,Det/images/normal_train/00829594.png,0,09,easy_clean,0.0012659086,1.0,0.0020267236,normal_replay,FoldBalanced-Gap
RUN_122,TRIAD_041,A14_FoldBalanced-Gap_B3000,R1,1385197443,987373371,46,Det/images/normal_train/00524758.png,0,02,easy_clean,0.0003515278,1.0,0.0005262224,normal_replay,FoldBalanced-Gap
RUN_122,TRIAD_041,A14_FoldBalanced-Gap_B3000,R1,1385197443,987373371,47,Det/images/normal_train/00476916.png,0,09,easy_clean,0.0059834994,1.0,0.0182306921,normal_replay,FoldBalanced-Gap
RUN_122,TRIAD_041,A14_FoldBalanced-Gap_B3000,R1,1385197443,987373371,48,Det/images/normal_train/00457962.png,0,09,easy_clean,0.0451497924,1.0,0.0384534182,normal_replay,FoldBalanced-Gap
RUN_122,TRIAD_041,A14_FoldBalanced-Gap_B3000,R1,1385197443,987373371,49,Det/images/normal_train/01072478.png,0,03,easy_clean,0.0428269761,1.0,0.0362385105,normal_replay,FoldBalanced-Gap
RUN_122,TRIAD_041,A14_FoldBalanced-Gap_B3000,R1,1385197443,987373371,50,Det/images/normal_train/00205196.png,0,08,learnable_hard,0.2056167547,0.89,0.2029623097,normal_replay,FoldBalanced-Gap
RUN_122,TRIAD_041,A14_FoldBalanced-Gap_B3000,R1,1385197443,987373371,51,Det/images/normal_train/01283536.png,0,06,learnable_hard,0.1054051877,0.995,0.1307265842,normal_replay,FoldBalanced-Gap
RUN_122,TRIAD_041,A14_FoldBalanced-Gap_B3000,R1,1385197443,987373371,52,Det/images/normal_train/00506947.png,0,09,learnable_hard,0.4315946166,0.58,0.1664906233,normal_replay,FoldBalanced-Gap
RUN_122,TRIAD_041,A14_FoldBalanced-Gap_B3000,R1,1385197443,987373371,53,Det/images/normal_train/00938908.png,0,08,easy_clean,0.0331321202,1.0,0.0350111009,normal_replay,FoldBalanced-Gap
RUN_122,TRIAD_041,A14_FoldBalanced-Gap_B3000,R1,1385197443,987373371,54,Det/images/normal_train/00245574.png,0,08,easy_clean,0.0007397006,1.0,0.0011516325,normal_replay,FoldBalanced-Gap
RUN_122,TRIAD_041,A14_FoldBalanced-Gap_B3000,R1,1385197443,987373371,55,Det/images/normal_train/00272529.png,0,00,easy_clean,0.0678211235,1.0,0.057061947,normal_replay,FoldBalanced-Gap
RUN_122,TRIAD_041,A14_FoldBalanced-Gap_B3000,R1,1385197443,987373371,56,Det/images/normal_train/00975808.png,0,02,easy_clean,0.0274485148,1.0,0.018644713,normal_replay,FoldBalanced-Gap
RUN_122,TRIAD_041,A14_FoldBalanced-Gap_B3000,R1,1385197443,987373371,57,Det/images/normal_train/01294043.png,0,05,ordinary,0.1748748169,1.0,0.0788842844,normal_replay,FoldBalanced-Gap
RUN_122,TRIAD_041,A14_FoldBalanced-Gap_B3000,R1,1385197443,987373371,58,Det/images/normal_train/01188601.png,0,01,easy_clean,0.0553381388,1.0,0.0435991502,normal_replay,FoldBalanced-Gap
RUN_122,TRIAD_041,A14_FoldBalanced-Gap_B3000,R1,1385197443,987373371,59,Det/images/normal_train/01141110.png,0,08,easy_clean,0.00165416,1.0,0.0023249475,normal_replay,FoldBalanced-Gap
RUN_122,TRIAD_041,A14_FoldBalanced-Gap_B3000,R1,1385197443,987373371,60,Det/images/normal_train/01040718.png,0,06,easy_clean,0.0834936491,1.0,0.0882239542,normal_replay,FoldBalanced-Gap
RUN_122,TRIAD_041,A14_FoldBalanced-Gap_B3000,R1,1385197443,987373371,61,Det/images/normal_train/01221449.png,0,02,easy_clean,0.0118395698,1.0,0.0234904888,normal_replay,FoldBalanced-Gap
RUN_122,TRIAD_041,A14_FoldBalanced-Gap_B3000,R1,1385197443,987373371,62,Det/images/normal_train/00835699.png,0,02,easy_clean,0.0081073117,1.0,0.0101706488,normal_replay,FoldBalanced-Gap
RUN_122,TRIAD_041,A14_FoldBalanced-Gap_B3000,R1,1385197443,987373371,63,Det/images/normal_train/01154449.png,0,01,easy_clean,0.0024961104,1.0,0.0040649403,normal_replay,FoldBalanced-Gap
RUN_122,TRIAD_041,A14_FoldBalanced-Gap_B3000,R1,1385197443,987373371,64,Det/images/normal_train/01173782.png,0,01,easy_clean,0.0022878553,1.0,0.00329037,normal_replay,FoldBalanced-Gap
RUN_122,TRIAD_041,A14_FoldBalanced-Gap_B3000,R1,1385197443,987373371,65,Det/images/normal_train/00339239.png,0,09,easy_clean,0.0315719848,1.0,0.0432901658,normal_replay,FoldBalanced-Gap
RUN_122,TRIAD_041,A14_FoldBalanced-Gap_B3000,R1,1385197443,987373371,66,Det/images/normal_train/01231220.png,0,09,easy_clean,0.0022014608,1.0,0.0057234206,normal_replay,FoldBalanced-Gap
RUN_122,TRIAD_041,A14_FoldBalanced-Gap_B3000,R1,1385197443,987373371,67,Det/images/normal_train/01186900.png,0,09,unstable_boundary,0.5688336763,0.34,0.1087185933,normal_replay,FoldBalanced-Gap
RUN_122,TRIAD_041,A14_FoldBalanced-Gap_B3000,R1,1385197443,987373371,68,Det/images/normal_train/00257163.png,0,09,easy_clean,0.0040816268,1.0,0.0061684653,normal_replay,FoldBalanced-Gap
RUN_122,TRIAD_041,A14_FoldBalanced-Gap_B3000,R1,1385197443,987373371,69,Det/images/normal_train/00557217.png,0,01,easy_clean,0.0026209502,1.0,0.0170070292,normal_replay,FoldBalanced-Gap
RUN_122,TRIAD_041,A14_FoldBalanced-Gap_B3000,R1,1385197443,987373371,70,Det/images/normal_train/00906401.png,0,05,easy_clean,0.0062914806,1.0,0.005003695,normal_replay,FoldBalanced-Gap
RUN_122,TRIAD_041,A14_FoldBalanced-Gap_B3000,R1,1385197443,987373371,71,Det/images/normal_train/00758114.png,0,04,easy_clean,0.0047293711,1.0,0.0177029695,normal_replay,FoldBalanced-Gap
RUN_122,TRIAD_041,A14_FoldBalanced-Gap_B3000,R1,1385197443,987373371,72,Det/images/normal_train/00812764.png,0,00,easy_clean,0.0055101813,1.0,0.0069442716,normal_replay,FoldBalanced-Gap
RUN_122,TRIAD_041,A14_FoldBalanced-Gap_B3000,R1,1385197443,987373371,73,Det/images/normal_train/00738583.png,0,02,easy_clean,0.0799687586,1.0,0.0727077746,normal_replay,FoldBalanced-Gap
RUN_122,TRIAD_041,A14_FoldBalanced-Gap_B3000,R1,1385197443,987373371,74,Det/images/normal_train/00545852.png,0,07,easy_clean,0.0046665821,1.0,0.0108523266,normal_replay,FoldBalanced-Gap
RUN_122,TRIAD_041,A14_FoldBalanced-Gap_B3000,R1,1385197443,987373371,75,Det/images/normal_train/00409018.png,0,06,easy_clean,0.0125940426,1.0,0.035474908,normal_replay,FoldBalanced-Gap
RUN_122,TRIAD_041,A14_FoldBalanced-Gap_B3000,R1,1385197443,987373371,76,Det/images/normal_train/01056779.png,0,08,easy_clean,0.014415959,1.0,0.0272849717,normal_replay,FoldBalanced-Gap
RUN_122,TRIAD_041,A14_FoldBalanced-Gap_B3000,R1,1385197443,987373371,77,Det/images/normal_train/00971418.png,0,02,easy_clean,0.0026439423,1.0,0.0038818117,normal_replay,FoldBalanced-Gap
RUN_122,TRIAD_041,A14_FoldBalanced-Gap_B3000,R1,1385197443,987373371,78,Det/images/normal_train/00168837.png,0,07,easy_clean,0.0348082547,0.99,0.0673794421,normal_replay,FoldBalanced-Gap
RUN_122,TRIAD_041,A14_FoldBalanced-Gap_B3000,R1,1385197443,987373371,79,Det/images/normal_train/00480371.png,0,07,easy_clean,0.0001552458,1.0,0.0007176005,normal_replay,FoldBalanced-Gap
RUN_122,TRIAD_041,A14_FoldBalanced-Gap_B3000,R1,1385197443,987373371,80,Det/images/normal_train/00480351.png,0,07,easy_clean,0.0001914402,1.0,0.0002862831,normal_replay,FoldBalanced-Gap
RUN_122,TRIAD_041,A14_FoldBalanced-Gap_B3000,R1,1385197443,987373371,81,Det/images/normal_train/00320859.png,0,01,learnable_hard,0.0772230185,0.98,0.1205019216,normal_replay,FoldBalanced-Gap
RUN_122,TRIAD_041,A14_FoldBalanced-Gap_B3000,R1,1385197443,987373371,82,Det/images/normal_train/00443172.png,0,00,easy_clean,0.0071515459,1.0,0.0084720275,normal_replay,FoldBalanced-Gap
RUN_122,TRIAD_041,A14_FoldBalanced-Gap_B3000,R1,1385197443,987373371,83,Det/images/normal_train/00704955.png,0,06,easy_clean,0.0317007759,1.0,0.037356118,normal_replay,FoldBalanced-Gap
RUN_122,TRIAD_041,A14_FoldBalanced-Gap_B3000,R1,1385197443,987373371,84,Det/images/normal_train/00793040.png,0,05,easy_clean,0.0008213084,1.0,0.0015362033,normal_replay,FoldBalanced-Gap
RUN_122,TRIAD_041,A14_FoldBalanced-Gap_B3000,R1,1385197443,987373371,85,Det/images/normal_train/00354621.png,0,00,easy_clean,0.0076904807,1.0,0.0053347975,normal_replay,FoldBalanced-Gap
RUN_122,TRIAD_041,A14_FoldBalanced-Gap_B3000,R1,1385197443,987373371,86,Det/images/normal_train/00919083.png,0,04,learnable_hard,0.2904050042,0.945,0.153035455,normal_replay,FoldBalanced-Gap
RUN_122,TRIAD_041,A14_FoldBalanced-Gap_B3000,R1,1385197443,987373371,87,Det/images/normal_train/00303160.png,0,09,easy_clean,0.0239667757,0.99,0.0687602691,normal_replay,FoldBalanced-Gap
RUN_122,TRIAD_041,A14_FoldBalanced-Gap_B3000,R1,1385197443,987373371,88,Det/images/normal_train/00569552.png,0,02,easy_clean,0.012908642,1.0,0.0119267498,normal_replay,FoldBalanced-Gap
RUN_122,TRIAD_041,A14_FoldBalanced-Gap_B3000,R1,1385197443,987373371,89,Det/images/normal_train/01275976.png,0,06,learnable_hard,0.1386521712,0.995,0.1022757852,normal_replay,FoldBalanced-Gap
RUN_122,TRIAD_041,A14_FoldBalanced-Gap_B3000,R1,1385197443,987373371,90,Det/images/normal_train/00935542.png,0,09,easy_clean,0.0377507819,1.0,0.0416527894,normal_replay,FoldBalanced-Gap
RUN_122,TRIAD_041,A14_FoldBalanced-Gap_B3000,R1,1385197443,987373371,91,Det/images/normal_train/00517596.png,0,08,easy_clean,0.0012418593,1.0,0.0022494145,normal_replay,FoldBalanced-Gap
RUN_122,TRIAD_041,A14_FoldBalanced-Gap_B3000,R1,1385197443,987373371,92,Det/images/normal_train/01201805.png,0,00,easy_clean,0.0234933838,1.0,0.0232548074,normal_replay,FoldBalanced-Gap
RUN_122,TRIAD_041,A14_FoldBalanced-Gap_B3000,R1,1385197443,987373371,93,Det/images/normal_train/01033682.png,0,05,unstable_boundary,0.6169555346,0.195,0.1386423043,normal_replay,FoldBalanced-Gap
RUN_122,TRIAD_041,A14_FoldBalanced-Gap_B3000,R1,1385197443,987373371,94,Det/images/normal_train/01282290.png,0,02,learnable_hard,0.1346431308,0.995,0.0839290773,normal_replay,FoldBalanced-Gap
RUN_122,TRIAD_041,A14_FoldBalanced-Gap_B3000,R1,1385197443,987373371,95,Det/images/normal_train/00745754.png,0,03,easy_clean,0.0582396868,1.0,0.0385583867,normal_replay,FoldBalanced-Gap
RUN_122,TRIAD_041,A14_FoldBalanced-Gap_B3000,R1,1385197443,987373371,96,Det/images/normal_train/00787406.png,0,09,easy_clean,0.0128326966,1.0,0.0153770538,normal_replay,FoldBalanced-Gap
RUN_122,TRIAD_041,A14_FoldBalanced-Gap_B3000,R1,1385197443,987373371,97,Det/images/normal_train/01086876.png,0,04,learnable_hard,0.1893732313,0.995,0.1335766287,normal_replay,FoldBalanced-Gap
RUN_122,TRIAD_041,A14_FoldBalanced-Gap_B3000,R1,1385197443,987373371,98,Det/images/normal_train/00559123.png,0,03,easy_clean,0.0047310634,1.0,0.0129927796,normal_replay,FoldBalanced-Gap
RUN_122,TRIAD_041,A14_FoldBalanced-Gap_B3000,R1,1385197443,987373371,99,Det/images/normal_train/00574547.png,0,03,easy_clean,0.0045465366,1.0,0.0092746346,normal_replay,FoldBalanced-Gap
RUN_122,TRIAD_041,A14_FoldBalanced-Gap_B3000,R1,1385197443,987373371,100,Det/images/normal_train/00414124.png,0,05,learnable_hard,0.1388192723,0.995,0.1017179013,normal_replay,FoldBalanced-Gap
RUN_122,TRIAD_041,A14_FoldBalanced-Gap_B3000,R1,1385197443,987373371,101,Det/images/normal_train/01202527.png,0,08,learnable_hard,0.1939924371,0.995,0.1010534898,normal_replay,FoldBalanced-Gap
RUN_122,TRIAD_041,A14_FoldBalanced-Gap_B3000,R1,1385197443,987373371,102,Det/images/normal_train/00578890.png,0,03,easy_clean,0.0003998702,1.0,0.0021831914,normal_replay,FoldBalanced-Gap
RUN_122,TRIAD_041,A14_FoldBalanced-Gap_B3000,R1,1385197443,987373371,103,Det/images/normal_train/00462454.png,0,03,easy_clean,0.0129022359,1.0,0.0169028051,normal_replay,FoldBalanced-Gap
RUN_122,TRIAD_041,A14_FoldBalanced-Gap_B3000,R1,1385197443,987373371,104,Det/images/normal_train/00887333.png,0,01,easy_clean,0.0241265116,1.0,0.0240090017,normal_replay,FoldBalanced-Gap
RUN_122,TRIAD_041,A14_FoldBalanced-Gap_B3000,R1,1385197443,987373371,105,Det/images/normal_train/00706439.png,0,02,easy_clean,0.0062315271,1.0,0.0232747647,normal_replay,FoldBalanced-Gap
RUN_122,TRIAD_041,A14_FoldBalanced-Gap_B3000,R1,1385197443,987373371,106,Det/images/normal_train/00709487.png,0,07,easy_clean,0.0019835923,1.0,0.0039085848,normal_replay,FoldBalanced-Gap
RUN_122,TRIAD_041,A14_FoldBalanced-Gap_B3000,R1,1385197443,987373371,107,Det/images/normal_train/00880127.png,0,07,easy_clean,0.0048838463,1.0,0.0060489144,normal_replay,FoldBalanced-Gap
RUN_122,TRIAD_041,A14_FoldBalanced-Gap_B3000,R1,1385197443,987373371,108,Det/images/normal_train/01139852.png,0,05,learnable_hard,0.3924287926,0.57,0.2021487649,normal_replay,FoldBalanced-Gap
RUN_122,TRIAD_041,A14_FoldBalanced-Gap_B3000,R1,1385197443,987373371,109,Det/images/normal_train/01277545.png,0,07,learnable_hard,0.2035809669,0.99,0.086003601,normal_replay,FoldBalanced-Gap
RUN_122,TRIAD_041,A14_FoldBalanced-Gap_B3000,R1,1385197443,987373371,110,Det/images/normal_train/00966229.png,0,07,easy_clean,0.0825662352,1.0,0.0451321138,normal_replay,FoldBalanced-Gap
RUN_122,TRIAD_041,A14_FoldBalanced-Gap_B3000,R1,1385197443,987373371,111,Det/images/normal_train/00290953.png,0,00,ordinary,0.0955149586,1.0,0.0875807248,normal_replay,FoldBalanced-Gap
RUN_122,TRIAD_041,A14_FoldBalanced-Gap_B3000,R1,1385197443,987373371,112,Det/images/normal_train/00315779.png,0,03,easy_clean,0.0044785458,1.0,0.0070540189,normal_replay,FoldBalanced-Gap
RUN_122,TRIAD_041,A14_FoldBalanced-Gap_B3000,R1,1385197443,987373371,113,Det/images/normal_train/01298971.png,0,00,easy_clean,0.0005460102,1.0,0.0006494213,normal_replay,FoldBalanced-Gap
RUN_122,TRIAD_041,A14_FoldBalanced-Gap_B3000,R1,1385197443,987373371,114,Det/images/normal_train/00187736.png,0,03,easy_clean,0.0013036728,1.0,0.0029158281,normal_replay,FoldBalanced-Gap
RUN_122,TRIAD_041,A14_FoldBalanced-Gap_B3000,R1,1385197443,987373371,115,Det/images/normal_train/00821121.png,0,06,easy_clean,0.0012521649,1.0,0.0016109434,normal_replay,FoldBalanced-Gap
RUN_122,TRIAD_041,A14_FoldBalanced-Gap_B3000,R1,1385197443,987373371,116,Det/images/normal_train/00625471.png,0,08,easy_clean,0.0065564778,1.0,0.0070151909,normal_replay,FoldBalanced-Gap
RUN_122,TRIAD_041,A14_FoldBalanced-Gap_B3000,R1,1385197443,987373371,117,Det/images/normal_train/01083931.png,0,04,persistent_hard,0.6311819788,0.33,0.1974003734,normal_replay,FoldBalanced-Gap
RUN_122,TRIAD_041,A14_FoldBalanced-Gap_B3000,R1,1385197443,987373371,118,Det/images/normal_train/00613543.png,0,06,easy_clean,0.0024623841,1.0,0.0035219759,normal_replay,FoldBalanced-Gap
RUN_122,TRIAD_041,A14_FoldBalanced-Gap_B3000,R1,1385197443,987373371,119,Det/images/normal_train/01292605.png,0,07,easy_clean,0.0483343743,1.0,0.0580468736,normal_replay,FoldBalanced-Gap
RUN_122,TRIAD_041,A14_FoldBalanced-Gap_B3000,R1,1385197443,987373371,120,Det/images/normal_train/00921171.png,0,02,easy_clean,0.0012409394,1.0,0.0050985397,normal_replay,FoldBalanced-Gap
RUN_122,TRIAD_041,A14_FoldBalanced-Gap_B3000,R1,1385197443,987373371,121,Det/images/normal_train/00358125.png,0,04,easy_clean,0.0007449607,1.0,0.0009833009,normal_replay,FoldBalanced-Gap
RUN_122,TRIAD_041,A14_FoldBalanced-Gap_B3000,R1,1385197443,987373371,122,Det/images/normal_train/00868320.png,0,09,easy_clean,0.0125304408,1.0,0.0225565713,normal_replay,FoldBalanced-Gap
RUN_122,TRIAD_041,A14_FoldBalanced-Gap_B3000,R1,1385197443,987373371,123,Det/images/normal_train/01265458.png,0,08,easy_clean,0.0857872741,1.0,0.0563969626,normal_replay,FoldBalanced-Gap
RUN_122,TRIAD_041,A14_FoldBalanced-Gap_B3000,R1,1385197443,987373371,124,Det/images/normal_train/00881229.png,0,08,easy_clean,0.0034647321,1.0,0.012143676,normal_replay,FoldBalanced-Gap
RUN_122,TRIAD_041,A14_FoldBalanced-Gap_B3000,R1,1385197443,987373371,125,Det/images/normal_train/00493462.png,0,03,easy_clean,0.0009107323,1.0,0.0031076257,normal_replay,FoldBalanced-Gap
RUN_122,TRIAD_041,A14_FoldBalanced-Gap_B3000,R1,1385197443,987373371,126,Det/images/normal_train/00704240.png,0,06,easy_clean,0.0133773731,1.0,0.0128988405,normal_replay,FoldBalanced-Gap
RUN_122,TRIAD_041,A14_FoldBalanced-Gap_B3000,R1,1385197443,987373371,127,Det/images/normal_train/00609682.png,0,08,easy_clean,0.0195601948,1.0,0.0544636971,normal_replay,FoldBalanced-Gap
RUN_122,TRIAD_041,A14_FoldBalanced-Gap_B3000,R1,1385197443,987373371,128,Det/images/normal_train/00370905.png,0,06,easy_clean,0.0022838148,1.0,0.0026510954,normal_replay,FoldBalanced-Gap
RUN_122,TRIAD_041,A14_FoldBalanced-Gap_B3000,R1,1385197443,987373371,129,Det/images/normal_train/00314174.png,0,05,easy_clean,0.0055657353,1.0,0.0073103714,normal_replay,FoldBalanced-Gap
RUN_122,TRIAD_041,A14_FoldBalanced-Gap_B3000,R1,1385197443,987373371,130,Det/images/normal_train/00532242.png,0,07,easy_clean,0.0228723407,1.0,0.0261935824,normal_replay,FoldBalanced-Gap
RUN_122,TRIAD_041,A14_FoldBalanced-Gap_B3000,R1,1385197443,987373371,131,Det/images/normal_train/00210243.png,0,00,easy_clean,0.0121244119,1.0,0.0139785508,normal_replay,FoldBalanced-Gap
RUN_122,TRIAD_041,A14_FoldBalanced-Gap_B3000,R1,1385197443,987373371,132,Det/images/normal_train/00212206.png,0,05,easy_clean,0.0107404213,1.0,0.0141998729,normal_replay,FoldBalanced-Gap
RUN_122,TRIAD_041,A14_FoldBalanced-Gap_B3000,R1,1385197443,987373371,133,Det/images/normal_train/00233654.png,0,03,easy_clean,0.0028713759,1.0,0.0117413945,normal_replay,FoldBalanced-Gap
RUN_122,TRIAD_041,A14_FoldBalanced-Gap_B3000,R1,1385197443,987373371,134,Det/images/normal_train/00706928.png,0,02,easy_clean,0.0010932239,1.0,0.00303506,normal_replay,FoldBalanced-Gap
RUN_122,TRIAD_041,A14_FoldBalanced-Gap_B3000,R1,1385197443,987373371,135,Det/images/normal_train/00493316.png,0,03,easy_clean,0.0005150687,1.0,0.0016290136,normal_replay,FoldBalanced-Gap
RUN_122,TRIAD_041,A14_FoldBalanced-Gap_B3000,R1,1385197443,987373371,136,Det/images/normal_train/00630571.png,0,03,learnable_hard,0.0476625901,0.995,0.072515136,normal_replay,FoldBalanced-Gap
RUN_122,TRIAD_041,A14_FoldBalanced-Gap_B3000,R1,1385197443,987373371,137,Det/images/normal_train/01212903.png,0,02,easy_clean,0.0074026351,1.0,0.013350418,normal_replay,FoldBalanced-Gap
RUN_122,TRIAD_041,A14_FoldBalanced-Gap_B3000,R1,1385197443,987373371,138,Det/images/normal_train/01080447.png,0,03,easy_clean,0.0386642262,1.0,0.0626328486,normal_replay,FoldBalanced-Gap
RUN_122,TRIAD_041,A14_FoldBalanced-Gap_B3000,R1,1385197443,987373371,139,Det/images/normal_train/01014527.png,0,04,easy_clean,0.0019103573,1.0,0.0023763577,normal_replay,FoldBalanced-Gap
RUN_122,TRIAD_041,A14_FoldBalanced-Gap_B3000,R1,1385197443,987373371,140,Det/images/normal_train/00913521.png,0,07,easy_clean,0.0242918019,1.0,0.0448964452,normal_replay,FoldBalanced-Gap
RUN_122,TRIAD_041,A14_FoldBalanced-Gap_B3000,R1,1385197443,987373371,141,Det/images/normal_train/01149296.png,0,05,easy_clean,0.0015701092,1.0,0.0019015746,normal_replay,FoldBalanced-Gap
RUN_122,TRIAD_041,A14_FoldBalanced-Gap_B3000,R1,1385197443,987373371,142,Det/images/normal_train/01012628.png,0,00,ordinary,0.1234063299,1.0,0.1153670415,normal_replay,FoldBalanced-Gap
RUN_122,TRIAD_041,A14_FoldBalanced-Gap_B3000,R1,1385197443,987373371,143,Det/images/normal_train/00703870.png,0,01,easy_clean,0.026852724,1.0,0.0321575142,normal_replay,FoldBalanced-Gap
RUN_122,TRIAD_041,A14_FoldBalanced-Gap_B3000,R1,1385197443,987373371,144,Det/images/normal_train/00611893.png,0,01,easy_clean,0.0025723257,1.0,0.0090786367,normal_replay,FoldBalanced-Gap
RUN_122,TRIAD_041,A14_FoldBalanced-Gap_B3000,R1,1385197443,987373371,145,Det/images/normal_train/00272960.png,0,00,easy_clean,0.0484262093,1.0,0.0466366994,normal_replay,FoldBalanced-Gap
RUN_122,TRIAD_041,A14_FoldBalanced-Gap_B3000,R1,1385197443,987373371,146,Det/images/normal_train/00504703.png,0,03,learnable_hard,0.0630403281,0.985,0.1067295904,normal_replay,FoldBalanced-Gap
RUN_122,TRIAD_041,A14_FoldBalanced-Gap_B3000,R1,1385197443,987373371,147,Det/images/normal_train/00617654.png,0,05,easy_clean,0.011756943,1.0,0.0118468034,normal_replay,FoldBalanced-Gap
RUN_122,TRIAD_041,A14_FoldBalanced-Gap_B3000,R1,1385197443,987373371,148,Det/images/normal_train/00255835.png,0,08,easy_clean,0.0395679397,1.0,0.0406140189,normal_replay,FoldBalanced-Gap
RUN_122,TRIAD_041,A14_FoldBalanced-Gap_B3000,R1,1385197443,987373371,149,Det/images/normal_train/00179253.png,0,00,easy_clean,0.0919444896,1.0,0.0627865033,normal_replay,FoldBalanced-Gap
RUN_122,TRIAD_041,A14_FoldBalanced-Gap_B3000,R1,1385197443,987373371,150,Det/images/normal_train/00976945.png,0,04,easy_clean,0.0058159924,1.0,0.0064173477,normal_replay,FoldBalanced-Gap
RUN_122,TRIAD_041,A14_FoldBalanced-Gap_B3000,R1,1385197443,987373371,151,Det/images/normal_train/00864881.png,0,07,easy_clean,0.0026472753,1.0,0.0048513576,normal_replay,FoldBalanced-Gap
RUN_122,TRIAD_041,A14_FoldBalanced-Gap_B3000,R1,1385197443,987373371,152,Det/images/normal_train/00222662.png,0,00,easy_clean,0.008382968,1.0,0.0187010802,normal_replay,FoldBalanced-Gap
RUN_122,TRIAD_041,A14_FoldBalanced-Gap_B3000,R1,1385197443,987373371,153,Det/images/normal_train/00823593.png,0,02,easy_clean,0.0001202834,1.0,0.0004253808,normal_replay,FoldBalanced-Gap
RUN_122,TRIAD_041,A14_FoldBalanced-Gap_B3000,R1,1385197443,987373371,154,Det/images/normal_train/00581929.png,0,02,easy_clean,0.0011440631,1.0,0.0020678148,normal_replay,FoldBalanced-Gap
RUN_122,TRIAD_041,A14_FoldBalanced-Gap_B3000,R1,1385197443,987373371,155,Det/images/normal_train/00595019.png,0,01,easy_clean,0.0008180854,1.0,0.0040009036,normal_replay,FoldBalanced-Gap
RUN_122,TRIAD_041,A14_FoldBalanced-Gap_B3000,R1,1385197443,987373371,156,Det/images/normal_train/01124139.png,0,08,easy_clean,0.0649497302,1.0,0.0687085533,normal_replay,FoldBalanced-Gap
RUN_122,TRIAD_041,A14_FoldBalanced-Gap_B3000,R1,1385197443,987373371,157,Det/images/normal_train/00668125.png,0,04,easy_clean,0.0037180301,1.0,0.0124860169,normal_replay,FoldBalanced-Gap
RUN_122,TRIAD_041,A14_FoldBalanced-Gap_B3000,R1,1385197443,987373371,158,Det/images/normal_train/00290699.png,0,00,easy_clean,0.0070860995,1.0,0.0077027484,normal_replay,FoldBalanced-Gap
RUN_122,TRIAD_041,A14_FoldBalanced-Gap_B3000,R1,1385197443,987373371,159,Det/images/normal_train/00783924.png,0,01,easy_clean,0.0905988799,1.0,0.0412620422,normal_replay,FoldBalanced-Gap
RUN_122,TRIAD_041,A14_FoldBalanced-Gap_B3000,R1,1385197443,987373371,160,Det/images/normal_train/00823695.png,0,02,learnable_hard,0.0136590462,0.995,0.0411973995,normal_replay,FoldBalanced-Gap
RUN_122,TRIAD_041,A14_FoldBalanced-Gap_B3000,R1,1385197443,987373371,161,Det/images/normal_train/00527733.png,0,07,easy_clean,0.0003660482,1.0,0.0004168405,normal_replay,FoldBalanced-Gap
RUN_122,TRIAD_041,A14_FoldBalanced-Gap_B3000,R1,1385197443,987373371,162,Det/images/normal_train/01184525.png,0,04,ordinary,0.1748048366,0.9,0.2279113915,normal_replay,FoldBalanced-Gap
RUN_122,TRIAD_041,A14_FoldBalanced-Gap_B3000,R1,1385197443,987373371,163,Det/images/normal_train/00811713.png,0,02,easy_clean,0.0028010731,1.0,0.0027844626,normal_replay,FoldBalanced-Gap
RUN_122,TRIAD_041,A14_FoldBalanced-Gap_B3000,R1,1385197443,987373371,164,Det/images/normal_train/00564901.png,0,04,easy_clean,0.0007381695,1.0,0.0010457726,normal_replay,FoldBalanced-Gap
RUN_122,TRIAD_041,A14_FoldBalanced-Gap_B3000,R1,1385197443,987373371,165,Det/images/normal_train/00540355.png,0,05,easy_clean,0.0141272148,1.0,0.015962001,normal_replay,FoldBalanced-Gap
RUN_122,TRIAD_041,A14_FoldBalanced-Gap_B3000,R1,1385197443,987373371,166,Det/images/normal_train/00995263.png,0,05,easy_clean,0.0021260666,1.0,0.0023857568,normal_replay,FoldBalanced-Gap
RUN_122,TRIAD_041,A14_FoldBalanced-Gap_B3000,R1,1385197443,987373371,167,Det/images/normal_train/00470972.png,0,03,learnable_hard,0.1225502833,0.995,0.0648579405,normal_replay,FoldBalanced-Gap
RUN_122,TRIAD_041,A14_FoldBalanced-Gap_B3000,R1,1385197443,987373371,168,Det/images/normal_train/01220074.png,0,01,easy_clean,0.0291279593,1.0,0.0350868259,normal_replay,FoldBalanced-Gap
RUN_122,TRIAD_041,A14_FoldBalanced-Gap_B3000,R1,1385197443,987373371,169,Det/images/normal_train/00331790.png,0,02,learnable_hard,0.006637575,0.995,0.045833636,normal_replay,FoldBalanced-Gap
RUN_122,TRIAD_041,A14_FoldBalanced-Gap_B3000,R1,1385197443,987373371,170,Det/images/normal_train/00536665.png,0,02,persistent_hard,0.6679298282,0.025,0.0972973654,normal_replay,FoldBalanced-Gap
RUN_122,TRIAD_041,A14_FoldBalanced-Gap_B3000,R1,1385197443,987373371,171,Det/images/normal_train/01093289.png,0,04,ordinary,0.3030158011,0.745,0.280198189,normal_replay,FoldBalanced-Gap
RUN_122,TRIAD_041,A14_FoldBalanced-Gap_B3000,R1,1385197443,987373371,172,Det/images/normal_train/01143665.png,0,08,easy_clean,0.0018239268,1.0,0.0020811642,normal_replay,FoldBalanced-Gap
RUN_122,TRIAD_041,A14_FoldBalanced-Gap_B3000,R1,1385197443,987373371,173,Det/images/normal_train/00857392.png,0,01,easy_clean,0.0021170333,1.0,0.0033666297,normal_replay,FoldBalanced-Gap
RUN_122,TRIAD_041,A14_FoldBalanced-Gap_B3000,R1,1385197443,987373371,174,Det/images/normal_train/00365143.png,0,00,easy_clean,0.0007122679,1.0,0.0010492612,normal_replay,FoldBalanced-Gap
RUN_122,TRIAD_041,A14_FoldBalanced-Gap_B3000,R1,1385197443,987373371,175,Det/images/normal_train/00794173.png,0,08,easy_clean,0.0002659791,1.0,0.0004349611,normal_replay,FoldBalanced-Gap
RUN_122,TRIAD_041,A14_FoldBalanced-Gap_B3000,R1,1385197443,987373371,176,Det/images/normal_train/00261766.png,0,00,easy_clean,0.0010276965,1.0,0.0015516591,normal_replay,FoldBalanced-Gap
RUN_122,TRIAD_041,A14_FoldBalanced-Gap_B3000,R1,1385197443,987373371,177,Det/images/normal_train/01014141.png,0,04,easy_clean,0.0062823516,1.0,0.0075067802,normal_replay,FoldBalanced-Gap
RUN_122,TRIAD_041,A14_FoldBalanced-Gap_B3000,R1,1385197443,987373371,178,Det/images/normal_train/00627495.png,0,03,easy_clean,0.0099515364,1.0,0.0261149448,normal_replay,FoldBalanced-Gap
RUN_122,TRIAD_041,A14_FoldBalanced-Gap_B3000,R1,1385197443,987373371,179,Det/images/normal_train/01131999.png,0,01,easy_clean,0.0329775238,1.0,0.0211228819,normal_replay,FoldBalanced-Gap
RUN_122,TRIAD_041,A14_FoldBalanced-Gap_B3000,R1,1385197443,987373371,180,Det/images/normal_train/01123582.png,0,06,easy_clean,0.0036212055,1.0,0.0046981523,normal_replay,FoldBalanced-Gap
RUN_122,TRIAD_041,A14_FoldBalanced-Gap_B3000,R1,1385197443,987373371,181,Det/images/normal_train/01226393.png,0,00,easy_clean,0.0267468405,1.0,0.0345833404,normal_replay,FoldBalanced-Gap
RUN_122,TRIAD_041,A14_FoldBalanced-Gap_B3000,R1,1385197443,987373371,182,Det/images/normal_train/01113383.png,0,07,learnable_hard,0.2103911806,0.97,0.139145999,normal_replay,FoldBalanced-Gap
RUN_122,TRIAD_041,A14_FoldBalanced-Gap_B3000,R1,1385197443,987373371,183,Det/images/normal_train/00973510.png,0,05,easy_clean,0.0012213398,1.0,0.0018799966,normal_replay,FoldBalanced-Gap
RUN_122,TRIAD_041,A14_FoldBalanced-Gap_B3000,R1,1385197443,987373371,184,Det/images/normal_train/00314613.png,0,05,learnable_hard,0.2095176856,0.975,0.1301924535,normal_replay,FoldBalanced-Gap
RUN_122,TRIAD_041,A14_FoldBalanced-Gap_B3000,R1,1385197443,987373371,185,Det/images/normal_train/00254647.png,0,03,easy_clean,0.0196306531,1.0,0.0297564124,normal_replay,FoldBalanced-Gap
RUN_122,TRIAD_041,A14_FoldBalanced-Gap_B3000,R1,1385197443,987373371,186,Det/images/normal_train/00522040.png,0,07,easy_clean,0.0055022167,1.0,0.0132100718,normal_replay,FoldBalanced-Gap
RUN_122,TRIAD_041,A14_FoldBalanced-Gap_B3000,R1,1385197443,987373371,187,Det/images/normal_train/00251840.png,0,04,easy_clean,0.0050240388,1.0,0.0091332945,normal_replay,FoldBalanced-Gap
RUN_122,TRIAD_041,A14_FoldBalanced-Gap_B3000,R1,1385197443,987373371,188,Det/images/normal_train/01241520.png,0,09,easy_clean,0.000229395,1.0,0.0005100188,normal_replay,FoldBalanced-Gap
RUN_122,TRIAD_041,A14_FoldBalanced-Gap_B3000,R1,1385197443,987373371,189,Det/images/normal_train/01035043.png,0,01,easy_clean,0.0063004532,1.0,0.0080031049,normal_replay,FoldBalanced-Gap
RUN_122,TRIAD_041,A14_FoldBalanced-Gap_B3000,R1,1385197443,987373371,190,Det/images/normal_train/00314219.png,0,05,learnable_hard,0.0232609186,0.995,0.0450926802,normal_replay,FoldBalanced-Gap
RUN_122,TRIAD_041,A14_FoldBalanced-Gap_B3000,R1,1385197443,987373371,191,Det/images/normal_train/01138800.png,0,02,easy_clean,0.0012176641,1.0,0.0027035139,normal_replay,FoldBalanced-Gap
RUN_122,TRIAD_041,A14_FoldBalanced-Gap_B3000,R1,1385197443,987373371,192,Det/images/normal_train/00690070.png,0,03,easy_clean,0.0020712415,1.0,0.0019780153,normal_replay,FoldBalanced-Gap
RUN_122,TRIAD_041,A14_FoldBalanced-Gap_B3000,R1,1385197443,987373371,193,Det/images/normal_train/00919585.png,0,04,easy_clean,0.0557057029,1.0,0.0502259669,normal_replay,FoldBalanced-Gap
RUN_122,TRIAD_041,A14_FoldBalanced-Gap_B3000,R1,1385197443,987373371,194,Det/images/normal_train/00595158.png,0,01,easy_clean,0.003231904,1.0,0.0170088678,normal_replay,FoldBalanced-Gap
RUN_122,TRIAD_041,A14_FoldBalanced-Gap_B3000,R1,1385197443,987373371,195,Det/images/normal_train/01014732.png,0,04,learnable_hard,0.1361385935,0.995,0.1268024405,normal_replay,FoldBalanced-Gap
RUN_122,TRIAD_041,A14_FoldBalanced-Gap_B3000,R1,1385197443,987373371,196,Det/images/normal_train/00358166.png,0,04,easy_clean,0.0112715445,1.0,0.0160852256,normal_replay,FoldBalanced-Gap
RUN_122,TRIAD_041,A14_FoldBalanced-Gap_B3000,R1,1385197443,987373371,197,Det/images/normal_train/01040038.png,0,06,learnable_hard,0.2838997161,0.98,0.1274055407,normal_replay,FoldBalanced-Gap
RUN_122,TRIAD_041,A14_FoldBalanced-Gap_B3000,R1,1385197443,987373371,198,Det/images/normal_train/01226320.png,0,00,easy_clean,0.0076468383,1.0,0.00976719,normal_replay,FoldBalanced-Gap
RUN_122,TRIAD_041,A14_FoldBalanced-Gap_B3000,R1,1385197443,987373371,199,Det/images/normal_train/00166105.png,0,03,learnable_hard,0.1053479372,0.98,0.1014236483,normal_replay,FoldBalanced-Gap
RUN_122,TRIAD_041,A14_FoldBalanced-Gap_B3000,R1,1385197443,987373371,200,Det/images/normal_train/00286129.png,0,06,easy_clean,0.0052963501,1.0,0.0380752849,normal_replay,FoldBalanced-Gap
RUN_122,TRIAD_041,A14_FoldBalanced-Gap_B3000,R1,1385197443,987373371,201,Det/images/normal_train/00590192.png,0,04,easy_clean,0.0132391425,1.0,0.0374935763,normal_replay,FoldBalanced-Gap
RUN_122,TRIAD_041,A14_FoldBalanced-Gap_B3000,R1,1385197443,987373371,202,Det/images/normal_train/00404717.png,0,09,easy_clean,0.0083893526,1.0,0.0171318846,normal_replay,FoldBalanced-Gap
RUN_122,TRIAD_041,A14_FoldBalanced-Gap_B3000,R1,1385197443,987373371,203,Det/images/normal_train/01140853.png,0,00,easy_clean,0.0019322167,1.0,0.0022841937,normal_replay,FoldBalanced-Gap
RUN_122,TRIAD_041,A14_FoldBalanced-Gap_B3000,R1,1385197443,987373371,204,Det/images/normal_train/01242379.png,0,02,easy_clean,0.0013111081,1.0,0.0019020459,normal_replay,FoldBalanced-Gap
RUN_122,TRIAD_041,A14_FoldBalanced-Gap_B3000,R1,1385197443,987373371,205,Det/images/normal_train/00373952.png,0,03,easy_clean,0.0002486479,1.0,0.0015866967,normal_replay,FoldBalanced-Gap
RUN_122,TRIAD_041,A14_FoldBalanced-Gap_B3000,R1,1385197443,987373371,206,Det/images/normal_train/01286494.png,0,00,easy_clean,0.0626429222,1.0,0.0373415117,normal_replay,FoldBalanced-Gap
RUN_122,TRIAD_041,A14_FoldBalanced-Gap_B3000,R1,1385197443,987373371,207,Det/images/normal_train/00301849.png,0,05,easy_clean,0.0083765485,1.0,0.028790345,normal_replay,FoldBalanced-Gap
RUN_122,TRIAD_041,A14_FoldBalanced-Gap_B3000,R1,1385197443,987373371,208,Det/images/normal_train/00374704.png,0,06,easy_clean,0.0057442607,1.0,0.0077985199,normal_replay,FoldBalanced-Gap
RUN_122,TRIAD_041,A14_FoldBalanced-Gap_B3000,R1,1385197443,987373371,209,Det/images/normal_train/01122665.png,0,07,ordinary,0.1519925003,1.0,0.0607019405,normal_replay,FoldBalanced-Gap
RUN_122,TRIAD_041,A14_FoldBalanced-Gap_B3000,R1,1385197443,987373371,210,Det/images/normal_train/01292764.png,0,07,easy_clean,0.0206613262,1.0,0.0201709852,normal_replay,FoldBalanced-Gap
RUN_122,TRIAD_041,A14_FoldBalanced-Gap_B3000,R1,1385197443,987373371,211,Det/images/normal_train/01284003.png,0,00,easy_clean,0.0242014959,1.0,0.0234786867,normal_replay,FoldBalanced-Gap
RUN_122,TRIAD_041,A14_FoldBalanced-Gap_B3000,R1,1385197443,987373371,212,Det/images/normal_train/01101209.png,0,00,unstable_boundary,0.520131692,0.62,0.1054285628,normal_replay,FoldBalanced-Gap
RUN_122,TRIAD_041,A14_FoldBalanced-Gap_B3000,R1,1385197443,987373371,213,Det/images/normal_train/00849060.png,0,05,easy_clean,0.0001325053,1.0,0.0002398328,normal_replay,FoldBalanced-Gap
RUN_122,TRIAD_041,A14_FoldBalanced-Gap_B3000,R1,1385197443,987373371,214,Det/images/normal_train/00763176.png,0,07,easy_clean,0.0061274371,1.0,0.0085326216,normal_replay,FoldBalanced-Gap
RUN_122,TRIAD_041,A14_FoldBalanced-Gap_B3000,R1,1385197443,987373371,215,Det/images/normal_train/01050844.png,0,08,easy_clean,0.0018963516,1.0,0.0026117329,normal_replay,FoldBalanced-Gap
RUN_122,TRIAD_041,A14_FoldBalanced-Gap_B3000,R1,1385197443,987373371,216,Det/images/normal_train/00248624.png,0,00,easy_clean,0.0026049547,1.0,0.0034040091,normal_replay,FoldBalanced-Gap
RUN_122,TRIAD_041,A14_FoldBalanced-Gap_B3000,R1,1385197443,987373371,217,Det/images/normal_train/00994044.png,0,04,learnable_hard,0.1371359646,0.995,0.0902690931,normal_replay,FoldBalanced-Gap
RUN_122,TRIAD_041,A14_FoldBalanced-Gap_B3000,R1,1385197443,987373371,218,Det/images/normal_train/00242949.png,0,01,easy_clean,0.0236635643,1.0,0.0272557992,normal_replay,FoldBalanced-Gap
RUN_122,TRIAD_041,A14_FoldBalanced-Gap_B3000,R1,1385197443,987373371,219,Det/images/normal_train/00758941.png,0,04,learnable_hard,0.0739492019,0.985,0.0985832324,normal_replay,FoldBalanced-Gap
RUN_122,TRIAD_041,A14_FoldBalanced-Gap_B3000,R1,1385197443,987373371,220,Det/images/normal_train/01291419.png,0,07,easy_clean,0.0052558736,1.0,0.0177808849,normal_replay,FoldBalanced-Gap
RUN_122,TRIAD_041,A14_FoldBalanced-Gap_B3000,R1,1385197443,987373371,221,Det/images/normal_train/00802414.png,0,02,easy_clean,0.0025568234,1.0,0.0043011338,normal_replay,FoldBalanced-Gap
RUN_122,TRIAD_041,A14_FoldBalanced-Gap_B3000,R1,1385197443,987373371,222,Det/images/normal_train/00317074.png,0,04,learnable_hard,0.0143978509,0.995,0.0433874923,normal_replay,FoldBalanced-Gap
RUN_122,TRIAD_041,A14_FoldBalanced-Gap_B3000,R1,1385197443,987373371,223,Det/images/normal_train/00992540.png,0,08,easy_clean,0.0020476391,1.0,0.0036055928,normal_replay,FoldBalanced-Gap
RUN_122,TRIAD_041,A14_FoldBalanced-Gap_B3000,R1,1385197443,987373371,224,Det/images/normal_train/00981209.png,0,05,easy_clean,0.0102345469,1.0,0.0128618846,normal_replay,FoldBalanced-Gap
RUN_122,TRIAD_041,A14_FoldBalanced-Gap_B3000,R1,1385197443,987373371,225,Det/images/normal_train/00410181.png,0,00,easy_clean,0.0027801147,1.0,0.0038595602,normal_replay,FoldBalanced-Gap
RUN_122,TRIAD_041,A14_FoldBalanced-Gap_B3000,R1,1385197443,987373371,226,Det/images/normal_train/00563214.png,0,06,easy_clean,0.006174064,1.0,0.0147336343,normal_replay,FoldBalanced-Gap
RUN_122,TRIAD_041,A14_FoldBalanced-Gap_B3000,R1,1385197443,987373371,227,Det/images/normal_train/01093244.png,0,04,easy_clean,0.0334016705,1.0,0.0549170999,normal_replay,FoldBalanced-Gap
RUN_122,TRIAD_041,A14_FoldBalanced-Gap_B3000,R1,1385197443,987373371,228,Det/images/normal_train/00259367.png,0,08,easy_clean,0.0013822498,1.0,0.0049166855,normal_replay,FoldBalanced-Gap
RUN_122,TRIAD_041,A14_FoldBalanced-Gap_B3000,R1,1385197443,987373371,229,Det/images/normal_train/00251690.png,0,04,easy_clean,0.001509922,1.0,0.0121747126,normal_replay,FoldBalanced-Gap
RUN_122,TRIAD_041,A14_FoldBalanced-Gap_B3000,R1,1385197443,987373371,230,Det/images/normal_train/00157315.png,0,09,easy_clean,0.0143807331,1.0,0.0244339828,normal_replay,FoldBalanced-Gap
RUN_122,TRIAD_041,A14_FoldBalanced-Gap_B3000,R1,1385197443,987373371,231,Det/images/normal_train/01247650.png,0,02,easy_clean,0.0523410367,1.0,0.0508060201,normal_replay,FoldBalanced-Gap
RUN_122,TRIAD_041,A14_FoldBalanced-Gap_B3000,R1,1385197443,987373371,232,Det/images/normal_train/00995430.png,0,05,easy_clean,0.0031096547,1.0,0.0066250816,normal_replay,FoldBalanced-Gap
RUN_122,TRIAD_041,A14_FoldBalanced-Gap_B3000,R1,1385197443,987373371,233,Det/images/normal_train/00939059.png,0,08,easy_clean,0.0308408826,1.0,0.0539558801,normal_replay,FoldBalanced-Gap
RUN_122,TRIAD_041,A14_FoldBalanced-Gap_B3000,R1,1385197443,987373371,234,Det/images/normal_train/00541111.png,0,08,easy_clean,0.049027595,1.0,0.0533082594,normal_replay,FoldBalanced-Gap
RUN_122,TRIAD_041,A14_FoldBalanced-Gap_B3000,R1,1385197443,987373371,235,Det/images/normal_train/00847315.png,0,04,easy_clean,0.024479823,1.0,0.0334006312,normal_replay,FoldBalanced-Gap
RUN_122,TRIAD_041,A14_FoldBalanced-Gap_B3000,R1,1385197443,987373371,236,Det/images/normal_train/00315002.png,0,03,learnable_hard,0.0830512452,0.98,0.1255378708,normal_replay,FoldBalanced-Gap
RUN_122,TRIAD_041,A14_FoldBalanced-Gap_B3000,R1,1385197443,987373371,237,Det/images/normal_train/00863282.png,0,07,ordinary,0.1335286985,1.0,0.0660249672,normal_replay,FoldBalanced-Gap
RUN_122,TRIAD_041,A14_FoldBalanced-Gap_B3000,R1,1385197443,987373371,238,Det/images/normal_train/00258589.png,0,02,easy_clean,0.0045115898,1.0,0.0061383224,normal_replay,FoldBalanced-Gap
RUN_122,TRIAD_041,A14_FoldBalanced-Gap_B3000,R1,1385197443,987373371,239,Det/images/normal_train/00563921.png,0,06,easy_clean,0.0021098929,1.0,0.0056616903,normal_replay,FoldBalanced-Gap
RUN_122,TRIAD_041,A14_FoldBalanced-Gap_B3000,R1,1385197443,987373371,240,Det/images/normal_train/00411845.png,0,06,easy_clean,0.0048663391,1.0,0.0064869174,normal_replay,FoldBalanced-Gap
RUN_122,TRIAD_041,A14_FoldBalanced-Gap_B3000,R1,1385197443,987373371,241,Det/images/normal_train/01203861.png,0,05,easy_clean,0.0158544833,1.0,0.0204469999,normal_replay,FoldBalanced-Gap
RUN_122,TRIAD_041,A14_FoldBalanced-Gap_B3000,R1,1385197443,987373371,242,Det/images/normal_train/01298392.png,0,00,easy_clean,0.0073020295,1.0,0.0059533249,normal_replay,FoldBalanced-Gap
RUN_122,TRIAD_041,A14_FoldBalanced-Gap_B3000,R1,1385197443,987373371,243,Det/images/normal_train/00585303.png,0,05,easy_clean,0.0051601769,1.0,0.0166526558,normal_replay,FoldBalanced-Gap
RUN_122,TRIAD_041,A14_FoldBalanced-Gap_B3000,R1,1385197443,987373371,244,Det/images/normal_train/01025218.png,0,01,easy_clean,0.0021134118,1.0,0.0027963244,normal_replay,FoldBalanced-Gap
RUN_122,TRIAD_041,A14_FoldBalanced-Gap_B3000,R1,1385197443,987373371,245,Det/images/normal_train/00998044.png,0,03,easy_clean,0.0012007122,1.0,0.0054085268,normal_replay,FoldBalanced-Gap
RUN_122,TRIAD_041,A14_FoldBalanced-Gap_B3000,R1,1385197443,987373371,246,Det/images/normal_train/00346445.png,0,07,easy_clean,0.0077419802,1.0,0.0153648015,normal_replay,FoldBalanced-Gap
RUN_122,TRIAD_041,A14_FoldBalanced-Gap_B3000,R1,1385197443,987373371,247,Det/images/normal_train/00797720.png,0,06,easy_clean,0.0151957729,1.0,0.0214581633,normal_replay,FoldBalanced-Gap
RUN_122,TRIAD_041,A14_FoldBalanced-Gap_B3000,R1,1385197443,987373371,248,Det/images/normal_train/00348619.png,0,03,easy_clean,0.0006198819,1.0,0.001546723,normal_replay,FoldBalanced-Gap
RUN_122,TRIAD_041,A14_FoldBalanced-Gap_B3000,R1,1385197443,987373371,249,Det/images/normal_train/00773120.png,0,01,easy_clean,0.0111175127,1.0,0.0173663506,normal_replay,FoldBalanced-Gap
RUN_122,TRIAD_041,A14_FoldBalanced-Gap_B3000,R1,1385197443,987373371,250,Det/images/normal_train/00166667.png,0,03,easy_clean,0.0077073891,1.0,0.0123181591,normal_replay,FoldBalanced-Gap
RUN_122,TRIAD_041,A14_FoldBalanced-Gap_B3000,R1,1385197443,987373371,251,Det/images/normal_train/01267812.png,0,04,easy_clean,0.0032263718,1.0,0.0033904133,normal_replay,FoldBalanced-Gap
RUN_122,TRIAD_041,A14_FoldBalanced-Gap_B3000,R1,1385197443,987373371,252,Det/images/normal_train/00267269.png,0,07,easy_clean,0.0001870141,1.0,0.0002872845,normal_replay,FoldBalanced-Gap
RUN_122,TRIAD_041,A14_FoldBalanced-Gap_B3000,R1,1385197443,987373371,253,Det/images/normal_train/01220336.png,0,01,learnable_hard,0.0468200789,0.995,0.0572472093,normal_replay,FoldBalanced-Gap
RUN_122,TRIAD_041,A14_FoldBalanced-Gap_B3000,R1,1385197443,987373371,254,Det/images/normal_train/00358624.png,0,04,easy_clean,0.0008743718,1.0,0.0016503983,normal_replay,FoldBalanced-Gap
RUN_122,TRIAD_041,A14_FoldBalanced-Gap_B3000,R1,1385197443,987373371,255,Det/images/normal_train/00773168.png,0,01,easy_clean,0.0054276894,1.0,0.0061467266,normal_replay,FoldBalanced-Gap
RUN_122,TRIAD_041,A14_FoldBalanced-Gap_B3000,R1,1385197443,987373371,256,Det/images/normal_train/00314031.png,0,05,easy_clean,0.0257496453,1.0,0.0326234299,normal_replay,FoldBalanced-Gap
RUN_122,TRIAD_041,A14_FoldBalanced-Gap_B3000,R1,1385197443,987373371,257,Det/images/normal_train/01114075.png,0,04,learnable_hard,0.3533826498,0.895,0.1099279182,normal_replay,FoldBalanced-Gap
RUN_122,TRIAD_041,A14_FoldBalanced-Gap_B3000,R1,1385197443,987373371,258,Det/images/normal_train/00843385.png,0,06,easy_clean,0.0027357523,1.0,0.0034517677,normal_replay,FoldBalanced-Gap
RUN_122,TRIAD_041,A14_FoldBalanced-Gap_B3000,R1,1385197443,987373371,259,Det/images/normal_train/00826520.png,0,03,easy_clean,0.0001406241,1.0,0.000286747,normal_replay,FoldBalanced-Gap
RUN_122,TRIAD_041,A14_FoldBalanced-Gap_B3000,R1,1385197443,987373371,260,Det/images/normal_train/00264163.png,0,07,easy_clean,0.0003115011,1.0,0.0005375981,normal_replay,FoldBalanced-Gap
RUN_122,TRIAD_041,A14_FoldBalanced-Gap_B3000,R1,1385197443,987373371,261,Det/images/normal_train/00379581.png,0,02,easy_clean,0.0066029111,1.0,0.0094650976,normal_replay,FoldBalanced-Gap
RUN_122,TRIAD_041,A14_FoldBalanced-Gap_B3000,R1,1385197443,987373371,262,Det/images/normal_train/00218765.png,0,09,learnable_hard,0.0260125394,0.99,0.0744809627,normal_replay,FoldBalanced-Gap
RUN_122,TRIAD_041,A14_FoldBalanced-Gap_B3000,R1,1385197443,987373371,263,Det/images/normal_train/00758097.png,0,04,easy_clean,0.0019667226,1.0,0.0042958674,normal_replay,FoldBalanced-Gap
RUN_122,TRIAD_041,A14_FoldBalanced-Gap_B3000,R1,1385197443,987373371,264,Det/images/normal_train/01015319.png,0,03,ordinary,0.2487671888,0.86,0.2178503261,normal_replay,FoldBalanced-Gap
RUN_122,TRIAD_041,A14_FoldBalanced-Gap_B3000,R1,1385197443,987373371,265,Det/images/normal_train/00847947.png,0,04,easy_clean,0.0126489659,1.0,0.0154167035,normal_replay,FoldBalanced-Gap
RUN_122,TRIAD_041,A14_FoldBalanced-Gap_B3000,R1,1385197443,987373371,266,Det/images/normal_train/00562732.png,0,08,easy_clean,0.0099096288,1.0,0.0124457071,normal_replay,FoldBalanced-Gap
RUN_122,TRIAD_041,A14_FoldBalanced-Gap_B3000,R1,1385197443,987373371,267,Det/images/normal_train/00611054.png,0,01,easy_clean,0.003108407,1.0,0.0106954192,normal_replay,FoldBalanced-Gap
RUN_122,TRIAD_041,A14_FoldBalanced-Gap_B3000,R1,1385197443,987373371,268,Det/images/normal_train/01277260.png,0,07,easy_clean,0.0340972369,1.0,0.0381401944,normal_replay,FoldBalanced-Gap
RUN_122,TRIAD_041,A14_FoldBalanced-Gap_B3000,R1,1385197443,987373371,269,Det/images/normal_train/00831253.png,0,00,easy_clean,0.0008323302,1.0,0.001124715,normal_replay,FoldBalanced-Gap
RUN_122,TRIAD_041,A14_FoldBalanced-Gap_B3000,R1,1385197443,987373371,270,Det/images/normal_train/00355586.png,0,01,easy_clean,0.0053936421,1.0,0.0070227772,normal_replay,FoldBalanced-Gap
RUN_122,TRIAD_041,A14_FoldBalanced-Gap_B3000,R1,1385197443,987373371,271,Det/images/normal_train/00317784.png,0,04,easy_clean,0.0057802953,1.0,0.0109915167,normal_replay,FoldBalanced-Gap
RUN_122,TRIAD_041,A14_FoldBalanced-Gap_B3000,R1,1385197443,987373371,272,Det/images/normal_train/00367715.png,0,04,easy_clean,0.0086452948,1.0,0.010431393,normal_replay,FoldBalanced-Gap
RUN_122,TRIAD_041,A14_FoldBalanced-Gap_B3000,R1,1385197443,987373371,273,Det/images/normal_train/00244200.png,0,07,easy_clean,0.0038643256,1.0,0.0057614116,normal_replay,FoldBalanced-Gap
RUN_122,TRIAD_041,A14_FoldBalanced-Gap_B3000,R1,1385197443,987373371,274,Det/images/normal_train/00795595.png,0,01,easy_clean,0.0015080034,1.0,0.0029529928,normal_replay,FoldBalanced-Gap
RUN_122,TRIAD_041,A14_FoldBalanced-Gap_B3000,R1,1385197443,987373371,275,Det/images/normal_train/00295018.png,0,03,easy_clean,0.0022407209,1.0,0.0031141855,normal_replay,FoldBalanced-Gap
RUN_122,TRIAD_041,A14_FoldBalanced-Gap_B3000,R1,1385197443,987373371,276,Det/images/normal_train/00331638.png,0,02,easy_clean,0.000358351,1.0,0.0011527317,normal_replay,FoldBalanced-Gap
RUN_122,TRIAD_041,A14_FoldBalanced-Gap_B3000,R1,1385197443,987373371,277,Det/images/normal_train/01096682.png,0,06,easy_clean,0.0723538092,1.0,0.0278717635,normal_replay,FoldBalanced-Gap
RUN_122,TRIAD_041,A14_FoldBalanced-Gap_B3000,R1,1385197443,987373371,278,Det/images/normal_train/01026179.png,0,07,learnable_hard,0.0906919896,0.995,0.0797843483,normal_replay,FoldBalanced-Gap
RUN_122,TRIAD_041,A14_FoldBalanced-Gap_B3000,R1,1385197443,987373371,279,Det/images/normal_train/00895871.png,0,09,easy_clean,0.0049509361,1.0,0.0085831758,normal_replay,FoldBalanced-Gap
RUN_122,TRIAD_041,A14_FoldBalanced-Gap_B3000,R1,1385197443,987373371,280,Det/images/normal_train/01261642.png,0,00,easy_clean,0.0855276416,1.0,0.0440407462,normal_replay,FoldBalanced-Gap
RUN_122,TRIAD_041,A14_FoldBalanced-Gap_B3000,R1,1385197443,987373371,281,Det/images/normal_train/01036477.png,0,01,easy_clean,0.0185693727,1.0,0.0431096926,normal_replay,FoldBalanced-Gap
RUN_122,TRIAD_041,A14_FoldBalanced-Gap_B3000,R1,1385197443,987373371,282,Det/images/normal_train/00337560.png,0,07,learnable_hard,0.0776896999,0.99,0.0701701529,normal_replay,FoldBalanced-Gap
RUN_122,TRIAD_041,A14_FoldBalanced-Gap_B3000,R1,1385197443,987373371,283,Det/images/normal_train/00905537.png,0,09,easy_clean,0.0014032004,1.0,0.0065616542,normal_replay,FoldBalanced-Gap
RUN_122,TRIAD_041,A14_FoldBalanced-Gap_B3000,R1,1385197443,987373371,284,Det/images/normal_train/00555676.png,0,07,easy_clean,0.0007638818,1.0,0.0011780352,normal_replay,FoldBalanced-Gap
RUN_122,TRIAD_041,A14_FoldBalanced-Gap_B3000,R1,1385197443,987373371,285,Det/images/normal_train/00774573.png,0,00,learnable_hard,0.0727645113,0.995,0.0673348332,normal_replay,FoldBalanced-Gap
RUN_122,TRIAD_041,A14_FoldBalanced-Gap_B3000,R1,1385197443,987373371,286,Det/images/normal_train/00274230.png,0,05,easy_clean,0.0217045922,1.0,0.0279554012,normal_replay,FoldBalanced-Gap
RUN_122,TRIAD_041,A14_FoldBalanced-Gap_B3000,R1,1385197443,987373371,287,Det/images/normal_train/01115318.png,0,00,easy_clean,0.0054770151,1.0,0.0075109079,normal_replay,FoldBalanced-Gap
RUN_122,TRIAD_041,A14_FoldBalanced-Gap_B3000,R1,1385197443,987373371,288,Det/images/normal_train/00444316.png,0,02,persistent_hard,0.5670202359,0.45,0.2410210345,normal_replay,FoldBalanced-Gap
RUN_122,TRIAD_041,A14_FoldBalanced-Gap_B3000,R1,1385197443,987373371,289,Det/images/normal_train/00618376.png,0,04,easy_clean,0.0003530693,1.0,0.0004480523,normal_replay,FoldBalanced-Gap
RUN_122,TRIAD_041,A14_FoldBalanced-Gap_B3000,R1,1385197443,987373371,290,Det/images/normal_train/00610076.png,0,05,easy_clean,0.0760443065,1.0,0.0957827047,normal_replay,FoldBalanced-Gap
RUN_122,TRIAD_041,A14_FoldBalanced-Gap_B3000,R1,1385197443,987373371,291,Det/images/normal_train/00232499.png,0,00,easy_clean,0.0047054123,1.0,0.0056992049,normal_replay,FoldBalanced-Gap
RUN_122,TRIAD_041,A14_FoldBalanced-Gap_B3000,R1,1385197443,987373371,292,Det/images/normal_train/00561199.png,0,09,easy_clean,0.0313151205,1.0,0.0536260769,normal_replay,FoldBalanced-Gap
RUN_122,TRIAD_041,A14_FoldBalanced-Gap_B3000,R1,1385197443,987373371,293,Det/images/normal_train/00419360.png,0,04,easy_clean,0.0119824541,1.0,0.0132181527,normal_replay,FoldBalanced-Gap
RUN_122,TRIAD_041,A14_FoldBalanced-Gap_B3000,R1,1385197443,987373371,294,Det/images/normal_train/01021138.png,0,06,easy_clean,0.0180141069,1.0,0.0198758683,normal_replay,FoldBalanced-Gap
RUN_122,TRIAD_041,A14_FoldBalanced-Gap_B3000,R1,1385197443,987373371,295,Det/images/normal_train/00207833.png,0,01,learnable_hard,0.0405295776,0.985,0.0737254982,normal_replay,FoldBalanced-Gap
RUN_122,TRIAD_041,A14_FoldBalanced-Gap_B3000,R1,1385197443,987373371,296,Det/images/normal_train/00957567.png,0,02,learnable_hard,0.083068064,0.995,0.0645907096,normal_replay,FoldBalanced-Gap
RUN_122,TRIAD_041,A14_FoldBalanced-Gap_B3000,R1,1385197443,987373371,297,Det/images/normal_train/01195349.png,0,03,easy_clean,0.0099450767,1.0,0.0266459372,normal_replay,FoldBalanced-Gap
RUN_122,TRIAD_041,A14_FoldBalanced-Gap_B3000,R1,1385197443,987373371,298,Det/images/normal_train/01156031.png,0,00,easy_clean,0.0554212951,1.0,0.0483544635,normal_replay,FoldBalanced-Gap
RUN_122,TRIAD_041,A14_FoldBalanced-Gap_B3000,R1,1385197443,987373371,299,Det/images/normal_train/00852890.png,0,02,easy_clean,0.000247008,1.0,0.0004578936,normal_replay,FoldBalanced-Gap
RUN_122,TRIAD_041,A14_FoldBalanced-Gap_B3000,R1,1385197443,987373371,300,Det/images/normal_train/01043340.png,0,00,learnable_hard,0.1024178765,0.975,0.1289805966,normal_replay,FoldBalanced-Gap
RUN_122,TRIAD_041,A14_FoldBalanced-Gap_B3000,R1,1385197443,987373371,301,Det/images/normal_train/01209716.png,0,08,easy_clean,0.0256365017,1.0,0.0148932889,normal_replay,FoldBalanced-Gap
RUN_122,TRIAD_041,A14_FoldBalanced-Gap_B3000,R1,1385197443,987373371,302,Det/images/normal_train/01295127.png,0,04,persistent_hard,0.6470749541,0.22,0.1460615904,normal_replay,FoldBalanced-Gap
RUN_122,TRIAD_041,A14_FoldBalanced-Gap_B3000,R1,1385197443,987373371,303,Det/images/normal_train/00396552.png,0,05,easy_clean,0.0268041602,0.995,0.0447822462,normal_replay,FoldBalanced-Gap
RUN_122,TRIAD_041,A14_FoldBalanced-Gap_B3000,R1,1385197443,987373371,304,Det/images/normal_train/00519678.png,0,09,ordinary,0.1040221394,1.0,0.1107812948,normal_replay,FoldBalanced-Gap
RUN_122,TRIAD_041,A14_FoldBalanced-Gap_B3000,R1,1385197443,987373371,305,Det/images/normal_train/00862815.png,0,07,easy_clean,0.0022395513,1.0,0.0030533327,normal_replay,FoldBalanced-Gap
RUN_122,TRIAD_041,A14_FoldBalanced-Gap_B3000,R1,1385197443,987373371,306,Det/images/normal_train/00284650.png,0,01,learnable_hard,0.0963964521,0.995,0.1070648015,normal_replay,FoldBalanced-Gap
RUN_122,TRIAD_041,A14_FoldBalanced-Gap_B3000,R1,1385197443,987373371,307,Det/images/normal_train/01225066.png,0,01,easy_clean,0.0194285567,1.0,0.017815787,normal_replay,FoldBalanced-Gap
RUN_122,TRIAD_041,A14_FoldBalanced-Gap_B3000,R1,1385197443,987373371,308,Det/images/normal_train/01008138.png,0,07,unstable_boundary,0.4543649972,0.425,0.1912720458,normal_replay,FoldBalanced-Gap
RUN_122,TRIAD_041,A14_FoldBalanced-Gap_B3000,R1,1385197443,987373371,309,Det/images/normal_train/00254629.png,0,03,learnable_hard,0.0284612423,0.995,0.0640860313,normal_replay,FoldBalanced-Gap
RUN_122,TRIAD_041,A14_FoldBalanced-Gap_B3000,R1,1385197443,987373371,310,Det/images/normal_train/01200505.png,0,04,learnable_hard,0.1500869527,0.995,0.0588484249,normal_replay,FoldBalanced-Gap
RUN_122,TRIAD_041,A14_FoldBalanced-Gap_B3000,R1,1385197443,987373371,311,Det/images/normal_train/00210488.png,0,00,easy_clean,0.0074862469,1.0,0.0100692897,normal_replay,FoldBalanced-Gap
RUN_122,TRIAD_041,A14_FoldBalanced-Gap_B3000,R1,1385197443,987373371,312,Det/images/normal_train/00168871.png,0,07,learnable_hard,0.1071600462,0.995,0.0838094436,normal_replay,FoldBalanced-Gap
RUN_122,TRIAD_041,A14_FoldBalanced-Gap_B3000,R1,1385197443,987373371,313,Det/images/normal_train/01247716.png,0,02,easy_clean,0.0258385337,1.0,0.0274920166,normal_replay,FoldBalanced-Gap
RUN_122,TRIAD_041,A14_FoldBalanced-Gap_B3000,R1,1385197443,987373371,314,Det/images/normal_train/00386867.png,0,01,easy_clean,0.0169143491,1.0,0.0328489275,normal_replay,FoldBalanced-Gap
RUN_122,TRIAD_041,A14_FoldBalanced-Gap_B3000,R1,1385197443,987373371,315,Det/images/normal_train/00578601.png,0,03,easy_clean,0.0003046588,1.0,0.0006991613,normal_replay,FoldBalanced-Gap
RUN_122,TRIAD_041,A14_FoldBalanced-Gap_B3000,R1,1385197443,987373371,316,Det/images/normal_train/00322072.png,0,05,easy_clean,0.000344554,1.0,0.0017204719,normal_replay,FoldBalanced-Gap
RUN_122,TRIAD_041,A14_FoldBalanced-Gap_B3000,R1,1385197443,987373371,317,Det/images/normal_train/00841619.png,0,04,easy_clean,0.0038765369,1.0,0.0059922705,normal_replay,FoldBalanced-Gap
RUN_122,TRIAD_041,A14_FoldBalanced-Gap_B3000,R1,1385197443,987373371,318,Det/images/normal_train/00976622.png,0,04,easy_clean,0.0260606455,1.0,0.0200246356,normal_replay,FoldBalanced-Gap
RUN_122,TRIAD_041,A14_FoldBalanced-Gap_B3000,R1,1385197443,987373371,319,Det/images/normal_train/00363754.png,0,02,easy_clean,0.0046502218,1.0,0.0044691717,normal_replay,FoldBalanced-Gap
RUN_122,TRIAD_041,A14_FoldBalanced-Gap_B3000,R1,1385197443,987373371,320,Det/images/normal_train/01284315.png,0,00,easy_clean,0.0142154832,1.0,0.0182934678,normal_replay,FoldBalanced-Gap
RUN_122,TRIAD_041,A14_FoldBalanced-Gap_B3000,R1,1385197443,987373371,321,Det/images/normal_train/00604842.png,0,02,easy_clean,0.0532105705,1.0,0.047827348,normal_replay,FoldBalanced-Gap
RUN_122,TRIAD_041,A14_FoldBalanced-Gap_B3000,R1,1385197443,987373371,322,Det/images/normal_train/00239325.png,0,09,easy_clean,0.0172023246,1.0,0.0271066347,normal_replay,FoldBalanced-Gap
RUN_122,TRIAD_041,A14_FoldBalanced-Gap_B3000,R1,1385197443,987373371,323,Det/images/normal_train/00197264.png,0,06,easy_clean,0.0007573549,1.0,0.0011972071,normal_replay,FoldBalanced-Gap
RUN_122,TRIAD_041,A14_FoldBalanced-Gap_B3000,R1,1385197443,987373371,324,Det/images/normal_train/00344234.png,0,00,easy_clean,0.0316185584,0.995,0.0616380409,normal_replay,FoldBalanced-Gap
RUN_122,TRIAD_041,A14_FoldBalanced-Gap_B3000,R1,1385197443,987373371,325,Det/images/normal_train/00351059.png,0,03,easy_clean,0.0214430596,1.0,0.0201872095,normal_replay,FoldBalanced-Gap
RUN_122,TRIAD_041,A14_FoldBalanced-Gap_B3000,R1,1385197443,987373371,326,Det/images/normal_train/00575673.png,0,00,easy_clean,0.0035339461,1.0,0.0062393855,normal_replay,FoldBalanced-Gap
RUN_122,TRIAD_041,A14_FoldBalanced-Gap_B3000,R1,1385197443,987373371,327,Det/images/normal_train/00779030.png,0,08,ordinary,0.1160771428,1.0,0.0833287422,normal_replay,FoldBalanced-Gap
RUN_122,TRIAD_041,A14_FoldBalanced-Gap_B3000,R1,1385197443,987373371,328,Det/images/normal_train/00236554.png,0,03,learnable_hard,0.0653619135,0.995,0.0654340885,normal_replay,FoldBalanced-Gap
RUN_122,TRIAD_041,A14_FoldBalanced-Gap_B3000,R1,1385197443,987373371,329,Det/images/normal_train/01183795.png,0,04,learnable_hard,0.099037919,0.995,0.0907419176,normal_replay,FoldBalanced-Gap
RUN_122,TRIAD_041,A14_FoldBalanced-Gap_B3000,R1,1385197443,987373371,330,Det/images/normal_train/01001332.png,0,05,learnable_hard,0.1788692244,0.97,0.1346287767,normal_replay,FoldBalanced-Gap
RUN_122,TRIAD_041,A14_FoldBalanced-Gap_B3000,R1,1385197443,987373371,331,Det/images/normal_train/00462753.png,0,03,easy_clean,0.0111247469,1.0,0.034178807,normal_replay,FoldBalanced-Gap
RUN_122,TRIAD_041,A14_FoldBalanced-Gap_B3000,R1,1385197443,987373371,332,Det/images/normal_train/00273774.png,0,08,easy_clean,0.000958477,1.0,0.0013325742,normal_replay,FoldBalanced-Gap
RUN_122,TRIAD_041,A14_FoldBalanced-Gap_B3000,R1,1385197443,987373371,333,Det/images/normal_train/01054105.png,0,00,easy_clean,0.0142866287,1.0,0.0160735634,normal_replay,FoldBalanced-Gap
RUN_122,TRIAD_041,A14_FoldBalanced-Gap_B3000,R1,1385197443,987373371,334,Det/images/normal_train/01243391.png,0,00,easy_clean,0.0054623448,1.0,0.0094961425,normal_replay,FoldBalanced-Gap
RUN_122,TRIAD_041,A14_FoldBalanced-Gap_B3000,R1,1385197443,987373371,335,Det/images/normal_train/00389089.png,0,01,easy_clean,0.0056734464,1.0,0.0063690919,normal_replay,FoldBalanced-Gap
RUN_122,TRIAD_041,A14_FoldBalanced-Gap_B3000,R1,1385197443,987373371,336,Det/images/normal_train/00347128.png,0,09,ordinary,0.2345443592,1.0,0.0644811557,normal_replay,FoldBalanced-Gap
RUN_122,TRIAD_041,A14_FoldBalanced-Gap_B3000,R1,1385197443,987373371,337,Det/images/normal_train/00551121.png,0,02,easy_clean,0.0029132775,1.0,0.0149760723,normal_replay,FoldBalanced-Gap
RUN_122,TRIAD_041,A14_FoldBalanced-Gap_B3000,R1,1385197443,987373371,338,Det/images/normal_train/00614057.png,0,05,easy_clean,0.0119026204,1.0,0.0117098014,normal_replay,FoldBalanced-Gap
RUN_122,TRIAD_041,A14_FoldBalanced-Gap_B3000,R1,1385197443,987373371,339,Det/images/normal_train/01166870.png,0,08,easy_clean,0.0104379943,1.0,0.0140630652,normal_replay,FoldBalanced-Gap
RUN_122,TRIAD_041,A14_FoldBalanced-Gap_B3000,R1,1385197443,987373371,340,Det/images/normal_train/00551766.png,0,02,ordinary,0.3270833077,0.82,0.1710445673,normal_replay,FoldBalanced-Gap
RUN_122,TRIAD_041,A14_FoldBalanced-Gap_B3000,R1,1385197443,987373371,341,Det/images/normal_train/00228434.png,0,06,easy_clean,0.0007386609,1.0,0.0009997737,normal_replay,FoldBalanced-Gap
RUN_122,TRIAD_041,A14_FoldBalanced-Gap_B3000,R1,1385197443,987373371,342,Det/images/normal_train/01011765.png,0,07,easy_clean,0.0133146037,1.0,0.0196086053,normal_replay,FoldBalanced-Gap
RUN_122,TRIAD_041,A14_FoldBalanced-Gap_B3000,R1,1385197443,987373371,343,Det/images/normal_train/00861742.png,0,09,easy_clean,0.000538633,1.0,0.0010758537,normal_replay,FoldBalanced-Gap
RUN_122,TRIAD_041,A14_FoldBalanced-Gap_B3000,R1,1385197443,987373371,344,Det/images/normal_train/01074798.png,0,04,easy_clean,0.010789088,1.0,0.0323230076,normal_replay,FoldBalanced-Gap
RUN_122,TRIAD_041,A14_FoldBalanced-Gap_B3000,R1,1385197443,987373371,345,Det/images/normal_train/00905190.png,0,09,easy_clean,0.0291167718,1.0,0.0388102753,normal_replay,FoldBalanced-Gap
RUN_122,TRIAD_041,A14_FoldBalanced-Gap_B3000,R1,1385197443,987373371,346,Det/images/normal_train/00186315.png,0,01,easy_clean,0.0268243127,1.0,0.0354987802,normal_replay,FoldBalanced-Gap
RUN_122,TRIAD_041,A14_FoldBalanced-Gap_B3000,R1,1385197443,987373371,347,Det/images/normal_train/00799789.png,0,09,easy_clean,0.0004499705,1.0,0.000739369,normal_replay,FoldBalanced-Gap
RUN_122,TRIAD_041,A14_FoldBalanced-Gap_B3000,R1,1385197443,987373371,348,Det/images/normal_train/01175760.png,0,05,easy_clean,0.0008781198,1.0,0.0012209305,normal_replay,FoldBalanced-Gap
RUN_122,TRIAD_041,A14_FoldBalanced-Gap_B3000,R1,1385197443,987373371,349,Det/images/normal_train/00911138.png,0,08,persistent_hard,0.7492016491,0.02,0.0925593217,normal_replay,FoldBalanced-Gap
RUN_122,TRIAD_041,A14_FoldBalanced-Gap_B3000,R1,1385197443,987373371,350,Det/images/normal_train/00383673.png,0,02,easy_clean,0.0026098871,1.0,0.0037154508,normal_replay,FoldBalanced-Gap
RUN_122,TRIAD_041,A14_FoldBalanced-Gap_B3000,R1,1385197443,987373371,351,Det/images/normal_train/01184517.png,0,04,ordinary,0.2387952287,0.935,0.1677003512,normal_replay,FoldBalanced-Gap
RUN_122,TRIAD_041,A14_FoldBalanced-Gap_B3000,R1,1385197443,987373371,352,Det/images/normal_train/01114069.png,0,04,easy_clean,0.0585113866,1.0,0.0708739436,normal_replay,FoldBalanced-Gap
RUN_122,TRIAD_041,A14_FoldBalanced-Gap_B3000,R1,1385197443,987373371,353,Det/images/normal_train/00796562.png,0,04,easy_clean,0.0003503985,1.0,0.0005801611,normal_replay,FoldBalanced-Gap
RUN_122,TRIAD_041,A14_FoldBalanced-Gap_B3000,R1,1385197443,987373371,354,Det/images/normal_train/00724531.png,0,07,easy_clean,0.0006514117,1.0,0.0012097858,normal_replay,FoldBalanced-Gap
RUN_122,TRIAD_041,A14_FoldBalanced-Gap_B3000,R1,1385197443,987373371,355,Det/images/normal_train/00233449.png,0,03,learnable_hard,0.0183145803,0.995,0.0499155475,normal_replay,FoldBalanced-Gap
RUN_122,TRIAD_041,A14_FoldBalanced-Gap_B3000,R1,1385197443,987373371,356,Det/images/normal_train/00523116.png,0,00,easy_clean,0.0233324717,1.0,0.0405671314,normal_replay,FoldBalanced-Gap
RUN_122,TRIAD_041,A14_FoldBalanced-Gap_B3000,R1,1385197443,987373371,357,Det/images/normal_train/00531722.png,0,04,easy_clean,0.0014766141,1.0,0.0028687029,normal_replay,FoldBalanced-Gap
RUN_122,TRIAD_041,A14_FoldBalanced-Gap_B3000,R1,1385197443,987373371,358,Det/images/normal_train/00175438.png,0,06,easy_clean,0.0003634413,1.0,0.0005966511,normal_replay,FoldBalanced-Gap
RUN_122,TRIAD_041,A14_FoldBalanced-Gap_B3000,R1,1385197443,987373371,359,Det/images/normal_train/01059696.png,0,03,easy_clean,0.0238326402,1.0,0.0426233936,normal_replay,FoldBalanced-Gap
RUN_122,TRIAD_041,A14_FoldBalanced-Gap_B3000,R1,1385197443,987373371,360,Det/images/normal_train/00521557.png,0,05,easy_clean,0.000807239,1.0,0.0047285459,normal_replay,FoldBalanced-Gap
RUN_122,TRIAD_041,A14_FoldBalanced-Gap_B3000,R1,1385197443,987373371,361,Det/images/normal_train/00844401.png,0,00,easy_clean,0.0013476329,1.0,0.0018796447,normal_replay,FoldBalanced-Gap
RUN_122,TRIAD_041,A14_FoldBalanced-Gap_B3000,R1,1385197443,987373371,362,Det/images/normal_train/00283096.png,0,03,easy_clean,0.0032321558,1.0,0.0203098852,normal_replay,FoldBalanced-Gap
RUN_122,TRIAD_041,A14_FoldBalanced-Gap_B3000,R1,1385197443,987373371,363,Det/images/normal_train/00826343.png,0,03,easy_clean,0.0032824896,1.0,0.013337586,normal_replay,FoldBalanced-Gap
RUN_122,TRIAD_041,A14_FoldBalanced-Gap_B3000,R1,1385197443,987373371,364,Det/images/normal_train/00839727.png,0,06,easy_clean,0.0040246974,1.0,0.008087613,normal_replay,FoldBalanced-Gap
RUN_122,TRIAD_041,A14_FoldBalanced-Gap_B3000,R1,1385197443,987373371,365,Det/images/normal_train/00623458.png,0,08,easy_clean,0.0334554882,1.0,0.0622028715,normal_replay,FoldBalanced-Gap
RUN_122,TRIAD_041,A14_FoldBalanced-Gap_B3000,R1,1385197443,987373371,366,Det/images/normal_train/00330950.png,0,00,easy_clean,0.0119142752,1.0,0.01587183,normal_replay,FoldBalanced-Gap
RUN_122,TRIAD_041,A14_FoldBalanced-Gap_B3000,R1,1385197443,987373371,367,Det/images/normal_train/00671841.png,0,00,learnable_hard,0.0098395289,0.995,0.0687532489,normal_replay,FoldBalanced-Gap
RUN_122,TRIAD_041,A14_FoldBalanced-Gap_B3000,R1,1385197443,987373371,368,Det/images/normal_train/00885243.png,0,04,easy_clean,0.0082610038,1.0,0.0083054845,normal_replay,FoldBalanced-Gap
RUN_122,TRIAD_041,A14_FoldBalanced-Gap_B3000,R1,1385197443,987373371,369,Det/images/normal_train/01220508.png,0,01,learnable_hard,0.0470603761,0.995,0.0501485986,normal_replay,FoldBalanced-Gap
RUN_122,TRIAD_041,A14_FoldBalanced-Gap_B3000,R1,1385197443,987373371,370,Det/images/normal_train/00668116.png,0,04,persistent_hard,0.656954326,0.21,0.186858736,normal_replay,FoldBalanced-Gap
RUN_122,TRIAD_041,A14_FoldBalanced-Gap_B3000,R1,1385197443,987373371,371,Det/images/normal_train/00851505.png,0,01,easy_clean,0.0008098381,1.0,0.0020044271,normal_replay,FoldBalanced-Gap
RUN_122,TRIAD_041,A14_FoldBalanced-Gap_B3000,R1,1385197443,987373371,372,Det/images/normal_train/00394851.png,0,05,easy_clean,0.011408054,1.0,0.013943343,normal_replay,FoldBalanced-Gap
RUN_122,TRIAD_041,A14_FoldBalanced-Gap_B3000,R1,1385197443,987373371,373,Det/images/normal_train/00541110.png,0,08,easy_clean,0.0328558873,1.0,0.0255690652,normal_replay,FoldBalanced-Gap
RUN_122,TRIAD_041,A14_FoldBalanced-Gap_B3000,R1,1385197443,987373371,374,Det/images/normal_train/01223849.png,0,03,easy_clean,0.0269782171,1.0,0.022254129,normal_replay,FoldBalanced-Gap
RUN_122,TRIAD_041,A14_FoldBalanced-Gap_B3000,R1,1385197443,987373371,375,Det/images/normal_train/00375802.png,0,04,easy_clean,0.0137540453,1.0,0.0112935296,normal_replay,FoldBalanced-Gap
RUN_122,TRIAD_041,A14_FoldBalanced-Gap_B3000,R1,1385197443,987373371,376,Det/images/normal_train/01016154.png,0,04,learnable_hard,0.1020445694,0.995,0.0645084702,normal_replay,FoldBalanced-Gap
RUN_122,TRIAD_041,A14_FoldBalanced-Gap_B3000,R1,1385197443,987373371,377,Det/images/normal_train/00774686.png,0,00,easy_clean,0.0036055738,1.0,0.0125314682,normal_replay,FoldBalanced-Gap
RUN_122,TRIAD_041,A14_FoldBalanced-Gap_B3000,R1,1385197443,987373371,378,Det/images/normal_train/00370539.png,0,06,easy_clean,0.0010798369,1.0,0.0029814724,normal_replay,FoldBalanced-Gap
RUN_122,TRIAD_041,A14_FoldBalanced-Gap_B3000,R1,1385197443,987373371,379,Det/images/normal_train/00379548.png,0,02,easy_clean,0.0029562584,1.0,0.0039336633,normal_replay,FoldBalanced-Gap
RUN_122,TRIAD_041,A14_FoldBalanced-Gap_B3000,R1,1385197443,987373371,380,Det/images/normal_train/00608657.png,0,06,easy_clean,0.0100988176,1.0,0.0159248659,normal_replay,FoldBalanced-Gap
RUN_122,TRIAD_041,A14_FoldBalanced-Gap_B3000,R1,1385197443,987373371,381,Det/images/normal_train/01039445.png,0,01,easy_clean,0.0494427704,1.0,0.0731297052,normal_replay,FoldBalanced-Gap
RUN_122,TRIAD_041,A14_FoldBalanced-Gap_B3000,R1,1385197443,987373371,382,Det/images/normal_train/00297813.png,0,08,easy_clean,0.0579712285,1.0,0.0682233415,normal_replay,FoldBalanced-Gap
RUN_122,TRIAD_041,A14_FoldBalanced-Gap_B3000,R1,1385197443,987373371,383,Det/images/normal_train/00399119.png,0,08,easy_clean,0.0076783799,1.0,0.0098637582,normal_replay,FoldBalanced-Gap
RUN_122,TRIAD_041,A14_FoldBalanced-Gap_B3000,R1,1385197443,987373371,384,Det/images/normal_train/00801947.png,0,06,learnable_hard,0.2092893532,0.98,0.1152126531,normal_replay,FoldBalanced-Gap
RUN_122,TRIAD_041,A14_FoldBalanced-Gap_B3000,R1,1385197443,987373371,385,Det/images/normal_train/00207942.png,0,01,easy_clean,0.0015596315,1.0,0.00587931,normal_replay,FoldBalanced-Gap
RUN_122,TRIAD_041,A14_FoldBalanced-Gap_B3000,R1,1385197443,987373371,386,Det/images/normal_train/00625612.png,0,08,easy_clean,0.0120864222,1.0,0.014412306,normal_replay,FoldBalanced-Gap
RUN_122,TRIAD_041,A14_FoldBalanced-Gap_B3000,R1,1385197443,987373371,387,Det/images/normal_train/01257764.png,0,07,easy_clean,0.0424470793,1.0,0.0366204796,normal_replay,FoldBalanced-Gap
RUN_122,TRIAD_041,A14_FoldBalanced-Gap_B3000,R1,1385197443,987373371,388,Det/images/normal_train/00233452.png,0,03,easy_clean,0.0060686388,1.0,0.0087235226,normal_replay,FoldBalanced-Gap
RUN_122,TRIAD_041,A14_FoldBalanced-Gap_B3000,R1,1385197443,987373371,389,Det/images/normal_train/00178739.png,0,02,learnable_hard,0.0596010686,0.995,0.0824836643,normal_replay,FoldBalanced-Gap
RUN_122,TRIAD_041,A14_FoldBalanced-Gap_B3000,R1,1385197443,987373371,390,Det/images/normal_train/00806703.png,0,08,easy_clean,0.0138849259,1.0,0.0209417917,normal_replay,FoldBalanced-Gap
RUN_122,TRIAD_041,A14_FoldBalanced-Gap_B3000,R1,1385197443,987373371,391,Det/images/normal_train/01218311.png,0,03,learnable_hard,0.0350246942,0.995,0.0548968215,normal_replay,FoldBalanced-Gap
RUN_122,TRIAD_041,A14_FoldBalanced-Gap_B3000,R1,1385197443,987373371,392,Det/images/normal_train/00210421.png,0,00,easy_clean,0.01996693,1.0,0.0072412863,normal_replay,FoldBalanced-Gap
RUN_122,TRIAD_041,A14_FoldBalanced-Gap_B3000,R1,1385197443,987373371,393,Det/images/normal_train/00896667.png,0,07,learnable_hard,0.2357089703,0.87,0.1752814072,normal_replay,FoldBalanced-Gap
RUN_122,TRIAD_041,A14_FoldBalanced-Gap_B3000,R1,1385197443,987373371,394,Det/images/normal_train/00981836.png,0,05,unstable_boundary,0.5781528295,0.195,0.1202436434,normal_replay,FoldBalanced-Gap
RUN_122,TRIAD_041,A14_FoldBalanced-Gap_B3000,R1,1385197443,987373371,395,Det/images/normal_train/01031386.png,0,09,easy_clean,0.0131256385,1.0,0.0156785913,normal_replay,FoldBalanced-Gap
RUN_122,TRIAD_041,A14_FoldBalanced-Gap_B3000,R1,1385197443,987373371,396,Det/images/normal_train/00184792.png,0,05,easy_clean,0.0089962553,1.0,0.0171218555,normal_replay,FoldBalanced-Gap
RUN_122,TRIAD_041,A14_FoldBalanced-Gap_B3000,R1,1385197443,987373371,397,Det/images/normal_train/00626330.png,0,05,easy_clean,0.0093212356,1.0,0.0288810416,normal_replay,FoldBalanced-Gap
RUN_122,TRIAD_041,A14_FoldBalanced-Gap_B3000,R1,1385197443,987373371,398,Det/images/normal_train/01283232.png,0,06,easy_clean,0.0410180099,1.0,0.0443649895,normal_replay,FoldBalanced-Gap
RUN_122,TRIAD_041,A14_FoldBalanced-Gap_B3000,R1,1385197443,987373371,399,Det/images/normal_train/01232028.png,0,09,learnable_hard,0.7331472237,0.085,0.140347779,normal_replay,FoldBalanced-Gap
RUN_122,TRIAD_041,A14_FoldBalanced-Gap_B3000,R1,1385197443,987373371,400,Det/images/normal_train/00508428.png,0,03,easy_clean,0.0018668373,1.0,0.0036944858,normal_replay,FoldBalanced-Gap
RUN_122,TRIAD_041,A14_FoldBalanced-Gap_B3000,R1,1385197443,987373371,401,Det/images/normal_train/01239889.png,0,04,easy_clean,0.0126774293,1.0,0.0169077331,normal_replay,FoldBalanced-Gap
RUN_122,TRIAD_041,A14_FoldBalanced-Gap_B3000,R1,1385197443,987373371,402,Det/images/normal_train/01174239.png,0,01,easy_clean,0.0031489349,1.0,0.0084514234,normal_replay,FoldBalanced-Gap
RUN_122,TRIAD_041,A14_FoldBalanced-Gap_B3000,R1,1385197443,987373371,403,Det/images/normal_train/00540298.png,0,05,easy_clean,0.0148283351,1.0,0.0228358723,normal_replay,FoldBalanced-Gap
RUN_122,TRIAD_041,A14_FoldBalanced-Gap_B3000,R1,1385197443,987373371,404,Det/images/normal_train/01099791.png,0,03,easy_clean,0.0068908403,1.0,0.0116029502,normal_replay,FoldBalanced-Gap
RUN_122,TRIAD_041,A14_FoldBalanced-Gap_B3000,R1,1385197443,987373371,405,Det/images/normal_train/00757648.png,0,05,easy_clean,0.0065399227,1.0,0.0199537414,normal_replay,FoldBalanced-Gap
RUN_122,TRIAD_041,A14_FoldBalanced-Gap_B3000,R1,1385197443,987373371,406,Det/images/normal_train/01089310.png,0,01,easy_clean,0.0007381321,1.0,0.0013264521,normal_replay,FoldBalanced-Gap
RUN_122,TRIAD_041,A14_FoldBalanced-Gap_B3000,R1,1385197443,987373371,407,Det/images/normal_train/00862322.png,0,07,easy_clean,0.0071228709,1.0,0.0095879462,normal_replay,FoldBalanced-Gap
RUN_122,TRIAD_041,A14_FoldBalanced-Gap_B3000,R1,1385197443,987373371,408,Det/images/normal_train/01251056.png,0,04,easy_clean,0.0182624617,1.0,0.0171245949,normal_replay,FoldBalanced-Gap
RUN_122,TRIAD_041,A14_FoldBalanced-Gap_B3000,R1,1385197443,987373371,409,Det/images/normal_train/00585466.png,0,05,easy_clean,0.0053389139,1.0,0.0062603614,normal_replay,FoldBalanced-Gap
RUN_122,TRIAD_041,A14_FoldBalanced-Gap_B3000,R1,1385197443,987373371,410,Det/images/normal_train/00533053.png,0,02,easy_clean,0.0002822396,1.0,0.000626256,normal_replay,FoldBalanced-Gap
RUN_122,TRIAD_041,A14_FoldBalanced-Gap_B3000,R1,1385197443,987373371,411,Det/images/normal_train/00368539.png,0,02,easy_clean,0.0008396512,1.0,0.0017457285,normal_replay,FoldBalanced-Gap
RUN_122,TRIAD_041,A14_FoldBalanced-Gap_B3000,R1,1385197443,987373371,412,Det/images/normal_train/01209238.png,0,08,learnable_hard,0.1039828561,0.99,0.0863004319,normal_replay,FoldBalanced-Gap
RUN_122,TRIAD_041,A14_FoldBalanced-Gap_B3000,R1,1385197443,987373371,413,Det/images/normal_train/00971279.png,0,02,easy_clean,0.0051462829,1.0,0.0063094857,normal_replay,FoldBalanced-Gap
RUN_122,TRIAD_041,A14_FoldBalanced-Gap_B3000,R1,1385197443,987373371,414,Det/images/normal_train/00467980.png,0,01,easy_clean,0.0021542812,1.0,0.0029182609,normal_replay,FoldBalanced-Gap
RUN_122,TRIAD_041,A14_FoldBalanced-Gap_B3000,R1,1385197443,987373371,415,Det/images/normal_train/00175494.png,0,06,easy_clean,0.0026671762,1.0,0.0026799821,normal_replay,FoldBalanced-Gap
RUN_122,TRIAD_041,A14_FoldBalanced-Gap_B3000,R1,1385197443,987373371,416,Det/images/normal_train/00589471.png,0,03,ordinary,0.4401010819,0.705,0.2694972022,normal_replay,FoldBalanced-Gap
RUN_122,TRIAD_041,A14_FoldBalanced-Gap_B3000,R1,1385197443,987373371,417,Det/images/normal_train/00796487.png,0,04,easy_clean,0.0017519449,1.0,0.0040539575,normal_replay,FoldBalanced-Gap
RUN_122,TRIAD_041,A14_FoldBalanced-Gap_B3000,R1,1385197443,987373371,418,Det/images/normal_train/01068874.png,0,00,ordinary,0.1852936963,1.0,0.0758574267,normal_replay,FoldBalanced-Gap
RUN_122,TRIAD_041,A14_FoldBalanced-Gap_B3000,R1,1385197443,987373371,419,Det/images/normal_train/00322926.png,0,05,easy_clean,0.0013516541,1.0,0.0025722633,normal_replay,FoldBalanced-Gap
RUN_122,TRIAD_041,A14_FoldBalanced-Gap_B3000,R1,1385197443,987373371,420,Det/images/normal_train/00974428.png,0,05,easy_clean,0.0044894664,1.0,0.0060418558,normal_replay,FoldBalanced-Gap
RUN_122,TRIAD_041,A14_FoldBalanced-Gap_B3000,R1,1385197443,987373371,421,Det/images/normal_train/01170648.png,0,09,learnable_hard,0.1658574585,0.995,0.103453628,normal_replay,FoldBalanced-Gap
RUN_122,TRIAD_041,A14_FoldBalanced-Gap_B3000,R1,1385197443,987373371,422,Det/images/normal_train/01277566.png,0,07,ordinary,0.0931116586,1.0,0.0606193271,normal_replay,FoldBalanced-Gap
RUN_122,TRIAD_041,A14_FoldBalanced-Gap_B3000,R1,1385197443,987373371,423,Det/images/normal_train/00177415.png,0,07,easy_clean,0.0100739524,1.0,0.017516512,normal_replay,FoldBalanced-Gap
RUN_122,TRIAD_041,A14_FoldBalanced-Gap_B3000,R1,1385197443,987373371,424,Det/images/normal_train/01276816.png,0,01,easy_clean,0.0516009746,1.0,0.0489381577,normal_replay,FoldBalanced-Gap
RUN_122,TRIAD_041,A14_FoldBalanced-Gap_B3000,R1,1385197443,987373371,425,Det/images/normal_train/01084415.png,0,01,easy_clean,0.0271970779,1.0,0.0423239136,normal_replay,FoldBalanced-Gap
RUN_122,TRIAD_041,A14_FoldBalanced-Gap_B3000,R1,1385197443,987373371,426,Det/images/normal_train/01001023.png,0,05,easy_clean,0.0820518123,1.0,0.0650178537,normal_replay,FoldBalanced-Gap
RUN_122,TRIAD_041,A14_FoldBalanced-Gap_B3000,R1,1385197443,987373371,427,Det/images/normal_train/00826538.png,0,03,easy_clean,0.0008957061,1.0,0.0029078098,normal_replay,FoldBalanced-Gap
RUN_122,TRIAD_041,A14_FoldBalanced-Gap_B3000,R1,1385197443,987373371,428,Det/images/normal_train/00503706.png,0,03,ordinary,0.110771283,1.0,0.0528367096,normal_replay,FoldBalanced-Gap
RUN_122,TRIAD_041,A14_FoldBalanced-Gap_B3000,R1,1385197443,987373371,429,Det/images/normal_train/00344071.png,0,00,easy_clean,0.0759804083,1.0,0.0329905954,normal_replay,FoldBalanced-Gap
RUN_122,TRIAD_041,A14_FoldBalanced-Gap_B3000,R1,1385197443,987373371,430,Det/images/normal_train/00590099.png,0,04,persistent_hard,0.6020218478,0.425,0.189235846,normal_replay,FoldBalanced-Gap
RUN_122,TRIAD_041,A14_FoldBalanced-Gap_B3000,R1,1385197443,987373371,431,Det/images/normal_train/00826188.png,0,03,easy_clean,0.0065778112,1.0,0.0082226311,normal_replay,FoldBalanced-Gap
RUN_122,TRIAD_041,A14_FoldBalanced-Gap_B3000,R1,1385197443,987373371,432,Det/images/normal_train/01175600.png,0,05,easy_clean,0.0159215775,1.0,0.0132272838,normal_replay,FoldBalanced-Gap
RUN_122,TRIAD_041,A14_FoldBalanced-Gap_B3000,R1,1385197443,987373371,433,Det/images/normal_train/00405065.png,0,05,easy_clean,0.0050958945,1.0,0.0035185707,normal_replay,FoldBalanced-Gap
RUN_122,TRIAD_041,A14_FoldBalanced-Gap_B3000,R1,1385197443,987373371,434,Det/images/normal_train/01213706.png,0,03,easy_clean,0.0468968752,1.0,0.0362876794,normal_replay,FoldBalanced-Gap
RUN_122,TRIAD_041,A14_FoldBalanced-Gap_B3000,R1,1385197443,987373371,435,Det/images/normal_train/01292284.png,0,07,easy_clean,0.0287136409,1.0,0.039857273,normal_replay,FoldBalanced-Gap
RUN_122,TRIAD_041,A14_FoldBalanced-Gap_B3000,R1,1385197443,987373371,436,Det/images/normal_train/01220755.png,0,01,easy_clean,0.0257029056,1.0,0.0227915485,normal_replay,FoldBalanced-Gap
RUN_122,TRIAD_041,A14_FoldBalanced-Gap_B3000,R1,1385197443,987373371,437,Det/images/normal_train/00343051.png,0,02,easy_clean,0.0022997357,1.0,0.0033283452,normal_replay,FoldBalanced-Gap
RUN_122,TRIAD_041,A14_FoldBalanced-Gap_B3000,R1,1385197443,987373371,438,Det/images/normal_train/00384030.png,0,08,learnable_hard,0.0629967896,0.995,0.0854561105,normal_replay,FoldBalanced-Gap
RUN_122,TRIAD_041,A14_FoldBalanced-Gap_B3000,R1,1385197443,987373371,439,Det/images/normal_train/00830016.png,0,06,easy_clean,0.01204462,1.0,0.0183142019,normal_replay,FoldBalanced-Gap
RUN_122,TRIAD_041,A14_FoldBalanced-Gap_B3000,R1,1385197443,987373371,440,Det/images/normal_train/00579978.png,0,05,easy_clean,0.0038223632,1.0,0.0048270085,normal_replay,FoldBalanced-Gap
RUN_122,TRIAD_041,A14_FoldBalanced-Gap_B3000,R1,1385197443,987373371,441,Det/images/normal_train/00352305.png,0,07,easy_clean,0.0252278029,1.0,0.0306115178,normal_replay,FoldBalanced-Gap
RUN_122,TRIAD_041,A14_FoldBalanced-Gap_B3000,R1,1385197443,987373371,442,Det/images/normal_train/00610193.png,0,05,easy_clean,0.0001501875,1.0,0.0002244764,normal_replay,FoldBalanced-Gap
RUN_122,TRIAD_041,A14_FoldBalanced-Gap_B3000,R1,1385197443,987373371,443,Det/images/normal_train/01276375.png,0,01,ordinary,0.139695896,1.0,0.0715289756,normal_replay,FoldBalanced-Gap
RUN_122,TRIAD_041,A14_FoldBalanced-Gap_B3000,R1,1385197443,987373371,444,Det/images/normal_train/00864210.png,0,07,easy_clean,0.0221007639,1.0,0.0218151602,normal_replay,FoldBalanced-Gap
RUN_122,TRIAD_041,A14_FoldBalanced-Gap_B3000,R1,1385197443,987373371,445,Det/images/normal_train/00462065.png,0,03,easy_clean,0.0003984591,1.0,0.0009089357,normal_replay,FoldBalanced-Gap
RUN_122,TRIAD_041,A14_FoldBalanced-Gap_B3000,R1,1385197443,987373371,446,Det/images/normal_train/01137562.png,0,03,easy_clean,0.093473969,1.0,0.0472663935,normal_replay,FoldBalanced-Gap
RUN_122,TRIAD_041,A14_FoldBalanced-Gap_B3000,R1,1385197443,987373371,447,Det/images/normal_train/00831041.png,0,00,easy_clean,0.0006035148,1.0,0.0010269892,normal_replay,FoldBalanced-Gap
RUN_122,TRIAD_041,A14_FoldBalanced-Gap_B3000,R1,1385197443,987373371,448,Det/images/normal_train/00528914.png,0,04,easy_clean,0.0015951458,1.0,0.0028855315,normal_replay,FoldBalanced-Gap
RUN_122,TRIAD_041,A14_FoldBalanced-Gap_B3000,R1,1385197443,987373371,449,Det/images/normal_train/00953503.png,0,06,ordinary,0.1446409913,1.0,0.0750989692,normal_replay,FoldBalanced-Gap
RUN_122,TRIAD_041,A14_FoldBalanced-Gap_B3000,R1,1385197443,987373371,450,Det/images/normal_train/00280749.png,0,03,persistent_hard,0.6672670457,0.14,0.1733001782,normal_replay,FoldBalanced-Gap
RUN_122,TRIAD_041,A14_FoldBalanced-Gap_B3000,R1,1385197443,987373371,451,Det/images/normal_train/00534076.png,0,03,easy_clean,0.0035069039,1.0,0.0062167412,normal_replay,FoldBalanced-Gap
RUN_122,TRIAD_041,A14_FoldBalanced-Gap_B3000,R1,1385197443,987373371,452,Det/images/normal_train/01251789.png,0,04,learnable_hard,0.2043987803,0.975,0.1165865375,normal_replay,FoldBalanced-Gap
RUN_122,TRIAD_041,A14_FoldBalanced-Gap_B3000,R1,1385197443,987373371,453,Det/images/normal_train/00593309.png,0,03,easy_clean,0.0034607947,1.0,0.0216759717,normal_replay,FoldBalanced-Gap
RUN_122,TRIAD_041,A14_FoldBalanced-Gap_B3000,R1,1385197443,987373371,454,Det/images/normal_train/00885583.png,0,04,easy_clean,0.0045880651,1.0,0.005790376,normal_replay,FoldBalanced-Gap
RUN_122,TRIAD_041,A14_FoldBalanced-Gap_B3000,R1,1385197443,987373371,455,Det/images/normal_train/01213153.png,0,03,easy_clean,0.0143646799,1.0,0.0183326474,normal_replay,FoldBalanced-Gap
RUN_122,TRIAD_041,A14_FoldBalanced-Gap_B3000,R1,1385197443,987373371,456,Det/images/normal_train/00532549.png,0,07,easy_clean,0.0031591552,1.0,0.020896806,normal_replay,FoldBalanced-Gap
RUN_122,TRIAD_041,A14_FoldBalanced-Gap_B3000,R1,1385197443,987373371,457,Det/images/normal_train/00468921.png,0,06,easy_clean,0.0387596212,1.0,0.0255948939,normal_replay,FoldBalanced-Gap
RUN_122,TRIAD_041,A14_FoldBalanced-Gap_B3000,R1,1385197443,987373371,458,Det/images/normal_train/00798404.png,0,03,learnable_hard,0.0293428541,0.99,0.0751262964,normal_replay,FoldBalanced-Gap
RUN_122,TRIAD_041,A14_FoldBalanced-Gap_B3000,R1,1385197443,987373371,459,Det/images/normal_train/00682348.png,0,00,easy_clean,0.0028597293,1.0,0.015376216,normal_replay,FoldBalanced-Gap
RUN_122,TRIAD_041,A14_FoldBalanced-Gap_B3000,R1,1385197443,987373371,460,Det/images/normal_train/00970412.png,0,05,easy_clean,0.0006748402,1.0,0.0024329024,normal_replay,FoldBalanced-Gap
RUN_122,TRIAD_041,A14_FoldBalanced-Gap_B3000,R1,1385197443,987373371,461,Det/images/normal_train/00415423.png,0,04,ordinary,0.4024356848,0.805,0.2004945208,normal_replay,FoldBalanced-Gap
RUN_122,TRIAD_041,A14_FoldBalanced-Gap_B3000,R1,1385197443,987373371,462,Det/images/normal_train/00482094.png,0,02,easy_clean,0.0035045008,1.0,0.0027007915,normal_replay,FoldBalanced-Gap
RUN_122,TRIAD_041,A14_FoldBalanced-Gap_B3000,R1,1385197443,987373371,463,Det/images/normal_train/00946952.png,0,07,easy_clean,0.001387966,1.0,0.0025820527,normal_replay,FoldBalanced-Gap
RUN_122,TRIAD_041,A14_FoldBalanced-Gap_B3000,R1,1385197443,987373371,464,Det/images/normal_train/00811248.png,0,02,easy_clean,0.0021103148,1.0,0.0027005722,normal_replay,FoldBalanced-Gap
RUN_122,TRIAD_041,A14_FoldBalanced-Gap_B3000,R1,1385197443,987373371,465,Det/images/normal_train/00829885.png,0,09,easy_clean,0.0005724914,1.0,0.0009739613,normal_replay,FoldBalanced-Gap
RUN_122,TRIAD_041,A14_FoldBalanced-Gap_B3000,R1,1385197443,987373371,466,Det/images/normal_train/01222380.png,0,07,easy_clean,0.0822492433,1.0,0.0372175127,normal_replay,FoldBalanced-Gap
RUN_122,TRIAD_041,A14_FoldBalanced-Gap_B3000,R1,1385197443,987373371,467,Det/images/normal_train/00534072.png,0,03,easy_clean,0.0024479547,1.0,0.0035162521,normal_replay,FoldBalanced-Gap
RUN_122,TRIAD_041,A14_FoldBalanced-Gap_B3000,R1,1385197443,987373371,468,Det/images/normal_train/00801199.png,0,06,easy_clean,0.0071329591,1.0,0.007272887,normal_replay,FoldBalanced-Gap
RUN_122,TRIAD_041,A14_FoldBalanced-Gap_B3000,R1,1385197443,987373371,469,Det/images/normal_train/00835630.png,0,02,unstable_boundary,0.5050108235,0.45,0.1203453137,normal_replay,FoldBalanced-Gap
RUN_122,TRIAD_041,A14_FoldBalanced-Gap_B3000,R1,1385197443,987373371,470,Det/images/normal_train/00776942.png,0,06,easy_clean,0.0009055229,1.0,0.0036026729,normal_replay,FoldBalanced-Gap
RUN_122,TRIAD_041,A14_FoldBalanced-Gap_B3000,R1,1385197443,987373371,471,Det/images/normal_train/01043880.png,0,00,easy_clean,0.003796402,1.0,0.0140498513,normal_replay,FoldBalanced-Gap
RUN_122,TRIAD_041,A14_FoldBalanced-Gap_B3000,R1,1385197443,987373371,472,Det/images/normal_train/01174689.png,0,01,easy_clean,0.0015447083,1.0,0.0029410252,normal_replay,FoldBalanced-Gap
RUN_122,TRIAD_041,A14_FoldBalanced-Gap_B3000,R1,1385197443,987373371,473,Det/images/normal_train/00660360.png,0,00,easy_clean,0.0067968086,1.0,0.015088814,normal_replay,FoldBalanced-Gap
RUN_122,TRIAD_041,A14_FoldBalanced-Gap_B3000,R1,1385197443,987373371,474,Det/images/normal_train/00201938.png,0,08,easy_clean,0.0175747205,1.0,0.0350955115,normal_replay,FoldBalanced-Gap
RUN_122,TRIAD_041,A14_FoldBalanced-Gap_B3000,R1,1385197443,987373371,475,Det/images/normal_train/01261331.png,0,00,unstable_boundary,0.4922932415,0.37,0.1655161056,normal_replay,FoldBalanced-Gap
RUN_122,TRIAD_041,A14_FoldBalanced-Gap_B3000,R1,1385197443,987373371,476,Det/images/normal_train/01054633.png,0,00,easy_clean,0.0021947621,1.0,0.0039428073,normal_replay,FoldBalanced-Gap
RUN_122,TRIAD_041,A14_FoldBalanced-Gap_B3000,R1,1385197443,987373371,477,Det/images/normal_train/00533399.png,0,02,easy_clean,0.0055026994,1.0,0.0077341073,normal_replay,FoldBalanced-Gap
RUN_122,TRIAD_041,A14_FoldBalanced-Gap_B3000,R1,1385197443,987373371,478,Det/images/normal_train/01105724.png,0,05,easy_clean,0.0104768995,1.0,0.0122923151,normal_replay,FoldBalanced-Gap
RUN_122,TRIAD_041,A14_FoldBalanced-Gap_B3000,R1,1385197443,987373371,479,Det/images/normal_train/00555437.png,0,07,learnable_hard,0.1098918572,0.985,0.1147189845,normal_replay,FoldBalanced-Gap
RUN_122,TRIAD_041,A14_FoldBalanced-Gap_B3000,R1,1385197443,987373371,480,Det/images/normal_train/01285268.png,0,08,easy_clean,0.0307054364,1.0,0.0470800692,normal_replay,FoldBalanced-Gap
RUN_122,TRIAD_041,A14_FoldBalanced-Gap_B3000,R1,1385197443,987373371,481,Det/images/normal_train/01178641.png,0,02,unstable_boundary,0.3937148462,0.885,0.1090594184,normal_replay,FoldBalanced-Gap
RUN_122,TRIAD_041,A14_FoldBalanced-Gap_B3000,R1,1385197443,987373371,482,Det/images/normal_train/01196999.png,0,06,easy_clean,0.0712524375,1.0,0.0612892293,normal_replay,FoldBalanced-Gap
RUN_122,TRIAD_041,A14_FoldBalanced-Gap_B3000,R1,1385197443,987373371,483,Det/images/normal_train/00286514.png,0,06,easy_clean,0.0075603441,1.0,0.0179579404,normal_replay,FoldBalanced-Gap
RUN_122,TRIAD_041,A14_FoldBalanced-Gap_B3000,R1,1385197443,987373371,484,Det/images/normal_train/01261142.png,0,00,easy_clean,0.0275117425,1.0,0.0145500407,normal_replay,FoldBalanced-Gap
RUN_122,TRIAD_041,A14_FoldBalanced-Gap_B3000,R1,1385197443,987373371,485,Det/images/normal_train/00592596.png,0,07,easy_clean,0.000320195,1.0,0.001356973,normal_replay,FoldBalanced-Gap
RUN_122,TRIAD_041,A14_FoldBalanced-Gap_B3000,R1,1385197443,987373371,486,Det/images/normal_train/01060648.png,0,01,learnable_hard,0.0324840899,0.995,0.0590530747,normal_replay,FoldBalanced-Gap
RUN_122,TRIAD_041,A14_FoldBalanced-Gap_B3000,R1,1385197443,987373371,487,Det/images/normal_train/01186557.png,0,09,ordinary,0.1406672551,1.0,0.050026258,normal_replay,FoldBalanced-Gap
RUN_122,TRIAD_041,A14_FoldBalanced-Gap_B3000,R1,1385197443,987373371,488,Det/images/normal_train/01128834.png,0,09,easy_clean,0.0127108714,1.0,0.0149697344,normal_replay,FoldBalanced-Gap
RUN_122,TRIAD_041,A14_FoldBalanced-Gap_B3000,R1,1385197443,987373371,489,Det/images/normal_train/01269050.png,0,00,easy_clean,0.0017040788,1.0,0.002262049,normal_replay,FoldBalanced-Gap
RUN_122,TRIAD_041,A14_FoldBalanced-Gap_B3000,R1,1385197443,987373371,490,Det/images/normal_train/00819269.png,0,07,easy_clean,0.0001113271,1.0,0.0001683223,normal_replay,FoldBalanced-Gap
RUN_122,TRIAD_041,A14_FoldBalanced-Gap_B3000,R1,1385197443,987373371,491,Det/images/normal_train/01025924.png,0,01,easy_clean,0.0638220905,1.0,0.0604136055,normal_replay,FoldBalanced-Gap
RUN_122,TRIAD_041,A14_FoldBalanced-Gap_B3000,R1,1385197443,987373371,492,Det/images/normal_train/00973682.png,0,05,easy_clean,0.0043206478,1.0,0.0063038978,normal_replay,FoldBalanced-Gap
RUN_122,TRIAD_041,A14_FoldBalanced-Gap_B3000,R1,1385197443,987373371,493,Det/images/normal_train/01039982.png,0,01,learnable_hard,0.036646871,0.995,0.0633620042,normal_replay,FoldBalanced-Gap
RUN_122,TRIAD_041,A14_FoldBalanced-Gap_B3000,R1,1385197443,987373371,494,Det/images/normal_train/00227916.png,0,04,easy_clean,0.0080361797,1.0,0.015173124,normal_replay,FoldBalanced-Gap
RUN_122,TRIAD_041,A14_FoldBalanced-Gap_B3000,R1,1385197443,987373371,495,Det/images/normal_train/00823766.png,0,02,easy_clean,0.0003309511,1.0,0.0005357286,normal_replay,FoldBalanced-Gap
RUN_122,TRIAD_041,A14_FoldBalanced-Gap_B3000,R1,1385197443,987373371,496,Det/images/normal_train/00347111.png,0,09,easy_clean,0.0438939235,1.0,0.0310718146,normal_replay,FoldBalanced-Gap
RUN_122,TRIAD_041,A14_FoldBalanced-Gap_B3000,R1,1385197443,987373371,497,Det/images/normal_train/00603447.png,0,09,easy_clean,0.0135346782,1.0,0.0110864507,normal_replay,FoldBalanced-Gap
RUN_122,TRIAD_041,A14_FoldBalanced-Gap_B3000,R1,1385197443,987373371,498,Det/images/normal_train/00921401.png,0,02,easy_clean,0.0010683317,1.0,0.007091621,normal_replay,FoldBalanced-Gap
RUN_122,TRIAD_041,A14_FoldBalanced-Gap_B3000,R1,1385197443,987373371,499,Det/images/normal_train/00274108.png,0,05,easy_clean,0.0026298714,1.0,0.0020996003,normal_replay,FoldBalanced-Gap
RUN_122,TRIAD_041,A14_FoldBalanced-Gap_B3000,R1,1385197443,987373371,500,Det/images/normal_train/01220312.png,0,01,learnable_hard,0.0753819579,0.995,0.0653574046,normal_replay,FoldBalanced-Gap
RUN_122,TRIAD_041,A14_FoldBalanced-Gap_B3000,R1,1385197443,987373371,501,Det/images/normal_train/01249420.png,0,05,easy_clean,0.0336521407,1.0,0.025093971,normal_replay,FoldBalanced-Gap
RUN_122,TRIAD_041,A14_FoldBalanced-Gap_B3000,R1,1385197443,987373371,502,Det/images/normal_train/00264101.png,0,07,easy_clean,0.0016362492,1.0,0.0023025626,normal_replay,FoldBalanced-Gap
RUN_122,TRIAD_041,A14_FoldBalanced-Gap_B3000,R1,1385197443,987373371,503,Det/images/normal_train/00707187.png,0,07,easy_clean,0.0423960197,0.99,0.0813084624,normal_replay,FoldBalanced-Gap
RUN_122,TRIAD_041,A14_FoldBalanced-Gap_B3000,R1,1385197443,987373371,504,Det/images/normal_train/00352992.png,0,07,learnable_hard,0.1390315763,0.995,0.1235822361,normal_replay,FoldBalanced-Gap
RUN_122,TRIAD_041,A14_FoldBalanced-Gap_B3000,R1,1385197443,987373371,505,Det/images/normal_train/00207002.png,0,01,easy_clean,0.0094016167,1.0,0.0200703634,normal_replay,FoldBalanced-Gap
RUN_122,TRIAD_041,A14_FoldBalanced-Gap_B3000,R1,1385197443,987373371,506,Det/images/normal_train/00840549.png,0,00,easy_clean,0.0020365704,1.0,0.0027405177,normal_replay,FoldBalanced-Gap
RUN_122,TRIAD_041,A14_FoldBalanced-Gap_B3000,R1,1385197443,987373371,507,Det/images/normal_train/00826437.png,0,03,easy_clean,0.0009330967,1.0,0.0020776696,normal_replay,FoldBalanced-Gap
RUN_122,TRIAD_041,A14_FoldBalanced-Gap_B3000,R1,1385197443,987373371,508,Det/images/normal_train/01169987.png,0,08,learnable_hard,0.08308321,0.99,0.0777232612,normal_replay,FoldBalanced-Gap
RUN_122,TRIAD_041,A14_FoldBalanced-Gap_B3000,R1,1385197443,987373371,509,Det/images/normal_train/00965865.png,0,03,learnable_hard,0.0794514892,0.98,0.1239217653,normal_replay,FoldBalanced-Gap
RUN_122,TRIAD_041,A14_FoldBalanced-Gap_B3000,R1,1385197443,987373371,510,Det/images/normal_train/00193484.png,0,06,easy_clean,0.011791479,1.0,0.0156927109,normal_replay,FoldBalanced-Gap
RUN_122,TRIAD_041,A14_FoldBalanced-Gap_B3000,R1,1385197443,987373371,511,Det/images/normal_train/00347092.png,0,09,easy_clean,0.0034897224,1.0,0.0035753565,normal_replay,FoldBalanced-Gap
RUN_122,TRIAD_041,A14_FoldBalanced-Gap_B3000,R1,1385197443,987373371,512,Det/images/normal_train/01125597.png,0,02,easy_clean,0.0009037575,1.0,0.0027923484,normal_replay,FoldBalanced-Gap
RUN_122,TRIAD_041,A14_FoldBalanced-Gap_B3000,R1,1385197443,987373371,513,Det/images/normal_train/01005705.png,0,09,easy_clean,0.015427828,1.0,0.0270550524,normal_replay,FoldBalanced-Gap
RUN_122,TRIAD_041,A14_FoldBalanced-Gap_B3000,R1,1385197443,987373371,514,Det/images/normal_train/00606841.png,0,00,easy_clean,0.0161108024,1.0,0.0204150613,normal_replay,FoldBalanced-Gap
RUN_122,TRIAD_041,A14_FoldBalanced-Gap_B3000,R1,1385197443,987373371,515,Det/images/normal_train/00883024.png,0,05,easy_clean,0.0129000801,1.0,0.0139698213,normal_replay,FoldBalanced-Gap
RUN_122,TRIAD_041,A14_FoldBalanced-Gap_B3000,R1,1385197443,987373371,516,Det/images/normal_train/00946905.png,0,07,easy_clean,0.0011176405,1.0,0.0019680179,normal_replay,FoldBalanced-Gap
RUN_122,TRIAD_041,A14_FoldBalanced-Gap_B3000,R1,1385197443,987373371,517,Det/images/normal_train/00590281.png,0,04,easy_clean,0.0181377732,1.0,0.0215218202,normal_replay,FoldBalanced-Gap
RUN_122,TRIAD_041,A14_FoldBalanced-Gap_B3000,R1,1385197443,987373371,518,Det/images/normal_train/01300060.png,0,04,easy_clean,0.0053589638,1.0,0.0112026414,normal_replay,FoldBalanced-Gap
RUN_122,TRIAD_041,A14_FoldBalanced-Gap_B3000,R1,1385197443,987373371,519,Det/images/normal_train/01116502.png,0,04,easy_clean,0.0265261381,1.0,0.0237987018,normal_replay,FoldBalanced-Gap
RUN_122,TRIAD_041,A14_FoldBalanced-Gap_B3000,R1,1385197443,987373371,520,Det/images/normal_train/00545840.png,0,07,easy_clean,0.0018933329,1.0,0.0026664301,normal_replay,FoldBalanced-Gap
RUN_122,TRIAD_041,A14_FoldBalanced-Gap_B3000,R1,1385197443,987373371,521,Det/images/normal_train/00762871.png,0,06,unstable_boundary,0.3976491229,0.71,0.1490611454,normal_replay,FoldBalanced-Gap
RUN_122,TRIAD_041,A14_FoldBalanced-Gap_B3000,R1,1385197443,987373371,522,Det/images/normal_train/00767824.png,0,03,easy_clean,0.0005305369,1.0,0.0024745202,normal_replay,FoldBalanced-Gap
RUN_122,TRIAD_041,A14_FoldBalanced-Gap_B3000,R1,1385197443,987373371,523,Det/images/normal_train/01031436.png,0,09,easy_clean,0.0053066323,1.0,0.0077706897,normal_replay,FoldBalanced-Gap
RUN_122,TRIAD_041,A14_FoldBalanced-Gap_B3000,R1,1385197443,987373371,524,Det/images/normal_train/01100271.png,0,06,ordinary,0.0917744176,1.0,0.0900030931,normal_replay,FoldBalanced-Gap
RUN_122,TRIAD_041,A14_FoldBalanced-Gap_B3000,R1,1385197443,987373371,525,Det/images/normal_train/00958169.png,0,05,easy_clean,0.0237849593,1.0,0.0245504187,normal_replay,FoldBalanced-Gap
RUN_122,TRIAD_041,A14_FoldBalanced-Gap_B3000,R1,1385197443,987373371,526,Det/images/normal_train/00826681.png,0,03,easy_clean,0.0249928135,1.0,0.0382201109,normal_replay,FoldBalanced-Gap
RUN_122,TRIAD_041,A14_FoldBalanced-Gap_B3000,R1,1385197443,987373371,527,Det/images/normal_train/00684566.png,0,09,learnable_hard,0.0239260174,0.99,0.0777277364,normal_replay,FoldBalanced-Gap
RUN_122,TRIAD_041,A14_FoldBalanced-Gap_B3000,R1,1385197443,987373371,528,Det/images/normal_train/00253565.png,0,09,easy_clean,0.0015271262,1.0,0.0035664971,normal_replay,FoldBalanced-Gap
RUN_122,TRIAD_041,A14_FoldBalanced-Gap_B3000,R1,1385197443,987373371,529,Det/images/normal_train/01129607.png,0,09,easy_clean,0.0064409126,1.0,0.0077795521,normal_replay,FoldBalanced-Gap
RUN_122,TRIAD_041,A14_FoldBalanced-Gap_B3000,R1,1385197443,987373371,530,Det/images/normal_train/00673426.png,0,02,easy_clean,0.0097729907,1.0,0.0276606266,normal_replay,FoldBalanced-Gap
RUN_122,TRIAD_041,A14_FoldBalanced-Gap_B3000,R1,1385197443,987373371,531,Det/images/normal_train/00731260.png,0,09,easy_clean,0.0049965643,1.0,0.0135130231,normal_replay,FoldBalanced-Gap
RUN_122,TRIAD_041,A14_FoldBalanced-Gap_B3000,R1,1385197443,987373371,532,Det/images/normal_train/00643260.png,0,04,persistent_hard,0.6746812193,0.13,0.1398761148,normal_replay,FoldBalanced-Gap
RUN_122,TRIAD_041,A14_FoldBalanced-Gap_B3000,R1,1385197443,987373371,533,Det/images/normal_train/00796444.png,0,04,easy_clean,0.0003361125,1.0,0.0005203133,normal_replay,FoldBalanced-Gap
RUN_122,TRIAD_041,A14_FoldBalanced-Gap_B3000,R1,1385197443,987373371,534,Det/images/normal_train/01285220.png,0,08,easy_clean,0.0530726631,1.0,0.0498931993,normal_replay,FoldBalanced-Gap
RUN_122,TRIAD_041,A14_FoldBalanced-Gap_B3000,R1,1385197443,987373371,535,Det/images/normal_train/00922146.png,0,02,persistent_hard,0.6826821868,0.01,0.1301111082,normal_replay,FoldBalanced-Gap
RUN_122,TRIAD_041,A14_FoldBalanced-Gap_B3000,R1,1385197443,987373371,536,Det/images/normal_train/00783107.png,0,01,easy_clean,0.0039850315,1.0,0.0128824066,normal_replay,FoldBalanced-Gap
RUN_122,TRIAD_041,A14_FoldBalanced-Gap_B3000,R1,1385197443,987373371,537,Det/images/normal_train/00934321.png,0,01,easy_clean,0.0042296425,1.0,0.007457796,normal_replay,FoldBalanced-Gap
RUN_122,TRIAD_041,A14_FoldBalanced-Gap_B3000,R1,1385197443,987373371,538,Det/images/normal_train/00618417.png,0,04,easy_clean,0.0002985173,1.0,0.0003701082,normal_replay,FoldBalanced-Gap
RUN_122,TRIAD_041,A14_FoldBalanced-Gap_B3000,R1,1385197443,987373371,539,Det/images/normal_train/01132972.png,0,07,easy_clean,0.0085314861,1.0,0.0099386574,normal_replay,FoldBalanced-Gap
RUN_122,TRIAD_041,A14_FoldBalanced-Gap_B3000,R1,1385197443,987373371,540,Det/images/normal_train/01214743.png,0,00,easy_clean,0.0026110664,1.0,0.0042582644,normal_replay,FoldBalanced-Gap
RUN_122,TRIAD_041,A14_FoldBalanced-Gap_B3000,R1,1385197443,987373371,541,Det/images/normal_train/00210605.png,0,00,easy_clean,0.0014548002,1.0,0.0016007966,normal_replay,FoldBalanced-Gap
RUN_122,TRIAD_041,A14_FoldBalanced-Gap_B3000,R1,1385197443,987373371,542,Det/images/normal_train/00973902.png,0,05,easy_clean,0.0023710594,1.0,0.0033440361,normal_replay,FoldBalanced-Gap
RUN_122,TRIAD_041,A14_FoldBalanced-Gap_B3000,R1,1385197443,987373371,543,Det/images/normal_train/00240247.png,0,07,easy_clean,0.0569964499,1.0,0.055136621,normal_replay,FoldBalanced-Gap
RUN_122,TRIAD_041,A14_FoldBalanced-Gap_B3000,R1,1385197443,987373371,544,Det/images/normal_train/01194095.png,0,00,easy_clean,0.0099080222,1.0,0.0113494981,normal_replay,FoldBalanced-Gap
RUN_122,TRIAD_041,A14_FoldBalanced-Gap_B3000,R1,1385197443,987373371,545,Det/images/normal_train/00854556.png,0,09,easy_clean,0.000360209,1.0,0.0006666346,normal_replay,FoldBalanced-Gap
RUN_122,TRIAD_041,A14_FoldBalanced-Gap_B3000,R1,1385197443,987373371,546,Det/images/normal_train/01190871.png,0,02,learnable_hard,0.4416762621,0.54,0.1843656395,normal_replay,FoldBalanced-Gap
RUN_122,TRIAD_041,A14_FoldBalanced-Gap_B3000,R1,1385197443,987373371,547,Det/images/normal_train/00239536.png,0,09,learnable_hard,0.8054020253,0.02,0.0967008757,normal_replay,FoldBalanced-Gap
RUN_122,TRIAD_041,A14_FoldBalanced-Gap_B3000,R1,1385197443,987373371,548,Det/images/normal_train/00793142.png,0,05,easy_clean,0.0016754664,1.0,0.002199071,normal_replay,FoldBalanced-Gap
RUN_122,TRIAD_041,A14_FoldBalanced-Gap_B3000,R1,1385197443,987373371,549,Det/images/normal_train/00915075.png,0,09,easy_clean,0.0167081348,1.0,0.0314706428,normal_replay,FoldBalanced-Gap
RUN_122,TRIAD_041,A14_FoldBalanced-Gap_B3000,R1,1385197443,987373371,550,Det/images/normal_train/01145876.png,0,06,easy_clean,0.0185831638,1.0,0.0191588148,normal_replay,FoldBalanced-Gap
RUN_122,TRIAD_041,A14_FoldBalanced-Gap_B3000,R1,1385197443,987373371,551,Det/images/normal_train/00934514.png,0,01,easy_clean,0.0884571819,1.0,0.0162143973,normal_replay,FoldBalanced-Gap
RUN_122,TRIAD_041,A14_FoldBalanced-Gap_B3000,R1,1385197443,987373371,552,Det/images/normal_train/00868943.png,0,09,learnable_hard,0.0490537996,0.995,0.0625388429,normal_replay,FoldBalanced-Gap
RUN_122,TRIAD_041,A14_FoldBalanced-Gap_B3000,R1,1385197443,987373371,553,Det/images/normal_train/00242039.png,0,01,easy_clean,0.012942908,1.0,0.035143593,normal_replay,FoldBalanced-Gap
RUN_122,TRIAD_041,A14_FoldBalanced-Gap_B3000,R1,1385197443,987373371,554,Det/images/normal_train/00516423.png,0,04,easy_clean,0.0010087374,1.0,0.0018554547,normal_replay,FoldBalanced-Gap
RUN_122,TRIAD_041,A14_FoldBalanced-Gap_B3000,R1,1385197443,987373371,555,Det/images/normal_train/00328874.png,0,07,easy_clean,0.0058311489,1.0,0.0196309543,normal_replay,FoldBalanced-Gap
RUN_122,TRIAD_041,A14_FoldBalanced-Gap_B3000,R1,1385197443,987373371,556,Det/images/normal_train/00652994.png,0,04,easy_clean,0.0284633897,1.0,0.0339613198,normal_replay,FoldBalanced-Gap
RUN_122,TRIAD_041,A14_FoldBalanced-Gap_B3000,R1,1385197443,987373371,557,Det/images/normal_train/00758099.png,0,04,easy_clean,0.0017796055,1.0,0.0035633193,normal_replay,FoldBalanced-Gap
RUN_122,TRIAD_041,A14_FoldBalanced-Gap_B3000,R1,1385197443,987373371,558,Det/images/normal_train/00358359.png,0,04,easy_clean,0.003550498,1.0,0.009389984,normal_replay,FoldBalanced-Gap
RUN_122,TRIAD_041,A14_FoldBalanced-Gap_B3000,R1,1385197443,987373371,559,Det/images/normal_train/00333457.png,0,00,easy_clean,0.0469602286,1.0,0.0416801816,normal_replay,FoldBalanced-Gap
RUN_122,TRIAD_041,A14_FoldBalanced-Gap_B3000,R1,1385197443,987373371,560,Det/images/normal_train/00316455.png,0,01,easy_clean,0.0074469237,1.0,0.00754261,normal_replay,FoldBalanced-Gap
RUN_122,TRIAD_041,A14_FoldBalanced-Gap_B3000,R1,1385197443,987373371,561,Det/images/normal_train/00245570.png,0,08,learnable_hard,0.8366182157,0.055,0.1214845441,normal_replay,FoldBalanced-Gap
RUN_122,TRIAD_041,A14_FoldBalanced-Gap_B3000,R1,1385197443,987373371,562,Det/images/normal_train/00236485.png,0,03,learnable_hard,0.2702310421,0.94,0.1480330862,normal_replay,FoldBalanced-Gap
RUN_122,TRIAD_041,A14_FoldBalanced-Gap_B3000,R1,1385197443,987373371,563,Det/images/normal_train/00843649.png,0,06,easy_clean,0.0013963434,1.0,0.0043775354,normal_replay,FoldBalanced-Gap
RUN_122,TRIAD_041,A14_FoldBalanced-Gap_B3000,R1,1385197443,987373371,564,Det/images/normal_train/00888316.png,0,08,easy_clean,0.0028323203,1.0,0.0082821788,normal_replay,FoldBalanced-Gap
RUN_122,TRIAD_041,A14_FoldBalanced-Gap_B3000,R1,1385197443,987373371,565,Det/images/normal_train/01153432.png,0,02,easy_clean,0.0023650646,1.0,0.0030467267,normal_replay,FoldBalanced-Gap
RUN_122,TRIAD_041,A14_FoldBalanced-Gap_B3000,R1,1385197443,987373371,566,Det/images/normal_train/00888524.png,0,08,easy_clean,0.0292461434,1.0,0.0321287719,normal_replay,FoldBalanced-Gap
RUN_122,TRIAD_041,A14_FoldBalanced-Gap_B3000,R1,1385197443,987373371,567,Det/images/normal_train/00578017.png,0,03,easy_clean,0.0013259614,1.0,0.0018549615,normal_replay,FoldBalanced-Gap
RUN_122,TRIAD_041,A14_FoldBalanced-Gap_B3000,R1,1385197443,987373371,568,Det/images/normal_train/00970091.png,0,05,easy_clean,0.0027841231,1.0,0.0039189355,normal_replay,FoldBalanced-Gap
RUN_122,TRIAD_041,A14_FoldBalanced-Gap_B3000,R1,1385197443,987373371,569,Det/images/normal_train/00867377.png,0,05,easy_clean,0.0114370295,1.0,0.0102915541,normal_replay,FoldBalanced-Gap
RUN_122,TRIAD_041,A14_FoldBalanced-Gap_B3000,R1,1385197443,987373371,570,Det/images/normal_train/00779656.png,0,08,easy_clean,0.0014673428,1.0,0.0028761883,normal_replay,FoldBalanced-Gap
RUN_122,TRIAD_041,A14_FoldBalanced-Gap_B3000,R1,1385197443,987373371,571,Det/images/normal_train/01259841.png,0,06,ordinary,0.1843932999,1.0,0.1098539898,normal_replay,FoldBalanced-Gap
RUN_122,TRIAD_041,A14_FoldBalanced-Gap_B3000,R1,1385197443,987373371,572,Det/images/normal_train/00172851.png,0,05,easy_clean,0.0120385404,1.0,0.0190427282,normal_replay,FoldBalanced-Gap
RUN_122,TRIAD_041,A14_FoldBalanced-Gap_B3000,R1,1385197443,987373371,573,Det/images/normal_train/01129553.png,0,09,easy_clean,0.0037730919,1.0,0.0069508027,normal_replay,FoldBalanced-Gap
RUN_122,TRIAD_041,A14_FoldBalanced-Gap_B3000,R1,1385197443,987373371,574,Det/images/normal_train/00446497.png,0,09,easy_clean,0.0006127837,1.0,0.0026190646,normal_replay,FoldBalanced-Gap
RUN_122,TRIAD_041,A14_FoldBalanced-Gap_B3000,R1,1385197443,987373371,575,Det/images/normal_train/01127024.png,0,06,easy_clean,0.012932903,1.0,0.0159296216,normal_replay,FoldBalanced-Gap
RUN_122,TRIAD_041,A14_FoldBalanced-Gap_B3000,R1,1385197443,987373371,576,Det/images/normal_train/01231202.png,0,09,easy_clean,2.59571e-05,1.0,5.30712e-05,normal_replay,FoldBalanced-Gap
RUN_122,TRIAD_041,A14_FoldBalanced-Gap_B3000,R1,1385197443,987373371,577,Det/images/normal_train/01176566.png,0,02,easy_clean,0.0041994713,1.0,0.0077672992,normal_replay,FoldBalanced-Gap
RUN_122,TRIAD_041,A14_FoldBalanced-Gap_B3000,R1,1385197443,987373371,578,Det/images/normal_train/00835733.png,0,02,easy_clean,0.0097203969,1.0,0.0110409366,normal_replay,FoldBalanced-Gap
RUN_122,TRIAD_041,A14_FoldBalanced-Gap_B3000,R1,1385197443,987373371,579,Det/images/normal_train/00340105.png,0,02,ordinary,0.1058435225,1.0,0.101011196,normal_replay,FoldBalanced-Gap
RUN_122,TRIAD_041,A14_FoldBalanced-Gap_B3000,R1,1385197443,987373371,580,Det/images/normal_train/00452825.png,0,06,persistent_hard,0.6615345735,0.195,0.2516973749,normal_replay,FoldBalanced-Gap
RUN_122,TRIAD_041,A14_FoldBalanced-Gap_B3000,R1,1385197443,987373371,581,Det/images/normal_train/00316508.png,0,01,easy_clean,0.0697073412,1.0,0.0577864066,normal_replay,FoldBalanced-Gap
RUN_122,TRIAD_041,A14_FoldBalanced-Gap_B3000,R1,1385197443,987373371,582,Det/images/normal_train/01063657.png,0,02,learnable_hard,0.0391283099,0.995,0.0703708937,normal_replay,FoldBalanced-Gap
RUN_122,TRIAD_041,A14_FoldBalanced-Gap_B3000,R1,1385197443,987373371,583,Det/images/normal_train/01086842.png,0,04,easy_clean,0.011835039,1.0,0.0126093084,normal_replay,FoldBalanced-Gap
RUN_122,TRIAD_041,A14_FoldBalanced-Gap_B3000,R1,1385197443,987373371,584,Det/images/normal_train/01069455.png,0,09,ordinary,0.1485227263,1.0,0.0806826382,normal_replay,FoldBalanced-Gap
RUN_122,TRIAD_041,A14_FoldBalanced-Gap_B3000,R1,1385197443,987373371,585,Det/images/normal_train/00258712.png,0,02,learnable_hard,0.2974610755,0.905,0.1334403799,normal_replay,FoldBalanced-Gap
RUN_122,TRIAD_041,A14_FoldBalanced-Gap_B3000,R1,1385197443,987373371,586,Det/images/normal_train/00365593.png,0,00,easy_clean,0.0027922092,1.0,0.0060991833,normal_replay,FoldBalanced-Gap
RUN_122,TRIAD_041,A14_FoldBalanced-Gap_B3000,R1,1385197443,987373371,587,Det/images/normal_train/01003751.png,0,01,easy_clean,0.0083873614,1.0,0.0096481438,normal_replay,FoldBalanced-Gap
RUN_122,TRIAD_041,A14_FoldBalanced-Gap_B3000,R1,1385197443,987373371,588,Det/images/normal_train/00517542.png,0,08,easy_clean,0.0008353798,1.0,0.0014447774,normal_replay,FoldBalanced-Gap
RUN_122,TRIAD_041,A14_FoldBalanced-Gap_B3000,R1,1385197443,987373371,589,Det/images/normal_train/00482124.png,0,02,easy_clean,0.0028440399,1.0,0.0026451705,normal_replay,FoldBalanced-Gap
RUN_122,TRIAD_041,A14_FoldBalanced-Gap_B3000,R1,1385197443,987373371,590,Det/images/normal_train/00369003.png,0,03,easy_clean,0.0528917572,1.0,0.0627404672,normal_replay,FoldBalanced-Gap
RUN_122,TRIAD_041,A14_FoldBalanced-Gap_B3000,R1,1385197443,987373371,591,Det/images/normal_train/00319077.png,0,04,easy_clean,0.0022700216,1.0,0.0027606408,normal_replay,FoldBalanced-Gap
RUN_122,TRIAD_041,A14_FoldBalanced-Gap_B3000,R1,1385197443,987373371,592,Det/images/normal_train/00536619.png,0,02,easy_clean,0.0017702189,1.0,0.0031107241,normal_replay,FoldBalanced-Gap
RUN_122,TRIAD_041,A14_FoldBalanced-Gap_B3000,R1,1385197443,987373371,593,Det/images/normal_train/01124630.png,0,08,ordinary,0.1067002135,1.0,0.1103859523,normal_replay,FoldBalanced-Gap
RUN_122,TRIAD_041,A14_FoldBalanced-Gap_B3000,R1,1385197443,987373371,594,Det/images/normal_train/01207855.png,0,02,easy_clean,0.0199713792,1.0,0.0245384442,normal_replay,FoldBalanced-Gap
RUN_122,TRIAD_041,A14_FoldBalanced-Gap_B3000,R1,1385197443,987373371,595,Det/images/normal_train/00230506.png,0,02,easy_clean,0.0020798651,1.0,0.0032459027,normal_replay,FoldBalanced-Gap
RUN_122,TRIAD_041,A14_FoldBalanced-Gap_B3000,R1,1385197443,987373371,596,Det/images/normal_train/01003707.png,0,01,easy_clean,0.0196050425,1.0,0.0229549127,normal_replay,FoldBalanced-Gap
RUN_122,TRIAD_041,A14_FoldBalanced-Gap_B3000,R1,1385197443,987373371,597,Det/images/normal_train/00539727.png,0,06,easy_clean,0.0105249184,1.0,0.0259746363,normal_replay,FoldBalanced-Gap
RUN_122,TRIAD_041,A14_FoldBalanced-Gap_B3000,R1,1385197443,987373371,598,Det/images/normal_train/01050792.png,0,08,easy_clean,0.0015178516,1.0,0.0047769663,normal_replay,FoldBalanced-Gap
RUN_122,TRIAD_041,A14_FoldBalanced-Gap_B3000,R1,1385197443,987373371,599,Det/images/normal_train/00559019.png,0,03,easy_clean,0.000608612,1.0,0.0029986202,normal_replay,FoldBalanced-Gap
RUN_122,TRIAD_041,A14_FoldBalanced-Gap_B3000,R1,1385197443,987373371,600,Det/images/normal_train/00150312.png,0,00,easy_clean,0.0475572076,1.0,0.0435478295,normal_replay,FoldBalanced-Gap
RUN_122,TRIAD_041,A14_FoldBalanced-Gap_B3000,R1,1385197443,987373371,601,Det/images/normal_train/00535619.png,0,02,easy_clean,0.0201343928,1.0,0.0287574089,normal_replay,FoldBalanced-Gap
RUN_122,TRIAD_041,A14_FoldBalanced-Gap_B3000,R1,1385197443,987373371,602,Det/images/normal_train/00970818.png,0,05,learnable_hard,0.0491496794,0.99,0.0989860974,normal_replay,FoldBalanced-Gap
RUN_122,TRIAD_041,A14_FoldBalanced-Gap_B3000,R1,1385197443,987373371,603,Det/images/normal_train/00786390.png,0,03,learnable_hard,0.0357740263,0.99,0.0825927765,normal_replay,FoldBalanced-Gap
RUN_122,TRIAD_041,A14_FoldBalanced-Gap_B3000,R1,1385197443,987373371,604,Det/images/normal_train/00603373.png,0,09,easy_clean,0.0015899712,1.0,0.0019696484,normal_replay,FoldBalanced-Gap
RUN_122,TRIAD_041,A14_FoldBalanced-Gap_B3000,R1,1385197443,987373371,605,Det/images/normal_train/00193827.png,0,06,easy_clean,0.0043711287,1.0,0.0074301487,normal_replay,FoldBalanced-Gap
RUN_122,TRIAD_041,A14_FoldBalanced-Gap_B3000,R1,1385197443,987373371,606,Det/images/normal_train/01209366.png,0,08,learnable_hard,0.0259484401,0.995,0.0531071029,normal_replay,FoldBalanced-Gap
RUN_122,TRIAD_041,A14_FoldBalanced-Gap_B3000,R1,1385197443,987373371,607,Det/images/normal_train/00267200.png,0,07,easy_clean,0.0008452604,1.0,0.0012495753,normal_replay,FoldBalanced-Gap
RUN_122,TRIAD_041,A14_FoldBalanced-Gap_B3000,R1,1385197443,987373371,608,Det/images/normal_train/00884220.png,0,09,easy_clean,0.0297414768,0.995,0.048737358,normal_replay,FoldBalanced-Gap
RUN_122,TRIAD_041,A14_FoldBalanced-Gap_B3000,R1,1385197443,987373371,609,Det/images/normal_train/01143168.png,0,08,easy_clean,0.0012341592,1.0,0.0019308295,normal_replay,FoldBalanced-Gap
RUN_122,TRIAD_041,A14_FoldBalanced-Gap_B3000,R1,1385197443,987373371,610,Det/images/normal_train/01038408.png,0,00,easy_clean,0.0227726793,1.0,0.0373609349,normal_replay,FoldBalanced-Gap
RUN_122,TRIAD_041,A14_FoldBalanced-Gap_B3000,R1,1385197443,987373371,611,Det/images/normal_train/00927499.png,0,09,learnable_hard,0.0095747216,0.995,0.0461940052,normal_replay,FoldBalanced-Gap
RUN_122,TRIAD_041,A14_FoldBalanced-Gap_B3000,R1,1385197443,987373371,612,Det/images/normal_train/00750027.png,0,02,easy_clean,0.0152894485,1.0,0.0356215864,normal_replay,FoldBalanced-Gap
RUN_122,TRIAD_041,A14_FoldBalanced-Gap_B3000,R1,1385197443,987373371,613,Det/images/normal_train/00817222.png,0,07,easy_clean,0.0162804836,1.0,0.0182485141,normal_replay,FoldBalanced-Gap
RUN_122,TRIAD_041,A14_FoldBalanced-Gap_B3000,R1,1385197443,987373371,614,Det/images/normal_train/00291770.png,0,04,easy_clean,0.0060639166,1.0,0.0075288849,normal_replay,FoldBalanced-Gap
RUN_122,TRIAD_041,A14_FoldBalanced-Gap_B3000,R1,1385197443,987373371,615,Det/images/normal_train/00767889.png,0,03,learnable_hard,0.1122211805,0.985,0.1464400629,normal_replay,FoldBalanced-Gap
RUN_122,TRIAD_041,A14_FoldBalanced-Gap_B3000,R1,1385197443,987373371,616,Det/images/normal_train/00694081.png,0,00,learnable_hard,0.0175551629,0.995,0.0515857184,normal_replay,FoldBalanced-Gap
RUN_122,TRIAD_041,A14_FoldBalanced-Gap_B3000,R1,1385197443,987373371,617,Det/images/normal_train/00959694.png,0,02,easy_clean,0.022458303,1.0,0.0293896634,normal_replay,FoldBalanced-Gap
RUN_122,TRIAD_041,A14_FoldBalanced-Gap_B3000,R1,1385197443,987373371,618,Det/images/normal_train/00939048.png,0,08,easy_clean,0.019165477,1.0,0.0400269739,normal_replay,FoldBalanced-Gap
RUN_122,TRIAD_041,A14_FoldBalanced-Gap_B3000,R1,1385197443,987373371,619,Det/images/normal_train/00906274.png,0,05,easy_clean,0.0044895184,1.0,0.0038036483,normal_replay,FoldBalanced-Gap
RUN_122,TRIAD_041,A14_FoldBalanced-Gap_B3000,R1,1385197443,987373371,620,Det/images/normal_train/00996077.png,0,04,easy_clean,0.0082912805,1.0,0.0108971724,normal_replay,FoldBalanced-Gap
RUN_122,TRIAD_041,A14_FoldBalanced-Gap_B3000,R1,1385197443,987373371,621,Det/images/normal_train/00360658.png,0,08,easy_clean,0.0102511249,1.0,0.0066530091,normal_replay,FoldBalanced-Gap
RUN_122,TRIAD_041,A14_FoldBalanced-Gap_B3000,R1,1385197443,987373371,622,Det/images/normal_train/00596771.png,0,02,easy_clean,0.0306686907,1.0,0.0319826928,normal_replay,FoldBalanced-Gap
RUN_122,TRIAD_041,A14_FoldBalanced-Gap_B3000,R1,1385197443,987373371,623,Det/images/normal_train/01272467.png,0,00,ordinary,0.1087809907,1.0,0.0887457744,normal_replay,FoldBalanced-Gap
RUN_122,TRIAD_041,A14_FoldBalanced-Gap_B3000,R1,1385197443,987373371,624,Det/images/normal_train/01017413.png,0,07,ordinary,0.0919093692,1.0,0.0849035574,normal_replay,FoldBalanced-Gap
RUN_122,TRIAD_041,A14_FoldBalanced-Gap_B3000,R1,1385197443,987373371,625,Det/images/normal_train/01261307.png,0,00,ordinary,0.4050839004,0.715,0.1950783765,normal_replay,FoldBalanced-Gap
RUN_122,TRIAD_041,A14_FoldBalanced-Gap_B3000,R1,1385197443,987373371,626,Det/images/normal_train/00777761.png,0,08,unstable_boundary,0.5335908391,0.44,0.1122084026,normal_replay,FoldBalanced-Gap
RUN_122,TRIAD_041,A14_FoldBalanced-Gap_B3000,R1,1385197443,987373371,627,Det/images/normal_train/01184977.png,0,04,easy_clean,0.0139769959,1.0,0.019042703,normal_replay,FoldBalanced-Gap
RUN_122,TRIAD_041,A14_FoldBalanced-Gap_B3000,R1,1385197443,987373371,628,Det/images/normal_train/01175014.png,0,05,easy_clean,0.007123516,1.0,0.0139436617,normal_replay,FoldBalanced-Gap
RUN_122,TRIAD_041,A14_FoldBalanced-Gap_B3000,R1,1385197443,987373371,629,Det/images/normal_train/00965288.png,0,03,easy_clean,0.0212791317,1.0,0.0368074296,normal_replay,FoldBalanced-Gap
RUN_122,TRIAD_041,A14_FoldBalanced-Gap_B3000,R1,1385197443,987373371,630,Det/images/normal_train/00961848.png,0,07,easy_clean,0.0738323326,1.0,0.0678367135,normal_replay,FoldBalanced-Gap
RUN_122,TRIAD_041,A14_FoldBalanced-Gap_B3000,R1,1385197443,987373371,631,Det/images/normal_train/01257758.png,0,07,easy_clean,0.0349186643,1.0,0.0322626629,normal_replay,FoldBalanced-Gap
RUN_122,TRIAD_041,A14_FoldBalanced-Gap_B3000,R1,1385197443,987373371,632,Det/images/normal_train/00334351.png,0,06,easy_clean,0.0003670653,1.0,0.0013673077,normal_replay,FoldBalanced-Gap
RUN_122,TRIAD_041,A14_FoldBalanced-Gap_B3000,R1,1385197443,987373371,633,Det/images/normal_train/00584164.png,0,05,easy_clean,0.0539094002,1.0,0.0567499306,normal_replay,FoldBalanced-Gap
RUN_122,TRIAD_041,A14_FoldBalanced-Gap_B3000,R1,1385197443,987373371,634,Det/images/normal_train/00334271.png,0,06,easy_clean,0.001049436,1.0,0.0042173741,normal_replay,FoldBalanced-Gap
RUN_122,TRIAD_041,A14_FoldBalanced-Gap_B3000,R1,1385197443,987373371,635,Det/images/normal_train/01256306.png,0,02,easy_clean,0.0051022241,1.0,0.0066903524,normal_replay,FoldBalanced-Gap
RUN_122,TRIAD_041,A14_FoldBalanced-Gap_B3000,R1,1385197443,987373371,636,Det/images/normal_train/01149997.png,0,05,easy_clean,0.0083872762,1.0,0.0145027391,normal_replay,FoldBalanced-Gap
RUN_122,TRIAD_041,A14_FoldBalanced-Gap_B3000,R1,1385197443,987373371,637,Det/images/normal_train/00685885.png,0,08,easy_clean,0.0317994853,1.0,0.0566060019,normal_replay,FoldBalanced-Gap
RUN_122,TRIAD_041,A14_FoldBalanced-Gap_B3000,R1,1385197443,987373371,638,Det/images/normal_train/00211453.png,0,06,easy_clean,0.0028425229,1.0,0.0055761482,normal_replay,FoldBalanced-Gap
RUN_122,TRIAD_041,A14_FoldBalanced-Gap_B3000,R1,1385197443,987373371,639,Det/images/normal_train/01113883.png,0,07,easy_clean,0.0279226304,1.0,0.0393489898,normal_replay,FoldBalanced-Gap
RUN_122,TRIAD_041,A14_FoldBalanced-Gap_B3000,R1,1385197443,987373371,640,Det/images/normal_train/00514866.png,0,02,easy_clean,0.0139765147,1.0,0.0247266732,normal_replay,FoldBalanced-Gap
RUN_122,TRIAD_041,A14_FoldBalanced-Gap_B3000,R1,1385197443,987373371,641,Det/images/normal_train/01163306.png,0,08,easy_clean,0.0791531915,1.0,0.016022283,normal_replay,FoldBalanced-Gap
RUN_122,TRIAD_041,A14_FoldBalanced-Gap_B3000,R1,1385197443,987373371,642,Det/images/normal_train/00307935.png,0,08,learnable_hard,0.1222368368,0.985,0.1201609236,normal_replay,FoldBalanced-Gap
RUN_122,TRIAD_041,A14_FoldBalanced-Gap_B3000,R1,1385197443,987373371,643,Det/images/normal_train/01130218.png,0,00,easy_clean,0.0087405437,1.0,0.0103770052,normal_replay,FoldBalanced-Gap
RUN_122,TRIAD_041,A14_FoldBalanced-Gap_B3000,R1,1385197443,987373371,644,Det/images/normal_train/01028283.png,0,06,easy_clean,0.0031551605,1.0,0.0051884768,normal_replay,FoldBalanced-Gap
RUN_122,TRIAD_041,A14_FoldBalanced-Gap_B3000,R1,1385197443,987373371,645,Det/images/normal_train/00902462.png,0,04,easy_clean,0.003157015,1.0,0.0062367993,normal_replay,FoldBalanced-Gap
RUN_122,TRIAD_041,A14_FoldBalanced-Gap_B3000,R1,1385197443,987373371,646,Det/images/normal_train/00694480.png,0,00,easy_clean,0.0814568413,1.0,0.0681598761,normal_replay,FoldBalanced-Gap
RUN_122,TRIAD_041,A14_FoldBalanced-Gap_B3000,R1,1385197443,987373371,647,Det/images/normal_train/00493699.png,0,03,easy_clean,0.0005930505,1.0,0.0027682745,normal_replay,FoldBalanced-Gap
RUN_122,TRIAD_041,A14_FoldBalanced-Gap_B3000,R1,1385197443,987373371,648,Det/images/normal_train/01138640.png,0,02,ordinary,0.0988274162,1.0,0.0537542294,normal_replay,FoldBalanced-Gap
RUN_122,TRIAD_041,A14_FoldBalanced-Gap_B3000,R1,1385197443,987373371,649,Det/images/normal_train/00560599.png,0,01,learnable_hard,0.3088870763,0.98,0.1056657377,normal_replay,FoldBalanced-Gap
RUN_122,TRIAD_041,A14_FoldBalanced-Gap_B3000,R1,1385197443,987373371,650,Det/images/normal_train/00250355.png,0,09,easy_clean,0.0140139376,1.0,0.0368112708,normal_replay,FoldBalanced-Gap
RUN_122,TRIAD_041,A14_FoldBalanced-Gap_B3000,R1,1385197443,987373371,651,Det/images/normal_train/01057203.png,0,06,easy_clean,0.0017764226,1.0,0.0049277391,normal_replay,FoldBalanced-Gap
RUN_122,TRIAD_041,A14_FoldBalanced-Gap_B3000,R1,1385197443,987373371,652,Det/images/normal_train/00968884.png,0,09,learnable_hard,0.0700008223,0.995,0.076721306,normal_replay,FoldBalanced-Gap
RUN_122,TRIAD_041,A14_FoldBalanced-Gap_B3000,R1,1385197443,987373371,653,Det/images/normal_train/00614794.png,0,05,easy_clean,0.0428712665,0.995,0.0606693528,normal_replay,FoldBalanced-Gap
RUN_122,TRIAD_041,A14_FoldBalanced-Gap_B3000,R1,1385197443,987373371,654,Det/images/normal_train/00818872.png,0,02,ordinary,0.2582055521,0.78,0.2682829996,normal_replay,FoldBalanced-Gap
RUN_122,TRIAD_041,A14_FoldBalanced-Gap_B3000,R1,1385197443,987373371,655,Det/images/normal_train/00286904.png,0,06,easy_clean,0.0094917028,1.0,0.0081075552,normal_replay,FoldBalanced-Gap
RUN_122,TRIAD_041,A14_FoldBalanced-Gap_B3000,R1,1385197443,987373371,656,Det/images/normal_train/00324226.png,0,00,easy_clean,0.0049858566,1.0,0.0088937454,normal_replay,FoldBalanced-Gap
RUN_122,TRIAD_041,A14_FoldBalanced-Gap_B3000,R1,1385197443,987373371,657,Det/images/normal_train/00972710.png,0,03,learnable_hard,0.0505979999,0.995,0.0637090625,normal_replay,FoldBalanced-Gap
RUN_122,TRIAD_041,A14_FoldBalanced-Gap_B3000,R1,1385197443,987373371,658,Det/images/normal_train/00636612.png,0,08,learnable_hard,0.7975617209,0.085,0.1796361611,normal_replay,FoldBalanced-Gap
RUN_122,TRIAD_041,A14_FoldBalanced-Gap_B3000,R1,1385197443,987373371,659,Det/images/normal_train/01038332.png,0,00,learnable_hard,0.0616771757,0.995,0.0794788192,normal_replay,FoldBalanced-Gap
RUN_122,TRIAD_041,A14_FoldBalanced-Gap_B3000,R1,1385197443,987373371,660,Det/images/normal_train/00250771.png,0,09,easy_clean,0.0045655518,1.0,0.0081493295,normal_replay,FoldBalanced-Gap
RUN_122,TRIAD_041,A14_FoldBalanced-Gap_B3000,R1,1385197443,987373371,661,Det/images/normal_train/00905180.png,0,09,easy_clean,0.0510951399,1.0,0.0507822254,normal_replay,FoldBalanced-Gap
RUN_122,TRIAD_041,A14_FoldBalanced-Gap_B3000,R1,1385197443,987373371,662,Det/images/normal_train/00277207.png,0,04,easy_clean,0.007200021,1.0,0.0099050335,normal_replay,FoldBalanced-Gap
RUN_122,TRIAD_041,A14_FoldBalanced-Gap_B3000,R1,1385197443,987373371,663,Det/images/normal_train/00410961.png,0,00,easy_clean,0.0141912056,1.0,0.0188306406,normal_replay,FoldBalanced-Gap
RUN_122,TRIAD_041,A14_FoldBalanced-Gap_B3000,R1,1385197443,987373371,664,Det/images/normal_train/00361022.png,0,00,easy_clean,0.0411957094,1.0,0.0400689224,normal_replay,FoldBalanced-Gap
RUN_122,TRIAD_041,A14_FoldBalanced-Gap_B3000,R1,1385197443,987373371,665,Det/images/normal_train/00879424.png,0,09,unstable_boundary,0.5727802846,0.275,0.124855947,normal_replay,FoldBalanced-Gap
RUN_122,TRIAD_041,A14_FoldBalanced-Gap_B3000,R1,1385197443,987373371,666,Det/images/normal_train/00426893.png,0,00,easy_clean,0.0602997702,1.0,0.0478207429,normal_replay,FoldBalanced-Gap
RUN_122,TRIAD_041,A14_FoldBalanced-Gap_B3000,R1,1385197443,987373371,667,Det/images/normal_train/00567216.png,0,06,easy_clean,0.001378314,1.0,0.001767012,normal_replay,FoldBalanced-Gap
RUN_122,TRIAD_041,A14_FoldBalanced-Gap_B3000,R1,1385197443,987373371,668,Det/images/normal_train/00258175.png,0,02,learnable_hard,0.0978554067,0.995,0.0531600522,normal_replay,FoldBalanced-Gap
RUN_122,TRIAD_041,A14_FoldBalanced-Gap_B3000,R1,1385197443,987373371,669,Det/images/normal_train/00919833.png,0,04,easy_clean,0.0171269636,1.0,0.015155556,normal_replay,FoldBalanced-Gap
RUN_122,TRIAD_041,A14_FoldBalanced-Gap_B3000,R1,1385197443,987373371,670,Det/images/normal_train/00662909.png,0,02,easy_clean,0.002474533,1.0,0.008029957,normal_replay,FoldBalanced-Gap
RUN_122,TRIAD_041,A14_FoldBalanced-Gap_B3000,R1,1385197443,987373371,671,Det/images/normal_train/01125718.png,0,02,easy_clean,0.0126879002,1.0,0.0159742341,normal_replay,FoldBalanced-Gap
RUN_122,TRIAD_041,A14_FoldBalanced-Gap_B3000,R1,1385197443,987373371,672,Det/images/normal_train/00240352.png,0,07,easy_clean,0.0153829884,1.0,0.019726869,normal_replay,FoldBalanced-Gap
RUN_122,TRIAD_041,A14_FoldBalanced-Gap_B3000,R1,1385197443,987373371,673,Det/images/normal_train/01147491.png,0,07,easy_clean,0.0710346134,1.0,0.0312077157,normal_replay,FoldBalanced-Gap
RUN_122,TRIAD_041,A14_FoldBalanced-Gap_B3000,R1,1385197443,987373371,674,Det/images/normal_train/00215198.png,0,07,easy_clean,0.0315346282,1.0,0.0291332191,normal_replay,FoldBalanced-Gap
RUN_122,TRIAD_041,A14_FoldBalanced-Gap_B3000,R1,1385197443,987373371,675,Det/images/normal_train/00670116.png,0,04,easy_clean,0.0078158503,1.0,0.0216733566,normal_replay,FoldBalanced-Gap
RUN_122,TRIAD_041,A14_FoldBalanced-Gap_B3000,R1,1385197443,987373371,676,Det/images/normal_train/00190549.png,0,09,learnable_hard,0.1850183145,0.945,0.1462140555,normal_replay,FoldBalanced-Gap
RUN_122,TRIAD_041,A14_FoldBalanced-Gap_B3000,R1,1385197443,987373371,677,Det/images/normal_train/01101224.png,0,00,easy_clean,0.0089528094,1.0,0.008909683,normal_replay,FoldBalanced-Gap
RUN_122,TRIAD_041,A14_FoldBalanced-Gap_B3000,R1,1385197443,987373371,678,Det/images/normal_train/00659454.png,0,01,learnable_hard,0.0340684498,0.995,0.0678118993,normal_replay,FoldBalanced-Gap
RUN_122,TRIAD_041,A14_FoldBalanced-Gap_B3000,R1,1385197443,987373371,679,Det/images/normal_train/00919559.png,0,04,easy_clean,0.0019038459,1.0,0.0069453868,normal_replay,FoldBalanced-Gap
RUN_122,TRIAD_041,A14_FoldBalanced-Gap_B3000,R1,1385197443,987373371,680,Det/images/normal_train/00258667.png,0,02,easy_clean,0.0116009066,1.0,0.0203894025,normal_replay,FoldBalanced-Gap
RUN_122,TRIAD_041,A14_FoldBalanced-Gap_B3000,R1,1385197443,987373371,681,Det/images/normal_train/00166007.png,0,03,unstable_boundary,0.4442762918,0.62,0.1241081063,normal_replay,FoldBalanced-Gap
RUN_122,TRIAD_041,A14_FoldBalanced-Gap_B3000,R1,1385197443,987373371,682,Det/images/normal_train/01038413.png,0,00,learnable_hard,0.1185123993,0.995,0.1050010754,normal_replay,FoldBalanced-Gap
RUN_122,TRIAD_041,A14_FoldBalanced-Gap_B3000,R1,1385197443,987373371,683,Det/images/normal_train/00878116.png,0,09,easy_clean,0.0168222062,1.0,0.0208982687,normal_replay,FoldBalanced-Gap
RUN_122,TRIAD_041,A14_FoldBalanced-Gap_B3000,R1,1385197443,987373371,684,Det/images/normal_train/01110575.png,0,09,ordinary,0.0953784458,1.0,0.0652271775,normal_replay,FoldBalanced-Gap
RUN_122,TRIAD_041,A14_FoldBalanced-Gap_B3000,R1,1385197443,987373371,685,Det/images/normal_train/01021082.png,0,06,easy_clean,0.0116453752,1.0,0.0185769175,normal_replay,FoldBalanced-Gap
RUN_122,TRIAD_041,A14_FoldBalanced-Gap_B3000,R1,1385197443,987373371,686,Det/images/normal_train/00608332.png,0,06,easy_clean,0.0032644642,1.0,0.0079897337,normal_replay,FoldBalanced-Gap
RUN_122,TRIAD_041,A14_FoldBalanced-Gap_B3000,R1,1385197443,987373371,687,Det/images/normal_train/01223684.png,0,03,easy_clean,0.0178721828,1.0,0.020773235,normal_replay,FoldBalanced-Gap
RUN_122,TRIAD_041,A14_FoldBalanced-Gap_B3000,R1,1385197443,987373371,688,Det/images/normal_train/00332917.png,0,00,easy_clean,0.0436726425,0.99,0.0843245209,normal_replay,FoldBalanced-Gap
RUN_122,TRIAD_041,A14_FoldBalanced-Gap_B3000,R1,1385197443,987373371,689,Det/images/normal_train/00931443.png,0,02,easy_clean,0.003713534,1.0,0.0066888103,normal_replay,FoldBalanced-Gap
RUN_122,TRIAD_041,A14_FoldBalanced-Gap_B3000,R1,1385197443,987373371,690,Det/images/normal_train/00887701.png,0,01,easy_clean,0.0506688631,1.0,0.0527395151,normal_replay,FoldBalanced-Gap
RUN_122,TRIAD_041,A14_FoldBalanced-Gap_B3000,R1,1385197443,987373371,691,Det/images/normal_train/00897557.png,0,00,easy_clean,0.018139734,1.0,0.0263196828,normal_replay,FoldBalanced-Gap
RUN_122,TRIAD_041,A14_FoldBalanced-Gap_B3000,R1,1385197443,987373371,692,Det/images/normal_train/00150158.png,0,00,ordinary,0.1214466572,1.0,0.1028434323,normal_replay,FoldBalanced-Gap
RUN_122,TRIAD_041,A14_FoldBalanced-Gap_B3000,R1,1385197443,987373371,693,Det/images/normal_train/00196654.png,0,03,easy_clean,0.0017415125,1.0,0.0110005179,normal_replay,FoldBalanced-Gap
RUN_122,TRIAD_041,A14_FoldBalanced-Gap_B3000,R1,1385197443,987373371,694,Det/images/normal_train/00327021.png,0,06,easy_clean,0.0100569411,1.0,0.0198859411,normal_replay,FoldBalanced-Gap
RUN_122,TRIAD_041,A14_FoldBalanced-Gap_B3000,R1,1385197443,987373371,695,Det/images/normal_train/00509187.png,0,08,easy_clean,0.0123604532,1.0,0.0391471832,normal_replay,FoldBalanced-Gap
RUN_122,TRIAD_041,A14_FoldBalanced-Gap_B3000,R1,1385197443,987373371,696,Det/images/normal_train/01246403.png,0,01,easy_clean,0.0076058295,1.0,0.0096429279,normal_replay,FoldBalanced-Gap
RUN_122,TRIAD_041,A14_FoldBalanced-Gap_B3000,R1,1385197443,987373371,697,Det/images/normal_train/01025038.png,0,01,easy_clean,0.0520011944,1.0,0.035200129,normal_replay,FoldBalanced-Gap
RUN_122,TRIAD_041,A14_FoldBalanced-Gap_B3000,R1,1385197443,987373371,698,Det/images/normal_train/00304768.png,0,06,easy_clean,0.0009877108,1.0,0.0033050691,normal_replay,FoldBalanced-Gap
RUN_122,TRIAD_041,A14_FoldBalanced-Gap_B3000,R1,1385197443,987373371,699,Det/images/normal_train/00767937.png,0,03,easy_clean,0.0129829088,1.0,0.0496180964,normal_replay,FoldBalanced-Gap
RUN_122,TRIAD_041,A14_FoldBalanced-Gap_B3000,R1,1385197443,987373371,700,Det/images/normal_train/00824033.png,0,05,easy_clean,9.61936e-05,1.0,0.0002061517,normal_replay,FoldBalanced-Gap
RUN_122,TRIAD_041,A14_FoldBalanced-Gap_B3000,R1,1385197443,987373371,701,Det/images/normal_train/00920579.png,0,09,easy_clean,0.002109963,1.0,0.0028157389,normal_replay,FoldBalanced-Gap
RUN_122,TRIAD_041,A14_FoldBalanced-Gap_B3000,R1,1385197443,987373371,702,Det/images/normal_train/01089577.png,0,01,easy_clean,0.0052194559,1.0,0.0073258238,normal_replay,FoldBalanced-Gap
RUN_122,TRIAD_041,A14_FoldBalanced-Gap_B3000,R1,1385197443,987373371,703,Det/images/normal_train/00998244.png,0,03,easy_clean,0.0039239329,1.0,0.0074972087,normal_replay,FoldBalanced-Gap
RUN_122,TRIAD_041,A14_FoldBalanced-Gap_B3000,R1,1385197443,987373371,704,Det/images/normal_train/00621542.png,0,07,easy_clean,0.0007278203,1.0,0.0009155515,normal_replay,FoldBalanced-Gap
RUN_122,TRIAD_041,A14_FoldBalanced-Gap_B3000,R1,1385197443,987373371,705,Det/images/normal_train/01171917.png,0,04,ordinary,0.4952828293,0.725,0.2403924293,normal_replay,FoldBalanced-Gap
RUN_122,TRIAD_041,A14_FoldBalanced-Gap_B3000,R1,1385197443,987373371,706,Det/images/normal_train/00996072.png,0,04,easy_clean,0.0003236727,1.0,0.0009822383,normal_replay,FoldBalanced-Gap
RUN_122,TRIAD_041,A14_FoldBalanced-Gap_B3000,R1,1385197443,987373371,707,Det/images/normal_train/00813954.png,0,03,easy_clean,0.0155686594,1.0,0.0128337556,normal_replay,FoldBalanced-Gap
RUN_122,TRIAD_041,A14_FoldBalanced-Gap_B3000,R1,1385197443,987373371,708,Det/images/normal_train/01024521.png,0,01,easy_clean,0.0108048909,1.0,0.0133000564,normal_replay,FoldBalanced-Gap
RUN_122,TRIAD_041,A14_FoldBalanced-Gap_B3000,R1,1385197443,987373371,709,Det/images/normal_train/01290374.png,0,03,easy_clean,0.01112065,1.0,0.0289049241,normal_replay,FoldBalanced-Gap
RUN_122,TRIAD_041,A14_FoldBalanced-Gap_B3000,R1,1385197443,987373371,710,Det/images/normal_train/01000164.png,0,04,easy_clean,0.0039525386,1.0,0.0061420938,normal_replay,FoldBalanced-Gap
RUN_122,TRIAD_041,A14_FoldBalanced-Gap_B3000,R1,1385197443,987373371,711,Det/images/normal_train/00208128.png,0,01,unstable_boundary,0.6267193316,0.21,0.1370152552,normal_replay,FoldBalanced-Gap
RUN_122,TRIAD_041,A14_FoldBalanced-Gap_B3000,R1,1385197443,987373371,712,Det/images/normal_train/00588923.png,0,04,easy_clean,0.0593998803,1.0,0.0442697609,normal_replay,FoldBalanced-Gap
RUN_122,TRIAD_041,A14_FoldBalanced-Gap_B3000,R1,1385197443,987373371,713,Det/images/normal_train/00258251.png,0,02,easy_clean,0.0015486899,1.0,0.0013928844,normal_replay,FoldBalanced-Gap
RUN_122,TRIAD_041,A14_FoldBalanced-Gap_B3000,R1,1385197443,987373371,714,Det/images/normal_train/01166818.png,0,08,easy_clean,0.0286931889,1.0,0.0426959178,normal_replay,FoldBalanced-Gap
RUN_122,TRIAD_041,A14_FoldBalanced-Gap_B3000,R1,1385197443,987373371,715,Det/images/normal_train/00381411.png,0,05,easy_clean,0.0120639903,1.0,0.0146205152,normal_replay,FoldBalanced-Gap
RUN_122,TRIAD_041,A14_FoldBalanced-Gap_B3000,R1,1385197443,987373371,716,Det/images/normal_train/00459014.png,0,02,easy_clean,0.0092991609,1.0,0.0213057084,normal_replay,FoldBalanced-Gap
RUN_122,TRIAD_041,A14_FoldBalanced-Gap_B3000,R1,1385197443,987373371,717,Det/images/normal_train/01144353.png,0,05,ordinary,0.1874096125,0.89,0.2203176792,normal_replay,FoldBalanced-Gap
RUN_122,TRIAD_041,A14_FoldBalanced-Gap_B3000,R1,1385197443,987373371,718,Det/images/normal_train/01052380.png,0,01,easy_clean,0.0063841474,1.0,0.010178138,normal_replay,FoldBalanced-Gap
RUN_122,TRIAD_041,A14_FoldBalanced-Gap_B3000,R1,1385197443,987373371,719,Det/images/normal_train/01131938.png,0,01,easy_clean,0.0687704287,1.0,0.0403755836,normal_replay,FoldBalanced-Gap
RUN_122,TRIAD_041,A14_FoldBalanced-Gap_B3000,R1,1385197443,987373371,720,Det/images/normal_train/01126403.png,0,06,easy_clean,0.0186488528,1.0,0.0152777775,normal_replay,FoldBalanced-Gap
RUN_122,TRIAD_041,A14_FoldBalanced-Gap_B3000,R1,1385197443,987373371,721,Det/images/normal_train/00785237.png,0,04,easy_clean,0.0007313976,1.0,0.004218697,normal_replay,FoldBalanced-Gap
RUN_122,TRIAD_041,A14_FoldBalanced-Gap_B3000,R1,1385197443,987373371,722,Det/images/normal_train/00625601.png,0,08,easy_clean,0.026438001,1.0,0.0290139287,normal_replay,FoldBalanced-Gap
RUN_122,TRIAD_041,A14_FoldBalanced-Gap_B3000,R1,1385197443,987373371,723,Det/images/normal_train/01282115.png,0,02,easy_clean,0.0900518795,1.0,0.015926838,normal_replay,FoldBalanced-Gap
RUN_122,TRIAD_041,A14_FoldBalanced-Gap_B3000,R1,1385197443,987373371,724,Det/images/normal_train/00265128.png,0,05,easy_clean,9.46782e-05,1.0,0.000242727,normal_replay,FoldBalanced-Gap
RUN_122,TRIAD_041,A14_FoldBalanced-Gap_B3000,R1,1385197443,987373371,725,Det/images/normal_train/01237922.png,0,05,easy_clean,0.0126661258,1.0,0.0122597165,normal_replay,FoldBalanced-Gap
RUN_122,TRIAD_041,A14_FoldBalanced-Gap_B3000,R1,1385197443,987373371,726,Det/images/normal_train/01138636.png,0,02,learnable_hard,0.6482862544,0.085,0.1178868883,normal_replay,FoldBalanced-Gap
RUN_122,TRIAD_041,A14_FoldBalanced-Gap_B3000,R1,1385197443,987373371,727,Det/images/normal_train/01122069.png,0,07,ordinary,0.3733735403,0.885,0.1446576012,normal_replay,FoldBalanced-Gap
RUN_122,TRIAD_041,A14_FoldBalanced-Gap_B3000,R1,1385197443,987373371,728,Det/images/normal_train/01057613.png,0,06,easy_clean,0.0076678347,1.0,0.0073584565,normal_replay,FoldBalanced-Gap
RUN_122,TRIAD_041,A14_FoldBalanced-Gap_B3000,R1,1385197443,987373371,729,Det/images/normal_train/00576573.png,0,04,easy_clean,0.0037470509,1.0,0.0076929891,normal_replay,FoldBalanced-Gap
RUN_122,TRIAD_041,A14_FoldBalanced-Gap_B3000,R1,1385197443,987373371,730,Det/images/normal_train/00370521.png,0,06,easy_clean,0.0003592476,1.0,0.0007113893,normal_replay,FoldBalanced-Gap
RUN_122,TRIAD_041,A14_FoldBalanced-Gap_B3000,R1,1385197443,987373371,731,Det/images/normal_train/01247389.png,0,02,easy_clean,0.0057785465,1.0,0.0069338389,normal_replay,FoldBalanced-Gap
RUN_122,TRIAD_041,A14_FoldBalanced-Gap_B3000,R1,1385197443,987373371,732,Det/images/normal_train/01079062.png,0,02,easy_clean,0.0582796957,1.0,0.05091733,normal_replay,FoldBalanced-Gap
RUN_122,TRIAD_041,A14_FoldBalanced-Gap_B3000,R1,1385197443,987373371,733,Det/images/normal_train/00357365.png,0,09,learnable_hard,0.1425107639,0.985,0.1036623183,normal_replay,FoldBalanced-Gap
RUN_122,TRIAD_041,A14_FoldBalanced-Gap_B3000,R1,1385197443,987373371,734,Det/images/normal_train/00932628.png,0,07,learnable_hard,0.3184527718,0.96,0.1027935907,normal_replay,FoldBalanced-Gap
RUN_122,TRIAD_041,A14_FoldBalanced-Gap_B3000,R1,1385197443,987373371,735,Det/images/normal_train/00335190.png,0,07,easy_clean,0.0116758827,1.0,0.0182090778,normal_replay,FoldBalanced-Gap
RUN_122,TRIAD_041,A14_FoldBalanced-Gap_B3000,R1,1385197443,987373371,736,Det/images/normal_train/00850745.png,0,07,easy_clean,0.0002386039,1.0,0.000355396,normal_replay,FoldBalanced-Gap
RUN_122,TRIAD_041,A14_FoldBalanced-Gap_B3000,R1,1385197443,987373371,737,Det/images/normal_train/00268609.png,0,03,learnable_hard,0.2682369082,0.995,0.1292754034,normal_replay,FoldBalanced-Gap
RUN_122,TRIAD_041,A14_FoldBalanced-Gap_B3000,R1,1385197443,987373371,738,Det/images/normal_train/00887950.png,0,01,easy_clean,0.0084908793,1.0,0.0097487003,normal_replay,FoldBalanced-Gap
RUN_122,TRIAD_041,A14_FoldBalanced-Gap_B3000,R1,1385197443,987373371,739,Det/images/normal_train/00579933.png,0,05,easy_clean,0.0020433254,1.0,0.0030658646,normal_replay,FoldBalanced-Gap
RUN_122,TRIAD_041,A14_FoldBalanced-Gap_B3000,R1,1385197443,987373371,740,Det/images/normal_train/00860527.png,0,03,learnable_hard,0.1464971168,0.99,0.1140225659,normal_replay,FoldBalanced-Gap
RUN_122,TRIAD_041,A14_FoldBalanced-Gap_B3000,R1,1385197443,987373371,741,Det/images/normal_train/00910410.png,0,05,ordinary,0.1281839176,1.0,0.0682081535,normal_replay,FoldBalanced-Gap
RUN_122,TRIAD_041,A14_FoldBalanced-Gap_B3000,R1,1385197443,987373371,742,Det/images/normal_train/01218615.png,0,03,easy_clean,0.0062028001,1.0,0.0099680567,normal_replay,FoldBalanced-Gap
RUN_122,TRIAD_041,A14_FoldBalanced-Gap_B3000,R1,1385197443,987373371,743,Det/images/normal_train/00479350.png,0,03,easy_clean,0.0009622504,1.0,0.0040784207,normal_replay,FoldBalanced-Gap
RUN_122,TRIAD_041,A14_FoldBalanced-Gap_B3000,R1,1385197443,987373371,744,Det/images/normal_train/00423717.png,0,04,easy_clean,0.0001757745,1.0,0.000321204,normal_replay,FoldBalanced-Gap
RUN_122,TRIAD_041,A14_FoldBalanced-Gap_B3000,R1,1385197443,987373371,745,Det/images/normal_train/00181248.png,0,09,easy_clean,0.0009595779,1.0,0.0017544999,normal_replay,FoldBalanced-Gap
RUN_122,TRIAD_041,A14_FoldBalanced-Gap_B3000,R1,1385197443,987373371,746,Det/images/normal_train/00869446.png,0,03,easy_clean,0.0019248486,1.0,0.0029556703,normal_replay,FoldBalanced-Gap
RUN_122,TRIAD_041,A14_FoldBalanced-Gap_B3000,R1,1385197443,987373371,747,Det/images/normal_train/01146136.png,0,05,ordinary,0.2470047219,1.0,0.0662143493,normal_replay,FoldBalanced-Gap
RUN_122,TRIAD_041,A14_FoldBalanced-Gap_B3000,R1,1385197443,987373371,748,Det/images/normal_train/00805248.png,0,07,easy_clean,0.0121743259,1.0,0.0169805479,normal_replay,FoldBalanced-Gap
RUN_122,TRIAD_041,A14_FoldBalanced-Gap_B3000,R1,1385197443,987373371,749,Det/images/normal_train/00151196.png,0,01,easy_clean,0.0639764021,1.0,0.0503637986,normal_replay,FoldBalanced-Gap
RUN_122,TRIAD_041,A14_FoldBalanced-Gap_B3000,R1,1385197443,987373371,750,Det/images/normal_train/00405837.png,0,05,easy_clean,0.0224427142,1.0,0.0357975397,normal_replay,FoldBalanced-Gap
RUN_122,TRIAD_041,A14_FoldBalanced-Gap_B3000,R1,1385197443,987373371,751,Det/images/normal_train/00498353.png,0,00,easy_clean,0.012073857,1.0,0.0097668515,normal_replay,FoldBalanced-Gap
RUN_122,TRIAD_041,A14_FoldBalanced-Gap_B3000,R1,1385197443,987373371,752,Det/images/normal_train/01004733.png,0,07,easy_clean,0.0399159728,1.0,0.0482698646,normal_replay,FoldBalanced-Gap
RUN_122,TRIAD_041,A14_FoldBalanced-Gap_B3000,R1,1385197443,987373371,753,Det/images/normal_train/00375109.png,0,04,unstable_boundary,0.3951016021,0.855,0.107885953,normal_replay,FoldBalanced-Gap
RUN_122,TRIAD_041,A14_FoldBalanced-Gap_B3000,R1,1385197443,987373371,754,Det/images/normal_train/01276649.png,0,01,easy_clean,0.0524183521,1.0,0.0475328303,normal_replay,FoldBalanced-Gap
RUN_122,TRIAD_041,A14_FoldBalanced-Gap_B3000,R1,1385197443,987373371,755,Det/images/normal_train/00371459.png,0,00,ordinary,0.276896444,1.0,0.1113971018,normal_replay,FoldBalanced-Gap
RUN_122,TRIAD_041,A14_FoldBalanced-Gap_B3000,R1,1385197443,987373371,756,Det/images/normal_train/01084962.png,0,01,easy_clean,0.0216003345,1.0,0.0237011773,normal_replay,FoldBalanced-Gap
RUN_122,TRIAD_041,A14_FoldBalanced-Gap_B3000,R1,1385197443,987373371,757,Det/images/normal_train/00336246.png,0,03,learnable_hard,0.2088513106,0.97,0.124125233,normal_replay,FoldBalanced-Gap
RUN_122,TRIAD_041,A14_FoldBalanced-Gap_B3000,R1,1385197443,987373371,758,Det/images/normal_train/01080934.png,0,03,learnable_hard,0.1286748769,0.995,0.1279694348,normal_replay,FoldBalanced-Gap
RUN_122,TRIAD_041,A14_FoldBalanced-Gap_B3000,R1,1385197443,987373371,759,Det/images/normal_train/00530858.png,0,01,easy_clean,0.0005589902,1.0,0.0015022756,normal_replay,FoldBalanced-Gap
RUN_122,TRIAD_041,A14_FoldBalanced-Gap_B3000,R1,1385197443,987373371,760,Det/images/normal_train/00331432.png,0,02,easy_clean,0.014913643,1.0,0.0173850806,normal_replay,FoldBalanced-Gap
RUN_122,TRIAD_041,A14_FoldBalanced-Gap_B3000,R1,1385197443,987373371,761,Det/images/normal_train/00860213.png,0,03,learnable_hard,0.059304773,0.99,0.0799052435,normal_replay,FoldBalanced-Gap
RUN_122,TRIAD_041,A14_FoldBalanced-Gap_B3000,R1,1385197443,987373371,762,Det/images/normal_train/00938428.png,0,08,learnable_hard,0.0454404072,0.98,0.1108644592,normal_replay,FoldBalanced-Gap
RUN_122,TRIAD_041,A14_FoldBalanced-Gap_B3000,R1,1385197443,987373371,763,Det/images/normal_train/00429165.png,0,01,learnable_hard,0.071928082,0.98,0.1161800233,normal_replay,FoldBalanced-Gap
RUN_122,TRIAD_041,A14_FoldBalanced-Gap_B3000,R1,1385197443,987373371,764,Det/images/normal_train/00314055.png,0,05,easy_clean,0.0098613524,1.0,0.0131983134,normal_replay,FoldBalanced-Gap
RUN_122,TRIAD_041,A14_FoldBalanced-Gap_B3000,R1,1385197443,987373371,765,Det/images/normal_train/00884588.png,0,09,easy_clean,0.0019025448,1.0,0.006674244,normal_replay,FoldBalanced-Gap
RUN_122,TRIAD_041,A14_FoldBalanced-Gap_B3000,R1,1385197443,987373371,766,Det/images/normal_train/00277639.png,0,04,easy_clean,0.0068616262,1.0,0.0081137636,normal_replay,FoldBalanced-Gap
RUN_122,TRIAD_041,A14_FoldBalanced-Gap_B3000,R1,1385197443,987373371,767,Det/images/normal_train/00861788.png,0,09,easy_clean,0.0008319423,1.0,0.0010784638,normal_replay,FoldBalanced-Gap
RUN_122,TRIAD_041,A14_FoldBalanced-Gap_B3000,R1,1385197443,987373371,768,Det/images/normal_train/00821799.png,0,06,easy_clean,0.0021508321,1.0,0.0028217711,normal_replay,FoldBalanced-Gap
RUN_122,TRIAD_041,A14_FoldBalanced-Gap_B3000,R1,1385197443,987373371,769,Det/images/normal_train/00589853.png,0,03,easy_clean,0.0038881834,1.0,0.0044017188,normal_replay,FoldBalanced-Gap
RUN_122,TRIAD_041,A14_FoldBalanced-Gap_B3000,R1,1385197443,987373371,770,Det/images/normal_train/01247753.png,0,02,easy_clean,0.0116179303,1.0,0.0067796628,normal_replay,FoldBalanced-Gap
RUN_122,TRIAD_041,A14_FoldBalanced-Gap_B3000,R1,1385197443,987373371,771,Det/images/normal_train/01050629.png,0,08,learnable_hard,0.174511977,0.985,0.1411378548,normal_replay,FoldBalanced-Gap
RUN_122,TRIAD_041,A14_FoldBalanced-Gap_B3000,R1,1385197443,987373371,772,Det/images/normal_train/01203076.png,0,05,easy_clean,0.0027066156,1.0,0.008065924,normal_replay,FoldBalanced-Gap
RUN_122,TRIAD_041,A14_FoldBalanced-Gap_B3000,R1,1385197443,987373371,773,Det/images/normal_train/00192223.png,0,09,easy_clean,0.0096710693,1.0,0.0124839809,normal_replay,FoldBalanced-Gap
RUN_122,TRIAD_041,A14_FoldBalanced-Gap_B3000,R1,1385197443,987373371,774,Det/images/normal_train/00551057.png,0,02,easy_clean,0.006532709,1.0,0.008575256,normal_replay,FoldBalanced-Gap
RUN_122,TRIAD_041,A14_FoldBalanced-Gap_B3000,R1,1385197443,987373371,775,Det/images/normal_train/01213380.png,0,03,learnable_hard,0.0680994408,0.99,0.0918923314,normal_replay,FoldBalanced-Gap
RUN_122,TRIAD_041,A14_FoldBalanced-Gap_B3000,R1,1385197443,987373371,776,Det/images/normal_train/00490362.png,0,05,easy_clean,0.0555645087,1.0,0.0483900335,normal_replay,FoldBalanced-Gap
RUN_122,TRIAD_041,A14_FoldBalanced-Gap_B3000,R1,1385197443,987373371,777,Det/images/normal_train/00375994.png,0,04,easy_clean,0.0003118225,1.0,0.0005596849,normal_replay,FoldBalanced-Gap
RUN_122,TRIAD_041,A14_FoldBalanced-Gap_B3000,R1,1385197443,987373371,778,Det/images/normal_train/00789188.png,0,09,easy_clean,0.0293607786,1.0,0.0308214098,normal_replay,FoldBalanced-Gap
RUN_122,TRIAD_041,A14_FoldBalanced-Gap_B3000,R1,1385197443,987373371,779,Det/images/normal_train/00964350.png,0,05,ordinary,0.3058884911,0.89,0.1518494074,normal_replay,FoldBalanced-Gap
RUN_122,TRIAD_041,A14_FoldBalanced-Gap_B3000,R1,1385197443,987373371,780,Det/images/normal_train/00772555.png,0,01,easy_clean,0.0015898658,1.0,0.0030874601,normal_replay,FoldBalanced-Gap
RUN_122,TRIAD_041,A14_FoldBalanced-Gap_B3000,R1,1385197443,987373371,781,Det/images/normal_train/00962219.png,0,04,easy_clean,0.009159147,1.0,0.0217814077,normal_replay,FoldBalanced-Gap
RUN_122,TRIAD_041,A14_FoldBalanced-Gap_B3000,R1,1385197443,987373371,782,Det/images/normal_train/00153959.png,0,00,easy_clean,0.0079590847,1.0,0.0100998817,normal_replay,FoldBalanced-Gap
RUN_122,TRIAD_041,A14_FoldBalanced-Gap_B3000,R1,1385197443,987373371,783,Det/images/normal_train/01271384.png,0,03,easy_clean,0.0066841444,1.0,0.0119989797,normal_replay,FoldBalanced-Gap
RUN_122,TRIAD_041,A14_FoldBalanced-Gap_B3000,R1,1385197443,987373371,784,Det/images/normal_train/00809114.png,0,05,easy_clean,0.0606448189,1.0,0.0491612482,normal_replay,FoldBalanced-Gap
RUN_122,TRIAD_041,A14_FoldBalanced-Gap_B3000,R1,1385197443,987373371,785,Det/images/normal_train/00839031.png,0,06,easy_clean,0.0270815457,1.0,0.0372387133,normal_replay,FoldBalanced-Gap
RUN_122,TRIAD_041,A14_FoldBalanced-Gap_B3000,R1,1385197443,987373371,786,Det/images/normal_train/00563914.png,0,06,easy_clean,0.0017204873,1.0,0.0024071751,normal_replay,FoldBalanced-Gap
RUN_122,TRIAD_041,A14_FoldBalanced-Gap_B3000,R1,1385197443,987373371,787,Det/images/normal_train/00944629.png,0,05,learnable_hard,0.1646555919,0.995,0.0491793534,normal_replay,FoldBalanced-Gap
RUN_122,TRIAD_041,A14_FoldBalanced-Gap_B3000,R1,1385197443,987373371,788,Det/images/normal_train/01086803.png,0,04,learnable_hard,0.1582408621,0.995,0.1177797668,normal_replay,FoldBalanced-Gap
RUN_122,TRIAD_041,A14_FoldBalanced-Gap_B3000,R1,1385197443,987373371,789,Det/images/normal_train/00335619.png,0,07,easy_clean,0.0010678956,1.0,0.0019536224,normal_replay,FoldBalanced-Gap
RUN_122,TRIAD_041,A14_FoldBalanced-Gap_B3000,R1,1385197443,987373371,790,Det/images/normal_train/00605767.png,0,01,learnable_hard,0.0833214988,0.995,0.0913350964,normal_replay,FoldBalanced-Gap
RUN_122,TRIAD_041,A14_FoldBalanced-Gap_B3000,R1,1385197443,987373371,791,Det/images/normal_train/00982870.png,0,00,easy_clean,0.0020209108,1.0,0.0024221517,normal_replay,FoldBalanced-Gap
RUN_122,TRIAD_041,A14_FoldBalanced-Gap_B3000,R1,1385197443,987373371,792,Det/images/normal_train/00772758.png,0,01,easy_clean,0.0028022508,1.0,0.0051554822,normal_replay,FoldBalanced-Gap
RUN_122,TRIAD_041,A14_FoldBalanced-Gap_B3000,R1,1385197443,987373371,793,Det/images/normal_train/00214723.png,0,09,easy_clean,0.0199768521,1.0,0.041457608,normal_replay,FoldBalanced-Gap
RUN_122,TRIAD_041,A14_FoldBalanced-Gap_B3000,R1,1385197443,987373371,794,Det/images/normal_train/00476098.png,0,09,easy_clean,0.0276680826,1.0,0.0296884857,normal_replay,FoldBalanced-Gap
RUN_122,TRIAD_041,A14_FoldBalanced-Gap_B3000,R1,1385197443,987373371,795,Det/images/normal_train/00905456.png,0,09,easy_clean,0.0191219751,1.0,0.026820121,normal_replay,FoldBalanced-Gap
RUN_122,TRIAD_041,A14_FoldBalanced-Gap_B3000,R1,1385197443,987373371,796,Det/images/normal_train/00523140.png,0,00,learnable_hard,0.0711940508,0.98,0.1185142752,normal_replay,FoldBalanced-Gap
RUN_122,TRIAD_041,A14_FoldBalanced-Gap_B3000,R1,1385197443,987373371,797,Det/images/normal_train/00923004.png,0,08,easy_clean,0.0665554566,1.0,0.0845044371,normal_replay,FoldBalanced-Gap
RUN_122,TRIAD_041,A14_FoldBalanced-Gap_B3000,R1,1385197443,987373371,798,Det/images/normal_train/01095061.png,0,01,ordinary,0.3654541363,0.625,0.1946504567,normal_replay,FoldBalanced-Gap
RUN_122,TRIAD_041,A14_FoldBalanced-Gap_B3000,R1,1385197443,987373371,799,Det/images/normal_train/00310915.png,0,05,ordinary,0.0976513083,1.0,0.0715480103,normal_replay,FoldBalanced-Gap
RUN_122,TRIAD_041,A14_FoldBalanced-Gap_B3000,R1,1385197443,987373371,800,Det/images/normal_train/00210201.png,0,00,easy_clean,0.0035305972,1.0,0.0031012211,normal_replay,FoldBalanced-Gap
RUN_122,TRIAD_041,A14_FoldBalanced-Gap_B3000,R1,1385197443,987373371,801,Det/images/normal_train/00468144.png,0,06,easy_clean,0.0014179999,1.0,0.0025069352,normal_replay,FoldBalanced-Gap
RUN_122,TRIAD_041,A14_FoldBalanced-Gap_B3000,R1,1385197443,987373371,802,Det/images/normal_train/00244947.png,0,07,easy_clean,0.006044164,1.0,0.0096535093,normal_replay,FoldBalanced-Gap
RUN_122,TRIAD_041,A14_FoldBalanced-Gap_B3000,R1,1385197443,987373371,803,Det/images/normal_train/00828579.png,0,08,easy_clean,0.0065795293,1.0,0.0146902718,normal_replay,FoldBalanced-Gap
RUN_122,TRIAD_041,A14_FoldBalanced-Gap_B3000,R1,1385197443,987373371,804,Det/images/normal_train/00452447.png,0,06,learnable_hard,0.2261378893,0.99,0.1204671501,normal_replay,FoldBalanced-Gap
RUN_122,TRIAD_041,A14_FoldBalanced-Gap_B3000,R1,1385197443,987373371,805,Det/images/normal_train/00711988.png,0,08,easy_clean,0.0044391995,1.0,0.0107372731,normal_replay,FoldBalanced-Gap
RUN_122,TRIAD_041,A14_FoldBalanced-Gap_B3000,R1,1385197443,987373371,806,Det/images/normal_train/00849879.png,0,05,easy_clean,0.0009589406,1.0,0.0012973268,normal_replay,FoldBalanced-Gap
RUN_122,TRIAD_041,A14_FoldBalanced-Gap_B3000,R1,1385197443,987373371,807,Det/images/normal_train/00775362.png,0,09,learnable_hard,0.1724143288,0.995,0.0897683256,normal_replay,FoldBalanced-Gap
RUN_122,TRIAD_041,A14_FoldBalanced-Gap_B3000,R1,1385197443,987373371,808,Det/images/normal_train/00961168.png,0,07,learnable_hard,0.2962744165,0.9,0.1385904926,normal_replay,FoldBalanced-Gap
RUN_122,TRIAD_041,A14_FoldBalanced-Gap_B3000,R1,1385197443,987373371,809,Det/images/normal_train/00586269.png,0,01,easy_clean,0.0049329093,1.0,0.0114235897,normal_replay,FoldBalanced-Gap
RUN_122,TRIAD_041,A14_FoldBalanced-Gap_B3000,R1,1385197443,987373371,810,Det/images/normal_train/00228480.png,0,06,easy_clean,0.0138577202,1.0,0.0168664801,normal_replay,FoldBalanced-Gap
RUN_122,TRIAD_041,A14_FoldBalanced-Gap_B3000,R1,1385197443,987373371,811,Det/images/normal_train/00361355.png,0,00,easy_clean,0.0049782957,1.0,0.0059132342,normal_replay,FoldBalanced-Gap
RUN_122,TRIAD_041,A14_FoldBalanced-Gap_B3000,R1,1385197443,987373371,812,Det/images/normal_train/00560965.png,0,01,easy_clean,0.0017538583,1.0,0.0047143383,normal_replay,FoldBalanced-Gap
RUN_122,TRIAD_041,A14_FoldBalanced-Gap_B3000,R1,1385197443,987373371,813,Det/images/normal_train/00616141.png,0,00,easy_clean,0.0018902477,1.0,0.0074200757,normal_replay,FoldBalanced-Gap
RUN_122,TRIAD_041,A14_FoldBalanced-Gap_B3000,R1,1385197443,987373371,814,Det/images/normal_train/00332163.png,0,00,learnable_hard,0.0050943226,0.995,0.0454402263,normal_replay,FoldBalanced-Gap
RUN_122,TRIAD_041,A14_FoldBalanced-Gap_B3000,R1,1385197443,987373371,815,Det/images/normal_train/00967072.png,0,04,easy_clean,0.0107845414,1.0,0.0168874382,normal_replay,FoldBalanced-Gap
RUN_122,TRIAD_041,A14_FoldBalanced-Gap_B3000,R1,1385197443,987373371,816,Det/images/normal_train/01084546.png,0,01,easy_clean,0.0080948995,1.0,0.0098305071,normal_replay,FoldBalanced-Gap
RUN_122,TRIAD_041,A14_FoldBalanced-Gap_B3000,R1,1385197443,987373371,817,Det/images/normal_train/00540287.png,0,05,easy_clean,0.0285884525,1.0,0.0376567786,normal_replay,FoldBalanced-Gap
RUN_122,TRIAD_041,A14_FoldBalanced-Gap_B3000,R1,1385197443,987373371,818,Det/images/normal_train/00846472.png,0,01,easy_clean,0.0079523952,1.0,0.0164861793,normal_replay,FoldBalanced-Gap
RUN_122,TRIAD_041,A14_FoldBalanced-Gap_B3000,R1,1385197443,987373371,819,Det/images/normal_train/01176445.png,0,02,easy_clean,0.0026343059,1.0,0.0039706464,normal_replay,FoldBalanced-Gap
RUN_122,TRIAD_041,A14_FoldBalanced-Gap_B3000,R1,1385197443,987373371,820,Det/images/normal_train/00434874.png,0,07,easy_clean,0.0058259638,1.0,0.0080675895,normal_replay,FoldBalanced-Gap
RUN_122,TRIAD_041,A14_FoldBalanced-Gap_B3000,R1,1385197443,987373371,821,Det/images/normal_train/01190413.png,0,02,easy_clean,0.0597591089,1.0,0.0434916307,normal_replay,FoldBalanced-Gap
RUN_122,TRIAD_041,A14_FoldBalanced-Gap_B3000,R1,1385197443,987373371,822,Det/images/normal_train/01138622.png,0,02,easy_clean,0.0082157046,1.0,0.0126964792,normal_replay,FoldBalanced-Gap
RUN_122,TRIAD_041,A14_FoldBalanced-Gap_B3000,R1,1385197443,987373371,823,Det/images/normal_train/00180396.png,0,08,easy_clean,0.0048084445,1.0,0.0069982625,normal_replay,FoldBalanced-Gap
RUN_122,TRIAD_041,A14_FoldBalanced-Gap_B3000,R1,1385197443,987373371,824,Det/images/normal_train/00277300.png,0,04,easy_clean,0.0008668687,1.0,0.0018277967,normal_replay,FoldBalanced-Gap
RUN_122,TRIAD_041,A14_FoldBalanced-Gap_B3000,R1,1385197443,987373371,825,Det/images/normal_train/01028102.png,0,06,easy_clean,0.0836698291,1.0,0.0836252287,normal_replay,FoldBalanced-Gap
RUN_122,TRIAD_041,A14_FoldBalanced-Gap_B3000,R1,1385197443,987373371,826,Det/images/normal_train/01013329.png,0,01,easy_clean,0.0063932674,1.0,0.0062920793,normal_replay,FoldBalanced-Gap
RUN_122,TRIAD_041,A14_FoldBalanced-Gap_B3000,R1,1385197443,987373371,827,Det/images/normal_train/01256851.png,0,02,easy_clean,0.0179259623,1.0,0.0246174119,normal_replay,FoldBalanced-Gap
RUN_122,TRIAD_041,A14_FoldBalanced-Gap_B3000,R1,1385197443,987373371,828,Det/images/normal_train/01125274.png,0,02,easy_clean,0.0018603639,1.0,0.0048304251,normal_replay,FoldBalanced-Gap
RUN_122,TRIAD_041,A14_FoldBalanced-Gap_B3000,R1,1385197443,987373371,829,Det/images/normal_train/01270493.png,0,05,easy_clean,0.0695484571,1.0,0.0371619816,normal_replay,FoldBalanced-Gap
RUN_122,TRIAD_041,A14_FoldBalanced-Gap_B3000,R1,1385197443,987373371,830,Det/images/normal_train/00849298.png,0,05,ordinary,0.3742054881,0.71,0.3400542788,normal_replay,FoldBalanced-Gap
RUN_122,TRIAD_041,A14_FoldBalanced-Gap_B3000,R1,1385197443,987373371,831,Det/images/normal_train/00412308.png,0,06,easy_clean,0.0001670044,1.0,0.0002283653,normal_replay,FoldBalanced-Gap
RUN_122,TRIAD_041,A14_FoldBalanced-Gap_B3000,R1,1385197443,987373371,832,Det/images/normal_train/00523256.png,0,00,easy_clean,0.0034862276,1.0,0.0044349831,normal_replay,FoldBalanced-Gap
RUN_122,TRIAD_041,A14_FoldBalanced-Gap_B3000,R1,1385197443,987373371,833,Det/images/normal_train/01155272.png,0,07,easy_clean,0.0219838873,1.0,0.026976453,normal_replay,FoldBalanced-Gap
RUN_122,TRIAD_041,A14_FoldBalanced-Gap_B3000,R1,1385197443,987373371,834,Det/images/normal_train/01063718.png,0,02,easy_clean,0.0014764174,1.0,0.003683602,normal_replay,FoldBalanced-Gap
RUN_122,TRIAD_041,A14_FoldBalanced-Gap_B3000,R1,1385197443,987373371,835,Det/images/normal_train/00771319.png,0,03,easy_clean,0.0032236285,1.0,0.0106360236,normal_replay,FoldBalanced-Gap
RUN_122,TRIAD_041,A14_FoldBalanced-Gap_B3000,R1,1385197443,987373371,836,Det/images/normal_train/01040218.png,0,06,easy_clean,0.0198174137,1.0,0.0265930738,normal_replay,FoldBalanced-Gap
RUN_122,TRIAD_041,A14_FoldBalanced-Gap_B3000,R1,1385197443,987373371,837,Det/images/normal_train/01125815.png,0,02,easy_clean,0.0143117759,1.0,0.0149249259,normal_replay,FoldBalanced-Gap
RUN_122,TRIAD_041,A14_FoldBalanced-Gap_B3000,R1,1385197443,987373371,838,Det/images/normal_train/00346536.png,0,07,easy_clean,0.0172041775,1.0,0.0150347095,normal_replay,FoldBalanced-Gap
RUN_122,TRIAD_041,A14_FoldBalanced-Gap_B3000,R1,1385197443,987373371,839,Det/images/normal_train/00326718.png,0,09,easy_clean,0.0124563787,1.0,0.0170421398,normal_replay,FoldBalanced-Gap
RUN_122,TRIAD_041,A14_FoldBalanced-Gap_B3000,R1,1385197443,987373371,840,Det/images/normal_train/00226463.png,0,08,easy_clean,0.0025685409,1.0,0.0039942726,normal_replay,FoldBalanced-Gap
RUN_122,TRIAD_041,A14_FoldBalanced-Gap_B3000,R1,1385197443,987373371,841,Det/images/normal_train/00447490.png,0,05,easy_clean,0.0004340648,1.0,0.0009443251,normal_replay,FoldBalanced-Gap
RUN_122,TRIAD_041,A14_FoldBalanced-Gap_B3000,R1,1385197443,987373371,842,Det/images/normal_train/00577999.png,0,05,easy_clean,0.0011339901,1.0,0.0019825879,normal_replay,FoldBalanced-Gap
RUN_122,TRIAD_041,A14_FoldBalanced-Gap_B3000,R1,1385197443,987373371,843,Det/images/normal_train/00965027.png,0,03,ordinary,0.3677608727,0.83,0.2000046209,normal_replay,FoldBalanced-Gap
RUN_122,TRIAD_041,A14_FoldBalanced-Gap_B3000,R1,1385197443,987373371,844,Det/images/normal_train/00565386.png,0,04,easy_clean,0.0013013578,1.0,0.0018749508,normal_replay,FoldBalanced-Gap
RUN_122,TRIAD_041,A14_FoldBalanced-Gap_B3000,R1,1385197443,987373371,845,Det/images/normal_train/00210591.png,0,00,easy_clean,0.0012368871,1.0,0.0016300384,normal_replay,FoldBalanced-Gap
RUN_122,TRIAD_041,A14_FoldBalanced-Gap_B3000,R1,1385197443,987373371,846,Det/images/normal_train/00175586.png,0,06,easy_clean,0.0046612068,1.0,0.0086528388,normal_replay,FoldBalanced-Gap
RUN_122,TRIAD_041,A14_FoldBalanced-Gap_B3000,R1,1385197443,987373371,847,Det/images/normal_train/01119624.png,0,01,easy_clean,0.0245935041,1.0,0.0285325243,normal_replay,FoldBalanced-Gap
RUN_122,TRIAD_041,A14_FoldBalanced-Gap_B3000,R1,1385197443,987373371,848,Det/images/normal_train/01261288.png,0,00,learnable_hard,0.2446079939,0.985,0.1029896791,normal_replay,FoldBalanced-Gap
RUN_122,TRIAD_041,A14_FoldBalanced-Gap_B3000,R1,1385197443,987373371,849,Det/images/normal_train/00999383.png,0,08,ordinary,0.1595497944,1.0,0.0971914451,normal_replay,FoldBalanced-Gap
RUN_122,TRIAD_041,A14_FoldBalanced-Gap_B3000,R1,1385197443,987373371,850,Det/images/normal_train/00263147.png,0,07,easy_clean,0.0002755788,1.0,0.0004417602,normal_replay,FoldBalanced-Gap
RUN_122,TRIAD_041,A14_FoldBalanced-Gap_B3000,R1,1385197443,987373371,851,Det/images/normal_train/01275361.png,0,06,easy_clean,0.0114442065,1.0,0.0103424771,normal_replay,FoldBalanced-Gap
RUN_122,TRIAD_041,A14_FoldBalanced-Gap_B3000,R1,1385197443,987373371,852,Det/images/normal_train/00668138.png,0,04,learnable_hard,0.0307179961,0.985,0.0933280507,normal_replay,FoldBalanced-Gap
RUN_122,TRIAD_041,A14_FoldBalanced-Gap_B3000,R1,1385197443,987373371,853,Det/images/normal_train/00908278.png,0,06,easy_clean,0.001367138,1.0,0.0035198675,normal_replay,FoldBalanced-Gap
RUN_122,TRIAD_041,A14_FoldBalanced-Gap_B3000,R1,1385197443,987373371,854,Det/images/normal_train/00809440.png,0,05,easy_clean,0.0052314457,1.0,0.0071462541,normal_replay,FoldBalanced-Gap
RUN_122,TRIAD_041,A14_FoldBalanced-Gap_B3000,R1,1385197443,987373371,855,Det/images/normal_train/00941082.png,0,00,easy_clean,0.0202775412,1.0,0.0255761084,normal_replay,FoldBalanced-Gap
RUN_122,TRIAD_041,A14_FoldBalanced-Gap_B3000,R1,1385197443,987373371,856,Det/images/normal_train/01238985.png,0,04,easy_clean,0.0003827689,1.0,0.0006071794,normal_replay,FoldBalanced-Gap
RUN_122,TRIAD_041,A14_FoldBalanced-Gap_B3000,R1,1385197443,987373371,857,Det/images/normal_train/00364580.png,0,08,easy_clean,0.0002806536,1.0,0.0016243197,normal_replay,FoldBalanced-Gap
RUN_122,TRIAD_041,A14_FoldBalanced-Gap_B3000,R1,1385197443,987373371,858,Det/images/normal_train/00268375.png,0,03,easy_clean,0.0707756601,1.0,0.0871947165,normal_replay,FoldBalanced-Gap
RUN_122,TRIAD_041,A14_FoldBalanced-Gap_B3000,R1,1385197443,987373371,859,Det/images/normal_train/00997961.png,0,08,easy_clean,0.0022704876,1.0,0.0065140523,normal_replay,FoldBalanced-Gap
RUN_122,TRIAD_041,A14_FoldBalanced-Gap_B3000,R1,1385197443,987373371,860,Det/images/normal_train/00920487.png,0,09,easy_clean,0.0004060319,1.0,0.0014039571,normal_replay,FoldBalanced-Gap
RUN_122,TRIAD_041,A14_FoldBalanced-Gap_B3000,R1,1385197443,987373371,861,Det/images/normal_train/00406634.png,0,03,easy_clean,0.0110047216,1.0,0.026961207,normal_replay,FoldBalanced-Gap
RUN_122,TRIAD_041,A14_FoldBalanced-Gap_B3000,R1,1385197443,987373371,862,Det/images/normal_train/00824934.png,0,05,easy_clean,0.0003910617,1.0,0.0007530064,normal_replay,FoldBalanced-Gap
RUN_122,TRIAD_041,A14_FoldBalanced-Gap_B3000,R1,1385197443,987373371,863,Det/images/normal_train/01213548.png,0,03,easy_clean,0.0095195196,1.0,0.0278911345,normal_replay,FoldBalanced-Gap
RUN_122,TRIAD_041,A14_FoldBalanced-Gap_B3000,R1,1385197443,987373371,864,Det/images/normal_train/00556770.png,0,04,easy_clean,0.0010008618,1.0,0.0039199405,normal_replay,FoldBalanced-Gap
RUN_122,TRIAD_041,A14_FoldBalanced-Gap_B3000,R1,1385197443,987373371,865,Det/images/normal_train/01117076.png,0,07,easy_clean,0.0081995082,1.0,0.0093659719,normal_replay,FoldBalanced-Gap
RUN_122,TRIAD_041,A14_FoldBalanced-Gap_B3000,R1,1385197443,987373371,866,Det/images/normal_train/00350241.png,0,04,easy_clean,0.002053841,1.0,0.0025929783,normal_replay,FoldBalanced-Gap
RUN_122,TRIAD_041,A14_FoldBalanced-Gap_B3000,R1,1385197443,987373371,867,Det/images/normal_train/00228958.png,0,06,easy_clean,0.0024448402,1.0,0.0032767379,normal_replay,FoldBalanced-Gap
RUN_122,TRIAD_041,A14_FoldBalanced-Gap_B3000,R1,1385197443,987373371,868,Det/images/normal_train/00817937.png,0,07,easy_clean,0.0008766281,1.0,0.0011679572,normal_replay,FoldBalanced-Gap
RUN_122,TRIAD_041,A14_FoldBalanced-Gap_B3000,R1,1385197443,987373371,869,Det/images/normal_train/00832919.png,0,05,easy_clean,0.0004982039,1.0,0.0018641324,normal_replay,FoldBalanced-Gap
RUN_122,TRIAD_041,A14_FoldBalanced-Gap_B3000,R1,1385197443,987373371,870,Det/images/normal_train/00564017.png,0,04,easy_clean,0.0451225909,1.0,0.0572474499,normal_replay,FoldBalanced-Gap
RUN_122,TRIAD_041,A14_FoldBalanced-Gap_B3000,R1,1385197443,987373371,871,Det/images/normal_train/00824222.png,0,05,easy_clean,0.0058745069,1.0,0.0066485816,normal_replay,FoldBalanced-Gap
RUN_122,TRIAD_041,A14_FoldBalanced-Gap_B3000,R1,1385197443,987373371,872,Det/images/normal_train/00558736.png,0,06,easy_clean,0.0087982417,1.0,0.0138585919,normal_replay,FoldBalanced-Gap
RUN_122,TRIAD_041,A14_FoldBalanced-Gap_B3000,R1,1385197443,987373371,873,Det/images/normal_train/00944475.png,0,05,learnable_hard,0.0544626995,0.985,0.1147299601,normal_replay,FoldBalanced-Gap
RUN_122,TRIAD_041,A14_FoldBalanced-Gap_B3000,R1,1385197443,987373371,874,Det/images/normal_train/00480437.png,0,07,easy_clean,0.0329075712,1.0,0.0451891052,normal_replay,FoldBalanced-Gap
RUN_122,TRIAD_041,A14_FoldBalanced-Gap_B3000,R1,1385197443,987373371,875,Det/images/normal_train/01235223.png,0,01,easy_clean,0.0005619494,1.0,0.0009327619,normal_replay,FoldBalanced-Gap
RUN_122,TRIAD_041,A14_FoldBalanced-Gap_B3000,R1,1385197443,987373371,876,Det/images/normal_train/00288686.png,0,07,easy_clean,0.0019246384,1.0,0.0030280782,normal_replay,FoldBalanced-Gap
RUN_122,TRIAD_041,A14_FoldBalanced-Gap_B3000,R1,1385197443,987373371,877,Det/images/normal_train/01242468.png,0,02,easy_clean,0.0001038257,1.0,0.0001548652,normal_replay,FoldBalanced-Gap
RUN_122,TRIAD_041,A14_FoldBalanced-Gap_B3000,R1,1385197443,987373371,878,Det/images/normal_train/00788772.png,0,03,easy_clean,0.0018909546,1.0,0.0029910807,normal_replay,FoldBalanced-Gap
RUN_122,TRIAD_041,A14_FoldBalanced-Gap_B3000,R1,1385197443,987373371,879,Det/images/normal_train/00856102.png,0,08,easy_clean,0.0107340039,1.0,0.016164254,normal_replay,FoldBalanced-Gap
RUN_122,TRIAD_041,A14_FoldBalanced-Gap_B3000,R1,1385197443,987373371,880,Det/images/normal_train/01028010.png,0,06,easy_clean,0.0038677551,1.0,0.0058471653,normal_replay,FoldBalanced-Gap
RUN_122,TRIAD_041,A14_FoldBalanced-Gap_B3000,R1,1385197443,987373371,881,Det/images/normal_train/01270492.png,0,05,easy_clean,0.0875220736,1.0,0.0725246156,normal_replay,FoldBalanced-Gap
RUN_122,TRIAD_041,A14_FoldBalanced-Gap_B3000,R1,1385197443,987373371,882,Det/images/normal_train/00670261.png,0,04,persistent_hard,0.7083994457,0.17,0.179664451,normal_replay,FoldBalanced-Gap
RUN_122,TRIAD_041,A14_FoldBalanced-Gap_B3000,R1,1385197443,987373371,883,Det/images/normal_train/01209826.png,0,08,easy_clean,0.0765125426,1.0,0.0338450182,normal_replay,FoldBalanced-Gap
RUN_122,TRIAD_041,A14_FoldBalanced-Gap_B3000,R1,1385197443,987373371,884,Det/images/normal_train/01152935.png,0,08,ordinary,0.4055924815,0.755,0.2501917943,normal_replay,FoldBalanced-Gap
RUN_122,TRIAD_041,A14_FoldBalanced-Gap_B3000,R1,1385197443,987373371,885,Det/images/normal_train/00609456.png,0,08,easy_clean,0.0223090988,1.0,0.0364880211,normal_replay,FoldBalanced-Gap
RUN_122,TRIAD_041,A14_FoldBalanced-Gap_B3000,R1,1385197443,987373371,886,Det/images/normal_train/00969544.png,0,04,easy_clean,0.0092589431,1.0,0.0195896975,normal_replay,FoldBalanced-Gap
RUN_122,TRIAD_041,A14_FoldBalanced-Gap_B3000,R1,1385197443,987373371,887,Det/images/normal_train/00486655.png,0,04,easy_clean,0.013505241,1.0,0.018789227,normal_replay,FoldBalanced-Gap
RUN_122,TRIAD_041,A14_FoldBalanced-Gap_B3000,R1,1385197443,987373371,888,Det/images/normal_train/00226834.png,0,08,easy_clean,0.0526120288,1.0,0.0308768144,normal_replay,FoldBalanced-Gap
RUN_122,TRIAD_041,A14_FoldBalanced-Gap_B3000,R1,1385197443,987373371,889,Det/images/normal_train/01205323.png,0,04,learnable_hard,0.0151327879,0.995,0.0528596415,normal_replay,FoldBalanced-Gap
RUN_122,TRIAD_041,A14_FoldBalanced-Gap_B3000,R1,1385197443,987373371,890,Det/images/normal_train/00582928.png,0,03,easy_clean,0.0020753156,1.0,0.0092204402,normal_replay,FoldBalanced-Gap
RUN_122,TRIAD_041,A14_FoldBalanced-Gap_B3000,R1,1385197443,987373371,891,Det/images/normal_train/01125772.png,0,02,easy_clean,0.0204766452,1.0,0.024061858,normal_replay,FoldBalanced-Gap
RUN_122,TRIAD_041,A14_FoldBalanced-Gap_B3000,R1,1385197443,987373371,892,Det/images/normal_train/00907045.png,0,02,easy_clean,0.0077986532,1.0,0.0120148613,normal_replay,FoldBalanced-Gap
RUN_122,TRIAD_041,A14_FoldBalanced-Gap_B3000,R1,1385197443,987373371,893,Det/images/normal_train/00173936.png,0,04,persistent_hard,0.617194356,0.38,0.2112266833,normal_replay,FoldBalanced-Gap
RUN_122,TRIAD_041,A14_FoldBalanced-Gap_B3000,R1,1385197443,987373371,894,Det/images/normal_train/00206333.png,0,05,easy_clean,0.0018658242,1.0,0.0023379196,normal_replay,FoldBalanced-Gap
RUN_122,TRIAD_041,A14_FoldBalanced-Gap_B3000,R1,1385197443,987373371,895,Det/images/normal_train/00565943.png,0,04,easy_clean,0.0022909994,1.0,0.0034893158,normal_replay,FoldBalanced-Gap
RUN_122,TRIAD_041,A14_FoldBalanced-Gap_B3000,R1,1385197443,987373371,896,Det/images/normal_train/00540077.png,0,05,easy_clean,0.0040485731,1.0,0.0092959405,normal_replay,FoldBalanced-Gap
RUN_122,TRIAD_041,A14_FoldBalanced-Gap_B3000,R1,1385197443,987373371,897,Det/images/normal_train/00534032.png,0,03,easy_clean,0.0034051726,1.0,0.0066008748,normal_replay,FoldBalanced-Gap
RUN_122,TRIAD_041,A14_FoldBalanced-Gap_B3000,R1,1385197443,987373371,898,Det/images/normal_train/00954629.png,0,03,learnable_hard,0.0420237707,0.995,0.0652930385,normal_replay,FoldBalanced-Gap
RUN_122,TRIAD_041,A14_FoldBalanced-Gap_B3000,R1,1385197443,987373371,899,Det/images/normal_train/00320222.png,0,01,easy_clean,0.0040448717,1.0,0.0121387681,normal_replay,FoldBalanced-Gap
RUN_122,TRIAD_041,A14_FoldBalanced-Gap_B3000,R1,1385197443,987373371,900,Det/images/normal_train/00335723.png,0,07,learnable_hard,0.2458742617,0.985,0.1079853663,normal_replay,FoldBalanced-Gap
RUN_122,TRIAD_041,A14_FoldBalanced-Gap_B3000,R1,1385197443,987373371,901,Det/images/normal_train/00477538.png,0,00,ordinary,0.3813212873,0.71,0.1861095367,normal_replay,FoldBalanced-Gap
RUN_122,TRIAD_041,A14_FoldBalanced-Gap_B3000,R1,1385197443,987373371,902,Det/images/normal_train/01060351.png,0,01,easy_clean,0.0322011846,1.0,0.0394913363,normal_replay,FoldBalanced-Gap
RUN_122,TRIAD_041,A14_FoldBalanced-Gap_B3000,R1,1385197443,987373371,903,Det/images/normal_train/01167233.png,0,01,easy_clean,0.0694494411,1.0,0.0801213454,normal_replay,FoldBalanced-Gap
RUN_122,TRIAD_041,A14_FoldBalanced-Gap_B3000,R1,1385197443,987373371,904,Det/images/normal_train/01122869.png,0,07,easy_clean,0.0085148879,1.0,0.006712785,normal_replay,FoldBalanced-Gap
RUN_122,TRIAD_041,A14_FoldBalanced-Gap_B3000,R1,1385197443,987373371,905,Det/images/normal_train/01231737.png,0,09,easy_clean,4.91814e-05,1.0,0.0001038523,normal_replay,FoldBalanced-Gap
RUN_122,TRIAD_041,A14_FoldBalanced-Gap_B3000,R1,1385197443,987373371,906,Det/images/normal_train/01017524.png,0,07,ordinary,0.1183104919,1.0,0.1293397879,normal_replay,FoldBalanced-Gap
RUN_122,TRIAD_041,A14_FoldBalanced-Gap_B3000,R1,1385197443,987373371,907,Det/images/normal_train/00581143.png,0,02,easy_clean,0.000869218,1.0,0.0016211119,normal_replay,FoldBalanced-Gap
RUN_122,TRIAD_041,A14_FoldBalanced-Gap_B3000,R1,1385197443,987373371,908,Det/images/normal_train/00353114.png,0,02,easy_clean,0.0007679839,1.0,0.0011293013,normal_replay,FoldBalanced-Gap
RUN_122,TRIAD_041,A14_FoldBalanced-Gap_B3000,R1,1385197443,987373371,909,Det/images/normal_train/01017392.png,0,07,easy_clean,0.0471318455,1.0,0.0324110413,normal_replay,FoldBalanced-Gap
RUN_122,TRIAD_041,A14_FoldBalanced-Gap_B3000,R1,1385197443,987373371,910,Det/images/normal_train/00603546.png,0,09,easy_clean,0.0012410106,1.0,0.0016544289,normal_replay,FoldBalanced-Gap
RUN_122,TRIAD_041,A14_FoldBalanced-Gap_B3000,R1,1385197443,987373371,911,Det/images/normal_train/00862631.png,0,07,easy_clean,0.0237554442,1.0,0.0392682904,normal_replay,FoldBalanced-Gap
RUN_122,TRIAD_041,A14_FoldBalanced-Gap_B3000,R1,1385197443,987373371,912,Det/images/normal_train/00493099.png,0,03,easy_clean,0.0014649784,1.0,0.0025134098,normal_replay,FoldBalanced-Gap
RUN_122,TRIAD_041,A14_FoldBalanced-Gap_B3000,R1,1385197443,987373371,913,Det/images/normal_train/01240401.png,0,03,easy_clean,0.0012060059,1.0,0.0016948327,normal_replay,FoldBalanced-Gap
RUN_122,TRIAD_041,A14_FoldBalanced-Gap_B3000,R1,1385197443,987373371,914,Det/images/normal_train/00330478.png,0,00,easy_clean,0.0047471602,1.0,0.0043943407,normal_replay,FoldBalanced-Gap
RUN_122,TRIAD_041,A14_FoldBalanced-Gap_B3000,R1,1385197443,987373371,915,Det/images/normal_train/00757675.png,0,05,learnable_hard,0.0212719985,0.995,0.0636815564,normal_replay,FoldBalanced-Gap
RUN_122,TRIAD_041,A14_FoldBalanced-Gap_B3000,R1,1385197443,987373371,916,Det/images/normal_train/00533699.png,0,02,easy_clean,0.0014931976,1.0,0.0021395599,normal_replay,FoldBalanced-Gap
RUN_122,TRIAD_041,A14_FoldBalanced-Gap_B3000,R1,1385197443,987373371,917,Det/images/normal_train/01293133.png,0,08,easy_clean,0.0177598176,1.0,0.0323093785,normal_replay,FoldBalanced-Gap
RUN_122,TRIAD_041,A14_FoldBalanced-Gap_B3000,R1,1385197443,987373371,918,Det/images/normal_train/00977463.png,0,09,easy_clean,0.0192412267,1.0,0.0222387555,normal_replay,FoldBalanced-Gap
RUN_122,TRIAD_041,A14_FoldBalanced-Gap_B3000,R1,1385197443,987373371,919,Det/images/normal_train/01091917.png,0,02,easy_clean,0.0465320178,1.0,0.0458141799,normal_replay,FoldBalanced-Gap
RUN_122,TRIAD_041,A14_FoldBalanced-Gap_B3000,R1,1385197443,987373371,920,Det/images/normal_train/00291169.png,0,04,learnable_hard,0.0646089968,0.995,0.0868987784,normal_replay,FoldBalanced-Gap
RUN_122,TRIAD_041,A14_FoldBalanced-Gap_B3000,R1,1385197443,987373371,921,Det/images/normal_train/01053976.png,0,05,easy_clean,0.026172325,1.0,0.0218673534,normal_replay,FoldBalanced-Gap
RUN_122,TRIAD_041,A14_FoldBalanced-Gap_B3000,R1,1385197443,987373371,922,Det/images/normal_train/00819549.png,0,07,unstable_boundary,0.4080988682,0.67,0.1598701807,normal_replay,FoldBalanced-Gap
RUN_122,TRIAD_041,A14_FoldBalanced-Gap_B3000,R1,1385197443,987373371,923,Det/images/normal_train/00175581.png,0,06,easy_clean,0.0387880328,1.0,0.0316743917,normal_replay,FoldBalanced-Gap
RUN_122,TRIAD_041,A14_FoldBalanced-Gap_B3000,R1,1385197443,987373371,924,Det/images/normal_train/00398509.png,0,04,easy_clean,0.0136757884,1.0,0.018443452,normal_replay,FoldBalanced-Gap
RUN_122,TRIAD_041,A14_FoldBalanced-Gap_B3000,R1,1385197443,987373371,925,Det/images/normal_train/01300186.png,0,04,easy_clean,0.000579138,1.0,0.0014203032,normal_replay,FoldBalanced-Gap
RUN_122,TRIAD_041,A14_FoldBalanced-Gap_B3000,R1,1385197443,987373371,926,Det/images/normal_train/00616768.png,0,00,easy_clean,0.0021133814,1.0,0.0031053653,normal_replay,FoldBalanced-Gap
RUN_122,TRIAD_041,A14_FoldBalanced-Gap_B3000,R1,1385197443,987373371,927,Det/images/normal_train/01119707.png,0,01,easy_clean,0.0037220807,1.0,0.0063478041,normal_replay,FoldBalanced-Gap
RUN_122,TRIAD_041,A14_FoldBalanced-Gap_B3000,R1,1385197443,987373371,928,Det/images/normal_train/00863498.png,0,07,easy_clean,0.0057885033,1.0,0.0083360443,normal_replay,FoldBalanced-Gap
RUN_122,TRIAD_041,A14_FoldBalanced-Gap_B3000,R1,1385197443,987373371,929,Det/images/normal_train/00855677.png,0,09,easy_clean,0.0085542395,1.0,0.0257034154,normal_replay,FoldBalanced-Gap
RUN_122,TRIAD_041,A14_FoldBalanced-Gap_B3000,R1,1385197443,987373371,930,Det/images/normal_train/00699488.png,0,02,persistent_hard,0.6362702842,0.31,0.2199965553,normal_replay,FoldBalanced-Gap
RUN_122,TRIAD_041,A14_FoldBalanced-Gap_B3000,R1,1385197443,987373371,931,Det/images/normal_train/00545919.png,0,07,learnable_hard,0.1077216655,0.98,0.1307899709,normal_replay,FoldBalanced-Gap
RUN_122,TRIAD_041,A14_FoldBalanced-Gap_B3000,R1,1385197443,987373371,932,Det/images/normal_train/00211948.png,0,06,easy_clean,0.0027543564,1.0,0.005512627,normal_replay,FoldBalanced-Gap
RUN_122,TRIAD_041,A14_FoldBalanced-Gap_B3000,R1,1385197443,987373371,933,Det/images/normal_train/00957413.png,0,02,easy_clean,0.0018938393,1.0,0.0021720604,normal_replay,FoldBalanced-Gap
RUN_122,TRIAD_041,A14_FoldBalanced-Gap_B3000,R1,1385197443,987373371,934,Det/images/normal_train/00747501.png,0,06,learnable_hard,0.2887670285,0.96,0.1126473362,normal_replay,FoldBalanced-Gap
RUN_122,TRIAD_041,A14_FoldBalanced-Gap_B3000,R1,1385197443,987373371,935,Det/images/normal_train/00393616.png,0,01,easy_clean,0.0122046136,1.0,0.0203486699,normal_replay,FoldBalanced-Gap
RUN_122,TRIAD_041,A14_FoldBalanced-Gap_B3000,R1,1385197443,987373371,936,Det/images/normal_train/00794697.png,0,08,easy_clean,0.0008693245,1.0,0.0013300791,normal_replay,FoldBalanced-Gap
RUN_122,TRIAD_041,A14_FoldBalanced-Gap_B3000,R1,1385197443,987373371,937,Det/images/normal_train/00693095.png,0,03,easy_clean,0.0021433948,1.0,0.0032346414,normal_replay,FoldBalanced-Gap
RUN_122,TRIAD_041,A14_FoldBalanced-Gap_B3000,R1,1385197443,987373371,938,Det/images/normal_train/01013183.png,0,01,easy_clean,0.0018388152,1.0,0.0026173648,normal_replay,FoldBalanced-Gap
RUN_122,TRIAD_041,A14_FoldBalanced-Gap_B3000,R1,1385197443,987373371,939,Det/images/normal_train/00275621.png,0,01,easy_clean,0.0029128001,1.0,0.0048183215,normal_replay,FoldBalanced-Gap
RUN_122,TRIAD_041,A14_FoldBalanced-Gap_B3000,R1,1385197443,987373371,940,Det/images/normal_train/00984552.png,0,02,easy_clean,0.0258999469,1.0,0.0284196316,normal_replay,FoldBalanced-Gap
RUN_122,TRIAD_041,A14_FoldBalanced-Gap_B3000,R1,1385197443,987373371,941,Det/images/normal_train/01073168.png,0,07,easy_clean,0.0196400152,1.0,0.0238236031,normal_replay,FoldBalanced-Gap
RUN_122,TRIAD_041,A14_FoldBalanced-Gap_B3000,R1,1385197443,987373371,942,Det/images/normal_train/00995785.png,0,05,easy_clean,0.0013265771,1.0,0.0021661485,normal_replay,FoldBalanced-Gap
RUN_122,TRIAD_041,A14_FoldBalanced-Gap_B3000,R1,1385197443,987373371,943,Det/images/normal_train/00537470.png,0,09,easy_clean,0.000471834,1.0,0.0006623362,normal_replay,FoldBalanced-Gap
RUN_122,TRIAD_041,A14_FoldBalanced-Gap_B3000,R1,1385197443,987373371,944,Det/images/normal_train/00554397.png,0,03,easy_clean,0.0023900472,1.0,0.0035309894,normal_replay,FoldBalanced-Gap
RUN_122,TRIAD_041,A14_FoldBalanced-Gap_B3000,R1,1385197443,987373371,945,Det/images/normal_train/01000579.png,0,04,easy_clean,0.0022170938,1.0,0.0034753124,normal_replay,FoldBalanced-Gap
RUN_122,TRIAD_041,A14_FoldBalanced-Gap_B3000,R1,1385197443,987373371,946,Det/images/normal_train/00791674.png,0,06,easy_clean,0.0174408001,1.0,0.0160955036,normal_replay,FoldBalanced-Gap
RUN_122,TRIAD_041,A14_FoldBalanced-Gap_B3000,R1,1385197443,987373371,947,Det/images/normal_train/00973677.png,0,05,easy_clean,0.003024687,1.0,0.0045167587,normal_replay,FoldBalanced-Gap
RUN_122,TRIAD_041,A14_FoldBalanced-Gap_B3000,R1,1385197443,987373371,948,Det/images/normal_train/00564713.png,0,04,easy_clean,0.0135154757,1.0,0.0142853419,normal_replay,FoldBalanced-Gap
RUN_122,TRIAD_041,A14_FoldBalanced-Gap_B3000,R1,1385197443,987373371,949,Det/images/normal_train/01026965.png,0,07,easy_clean,0.0022688272,1.0,0.003820494,normal_replay,FoldBalanced-Gap
RUN_122,TRIAD_041,A14_FoldBalanced-Gap_B3000,R1,1385197443,987373371,950,Det/images/normal_train/00356328.png,0,07,easy_clean,0.0203386007,1.0,0.0258440399,normal_replay,FoldBalanced-Gap
RUN_122,TRIAD_041,A14_FoldBalanced-Gap_B3000,R1,1385197443,987373371,951,Det/images/normal_train/00196613.png,0,03,easy_clean,0.0073479926,1.0,0.0071760236,normal_replay,FoldBalanced-Gap
RUN_122,TRIAD_041,A14_FoldBalanced-Gap_B3000,R1,1385197443,987373371,952,Det/images/normal_train/01209998.png,0,08,easy_clean,0.0539473465,1.0,0.0289811797,normal_replay,FoldBalanced-Gap
RUN_122,TRIAD_041,A14_FoldBalanced-Gap_B3000,R1,1385197443,987373371,953,Det/images/normal_train/00937323.png,0,05,ordinary,0.1247075992,1.0,0.0976333882,normal_replay,FoldBalanced-Gap
RUN_122,TRIAD_041,A14_FoldBalanced-Gap_B3000,R1,1385197443,987373371,954,Det/images/normal_train/01280904.png,0,03,learnable_hard,0.0592983413,0.995,0.0905805057,normal_replay,FoldBalanced-Gap
RUN_122,TRIAD_041,A14_FoldBalanced-Gap_B3000,R1,1385197443,987373371,955,Det/images/normal_train/00298156.png,0,06,easy_clean,0.0100016991,1.0,0.0132803629,normal_replay,FoldBalanced-Gap
RUN_122,TRIAD_041,A14_FoldBalanced-Gap_B3000,R1,1385197443,987373371,956,Det/images/normal_train/00232102.png,0,00,easy_clean,0.000416582,1.0,0.0005505959,normal_replay,FoldBalanced-Gap
RUN_122,TRIAD_041,A14_FoldBalanced-Gap_B3000,R1,1385197443,987373371,957,Det/images/normal_train/00928678.png,0,03,learnable_hard,0.0251231896,0.995,0.0545246515,normal_replay,FoldBalanced-Gap
RUN_122,TRIAD_041,A14_FoldBalanced-Gap_B3000,R1,1385197443,987373371,958,Det/images/normal_train/00330914.png,0,00,easy_clean,0.0064589379,1.0,0.008349617,normal_replay,FoldBalanced-Gap
RUN_122,TRIAD_041,A14_FoldBalanced-Gap_B3000,R1,1385197443,987373371,959,Det/images/normal_train/00379155.png,0,02,easy_clean,0.0108470795,1.0,0.0206269358,normal_replay,FoldBalanced-Gap
RUN_122,TRIAD_041,A14_FoldBalanced-Gap_B3000,R1,1385197443,987373371,960,Det/images/normal_train/00503747.png,0,03,easy_clean,0.0013691645,1.0,0.0049460985,normal_replay,FoldBalanced-Gap
RUN_122,TRIAD_041,A14_FoldBalanced-Gap_B3000,R1,1385197443,987373371,961,Det/images/normal_train/00456313.png,0,06,easy_clean,0.0163358826,1.0,0.0385533408,normal_replay,FoldBalanced-Gap
RUN_122,TRIAD_041,A14_FoldBalanced-Gap_B3000,R1,1385197443,987373371,962,Det/images/normal_train/00253037.png,0,09,easy_clean,0.0262669383,1.0,0.0169157654,normal_replay,FoldBalanced-Gap
RUN_122,TRIAD_041,A14_FoldBalanced-Gap_B3000,R1,1385197443,987373371,963,Det/images/normal_train/01261730.png,0,00,learnable_hard,0.3182134845,0.99,0.1044331409,normal_replay,FoldBalanced-Gap
RUN_122,TRIAD_041,A14_FoldBalanced-Gap_B3000,R1,1385197443,987373371,964,Det/images/normal_train/01158539.png,0,00,easy_clean,0.0031872104,1.0,0.0085494457,normal_replay,FoldBalanced-Gap
RUN_122,TRIAD_041,A14_FoldBalanced-Gap_B3000,R1,1385197443,987373371,965,Det/images/normal_train/01254180.png,0,05,easy_clean,0.0223767679,1.0,0.0188631184,normal_replay,FoldBalanced-Gap
RUN_122,TRIAD_041,A14_FoldBalanced-Gap_B3000,R1,1385197443,987373371,966,Det/images/normal_train/00310810.png,0,05,easy_clean,0.0058876324,1.0,0.0088405145,normal_replay,FoldBalanced-Gap
RUN_122,TRIAD_041,A14_FoldBalanced-Gap_B3000,R1,1385197443,987373371,967,Det/images/normal_train/01220772.png,0,01,easy_clean,0.0490893841,1.0,0.0511561868,normal_replay,FoldBalanced-Gap
RUN_122,TRIAD_041,A14_FoldBalanced-Gap_B3000,R1,1385197443,987373371,968,Det/images/normal_train/00826800.png,0,03,easy_clean,0.002431583,1.0,0.0097255697,normal_replay,FoldBalanced-Gap
RUN_122,TRIAD_041,A14_FoldBalanced-Gap_B3000,R1,1385197443,987373371,969,Det/images/normal_train/00974738.png,0,05,easy_clean,0.0323402408,0.995,0.0543788806,normal_replay,FoldBalanced-Gap
RUN_122,TRIAD_041,A14_FoldBalanced-Gap_B3000,R1,1385197443,987373371,970,Det/images/normal_train/00574692.png,0,03,easy_clean,0.0109927375,1.0,0.015872345,normal_replay,FoldBalanced-Gap
RUN_122,TRIAD_041,A14_FoldBalanced-Gap_B3000,R1,1385197443,987373371,971,Det/images/normal_train/01182998.png,0,05,learnable_hard,0.8455150788,0.055,0.1559882269,normal_replay,FoldBalanced-Gap
RUN_122,TRIAD_041,A14_FoldBalanced-Gap_B3000,R1,1385197443,987373371,972,Det/images/normal_train/01049784.png,0,08,easy_clean,0.0129005948,1.0,0.0195779132,normal_replay,FoldBalanced-Gap
RUN_122,TRIAD_041,A14_FoldBalanced-Gap_B3000,R1,1385197443,987373371,973,Det/images/normal_train/00251607.png,0,04,learnable_hard,0.0188075952,0.995,0.0663234427,normal_replay,FoldBalanced-Gap
RUN_122,TRIAD_041,A14_FoldBalanced-Gap_B3000,R1,1385197443,987373371,974,Det/images/normal_train/00504898.png,0,03,learnable_hard,0.0157379433,0.995,0.0473485387,normal_replay,FoldBalanced-Gap
RUN_122,TRIAD_041,A14_FoldBalanced-Gap_B3000,R1,1385197443,987373371,975,Det/images/normal_train/00370098.png,0,06,easy_clean,0.0004363132,1.0,0.0021877372,normal_replay,FoldBalanced-Gap
RUN_122,TRIAD_041,A14_FoldBalanced-Gap_B3000,R1,1385197443,987373371,976,Det/images/normal_train/01101887.png,0,00,easy_clean,0.0011986371,1.0,0.0012904052,normal_replay,FoldBalanced-Gap
RUN_122,TRIAD_041,A14_FoldBalanced-Gap_B3000,R1,1385197443,987373371,977,Det/images/normal_train/00291075.png,0,04,easy_clean,0.0519346985,1.0,0.0517710759,normal_replay,FoldBalanced-Gap
RUN_122,TRIAD_041,A14_FoldBalanced-Gap_B3000,R1,1385197443,987373371,978,Det/images/normal_train/00339804.png,0,09,learnable_hard,0.1296217277,0.995,0.1038966357,normal_replay,FoldBalanced-Gap
RUN_122,TRIAD_041,A14_FoldBalanced-Gap_B3000,R1,1385197443,987373371,979,Det/images/normal_train/00190491.png,0,09,easy_clean,0.0177803182,1.0,0.0343655327,normal_replay,FoldBalanced-Gap
RUN_122,TRIAD_041,A14_FoldBalanced-Gap_B3000,R1,1385197443,987373371,980,Det/images/normal_train/00241106.png,0,05,unstable_boundary,0.4859952351,0.485,0.1380548453,normal_replay,FoldBalanced-Gap
RUN_122,TRIAD_041,A14_FoldBalanced-Gap_B3000,R1,1385197443,987373371,981,Det/images/normal_train/00983097.png,0,03,easy_clean,0.0049473692,1.0,0.0102680077,normal_replay,FoldBalanced-Gap
RUN_122,TRIAD_041,A14_FoldBalanced-Gap_B3000,R1,1385197443,987373371,982,Det/images/normal_train/00220224.png,0,04,persistent_hard,0.6415254924,0.26,0.2104700057,normal_replay,FoldBalanced-Gap
RUN_122,TRIAD_041,A14_FoldBalanced-Gap_B3000,R1,1385197443,987373371,983,Det/images/normal_train/01002111.png,0,06,easy_clean,0.0263145831,1.0,0.0175515979,normal_replay,FoldBalanced-Gap
RUN_122,TRIAD_041,A14_FoldBalanced-Gap_B3000,R1,1385197443,987373371,984,Det/images/normal_train/00493505.png,0,03,easy_clean,0.002623269,1.0,0.0136903858,normal_replay,FoldBalanced-Gap
RUN_122,TRIAD_041,A14_FoldBalanced-Gap_B3000,R1,1385197443,987373371,985,Det/images/normal_train/00509171.png,0,08,ordinary,0.3572707431,0.81,0.1717254976,normal_replay,FoldBalanced-Gap
RUN_122,TRIAD_041,A14_FoldBalanced-Gap_B3000,R1,1385197443,987373371,986,Det/images/normal_train/00339855.png,0,09,easy_clean,0.0056686052,1.0,0.0065792018,normal_replay,FoldBalanced-Gap
RUN_122,TRIAD_041,A14_FoldBalanced-Gap_B3000,R1,1385197443,987373371,987,Det/images/normal_train/00301553.png,0,05,learnable_hard,0.6385952281,0.05,0.1261330709,normal_replay,FoldBalanced-Gap
RUN_122,TRIAD_041,A14_FoldBalanced-Gap_B3000,R1,1385197443,987373371,988,Det/images/normal_train/00330545.png,0,00,easy_clean,0.0096162747,1.0,0.0258642125,normal_replay,FoldBalanced-Gap
RUN_122,TRIAD_041,A14_FoldBalanced-Gap_B3000,R1,1385197443,987373371,989,Det/images/normal_train/00232046.png,0,00,easy_clean,0.001041567,1.0,0.0013801098,normal_replay,FoldBalanced-Gap
RUN_122,TRIAD_041,A14_FoldBalanced-Gap_B3000,R1,1385197443,987373371,990,Det/images/normal_train/00713592.png,0,06,persistent_hard,0.6556216398,0.13,0.1136114744,normal_replay,FoldBalanced-Gap
RUN_122,TRIAD_041,A14_FoldBalanced-Gap_B3000,R1,1385197443,987373371,991,Det/images/normal_train/01239869.png,0,04,learnable_hard,0.6323971757,0.135,0.115143332,normal_replay,FoldBalanced-Gap
RUN_122,TRIAD_041,A14_FoldBalanced-Gap_B3000,R1,1385197443,987373371,992,Det/images/normal_train/01050292.png,0,08,easy_clean,0.0142312394,1.0,0.0176893775,normal_replay,FoldBalanced-Gap
RUN_122,TRIAD_041,A14_FoldBalanced-Gap_B3000,R1,1385197443,987373371,993,Det/images/normal_train/01045705.png,0,08,learnable_hard,0.0216495825,0.995,0.0430464283,normal_replay,FoldBalanced-Gap
RUN_122,TRIAD_041,A14_FoldBalanced-Gap_B3000,R1,1385197443,987373371,994,Det/images/normal_train/00266998.png,0,01,easy_clean,0.0013995593,1.0,0.0022340897,normal_replay,FoldBalanced-Gap
RUN_122,TRIAD_041,A14_FoldBalanced-Gap_B3000,R1,1385197443,987373371,995,Det/images/normal_train/00274479.png,0,05,easy_clean,0.0018156803,1.0,0.0031831062,normal_replay,FoldBalanced-Gap
RUN_122,TRIAD_041,A14_FoldBalanced-Gap_B3000,R1,1385197443,987373371,996,Det/images/normal_train/01114874.png,0,04,easy_clean,0.0326686075,1.0,0.0295471285,normal_replay,FoldBalanced-Gap
RUN_122,TRIAD_041,A14_FoldBalanced-Gap_B3000,R1,1385197443,987373371,997,Det/images/normal_train/01130135.png,0,00,easy_clean,0.0146638217,1.0,0.0156896536,normal_replay,FoldBalanced-Gap
RUN_122,TRIAD_041,A14_FoldBalanced-Gap_B3000,R1,1385197443,987373371,998,Det/images/normal_train/00189430.png,0,02,easy_clean,0.0022365908,1.0,0.0102678129,normal_replay,FoldBalanced-Gap
RUN_122,TRIAD_041,A14_FoldBalanced-Gap_B3000,R1,1385197443,987373371,999,Det/images/normal_train/00901688.png,0,06,unstable_boundary,0.5618112837,0.35,0.1212184829,normal_replay,FoldBalanced-Gap
RUN_122,TRIAD_041,A14_FoldBalanced-Gap_B3000,R1,1385197443,987373371,1000,Det/images/normal_train/00153773.png,0,00,easy_clean,0.0226359535,1.0,0.0451783985,normal_replay,FoldBalanced-Gap
RUN_122,TRIAD_041,A14_FoldBalanced-Gap_B3000,R1,1385197443,987373371,1001,Det/images/normal_train/00578455.png,0,03,learnable_hard,0.2045959854,0.995,0.1008173103,normal_replay,FoldBalanced-Gap
RUN_122,TRIAD_041,A14_FoldBalanced-Gap_B3000,R1,1385197443,987373371,1002,Det/images/normal_train/00261318.png,0,00,easy_clean,0.004128994,1.0,0.006465367,normal_replay,FoldBalanced-Gap
RUN_122,TRIAD_041,A14_FoldBalanced-Gap_B3000,R1,1385197443,987373371,1003,Det/images/normal_train/00214898.png,0,09,easy_clean,0.0068723117,1.0,0.0128742411,normal_replay,FoldBalanced-Gap
RUN_122,TRIAD_041,A14_FoldBalanced-Gap_B3000,R1,1385197443,987373371,1004,Det/images/normal_train/00451751.png,0,06,easy_clean,0.0086521248,1.0,0.0098839696,normal_replay,FoldBalanced-Gap
RUN_122,TRIAD_041,A14_FoldBalanced-Gap_B3000,R1,1385197443,987373371,1005,Det/images/normal_train/00579828.png,0,05,easy_clean,0.0040600235,1.0,0.0041920064,normal_replay,FoldBalanced-Gap
RUN_122,TRIAD_041,A14_FoldBalanced-Gap_B3000,R1,1385197443,987373371,1006,Det/images/normal_train/00932334.png,0,07,easy_clean,0.0026519761,1.0,0.0031364607,normal_replay,FoldBalanced-Gap
RUN_122,TRIAD_041,A14_FoldBalanced-Gap_B3000,R1,1385197443,987373371,1007,Det/images/normal_train/01241862.png,0,09,easy_clean,8.60802e-05,1.0,0.000136973,normal_replay,FoldBalanced-Gap
RUN_122,TRIAD_041,A14_FoldBalanced-Gap_B3000,R1,1385197443,987373371,1008,Det/images/normal_train/00219788.png,0,09,learnable_hard,0.1093874055,0.98,0.1254052632,normal_replay,FoldBalanced-Gap
RUN_122,TRIAD_041,A14_FoldBalanced-Gap_B3000,R1,1385197443,987373371,1009,Det/images/normal_train/00552947.png,0,07,learnable_hard,0.0217339655,0.995,0.0463122831,normal_replay,FoldBalanced-Gap
RUN_122,TRIAD_041,A14_FoldBalanced-Gap_B3000,R1,1385197443,987373371,1010,Det/images/normal_train/01261591.png,0,00,easy_clean,0.0408752407,1.0,0.0344666319,normal_replay,FoldBalanced-Gap
RUN_122,TRIAD_041,A14_FoldBalanced-Gap_B3000,R1,1385197443,987373371,1011,Det/images/normal_train/00241157.png,0,05,easy_clean,0.0439008113,1.0,0.0543451949,normal_replay,FoldBalanced-Gap
RUN_122,TRIAD_041,A14_FoldBalanced-Gap_B3000,R1,1385197443,987373371,1012,Det/images/normal_train/00923649.png,0,08,easy_clean,0.0551532284,1.0,0.0484184442,normal_replay,FoldBalanced-Gap
RUN_122,TRIAD_041,A14_FoldBalanced-Gap_B3000,R1,1385197443,987373371,1013,Det/images/normal_train/00579930.png,0,05,easy_clean,0.0159459214,1.0,0.017946656,normal_replay,FoldBalanced-Gap
RUN_122,TRIAD_041,A14_FoldBalanced-Gap_B3000,R1,1385197443,987373371,1014,Det/images/normal_train/01007909.png,0,01,easy_clean,0.0178983198,1.0,0.0144486351,normal_replay,FoldBalanced-Gap
RUN_122,TRIAD_041,A14_FoldBalanced-Gap_B3000,R1,1385197443,987373371,1015,Det/images/normal_train/00996582.png,0,04,easy_clean,0.012377437,1.0,0.0169589694,normal_replay,FoldBalanced-Gap
RUN_122,TRIAD_041,A14_FoldBalanced-Gap_B3000,R1,1385197443,987373371,1016,Det/images/normal_train/00898369.png,0,09,persistent_hard,0.6248163763,0.15,0.1256941866,normal_replay,FoldBalanced-Gap
RUN_122,TRIAD_041,A14_FoldBalanced-Gap_B3000,R1,1385197443,987373371,1017,Det/images/normal_train/01151751.png,0,00,easy_clean,0.0088463987,1.0,0.0079995344,normal_replay,FoldBalanced-Gap
RUN_122,TRIAD_041,A14_FoldBalanced-Gap_B3000,R1,1385197443,987373371,1018,Det/images/normal_train/00347874.png,0,09,easy_clean,0.003529824,1.0,0.0074142068,normal_replay,FoldBalanced-Gap
RUN_122,TRIAD_041,A14_FoldBalanced-Gap_B3000,R1,1385197443,987373371,1019,Det/images/normal_train/00241677.png,0,05,easy_clean,0.0242435773,1.0,0.035502563,normal_replay,FoldBalanced-Gap
RUN_122,TRIAD_041,A14_FoldBalanced-Gap_B3000,R1,1385197443,987373371,1020,Det/images/normal_train/01208566.png,0,04,easy_clean,0.047792211,1.0,0.0392978484,normal_replay,FoldBalanced-Gap
RUN_122,TRIAD_041,A14_FoldBalanced-Gap_B3000,R1,1385197443,987373371,1021,Det/images/normal_train/00356176.png,0,07,easy_clean,0.0069467865,1.0,0.0110179532,normal_replay,FoldBalanced-Gap
RUN_122,TRIAD_041,A14_FoldBalanced-Gap_B3000,R1,1385197443,987373371,1022,Det/images/normal_train/00317659.png,0,04,easy_clean,0.0009366825,1.0,0.0014419795,normal_replay,FoldBalanced-Gap
RUN_122,TRIAD_041,A14_FoldBalanced-Gap_B3000,R1,1385197443,987373371,1023,Det/images/normal_train/00584798.png,0,05,easy_clean,0.0315198309,1.0,0.0339397922,normal_replay,FoldBalanced-Gap
RUN_122,TRIAD_041,A14_FoldBalanced-Gap_B3000,R1,1385197443,987373371,1024,Det/images/normal_train/00246243.png,0,08,easy_clean,0.0014467017,1.0,0.0021686148,normal_replay,FoldBalanced-Gap
RUN_122,TRIAD_041,A14_FoldBalanced-Gap_B3000,R1,1385197443,987373371,1025,Det/images/normal_train/00822266.png,0,08,easy_clean,0.0164401144,1.0,0.0192467253,normal_replay,FoldBalanced-Gap
RUN_122,TRIAD_041,A14_FoldBalanced-Gap_B3000,R1,1385197443,987373371,1026,Det/images/normal_train/00739890.png,0,00,learnable_hard,0.136718974,0.995,0.078071894,normal_replay,FoldBalanced-Gap
RUN_122,TRIAD_041,A14_FoldBalanced-Gap_B3000,R1,1385197443,987373371,1027,Det/images/normal_train/00811910.png,0,02,easy_clean,0.0050008256,1.0,0.0072778348,normal_replay,FoldBalanced-Gap
RUN_122,TRIAD_041,A14_FoldBalanced-Gap_B3000,R1,1385197443,987373371,1028,Det/images/normal_train/01271545.png,0,03,easy_clean,0.0138299451,1.0,0.0495468572,normal_replay,FoldBalanced-Gap
RUN_122,TRIAD_041,A14_FoldBalanced-Gap_B3000,R1,1385197443,987373371,1029,Det/images/normal_train/01020217.png,0,02,easy_clean,0.0228301993,1.0,0.0267155441,normal_replay,FoldBalanced-Gap
RUN_122,TRIAD_041,A14_FoldBalanced-Gap_B3000,R1,1385197443,987373371,1030,Det/images/normal_train/00802035.png,0,02,easy_clean,0.0040458192,1.0,0.0041666183,normal_replay,FoldBalanced-Gap
RUN_122,TRIAD_041,A14_FoldBalanced-Gap_B3000,R1,1385197443,987373371,1031,Det/images/normal_train/01122638.png,0,07,easy_clean,0.0099377108,1.0,0.0311432187,normal_replay,FoldBalanced-Gap
RUN_122,TRIAD_041,A14_FoldBalanced-Gap_B3000,R1,1385197443,987373371,1032,Det/images/normal_train/00883800.png,0,05,easy_clean,0.0296979053,1.0,0.0341218832,normal_replay,FoldBalanced-Gap
RUN_122,TRIAD_041,A14_FoldBalanced-Gap_B3000,R1,1385197443,987373371,1033,Det/images/normal_train/00503468.png,0,03,easy_clean,0.0286435574,1.0,0.0316142,normal_replay,FoldBalanced-Gap
RUN_122,TRIAD_041,A14_FoldBalanced-Gap_B3000,R1,1385197443,987373371,1034,Det/images/normal_train/00788187.png,0,03,easy_clean,0.0121047454,1.0,0.00982693,normal_replay,FoldBalanced-Gap
RUN_122,TRIAD_041,A14_FoldBalanced-Gap_B3000,R1,1385197443,987373371,1035,Det/images/normal_train/00766798.png,0,07,easy_clean,0.0019191553,1.0,0.0089266933,normal_replay,FoldBalanced-Gap
RUN_122,TRIAD_041,A14_FoldBalanced-Gap_B3000,R1,1385197443,987373371,1036,Det/images/normal_train/00479427.png,0,03,easy_clean,0.0010498184,1.0,0.0046089702,normal_replay,FoldBalanced-Gap
RUN_122,TRIAD_041,A14_FoldBalanced-Gap_B3000,R1,1385197443,987373371,1037,Det/images/normal_train/01179820.png,0,07,easy_clean,0.0626544387,1.0,0.0485731696,normal_replay,FoldBalanced-Gap
RUN_122,TRIAD_041,A14_FoldBalanced-Gap_B3000,R1,1385197443,987373371,1038,Det/images/normal_train/00617385.png,0,05,easy_clean,0.0013945393,1.0,0.002168919,normal_replay,FoldBalanced-Gap
RUN_122,TRIAD_041,A14_FoldBalanced-Gap_B3000,R1,1385197443,987373371,1039,Det/images/normal_train/01160718.png,0,05,ordinary,0.147113813,1.0,0.0707976578,normal_replay,FoldBalanced-Gap
RUN_122,TRIAD_041,A14_FoldBalanced-Gap_B3000,R1,1385197443,987373371,1040,Det/images/normal_train/00249687.png,0,09,easy_clean,0.02189737,1.0,0.0255786395,normal_replay,FoldBalanced-Gap
RUN_122,TRIAD_041,A14_FoldBalanced-Gap_B3000,R1,1385197443,987373371,1041,Det/images/normal_train/01156675.png,0,00,easy_clean,0.0370381214,1.0,0.0231573262,normal_replay,FoldBalanced-Gap
RUN_122,TRIAD_041,A14_FoldBalanced-Gap_B3000,R1,1385197443,987373371,1042,Det/images/normal_train/00227292.png,0,04,easy_clean,0.0076850536,1.0,0.0149505857,normal_replay,FoldBalanced-Gap
RUN_122,TRIAD_041,A14_FoldBalanced-Gap_B3000,R1,1385197443,987373371,1043,Det/images/normal_train/00759781.png,0,08,easy_clean,0.0067585387,1.0,0.03373723,normal_replay,FoldBalanced-Gap
RUN_122,TRIAD_041,A14_FoldBalanced-Gap_B3000,R1,1385197443,987373371,1044,Det/images/normal_train/00534084.png,0,03,easy_clean,0.0014014825,1.0,0.0029952568,normal_replay,FoldBalanced-Gap
RUN_122,TRIAD_041,A14_FoldBalanced-Gap_B3000,R1,1385197443,987373371,1045,Det/images/normal_train/00770167.png,0,02,easy_clean,0.0005536577,1.0,0.0010775411,normal_replay,FoldBalanced-Gap
RUN_122,TRIAD_041,A14_FoldBalanced-Gap_B3000,R1,1385197443,987373371,1046,Det/images/normal_train/00313321.png,0,01,easy_clean,0.0268625927,1.0,0.040853898,normal_replay,FoldBalanced-Gap
RUN_122,TRIAD_041,A14_FoldBalanced-Gap_B3000,R1,1385197443,987373371,1047,Det/images/normal_train/00476442.png,0,09,easy_clean,0.0083760817,1.0,0.0122306267,normal_replay,FoldBalanced-Gap
RUN_122,TRIAD_041,A14_FoldBalanced-Gap_B3000,R1,1385197443,987373371,1048,Det/images/normal_train/00975467.png,0,02,unstable_boundary,0.4100953788,0.75,0.1256046933,normal_replay,FoldBalanced-Gap
RUN_122,TRIAD_041,A14_FoldBalanced-Gap_B3000,R1,1385197443,987373371,1049,Det/images/normal_train/00298901.png,0,06,unstable_boundary,0.4682172228,0.51,0.1577567293,normal_replay,FoldBalanced-Gap
RUN_122,TRIAD_041,A14_FoldBalanced-Gap_B3000,R1,1385197443,987373371,1050,Det/images/normal_train/01278389.png,0,05,easy_clean,0.0322657154,0.995,0.0574714432,normal_replay,FoldBalanced-Gap
RUN_122,TRIAD_041,A14_FoldBalanced-Gap_B3000,R1,1385197443,987373371,1051,Det/images/normal_train/00905791.png,0,09,easy_clean,0.0494723035,1.0,0.0448121723,normal_replay,FoldBalanced-Gap
RUN_122,TRIAD_041,A14_FoldBalanced-Gap_B3000,R1,1385197443,987373371,1052,Det/images/normal_train/01000188.png,0,04,easy_clean,0.0116609527,1.0,0.0294340368,normal_replay,FoldBalanced-Gap
RUN_122,TRIAD_041,A14_FoldBalanced-Gap_B3000,R1,1385197443,987373371,1053,Det/images/normal_train/01175842.png,0,05,easy_clean,0.0025774498,1.0,0.0032230695,normal_replay,FoldBalanced-Gap
RUN_122,TRIAD_041,A14_FoldBalanced-Gap_B3000,R1,1385197443,987373371,1054,Det/images/normal_train/00529731.png,0,03,easy_clean,0.0016825489,1.0,0.0041204279,normal_replay,FoldBalanced-Gap
RUN_122,TRIAD_041,A14_FoldBalanced-Gap_B3000,R1,1385197443,987373371,1055,Det/images/normal_train/00909748.png,0,00,easy_clean,0.0513432414,1.0,0.055402739,normal_replay,FoldBalanced-Gap
RUN_122,TRIAD_041,A14_FoldBalanced-Gap_B3000,R1,1385197443,987373371,1056,Det/images/normal_train/00566834.png,0,07,learnable_hard,0.6622040409,0.18,0.1349971616,normal_replay,FoldBalanced-Gap
RUN_122,TRIAD_041,A14_FoldBalanced-Gap_B3000,R1,1385197443,987373371,1057,Det/images/normal_train/00251660.png,0,04,easy_clean,0.0008570059,1.0,0.0013262874,normal_replay,FoldBalanced-Gap
RUN_122,TRIAD_041,A14_FoldBalanced-Gap_B3000,R1,1385197443,987373371,1058,Det/images/normal_train/00766120.png,0,07,learnable_hard,0.0169772723,0.99,0.0739598982,normal_replay,FoldBalanced-Gap
RUN_122,TRIAD_041,A14_FoldBalanced-Gap_B3000,R1,1385197443,987373371,1059,Det/images/normal_train/00224107.png,0,00,ordinary,0.2136363081,1.0,0.1403505093,normal_replay,FoldBalanced-Gap
RUN_122,TRIAD_041,A14_FoldBalanced-Gap_B3000,R1,1385197443,987373371,1060,Det/images/normal_train/00576976.png,0,04,easy_clean,0.0013289525,1.0,0.0021975857,normal_replay,FoldBalanced-Gap
RUN_122,TRIAD_041,A14_FoldBalanced-Gap_B3000,R1,1385197443,987373371,1061,Det/images/normal_train/00251824.png,0,04,easy_clean,0.0077173656,1.0,0.027042556,normal_replay,FoldBalanced-Gap
RUN_122,TRIAD_041,A14_FoldBalanced-Gap_B3000,R1,1385197443,987373371,1062,Det/images/normal_train/01300046.png,0,04,easy_clean,0.0005813661,1.0,0.0007323432,normal_replay,FoldBalanced-Gap
RUN_122,TRIAD_041,A14_FoldBalanced-Gap_B3000,R1,1385197443,987373371,1063,Det/images/normal_train/01145048.png,0,06,easy_clean,0.0195077258,1.0,0.022864135,normal_replay,FoldBalanced-Gap
RUN_122,TRIAD_041,A14_FoldBalanced-Gap_B3000,R1,1385197443,987373371,1064,Det/images/normal_train/00365696.png,0,00,easy_clean,0.0026426595,1.0,0.0028924835,normal_replay,FoldBalanced-Gap
RUN_122,TRIAD_041,A14_FoldBalanced-Gap_B3000,R1,1385197443,987373371,1065,Det/images/normal_train/00620171.png,0,06,easy_clean,0.0030763275,1.0,0.0079196497,normal_replay,FoldBalanced-Gap
RUN_122,TRIAD_041,A14_FoldBalanced-Gap_B3000,R1,1385197443,987373371,1066,Det/images/normal_train/00771982.png,0,03,easy_clean,0.0010548215,1.0,0.0045608115,normal_replay,FoldBalanced-Gap
RUN_122,TRIAD_041,A14_FoldBalanced-Gap_B3000,R1,1385197443,987373371,1067,Det/images/normal_train/00810930.png,0,09,easy_clean,0.0043819826,1.0,0.0055074857,normal_replay,FoldBalanced-Gap
RUN_122,TRIAD_041,A14_FoldBalanced-Gap_B3000,R1,1385197443,987373371,1068,Det/images/normal_train/00403167.png,0,03,easy_clean,0.0279121603,1.0,0.0290861473,normal_replay,FoldBalanced-Gap
RUN_122,TRIAD_041,A14_FoldBalanced-Gap_B3000,R1,1385197443,987373371,1069,Det/images/normal_train/00694706.png,0,00,easy_clean,0.0007283409,1.0,0.004392205,normal_replay,FoldBalanced-Gap
RUN_122,TRIAD_041,A14_FoldBalanced-Gap_B3000,R1,1385197443,987373371,1070,Det/images/normal_train/00793636.png,0,05,easy_clean,0.0409596593,1.0,0.0429110778,normal_replay,FoldBalanced-Gap
RUN_122,TRIAD_041,A14_FoldBalanced-Gap_B3000,R1,1385197443,987373371,1071,Det/images/normal_train/01172293.png,0,07,ordinary,0.302793261,0.905,0.1223155718,normal_replay,FoldBalanced-Gap
RUN_122,TRIAD_041,A14_FoldBalanced-Gap_B3000,R1,1385197443,987373371,1072,Det/images/normal_train/00539740.png,0,06,easy_clean,0.0214533682,1.0,0.0276427989,normal_replay,FoldBalanced-Gap
RUN_122,TRIAD_041,A14_FoldBalanced-Gap_B3000,R1,1385197443,987373371,1073,Det/images/normal_train/01163635.png,0,08,easy_clean,0.0065585131,1.0,0.0059177824,normal_replay,FoldBalanced-Gap
RUN_122,TRIAD_041,A14_FoldBalanced-Gap_B3000,R1,1385197443,987373371,1074,Det/images/normal_train/00307384.png,0,08,easy_clean,0.0248600616,1.0,0.0316116795,normal_replay,FoldBalanced-Gap
RUN_122,TRIAD_041,A14_FoldBalanced-Gap_B3000,R1,1385197443,987373371,1075,Det/images/normal_train/01293747.png,0,08,easy_clean,0.016564478,1.0,0.0265560437,normal_replay,FoldBalanced-Gap
RUN_122,TRIAD_041,A14_FoldBalanced-Gap_B3000,R1,1385197443,987373371,1076,Det/images/normal_train/01288611.png,0,07,learnable_hard,0.1041398443,0.99,0.0940134032,normal_replay,FoldBalanced-Gap
RUN_122,TRIAD_041,A14_FoldBalanced-Gap_B3000,R1,1385197443,987373371,1077,Det/images/normal_train/00929979.png,0,06,easy_clean,0.004776674,1.0,0.0088819083,normal_replay,FoldBalanced-Gap
RUN_122,TRIAD_041,A14_FoldBalanced-Gap_B3000,R1,1385197443,987373371,1078,Det/images/normal_train/01272393.png,0,00,easy_clean,0.0036112919,1.0,0.0043555609,normal_replay,FoldBalanced-Gap
RUN_122,TRIAD_041,A14_FoldBalanced-Gap_B3000,R1,1385197443,987373371,1079,Det/images/normal_train/00660143.png,0,00,easy_clean,0.0332334944,1.0,0.0343668041,normal_replay,FoldBalanced-Gap
RUN_122,TRIAD_041,A14_FoldBalanced-Gap_B3000,R1,1385197443,987373371,1080,Det/images/normal_train/01085389.png,0,07,easy_clean,0.0212664704,1.0,0.0313792345,normal_replay,FoldBalanced-Gap
RUN_122,TRIAD_041,A14_FoldBalanced-Gap_B3000,R1,1385197443,987373371,1081,Det/images/normal_train/00244735.png,0,07,easy_clean,0.0094639031,1.0,0.0140699375,normal_replay,FoldBalanced-Gap
RUN_122,TRIAD_041,A14_FoldBalanced-Gap_B3000,R1,1385197443,987373371,1082,Det/images/normal_train/00217369.png,0,07,easy_clean,0.0015529318,1.0,0.0020637067,normal_replay,FoldBalanced-Gap
RUN_122,TRIAD_041,A14_FoldBalanced-Gap_B3000,R1,1385197443,987373371,1083,Det/images/normal_train/01138418.png,0,02,easy_clean,0.0009581273,1.0,0.001640729,normal_replay,FoldBalanced-Gap
RUN_122,TRIAD_041,A14_FoldBalanced-Gap_B3000,R1,1385197443,987373371,1084,Det/images/normal_train/00410719.png,0,00,easy_clean,0.0088884243,1.0,0.0125264997,normal_replay,FoldBalanced-Gap
RUN_122,TRIAD_041,A14_FoldBalanced-Gap_B3000,R1,1385197443,987373371,1085,Det/images/normal_train/00603862.png,0,09,easy_clean,0.0061833061,1.0,0.0077189569,normal_replay,FoldBalanced-Gap
RUN_122,TRIAD_041,A14_FoldBalanced-Gap_B3000,R1,1385197443,987373371,1086,Det/images/normal_train/01185176.png,0,02,easy_clean,0.0042767165,1.0,0.0057491881,normal_replay,FoldBalanced-Gap
RUN_122,TRIAD_041,A14_FoldBalanced-Gap_B3000,R1,1385197443,987373371,1087,Det/images/normal_train/00989702.png,0,04,easy_clean,0.028598029,1.0,0.0261527661,normal_replay,FoldBalanced-Gap
RUN_122,TRIAD_041,A14_FoldBalanced-Gap_B3000,R1,1385197443,987373371,1088,Det/images/normal_train/01165186.png,0,06,easy_clean,0.0026252803,1.0,0.0030482603,normal_replay,FoldBalanced-Gap
RUN_122,TRIAD_041,A14_FoldBalanced-Gap_B3000,R1,1385197443,987373371,1089,Det/images/normal_train/00353638.png,0,02,easy_clean,0.0352824954,1.0,0.0359810526,normal_replay,FoldBalanced-Gap
RUN_122,TRIAD_041,A14_FoldBalanced-Gap_B3000,R1,1385197443,987373371,1090,Det/images/normal_train/00148631.png,0,03,ordinary,0.1660026383,0.995,0.1082809856,normal_replay,FoldBalanced-Gap
RUN_122,TRIAD_041,A14_FoldBalanced-Gap_B3000,R1,1385197443,987373371,1091,Det/images/normal_train/00192288.png,0,09,easy_clean,0.0045390529,1.0,0.0183698013,normal_replay,FoldBalanced-Gap
RUN_122,TRIAD_041,A14_FoldBalanced-Gap_B3000,R1,1385197443,987373371,1092,Det/images/normal_train/01217564.png,0,06,easy_clean,0.0664568395,1.0,0.0553144101,normal_replay,FoldBalanced-Gap
RUN_122,TRIAD_041,A14_FoldBalanced-Gap_B3000,R1,1385197443,987373371,1093,Det/images/normal_train/01014283.png,0,04,easy_clean,0.0071213377,1.0,0.0081434636,normal_replay,FoldBalanced-Gap
RUN_122,TRIAD_041,A14_FoldBalanced-Gap_B3000,R1,1385197443,987373371,1094,Det/images/normal_train/01092878.png,0,03,easy_clean,0.0194990606,1.0,0.0158886784,normal_replay,FoldBalanced-Gap
RUN_122,TRIAD_041,A14_FoldBalanced-Gap_B3000,R1,1385197443,987373371,1095,Det/images/normal_train/00621554.png,0,07,easy_clean,0.0017967449,1.0,0.0024311952,normal_replay,FoldBalanced-Gap
RUN_122,TRIAD_041,A14_FoldBalanced-Gap_B3000,R1,1385197443,987373371,1096,Det/images/normal_train/01212219.png,0,02,easy_clean,0.0128336421,1.0,0.0211360923,normal_replay,FoldBalanced-Gap
RUN_122,TRIAD_041,A14_FoldBalanced-Gap_B3000,R1,1385197443,987373371,1097,Det/images/normal_train/00225017.png,0,01,easy_clean,0.0478752977,1.0,0.0311680648,normal_replay,FoldBalanced-Gap
RUN_122,TRIAD_041,A14_FoldBalanced-Gap_B3000,R1,1385197443,987373371,1098,Det/images/normal_train/00559315.png,0,03,easy_clean,0.002313358,1.0,0.0069001848,normal_replay,FoldBalanced-Gap
RUN_122,TRIAD_041,A14_FoldBalanced-Gap_B3000,R1,1385197443,987373371,1099,Det/images/normal_train/00827079.png,0,09,learnable_hard,0.0391956785,0.99,0.0813347095,normal_replay,FoldBalanced-Gap
RUN_122,TRIAD_041,A14_FoldBalanced-Gap_B3000,R1,1385197443,987373371,1100,Det/images/normal_train/00324627.png,0,00,easy_clean,0.0742478704,1.0,0.0896452655,normal_replay,FoldBalanced-Gap
RUN_122,TRIAD_041,A14_FoldBalanced-Gap_B3000,R1,1385197443,987373371,1101,Det/images/normal_train/00616697.png,0,00,easy_clean,0.0004697957,1.0,0.000759375,normal_replay,FoldBalanced-Gap
RUN_122,TRIAD_041,A14_FoldBalanced-Gap_B3000,R1,1385197443,987373371,1102,Det/images/normal_train/01099183.png,0,03,easy_clean,0.0083846797,1.0,0.0313882037,normal_replay,FoldBalanced-Gap
RUN_122,TRIAD_041,A14_FoldBalanced-Gap_B3000,R1,1385197443,987373371,1103,Det/images/normal_train/00276882.png,0,03,easy_clean,0.0022260868,1.0,0.003867253,normal_replay,FoldBalanced-Gap
RUN_122,TRIAD_041,A14_FoldBalanced-Gap_B3000,R1,1385197443,987373371,1104,Det/images/normal_train/00294921.png,0,05,learnable_hard,0.0544614134,0.99,0.1012208784,normal_replay,FoldBalanced-Gap
RUN_122,TRIAD_041,A14_FoldBalanced-Gap_B3000,R1,1385197443,987373371,1105,Det/images/normal_train/00181737.png,0,09,easy_clean,0.0016203896,1.0,0.0028632291,normal_replay,FoldBalanced-Gap
RUN_122,TRIAD_041,A14_FoldBalanced-Gap_B3000,R1,1385197443,987373371,1106,Det/images/normal_train/01225867.png,0,01,easy_clean,0.0150268388,1.0,0.0176664697,normal_replay,FoldBalanced-Gap
RUN_122,TRIAD_041,A14_FoldBalanced-Gap_B3000,R1,1385197443,987373371,1107,Det/images/normal_train/00461845.png,0,02,easy_clean,0.0012141603,1.0,0.0029031916,normal_replay,FoldBalanced-Gap
RUN_122,TRIAD_041,A14_FoldBalanced-Gap_B3000,R1,1385197443,987373371,1108,Det/images/normal_train/00990470.png,0,03,ordinary,0.5166210688,0.565,0.2393712645,normal_replay,FoldBalanced-Gap
RUN_122,TRIAD_041,A14_FoldBalanced-Gap_B3000,R1,1385197443,987373371,1109,Det/images/normal_train/00232278.png,0,00,easy_clean,0.001796914,1.0,0.0025223402,normal_replay,FoldBalanced-Gap
RUN_122,TRIAD_041,A14_FoldBalanced-Gap_B3000,R1,1385197443,987373371,1110,Det/images/normal_train/00807882.png,0,08,easy_clean,0.005855634,1.0,0.0103078494,normal_replay,FoldBalanced-Gap
RUN_122,TRIAD_041,A14_FoldBalanced-Gap_B3000,R1,1385197443,987373371,1111,Det/images/normal_train/00807008.png,0,08,easy_clean,0.0054549657,1.0,0.009981265,normal_replay,FoldBalanced-Gap
RUN_122,TRIAD_041,A14_FoldBalanced-Gap_B3000,R1,1385197443,987373371,1112,Det/images/normal_train/00313675.png,0,01,easy_clean,0.0195503192,1.0,0.0224169168,normal_replay,FoldBalanced-Gap
RUN_122,TRIAD_041,A14_FoldBalanced-Gap_B3000,R1,1385197443,987373371,1113,Det/images/normal_train/00973780.png,0,05,easy_clean,0.0459029845,1.0,0.0669031881,normal_replay,FoldBalanced-Gap
RUN_122,TRIAD_041,A14_FoldBalanced-Gap_B3000,R1,1385197443,987373371,1114,Det/images/normal_train/00857501.png,0,01,easy_clean,0.0009195765,1.0,0.0044395695,normal_replay,FoldBalanced-Gap
RUN_122,TRIAD_041,A14_FoldBalanced-Gap_B3000,R1,1385197443,987373371,1115,Det/images/normal_train/00995713.png,0,05,easy_clean,0.0239106702,1.0,0.0241288153,normal_replay,FoldBalanced-Gap
RUN_122,TRIAD_041,A14_FoldBalanced-Gap_B3000,R1,1385197443,987373371,1116,Det/images/normal_train/01008989.png,0,07,easy_clean,0.0046562501,1.0,0.0079378596,normal_replay,FoldBalanced-Gap
RUN_122,TRIAD_041,A14_FoldBalanced-Gap_B3000,R1,1385197443,987373371,1117,Det/images/normal_train/01243219.png,0,00,easy_clean,0.0011693635,1.0,0.0017188673,normal_replay,FoldBalanced-Gap
RUN_122,TRIAD_041,A14_FoldBalanced-Gap_B3000,R1,1385197443,987373371,1118,Det/images/normal_train/01200460.png,0,04,easy_clean,0.0812478237,1.0,0.0615825795,normal_replay,FoldBalanced-Gap
RUN_122,TRIAD_041,A14_FoldBalanced-Gap_B3000,R1,1385197443,987373371,1119,Det/images/normal_train/01093923.png,0,04,easy_clean,0.0245155463,1.0,0.0313507626,normal_replay,FoldBalanced-Gap
RUN_122,TRIAD_041,A14_FoldBalanced-Gap_B3000,R1,1385197443,987373371,1120,Det/images/normal_train/00738724.png,0,02,easy_clean,0.0058275854,1.0,0.0097283205,normal_replay,FoldBalanced-Gap
RUN_122,TRIAD_041,A14_FoldBalanced-Gap_B3000,R1,1385197443,987373371,1121,Det/images/normal_train/01232166.png,0,09,easy_clean,0.024501323,1.0,0.0340159857,normal_replay,FoldBalanced-Gap
RUN_122,TRIAD_041,A14_FoldBalanced-Gap_B3000,R1,1385197443,987373371,1122,Det/images/normal_train/00175919.png,0,06,easy_clean,0.0007824411,1.0,0.0010607917,normal_replay,FoldBalanced-Gap
RUN_122,TRIAD_041,A14_FoldBalanced-Gap_B3000,R1,1385197443,987373371,1123,Det/images/normal_train/00605898.png,0,01,easy_clean,0.0049995165,1.0,0.0146473866,normal_replay,FoldBalanced-Gap
RUN_122,TRIAD_041,A14_FoldBalanced-Gap_B3000,R1,1385197443,987373371,1124,Det/images/normal_train/01226725.png,0,00,easy_clean,0.0653793241,1.0,0.0611869108,normal_replay,FoldBalanced-Gap
RUN_122,TRIAD_041,A14_FoldBalanced-Gap_B3000,R1,1385197443,987373371,1125,Det/images/normal_train/01156581.png,0,00,easy_clean,0.0092108395,1.0,0.0081374356,normal_replay,FoldBalanced-Gap
RUN_122,TRIAD_041,A14_FoldBalanced-Gap_B3000,R1,1385197443,987373371,1126,Det/images/normal_train/00339940.png,0,09,learnable_hard,0.2753468048,0.995,0.1453820135,normal_replay,FoldBalanced-Gap
RUN_122,TRIAD_041,A14_FoldBalanced-Gap_B3000,R1,1385197443,987373371,1127,Det/images/normal_train/01236898.png,0,06,easy_clean,0.004377447,1.0,0.0057322107,normal_replay,FoldBalanced-Gap
RUN_122,TRIAD_041,A14_FoldBalanced-Gap_B3000,R1,1385197443,987373371,1128,Det/images/normal_train/00850327.png,0,07,easy_clean,0.0011200216,1.0,0.0022666231,normal_replay,FoldBalanced-Gap
RUN_122,TRIAD_041,A14_FoldBalanced-Gap_B3000,R1,1385197443,987373371,1129,Det/images/normal_train/00187888.png,0,03,learnable_hard,0.2975310002,0.975,0.1383051181,normal_replay,FoldBalanced-Gap
RUN_122,TRIAD_041,A14_FoldBalanced-Gap_B3000,R1,1385197443,987373371,1130,Det/images/normal_train/00996840.png,0,04,easy_clean,0.083041976,1.0,0.0812147499,normal_replay,FoldBalanced-Gap
RUN_122,TRIAD_041,A14_FoldBalanced-Gap_B3000,R1,1385197443,987373371,1131,Det/images/normal_train/01193448.png,0,01,easy_clean,0.0100587916,1.0,0.0085322727,normal_replay,FoldBalanced-Gap
RUN_122,TRIAD_041,A14_FoldBalanced-Gap_B3000,R1,1385197443,987373371,1132,Det/images/normal_train/00837682.png,0,02,easy_clean,0.0069848069,1.0,0.0106691021,normal_replay,FoldBalanced-Gap
RUN_122,TRIAD_041,A14_FoldBalanced-Gap_B3000,R1,1385197443,987373371,1133,Det/images/normal_train/01192065.png,0,09,easy_clean,0.0677688136,1.0,0.0474311365,normal_replay,FoldBalanced-Gap
RUN_122,TRIAD_041,A14_FoldBalanced-Gap_B3000,R1,1385197443,987373371,1134,Det/images/normal_train/01262079.png,0,00,easy_clean,0.0329827146,1.0,0.0292452173,normal_replay,FoldBalanced-Gap
RUN_122,TRIAD_041,A14_FoldBalanced-Gap_B3000,R1,1385197443,987373371,1135,Det/images/normal_train/01064143.png,0,06,easy_clean,0.0004053839,1.0,0.0007736013,normal_replay,FoldBalanced-Gap
RUN_122,TRIAD_041,A14_FoldBalanced-Gap_B3000,R1,1385197443,987373371,1136,Det/images/normal_train/00261404.png,0,00,easy_clean,0.0001432728,1.0,0.0002536538,normal_replay,FoldBalanced-Gap
RUN_122,TRIAD_041,A14_FoldBalanced-Gap_B3000,R1,1385197443,987373371,1137,Det/images/normal_train/00720713.png,0,09,easy_clean,0.033587399,1.0,0.0214265625,normal_replay,FoldBalanced-Gap
RUN_122,TRIAD_041,A14_FoldBalanced-Gap_B3000,R1,1385197443,987373371,1138,Det/images/normal_train/00770021.png,0,02,easy_clean,0.0018613171,1.0,0.0101610185,normal_replay,FoldBalanced-Gap
RUN_122,TRIAD_041,A14_FoldBalanced-Gap_B3000,R1,1385197443,987373371,1139,Det/images/normal_train/00821279.png,0,06,easy_clean,0.0149585812,1.0,0.0198039267,normal_replay,FoldBalanced-Gap
RUN_122,TRIAD_041,A14_FoldBalanced-Gap_B3000,R1,1385197443,987373371,1140,Det/images/normal_train/01274368.png,0,08,learnable_hard,0.175054429,0.97,0.1126713765,normal_replay,FoldBalanced-Gap
RUN_122,TRIAD_041,A14_FoldBalanced-Gap_B3000,R1,1385197443,987373371,1141,Det/images/normal_train/00357195.png,0,09,easy_clean,0.0193450338,1.0,0.013925011,normal_replay,FoldBalanced-Gap
RUN_122,TRIAD_041,A14_FoldBalanced-Gap_B3000,R1,1385197443,987373371,1142,Det/images/normal_train/01262478.png,0,00,easy_clean,0.0117467858,1.0,0.008397243,normal_replay,FoldBalanced-Gap
RUN_122,TRIAD_041,A14_FoldBalanced-Gap_B3000,R1,1385197443,987373371,1143,Det/images/normal_train/01125751.png,0,02,learnable_hard,0.0234367948,0.995,0.0565610711,normal_replay,FoldBalanced-Gap
RUN_122,TRIAD_041,A14_FoldBalanced-Gap_B3000,R1,1385197443,987373371,1144,Det/images/normal_train/00571468.png,0,03,learnable_hard,0.0287560696,0.995,0.0710443004,normal_replay,FoldBalanced-Gap
RUN_122,TRIAD_041,A14_FoldBalanced-Gap_B3000,R1,1385197443,987373371,1145,Det/images/normal_train/00486861.png,0,04,learnable_hard,0.1323161593,0.96,0.146885466,normal_replay,FoldBalanced-Gap
RUN_122,TRIAD_041,A14_FoldBalanced-Gap_B3000,R1,1385197443,987373371,1146,Det/images/normal_train/00210216.png,0,00,easy_clean,0.0005162117,1.0,0.0006843192,normal_replay,FoldBalanced-Gap
RUN_122,TRIAD_041,A14_FoldBalanced-Gap_B3000,R1,1385197443,987373371,1147,Det/images/normal_train/00969528.png,0,04,easy_clean,0.0084163316,1.0,0.0176256299,normal_replay,FoldBalanced-Gap
RUN_122,TRIAD_041,A14_FoldBalanced-Gap_B3000,R1,1385197443,987373371,1148,Det/images/normal_train/00326490.png,0,09,easy_clean,0.0048967637,1.0,0.0076033627,normal_replay,FoldBalanced-Gap
RUN_122,TRIAD_041,A14_FoldBalanced-Gap_B3000,R1,1385197443,987373371,1149,Det/images/normal_train/00972926.png,0,03,easy_clean,0.0009368149,1.0,0.0033449944,normal_replay,FoldBalanced-Gap
RUN_122,TRIAD_041,A14_FoldBalanced-Gap_B3000,R1,1385197443,987373371,1150,Det/images/normal_train/00968440.png,0,09,easy_clean,0.0044101307,1.0,0.0262096723,normal_replay,FoldBalanced-Gap
RUN_122,TRIAD_041,A14_FoldBalanced-Gap_B3000,R1,1385197443,987373371,1151,Det/images/normal_train/00829479.png,0,09,easy_clean,0.0003050979,1.0,0.0006202825,normal_replay,FoldBalanced-Gap
RUN_122,TRIAD_041,A14_FoldBalanced-Gap_B3000,R1,1385197443,987373371,1152,Det/images/normal_train/00210476.png,0,00,easy_clean,0.0077682649,1.0,0.0114862302,normal_replay,FoldBalanced-Gap
RUN_122,TRIAD_041,A14_FoldBalanced-Gap_B3000,R1,1385197443,987373371,1153,Det/images/normal_train/01185628.png,0,02,easy_clean,0.0376860961,1.0,0.0381014686,normal_replay,FoldBalanced-Gap
RUN_122,TRIAD_041,A14_FoldBalanced-Gap_B3000,R1,1385197443,987373371,1154,Det/images/normal_train/00354192.png,0,00,easy_clean,0.0676306411,1.0,0.0597135694,normal_replay,FoldBalanced-Gap
RUN_122,TRIAD_041,A14_FoldBalanced-Gap_B3000,R1,1385197443,987373371,1155,Det/images/normal_train/00991389.png,0,00,easy_clean,0.0032921424,1.0,0.0050790164,normal_replay,FoldBalanced-Gap
RUN_122,TRIAD_041,A14_FoldBalanced-Gap_B3000,R1,1385197443,987373371,1156,Det/images/normal_train/00836071.png,0,07,easy_clean,0.0009126045,1.0,0.002456278,normal_replay,FoldBalanced-Gap
RUN_122,TRIAD_041,A14_FoldBalanced-Gap_B3000,R1,1385197443,987373371,1157,Det/images/normal_train/01204857.png,0,09,easy_clean,0.0112285295,1.0,0.01579085,normal_replay,FoldBalanced-Gap
RUN_122,TRIAD_041,A14_FoldBalanced-Gap_B3000,R1,1385197443,987373371,1158,Det/images/normal_train/00462725.png,0,03,ordinary,0.1330986951,1.0,0.0751199401,normal_replay,FoldBalanced-Gap
RUN_122,TRIAD_041,A14_FoldBalanced-Gap_B3000,R1,1385197443,987373371,1159,Det/images/normal_train/00588296.png,0,04,easy_clean,0.009061188,1.0,0.0108140952,normal_replay,FoldBalanced-Gap
RUN_122,TRIAD_041,A14_FoldBalanced-Gap_B3000,R1,1385197443,987373371,1160,Det/images/normal_train/01243010.png,0,00,easy_clean,0.026983361,1.0,0.0329474915,normal_replay,FoldBalanced-Gap
RUN_122,TRIAD_041,A14_FoldBalanced-Gap_B3000,R1,1385197443,987373371,1161,Det/images/normal_train/00922936.png,0,02,easy_clean,0.0036183729,1.0,0.0143994216,normal_replay,FoldBalanced-Gap
RUN_122,TRIAD_041,A14_FoldBalanced-Gap_B3000,R1,1385197443,987373371,1162,Det/images/normal_train/00619539.png,0,04,easy_clean,0.0033614966,1.0,0.0055956809,normal_replay,FoldBalanced-Gap
RUN_122,TRIAD_041,A14_FoldBalanced-Gap_B3000,R1,1385197443,987373371,1163,Det/images/normal_train/01214603.png,0,00,easy_clean,0.0258703088,1.0,0.0402440344,normal_replay,FoldBalanced-Gap
RUN_122,TRIAD_041,A14_FoldBalanced-Gap_B3000,R1,1385197443,987373371,1164,Det/images/normal_train/00959717.png,0,02,learnable_hard,0.2738607053,0.995,0.1299158878,normal_replay,FoldBalanced-Gap
RUN_122,TRIAD_041,A14_FoldBalanced-Gap_B3000,R1,1385197443,987373371,1165,Det/images/normal_train/00831290.png,0,00,easy_clean,0.0004619526,1.0,0.0026011371,normal_replay,FoldBalanced-Gap
RUN_122,TRIAD_041,A14_FoldBalanced-Gap_B3000,R1,1385197443,987373371,1166,Det/images/normal_train/01227622.png,0,08,easy_clean,0.022114221,1.0,0.0273625718,normal_replay,FoldBalanced-Gap
RUN_122,TRIAD_041,A14_FoldBalanced-Gap_B3000,R1,1385197443,987373371,1167,Det/images/normal_train/00647288.png,0,01,learnable_hard,0.0685741061,0.995,0.0634973914,normal_replay,FoldBalanced-Gap
RUN_122,TRIAD_041,A14_FoldBalanced-Gap_B3000,R1,1385197443,987373371,1168,Det/images/normal_train/01231093.png,0,09,easy_clean,0.0033243894,1.0,0.0046111152,normal_replay,FoldBalanced-Gap
RUN_122,TRIAD_041,A14_FoldBalanced-Gap_B3000,R1,1385197443,987373371,1169,Det/images/normal_train/01281948.png,0,05,easy_clean,0.0700795263,1.0,0.0760620925,normal_replay,FoldBalanced-Gap
RUN_122,TRIAD_041,A14_FoldBalanced-Gap_B3000,R1,1385197443,987373371,1170,Det/images/normal_train/00915463.png,0,09,easy_clean,0.0186418207,1.0,0.0183126622,normal_replay,FoldBalanced-Gap
RUN_122,TRIAD_041,A14_FoldBalanced-Gap_B3000,R1,1385197443,987373371,1171,Det/images/normal_train/00993961.png,0,04,easy_clean,0.0025209468,1.0,0.00449595,normal_replay,FoldBalanced-Gap
RUN_122,TRIAD_041,A14_FoldBalanced-Gap_B3000,R1,1385197443,987373371,1172,Det/images/normal_train/00908456.png,0,06,easy_clean,0.0118388485,1.0,0.0190143876,normal_replay,FoldBalanced-Gap
RUN_122,TRIAD_041,A14_FoldBalanced-Gap_B3000,R1,1385197443,987373371,1173,Det/images/normal_train/00262090.png,0,04,easy_clean,0.0017502669,1.0,0.0028764997,normal_replay,FoldBalanced-Gap
RUN_122,TRIAD_041,A14_FoldBalanced-Gap_B3000,R1,1385197443,987373371,1174,Det/images/normal_train/01188173.png,0,01,ordinary,0.1533109375,1.0,0.0372119324,normal_replay,FoldBalanced-Gap
RUN_122,TRIAD_041,A14_FoldBalanced-Gap_B3000,R1,1385197443,987373371,1175,Det/images/normal_train/01249195.png,0,05,learnable_hard,0.2882591932,0.99,0.0698573442,normal_replay,FoldBalanced-Gap
RUN_122,TRIAD_041,A14_FoldBalanced-Gap_B3000,R1,1385197443,987373371,1176,Det/images/normal_train/00952726.png,0,09,easy_clean,0.0149122644,1.0,0.0284672983,normal_replay,FoldBalanced-Gap
RUN_122,TRIAD_041,A14_FoldBalanced-Gap_B3000,R1,1385197443,987373371,1177,Det/images/normal_train/00355462.png,0,01,easy_clean,0.0023070767,1.0,0.0052332441,normal_replay,FoldBalanced-Gap
RUN_122,TRIAD_041,A14_FoldBalanced-Gap_B3000,R1,1385197443,987373371,1178,Det/images/normal_train/00546690.png,0,07,easy_clean,0.0137311615,1.0,0.0163051882,normal_replay,FoldBalanced-Gap
RUN_122,TRIAD_041,A14_FoldBalanced-Gap_B3000,R1,1385197443,987373371,1179,Det/images/normal_train/00477727.png,0,00,easy_clean,0.0023786595,1.0,0.0025713991,normal_replay,FoldBalanced-Gap
RUN_122,TRIAD_041,A14_FoldBalanced-Gap_B3000,R1,1385197443,987373371,1180,Det/images/normal_train/00244945.png,0,07,easy_clean,0.0013177535,1.0,0.0020916151,normal_replay,FoldBalanced-Gap
RUN_122,TRIAD_041,A14_FoldBalanced-Gap_B3000,R1,1385197443,987373371,1181,Det/images/normal_train/01083936.png,0,04,easy_clean,0.0551777871,1.0,0.0381606036,normal_replay,FoldBalanced-Gap
RUN_122,TRIAD_041,A14_FoldBalanced-Gap_B3000,R1,1385197443,987373371,1182,Det/images/normal_train/00804877.png,0,09,easy_clean,0.0852486324,1.0,0.0591362931,normal_replay,FoldBalanced-Gap
RUN_122,TRIAD_041,A14_FoldBalanced-Gap_B3000,R1,1385197443,987373371,1183,Det/images/normal_train/00394108.png,0,05,easy_clean,0.0137095193,1.0,0.0121945665,normal_replay,FoldBalanced-Gap
RUN_122,TRIAD_041,A14_FoldBalanced-Gap_B3000,R1,1385197443,987373371,1184,Det/images/normal_train/00927682.png,0,09,easy_clean,0.009655312,1.0,0.0142035247,normal_replay,FoldBalanced-Gap
RUN_122,TRIAD_041,A14_FoldBalanced-Gap_B3000,R1,1385197443,987373371,1185,Det/images/normal_train/00839176.png,0,06,easy_clean,0.000420654,1.0,0.000572913,normal_replay,FoldBalanced-Gap
RUN_122,TRIAD_041,A14_FoldBalanced-Gap_B3000,R1,1385197443,987373371,1186,Det/images/normal_train/00235849.png,0,07,easy_clean,0.0052850029,1.0,0.0074645787,normal_replay,FoldBalanced-Gap
RUN_122,TRIAD_041,A14_FoldBalanced-Gap_B3000,R1,1385197443,987373371,1187,Det/images/normal_train/00373092.png,0,03,easy_clean,0.0059147911,1.0,0.0207181314,normal_replay,FoldBalanced-Gap
RUN_122,TRIAD_041,A14_FoldBalanced-Gap_B3000,R1,1385197443,987373371,1188,Det/images/normal_train/00548378.png,0,00,learnable_hard,0.1220883377,0.995,0.0920083086,normal_replay,FoldBalanced-Gap
RUN_122,TRIAD_041,A14_FoldBalanced-Gap_B3000,R1,1385197443,987373371,1189,Det/images/normal_train/00447183.png,0,05,easy_clean,0.0212322628,1.0,0.0335006219,normal_replay,FoldBalanced-Gap
RUN_122,TRIAD_041,A14_FoldBalanced-Gap_B3000,R1,1385197443,987373371,1190,Det/images/normal_train/00654194.png,0,02,easy_clean,0.0006673871,1.0,0.000990712,normal_replay,FoldBalanced-Gap
RUN_122,TRIAD_041,A14_FoldBalanced-Gap_B3000,R1,1385197443,987373371,1191,Det/images/normal_train/00919903.png,0,04,easy_clean,0.008728517,1.0,0.0144809521,normal_replay,FoldBalanced-Gap
RUN_122,TRIAD_041,A14_FoldBalanced-Gap_B3000,R1,1385197443,987373371,1192,Det/images/normal_train/01082532.png,0,02,easy_clean,0.0362115222,1.0,0.042965019,normal_replay,FoldBalanced-Gap
RUN_122,TRIAD_041,A14_FoldBalanced-Gap_B3000,R1,1385197443,987373371,1193,Det/images/normal_train/00463311.png,0,09,easy_clean,0.0016482624,1.0,0.0029125153,normal_replay,FoldBalanced-Gap
RUN_122,TRIAD_041,A14_FoldBalanced-Gap_B3000,R1,1385197443,987373371,1194,Det/images/normal_train/01259491.png,0,06,easy_clean,0.0163394037,1.0,0.0216519031,normal_replay,FoldBalanced-Gap
RUN_122,TRIAD_041,A14_FoldBalanced-Gap_B3000,R1,1385197443,987373371,1195,Det/images/normal_train/00376157.png,0,00,easy_clean,0.0011524805,1.0,0.0024660474,normal_replay,FoldBalanced-Gap
RUN_122,TRIAD_041,A14_FoldBalanced-Gap_B3000,R1,1385197443,987373371,1196,Det/images/normal_train/00825816.png,0,02,ordinary,0.1493100698,1.0,0.1341713641,normal_replay,FoldBalanced-Gap
RUN_122,TRIAD_041,A14_FoldBalanced-Gap_B3000,R1,1385197443,987373371,1197,Det/images/normal_train/01292360.png,0,07,ordinary,0.0927903732,1.0,0.0806083439,normal_replay,FoldBalanced-Gap
RUN_122,TRIAD_041,A14_FoldBalanced-Gap_B3000,R1,1385197443,987373371,1198,Det/images/normal_train/00738407.png,0,02,easy_clean,0.0035027154,1.0,0.0050616987,normal_replay,FoldBalanced-Gap
RUN_122,TRIAD_041,A14_FoldBalanced-Gap_B3000,R1,1385197443,987373371,1199,Det/images/normal_train/00787382.png,0,09,easy_clean,0.0049806152,1.0,0.0051110763,normal_replay,FoldBalanced-Gap
RUN_122,TRIAD_041,A14_FoldBalanced-Gap_B3000,R1,1385197443,987373371,1200,Det/images/normal_train/00894351.png,0,05,easy_clean,0.0092360289,1.0,0.0170417756,normal_replay,FoldBalanced-Gap
RUN_122,TRIAD_041,A14_FoldBalanced-Gap_B3000,R1,1385197443,987373371,1201,Det/images/normal_train/01056758.png,0,08,easy_clean,0.0080846844,1.0,0.0163864366,normal_replay,FoldBalanced-Gap
RUN_122,TRIAD_041,A14_FoldBalanced-Gap_B3000,R1,1385197443,987373371,1202,Det/images/normal_train/00882351.png,0,03,learnable_hard,0.0511692279,0.995,0.064157054,normal_replay,FoldBalanced-Gap
RUN_122,TRIAD_041,A14_FoldBalanced-Gap_B3000,R1,1385197443,987373371,1203,Det/images/normal_train/00284892.png,0,01,easy_clean,0.0017919152,1.0,0.0037821854,normal_replay,FoldBalanced-Gap
RUN_122,TRIAD_041,A14_FoldBalanced-Gap_B3000,R1,1385197443,987373371,1204,Det/images/normal_train/00368430.png,0,02,easy_clean,0.0060576415,1.0,0.0078755573,normal_replay,FoldBalanced-Gap
RUN_122,TRIAD_041,A14_FoldBalanced-Gap_B3000,R1,1385197443,987373371,1205,Det/images/normal_train/00456873.png,0,06,easy_clean,0.0145022798,1.0,0.0288799754,normal_replay,FoldBalanced-Gap
RUN_122,TRIAD_041,A14_FoldBalanced-Gap_B3000,R1,1385197443,987373371,1206,Det/images/normal_train/00516730.png,0,04,easy_clean,0.0006433658,1.0,0.0014624606,normal_replay,FoldBalanced-Gap
RUN_122,TRIAD_041,A14_FoldBalanced-Gap_B3000,R1,1385197443,987373371,1207,Det/images/normal_train/00368003.png,0,02,easy_clean,0.0025271019,1.0,0.0102318278,normal_replay,FoldBalanced-Gap
RUN_122,TRIAD_041,A14_FoldBalanced-Gap_B3000,R1,1385197443,987373371,1208,Det/images/normal_train/01040164.png,0,06,ordinary,0.1019701555,1.0,0.0416758816,normal_replay,FoldBalanced-Gap
RUN_122,TRIAD_041,A14_FoldBalanced-Gap_B3000,R1,1385197443,987373371,1209,Det/images/normal_train/00788164.png,0,03,easy_clean,0.005196283,1.0,0.0075803943,normal_replay,FoldBalanced-Gap
RUN_122,TRIAD_041,A14_FoldBalanced-Gap_B3000,R1,1385197443,987373371,1210,Det/images/normal_train/00243019.png,0,06,easy_clean,0.0058780742,1.0,0.0082883556,normal_replay,FoldBalanced-Gap
RUN_122,TRIAD_041,A14_FoldBalanced-Gap_B3000,R1,1385197443,987373371,1211,Det/images/normal_train/01214591.png,0,00,easy_clean,0.0450337217,1.0,0.0465318989,normal_replay,FoldBalanced-Gap
RUN_122,TRIAD_041,A14_FoldBalanced-Gap_B3000,R1,1385197443,987373371,1212,Det/images/normal_train/01247561.png,0,02,easy_clean,0.0095878336,1.0,0.0110182315,normal_replay,FoldBalanced-Gap
RUN_122,TRIAD_041,A14_FoldBalanced-Gap_B3000,R1,1385197443,987373371,1213,Det/images/normal_train/00224041.png,0,00,easy_clean,0.0265822612,0.99,0.0840694088,normal_replay,FoldBalanced-Gap
RUN_122,TRIAD_041,A14_FoldBalanced-Gap_B3000,R1,1385197443,987373371,1214,Det/images/normal_train/00845441.png,0,04,easy_clean,0.0010229393,1.0,0.0012185955,normal_replay,FoldBalanced-Gap
RUN_122,TRIAD_041,A14_FoldBalanced-Gap_B3000,R1,1385197443,987373371,1215,Det/images/normal_train/00886809.png,0,09,easy_clean,0.0017733462,1.0,0.0020262257,normal_replay,FoldBalanced-Gap
RUN_122,TRIAD_041,A14_FoldBalanced-Gap_B3000,R1,1385197443,987373371,1216,Det/images/normal_train/00153771.png,0,00,learnable_hard,0.0871507814,0.98,0.1165208959,normal_replay,FoldBalanced-Gap
RUN_122,TRIAD_041,A14_FoldBalanced-Gap_B3000,R1,1385197443,987373371,1217,Det/images/normal_train/00554195.png,0,03,learnable_hard,0.0360598193,0.995,0.0525821405,normal_replay,FoldBalanced-Gap
RUN_122,TRIAD_041,A14_FoldBalanced-Gap_B3000,R1,1385197443,987373371,1218,Det/images/normal_train/00301328.png,0,05,easy_clean,0.0072108239,1.0,0.0145365949,normal_replay,FoldBalanced-Gap
RUN_122,TRIAD_041,A14_FoldBalanced-Gap_B3000,R1,1385197443,987373371,1219,Det/images/normal_train/00871107.png,0,07,easy_clean,0.0090996101,1.0,0.0107554479,normal_replay,FoldBalanced-Gap
RUN_122,TRIAD_041,A14_FoldBalanced-Gap_B3000,R1,1385197443,987373371,1220,Det/images/normal_train/00660321.png,0,00,easy_clean,0.0087837818,1.0,0.0172639157,normal_replay,FoldBalanced-Gap
RUN_122,TRIAD_041,A14_FoldBalanced-Gap_B3000,R1,1385197443,987373371,1221,Det/images/normal_train/00251692.png,0,04,easy_clean,0.0013219014,1.0,0.004529768,normal_replay,FoldBalanced-Gap
RUN_122,TRIAD_041,A14_FoldBalanced-Gap_B3000,R1,1385197443,987373371,1222,Det/images/normal_train/00787454.png,0,09,easy_clean,0.0034166847,1.0,0.0052316565,normal_replay,FoldBalanced-Gap
RUN_122,TRIAD_041,A14_FoldBalanced-Gap_B3000,R1,1385197443,987373371,1223,Det/images/normal_train/01271762.png,0,03,easy_clean,0.04800916,1.0,0.0370121366,normal_replay,FoldBalanced-Gap
RUN_122,TRIAD_041,A14_FoldBalanced-Gap_B3000,R1,1385197443,987373371,1224,Det/images/normal_train/01245997.png,0,09,easy_clean,0.0120386753,1.0,0.0204992596,normal_replay,FoldBalanced-Gap
RUN_122,TRIAD_041,A14_FoldBalanced-Gap_B3000,R1,1385197443,987373371,1225,Det/images/normal_train/00509520.png,0,08,learnable_hard,0.0906634037,0.99,0.1124369176,normal_replay,FoldBalanced-Gap
RUN_122,TRIAD_041,A14_FoldBalanced-Gap_B3000,R1,1385197443,987373371,1226,Det/images/normal_train/00187266.png,0,03,ordinary,0.3301610642,0.84,0.1675148307,normal_replay,FoldBalanced-Gap
RUN_122,TRIAD_041,A14_FoldBalanced-Gap_B3000,R1,1385197443,987373371,1227,Det/images/normal_train/00563235.png,0,06,easy_clean,0.0016100587,1.0,0.0020373797,normal_replay,FoldBalanced-Gap
RUN_122,TRIAD_041,A14_FoldBalanced-Gap_B3000,R1,1385197443,987373371,1228,Det/images/normal_train/01234682.png,0,08,easy_clean,0.0041542657,1.0,0.0099658396,normal_replay,FoldBalanced-Gap
RUN_122,TRIAD_041,A14_FoldBalanced-Gap_B3000,R1,1385197443,987373371,1229,Det/images/normal_train/00931732.png,0,02,easy_clean,0.0179000599,1.0,0.0258585966,normal_replay,FoldBalanced-Gap
RUN_122,TRIAD_041,A14_FoldBalanced-Gap_B3000,R1,1385197443,987373371,1230,Det/images/normal_train/01202394.png,0,08,easy_clean,0.0331982178,1.0,0.0320927173,normal_replay,FoldBalanced-Gap
RUN_122,TRIAD_041,A14_FoldBalanced-Gap_B3000,R1,1385197443,987373371,1231,Det/images/normal_train/00941226.png,0,00,easy_clean,0.0135965523,1.0,0.0153653868,normal_replay,FoldBalanced-Gap
RUN_122,TRIAD_041,A14_FoldBalanced-Gap_B3000,R1,1385197443,987373371,1232,Det/images/normal_train/00841394.png,0,04,easy_clean,0.0213398725,1.0,0.0340433336,normal_replay,FoldBalanced-Gap
RUN_122,TRIAD_041,A14_FoldBalanced-Gap_B3000,R1,1385197443,987373371,1233,Det/images/normal_train/00647048.png,0,01,easy_clean,0.004557163,1.0,0.0051630448,normal_replay,FoldBalanced-Gap
RUN_122,TRIAD_041,A14_FoldBalanced-Gap_B3000,R1,1385197443,987373371,1234,Det/images/normal_train/00272909.png,0,00,easy_clean,0.0310490259,1.0,0.0311027497,normal_replay,FoldBalanced-Gap
RUN_122,TRIAD_041,A14_FoldBalanced-Gap_B3000,R1,1385197443,987373371,1235,Det/images/normal_train/00450847.png,0,01,easy_clean,0.0049139533,1.0,0.0061449567,normal_replay,FoldBalanced-Gap
RUN_122,TRIAD_041,A14_FoldBalanced-Gap_B3000,R1,1385197443,987373371,1236,Det/images/normal_train/00393350.png,0,01,easy_clean,0.0052956536,1.0,0.0090447858,normal_replay,FoldBalanced-Gap
RUN_122,TRIAD_041,A14_FoldBalanced-Gap_B3000,R1,1385197443,987373371,1237,Det/images/normal_train/01005788.png,0,09,easy_clean,0.0275520578,1.0,0.0349520758,normal_replay,FoldBalanced-Gap
RUN_122,TRIAD_041,A14_FoldBalanced-Gap_B3000,R1,1385197443,987373371,1238,Det/images/normal_train/00211472.png,0,06,easy_clean,0.0014102884,1.0,0.0021721733,normal_replay,FoldBalanced-Gap
RUN_122,TRIAD_041,A14_FoldBalanced-Gap_B3000,R1,1385197443,987373371,1239,Det/images/normal_train/00962211.png,0,04,easy_clean,0.02094322,0.995,0.052865672,normal_replay,FoldBalanced-Gap
RUN_122,TRIAD_041,A14_FoldBalanced-Gap_B3000,R1,1385197443,987373371,1240,Det/images/normal_train/00523820.png,0,00,easy_clean,0.0228040839,1.0,0.0254052878,normal_replay,FoldBalanced-Gap
RUN_122,TRIAD_041,A14_FoldBalanced-Gap_B3000,R1,1385197443,987373371,1241,Det/images/normal_train/00817881.png,0,07,easy_clean,0.0004479652,1.0,0.0006725908,normal_replay,FoldBalanced-Gap
RUN_122,TRIAD_041,A14_FoldBalanced-Gap_B3000,R1,1385197443,987373371,1242,Det/images/normal_train/00801591.png,0,06,easy_clean,0.0589137255,1.0,0.0428801,normal_replay,FoldBalanced-Gap
RUN_122,TRIAD_041,A14_FoldBalanced-Gap_B3000,R1,1385197443,987373371,1243,Det/images/normal_train/01151439.png,0,00,easy_clean,0.0496947704,1.0,0.0365716222,normal_replay,FoldBalanced-Gap
RUN_122,TRIAD_041,A14_FoldBalanced-Gap_B3000,R1,1385197443,987373371,1244,Det/images/normal_train/00792744.png,0,03,easy_clean,0.0094934123,1.0,0.0167331243,normal_replay,FoldBalanced-Gap
RUN_122,TRIAD_041,A14_FoldBalanced-Gap_B3000,R1,1385197443,987373371,1245,Det/images/normal_train/01084687.png,0,01,easy_clean,0.0034578461,1.0,0.0041105407,normal_replay,FoldBalanced-Gap
RUN_122,TRIAD_041,A14_FoldBalanced-Gap_B3000,R1,1385197443,987373371,1246,Det/images/normal_train/00967259.png,0,04,easy_clean,0.0091803866,1.0,0.0190476275,normal_replay,FoldBalanced-Gap
RUN_122,TRIAD_041,A14_FoldBalanced-Gap_B3000,R1,1385197443,987373371,1247,Det/images/normal_train/00610896.png,0,05,easy_clean,0.0043715477,1.0,0.0059767491,normal_replay,FoldBalanced-Gap
RUN_122,TRIAD_041,A14_FoldBalanced-Gap_B3000,R1,1385197443,987373371,1248,Det/images/normal_train/00990272.png,0,03,easy_clean,0.047122901,1.0,0.0571070575,normal_replay,FoldBalanced-Gap
RUN_122,TRIAD_041,A14_FoldBalanced-Gap_B3000,R1,1385197443,987373371,1249,Det/images/normal_train/00821426.png,0,06,easy_clean,0.0008332885,1.0,0.000938823,normal_replay,FoldBalanced-Gap
RUN_122,TRIAD_041,A14_FoldBalanced-Gap_B3000,R1,1385197443,987373371,1250,Det/images/normal_train/00857237.png,0,01,easy_clean,0.0049098469,1.0,0.0081340863,normal_replay,FoldBalanced-Gap
RUN_122,TRIAD_041,A14_FoldBalanced-Gap_B3000,R1,1385197443,987373371,1251,Det/images/normal_train/01187927.png,0,07,learnable_hard,0.3441203713,0.99,0.1035201695,normal_replay,FoldBalanced-Gap
RUN_122,TRIAD_041,A14_FoldBalanced-Gap_B3000,R1,1385197443,987373371,1252,Det/images/normal_train/01125728.png,0,02,easy_clean,0.0139276231,1.0,0.0109659561,normal_replay,FoldBalanced-Gap
RUN_122,TRIAD_041,A14_FoldBalanced-Gap_B3000,R1,1385197443,987373371,1253,Det/images/normal_train/01169033.png,0,08,ordinary,0.1989360707,1.0,0.0948717434,normal_replay,FoldBalanced-Gap
RUN_122,TRIAD_041,A14_FoldBalanced-Gap_B3000,R1,1385197443,987373371,1254,Det/images/normal_train/00810039.png,0,09,easy_clean,0.0388913505,1.0,0.0369357091,normal_replay,FoldBalanced-Gap
RUN_122,TRIAD_041,A14_FoldBalanced-Gap_B3000,R1,1385197443,987373371,1255,Det/images/normal_train/00574695.png,0,03,easy_clean,0.0083344504,1.0,0.0078768897,normal_replay,FoldBalanced-Gap
RUN_122,TRIAD_041,A14_FoldBalanced-Gap_B3000,R1,1385197443,987373371,1256,Det/images/normal_train/00776086.png,0,06,learnable_hard,0.0305036393,0.975,0.1149197165,normal_replay,FoldBalanced-Gap
RUN_122,TRIAD_041,A14_FoldBalanced-Gap_B3000,R1,1385197443,987373371,1257,Det/images/normal_train/00364015.png,0,08,easy_clean,0.0004747157,1.0,0.0009842831,normal_replay,FoldBalanced-Gap
RUN_122,TRIAD_041,A14_FoldBalanced-Gap_B3000,R1,1385197443,987373371,1258,Det/images/normal_train/01289109.png,0,01,learnable_hard,0.099001256,0.995,0.0603417067,normal_replay,FoldBalanced-Gap
RUN_122,TRIAD_041,A14_FoldBalanced-Gap_B3000,R1,1385197443,987373371,1259,Det/images/normal_train/00482020.png,0,02,easy_clean,0.0139494436,1.0,0.0171108905,normal_replay,FoldBalanced-Gap
RUN_122,TRIAD_041,A14_FoldBalanced-Gap_B3000,R1,1385197443,987373371,1260,Det/images/normal_train/01101205.png,0,00,easy_clean,0.0072644219,1.0,0.006223524,normal_replay,FoldBalanced-Gap
RUN_122,TRIAD_041,A14_FoldBalanced-Gap_B3000,R1,1385197443,987373371,1261,Det/images/normal_train/00480899.png,0,07,easy_clean,0.009710998,1.0,0.012451264,normal_replay,FoldBalanced-Gap
RUN_122,TRIAD_041,A14_FoldBalanced-Gap_B3000,R1,1385197443,987373371,1262,Det/images/normal_train/00817574.png,0,07,easy_clean,0.0014137055,1.0,0.0026943998,normal_replay,FoldBalanced-Gap
RUN_122,TRIAD_041,A14_FoldBalanced-Gap_B3000,R1,1385197443,987373371,1263,Det/images/normal_train/00616210.png,0,00,ordinary,0.3463815814,1.0,0.1038320035,normal_replay,FoldBalanced-Gap
RUN_122,TRIAD_041,A14_FoldBalanced-Gap_B3000,R1,1385197443,987373371,1264,Det/images/normal_train/00263768.png,0,07,easy_clean,0.0023415513,1.0,0.0032991849,normal_replay,FoldBalanced-Gap
RUN_122,TRIAD_041,A14_FoldBalanced-Gap_B3000,R1,1385197443,987373371,1265,Det/images/normal_train/01237864.png,0,05,learnable_hard,0.145588039,0.985,0.1390352785,normal_replay,FoldBalanced-Gap
RUN_122,TRIAD_041,A14_FoldBalanced-Gap_B3000,R1,1385197443,987373371,1266,Det/images/normal_train/01112259.png,0,07,ordinary,0.1360977915,1.0,0.04145282,normal_replay,FoldBalanced-Gap
RUN_122,TRIAD_041,A14_FoldBalanced-Gap_B3000,R1,1385197443,987373371,1267,Det/images/normal_train/00227242.png,0,04,easy_clean,0.0148928763,1.0,0.0235170207,normal_replay,FoldBalanced-Gap
RUN_122,TRIAD_041,A14_FoldBalanced-Gap_B3000,R1,1385197443,987373371,1268,Det/images/normal_train/01289467.png,0,01,learnable_hard,0.3043641868,0.99,0.107500933,normal_replay,FoldBalanced-Gap
RUN_122,TRIAD_041,A14_FoldBalanced-Gap_B3000,R1,1385197443,987373371,1269,Det/images/normal_train/00571217.png,0,03,easy_clean,0.0042592373,1.0,0.0062846887,normal_replay,FoldBalanced-Gap
RUN_122,TRIAD_041,A14_FoldBalanced-Gap_B3000,R1,1385197443,987373371,1270,Det/images/normal_train/01146340.png,0,05,easy_clean,0.0152564083,1.0,0.01623434,normal_replay,FoldBalanced-Gap
RUN_122,TRIAD_041,A14_FoldBalanced-Gap_B3000,R1,1385197443,987373371,1271,Det/images/normal_train/00148535.png,0,03,learnable_hard,0.1782856394,0.995,0.07249724,normal_replay,FoldBalanced-Gap
RUN_122,TRIAD_041,A14_FoldBalanced-Gap_B3000,R1,1385197443,987373371,1272,Det/images/normal_train/00739678.png,0,00,easy_clean,0.0049446704,1.0,0.0070618191,normal_replay,FoldBalanced-Gap
RUN_122,TRIAD_041,A14_FoldBalanced-Gap_B3000,R1,1385197443,987373371,1273,Det/images/normal_train/01052826.png,0,01,easy_clean,0.0767353411,1.0,0.0645376525,normal_replay,FoldBalanced-Gap
RUN_122,TRIAD_041,A14_FoldBalanced-Gap_B3000,R1,1385197443,987373371,1274,Det/images/normal_train/00758425.png,0,04,easy_clean,0.0019220324,1.0,0.0030712909,normal_replay,FoldBalanced-Gap
RUN_122,TRIAD_041,A14_FoldBalanced-Gap_B3000,R1,1385197443,987373371,1275,Det/images/normal_train/01188219.png,0,01,easy_clean,0.0306728591,1.0,0.0285212458,normal_replay,FoldBalanced-Gap
RUN_122,TRIAD_041,A14_FoldBalanced-Gap_B3000,R1,1385197443,987373371,1276,Det/images/normal_train/01274667.png,0,08,easy_clean,0.0180564489,1.0,0.035136735,normal_replay,FoldBalanced-Gap
RUN_122,TRIAD_041,A14_FoldBalanced-Gap_B3000,R1,1385197443,987373371,1277,Det/images/normal_train/01145571.png,0,06,easy_clean,0.0016136805,1.0,0.0068165551,normal_replay,FoldBalanced-Gap
RUN_122,TRIAD_041,A14_FoldBalanced-Gap_B3000,R1,1385197443,987373371,1278,Det/images/normal_train/00546009.png,0,07,easy_clean,0.0078611265,1.0,0.0157684874,normal_replay,FoldBalanced-Gap
RUN_122,TRIAD_041,A14_FoldBalanced-Gap_B3000,R1,1385197443,987373371,1279,Det/images/normal_train/00797596.png,0,06,easy_clean,0.0226874399,1.0,0.0288624397,normal_replay,FoldBalanced-Gap
RUN_122,TRIAD_041,A14_FoldBalanced-Gap_B3000,R1,1385197443,987373371,1280,Det/images/normal_train/01006220.png,0,05,easy_clean,0.0043320303,1.0,0.003753497,normal_replay,FoldBalanced-Gap
RUN_122,TRIAD_041,A14_FoldBalanced-Gap_B3000,R1,1385197443,987373371,1281,Det/images/normal_train/00323551.png,0,06,easy_clean,0.0064037256,1.0,0.0311146992,normal_replay,FoldBalanced-Gap
RUN_122,TRIAD_041,A14_FoldBalanced-Gap_B3000,R1,1385197443,987373371,1282,Det/images/normal_train/01285871.png,0,08,unstable_boundary,0.3903929644,0.785,0.1235973451,normal_replay,FoldBalanced-Gap
RUN_122,TRIAD_041,A14_FoldBalanced-Gap_B3000,R1,1385197443,987373371,1283,Det/images/normal_train/01010895.png,0,00,easy_clean,0.0318327878,1.0,0.0291053095,normal_replay,FoldBalanced-Gap
RUN_122,TRIAD_041,A14_FoldBalanced-Gap_B3000,R1,1385197443,987373371,1284,Det/images/normal_train/00923499.png,0,08,easy_clean,0.0034473567,1.0,0.0110704007,normal_replay,FoldBalanced-Gap
RUN_122,TRIAD_041,A14_FoldBalanced-Gap_B3000,R1,1385197443,987373371,1285,Det/images/normal_train/00458855.png,0,05,easy_clean,0.0059189949,1.0,0.0075646031,normal_replay,FoldBalanced-Gap
RUN_122,TRIAD_041,A14_FoldBalanced-Gap_B3000,R1,1385197443,987373371,1286,Det/images/normal_train/00385558.png,0,06,easy_clean,0.0259763378,1.0,0.0178927847,normal_replay,FoldBalanced-Gap
RUN_122,TRIAD_041,A14_FoldBalanced-Gap_B3000,R1,1385197443,987373371,1287,Det/images/normal_train/00196331.png,0,03,learnable_hard,0.0257179021,0.99,0.0719743019,normal_replay,FoldBalanced-Gap
RUN_122,TRIAD_041,A14_FoldBalanced-Gap_B3000,R1,1385197443,987373371,1288,Det/images/normal_train/00238811.png,0,02,easy_clean,0.0233926035,1.0,0.0166985882,normal_replay,FoldBalanced-Gap
RUN_122,TRIAD_041,A14_FoldBalanced-Gap_B3000,R1,1385197443,987373371,1289,Det/images/normal_train/00984561.png,0,02,easy_clean,0.0120260554,1.0,0.0172380925,normal_replay,FoldBalanced-Gap
RUN_122,TRIAD_041,A14_FoldBalanced-Gap_B3000,R1,1385197443,987373371,1290,Det/images/normal_train/00242867.png,0,01,easy_clean,0.0045909615,1.0,0.009391172,normal_replay,FoldBalanced-Gap
RUN_122,TRIAD_041,A14_FoldBalanced-Gap_B3000,R1,1385197443,987373371,1291,Det/images/normal_train/00825871.png,0,02,easy_clean,0.0108538104,1.0,0.0120672104,normal_replay,FoldBalanced-Gap
RUN_122,TRIAD_041,A14_FoldBalanced-Gap_B3000,R1,1385197443,987373371,1292,Det/images/normal_train/00596761.png,0,02,easy_clean,0.041042054,1.0,0.0361297659,normal_replay,FoldBalanced-Gap
RUN_122,TRIAD_041,A14_FoldBalanced-Gap_B3000,R1,1385197443,987373371,1293,Det/images/normal_train/00564769.png,0,04,easy_clean,0.0028213164,1.0,0.0050324429,normal_replay,FoldBalanced-Gap
RUN_122,TRIAD_041,A14_FoldBalanced-Gap_B3000,R1,1385197443,987373371,1294,Det/images/normal_train/00365194.png,0,00,easy_clean,0.0135348593,1.0,0.0155142662,normal_replay,FoldBalanced-Gap
RUN_122,TRIAD_041,A14_FoldBalanced-Gap_B3000,R1,1385197443,987373371,1295,Det/images/normal_train/00835639.png,0,02,easy_clean,0.0004542435,1.0,0.000617576,normal_replay,FoldBalanced-Gap
RUN_122,TRIAD_041,A14_FoldBalanced-Gap_B3000,R1,1385197443,987373371,1296,Det/images/normal_train/01222375.png,0,07,easy_clean,0.0664213904,1.0,0.0447705556,normal_replay,FoldBalanced-Gap
RUN_122,TRIAD_041,A14_FoldBalanced-Gap_B3000,R1,1385197443,987373371,1297,Det/images/normal_train/00647224.png,0,01,learnable_hard,0.2579197525,0.935,0.15760806,normal_replay,FoldBalanced-Gap
RUN_122,TRIAD_041,A14_FoldBalanced-Gap_B3000,R1,1385197443,987373371,1298,Det/images/normal_train/01114688.png,0,04,learnable_hard,0.1014477316,0.995,0.0687294966,normal_replay,FoldBalanced-Gap
RUN_122,TRIAD_041,A14_FoldBalanced-Gap_B3000,R1,1385197443,987373371,1299,Det/images/normal_train/01114216.png,0,04,learnable_hard,0.3232141877,0.83,0.1726910786,normal_replay,FoldBalanced-Gap
RUN_122,TRIAD_041,A14_FoldBalanced-Gap_B3000,R1,1385197443,987373371,1300,Det/images/normal_train/01138811.png,0,02,easy_clean,0.0039308897,1.0,0.0037814423,normal_replay,FoldBalanced-Gap
RUN_122,TRIAD_041,A14_FoldBalanced-Gap_B3000,R1,1385197443,987373371,1301,Det/images/normal_train/00371355.png,0,00,easy_clean,0.0004169779,1.0,0.0007440503,normal_replay,FoldBalanced-Gap
RUN_122,TRIAD_041,A14_FoldBalanced-Gap_B3000,R1,1385197443,987373371,1302,Det/images/normal_train/00512511.png,0,05,ordinary,0.123488963,1.0,0.0880397739,normal_replay,FoldBalanced-Gap
RUN_122,TRIAD_041,A14_FoldBalanced-Gap_B3000,R1,1385197443,987373371,1303,Det/images/normal_train/00836379.png,0,07,learnable_hard,0.0103211784,0.995,0.0439533721,normal_replay,FoldBalanced-Gap
RUN_122,TRIAD_041,A14_FoldBalanced-Gap_B3000,R1,1385197443,987373371,1304,Det/images/normal_train/00441662.png,0,09,easy_clean,0.060186435,1.0,0.0741799039,normal_replay,FoldBalanced-Gap
RUN_122,TRIAD_041,A14_FoldBalanced-Gap_B3000,R1,1385197443,987373371,1305,Det/images/normal_train/00923526.png,0,08,easy_clean,0.0012573441,1.0,0.0043198675,normal_replay,FoldBalanced-Gap
RUN_122,TRIAD_041,A14_FoldBalanced-Gap_B3000,R1,1385197443,987373371,1306,Det/images/normal_train/00819930.png,0,07,easy_clean,0.0192288515,1.0,0.0202669801,normal_replay,FoldBalanced-Gap
RUN_122,TRIAD_041,A14_FoldBalanced-Gap_B3000,R1,1385197443,987373371,1307,Det/images/normal_train/01046792.png,0,03,easy_clean,0.0084708997,1.0,0.0264424146,normal_replay,FoldBalanced-Gap
RUN_122,TRIAD_041,A14_FoldBalanced-Gap_B3000,R1,1385197443,987373371,1308,Det/images/normal_train/00615160.png,0,01,easy_clean,0.007524578,1.0,0.0113510901,normal_replay,FoldBalanced-Gap
RUN_122,TRIAD_041,A14_FoldBalanced-Gap_B3000,R1,1385197443,987373371,1309,Det/images/normal_train/00196385.png,0,03,easy_clean,0.0041733479,1.0,0.0137409739,normal_replay,FoldBalanced-Gap
RUN_122,TRIAD_041,A14_FoldBalanced-Gap_B3000,R1,1385197443,987373371,1310,Det/images/normal_train/01141682.png,0,08,easy_clean,0.0238285816,1.0,0.0254799606,normal_replay,FoldBalanced-Gap
RUN_122,TRIAD_041,A14_FoldBalanced-Gap_B3000,R1,1385197443,987373371,1311,Det/images/normal_train/00547916.png,0,05,ordinary,0.123138654,1.0,0.0787260199,normal_replay,FoldBalanced-Gap
RUN_122,TRIAD_041,A14_FoldBalanced-Gap_B3000,R1,1385197443,987373371,1312,Det/images/normal_train/00683014.png,0,07,easy_clean,0.0206677825,1.0,0.0256756458,normal_replay,FoldBalanced-Gap
RUN_122,TRIAD_041,A14_FoldBalanced-Gap_B3000,R1,1385197443,987373371,1313,Det/images/normal_train/01220877.png,0,01,easy_clean,0.0302983387,1.0,0.0174329509,normal_replay,FoldBalanced-Gap
RUN_122,TRIAD_041,A14_FoldBalanced-Gap_B3000,R1,1385197443,987373371,1314,Det/images/normal_train/00446403.png,0,09,easy_clean,0.0184056014,1.0,0.0168211255,normal_replay,FoldBalanced-Gap
RUN_122,TRIAD_041,A14_FoldBalanced-Gap_B3000,R1,1385197443,987373371,1315,Det/images/normal_train/00910737.png,0,05,learnable_hard,0.127750456,0.995,0.0860121667,normal_replay,FoldBalanced-Gap
RUN_122,TRIAD_041,A14_FoldBalanced-Gap_B3000,R1,1385197443,987373371,1316,Det/images/normal_train/00574996.png,0,03,easy_clean,0.0002034244,1.0,0.0002882495,normal_replay,FoldBalanced-Gap
RUN_122,TRIAD_041,A14_FoldBalanced-Gap_B3000,R1,1385197443,987373371,1317,Det/images/normal_train/00875131.png,0,06,easy_clean,0.0179376022,1.0,0.0198941528,normal_replay,FoldBalanced-Gap
RUN_122,TRIAD_041,A14_FoldBalanced-Gap_B3000,R1,1385197443,987373371,1318,Det/images/normal_train/00660262.png,0,00,learnable_hard,0.0240585305,0.985,0.0765007567,normal_replay,FoldBalanced-Gap
RUN_122,TRIAD_041,A14_FoldBalanced-Gap_B3000,R1,1385197443,987373371,1319,Det/images/normal_train/00712793.png,0,01,easy_clean,0.0019914238,1.0,0.0050774916,normal_replay,FoldBalanced-Gap
RUN_122,TRIAD_041,A14_FoldBalanced-Gap_B3000,R1,1385197443,987373371,1320,Det/images/normal_train/00728082.png,0,03,easy_clean,0.0017501819,1.0,0.0096139309,normal_replay,FoldBalanced-Gap
RUN_122,TRIAD_041,A14_FoldBalanced-Gap_B3000,R1,1385197443,987373371,1321,Det/images/normal_train/01003060.png,0,01,easy_clean,0.001628439,1.0,0.0023681334,normal_replay,FoldBalanced-Gap
RUN_122,TRIAD_041,A14_FoldBalanced-Gap_B3000,R1,1385197443,987373371,1322,Det/images/normal_train/01247923.png,0,02,learnable_hard,0.1321892384,0.995,0.0719894344,normal_replay,FoldBalanced-Gap
RUN_122,TRIAD_041,A14_FoldBalanced-Gap_B3000,R1,1385197443,987373371,1323,Det/images/normal_train/00973910.png,0,05,easy_clean,0.0026348458,1.0,0.003333647,normal_replay,FoldBalanced-Gap
RUN_122,TRIAD_041,A14_FoldBalanced-Gap_B3000,R1,1385197443,987373371,1324,Det/images/normal_train/00419320.png,0,04,easy_clean,0.0261817352,1.0,0.0277721443,normal_replay,FoldBalanced-Gap
RUN_122,TRIAD_041,A14_FoldBalanced-Gap_B3000,R1,1385197443,987373371,1325,Det/images/normal_train/00633375.png,0,02,easy_clean,0.0580883641,1.0,0.0696904683,normal_replay,FoldBalanced-Gap
RUN_122,TRIAD_041,A14_FoldBalanced-Gap_B3000,R1,1385197443,987373371,1326,Det/images/normal_train/00522141.png,0,07,easy_clean,0.0102199398,1.0,0.0126476862,normal_replay,FoldBalanced-Gap
RUN_122,TRIAD_041,A14_FoldBalanced-Gap_B3000,R1,1385197443,987373371,1327,Det/images/normal_train/01074102.png,0,04,easy_clean,0.0156952053,1.0,0.0189200302,normal_replay,FoldBalanced-Gap
RUN_122,TRIAD_041,A14_FoldBalanced-Gap_B3000,R1,1385197443,987373371,1328,Det/images/normal_train/00927392.png,0,09,easy_clean,0.0280901804,1.0,0.0404356191,normal_replay,FoldBalanced-Gap
RUN_122,TRIAD_041,A14_FoldBalanced-Gap_B3000,R1,1385197443,987373371,1329,Det/images/normal_train/01208569.png,0,04,easy_clean,0.0304472292,1.0,0.0423686298,normal_replay,FoldBalanced-Gap
RUN_122,TRIAD_041,A14_FoldBalanced-Gap_B3000,R1,1385197443,987373371,1330,Det/images/normal_train/00589976.png,0,03,easy_clean,0.0080831467,1.0,0.0243078144,normal_replay,FoldBalanced-Gap
RUN_122,TRIAD_041,A14_FoldBalanced-Gap_B3000,R1,1385197443,987373371,1331,Det/images/normal_train/01290680.png,0,03,ordinary,0.1354428113,1.0,0.0799306861,normal_replay,FoldBalanced-Gap
RUN_122,TRIAD_041,A14_FoldBalanced-Gap_B3000,R1,1385197443,987373371,1332,Det/images/normal_train/00562222.png,0,08,persistent_hard,0.7216167644,0.235,0.2143150254,normal_replay,FoldBalanced-Gap
RUN_122,TRIAD_041,A14_FoldBalanced-Gap_B3000,R1,1385197443,987373371,1333,Det/images/normal_train/00215325.png,0,07,unstable_boundary,0.5342062773,0.37,0.1646870695,normal_replay,FoldBalanced-Gap
RUN_122,TRIAD_041,A14_FoldBalanced-Gap_B3000,R1,1385197443,987373371,1334,Det/images/normal_train/00679915.png,0,07,easy_clean,0.0098484347,0.995,0.05355202,normal_replay,FoldBalanced-Gap
RUN_122,TRIAD_041,A14_FoldBalanced-Gap_B3000,R1,1385197443,987373371,1335,Det/images/normal_train/00907352.png,0,02,easy_clean,0.0365595782,1.0,0.0247704245,normal_replay,FoldBalanced-Gap
RUN_122,TRIAD_041,A14_FoldBalanced-Gap_B3000,R1,1385197443,987373371,1336,Det/images/normal_train/01289977.png,0,01,easy_clean,0.0048117303,1.0,0.0116515506,normal_replay,FoldBalanced-Gap
RUN_122,TRIAD_041,A14_FoldBalanced-Gap_B3000,R1,1385197443,987373371,1337,Det/images/normal_train/00354602.png,0,00,easy_clean,0.0013127584,1.0,0.0032915975,normal_replay,FoldBalanced-Gap
RUN_122,TRIAD_041,A14_FoldBalanced-Gap_B3000,R1,1385197443,987373371,1338,Det/images/normal_train/00824643.png,0,05,easy_clean,0.0012104985,1.0,0.0015739952,normal_replay,FoldBalanced-Gap
RUN_122,TRIAD_041,A14_FoldBalanced-Gap_B3000,R1,1385197443,987373371,1339,Det/images/normal_train/01111168.png,0,07,easy_clean,0.0351425349,1.0,0.0561335435,normal_replay,FoldBalanced-Gap
RUN_122,TRIAD_041,A14_FoldBalanced-Gap_B3000,R1,1385197443,987373371,1340,Det/images/normal_train/01275903.png,0,06,easy_clean,0.0157265277,1.0,0.0222269892,normal_replay,FoldBalanced-Gap
RUN_122,TRIAD_041,A14_FoldBalanced-Gap_B3000,R1,1385197443,987373371,1341,Det/images/normal_train/00262391.png,0,04,easy_clean,0.0004036727,1.0,0.0005476075,normal_replay,FoldBalanced-Gap
RUN_122,TRIAD_041,A14_FoldBalanced-Gap_B3000,R1,1385197443,987373371,1342,Det/images/normal_train/00562217.png,0,08,easy_clean,0.0015416301,1.0,0.0021820354,normal_replay,FoldBalanced-Gap
RUN_122,TRIAD_041,A14_FoldBalanced-Gap_B3000,R1,1385197443,987373371,1343,Det/images/normal_train/01011047.png,0,07,easy_clean,0.0042613372,1.0,0.0044434418,normal_replay,FoldBalanced-Gap
RUN_122,TRIAD_041,A14_FoldBalanced-Gap_B3000,R1,1385197443,987373371,1344,Det/images/normal_train/01218574.png,0,03,learnable_hard,0.0162313018,0.995,0.0572051283,normal_replay,FoldBalanced-Gap
RUN_122,TRIAD_041,A14_FoldBalanced-Gap_B3000,R1,1385197443,987373371,1345,Det/images/normal_train/01291276.png,0,07,easy_clean,0.0067615257,1.0,0.026727713,normal_replay,FoldBalanced-Gap
RUN_122,TRIAD_041,A14_FoldBalanced-Gap_B3000,R1,1385197443,987373371,1346,Det/images/normal_train/00941705.png,0,00,easy_clean,0.0575864736,1.0,0.057683803,normal_replay,FoldBalanced-Gap
RUN_122,TRIAD_041,A14_FoldBalanced-Gap_B3000,R1,1385197443,987373371,1347,Det/images/normal_train/00729878.png,0,07,easy_clean,0.0183419627,1.0,0.0307961325,normal_replay,FoldBalanced-Gap
RUN_122,TRIAD_041,A14_FoldBalanced-Gap_B3000,R1,1385197443,987373371,1348,Det/images/normal_train/01287447.png,0,06,easy_clean,0.011635736,1.0,0.0179434951,normal_replay,FoldBalanced-Gap
RUN_122,TRIAD_041,A14_FoldBalanced-Gap_B3000,R1,1385197443,987373371,1349,Det/images/normal_train/00269449.png,0,03,easy_clean,0.000168968,1.0,0.0002307769,normal_replay,FoldBalanced-Gap
RUN_122,TRIAD_041,A14_FoldBalanced-Gap_B3000,R1,1385197443,987373371,1350,Det/images/normal_train/00547416.png,0,05,easy_clean,0.0007336599,1.0,0.0034977346,normal_replay,FoldBalanced-Gap
RUN_122,TRIAD_041,A14_FoldBalanced-Gap_B3000,R1,1385197443,987373371,1351,Det/images/normal_train/01004041.png,0,07,ordinary,0.1436609086,1.0,0.1007582682,normal_replay,FoldBalanced-Gap
RUN_122,TRIAD_041,A14_FoldBalanced-Gap_B3000,R1,1385197443,987373371,1352,Det/images/normal_train/00687806.png,0,01,easy_clean,0.0036243847,1.0,0.0093766283,normal_replay,FoldBalanced-Gap
RUN_122,TRIAD_041,A14_FoldBalanced-Gap_B3000,R1,1385197443,987373371,1353,Det/images/normal_train/00552719.png,0,07,easy_clean,0.0216499809,1.0,0.0340042994,normal_replay,FoldBalanced-Gap
RUN_122,TRIAD_041,A14_FoldBalanced-Gap_B3000,R1,1385197443,987373371,1354,Det/images/normal_train/01151262.png,0,00,easy_clean,0.0167068262,1.0,0.0134992271,normal_replay,FoldBalanced-Gap
RUN_122,TRIAD_041,A14_FoldBalanced-Gap_B3000,R1,1385197443,987373371,1355,Det/images/normal_train/01244293.png,0,04,easy_clean,0.0456927863,1.0,0.0378278156,normal_replay,FoldBalanced-Gap
RUN_122,TRIAD_041,A14_FoldBalanced-Gap_B3000,R1,1385197443,987373371,1356,Det/images/normal_train/00430702.png,0,02,easy_clean,0.0753956008,1.0,0.0544838486,normal_replay,FoldBalanced-Gap
RUN_122,TRIAD_041,A14_FoldBalanced-Gap_B3000,R1,1385197443,987373371,1357,Det/images/normal_train/00616016.png,0,00,easy_clean,0.007932015,1.0,0.011884147,normal_replay,FoldBalanced-Gap
RUN_122,TRIAD_041,A14_FoldBalanced-Gap_B3000,R1,1385197443,987373371,1358,Det/images/normal_train/01013020.png,0,01,easy_clean,0.0054804931,1.0,0.0108965532,normal_replay,FoldBalanced-Gap
RUN_122,TRIAD_041,A14_FoldBalanced-Gap_B3000,R1,1385197443,987373371,1359,Det/images/normal_train/01288152.png,0,07,easy_clean,0.0217420028,1.0,0.0141049366,normal_replay,FoldBalanced-Gap
RUN_122,TRIAD_041,A14_FoldBalanced-Gap_B3000,R1,1385197443,987373371,1360,Det/images/normal_train/00909080.png,0,00,easy_clean,0.0035011079,1.0,0.0071091346,normal_replay,FoldBalanced-Gap
RUN_122,TRIAD_041,A14_FoldBalanced-Gap_B3000,R1,1385197443,987373371,1361,Det/images/normal_train/01242839.png,0,02,easy_clean,0.0013927778,1.0,0.0065571344,normal_replay,FoldBalanced-Gap
RUN_122,TRIAD_041,A14_FoldBalanced-Gap_B3000,R1,1385197443,987373371,1362,Det/images/normal_train/00631176.png,0,08,easy_clean,0.0305951612,1.0,0.0430306049,normal_replay,FoldBalanced-Gap
RUN_122,TRIAD_041,A14_FoldBalanced-Gap_B3000,R1,1385197443,987373371,1363,Det/images/normal_train/00991079.png,0,00,easy_clean,0.0399191364,1.0,0.0397955171,normal_replay,FoldBalanced-Gap
RUN_122,TRIAD_041,A14_FoldBalanced-Gap_B3000,R1,1385197443,987373371,1364,Det/images/normal_train/00928679.png,0,03,easy_clean,0.017623252,1.0,0.0410999684,normal_replay,FoldBalanced-Gap
RUN_122,TRIAD_041,A14_FoldBalanced-Gap_B3000,R1,1385197443,987373371,1365,Det/images/normal_train/00325220.png,0,00,easy_clean,0.0046695535,1.0,0.0049977577,normal_replay,FoldBalanced-Gap
RUN_122,TRIAD_041,A14_FoldBalanced-Gap_B3000,R1,1385197443,987373371,1366,Det/images/normal_train/00875476.png,0,06,easy_clean,0.0070615401,1.0,0.0075252084,normal_replay,FoldBalanced-Gap
RUN_122,TRIAD_041,A14_FoldBalanced-Gap_B3000,R1,1385197443,987373371,1367,Det/images/normal_train/01211666.png,0,04,easy_clean,0.0273313136,1.0,0.0302054086,normal_replay,FoldBalanced-Gap
RUN_122,TRIAD_041,A14_FoldBalanced-Gap_B3000,R1,1385197443,987373371,1368,Det/images/normal_train/00900625.png,0,07,easy_clean,0.0191622774,1.0,0.0245949459,normal_replay,FoldBalanced-Gap
RUN_122,TRIAD_041,A14_FoldBalanced-Gap_B3000,R1,1385197443,987373371,1369,Det/images/normal_train/01088754.png,0,00,ordinary,0.4375276037,0.735,0.2617615254,normal_replay,FoldBalanced-Gap
RUN_122,TRIAD_041,A14_FoldBalanced-Gap_B3000,R1,1385197443,987373371,1370,Det/images/normal_train/00587804.png,0,00,easy_clean,0.0077297018,1.0,0.008583097,normal_replay,FoldBalanced-Gap
RUN_122,TRIAD_041,A14_FoldBalanced-Gap_B3000,R1,1385197443,987373371,1371,Det/images/normal_train/00971844.png,0,02,easy_clean,0.0439094321,1.0,0.0463907113,normal_replay,FoldBalanced-Gap
RUN_122,TRIAD_041,A14_FoldBalanced-Gap_B3000,R1,1385197443,987373371,1372,Det/images/normal_train/00372359.png,0,05,easy_clean,0.0190671944,1.0,0.0256109517,normal_replay,FoldBalanced-Gap
RUN_122,TRIAD_041,A14_FoldBalanced-Gap_B3000,R1,1385197443,987373371,1373,Det/images/normal_train/01070419.png,0,06,easy_clean,0.0284342467,1.0,0.0251762563,normal_replay,FoldBalanced-Gap
RUN_122,TRIAD_041,A14_FoldBalanced-Gap_B3000,R1,1385197443,987373371,1374,Det/images/normal_train/01167228.png,0,01,ordinary,0.299077555,0.755,0.3191003234,normal_replay,FoldBalanced-Gap
RUN_122,TRIAD_041,A14_FoldBalanced-Gap_B3000,R1,1385197443,987373371,1375,Det/images/normal_train/00768303.png,0,08,easy_clean,0.0019371354,1.0,0.0183566972,normal_replay,FoldBalanced-Gap
RUN_122,TRIAD_041,A14_FoldBalanced-Gap_B3000,R1,1385197443,987373371,1376,Det/images/normal_train/00530201.png,0,01,easy_clean,4.8532e-05,1.0,8.47285e-05,normal_replay,FoldBalanced-Gap
RUN_122,TRIAD_041,A14_FoldBalanced-Gap_B3000,R1,1385197443,987373371,1377,Det/images/normal_train/00516759.png,0,04,easy_clean,0.0172113003,1.0,0.0229143296,normal_replay,FoldBalanced-Gap
RUN_122,TRIAD_041,A14_FoldBalanced-Gap_B3000,R1,1385197443,987373371,1378,Det/images/normal_train/00392543.png,0,08,easy_clean,0.0089508205,1.0,0.0112060472,normal_replay,FoldBalanced-Gap
RUN_122,TRIAD_041,A14_FoldBalanced-Gap_B3000,R1,1385197443,987373371,1379,Det/images/normal_train/01202892.png,0,08,easy_clean,0.0106573361,1.0,0.0173739355,normal_replay,FoldBalanced-Gap
RUN_122,TRIAD_041,A14_FoldBalanced-Gap_B3000,R1,1385197443,987373371,1380,Det/images/normal_train/00924992.png,0,07,easy_clean,0.0025578852,1.0,0.0046475644,normal_replay,FoldBalanced-Gap
RUN_122,TRIAD_041,A14_FoldBalanced-Gap_B3000,R1,1385197443,987373371,1381,Det/images/normal_train/00612595.png,0,04,easy_clean,0.0051827335,1.0,0.0044716067,normal_replay,FoldBalanced-Gap
RUN_122,TRIAD_041,A14_FoldBalanced-Gap_B3000,R1,1385197443,987373371,1382,Det/images/normal_train/00164844.png,0,06,easy_clean,0.0513539742,1.0,0.0474983282,normal_replay,FoldBalanced-Gap
RUN_122,TRIAD_041,A14_FoldBalanced-Gap_B3000,R1,1385197443,987373371,1383,Det/images/normal_train/00360620.png,0,08,easy_clean,0.0143009221,1.0,0.024307019,normal_replay,FoldBalanced-Gap
RUN_122,TRIAD_041,A14_FoldBalanced-Gap_B3000,R1,1385197443,987373371,1384,Det/images/normal_train/00313123.png,0,01,easy_clean,0.0008733291,1.0,0.0037711467,normal_replay,FoldBalanced-Gap
RUN_122,TRIAD_041,A14_FoldBalanced-Gap_B3000,R1,1385197443,987373371,1385,Det/images/normal_train/01047648.png,0,07,easy_clean,0.0319398376,1.0,0.0348262356,normal_replay,FoldBalanced-Gap
RUN_122,TRIAD_041,A14_FoldBalanced-Gap_B3000,R1,1385197443,987373371,1386,Det/images/normal_train/00576499.png,0,04,easy_clean,0.0011285781,1.0,0.0021462732,normal_replay,FoldBalanced-Gap
RUN_122,TRIAD_041,A14_FoldBalanced-Gap_B3000,R1,1385197443,987373371,1387,Det/images/normal_train/00550603.png,0,08,easy_clean,0.011289948,1.0,0.0246421823,normal_replay,FoldBalanced-Gap
RUN_122,TRIAD_041,A14_FoldBalanced-Gap_B3000,R1,1385197443,987373371,1388,Det/images/normal_train/00330933.png,0,00,easy_clean,0.0078796613,1.0,0.012072893,normal_replay,FoldBalanced-Gap
RUN_122,TRIAD_041,A14_FoldBalanced-Gap_B3000,R1,1385197443,987373371,1389,Det/images/normal_train/01086204.png,0,04,learnable_hard,0.0978707469,0.98,0.0957265765,normal_replay,FoldBalanced-Gap
RUN_122,TRIAD_041,A14_FoldBalanced-Gap_B3000,R1,1385197443,987373371,1390,Det/images/normal_train/00255199.png,0,08,easy_clean,0.0600137161,1.0,0.0521358734,normal_replay,FoldBalanced-Gap
RUN_122,TRIAD_041,A14_FoldBalanced-Gap_B3000,R1,1385197443,987373371,1391,Det/images/normal_train/00180397.png,0,08,easy_clean,0.0080813403,1.0,0.0208240316,normal_replay,FoldBalanced-Gap
RUN_122,TRIAD_041,A14_FoldBalanced-Gap_B3000,R1,1385197443,987373371,1392,Det/images/normal_train/01223178.png,0,03,ordinary,0.1269698223,1.0,0.0715619975,normal_replay,FoldBalanced-Gap
RUN_122,TRIAD_041,A14_FoldBalanced-Gap_B3000,R1,1385197443,987373371,1393,Det/images/normal_train/00191543.png,0,08,unstable_boundary,0.5608757874,0.385,0.1685319988,normal_replay,FoldBalanced-Gap
RUN_122,TRIAD_041,A14_FoldBalanced-Gap_B3000,R1,1385197443,987373371,1394,Det/images/normal_train/00642156.png,0,01,unstable_boundary,0.5075688789,0.59,0.1467889834,normal_replay,FoldBalanced-Gap
RUN_122,TRIAD_041,A14_FoldBalanced-Gap_B3000,R1,1385197443,987373371,1395,Det/images/normal_train/00783721.png,0,01,easy_clean,0.088079336,1.0,0.0986669107,normal_replay,FoldBalanced-Gap
RUN_122,TRIAD_041,A14_FoldBalanced-Gap_B3000,R1,1385197443,987373371,1396,Det/images/normal_train/00647255.png,0,01,ordinary,0.1846214264,0.895,0.2111589972,normal_replay,FoldBalanced-Gap
RUN_122,TRIAD_041,A14_FoldBalanced-Gap_B3000,R1,1385197443,987373371,1397,Det/images/normal_train/00586986.png,0,01,easy_clean,0.0129571703,1.0,0.0145023412,normal_replay,FoldBalanced-Gap
RUN_122,TRIAD_041,A14_FoldBalanced-Gap_B3000,R1,1385197443,987373371,1398,Det/images/normal_train/00261710.png,0,00,easy_clean,0.0003090601,1.0,0.0004372741,normal_replay,FoldBalanced-Gap
RUN_122,TRIAD_041,A14_FoldBalanced-Gap_B3000,R1,1385197443,987373371,1399,Det/images/normal_train/01006543.png,0,05,easy_clean,0.0613397939,0.995,0.0933629092,normal_replay,FoldBalanced-Gap
RUN_122,TRIAD_041,A14_FoldBalanced-Gap_B3000,R1,1385197443,987373371,1400,Det/images/normal_train/01291119.png,0,07,easy_clean,0.000967002,1.0,0.0016799107,normal_replay,FoldBalanced-Gap
RUN_122,TRIAD_041,A14_FoldBalanced-Gap_B3000,R1,1385197443,987373371,1401,Det/images/normal_train/00186711.png,0,01,easy_clean,0.0014365562,1.0,0.0020086668,normal_replay,FoldBalanced-Gap
RUN_122,TRIAD_041,A14_FoldBalanced-Gap_B3000,R1,1385197443,987373371,1402,Det/images/normal_train/00798248.png,0,03,easy_clean,0.0069885691,1.0,0.0101050905,normal_replay,FoldBalanced-Gap
RUN_122,TRIAD_041,A14_FoldBalanced-Gap_B3000,R1,1385197443,987373371,1403,Det/images/normal_train/00316645.png,0,01,easy_clean,0.0375758446,1.0,0.0402371858,normal_replay,FoldBalanced-Gap
RUN_122,TRIAD_041,A14_FoldBalanced-Gap_B3000,R1,1385197443,987373371,1404,Det/images/normal_train/01216953.png,0,01,easy_clean,0.0215409667,1.0,0.0175889236,normal_replay,FoldBalanced-Gap
RUN_122,TRIAD_041,A14_FoldBalanced-Gap_B3000,R1,1385197443,987373371,1405,Det/images/normal_train/00768271.png,0,08,easy_clean,0.0008631961,1.0,0.0076584997,normal_replay,FoldBalanced-Gap
RUN_122,TRIAD_041,A14_FoldBalanced-Gap_B3000,R1,1385197443,987373371,1406,Det/images/normal_train/00249701.png,0,09,easy_clean,0.0027600776,1.0,0.0045237033,normal_replay,FoldBalanced-Gap
RUN_122,TRIAD_041,A14_FoldBalanced-Gap_B3000,R1,1385197443,987373371,1407,Det/images/normal_train/00343743.png,0,02,easy_clean,0.0071832921,1.0,0.0056068548,normal_replay,FoldBalanced-Gap
RUN_122,TRIAD_041,A14_FoldBalanced-Gap_B3000,R1,1385197443,987373371,1408,Det/images/normal_train/01024757.png,0,01,easy_clean,0.0031195193,1.0,0.0056219007,normal_replay,FoldBalanced-Gap
RUN_122,TRIAD_041,A14_FoldBalanced-Gap_B3000,R1,1385197443,987373371,1409,Det/images/normal_train/01072844.png,0,03,easy_clean,0.004600984,1.0,0.0240234112,normal_replay,FoldBalanced-Gap
RUN_122,TRIAD_041,A14_FoldBalanced-Gap_B3000,R1,1385197443,987373371,1410,Det/images/normal_train/00254365.png,0,03,easy_clean,0.0024025809,1.0,0.0045306741,normal_replay,FoldBalanced-Gap
RUN_122,TRIAD_041,A14_FoldBalanced-Gap_B3000,R1,1385197443,987373371,1411,Det/images/normal_train/00918049.png,0,01,easy_clean,0.0693281458,0.995,0.0798299312,normal_replay,FoldBalanced-Gap
RUN_122,TRIAD_041,A14_FoldBalanced-Gap_B3000,R1,1385197443,987373371,1412,Det/images/normal_train/00813427.png,0,03,easy_clean,0.016876702,1.0,0.0290658147,normal_replay,FoldBalanced-Gap
RUN_122,TRIAD_041,A14_FoldBalanced-Gap_B3000,R1,1385197443,987373371,1413,Det/images/normal_train/00927598.png,0,09,persistent_hard,0.6006527099,0.46,0.2247224908,normal_replay,FoldBalanced-Gap
RUN_122,TRIAD_041,A14_FoldBalanced-Gap_B3000,R1,1385197443,987373371,1414,Det/images/normal_train/00548460.png,0,00,learnable_hard,0.0918008779,0.99,0.1031834599,normal_replay,FoldBalanced-Gap
RUN_122,TRIAD_041,A14_FoldBalanced-Gap_B3000,R1,1385197443,987373371,1415,Det/images/normal_train/00938750.png,0,08,easy_clean,0.0139811494,1.0,0.0267508715,normal_replay,FoldBalanced-Gap
RUN_122,TRIAD_041,A14_FoldBalanced-Gap_B3000,R1,1385197443,987373371,1416,Det/images/normal_train/00794413.png,0,08,easy_clean,0.0036474606,1.0,0.005433681,normal_replay,FoldBalanced-Gap
RUN_122,TRIAD_041,A14_FoldBalanced-Gap_B3000,R1,1385197443,987373371,1417,Det/images/normal_train/00842298.png,0,06,easy_clean,0.0081382504,1.0,0.0254230111,normal_replay,FoldBalanced-Gap
RUN_122,TRIAD_041,A14_FoldBalanced-Gap_B3000,R1,1385197443,987373371,1418,Det/images/normal_train/01064242.png,0,06,learnable_hard,0.046689543,0.995,0.0590675551,normal_replay,FoldBalanced-Gap
RUN_122,TRIAD_041,A14_FoldBalanced-Gap_B3000,R1,1385197443,987373371,1419,Det/images/normal_train/00518558.png,0,09,easy_clean,0.0593676771,1.0,0.053981483,normal_replay,FoldBalanced-Gap
RUN_122,TRIAD_041,A14_FoldBalanced-Gap_B3000,R1,1385197443,987373371,1420,Det/images/normal_train/00189429.png,0,02,easy_clean,0.0004959034,1.0,0.0009957283,normal_replay,FoldBalanced-Gap
RUN_122,TRIAD_041,A14_FoldBalanced-Gap_B3000,R1,1385197443,987373371,1421,Det/images/normal_train/01260324.png,0,05,easy_clean,0.0427829534,1.0,0.0370884127,normal_replay,FoldBalanced-Gap
RUN_122,TRIAD_041,A14_FoldBalanced-Gap_B3000,R1,1385197443,987373371,1422,Det/images/normal_train/00196404.png,0,03,easy_clean,0.0104920884,1.0,0.0353410035,normal_replay,FoldBalanced-Gap
RUN_122,TRIAD_041,A14_FoldBalanced-Gap_B3000,R1,1385197443,987373371,1423,Det/images/normal_train/00758663.png,0,04,easy_clean,0.001017813,1.0,0.0053339907,normal_replay,FoldBalanced-Gap
RUN_122,TRIAD_041,A14_FoldBalanced-Gap_B3000,R1,1385197443,987373371,1424,Det/images/normal_train/01069266.png,0,09,ordinary,0.1050023796,1.0,0.0343227292,normal_replay,FoldBalanced-Gap
RUN_122,TRIAD_041,A14_FoldBalanced-Gap_B3000,R1,1385197443,987373371,1425,Det/images/normal_train/00339245.png,0,09,easy_clean,0.0130049988,1.0,0.0163973794,normal_replay,FoldBalanced-Gap
RUN_122,TRIAD_041,A14_FoldBalanced-Gap_B3000,R1,1385197443,987373371,1426,Det/images/normal_train/00208142.png,0,01,persistent_hard,0.6449493009,0.18,0.1424890484,normal_replay,FoldBalanced-Gap
RUN_122,TRIAD_041,A14_FoldBalanced-Gap_B3000,R1,1385197443,987373371,1427,Det/images/normal_train/00980222.png,0,01,easy_clean,0.0166109636,1.0,0.0328736141,normal_replay,FoldBalanced-Gap
RUN_122,TRIAD_041,A14_FoldBalanced-Gap_B3000,R1,1385197443,987373371,1428,Det/images/normal_train/01242805.png,0,02,easy_clean,0.003492584,1.0,0.0063101888,normal_replay,FoldBalanced-Gap
RUN_122,TRIAD_041,A14_FoldBalanced-Gap_B3000,R1,1385197443,987373371,1429,Det/images/normal_train/00266069.png,0,01,easy_clean,0.0005137745,1.0,0.0009281962,normal_replay,FoldBalanced-Gap
RUN_122,TRIAD_041,A14_FoldBalanced-Gap_B3000,R1,1385197443,987373371,1430,Det/images/normal_train/00847429.png,0,04,easy_clean,0.0027695228,1.0,0.0103588446,normal_replay,FoldBalanced-Gap
RUN_122,TRIAD_041,A14_FoldBalanced-Gap_B3000,R1,1385197443,987373371,1431,Det/images/normal_train/00164264.png,0,06,easy_clean,0.0600804468,1.0,0.045288917,normal_replay,FoldBalanced-Gap
RUN_122,TRIAD_041,A14_FoldBalanced-Gap_B3000,R1,1385197443,987373371,1432,Det/images/normal_train/01008984.png,0,07,easy_clean,0.0076285676,1.0,0.0234605948,normal_replay,FoldBalanced-Gap
RUN_122,TRIAD_041,A14_FoldBalanced-Gap_B3000,R1,1385197443,987373371,1433,Det/images/normal_train/00682022.png,0,00,easy_clean,0.0295979207,1.0,0.0237324759,normal_replay,FoldBalanced-Gap
RUN_122,TRIAD_041,A14_FoldBalanced-Gap_B3000,R1,1385197443,987373371,1434,Det/images/normal_train/00327413.png,0,06,easy_clean,0.0115127863,1.0,0.0226968133,normal_replay,FoldBalanced-Gap
RUN_122,TRIAD_041,A14_FoldBalanced-Gap_B3000,R1,1385197443,987373371,1435,Det/images/normal_train/00843280.png,0,06,easy_clean,0.004188704,1.0,0.0073051076,normal_replay,FoldBalanced-Gap
RUN_122,TRIAD_041,A14_FoldBalanced-Gap_B3000,R1,1385197443,987373371,1436,Det/images/normal_train/00218425.png,0,09,easy_clean,0.0017050431,1.0,0.003099034,normal_replay,FoldBalanced-Gap
RUN_122,TRIAD_041,A14_FoldBalanced-Gap_B3000,R1,1385197443,987373371,1437,Det/images/normal_train/00794473.png,0,08,easy_clean,0.0109337857,1.0,0.029353901,normal_replay,FoldBalanced-Gap
RUN_122,TRIAD_041,A14_FoldBalanced-Gap_B3000,R1,1385197443,987373371,1438,Det/images/normal_train/00594840.png,0,06,learnable_hard,0.0405241533,0.99,0.0809369971,normal_replay,FoldBalanced-Gap
RUN_122,TRIAD_041,A14_FoldBalanced-Gap_B3000,R1,1385197443,987373371,1439,Det/images/normal_train/00541582.png,0,08,easy_clean,0.0874652616,1.0,0.0498677384,normal_replay,FoldBalanced-Gap
RUN_122,TRIAD_041,A14_FoldBalanced-Gap_B3000,R1,1385197443,987373371,1440,Det/images/normal_train/00997264.png,0,08,easy_clean,0.0107294715,1.0,0.0187270416,normal_replay,FoldBalanced-Gap
RUN_122,TRIAD_041,A14_FoldBalanced-Gap_B3000,R1,1385197443,987373371,1441,Det/images/normal_train/01072232.png,0,03,easy_clean,0.0717033283,1.0,0.0673641442,normal_replay,FoldBalanced-Gap
RUN_122,TRIAD_041,A14_FoldBalanced-Gap_B3000,R1,1385197443,987373371,1442,Det/images/normal_train/01275324.png,0,06,easy_clean,0.0220777514,1.0,0.0221736169,normal_replay,FoldBalanced-Gap
RUN_122,TRIAD_041,A14_FoldBalanced-Gap_B3000,R1,1385197443,987373371,1443,Det/images/normal_train/00974383.png,0,05,easy_clean,0.0023815555,1.0,0.0037200949,normal_replay,FoldBalanced-Gap
RUN_122,TRIAD_041,A14_FoldBalanced-Gap_B3000,R1,1385197443,987373371,1444,Det/images/normal_train/01062724.png,0,08,easy_clean,0.0119761848,1.0,0.0235473119,normal_replay,FoldBalanced-Gap
RUN_122,TRIAD_041,A14_FoldBalanced-Gap_B3000,R1,1385197443,987373371,1445,Det/images/normal_train/00738631.png,0,02,easy_clean,0.0046125227,1.0,0.0066203103,normal_replay,FoldBalanced-Gap
RUN_122,TRIAD_041,A14_FoldBalanced-Gap_B3000,R1,1385197443,987373371,1446,Det/images/normal_train/00921882.png,0,02,easy_clean,0.0041408854,1.0,0.0169405873,normal_replay,FoldBalanced-Gap
RUN_122,TRIAD_041,A14_FoldBalanced-Gap_B3000,R1,1385197443,987373371,1447,Det/images/normal_train/00874017.png,0,06,easy_clean,0.0131243484,1.0,0.0261162971,normal_replay,FoldBalanced-Gap
RUN_122,TRIAD_041,A14_FoldBalanced-Gap_B3000,R1,1385197443,987373371,1448,Det/images/normal_train/00494286.png,0,05,easy_clean,0.0181887505,1.0,0.0215119379,normal_replay,FoldBalanced-Gap
RUN_122,TRIAD_041,A14_FoldBalanced-Gap_B3000,R1,1385197443,987373371,1449,Det/images/normal_train/00884094.png,0,09,easy_clean,0.0054865497,1.0,0.0234218601,normal_replay,FoldBalanced-Gap
RUN_122,TRIAD_041,A14_FoldBalanced-Gap_B3000,R1,1385197443,987373371,1450,Det/images/normal_train/01081680.png,0,04,easy_clean,0.0347044911,1.0,0.0312778398,normal_replay,FoldBalanced-Gap
RUN_122,TRIAD_041,A14_FoldBalanced-Gap_B3000,R1,1385197443,987373371,1451,Det/images/normal_train/00211072.png,0,06,easy_clean,0.0067424979,1.0,0.0082474012,normal_replay,FoldBalanced-Gap
RUN_122,TRIAD_041,A14_FoldBalanced-Gap_B3000,R1,1385197443,987373371,1452,Det/images/normal_train/00476966.png,0,09,easy_clean,0.0045345388,1.0,0.0063264255,normal_replay,FoldBalanced-Gap
RUN_122,TRIAD_041,A14_FoldBalanced-Gap_B3000,R1,1385197443,987373371,1453,Det/images/normal_train/00247388.png,0,01,easy_clean,0.0131784519,1.0,0.0471971886,normal_replay,FoldBalanced-Gap
RUN_122,TRIAD_041,A14_FoldBalanced-Gap_B3000,R1,1385197443,987373371,1454,Det/images/normal_train/01286128.png,0,00,ordinary,0.233735184,1.0,0.0819129641,normal_replay,FoldBalanced-Gap
RUN_122,TRIAD_041,A14_FoldBalanced-Gap_B3000,R1,1385197443,987373371,1455,Det/images/normal_train/01153462.png,0,02,easy_clean,0.020915448,1.0,0.0269100483,normal_replay,FoldBalanced-Gap
RUN_122,TRIAD_041,A14_FoldBalanced-Gap_B3000,R1,1385197443,987373371,1456,Det/images/normal_train/00838790.png,0,05,easy_clean,0.0012221996,1.0,0.0017445644,normal_replay,FoldBalanced-Gap
RUN_122,TRIAD_041,A14_FoldBalanced-Gap_B3000,R1,1385197443,987373371,1457,Det/images/normal_train/01295945.png,0,04,easy_clean,0.0534178934,1.0,0.040724688,normal_replay,FoldBalanced-Gap
RUN_122,TRIAD_041,A14_FoldBalanced-Gap_B3000,R1,1385197443,987373371,1458,Det/images/normal_train/00242960.png,0,01,easy_clean,0.0062688538,1.0,0.0165452907,normal_replay,FoldBalanced-Gap
RUN_122,TRIAD_041,A14_FoldBalanced-Gap_B3000,R1,1385197443,987373371,1459,Det/images/normal_train/01117289.png,0,07,easy_clean,0.0283656285,1.0,0.0302483332,normal_replay,FoldBalanced-Gap
RUN_122,TRIAD_041,A14_FoldBalanced-Gap_B3000,R1,1385197443,987373371,1460,Det/images/normal_train/00536561.png,0,02,easy_clean,0.0009158061,1.0,0.0013761697,normal_replay,FoldBalanced-Gap
RUN_122,TRIAD_041,A14_FoldBalanced-Gap_B3000,R1,1385197443,987373371,1461,Det/images/normal_train/00528030.png,0,04,easy_clean,0.0088475274,1.0,0.0097481482,normal_replay,FoldBalanced-Gap
RUN_122,TRIAD_041,A14_FoldBalanced-Gap_B3000,R1,1385197443,987373371,1462,Det/images/normal_train/01143233.png,0,08,easy_clean,0.0057711838,1.0,0.0058450433,normal_replay,FoldBalanced-Gap
RUN_122,TRIAD_041,A14_FoldBalanced-Gap_B3000,R1,1385197443,987373371,1463,Det/images/normal_train/00200267.png,0,02,learnable_hard,0.8069789997,0.03,0.1203736406,normal_replay,FoldBalanced-Gap
RUN_122,TRIAD_041,A14_FoldBalanced-Gap_B3000,R1,1385197443,987373371,1464,Det/images/normal_train/01179263.png,0,07,easy_clean,0.0390741359,1.0,0.04109772,normal_replay,FoldBalanced-Gap
RUN_122,TRIAD_041,A14_FoldBalanced-Gap_B3000,R1,1385197443,987373371,1465,Det/images/normal_train/00188109.png,0,06,learnable_hard,0.052187022,0.975,0.1007795824,normal_replay,FoldBalanced-Gap
RUN_122,TRIAD_041,A14_FoldBalanced-Gap_B3000,R1,1385197443,987373371,1466,Det/images/normal_train/00219112.png,0,09,easy_clean,0.0009009157,1.0,0.0011965845,normal_replay,FoldBalanced-Gap
RUN_122,TRIAD_041,A14_FoldBalanced-Gap_B3000,R1,1385197443,987373371,1467,Det/images/normal_train/00310870.png,0,05,ordinary,0.1182286273,1.0,0.0498870927,normal_replay,FoldBalanced-Gap
RUN_122,TRIAD_041,A14_FoldBalanced-Gap_B3000,R1,1385197443,987373371,1468,Det/images/normal_train/00334348.png,0,06,easy_clean,0.0122633627,1.0,0.0120642794,normal_replay,FoldBalanced-Gap
RUN_122,TRIAD_041,A14_FoldBalanced-Gap_B3000,R1,1385197443,987373371,1469,Det/images/normal_train/01233376.png,0,09,easy_clean,0.0068756056,1.0,0.011150426,normal_replay,FoldBalanced-Gap
RUN_122,TRIAD_041,A14_FoldBalanced-Gap_B3000,R1,1385197443,987373371,1470,Det/images/normal_train/01277357.png,0,07,easy_clean,0.0643596476,1.0,0.0601880408,normal_replay,FoldBalanced-Gap
RUN_122,TRIAD_041,A14_FoldBalanced-Gap_B3000,R1,1385197443,987373371,1471,Det/images/normal_train/00910903.png,0,05,learnable_hard,0.1777919293,0.995,0.083767618,normal_replay,FoldBalanced-Gap
RUN_122,TRIAD_041,A14_FoldBalanced-Gap_B3000,R1,1385197443,987373371,1472,Det/images/normal_train/01150683.png,0,04,easy_clean,0.0066102668,1.0,0.0079416914,normal_replay,FoldBalanced-Gap
RUN_122,TRIAD_041,A14_FoldBalanced-Gap_B3000,R1,1385197443,987373371,1473,Det/images/normal_train/01274367.png,0,08,easy_clean,0.0406942378,1.0,0.0539728107,normal_replay,FoldBalanced-Gap
RUN_122,TRIAD_041,A14_FoldBalanced-Gap_B3000,R1,1385197443,987373371,1474,Det/images/normal_train/01084752.png,0,01,ordinary,0.1075121553,1.0,0.0522018893,normal_replay,FoldBalanced-Gap
RUN_122,TRIAD_041,A14_FoldBalanced-Gap_B3000,R1,1385197443,987373371,1475,Det/images/normal_train/00290110.png,0,00,easy_clean,0.0051823626,1.0,0.0050933508,normal_replay,FoldBalanced-Gap
RUN_122,TRIAD_041,A14_FoldBalanced-Gap_B3000,R1,1385197443,987373371,1476,Det/images/normal_train/00512774.png,0,05,easy_clean,0.0031382315,1.0,0.0048080261,normal_replay,FoldBalanced-Gap
RUN_122,TRIAD_041,A14_FoldBalanced-Gap_B3000,R1,1385197443,987373371,1477,Det/images/normal_train/00727939.png,0,04,easy_clean,0.0049469438,1.0,0.0084360024,normal_replay,FoldBalanced-Gap
RUN_122,TRIAD_041,A14_FoldBalanced-Gap_B3000,R1,1385197443,987373371,1478,Det/images/normal_train/00564220.png,0,04,easy_clean,0.0025525433,1.0,0.0038757589,normal_replay,FoldBalanced-Gap
RUN_122,TRIAD_041,A14_FoldBalanced-Gap_B3000,R1,1385197443,987373371,1479,Det/images/normal_train/01196768.png,0,06,easy_clean,0.0400843354,1.0,0.0340249581,normal_replay,FoldBalanced-Gap
RUN_122,TRIAD_041,A14_FoldBalanced-Gap_B3000,R1,1385197443,987373371,1480,Det/images/normal_train/01233393.png,0,09,easy_clean,0.0055240093,1.0,0.0080987776,normal_replay,FoldBalanced-Gap
RUN_122,TRIAD_041,A14_FoldBalanced-Gap_B3000,R1,1385197443,987373371,1481,Det/images/normal_train/00475998.png,0,05,easy_clean,0.0054938838,1.0,0.0059019447,normal_replay,FoldBalanced-Gap
RUN_122,TRIAD_041,A14_FoldBalanced-Gap_B3000,R1,1385197443,987373371,1482,Det/images/normal_train/00996232.png,0,04,easy_clean,0.0035431772,1.0,0.0122275652,normal_replay,FoldBalanced-Gap
RUN_122,TRIAD_041,A14_FoldBalanced-Gap_B3000,R1,1385197443,987373371,1483,Det/images/normal_train/01196297.png,0,06,easy_clean,0.0338433028,0.995,0.0467098027,normal_replay,FoldBalanced-Gap
RUN_122,TRIAD_041,A14_FoldBalanced-Gap_B3000,R1,1385197443,987373371,1484,Det/images/normal_train/00379737.png,0,02,easy_clean,0.0015179914,1.0,0.0027512493,normal_replay,FoldBalanced-Gap
RUN_122,TRIAD_041,A14_FoldBalanced-Gap_B3000,R1,1385197443,987373371,1485,Det/images/normal_train/00996714.png,0,04,learnable_hard,0.0573125642,0.995,0.0616446852,normal_replay,FoldBalanced-Gap
RUN_122,TRIAD_041,A14_FoldBalanced-Gap_B3000,R1,1385197443,987373371,1486,Det/images/normal_train/00760632.png,0,04,learnable_hard,0.1289619632,0.985,0.136724868,normal_replay,FoldBalanced-Gap
RUN_122,TRIAD_041,A14_FoldBalanced-Gap_B3000,R1,1385197443,987373371,1487,Det/images/normal_train/00847189.png,0,04,easy_clean,0.0038921479,1.0,0.0064777273,normal_replay,FoldBalanced-Gap
RUN_122,TRIAD_041,A14_FoldBalanced-Gap_B3000,R1,1385197443,987373371,1488,Det/images/normal_train/00371336.png,0,00,easy_clean,0.0004239553,1.0,0.0006867843,normal_replay,FoldBalanced-Gap
RUN_122,TRIAD_041,A14_FoldBalanced-Gap_B3000,R1,1385197443,987373371,1489,Det/images/normal_train/00682552.png,0,00,easy_clean,0.0058822245,1.0,0.013111959,normal_replay,FoldBalanced-Gap
RUN_122,TRIAD_041,A14_FoldBalanced-Gap_B3000,R1,1385197443,987373371,1490,Det/images/normal_train/00991317.png,0,00,easy_clean,0.0227976034,1.0,0.0276688115,normal_replay,FoldBalanced-Gap
RUN_122,TRIAD_041,A14_FoldBalanced-Gap_B3000,R1,1385197443,987373371,1491,Det/images/normal_train/00738438.png,0,02,easy_clean,0.0059139449,1.0,0.0066401166,normal_replay,FoldBalanced-Gap
RUN_122,TRIAD_041,A14_FoldBalanced-Gap_B3000,R1,1385197443,987373371,1492,Det/images/normal_train/00796102.png,0,04,easy_clean,0.00457164,1.0,0.0055950385,normal_replay,FoldBalanced-Gap
RUN_122,TRIAD_041,A14_FoldBalanced-Gap_B3000,R1,1385197443,987373371,1493,Det/images/normal_train/00867413.png,0,05,unstable_boundary,0.3814751011,0.805,0.1168588598,normal_replay,FoldBalanced-Gap
RUN_122,TRIAD_041,A14_FoldBalanced-Gap_B3000,R1,1385197443,987373371,1494,Det/images/normal_train/01022398.png,0,03,learnable_hard,0.0201393741,0.995,0.0476296633,normal_replay,FoldBalanced-Gap
RUN_122,TRIAD_041,A14_FoldBalanced-Gap_B3000,R1,1385197443,987373371,1495,Det/images/normal_train/00246539.png,0,08,easy_clean,0.0009142954,1.0,0.001994917,normal_replay,FoldBalanced-Gap
RUN_122,TRIAD_041,A14_FoldBalanced-Gap_B3000,R1,1385197443,987373371,1496,Det/images/normal_train/00850539.png,0,07,easy_clean,0.0005401117,1.0,0.0007860221,normal_replay,FoldBalanced-Gap
RUN_122,TRIAD_041,A14_FoldBalanced-Gap_B3000,R1,1385197443,987373371,1497,Det/images/normal_train/00695564.png,0,03,easy_clean,0.0028907202,1.0,0.0088716935,normal_replay,FoldBalanced-Gap
RUN_122,TRIAD_041,A14_FoldBalanced-Gap_B3000,R1,1385197443,987373371,1498,Det/images/normal_train/00821826.png,0,06,easy_clean,0.000791722,1.0,0.0011164348,normal_replay,FoldBalanced-Gap
RUN_122,TRIAD_041,A14_FoldBalanced-Gap_B3000,R1,1385197443,987373371,1499,Det/images/normal_train/00838795.png,0,05,easy_clean,0.0007116958,1.0,0.0012986269,normal_replay,FoldBalanced-Gap
RUN_122,TRIAD_041,A14_FoldBalanced-Gap_B3000,R1,1385197443,987373371,1500,Det/images/normal_train/01126262.png,0,06,easy_clean,0.0522990679,1.0,0.0715391432,normal_replay,FoldBalanced-Gap
RUN_122,TRIAD_041,A14_FoldBalanced-Gap_B3000,R1,1385197443,987373371,1501,Det/images/normal_train/01139184.png,0,05,easy_clean,0.0053124784,1.0,0.003492349,normal_replay,FoldBalanced-Gap
RUN_122,TRIAD_041,A14_FoldBalanced-Gap_B3000,R1,1385197443,987373371,1502,Det/images/normal_train/00589243.png,0,03,easy_clean,0.0023608515,1.0,0.0220767174,normal_replay,FoldBalanced-Gap
RUN_122,TRIAD_041,A14_FoldBalanced-Gap_B3000,R1,1385197443,987373371,1503,Det/images/normal_train/00479816.png,0,03,easy_clean,0.0014059779,1.0,0.0027210115,normal_replay,FoldBalanced-Gap
RUN_122,TRIAD_041,A14_FoldBalanced-Gap_B3000,R1,1385197443,987373371,1504,Det/images/normal_train/00974896.png,0,05,unstable_boundary,0.5891837937,0.225,0.1252821789,normal_replay,FoldBalanced-Gap
RUN_122,TRIAD_041,A14_FoldBalanced-Gap_B3000,R1,1385197443,987373371,1505,Det/images/normal_train/01291147.png,0,07,learnable_hard,0.0767272025,0.995,0.074494624,normal_replay,FoldBalanced-Gap
RUN_122,TRIAD_041,A14_FoldBalanced-Gap_B3000,R1,1385197443,987373371,1506,Det/images/normal_train/00503151.png,0,03,easy_clean,0.0316118863,1.0,0.0320621854,normal_replay,FoldBalanced-Gap
RUN_122,TRIAD_041,A14_FoldBalanced-Gap_B3000,R1,1385197443,987373371,1507,Det/images/normal_train/01147254.png,0,07,easy_clean,0.0065338599,1.0,0.0106605158,normal_replay,FoldBalanced-Gap
RUN_122,TRIAD_041,A14_FoldBalanced-Gap_B3000,R1,1385197443,987373371,1508,Det/images/normal_train/00268015.png,0,03,easy_clean,0.0008971568,1.0,0.0034569525,normal_replay,FoldBalanced-Gap
RUN_122,TRIAD_041,A14_FoldBalanced-Gap_B3000,R1,1385197443,987373371,1509,Det/images/normal_train/01040125.png,0,06,learnable_hard,0.1396763055,0.995,0.0555061217,normal_replay,FoldBalanced-Gap
RUN_122,TRIAD_041,A14_FoldBalanced-Gap_B3000,R1,1385197443,987373371,1510,Det/images/normal_train/00267778.png,0,07,easy_clean,0.0008223552,1.0,0.0014220621,normal_replay,FoldBalanced-Gap
RUN_122,TRIAD_041,A14_FoldBalanced-Gap_B3000,R1,1385197443,987373371,1511,Det/images/normal_train/01191508.png,0,09,ordinary,0.1133907724,1.0,0.0589233854,normal_replay,FoldBalanced-Gap
RUN_122,TRIAD_041,A14_FoldBalanced-Gap_B3000,R1,1385197443,987373371,1512,Det/images/normal_train/01038346.png,0,00,learnable_hard,0.0428929673,0.995,0.0715472693,normal_replay,FoldBalanced-Gap
RUN_122,TRIAD_041,A14_FoldBalanced-Gap_B3000,R1,1385197443,987373371,1513,Det/images/normal_train/00405580.png,0,05,easy_clean,0.0783304178,1.0,0.067662711,normal_replay,FoldBalanced-Gap
RUN_122,TRIAD_041,A14_FoldBalanced-Gap_B3000,R1,1385197443,987373371,1514,Det/images/normal_train/00341463.png,0,04,easy_clean,0.0025952371,1.0,0.0044221149,normal_replay,FoldBalanced-Gap
RUN_122,TRIAD_041,A14_FoldBalanced-Gap_B3000,R1,1385197443,987373371,1515,Det/images/normal_train/00972892.png,0,03,easy_clean,0.0006848859,1.0,0.0024215619,normal_replay,FoldBalanced-Gap
RUN_122,TRIAD_041,A14_FoldBalanced-Gap_B3000,R1,1385197443,987373371,1516,Det/images/normal_train/01039061.png,0,01,easy_clean,0.0106915265,1.0,0.014369083,normal_replay,FoldBalanced-Gap
RUN_122,TRIAD_041,A14_FoldBalanced-Gap_B3000,R1,1385197443,987373371,1517,Det/images/normal_train/00232059.png,0,00,easy_clean,0.0008383846,1.0,0.0011350886,normal_replay,FoldBalanced-Gap
RUN_122,TRIAD_041,A14_FoldBalanced-Gap_B3000,R1,1385197443,987373371,1518,Det/images/normal_train/00368507.png,0,02,easy_clean,0.0002757689,1.0,0.0004318373,normal_replay,FoldBalanced-Gap
RUN_122,TRIAD_041,A14_FoldBalanced-Gap_B3000,R1,1385197443,987373371,1519,Det/images/normal_train/01058147.png,0,03,easy_clean,0.0260453663,1.0,0.0492447113,normal_replay,FoldBalanced-Gap
RUN_122,TRIAD_041,A14_FoldBalanced-Gap_B3000,R1,1385197443,987373371,1520,Det/images/normal_train/00502701.png,0,01,easy_clean,0.0080316003,1.0,0.0179358404,normal_replay,FoldBalanced-Gap
RUN_122,TRIAD_041,A14_FoldBalanced-Gap_B3000,R1,1385197443,987373371,1521,Det/images/normal_train/00516247.png,0,04,easy_clean,0.0003523501,1.0,0.0005852933,normal_replay,FoldBalanced-Gap
RUN_122,TRIAD_041,A14_FoldBalanced-Gap_B3000,R1,1385197443,987373371,1522,Det/images/normal_train/00241508.png,0,05,easy_clean,0.001219074,1.0,0.0016845847,normal_replay,FoldBalanced-Gap
RUN_122,TRIAD_041,A14_FoldBalanced-Gap_B3000,R1,1385197443,987373371,1523,Det/images/normal_train/00963003.png,0,05,easy_clean,0.0171079517,1.0,0.0177494593,normal_replay,FoldBalanced-Gap
RUN_122,TRIAD_041,A14_FoldBalanced-Gap_B3000,R1,1385197443,987373371,1524,Det/images/normal_train/00164628.png,0,06,learnable_hard,0.2946029889,0.96,0.1513913006,normal_replay,FoldBalanced-Gap
RUN_122,TRIAD_041,A14_FoldBalanced-Gap_B3000,R1,1385197443,987373371,1525,Det/images/normal_train/00729644.png,0,07,easy_clean,0.0011616943,1.0,0.0047716708,normal_replay,FoldBalanced-Gap
RUN_122,TRIAD_041,A14_FoldBalanced-Gap_B3000,R1,1385197443,987373371,1526,Det/images/normal_train/00174897.png,0,01,easy_clean,0.0004395296,1.0,0.0016641676,normal_replay,FoldBalanced-Gap
RUN_122,TRIAD_041,A14_FoldBalanced-Gap_B3000,R1,1385197443,987373371,1527,Det/images/normal_train/00914249.png,0,04,ordinary,0.3162896432,0.88,0.1810478214,normal_replay,FoldBalanced-Gap
RUN_122,TRIAD_041,A14_FoldBalanced-Gap_B3000,R1,1385197443,987373371,1528,Det/images/normal_train/00519633.png,0,09,easy_clean,0.0035356915,1.0,0.0081706906,normal_replay,FoldBalanced-Gap
RUN_122,TRIAD_041,A14_FoldBalanced-Gap_B3000,R1,1385197443,987373371,1529,Det/images/normal_train/01193143.png,0,01,ordinary,0.1604383064,0.955,0.1285048911,normal_replay,FoldBalanced-Gap
RUN_122,TRIAD_041,A14_FoldBalanced-Gap_B3000,R1,1385197443,987373371,1530,Det/images/normal_train/00289676.png,0,07,easy_clean,0.0051431025,1.0,0.0077993794,normal_replay,FoldBalanced-Gap
RUN_122,TRIAD_041,A14_FoldBalanced-Gap_B3000,R1,1385197443,987373371,1531,Det/images/normal_train/01140663.png,0,00,learnable_hard,0.0178506109,0.995,0.0419480395,normal_replay,FoldBalanced-Gap
RUN_122,TRIAD_041,A14_FoldBalanced-Gap_B3000,R1,1385197443,987373371,1532,Det/images/normal_train/01049835.png,0,08,easy_clean,0.0072244609,1.0,0.0156095861,normal_replay,FoldBalanced-Gap
RUN_122,TRIAD_041,A14_FoldBalanced-Gap_B3000,R1,1385197443,987373371,1533,Det/images/normal_train/00565307.png,0,04,easy_clean,0.0029296551,1.0,0.0029042764,normal_replay,FoldBalanced-Gap
RUN_122,TRIAD_041,A14_FoldBalanced-Gap_B3000,R1,1385197443,987373371,1534,Det/images/normal_train/00811838.png,0,02,easy_clean,0.0003481036,1.0,0.0006050118,normal_replay,FoldBalanced-Gap
RUN_122,TRIAD_041,A14_FoldBalanced-Gap_B3000,R1,1385197443,987373371,1535,Det/images/normal_train/01254213.png,0,05,easy_clean,0.0348575799,1.0,0.0345876059,normal_replay,FoldBalanced-Gap
RUN_122,TRIAD_041,A14_FoldBalanced-Gap_B3000,R1,1385197443,987373371,1536,Det/images/normal_train/00941255.png,0,00,learnable_hard,0.0245594154,0.995,0.0533342508,normal_replay,FoldBalanced-Gap
RUN_122,TRIAD_041,A14_FoldBalanced-Gap_B3000,R1,1385197443,987373371,1537,Det/images/normal_train/00375026.png,0,04,learnable_hard,0.054861493,0.985,0.1009361664,normal_replay,FoldBalanced-Gap
RUN_122,TRIAD_041,A14_FoldBalanced-Gap_B3000,R1,1385197443,987373371,1538,Det/images/normal_train/00825655.png,0,02,easy_clean,0.0036604875,1.0,0.0057570248,normal_replay,FoldBalanced-Gap
RUN_122,TRIAD_041,A14_FoldBalanced-Gap_B3000,R1,1385197443,987373371,1539,Det/images/normal_train/01108743.png,0,01,easy_clean,0.0018084663,1.0,0.0042141251,normal_replay,FoldBalanced-Gap
RUN_122,TRIAD_041,A14_FoldBalanced-Gap_B3000,R1,1385197443,987373371,1540,Det/images/normal_train/00546988.png,0,07,easy_clean,0.0425347205,1.0,0.0470122169,normal_replay,FoldBalanced-Gap
RUN_122,TRIAD_041,A14_FoldBalanced-Gap_B3000,R1,1385197443,987373371,1541,Det/images/normal_train/00232691.png,0,00,easy_clean,0.0006022228,1.0,0.0011126538,normal_replay,FoldBalanced-Gap
RUN_122,TRIAD_041,A14_FoldBalanced-Gap_B3000,R1,1385197443,987373371,1542,Det/images/normal_train/00367737.png,0,04,easy_clean,0.0003599497,1.0,0.0005272427,normal_replay,FoldBalanced-Gap
RUN_122,TRIAD_041,A14_FoldBalanced-Gap_B3000,R1,1385197443,987373371,1543,Det/images/normal_train/00265198.png,0,05,easy_clean,0.0076302722,1.0,0.0139707139,normal_replay,FoldBalanced-Gap
RUN_122,TRIAD_041,A14_FoldBalanced-Gap_B3000,R1,1385197443,987373371,1544,Det/images/normal_train/00260770.png,0,09,easy_clean,0.0019755314,1.0,0.0027377163,normal_replay,FoldBalanced-Gap
RUN_122,TRIAD_041,A14_FoldBalanced-Gap_B3000,R1,1385197443,987373371,1545,Det/images/normal_train/01123118.png,0,06,learnable_hard,0.1844152669,0.98,0.1016682964,normal_replay,FoldBalanced-Gap
RUN_122,TRIAD_041,A14_FoldBalanced-Gap_B3000,R1,1385197443,987373371,1546,Det/images/normal_train/01130912.png,0,00,easy_clean,0.0701392946,1.0,0.0439020004,normal_replay,FoldBalanced-Gap
RUN_122,TRIAD_041,A14_FoldBalanced-Gap_B3000,R1,1385197443,987373371,1547,Det/images/normal_train/00647132.png,0,01,ordinary,0.2759905937,0.75,0.2997883583,normal_replay,FoldBalanced-Gap
RUN_122,TRIAD_041,A14_FoldBalanced-Gap_B3000,R1,1385197443,987373371,1548,Det/images/normal_train/00458548.png,0,05,easy_clean,0.002011529,1.0,0.00197163,normal_replay,FoldBalanced-Gap
RUN_122,TRIAD_041,A14_FoldBalanced-Gap_B3000,R1,1385197443,987373371,1549,Det/images/normal_train/00457948.png,0,09,learnable_hard,0.3302455604,0.975,0.1361949295,normal_replay,FoldBalanced-Gap
RUN_122,TRIAD_041,A14_FoldBalanced-Gap_B3000,R1,1385197443,987373371,1550,Det/images/normal_train/00206998.png,0,05,easy_clean,0.0177407265,1.0,0.0155170006,normal_replay,FoldBalanced-Gap
RUN_122,TRIAD_041,A14_FoldBalanced-Gap_B3000,R1,1385197443,987373371,1551,Det/images/normal_train/00163254.png,0,08,learnable_hard,0.7790880451,0.05,0.1447870364,normal_replay,FoldBalanced-Gap
RUN_122,TRIAD_041,A14_FoldBalanced-Gap_B3000,R1,1385197443,987373371,1552,Det/images/normal_train/01006602.png,0,05,learnable_hard,0.0693205039,0.985,0.129111072,normal_replay,FoldBalanced-Gap
RUN_122,TRIAD_041,A14_FoldBalanced-Gap_B3000,R1,1385197443,987373371,1553,Det/images/normal_train/00274124.png,0,05,easy_clean,0.0038360496,1.0,0.0037672613,normal_replay,FoldBalanced-Gap
RUN_122,TRIAD_041,A14_FoldBalanced-Gap_B3000,R1,1385197443,987373371,1554,Det/images/normal_train/00250120.png,0,09,easy_clean,0.0028430924,1.0,0.0046845169,normal_replay,FoldBalanced-Gap
RUN_122,TRIAD_041,A14_FoldBalanced-Gap_B3000,R1,1385197443,987373371,1555,Det/images/normal_train/01085758.png,0,07,ordinary,0.1274296906,1.0,0.0770870963,normal_replay,FoldBalanced-Gap
RUN_122,TRIAD_041,A14_FoldBalanced-Gap_B3000,R1,1385197443,987373371,1556,Det/images/normal_train/00767282.png,0,03,easy_clean,0.0003811263,1.0,0.0008827527,normal_replay,FoldBalanced-Gap
RUN_122,TRIAD_041,A14_FoldBalanced-Gap_B3000,R1,1385197443,987373371,1557,Det/images/normal_train/00313366.png,0,01,easy_clean,0.0113287679,1.0,0.0113871483,normal_replay,FoldBalanced-Gap
RUN_122,TRIAD_041,A14_FoldBalanced-Gap_B3000,R1,1385197443,987373371,1558,Det/images/normal_train/00397080.png,0,06,easy_clean,0.0019204914,1.0,0.0029018997,normal_replay,FoldBalanced-Gap
RUN_122,TRIAD_041,A14_FoldBalanced-Gap_B3000,R1,1385197443,987373371,1559,Det/images/normal_train/00789109.png,0,09,easy_clean,0.0010913083,1.0,0.002979368,normal_replay,FoldBalanced-Gap
RUN_122,TRIAD_041,A14_FoldBalanced-Gap_B3000,R1,1385197443,987373371,1560,Det/images/normal_train/00833032.png,0,02,easy_clean,0.0007399921,1.0,0.0021046019,normal_replay,FoldBalanced-Gap
RUN_122,TRIAD_041,A14_FoldBalanced-Gap_B3000,R1,1385197443,987373371,1561,Det/images/normal_train/00555640.png,0,07,easy_clean,0.0003287113,1.0,0.0005707264,normal_replay,FoldBalanced-Gap
RUN_122,TRIAD_041,A14_FoldBalanced-Gap_B3000,R1,1385197443,987373371,1562,Det/images/normal_train/00613233.png,0,06,easy_clean,0.0714691038,1.0,0.067511398,normal_replay,FoldBalanced-Gap
RUN_122,TRIAD_041,A14_FoldBalanced-Gap_B3000,R1,1385197443,987373371,1563,Det/images/normal_train/00850112.png,0,07,easy_clean,0.0007660263,1.0,0.0011772718,normal_replay,FoldBalanced-Gap
RUN_122,TRIAD_041,A14_FoldBalanced-Gap_B3000,R1,1385197443,987373371,1564,Det/images/normal_train/01287130.png,0,06,learnable_hard,0.1305906271,0.99,0.1238085484,normal_replay,FoldBalanced-Gap
RUN_122,TRIAD_041,A14_FoldBalanced-Gap_B3000,R1,1385197443,987373371,1565,Det/images/normal_train/01209101.png,0,08,easy_clean,0.0750124201,1.0,0.0581359122,normal_replay,FoldBalanced-Gap
RUN_122,TRIAD_041,A14_FoldBalanced-Gap_B3000,R1,1385197443,987373371,1566,Det/images/normal_train/00632981.png,0,09,learnable_hard,0.0188446563,0.995,0.0560559433,normal_replay,FoldBalanced-Gap
RUN_122,TRIAD_041,A14_FoldBalanced-Gap_B3000,R1,1385197443,987373371,1567,Det/images/normal_train/00948708.png,0,07,ordinary,0.0984023662,1.0,0.0423911069,normal_replay,FoldBalanced-Gap
RUN_122,TRIAD_041,A14_FoldBalanced-Gap_B3000,R1,1385197443,987373371,1568,Det/images/normal_train/01277005.png,0,07,ordinary,0.198681024,1.0,0.051306804,normal_replay,FoldBalanced-Gap
RUN_122,TRIAD_041,A14_FoldBalanced-Gap_B3000,R1,1385197443,987373371,1569,Det/images/normal_train/01214799.png,0,00,easy_clean,0.0016708021,1.0,0.0042513981,normal_replay,FoldBalanced-Gap
RUN_122,TRIAD_041,A14_FoldBalanced-Gap_B3000,R1,1385197443,987373371,1570,Det/images/normal_train/01048788.png,0,07,ordinary,0.1175068695,1.0,0.0903182131,normal_replay,FoldBalanced-Gap
RUN_122,TRIAD_041,A14_FoldBalanced-Gap_B3000,R1,1385197443,987373371,1571,Det/images/normal_train/00255087.png,0,08,easy_clean,0.0034327867,1.0,0.0048963027,normal_replay,FoldBalanced-Gap
RUN_122,TRIAD_041,A14_FoldBalanced-Gap_B3000,R1,1385197443,987373371,1572,Det/images/normal_train/01122255.png,0,07,easy_clean,0.0079748483,1.0,0.0080757703,normal_replay,FoldBalanced-Gap
RUN_122,TRIAD_041,A14_FoldBalanced-Gap_B3000,R1,1385197443,987373371,1573,Det/images/normal_train/00325422.png,0,00,easy_clean,0.003482422,1.0,0.0059941759,normal_replay,FoldBalanced-Gap
RUN_122,TRIAD_041,A14_FoldBalanced-Gap_B3000,R1,1385197443,987373371,1574,Det/images/normal_train/00549993.png,0,04,easy_clean,0.0180804983,1.0,0.0212962988,normal_replay,FoldBalanced-Gap
RUN_122,TRIAD_041,A14_FoldBalanced-Gap_B3000,R1,1385197443,987373371,1575,Det/images/normal_train/01015708.png,0,03,easy_clean,0.011667625,1.0,0.0134674934,normal_replay,FoldBalanced-Gap
RUN_122,TRIAD_041,A14_FoldBalanced-Gap_B3000,R1,1385197443,987373371,1576,Det/images/normal_train/00628945.png,0,07,learnable_hard,0.0561050355,0.995,0.0753354233,normal_replay,FoldBalanced-Gap
RUN_122,TRIAD_041,A14_FoldBalanced-Gap_B3000,R1,1385197443,987373371,1577,Det/images/normal_train/00882317.png,0,03,easy_clean,0.0026823156,1.0,0.0037051398,normal_replay,FoldBalanced-Gap
RUN_122,TRIAD_041,A14_FoldBalanced-Gap_B3000,R1,1385197443,987373371,1578,Det/images/normal_train/00263825.png,0,07,easy_clean,0.0021358001,1.0,0.0250224242,normal_replay,FoldBalanced-Gap
RUN_122,TRIAD_041,A14_FoldBalanced-Gap_B3000,R1,1385197443,987373371,1579,Det/images/normal_train/00730836.png,0,09,easy_clean,0.0807332516,1.0,0.066195175,normal_replay,FoldBalanced-Gap
RUN_122,TRIAD_041,A14_FoldBalanced-Gap_B3000,R1,1385197443,987373371,1580,Det/images/normal_train/01069410.png,0,09,learnable_hard,0.2066542377,0.99,0.1228376564,normal_replay,FoldBalanced-Gap
RUN_122,TRIAD_041,A14_FoldBalanced-Gap_B3000,R1,1385197443,987373371,1581,Det/images/normal_train/01185868.png,0,02,easy_clean,0.043026252,1.0,0.0347413168,normal_replay,FoldBalanced-Gap
RUN_122,TRIAD_041,A14_FoldBalanced-Gap_B3000,R1,1385197443,987373371,1582,Det/images/normal_train/00897563.png,0,00,ordinary,0.1045130198,1.0,0.1049997149,normal_replay,FoldBalanced-Gap
RUN_122,TRIAD_041,A14_FoldBalanced-Gap_B3000,R1,1385197443,987373371,1583,Det/images/normal_train/00992180.png,0,08,easy_clean,0.0383285958,1.0,0.0484294651,normal_replay,FoldBalanced-Gap
RUN_122,TRIAD_041,A14_FoldBalanced-Gap_B3000,R1,1385197443,987373371,1584,Det/images/normal_train/01136838.png,0,07,easy_clean,0.0017645479,1.0,0.0021728565,normal_replay,FoldBalanced-Gap
RUN_122,TRIAD_041,A14_FoldBalanced-Gap_B3000,R1,1385197443,987373371,1585,Det/images/normal_train/01118721.png,0,02,easy_clean,0.011678624,1.0,0.0106331816,normal_replay,FoldBalanced-Gap
RUN_122,TRIAD_041,A14_FoldBalanced-Gap_B3000,R1,1385197443,987373371,1586,Det/images/normal_train/00754486.png,0,09,easy_clean,0.0404131967,1.0,0.0347708262,normal_replay,FoldBalanced-Gap
RUN_122,TRIAD_041,A14_FoldBalanced-Gap_B3000,R1,1385197443,987373371,1587,Det/images/normal_train/00771282.png,0,03,easy_clean,0.0002593259,1.0,0.0008171688,normal_replay,FoldBalanced-Gap
RUN_122,TRIAD_041,A14_FoldBalanced-Gap_B3000,R1,1385197443,987373371,1588,Det/images/normal_train/01095057.png,0,01,ordinary,0.38236974,0.655,0.1858306806,normal_replay,FoldBalanced-Gap
RUN_122,TRIAD_041,A14_FoldBalanced-Gap_B3000,R1,1385197443,987373371,1589,Det/images/normal_train/00268931.png,0,03,easy_clean,0.0046401897,1.0,0.0184999025,normal_replay,FoldBalanced-Gap
RUN_122,TRIAD_041,A14_FoldBalanced-Gap_B3000,R1,1385197443,987373371,1590,Det/images/normal_train/00862025.png,0,07,easy_clean,0.0009161714,1.0,0.0012010965,normal_replay,FoldBalanced-Gap
RUN_122,TRIAD_041,A14_FoldBalanced-Gap_B3000,R1,1385197443,987373371,1591,Det/images/normal_train/00282239.png,0,04,easy_clean,0.0253963033,1.0,0.0340291392,normal_replay,FoldBalanced-Gap
RUN_122,TRIAD_041,A14_FoldBalanced-Gap_B3000,R1,1385197443,987373371,1592,Det/images/normal_train/01024992.png,0,01,learnable_hard,0.0862848514,0.995,0.0539403983,normal_replay,FoldBalanced-Gap
RUN_122,TRIAD_041,A14_FoldBalanced-Gap_B3000,R1,1385197443,987373371,1593,Det/images/normal_train/00590753.png,0,04,easy_clean,0.005678007,1.0,0.0106929946,normal_replay,FoldBalanced-Gap
RUN_122,TRIAD_041,A14_FoldBalanced-Gap_B3000,R1,1385197443,987373371,1594,Det/images/normal_train/00164671.png,0,06,ordinary,0.0968352761,1.0,0.0683350503,normal_replay,FoldBalanced-Gap
RUN_122,TRIAD_041,A14_FoldBalanced-Gap_B3000,R1,1385197443,987373371,1595,Det/images/normal_train/00988978.png,0,07,easy_clean,0.0207907941,1.0,0.011615358,normal_replay,FoldBalanced-Gap
RUN_122,TRIAD_041,A14_FoldBalanced-Gap_B3000,R1,1385197443,987373371,1596,Det/images/normal_train/00619084.png,0,04,easy_clean,0.0006447973,1.0,0.0007621771,normal_replay,FoldBalanced-Gap
RUN_122,TRIAD_041,A14_FoldBalanced-Gap_B3000,R1,1385197443,987373371,1597,Det/images/normal_train/00987622.png,0,05,easy_clean,0.0688746631,1.0,0.0675877554,normal_replay,FoldBalanced-Gap
RUN_122,TRIAD_041,A14_FoldBalanced-Gap_B3000,R1,1385197443,987373371,1598,Det/images/normal_train/01259554.png,0,06,easy_clean,0.0488342653,1.0,0.0497349451,normal_replay,FoldBalanced-Gap
RUN_122,TRIAD_041,A14_FoldBalanced-Gap_B3000,R1,1385197443,987373371,1599,Det/images/normal_train/00580804.png,0,02,easy_clean,0.0063415322,1.0,0.0219040647,normal_replay,FoldBalanced-Gap
RUN_122,TRIAD_041,A14_FoldBalanced-Gap_B3000,R1,1385197443,987373371,1600,Det/images/normal_train/01001866.png,0,05,learnable_hard,0.5689843229,0.31,0.24258297,normal_replay,FoldBalanced-Gap
RUN_122,TRIAD_041,A14_FoldBalanced-Gap_B3000,R1,1385197443,987373371,1601,Det/images/normal_train/01026659.png,0,07,easy_clean,0.0173846908,1.0,0.0208586634,normal_replay,FoldBalanced-Gap
RUN_122,TRIAD_041,A14_FoldBalanced-Gap_B3000,R1,1385197443,987373371,1602,Det/images/normal_train/00482481.png,0,02,easy_clean,0.0060669762,1.0,0.0068049824,normal_replay,FoldBalanced-Gap
RUN_122,TRIAD_041,A14_FoldBalanced-Gap_B3000,R1,1385197443,987373371,1603,Det/images/normal_train/00613827.png,0,06,easy_clean,0.0035518688,1.0,0.0028846346,normal_replay,FoldBalanced-Gap
RUN_122,TRIAD_041,A14_FoldBalanced-Gap_B3000,R1,1385197443,987373371,1604,Det/images/normal_train/01233528.png,0,09,easy_clean,0.001707426,1.0,0.0020014118,normal_replay,FoldBalanced-Gap
RUN_122,TRIAD_041,A14_FoldBalanced-Gap_B3000,R1,1385197443,987373371,1605,Det/images/normal_train/01129622.png,0,09,easy_clean,0.005138692,1.0,0.007166384,normal_replay,FoldBalanced-Gap
RUN_122,TRIAD_041,A14_FoldBalanced-Gap_B3000,R1,1385197443,987373371,1606,Det/images/normal_train/01230454.png,0,01,easy_clean,0.0190274023,1.0,0.0478948652,normal_replay,FoldBalanced-Gap
RUN_122,TRIAD_041,A14_FoldBalanced-Gap_B3000,R1,1385197443,987373371,1607,Det/images/normal_train/00756951.png,0,05,easy_clean,0.0197224268,1.0,0.0150419951,normal_replay,FoldBalanced-Gap
RUN_122,TRIAD_041,A14_FoldBalanced-Gap_B3000,R1,1385197443,987373371,1608,Det/images/normal_train/00479262.png,0,03,easy_clean,0.0009040677,1.0,0.0053119064,normal_replay,FoldBalanced-Gap
RUN_122,TRIAD_041,A14_FoldBalanced-Gap_B3000,R1,1385197443,987373371,1609,Det/images/normal_train/01217799.png,0,06,easy_clean,0.011614326,1.0,0.0121082187,normal_replay,FoldBalanced-Gap
RUN_122,TRIAD_041,A14_FoldBalanced-Gap_B3000,R1,1385197443,987373371,1610,Det/images/normal_train/01287199.png,0,06,easy_clean,0.0378045831,1.0,0.0348164718,normal_replay,FoldBalanced-Gap
RUN_122,TRIAD_041,A14_FoldBalanced-Gap_B3000,R1,1385197443,987373371,1611,Det/images/normal_train/00467857.png,0,01,easy_clean,0.0675749066,1.0,0.032273114,normal_replay,FoldBalanced-Gap
RUN_122,TRIAD_041,A14_FoldBalanced-Gap_B3000,R1,1385197443,987373371,1612,Det/images/normal_train/00415641.png,0,04,learnable_hard,0.1109528355,0.995,0.0859337233,normal_replay,FoldBalanced-Gap
RUN_122,TRIAD_041,A14_FoldBalanced-Gap_B3000,R1,1385197443,987373371,1613,Det/images/normal_train/00837353.png,0,02,learnable_hard,0.2742532302,0.965,0.1126227088,normal_replay,FoldBalanced-Gap
RUN_122,TRIAD_041,A14_FoldBalanced-Gap_B3000,R1,1385197443,987373371,1614,Det/images/normal_train/01274584.png,0,08,easy_clean,0.0027044774,1.0,0.003266635,normal_replay,FoldBalanced-Gap
RUN_122,TRIAD_041,A14_FoldBalanced-Gap_B3000,R1,1385197443,987373371,1615,Det/images/normal_train/00859610.png,0,08,easy_clean,0.0007512282,1.0,0.0018103653,normal_replay,FoldBalanced-Gap
RUN_122,TRIAD_041,A14_FoldBalanced-Gap_B3000,R1,1385197443,987373371,1616,Det/images/normal_train/00554880.png,0,03,easy_clean,0.0802854345,1.0,0.05774773,normal_replay,FoldBalanced-Gap
RUN_122,TRIAD_041,A14_FoldBalanced-Gap_B3000,R1,1385197443,987373371,1617,Det/images/normal_train/00294903.png,0,05,easy_clean,0.0054344623,1.0,0.0172471441,normal_replay,FoldBalanced-Gap
RUN_122,TRIAD_041,A14_FoldBalanced-Gap_B3000,R1,1385197443,987373371,1618,Det/images/normal_train/01211526.png,0,04,easy_clean,0.043346853,1.0,0.0304609736,normal_replay,FoldBalanced-Gap
RUN_122,TRIAD_041,A14_FoldBalanced-Gap_B3000,R1,1385197443,987373371,1619,Det/images/normal_train/01256355.png,0,02,persistent_hard,0.608086624,0.445,0.2361127873,normal_replay,FoldBalanced-Gap
RUN_122,TRIAD_041,A14_FoldBalanced-Gap_B3000,R1,1385197443,987373371,1620,Det/images/normal_train/00508947.png,0,03,easy_clean,0.0025926239,1.0,0.007584416,normal_replay,FoldBalanced-Gap
RUN_122,TRIAD_041,A14_FoldBalanced-Gap_B3000,R1,1385197443,987373371,1621,Det/images/normal_train/00257490.png,0,09,easy_clean,0.0044521657,1.0,0.0109183839,normal_replay,FoldBalanced-Gap
RUN_122,TRIAD_041,A14_FoldBalanced-Gap_B3000,R1,1385197443,987373371,1622,Det/images/normal_train/01099579.png,0,03,easy_clean,0.0057922136,1.0,0.0158032177,normal_replay,FoldBalanced-Gap
RUN_122,TRIAD_041,A14_FoldBalanced-Gap_B3000,R1,1385197443,987373371,1623,Det/images/normal_train/00326004.png,0,09,easy_clean,0.0615765411,1.0,0.0526297713,normal_replay,FoldBalanced-Gap
RUN_122,TRIAD_041,A14_FoldBalanced-Gap_B3000,R1,1385197443,987373371,1624,Det/images/normal_train/00809067.png,0,05,easy_clean,0.0335493783,1.0,0.0306568507,normal_replay,FoldBalanced-Gap
RUN_122,TRIAD_041,A14_FoldBalanced-Gap_B3000,R1,1385197443,987373371,1625,Det/images/normal_train/00425289.png,0,02,easy_clean,0.0127015621,1.0,0.0120985876,normal_replay,FoldBalanced-Gap
RUN_122,TRIAD_041,A14_FoldBalanced-Gap_B3000,R1,1385197443,987373371,1626,Det/images/normal_train/00566688.png,0,07,easy_clean,0.001319251,1.0,0.0030363354,normal_replay,FoldBalanced-Gap
RUN_122,TRIAD_041,A14_FoldBalanced-Gap_B3000,R1,1385197443,987373371,1627,Det/images/normal_train/00517675.png,0,08,easy_clean,0.009238263,1.0,0.011326299,normal_replay,FoldBalanced-Gap
RUN_122,TRIAD_041,A14_FoldBalanced-Gap_B3000,R1,1385197443,987373371,1628,Det/images/normal_train/01239812.png,0,04,easy_clean,0.0001876338,1.0,0.0003589053,normal_replay,FoldBalanced-Gap
RUN_122,TRIAD_041,A14_FoldBalanced-Gap_B3000,R1,1385197443,987373371,1629,Det/images/normal_train/01059261.png,0,03,easy_clean,0.003281024,1.0,0.0068486985,normal_replay,FoldBalanced-Gap
RUN_122,TRIAD_041,A14_FoldBalanced-Gap_B3000,R1,1385197443,987373371,1630,Det/images/normal_train/01259851.png,0,06,easy_clean,0.0349284955,1.0,0.0295442793,normal_replay,FoldBalanced-Gap
RUN_122,TRIAD_041,A14_FoldBalanced-Gap_B3000,R1,1385197443,987373371,1631,Det/images/normal_train/01005827.png,0,09,ordinary,0.1460538512,1.0,0.0792812554,normal_replay,FoldBalanced-Gap
RUN_122,TRIAD_041,A14_FoldBalanced-Gap_B3000,R1,1385197443,987373371,1632,Det/images/normal_train/01022477.png,0,03,easy_clean,0.087701053,1.0,0.05360114,normal_replay,FoldBalanced-Gap
RUN_122,TRIAD_041,A14_FoldBalanced-Gap_B3000,R1,1385197443,987373371,1633,Det/images/normal_train/01154358.png,0,01,easy_clean,0.0014179954,1.0,0.0020111627,normal_replay,FoldBalanced-Gap
RUN_122,TRIAD_041,A14_FoldBalanced-Gap_B3000,R1,1385197443,987373371,1634,Det/images/normal_train/01017504.png,0,07,easy_clean,0.0615913795,0.995,0.0660787331,normal_replay,FoldBalanced-Gap
RUN_122,TRIAD_041,A14_FoldBalanced-Gap_B3000,R1,1385197443,987373371,1635,Det/images/normal_train/00575256.png,0,00,easy_clean,0.0013256119,1.0,0.0037282766,normal_replay,FoldBalanced-Gap
RUN_122,TRIAD_041,A14_FoldBalanced-Gap_B3000,R1,1385197443,987373371,1636,Det/images/normal_train/00515789.png,0,03,easy_clean,0.0194457437,1.0,0.0399970117,normal_replay,FoldBalanced-Gap
RUN_122,TRIAD_041,A14_FoldBalanced-Gap_B3000,R1,1385197443,987373371,1637,Det/images/normal_train/00981768.png,0,05,easy_clean,0.0079427135,1.0,0.018547848,normal_replay,FoldBalanced-Gap
RUN_122,TRIAD_041,A14_FoldBalanced-Gap_B3000,R1,1385197443,987373371,1638,Det/images/normal_train/00413053.png,0,08,easy_clean,0.0101720056,1.0,0.0133988811,normal_replay,FoldBalanced-Gap
RUN_122,TRIAD_041,A14_FoldBalanced-Gap_B3000,R1,1385197443,987373371,1639,Det/images/normal_train/00221832.png,0,00,easy_clean,0.0111597191,1.0,0.015846004,normal_replay,FoldBalanced-Gap
RUN_122,TRIAD_041,A14_FoldBalanced-Gap_B3000,R1,1385197443,987373371,1640,Det/images/normal_train/00394120.png,0,05,easy_clean,0.0138923791,1.0,0.0151625598,normal_replay,FoldBalanced-Gap
RUN_122,TRIAD_041,A14_FoldBalanced-Gap_B3000,R1,1385197443,987373371,1641,Det/images/normal_train/01115654.png,0,00,easy_clean,0.0050099065,1.0,0.0048646972,normal_replay,FoldBalanced-Gap
RUN_122,TRIAD_041,A14_FoldBalanced-Gap_B3000,R1,1385197443,987373371,1642,Det/images/normal_train/01217536.png,0,06,easy_clean,0.0202896276,1.0,0.0197563294,normal_replay,FoldBalanced-Gap
RUN_122,TRIAD_041,A14_FoldBalanced-Gap_B3000,R1,1385197443,987373371,1643,Det/images/normal_train/00375881.png,0,04,easy_clean,0.0093219378,1.0,0.0104632533,normal_replay,FoldBalanced-Gap
RUN_122,TRIAD_041,A14_FoldBalanced-Gap_B3000,R1,1385197443,987373371,1644,Det/images/normal_train/01079199.png,0,02,easy_clean,0.0006350636,1.0,0.0020816182,normal_replay,FoldBalanced-Gap
RUN_122,TRIAD_041,A14_FoldBalanced-Gap_B3000,R1,1385197443,987373371,1645,Det/images/normal_train/00380372.png,0,09,easy_clean,0.0214506913,1.0,0.0222905082,normal_replay,FoldBalanced-Gap
RUN_122,TRIAD_041,A14_FoldBalanced-Gap_B3000,R1,1385197443,987373371,1646,Det/images/normal_train/00831030.png,0,00,easy_clean,0.0009288617,1.0,0.0012093223,normal_replay,FoldBalanced-Gap
RUN_122,TRIAD_041,A14_FoldBalanced-Gap_B3000,R1,1385197443,987373371,1647,Det/images/normal_train/00839712.png,0,06,learnable_hard,0.0224919707,0.995,0.0565573281,normal_replay,FoldBalanced-Gap
RUN_122,TRIAD_041,A14_FoldBalanced-Gap_B3000,R1,1385197443,987373371,1648,Det/images/normal_train/00618439.png,0,04,easy_clean,0.0003457846,1.0,0.0004740796,normal_replay,FoldBalanced-Gap
RUN_122,TRIAD_041,A14_FoldBalanced-Gap_B3000,R1,1385197443,987373371,1649,Det/images/normal_train/00791608.png,0,06,easy_clean,0.0158068462,1.0,0.0375058435,normal_replay,FoldBalanced-Gap
RUN_122,TRIAD_041,A14_FoldBalanced-Gap_B3000,R1,1385197443,987373371,1650,Det/images/normal_train/00799688.png,0,09,easy_clean,0.0042650218,1.0,0.0046879134,normal_replay,FoldBalanced-Gap
RUN_122,TRIAD_041,A14_FoldBalanced-Gap_B3000,R1,1385197443,987373371,1651,Det/images/normal_train/00849229.png,0,05,easy_clean,0.0078421796,1.0,0.0083098863,normal_replay,FoldBalanced-Gap
RUN_122,TRIAD_041,A14_FoldBalanced-Gap_B3000,R1,1385197443,987373371,1652,Det/images/normal_train/00891088.png,0,06,easy_clean,0.0013458585,1.0,0.0040486384,normal_replay,FoldBalanced-Gap
RUN_122,TRIAD_041,A14_FoldBalanced-Gap_B3000,R1,1385197443,987373371,1653,Det/images/normal_train/00760727.png,0,04,learnable_hard,0.0142871288,0.995,0.057571977,normal_replay,FoldBalanced-Gap
RUN_122,TRIAD_041,A14_FoldBalanced-Gap_B3000,R1,1385197443,987373371,1654,Det/images/normal_train/01236829.png,0,06,easy_clean,0.0027407509,1.0,0.0056312325,normal_replay,FoldBalanced-Gap
RUN_122,TRIAD_041,A14_FoldBalanced-Gap_B3000,R1,1385197443,987373371,1655,Det/images/normal_train/00764669.png,0,08,easy_clean,0.010954906,1.0,0.0246013105,normal_replay,FoldBalanced-Gap
RUN_122,TRIAD_041,A14_FoldBalanced-Gap_B3000,R1,1385197443,987373371,1656,Det/images/normal_train/00794292.png,0,08,easy_clean,0.0044071719,1.0,0.0160046095,normal_replay,FoldBalanced-Gap
RUN_122,TRIAD_041,A14_FoldBalanced-Gap_B3000,R1,1385197443,987373371,1657,Det/images/normal_train/00974536.png,0,05,easy_clean,0.0165327132,1.0,0.0366481837,normal_replay,FoldBalanced-Gap
RUN_122,TRIAD_041,A14_FoldBalanced-Gap_B3000,R1,1385197443,987373371,1658,Det/images/normal_train/01040232.png,0,06,easy_clean,0.0379667904,1.0,0.0406685152,normal_replay,FoldBalanced-Gap
RUN_122,TRIAD_041,A14_FoldBalanced-Gap_B3000,R1,1385197443,987373371,1659,Det/images/normal_train/00801063.png,0,06,easy_clean,0.0019329219,1.0,0.0026832983,normal_replay,FoldBalanced-Gap
RUN_122,TRIAD_041,A14_FoldBalanced-Gap_B3000,R1,1385197443,987373371,1660,Det/images/normal_train/01292091.png,0,07,easy_clean,0.0008856222,1.0,0.0029500472,normal_replay,FoldBalanced-Gap
RUN_122,TRIAD_041,A14_FoldBalanced-Gap_B3000,R1,1385197443,987373371,1661,Det/images/normal_train/01270124.png,0,05,easy_clean,0.0095999662,1.0,0.0125465902,normal_replay,FoldBalanced-Gap
RUN_122,TRIAD_041,A14_FoldBalanced-Gap_B3000,R1,1385197443,987373371,1662,Det/images/normal_train/00557420.png,0,01,easy_clean,0.0165537502,1.0,0.0228026206,normal_replay,FoldBalanced-Gap
RUN_122,TRIAD_041,A14_FoldBalanced-Gap_B3000,R1,1385197443,987373371,1663,Det/images/normal_train/00991488.png,0,00,easy_clean,0.004096335,1.0,0.0053247843,normal_replay,FoldBalanced-Gap
RUN_122,TRIAD_041,A14_FoldBalanced-Gap_B3000,R1,1385197443,987373371,1664,Det/images/normal_train/00633011.png,0,02,learnable_hard,0.0430828653,0.98,0.0932661871,normal_replay,FoldBalanced-Gap
RUN_122,TRIAD_041,A14_FoldBalanced-Gap_B3000,R1,1385197443,987373371,1665,Det/images/normal_train/01067590.png,0,09,easy_clean,0.0233402199,1.0,0.0260882034,normal_replay,FoldBalanced-Gap
RUN_122,TRIAD_041,A14_FoldBalanced-Gap_B3000,R1,1385197443,987373371,1666,Det/images/normal_train/00865450.png,0,05,easy_clean,0.0241871973,1.0,0.013629227,normal_replay,FoldBalanced-Gap
RUN_122,TRIAD_041,A14_FoldBalanced-Gap_B3000,R1,1385197443,987373371,1667,Det/images/normal_train/00580888.png,0,02,learnable_hard,0.1665373964,0.99,0.1300444287,normal_replay,FoldBalanced-Gap
RUN_122,TRIAD_041,A14_FoldBalanced-Gap_B3000,R1,1385197443,987373371,1668,Det/images/normal_train/00225698.png,0,01,easy_clean,0.0334718602,1.0,0.0327080881,normal_replay,FoldBalanced-Gap
RUN_122,TRIAD_041,A14_FoldBalanced-Gap_B3000,R1,1385197443,987373371,1669,Det/images/normal_train/00918690.png,0,01,easy_clean,0.001608889,1.0,0.007764103,normal_replay,FoldBalanced-Gap
RUN_122,TRIAD_041,A14_FoldBalanced-Gap_B3000,R1,1385197443,987373371,1670,Det/images/normal_train/01207655.png,0,02,easy_clean,0.0385434293,1.0,0.0494841672,normal_replay,FoldBalanced-Gap
RUN_122,TRIAD_041,A14_FoldBalanced-Gap_B3000,R1,1385197443,987373371,1671,Det/images/normal_train/00589384.png,0,03,easy_clean,0.0026269008,1.0,0.0137936077,normal_replay,FoldBalanced-Gap
RUN_122,TRIAD_041,A14_FoldBalanced-Gap_B3000,R1,1385197443,987373371,1672,Det/images/normal_train/00853585.png,0,00,easy_clean,0.0014819222,1.0,0.0022063033,normal_replay,FoldBalanced-Gap
RUN_122,TRIAD_041,A14_FoldBalanced-Gap_B3000,R1,1385197443,987373371,1673,Det/images/normal_train/00192625.png,0,09,easy_clean,0.0008823945,1.0,0.0025473948,normal_replay,FoldBalanced-Gap
RUN_122,TRIAD_041,A14_FoldBalanced-Gap_B3000,R1,1385197443,987373371,1674,Det/images/normal_train/01287315.png,0,06,easy_clean,0.0353517676,1.0,0.0373326014,normal_replay,FoldBalanced-Gap
RUN_122,TRIAD_041,A14_FoldBalanced-Gap_B3000,R1,1385197443,987373371,1675,Det/images/normal_train/01236393.png,0,06,easy_clean,0.0136720419,1.0,0.015187831,normal_replay,FoldBalanced-Gap
RUN_122,TRIAD_041,A14_FoldBalanced-Gap_B3000,R1,1385197443,987373371,1676,Det/images/normal_train/00338339.png,0,00,learnable_hard,0.109087577,0.995,0.0538013607,normal_replay,FoldBalanced-Gap
RUN_122,TRIAD_041,A14_FoldBalanced-Gap_B3000,R1,1385197443,987373371,1677,Det/images/normal_train/00758116.png,0,04,easy_clean,0.0032201993,1.0,0.0057528132,normal_replay,FoldBalanced-Gap
RUN_122,TRIAD_041,A14_FoldBalanced-Gap_B3000,R1,1385197443,987373371,1678,Det/images/normal_train/01185918.png,0,02,easy_clean,0.0172397842,1.0,0.0133857898,normal_replay,FoldBalanced-Gap
RUN_122,TRIAD_041,A14_FoldBalanced-Gap_B3000,R1,1385197443,987373371,1679,Det/images/normal_train/00852425.png,0,02,easy_clean,0.0003218487,1.0,0.0005139153,normal_replay,FoldBalanced-Gap
RUN_122,TRIAD_041,A14_FoldBalanced-Gap_B3000,R1,1385197443,987373371,1680,Det/images/normal_train/01007178.png,0,01,ordinary,0.2089812125,0.96,0.1158852989,normal_replay,FoldBalanced-Gap
RUN_122,TRIAD_041,A14_FoldBalanced-Gap_B3000,R1,1385197443,987373371,1681,Det/images/normal_train/01067939.png,0,09,ordinary,0.2731392272,0.97,0.0955122815,normal_replay,FoldBalanced-Gap
RUN_122,TRIAD_041,A14_FoldBalanced-Gap_B3000,R1,1385197443,987373371,1682,Det/images/normal_train/01039630.png,0,01,easy_clean,0.0179847013,1.0,0.0344964009,normal_replay,FoldBalanced-Gap
RUN_122,TRIAD_041,A14_FoldBalanced-Gap_B3000,R1,1385197443,987373371,1683,Det/images/normal_train/00353406.png,0,02,easy_clean,0.091210268,1.0,0.0789864093,normal_replay,FoldBalanced-Gap
RUN_122,TRIAD_041,A14_FoldBalanced-Gap_B3000,R1,1385197443,987373371,1684,Det/images/normal_train/00495938.png,0,08,learnable_hard,0.0838283255,0.985,0.1033638441,normal_replay,FoldBalanced-Gap
RUN_122,TRIAD_041,A14_FoldBalanced-Gap_B3000,R1,1385197443,987373371,1685,Det/images/normal_train/00971461.png,0,02,learnable_hard,0.0752741424,0.99,0.0979999335,normal_replay,FoldBalanced-Gap
RUN_122,TRIAD_041,A14_FoldBalanced-Gap_B3000,R1,1385197443,987373371,1686,Det/images/normal_train/00887474.png,0,01,easy_clean,0.0065358345,1.0,0.005549654,normal_replay,FoldBalanced-Gap
RUN_122,TRIAD_041,A14_FoldBalanced-Gap_B3000,R1,1385197443,987373371,1687,Det/images/normal_train/00174564.png,0,01,easy_clean,0.0001868667,1.0,0.0004739913,normal_replay,FoldBalanced-Gap
RUN_122,TRIAD_041,A14_FoldBalanced-Gap_B3000,R1,1385197443,987373371,1688,Det/images/normal_train/00445649.png,0,08,easy_clean,0.0256752139,1.0,0.0411724365,normal_replay,FoldBalanced-Gap
RUN_122,TRIAD_041,A14_FoldBalanced-Gap_B3000,R1,1385197443,987373371,1689,Det/images/normal_train/00738371.png,0,02,easy_clean,0.0049626981,1.0,0.0134510195,normal_replay,FoldBalanced-Gap
RUN_122,TRIAD_041,A14_FoldBalanced-Gap_B3000,R1,1385197443,987373371,1690,Det/images/normal_train/00206282.png,0,05,easy_clean,0.0723145323,1.0,0.0490931777,normal_replay,FoldBalanced-Gap
RUN_122,TRIAD_041,A14_FoldBalanced-Gap_B3000,R1,1385197443,987373371,1691,Det/images/normal_train/00145844.png,0,07,ordinary,0.1422447844,1.0,0.1150971211,normal_replay,FoldBalanced-Gap
RUN_122,TRIAD_041,A14_FoldBalanced-Gap_B3000,R1,1385197443,987373371,1692,Det/images/normal_train/01233166.png,0,09,easy_clean,0.0014165199,1.0,0.0018037205,normal_replay,FoldBalanced-Gap
RUN_122,TRIAD_041,A14_FoldBalanced-Gap_B3000,R1,1385197443,987373371,1693,Det/images/normal_train/00586738.png,0,01,learnable_hard,0.0108166618,0.995,0.0480084927,normal_replay,FoldBalanced-Gap
RUN_122,TRIAD_041,A14_FoldBalanced-Gap_B3000,R1,1385197443,987373371,1694,Det/images/normal_train/00958009.png,0,05,easy_clean,0.0028485994,1.0,0.0039188281,normal_replay,FoldBalanced-Gap
RUN_122,TRIAD_041,A14_FoldBalanced-Gap_B3000,R1,1385197443,987373371,1695,Det/images/normal_train/00830060.png,0,06,easy_clean,0.0054793955,1.0,0.0061419352,normal_replay,FoldBalanced-Gap
RUN_122,TRIAD_041,A14_FoldBalanced-Gap_B3000,R1,1385197443,987373371,1696,Det/images/normal_train/01096838.png,0,06,ordinary,0.2800640352,0.88,0.1911875281,normal_replay,FoldBalanced-Gap
RUN_122,TRIAD_041,A14_FoldBalanced-Gap_B3000,R1,1385197443,987373371,1697,Det/images/normal_train/00536317.png,0,02,easy_clean,0.0004709145,1.0,0.0006198662,normal_replay,FoldBalanced-Gap
RUN_122,TRIAD_041,A14_FoldBalanced-Gap_B3000,R1,1385197443,987373371,1698,Det/images/normal_train/01039994.png,0,01,easy_clean,0.0220007259,1.0,0.0253240884,normal_replay,FoldBalanced-Gap
RUN_122,TRIAD_041,A14_FoldBalanced-Gap_B3000,R1,1385197443,987373371,1699,Det/images/normal_train/01138196.png,0,02,easy_clean,0.0021663412,1.0,0.0030855356,normal_replay,FoldBalanced-Gap
RUN_122,TRIAD_041,A14_FoldBalanced-Gap_B3000,R1,1385197443,987373371,1700,Det/images/normal_train/00624170.png,0,08,persistent_hard,0.6522303969,0.23,0.1977349183,normal_replay,FoldBalanced-Gap
RUN_122,TRIAD_041,A14_FoldBalanced-Gap_B3000,R1,1385197443,987373371,1701,Det/images/normal_train/00985711.png,0,03,learnable_hard,0.6071879309,0.27,0.1742420353,normal_replay,FoldBalanced-Gap
RUN_122,TRIAD_041,A14_FoldBalanced-Gap_B3000,R1,1385197443,987373371,1702,Det/images/normal_train/00417742.png,0,07,easy_clean,0.0239018538,1.0,0.0381933001,normal_replay,FoldBalanced-Gap
RUN_122,TRIAD_041,A14_FoldBalanced-Gap_B3000,R1,1385197443,987373371,1703,Det/images/normal_train/00780797.png,0,00,easy_clean,0.0152984944,1.0,0.0128113774,normal_replay,FoldBalanced-Gap
RUN_122,TRIAD_041,A14_FoldBalanced-Gap_B3000,R1,1385197443,987373371,1704,Det/images/normal_train/01085935.png,0,07,easy_clean,0.0185911523,1.0,0.0206190914,normal_replay,FoldBalanced-Gap
RUN_122,TRIAD_041,A14_FoldBalanced-Gap_B3000,R1,1385197443,987373371,1705,Det/images/normal_train/01036198.png,0,01,easy_clean,0.00097129,1.0,0.0023044172,normal_replay,FoldBalanced-Gap
RUN_122,TRIAD_041,A14_FoldBalanced-Gap_B3000,R1,1385197443,987373371,1706,Det/images/normal_train/01002665.png,0,06,easy_clean,0.0134634576,1.0,0.0122296637,normal_replay,FoldBalanced-Gap
RUN_122,TRIAD_041,A14_FoldBalanced-Gap_B3000,R1,1385197443,987373371,1707,Det/images/normal_train/01126749.png,0,06,easy_clean,0.0464063902,1.0,0.037938411,normal_replay,FoldBalanced-Gap
RUN_122,TRIAD_041,A14_FoldBalanced-Gap_B3000,R1,1385197443,987373371,1708,Det/images/normal_train/00491089.png,0,06,easy_clean,0.0171955956,1.0,0.0179207101,normal_replay,FoldBalanced-Gap
RUN_122,TRIAD_041,A14_FoldBalanced-Gap_B3000,R1,1385197443,987373371,1709,Det/images/normal_train/00380968.png,0,09,easy_clean,0.0094295948,1.0,0.0105498201,normal_replay,FoldBalanced-Gap
RUN_122,TRIAD_041,A14_FoldBalanced-Gap_B3000,R1,1385197443,987373371,1710,Det/images/normal_train/01201959.png,0,00,easy_clean,0.0166040039,1.0,0.0165608096,normal_replay,FoldBalanced-Gap
RUN_122,TRIAD_041,A14_FoldBalanced-Gap_B3000,R1,1385197443,987373371,1711,Det/images/normal_train/01101787.png,0,00,easy_clean,0.0046241695,1.0,0.0053133384,normal_replay,FoldBalanced-Gap
RUN_122,TRIAD_041,A14_FoldBalanced-Gap_B3000,R1,1385197443,987373371,1712,Det/images/normal_train/01277846.png,0,07,easy_clean,0.0858575088,1.0,0.0447456588,normal_replay,FoldBalanced-Gap
RUN_122,TRIAD_041,A14_FoldBalanced-Gap_B3000,R1,1385197443,987373371,1713,Det/images/normal_train/00556902.png,0,04,easy_clean,0.0014849979,1.0,0.0025199428,normal_replay,FoldBalanced-Gap
RUN_122,TRIAD_041,A14_FoldBalanced-Gap_B3000,R1,1385197443,987373371,1714,Det/images/normal_train/00835966.png,0,02,easy_clean,0.0035086014,1.0,0.0117739257,normal_replay,FoldBalanced-Gap
RUN_122,TRIAD_041,A14_FoldBalanced-Gap_B3000,R1,1385197443,987373371,1715,Det/images/normal_train/00298572.png,0,06,easy_clean,0.0259766602,1.0,0.0331157535,normal_replay,FoldBalanced-Gap
RUN_122,TRIAD_041,A14_FoldBalanced-Gap_B3000,R1,1385197443,987373371,1716,Det/images/normal_train/00910740.png,0,05,easy_clean,0.0177568045,1.0,0.018358436,normal_replay,FoldBalanced-Gap
RUN_122,TRIAD_041,A14_FoldBalanced-Gap_B3000,R1,1385197443,987373371,1717,Det/images/normal_train/00970665.png,0,05,easy_clean,0.0717584659,1.0,0.0823122445,normal_replay,FoldBalanced-Gap
RUN_122,TRIAD_041,A14_FoldBalanced-Gap_B3000,R1,1385197443,987373371,1718,Det/images/normal_train/00517506.png,0,08,easy_clean,0.0005950291,1.0,0.0011702387,normal_replay,FoldBalanced-Gap
RUN_122,TRIAD_041,A14_FoldBalanced-Gap_B3000,R1,1385197443,987373371,1719,Det/images/normal_train/00566945.png,0,07,easy_clean,0.0300961531,1.0,0.0333478819,normal_replay,FoldBalanced-Gap
RUN_122,TRIAD_041,A14_FoldBalanced-Gap_B3000,R1,1385197443,987373371,1720,Det/images/normal_train/00493530.png,0,03,easy_clean,0.0006846305,1.0,0.0016844391,normal_replay,FoldBalanced-Gap
RUN_122,TRIAD_041,A14_FoldBalanced-Gap_B3000,R1,1385197443,987373371,1721,Det/images/normal_train/00683861.png,0,07,easy_clean,0.0875494428,1.0,0.1110953579,normal_replay,FoldBalanced-Gap
RUN_122,TRIAD_041,A14_FoldBalanced-Gap_B3000,R1,1385197443,987373371,1722,Det/images/normal_train/00835113.png,0,02,easy_clean,0.0022985643,1.0,0.0079494475,normal_replay,FoldBalanced-Gap
RUN_122,TRIAD_041,A14_FoldBalanced-Gap_B3000,R1,1385197443,987373371,1723,Det/images/normal_train/00579699.png,0,05,easy_clean,0.0010325892,1.0,0.0021079399,normal_replay,FoldBalanced-Gap
RUN_122,TRIAD_041,A14_FoldBalanced-Gap_B3000,R1,1385197443,987373371,1724,Det/images/normal_train/00950922.png,0,01,easy_clean,0.0347750025,1.0,0.051945211,normal_replay,FoldBalanced-Gap
RUN_122,TRIAD_041,A14_FoldBalanced-Gap_B3000,R1,1385197443,987373371,1725,Det/images/normal_train/01177912.png,0,01,ordinary,0.5160708867,0.555,0.1978105274,normal_replay,FoldBalanced-Gap
RUN_122,TRIAD_041,A14_FoldBalanced-Gap_B3000,R1,1385197443,987373371,1726,Det/images/normal_train/01154050.png,0,01,easy_clean,0.0068323842,1.0,0.0079735809,normal_replay,FoldBalanced-Gap
RUN_122,TRIAD_041,A14_FoldBalanced-Gap_B3000,R1,1385197443,987373371,1727,Det/images/normal_train/01294795.png,0,05,ordinary,0.1565112256,1.0,0.0474035101,normal_replay,FoldBalanced-Gap
RUN_122,TRIAD_041,A14_FoldBalanced-Gap_B3000,R1,1385197443,987373371,1728,Det/images/normal_train/00813102.png,0,03,easy_clean,0.0027375648,1.0,0.0046580776,normal_replay,FoldBalanced-Gap
RUN_122,TRIAD_041,A14_FoldBalanced-Gap_B3000,R1,1385197443,987373371,1729,Det/images/normal_train/01089375.png,0,01,easy_clean,0.00669027,1.0,0.0084588801,normal_replay,FoldBalanced-Gap
RUN_122,TRIAD_041,A14_FoldBalanced-Gap_B3000,R1,1385197443,987373371,1730,Det/images/normal_train/01140267.png,0,00,easy_clean,0.0156855684,1.0,0.0105349823,normal_replay,FoldBalanced-Gap
RUN_122,TRIAD_041,A14_FoldBalanced-Gap_B3000,R1,1385197443,987373371,1731,Det/images/normal_train/01215853.png,0,02,easy_clean,0.0376083746,1.0,0.0191097638,normal_replay,FoldBalanced-Gap
RUN_122,TRIAD_041,A14_FoldBalanced-Gap_B3000,R1,1385197443,987373371,1732,Det/images/normal_train/00318076.png,0,01,easy_clean,0.0516090712,1.0,0.0461485948,normal_replay,FoldBalanced-Gap
RUN_122,TRIAD_041,A14_FoldBalanced-Gap_B3000,R1,1385197443,987373371,1733,Det/images/normal_train/00285806.png,0,00,easy_clean,0.0363917322,1.0,0.0600970112,normal_replay,FoldBalanced-Gap
RUN_122,TRIAD_041,A14_FoldBalanced-Gap_B3000,R1,1385197443,987373371,1734,Det/images/normal_train/00802416.png,0,02,easy_clean,0.0045876023,1.0,0.0071080307,normal_replay,FoldBalanced-Gap
RUN_122,TRIAD_041,A14_FoldBalanced-Gap_B3000,R1,1385197443,987373371,1735,Det/images/normal_train/01233842.png,0,09,easy_clean,0.0154833095,1.0,0.0146963382,normal_replay,FoldBalanced-Gap
RUN_122,TRIAD_041,A14_FoldBalanced-Gap_B3000,R1,1385197443,987373371,1736,Det/images/normal_train/00733196.png,0,07,ordinary,0.1875784664,0.97,0.1109971572,normal_replay,FoldBalanced-Gap
RUN_122,TRIAD_041,A14_FoldBalanced-Gap_B3000,R1,1385197443,987373371,1737,Det/images/normal_train/01260394.png,0,05,easy_clean,0.0118718145,1.0,0.0218623985,normal_replay,FoldBalanced-Gap
RUN_122,TRIAD_041,A14_FoldBalanced-Gap_B3000,R1,1385197443,987373371,1738,Det/images/normal_train/01121931.png,0,02,easy_clean,0.0016294741,1.0,0.0022333662,normal_replay,FoldBalanced-Gap
RUN_122,TRIAD_041,A14_FoldBalanced-Gap_B3000,R1,1385197443,987373371,1739,Det/images/normal_train/01198829.png,0,03,easy_clean,0.0362270936,1.0,0.0438407732,normal_replay,FoldBalanced-Gap
RUN_122,TRIAD_041,A14_FoldBalanced-Gap_B3000,R1,1385197443,987373371,1740,Det/images/normal_train/00872012.png,0,03,persistent_hard,0.7101285611,0.02,0.1153631514,normal_replay,FoldBalanced-Gap
RUN_122,TRIAD_041,A14_FoldBalanced-Gap_B3000,R1,1385197443,987373371,1741,Det/images/normal_train/00405255.png,0,05,easy_clean,0.015794661,1.0,0.0110129091,normal_replay,FoldBalanced-Gap
RUN_122,TRIAD_041,A14_FoldBalanced-Gap_B3000,R1,1385197443,987373371,1742,Det/images/normal_train/01113900.png,0,07,easy_clean,0.0106323201,1.0,0.0215854472,normal_replay,FoldBalanced-Gap
RUN_122,TRIAD_041,A14_FoldBalanced-Gap_B3000,R1,1385197443,987373371,1743,Det/images/normal_train/00515086.png,0,03,easy_clean,0.004308773,1.0,0.0131963431,normal_replay,FoldBalanced-Gap
RUN_122,TRIAD_041,A14_FoldBalanced-Gap_B3000,R1,1385197443,987373371,1744,Det/images/normal_train/01086430.png,0,04,easy_clean,7.39559e-05,1.0,0.0001226486,normal_replay,FoldBalanced-Gap
RUN_122,TRIAD_041,A14_FoldBalanced-Gap_B3000,R1,1385197443,987373371,1745,Det/images/normal_train/00378290.png,0,05,easy_clean,0.0037797393,1.0,0.0037508624,normal_replay,FoldBalanced-Gap
RUN_122,TRIAD_041,A14_FoldBalanced-Gap_B3000,R1,1385197443,987373371,1746,Det/images/normal_train/01067942.png,0,09,easy_clean,0.0552698154,1.0,0.0258248368,normal_replay,FoldBalanced-Gap
RUN_122,TRIAD_041,A14_FoldBalanced-Gap_B3000,R1,1385197443,987373371,1747,Det/images/normal_train/01074996.png,0,04,easy_clean,0.004741924,1.0,0.009464143,normal_replay,FoldBalanced-Gap
RUN_122,TRIAD_041,A14_FoldBalanced-Gap_B3000,R1,1385197443,987373371,1748,Det/images/normal_train/00431428.png,0,09,ordinary,0.1633442404,1.0,0.1191074928,normal_replay,FoldBalanced-Gap
RUN_122,TRIAD_041,A14_FoldBalanced-Gap_B3000,R1,1385197443,987373371,1749,Det/images/normal_train/00924093.png,0,07,easy_clean,0.0005439419,1.0,0.0034006943,normal_replay,FoldBalanced-Gap
RUN_122,TRIAD_041,A14_FoldBalanced-Gap_B3000,R1,1385197443,987373371,1750,Det/images/normal_train/00904284.png,0,06,easy_clean,0.0160641933,1.0,0.0178090827,normal_replay,FoldBalanced-Gap
RUN_122,TRIAD_041,A14_FoldBalanced-Gap_B3000,R1,1385197443,987373371,1751,Det/images/normal_train/01027846.png,0,08,easy_clean,0.0081066628,1.0,0.0225660579,normal_replay,FoldBalanced-Gap
RUN_122,TRIAD_041,A14_FoldBalanced-Gap_B3000,R1,1385197443,987373371,1752,Det/images/normal_train/01078597.png,0,06,easy_clean,0.0012458003,1.0,0.0041782215,normal_replay,FoldBalanced-Gap
RUN_122,TRIAD_041,A14_FoldBalanced-Gap_B3000,R1,1385197443,987373371,1753,Det/images/normal_train/00947977.png,0,03,easy_clean,0.0845364515,0.995,0.0634592343,normal_replay,FoldBalanced-Gap
RUN_122,TRIAD_041,A14_FoldBalanced-Gap_B3000,R1,1385197443,987373371,1754,Det/images/normal_train/01101679.png,0,00,easy_clean,0.0056413291,1.0,0.0053290986,normal_replay,FoldBalanced-Gap
RUN_122,TRIAD_041,A14_FoldBalanced-Gap_B3000,R1,1385197443,987373371,1755,Det/images/normal_train/01031379.png,0,09,easy_clean,0.0130300065,1.0,0.0159549142,normal_replay,FoldBalanced-Gap
RUN_122,TRIAD_041,A14_FoldBalanced-Gap_B3000,R1,1385197443,987373371,1756,Det/images/normal_train/01123756.png,0,06,easy_clean,0.0329000854,1.0,0.0483095842,normal_replay,FoldBalanced-Gap
RUN_122,TRIAD_041,A14_FoldBalanced-Gap_B3000,R1,1385197443,987373371,1757,Det/images/normal_train/00396396.png,0,05,easy_clean,0.015084772,1.0,0.0295153803,normal_replay,FoldBalanced-Gap
RUN_122,TRIAD_041,A14_FoldBalanced-Gap_B3000,R1,1385197443,987373371,1758,Det/images/normal_train/01085161.png,0,07,easy_clean,0.012587566,1.0,0.0187541179,normal_replay,FoldBalanced-Gap
RUN_122,TRIAD_041,A14_FoldBalanced-Gap_B3000,R1,1385197443,987373371,1759,Det/images/normal_train/00566721.png,0,07,easy_clean,0.0002938514,1.0,0.0004370171,normal_replay,FoldBalanced-Gap
RUN_122,TRIAD_041,A14_FoldBalanced-Gap_B3000,R1,1385197443,987373371,1760,Det/images/normal_train/00915589.png,0,09,easy_clean,0.0027424474,1.0,0.0038124061,normal_replay,FoldBalanced-Gap
RUN_122,TRIAD_041,A14_FoldBalanced-Gap_B3000,R1,1385197443,987373371,1761,Det/images/normal_train/00852204.png,0,02,learnable_hard,0.0249378,0.995,0.0559617346,normal_replay,FoldBalanced-Gap
RUN_122,TRIAD_041,A14_FoldBalanced-Gap_B3000,R1,1385197443,987373371,1762,Det/images/normal_train/00506556.png,0,09,persistent_hard,0.694519747,0.135,0.2036798365,normal_replay,FoldBalanced-Gap
RUN_122,TRIAD_041,A14_FoldBalanced-Gap_B3000,R1,1385197443,987373371,1763,Det/images/normal_train/00817010.png,0,07,easy_clean,0.0126857983,1.0,0.013620329,normal_replay,FoldBalanced-Gap
RUN_122,TRIAD_041,A14_FoldBalanced-Gap_B3000,R1,1385197443,987373371,1764,Det/images/normal_train/01080639.png,0,03,persistent_hard,0.7332149887,0.04,0.1370767304,normal_replay,FoldBalanced-Gap
RUN_122,TRIAD_041,A14_FoldBalanced-Gap_B3000,R1,1385197443,987373371,1765,Det/images/normal_train/00898320.png,0,09,easy_clean,0.0021633545,1.0,0.0024005632,normal_replay,FoldBalanced-Gap
RUN_122,TRIAD_041,A14_FoldBalanced-Gap_B3000,R1,1385197443,987373371,1766,Det/images/normal_train/00810980.png,0,09,easy_clean,0.003980244,1.0,0.0046205163,normal_replay,FoldBalanced-Gap
RUN_122,TRIAD_041,A14_FoldBalanced-Gap_B3000,R1,1385197443,987373371,1767,Det/images/normal_train/00373893.png,0,03,easy_clean,0.0005799338,1.0,0.0023059984,normal_replay,FoldBalanced-Gap
RUN_122,TRIAD_041,A14_FoldBalanced-Gap_B3000,R1,1385197443,987373371,1768,Det/images/normal_train/00605380.png,0,01,easy_clean,0.0085356094,1.0,0.018541183,normal_replay,FoldBalanced-Gap
RUN_122,TRIAD_041,A14_FoldBalanced-Gap_B3000,R1,1385197443,987373371,1769,Det/images/normal_train/00380587.png,0,09,learnable_hard,0.1969102047,0.975,0.1492985738,normal_replay,FoldBalanced-Gap
RUN_122,TRIAD_041,A14_FoldBalanced-Gap_B3000,R1,1385197443,987373371,1770,Det/images/normal_train/01074285.png,0,04,easy_clean,0.0034203959,1.0,0.0060524875,normal_replay,FoldBalanced-Gap
RUN_122,TRIAD_041,A14_FoldBalanced-Gap_B3000,R1,1385197443,987373371,1771,Det/images/normal_train/00783409.png,0,01,easy_clean,0.066917828,1.0,0.0742396031,normal_replay,FoldBalanced-Gap
RUN_122,TRIAD_041,A14_FoldBalanced-Gap_B3000,R1,1385197443,987373371,1772,Det/images/normal_train/01236701.png,0,06,easy_clean,0.0046512941,1.0,0.0131447822,normal_replay,FoldBalanced-Gap
RUN_122,TRIAD_041,A14_FoldBalanced-Gap_B3000,R1,1385197443,987373371,1773,Det/images/normal_train/00565212.png,0,04,easy_clean,0.0016212322,1.0,0.0036837813,normal_replay,FoldBalanced-Gap
RUN_122,TRIAD_041,A14_FoldBalanced-Gap_B3000,R1,1385197443,987373371,1774,Det/images/normal_train/00190457.png,0,09,easy_clean,0.0461121852,1.0,0.0330964294,normal_replay,FoldBalanced-Gap
RUN_122,TRIAD_041,A14_FoldBalanced-Gap_B3000,R1,1385197443,987373371,1775,Det/images/normal_train/00477047.png,0,00,easy_clean,0.0194437472,1.0,0.0217633843,normal_replay,FoldBalanced-Gap
RUN_122,TRIAD_041,A14_FoldBalanced-Gap_B3000,R1,1385197443,987373371,1776,Det/images/normal_train/01050318.png,0,08,learnable_hard,0.148057231,0.995,0.0756960818,normal_replay,FoldBalanced-Gap
RUN_122,TRIAD_041,A14_FoldBalanced-Gap_B3000,R1,1385197443,987373371,1777,Det/images/normal_train/00527951.png,0,07,easy_clean,6.17216e-05,1.0,9.95596e-05,normal_replay,FoldBalanced-Gap
RUN_122,TRIAD_041,A14_FoldBalanced-Gap_B3000,R1,1385197443,987373371,1778,Det/images/normal_train/00859866.png,0,08,easy_clean,0.0062426457,1.0,0.0161791628,normal_replay,FoldBalanced-Gap
RUN_122,TRIAD_041,A14_FoldBalanced-Gap_B3000,R1,1385197443,987373371,1779,Det/images/normal_train/01058134.png,0,03,learnable_hard,0.0552041964,0.995,0.0534486291,normal_replay,FoldBalanced-Gap
RUN_122,TRIAD_041,A14_FoldBalanced-Gap_B3000,R1,1385197443,987373371,1780,Det/images/normal_train/00967749.png,0,04,easy_clean,0.0017150043,1.0,0.0028105412,normal_replay,FoldBalanced-Gap
RUN_122,TRIAD_041,A14_FoldBalanced-Gap_B3000,R1,1385197443,987373371,1781,Det/images/normal_train/00477859.png,0,00,easy_clean,0.0062439913,1.0,0.0226623013,normal_replay,FoldBalanced-Gap
RUN_122,TRIAD_041,A14_FoldBalanced-Gap_B3000,R1,1385197443,987373371,1782,Det/images/normal_train/00312958.png,0,02,learnable_hard,0.1835538355,0.995,0.0880325368,normal_replay,FoldBalanced-Gap
RUN_122,TRIAD_041,A14_FoldBalanced-Gap_B3000,R1,1385197443,987373371,1783,Det/images/normal_train/00890130.png,0,06,easy_clean,0.0023229377,1.0,0.0033305917,normal_replay,FoldBalanced-Gap
RUN_122,TRIAD_041,A14_FoldBalanced-Gap_B3000,R1,1385197443,987373371,1784,Det/images/normal_train/01183691.png,0,04,ordinary,0.4127586523,0.76,0.1789935416,normal_replay,FoldBalanced-Gap
RUN_122,TRIAD_041,A14_FoldBalanced-Gap_B3000,R1,1385197443,987373371,1785,Det/images/normal_train/00794912.png,0,08,easy_clean,0.0019838068,1.0,0.0048071073,normal_replay,FoldBalanced-Gap
RUN_122,TRIAD_041,A14_FoldBalanced-Gap_B3000,R1,1385197443,987373371,1786,Det/images/normal_train/00244142.png,0,07,easy_clean,0.0351226421,1.0,0.050079516,normal_replay,FoldBalanced-Gap
RUN_122,TRIAD_041,A14_FoldBalanced-Gap_B3000,R1,1385197443,987373371,1787,Det/images/normal_train/00888302.png,0,08,learnable_hard,0.1782923749,0.99,0.1347159316,normal_replay,FoldBalanced-Gap
RUN_122,TRIAD_041,A14_FoldBalanced-Gap_B3000,R1,1385197443,987373371,1788,Det/images/normal_train/00446972.png,0,09,easy_clean,0.0040952218,1.0,0.0123824045,normal_replay,FoldBalanced-Gap
RUN_122,TRIAD_041,A14_FoldBalanced-Gap_B3000,R1,1385197443,987373371,1789,Det/images/normal_train/00758935.png,0,04,easy_clean,0.000778688,1.0,0.001243518,normal_replay,FoldBalanced-Gap
RUN_122,TRIAD_041,A14_FoldBalanced-Gap_B3000,R1,1385197443,987373371,1790,Det/images/normal_train/00147706.png,0,08,easy_clean,0.0602347898,1.0,0.0322624475,normal_replay,FoldBalanced-Gap
RUN_122,TRIAD_041,A14_FoldBalanced-Gap_B3000,R1,1385197443,987373371,1791,Det/images/normal_train/00792878.png,0,03,easy_clean,0.0035561448,1.0,0.0064750499,normal_replay,FoldBalanced-Gap
RUN_122,TRIAD_041,A14_FoldBalanced-Gap_B3000,R1,1385197443,987373371,1792,Det/images/normal_train/00278266.png,0,00,easy_clean,0.0442530575,1.0,0.0340101649,normal_replay,FoldBalanced-Gap
RUN_122,TRIAD_041,A14_FoldBalanced-Gap_B3000,R1,1385197443,987373371,1793,Det/images/normal_train/01202198.png,0,08,easy_clean,0.02662276,1.0,0.0320009214,normal_replay,FoldBalanced-Gap
RUN_122,TRIAD_041,A14_FoldBalanced-Gap_B3000,R1,1385197443,987373371,1794,Det/images/normal_train/00592618.png,0,07,easy_clean,0.000384649,1.0,0.0010717545,normal_replay,FoldBalanced-Gap
RUN_122,TRIAD_041,A14_FoldBalanced-Gap_B3000,R1,1385197443,987373371,1795,Det/images/normal_train/00542259.png,0,04,easy_clean,0.052781706,1.0,0.0651554843,normal_replay,FoldBalanced-Gap
RUN_122,TRIAD_041,A14_FoldBalanced-Gap_B3000,R1,1385197443,987373371,1796,Det/images/normal_train/00261032.png,0,00,easy_clean,0.0012205778,1.0,0.0030076016,normal_replay,FoldBalanced-Gap
RUN_122,TRIAD_041,A14_FoldBalanced-Gap_B3000,R1,1385197443,987373371,1797,Det/images/normal_train/01097971.png,0,09,easy_clean,0.0079191828,1.0,0.0093573768,normal_replay,FoldBalanced-Gap
RUN_122,TRIAD_041,A14_FoldBalanced-Gap_B3000,R1,1385197443,987373371,1798,Det/images/normal_train/00220046.png,0,04,easy_clean,0.0473092816,1.0,0.0219651055,normal_replay,FoldBalanced-Gap
RUN_122,TRIAD_041,A14_FoldBalanced-Gap_B3000,R1,1385197443,987373371,1799,Det/images/normal_train/00331002.png,0,02,easy_clean,0.0068255269,1.0,0.0093753656,normal_replay,FoldBalanced-Gap
RUN_122,TRIAD_041,A14_FoldBalanced-Gap_B3000,R1,1385197443,987373371,1800,Det/images/normal_train/00679883.png,0,07,easy_clean,0.0069339059,1.0,0.0205476025,normal_replay,FoldBalanced-Gap
RUN_122,TRIAD_041,A14_FoldBalanced-Gap_B3000,R1,1385197443,987373371,1801,Det/images/normal_train/00366119.png,0,02,easy_clean,0.0027894863,1.0,0.0032559337,normal_replay,FoldBalanced-Gap
RUN_122,TRIAD_041,A14_FoldBalanced-Gap_B3000,R1,1385197443,987373371,1802,Det/images/normal_train/01079084.png,0,02,learnable_hard,0.0406383303,0.995,0.0641760845,normal_replay,FoldBalanced-Gap
RUN_122,TRIAD_041,A14_FoldBalanced-Gap_B3000,R1,1385197443,987373371,1803,Det/images/normal_train/00752277.png,0,08,easy_clean,0.0589548648,1.0,0.0512565655,normal_replay,FoldBalanced-Gap
RUN_122,TRIAD_041,A14_FoldBalanced-Gap_B3000,R1,1385197443,987373371,1804,Det/images/normal_train/00902093.png,0,04,learnable_hard,0.1297172968,0.995,0.0698278579,normal_replay,FoldBalanced-Gap
RUN_122,TRIAD_041,A14_FoldBalanced-Gap_B3000,R1,1385197443,987373371,1805,Det/images/normal_train/00321491.png,0,03,learnable_hard,0.1805756898,0.925,0.1827151022,normal_replay,FoldBalanced-Gap
RUN_122,TRIAD_041,A14_FoldBalanced-Gap_B3000,R1,1385197443,987373371,1806,Det/images/normal_train/00603674.png,0,09,easy_clean,0.0192628835,1.0,0.0218444983,normal_replay,FoldBalanced-Gap
RUN_122,TRIAD_041,A14_FoldBalanced-Gap_B3000,R1,1385197443,987373371,1807,Det/images/normal_train/00619465.png,0,04,easy_clean,0.0034037515,1.0,0.0073931794,normal_replay,FoldBalanced-Gap
RUN_122,TRIAD_041,A14_FoldBalanced-Gap_B3000,R1,1385197443,987373371,1808,Det/images/normal_train/00991586.png,0,00,easy_clean,0.0023114193,1.0,0.0029397463,normal_replay,FoldBalanced-Gap
RUN_122,TRIAD_041,A14_FoldBalanced-Gap_B3000,R1,1385197443,987373371,1809,Det/images/normal_train/00194378.png,0,04,easy_clean,0.0007496409,1.0,0.0015184147,normal_replay,FoldBalanced-Gap
RUN_122,TRIAD_041,A14_FoldBalanced-Gap_B3000,R1,1385197443,987373371,1810,Det/images/normal_train/01026837.png,0,07,easy_clean,0.0064102077,1.0,0.0088066095,normal_replay,FoldBalanced-Gap
RUN_122,TRIAD_041,A14_FoldBalanced-Gap_B3000,R1,1385197443,987373371,1811,Det/images/normal_train/00766493.png,0,07,easy_clean,0.0105906196,1.0,0.0177938499,normal_replay,FoldBalanced-Gap
RUN_122,TRIAD_041,A14_FoldBalanced-Gap_B3000,R1,1385197443,987373371,1812,Det/images/normal_train/00891463.png,0,06,easy_clean,0.0047701703,1.0,0.0109691268,normal_replay,FoldBalanced-Gap
RUN_122,TRIAD_041,A14_FoldBalanced-Gap_B3000,R1,1385197443,987373371,1813,Det/images/normal_train/00326713.png,0,09,easy_clean,0.0046482666,1.0,0.0075643183,normal_replay,FoldBalanced-Gap
RUN_122,TRIAD_041,A14_FoldBalanced-Gap_B3000,R1,1385197443,987373371,1814,Det/images/normal_train/00370299.png,0,06,easy_clean,0.0063016286,1.0,0.0143792412,normal_replay,FoldBalanced-Gap
RUN_122,TRIAD_041,A14_FoldBalanced-Gap_B3000,R1,1385197443,987373371,1815,Det/images/normal_train/00844021.png,0,00,easy_clean,0.0008124767,1.0,0.0014051111,normal_replay,FoldBalanced-Gap
RUN_122,TRIAD_041,A14_FoldBalanced-Gap_B3000,R1,1385197443,987373371,1816,Det/images/normal_train/01292952.png,0,07,easy_clean,0.0064906745,1.0,0.0118698677,normal_replay,FoldBalanced-Gap
RUN_122,TRIAD_041,A14_FoldBalanced-Gap_B3000,R1,1385197443,987373371,1817,Det/images/normal_train/01049620.png,0,08,easy_clean,0.0039450079,1.0,0.0100844586,normal_replay,FoldBalanced-Gap
RUN_122,TRIAD_041,A14_FoldBalanced-Gap_B3000,R1,1385197443,987373371,1818,Det/images/normal_train/01053924.png,0,05,learnable_hard,0.6939877906,0.025,0.0913618941,normal_replay,FoldBalanced-Gap
RUN_122,TRIAD_041,A14_FoldBalanced-Gap_B3000,R1,1385197443,987373371,1819,Det/images/normal_train/00266189.png,0,01,easy_clean,8.31075e-05,1.0,0.000315305,normal_replay,FoldBalanced-Gap
RUN_122,TRIAD_041,A14_FoldBalanced-Gap_B3000,R1,1385197443,987373371,1820,Det/images/normal_train/00781378.png,0,02,easy_clean,0.0056866227,1.0,0.0136408267,normal_replay,FoldBalanced-Gap
RUN_122,TRIAD_041,A14_FoldBalanced-Gap_B3000,R1,1385197443,987373371,1821,Det/images/normal_train/00991605.png,0,00,easy_clean,0.000533455,1.0,0.0008227238,normal_replay,FoldBalanced-Gap
RUN_122,TRIAD_041,A14_FoldBalanced-Gap_B3000,R1,1385197443,987373371,1822,Det/images/normal_train/01166415.png,0,08,learnable_hard,0.2447136108,0.995,0.1139698026,normal_replay,FoldBalanced-Gap
RUN_122,TRIAD_041,A14_FoldBalanced-Gap_B3000,R1,1385197443,987373371,1823,Det/images/normal_train/00673432.png,0,02,easy_clean,0.0011740427,1.0,0.0021823883,normal_replay,FoldBalanced-Gap
RUN_122,TRIAD_041,A14_FoldBalanced-Gap_B3000,R1,1385197443,987373371,1824,Det/images/normal_train/00738983.png,0,02,easy_clean,0.0122262417,1.0,0.0165185167,normal_replay,FoldBalanced-Gap
RUN_122,TRIAD_041,A14_FoldBalanced-Gap_B3000,R1,1385197443,987373371,1825,Det/images/normal_train/00154144.png,0,04,easy_clean,0.0148078019,1.0,0.0164556784,normal_replay,FoldBalanced-Gap
RUN_122,TRIAD_041,A14_FoldBalanced-Gap_B3000,R1,1385197443,987373371,1826,Det/images/normal_train/00461857.png,0,02,easy_clean,0.0002241337,1.0,0.0004303997,normal_replay,FoldBalanced-Gap
RUN_122,TRIAD_041,A14_FoldBalanced-Gap_B3000,R1,1385197443,987373371,1827,Det/images/normal_train/00267210.png,0,07,easy_clean,0.0002407761,1.0,0.0003711908,normal_replay,FoldBalanced-Gap
RUN_122,TRIAD_041,A14_FoldBalanced-Gap_B3000,R1,1385197443,987373371,1828,Det/images/normal_train/00524854.png,0,02,easy_clean,0.0017240446,1.0,0.0041540785,normal_replay,FoldBalanced-Gap
RUN_122,TRIAD_041,A14_FoldBalanced-Gap_B3000,R1,1385197443,987373371,1829,Det/images/normal_train/00223115.png,0,06,learnable_hard,0.2929825092,0.905,0.1787864249,normal_replay,FoldBalanced-Gap
RUN_122,TRIAD_041,A14_FoldBalanced-Gap_B3000,R1,1385197443,987373371,1830,Det/images/normal_train/00842825.png,0,06,easy_clean,0.0032142281,1.0,0.0088025093,normal_replay,FoldBalanced-Gap
RUN_122,TRIAD_041,A14_FoldBalanced-Gap_B3000,R1,1385197443,987373371,1831,Det/images/normal_train/00522001.png,0,07,easy_clean,0.0035972155,1.0,0.0058074076,normal_replay,FoldBalanced-Gap
RUN_122,TRIAD_041,A14_FoldBalanced-Gap_B3000,R1,1385197443,987373371,1832,Det/images/normal_train/00576662.png,0,04,ordinary,0.1843871073,1.0,0.095332549,normal_replay,FoldBalanced-Gap
RUN_122,TRIAD_041,A14_FoldBalanced-Gap_B3000,R1,1385197443,987373371,1833,Det/images/normal_train/00482012.png,0,02,easy_clean,0.0194649826,1.0,0.0152746696,normal_replay,FoldBalanced-Gap
RUN_122,TRIAD_041,A14_FoldBalanced-Gap_B3000,R1,1385197443,987373371,1834,Det/images/normal_train/00810332.png,0,09,easy_clean,0.085944018,1.0,0.0602348338,normal_replay,FoldBalanced-Gap
RUN_122,TRIAD_041,A14_FoldBalanced-Gap_B3000,R1,1385197443,987373371,1835,Det/images/normal_train/00763783.png,0,07,easy_clean,0.0855134133,1.0,0.0694779243,normal_replay,FoldBalanced-Gap
RUN_122,TRIAD_041,A14_FoldBalanced-Gap_B3000,R1,1385197443,987373371,1836,Det/images/normal_train/00522593.png,0,07,easy_clean,0.0288515308,1.0,0.030697987,normal_replay,FoldBalanced-Gap
RUN_122,TRIAD_041,A14_FoldBalanced-Gap_B3000,R1,1385197443,987373371,1837,Det/images/normal_train/00591549.png,0,07,learnable_hard,0.0141535465,0.995,0.0522003745,normal_replay,FoldBalanced-Gap
RUN_122,TRIAD_041,A14_FoldBalanced-Gap_B3000,R1,1385197443,987373371,1838,Det/images/normal_train/01186542.png,0,09,easy_clean,0.0815030052,1.0,0.0391942583,normal_replay,FoldBalanced-Gap
RUN_122,TRIAD_041,A14_FoldBalanced-Gap_B3000,R1,1385197443,987373371,1839,Det/images/normal_train/01004306.png,0,07,easy_clean,0.0135307189,1.0,0.0115600419,normal_replay,FoldBalanced-Gap
RUN_122,TRIAD_041,A14_FoldBalanced-Gap_B3000,R1,1385197443,987373371,1840,Det/images/normal_train/00784776.png,0,00,learnable_hard,0.0898382755,0.985,0.0992528482,normal_replay,FoldBalanced-Gap
RUN_122,TRIAD_041,A14_FoldBalanced-Gap_B3000,R1,1385197443,987373371,1841,Det/images/normal_train/00959372.png,0,02,easy_clean,0.0426346344,1.0,0.0444452054,normal_replay,FoldBalanced-Gap
RUN_122,TRIAD_041,A14_FoldBalanced-Gap_B3000,R1,1385197443,987373371,1842,Det/images/normal_train/00254850.png,0,03,easy_clean,0.0086332065,1.0,0.0082171413,normal_replay,FoldBalanced-Gap
RUN_122,TRIAD_041,A14_FoldBalanced-Gap_B3000,R1,1385197443,987373371,1843,Det/images/normal_train/01123356.png,0,06,easy_clean,0.0104740097,1.0,0.0125853166,normal_replay,FoldBalanced-Gap
RUN_122,TRIAD_041,A14_FoldBalanced-Gap_B3000,R1,1385197443,987373371,1844,Det/images/normal_train/00273156.png,0,08,easy_clean,0.0011341281,1.0,0.0014207123,normal_replay,FoldBalanced-Gap
RUN_122,TRIAD_041,A14_FoldBalanced-Gap_B3000,R1,1385197443,987373371,1845,Det/images/normal_train/01123694.png,0,06,easy_clean,0.006190751,1.0,0.0069826504,normal_replay,FoldBalanced-Gap
RUN_122,TRIAD_041,A14_FoldBalanced-Gap_B3000,R1,1385197443,987373371,1846,Det/images/normal_train/00172857.png,0,05,easy_clean,0.010385966,1.0,0.0153861092,normal_replay,FoldBalanced-Gap
RUN_122,TRIAD_041,A14_FoldBalanced-Gap_B3000,R1,1385197443,987373371,1847,Det/images/normal_train/00670164.png,0,04,easy_clean,0.0030702226,1.0,0.0116998728,normal_replay,FoldBalanced-Gap
RUN_122,TRIAD_041,A14_FoldBalanced-Gap_B3000,R1,1385197443,987373371,1848,Det/images/normal_train/00984825.png,0,02,easy_clean,0.0092477328,1.0,0.0229101648,normal_replay,FoldBalanced-Gap
RUN_122,TRIAD_041,A14_FoldBalanced-Gap_B3000,R1,1385197443,987373371,1849,Det/images/normal_train/01214336.png,0,00,easy_clean,0.0626836332,1.0,0.0560895996,normal_replay,FoldBalanced-Gap
RUN_122,TRIAD_041,A14_FoldBalanced-Gap_B3000,R1,1385197443,987373371,1850,Det/images/normal_train/01130035.png,0,00,easy_clean,0.0068656614,1.0,0.007415281,normal_replay,FoldBalanced-Gap
RUN_122,TRIAD_041,A14_FoldBalanced-Gap_B3000,R1,1385197443,987373371,1851,Det/images/normal_train/00253716.png,0,09,easy_clean,0.001321459,1.0,0.0029960309,normal_replay,FoldBalanced-Gap
RUN_122,TRIAD_041,A14_FoldBalanced-Gap_B3000,R1,1385197443,987373371,1852,Det/images/normal_train/00805548.png,0,07,easy_clean,0.0039368938,1.0,0.0049786746,normal_replay,FoldBalanced-Gap
RUN_122,TRIAD_041,A14_FoldBalanced-Gap_B3000,R1,1385197443,987373371,1853,Det/images/normal_train/01159949.png,0,04,easy_clean,0.0070655109,1.0,0.0132021177,normal_replay,FoldBalanced-Gap
RUN_122,TRIAD_041,A14_FoldBalanced-Gap_B3000,R1,1385197443,987373371,1854,Det/images/normal_train/00373704.png,0,03,easy_clean,0.0059738413,1.0,0.0097434733,normal_replay,FoldBalanced-Gap
RUN_122,TRIAD_041,A14_FoldBalanced-Gap_B3000,R1,1385197443,987373371,1855,Det/images/normal_train/01142938.png,0,07,easy_clean,0.0059047386,1.0,0.0070270514,normal_replay,FoldBalanced-Gap
RUN_122,TRIAD_041,A14_FoldBalanced-Gap_B3000,R1,1385197443,987373371,1856,Det/images/normal_train/00906371.png,0,05,easy_clean,0.0143841368,1.0,0.0120661108,normal_replay,FoldBalanced-Gap
RUN_122,TRIAD_041,A14_FoldBalanced-Gap_B3000,R1,1385197443,987373371,1857,Det/images/normal_train/00968169.png,0,09,easy_clean,0.0033350953,1.0,0.0137817516,normal_replay,FoldBalanced-Gap
RUN_122,TRIAD_041,A14_FoldBalanced-Gap_B3000,R1,1385197443,987373371,1858,Det/images/normal_train/00190760.png,0,09,easy_clean,0.0031294446,1.0,0.0065271567,normal_replay,FoldBalanced-Gap
RUN_122,TRIAD_041,A14_FoldBalanced-Gap_B3000,R1,1385197443,987373371,1859,Det/images/normal_train/00535350.png,0,02,easy_clean,0.0019505223,1.0,0.0129091447,normal_replay,FoldBalanced-Gap
RUN_122,TRIAD_041,A14_FoldBalanced-Gap_B3000,R1,1385197443,987373371,1860,Det/images/normal_train/00527653.png,0,07,easy_clean,0.0003716338,1.0,0.0006965124,normal_replay,FoldBalanced-Gap
RUN_122,TRIAD_041,A14_FoldBalanced-Gap_B3000,R1,1385197443,987373371,1861,Det/images/normal_train/00999031.png,0,08,easy_clean,0.0371316415,1.0,0.0548306078,normal_replay,FoldBalanced-Gap
RUN_122,TRIAD_041,A14_FoldBalanced-Gap_B3000,R1,1385197443,987373371,1862,Det/images/normal_train/01242339.png,0,02,easy_clean,0.0004892987,1.0,0.0006235334,normal_replay,FoldBalanced-Gap
RUN_122,TRIAD_041,A14_FoldBalanced-Gap_B3000,R1,1385197443,987373371,1863,Det/images/normal_train/00548559.png,0,00,easy_clean,0.001984544,1.0,0.0041110536,normal_replay,FoldBalanced-Gap
RUN_122,TRIAD_041,A14_FoldBalanced-Gap_B3000,R1,1385197443,987373371,1864,Det/images/normal_train/00984347.png,0,02,easy_clean,0.004352294,1.0,0.0060677265,normal_replay,FoldBalanced-Gap
RUN_122,TRIAD_041,A14_FoldBalanced-Gap_B3000,R1,1385197443,987373371,1865,Det/images/normal_train/00319528.png,0,04,easy_clean,0.0036570585,1.0,0.0108816304,normal_replay,FoldBalanced-Gap
RUN_122,TRIAD_041,A14_FoldBalanced-Gap_B3000,R1,1385197443,987373371,1866,Det/images/normal_train/00404965.png,0,09,easy_clean,0.004010284,1.0,0.0046255737,normal_replay,FoldBalanced-Gap
RUN_122,TRIAD_041,A14_FoldBalanced-Gap_B3000,R1,1385197443,987373371,1867,Det/images/normal_train/00550005.png,0,08,easy_clean,0.0063363381,1.0,0.0066896338,normal_replay,FoldBalanced-Gap
RUN_122,TRIAD_041,A14_FoldBalanced-Gap_B3000,R1,1385197443,987373371,1868,Det/images/normal_train/00410921.png,0,00,easy_clean,0.0020550159,1.0,0.0029803411,normal_replay,FoldBalanced-Gap
RUN_122,TRIAD_041,A14_FoldBalanced-Gap_B3000,R1,1385197443,987373371,1869,Det/images/normal_train/01218346.png,0,03,ordinary,0.0970499327,1.0,0.0556780233,normal_replay,FoldBalanced-Gap
RUN_122,TRIAD_041,A14_FoldBalanced-Gap_B3000,R1,1385197443,987373371,1870,Det/images/normal_train/01155605.png,0,07,easy_clean,0.0011813276,1.0,0.0020901227,normal_replay,FoldBalanced-Gap
RUN_122,TRIAD_041,A14_FoldBalanced-Gap_B3000,R1,1385197443,987373371,1871,Det/images/normal_train/00930410.png,0,09,unstable_boundary,0.4217815068,0.675,0.1402299937,normal_replay,FoldBalanced-Gap
RUN_122,TRIAD_041,A14_FoldBalanced-Gap_B3000,R1,1385197443,987373371,1872,Det/images/normal_train/00212193.png,0,05,easy_clean,0.0100076182,1.0,0.0200645534,normal_replay,FoldBalanced-Gap
RUN_122,TRIAD_041,A14_FoldBalanced-Gap_B3000,R1,1385197443,987373371,1873,Det/images/normal_train/01268340.png,0,05,easy_clean,0.0087170305,1.0,0.009679359,normal_replay,FoldBalanced-Gap
RUN_122,TRIAD_041,A14_FoldBalanced-Gap_B3000,R1,1385197443,987373371,1874,Det/images/normal_train/01202245.png,0,08,learnable_hard,0.1717386409,0.995,0.09861176,normal_replay,FoldBalanced-Gap
RUN_122,TRIAD_041,A14_FoldBalanced-Gap_B3000,R1,1385197443,987373371,1875,Det/images/normal_train/00888699.png,0,08,easy_clean,0.0057667719,1.0,0.0196891596,normal_replay,FoldBalanced-Gap
RUN_122,TRIAD_041,A14_FoldBalanced-Gap_B3000,R1,1385197443,987373371,1876,Det/images/normal_train/00614073.png,0,05,easy_clean,0.0163137932,1.0,0.0192181308,normal_replay,FoldBalanced-Gap
RUN_122,TRIAD_041,A14_FoldBalanced-Gap_B3000,R1,1385197443,987373371,1877,Det/images/normal_train/00413501.png,0,08,easy_clean,0.0064042178,1.0,0.0174622431,normal_replay,FoldBalanced-Gap
RUN_122,TRIAD_041,A14_FoldBalanced-Gap_B3000,R1,1385197443,987373371,1878,Det/images/normal_train/00862557.png,0,07,easy_clean,0.0020188604,1.0,0.0026189243,normal_replay,FoldBalanced-Gap
RUN_122,TRIAD_041,A14_FoldBalanced-Gap_B3000,R1,1385197443,987373371,1879,Det/images/normal_train/00259299.png,0,08,easy_clean,0.0009229713,1.0,0.0013500245,normal_replay,FoldBalanced-Gap
RUN_122,TRIAD_041,A14_FoldBalanced-Gap_B3000,R1,1385197443,987373371,1880,Det/images/normal_train/00625511.png,0,08,easy_clean,0.0151971467,1.0,0.0167232161,normal_replay,FoldBalanced-Gap
RUN_122,TRIAD_041,A14_FoldBalanced-Gap_B3000,R1,1385197443,987373371,1881,Det/images/normal_train/00391798.png,0,02,easy_clean,0.0265536597,1.0,0.0346637664,normal_replay,FoldBalanced-Gap
RUN_122,TRIAD_041,A14_FoldBalanced-Gap_B3000,R1,1385197443,987373371,1882,Det/images/normal_train/01138443.png,0,02,easy_clean,0.0058439541,1.0,0.0069981707,normal_replay,FoldBalanced-Gap
RUN_122,TRIAD_041,A14_FoldBalanced-Gap_B3000,R1,1385197443,987373371,1883,Det/images/normal_train/00531408.png,0,04,easy_clean,0.0111280274,1.0,0.0094405782,normal_replay,FoldBalanced-Gap
RUN_122,TRIAD_041,A14_FoldBalanced-Gap_B3000,R1,1385197443,987373371,1884,Det/images/normal_train/00343255.png,0,02,easy_clean,0.0080484601,1.0,0.0254375302,normal_replay,FoldBalanced-Gap
RUN_122,TRIAD_041,A14_FoldBalanced-Gap_B3000,R1,1385197443,987373371,1885,Det/images/normal_train/00745223.png,0,03,easy_clean,0.001552602,1.0,0.006956581,normal_replay,FoldBalanced-Gap
RUN_122,TRIAD_041,A14_FoldBalanced-Gap_B3000,R1,1385197443,987373371,1886,Det/images/normal_train/01124984.png,0,08,easy_clean,0.0115940489,1.0,0.0294546658,normal_replay,FoldBalanced-Gap
RUN_122,TRIAD_041,A14_FoldBalanced-Gap_B3000,R1,1385197443,987373371,1887,Det/images/normal_train/01075542.png,0,05,learnable_hard,0.1354726346,0.995,0.0697648518,normal_replay,FoldBalanced-Gap
RUN_122,TRIAD_041,A14_FoldBalanced-Gap_B3000,R1,1385197443,987373371,1888,Det/images/normal_train/00987278.png,0,05,easy_clean,0.0034248401,1.0,0.0033540902,normal_replay,FoldBalanced-Gap
RUN_122,TRIAD_041,A14_FoldBalanced-Gap_B3000,R1,1385197443,987373371,1889,Det/images/normal_train/00548160.png,0,00,easy_clean,0.0078422029,1.0,0.010085182,normal_replay,FoldBalanced-Gap
RUN_122,TRIAD_041,A14_FoldBalanced-Gap_B3000,R1,1385197443,987373371,1890,Det/images/normal_train/01060251.png,0,01,easy_clean,0.0231997809,1.0,0.0371146102,normal_replay,FoldBalanced-Gap
RUN_122,TRIAD_041,A14_FoldBalanced-Gap_B3000,R1,1385197443,987373371,1891,Det/images/normal_train/01028575.png,0,06,easy_clean,0.0338604683,1.0,0.0206117933,normal_replay,FoldBalanced-Gap
RUN_122,TRIAD_041,A14_FoldBalanced-Gap_B3000,R1,1385197443,987373371,1892,Det/images/normal_train/00563409.png,0,06,easy_clean,0.0023427127,1.0,0.0041218663,normal_replay,FoldBalanced-Gap
RUN_122,TRIAD_041,A14_FoldBalanced-Gap_B3000,R1,1385197443,987373371,1893,Det/images/normal_train/00285640.png,0,00,easy_clean,0.0018095606,1.0,0.0022228209,normal_replay,FoldBalanced-Gap
RUN_122,TRIAD_041,A14_FoldBalanced-Gap_B3000,R1,1385197443,987373371,1894,Det/images/normal_train/00605409.png,0,01,learnable_hard,0.0573747711,0.995,0.0767744015,normal_replay,FoldBalanced-Gap
RUN_122,TRIAD_041,A14_FoldBalanced-Gap_B3000,R1,1385197443,987373371,1895,Det/images/normal_train/00838950.png,0,05,easy_clean,0.0006182851,1.0,0.0014724118,normal_replay,FoldBalanced-Gap
RUN_122,TRIAD_041,A14_FoldBalanced-Gap_B3000,R1,1385197443,987373371,1896,Det/images/normal_train/01017667.png,0,07,easy_clean,0.0195305551,1.0,0.0228566426,normal_replay,FoldBalanced-Gap
RUN_122,TRIAD_041,A14_FoldBalanced-Gap_B3000,R1,1385197443,987373371,1897,Det/images/normal_train/00364948.png,0,08,learnable_hard,0.1021089417,0.97,0.1230779056,normal_replay,FoldBalanced-Gap
RUN_122,TRIAD_041,A14_FoldBalanced-Gap_B3000,R1,1385197443,987373371,1898,Det/images/normal_train/00580415.png,0,02,easy_clean,0.0190862395,1.0,0.0245892029,normal_replay,FoldBalanced-Gap
RUN_122,TRIAD_041,A14_FoldBalanced-Gap_B3000,R1,1385197443,987373371,1899,Det/images/normal_train/00407164.png,0,00,easy_clean,0.0032589407,1.0,0.0038335434,normal_replay,FoldBalanced-Gap
RUN_122,TRIAD_041,A14_FoldBalanced-Gap_B3000,R1,1385197443,987373371,1900,Det/images/normal_train/00416969.png,0,05,persistent_hard,0.6990596178,0.015,0.1144262049,normal_replay,FoldBalanced-Gap
RUN_122,TRIAD_041,A14_FoldBalanced-Gap_B3000,R1,1385197443,987373371,1901,Det/images/normal_train/01299091.png,0,03,ordinary,0.1166957446,1.0,0.0499192678,normal_replay,FoldBalanced-Gap
RUN_122,TRIAD_041,A14_FoldBalanced-Gap_B3000,R1,1385197443,987373371,1902,Det/images/normal_train/01020646.png,0,02,easy_clean,0.0744922209,1.0,0.0388232329,normal_replay,FoldBalanced-Gap
RUN_122,TRIAD_041,A14_FoldBalanced-Gap_B3000,R1,1385197443,987373371,1903,Det/images/normal_train/00803308.png,0,05,easy_clean,0.0143594892,1.0,0.0196096285,normal_replay,FoldBalanced-Gap
RUN_122,TRIAD_041,A14_FoldBalanced-Gap_B3000,R1,1385197443,987373371,1904,Det/images/normal_train/01274921.png,0,08,learnable_hard,0.1389417053,0.995,0.1047778107,normal_replay,FoldBalanced-Gap
RUN_122,TRIAD_041,A14_FoldBalanced-Gap_B3000,R1,1385197443,987373371,1905,Det/images/normal_train/00727618.png,0,04,easy_clean,0.0003741348,1.0,0.0011712372,normal_replay,FoldBalanced-Gap
RUN_122,TRIAD_041,A14_FoldBalanced-Gap_B3000,R1,1385197443,987373371,1906,Det/images/normal_train/01246359.png,0,01,easy_clean,0.004092456,1.0,0.0063135112,normal_replay,FoldBalanced-Gap
RUN_122,TRIAD_041,A14_FoldBalanced-Gap_B3000,R1,1385197443,987373371,1907,Det/images/normal_train/00928891.png,0,03,easy_clean,0.0051391394,1.0,0.0056493609,normal_replay,FoldBalanced-Gap
RUN_122,TRIAD_041,A14_FoldBalanced-Gap_B3000,R1,1385197443,987373371,1908,Det/images/normal_train/01073122.png,0,07,easy_clean,0.009288084,1.0,0.0107242889,normal_replay,FoldBalanced-Gap
RUN_122,TRIAD_041,A14_FoldBalanced-Gap_B3000,R1,1385197443,987373371,1909,Det/images/normal_train/00845721.png,0,04,easy_clean,0.0021491526,1.0,0.0028265014,normal_replay,FoldBalanced-Gap
RUN_122,TRIAD_041,A14_FoldBalanced-Gap_B3000,R1,1385197443,987373371,1910,Det/images/normal_train/01091821.png,0,02,easy_clean,0.0700880151,1.0,0.0406481496,normal_replay,FoldBalanced-Gap
RUN_122,TRIAD_041,A14_FoldBalanced-Gap_B3000,R1,1385197443,987373371,1911,Det/images/normal_train/00951651.png,0,08,easy_clean,0.0195367625,1.0,0.0288609837,normal_replay,FoldBalanced-Gap
RUN_122,TRIAD_041,A14_FoldBalanced-Gap_B3000,R1,1385197443,987373371,1912,Det/images/normal_train/01094524.png,0,05,easy_clean,0.0300269202,1.0,0.0324918826,normal_replay,FoldBalanced-Gap
RUN_122,TRIAD_041,A14_FoldBalanced-Gap_B3000,R1,1385197443,987373371,1913,Det/images/normal_train/00476913.png,0,09,easy_clean,0.005231096,1.0,0.0115435968,normal_replay,FoldBalanced-Gap
RUN_122,TRIAD_041,A14_FoldBalanced-Gap_B3000,R1,1385197443,987373371,1914,Det/images/normal_train/00373709.png,0,03,easy_clean,0.0041316222,1.0,0.0057022451,normal_replay,FoldBalanced-Gap
RUN_122,TRIAD_041,A14_FoldBalanced-Gap_B3000,R1,1385197443,987373371,1915,Det/images/normal_train/01247410.png,0,02,easy_clean,0.0155692246,1.0,0.0374892356,normal_replay,FoldBalanced-Gap
RUN_122,TRIAD_041,A14_FoldBalanced-Gap_B3000,R1,1385197443,987373371,1916,Det/images/normal_train/01039825.png,0,01,learnable_hard,0.048214471,0.98,0.1032138153,normal_replay,FoldBalanced-Gap
RUN_122,TRIAD_041,A14_FoldBalanced-Gap_B3000,R1,1385197443,987373371,1917,Det/images/normal_train/00846550.png,0,01,easy_clean,0.0011440926,1.0,0.0027660255,normal_replay,FoldBalanced-Gap
RUN_122,TRIAD_041,A14_FoldBalanced-Gap_B3000,R1,1385197443,987373371,1918,Det/images/normal_train/01287146.png,0,06,easy_clean,0.0364618406,1.0,0.0310680062,normal_replay,FoldBalanced-Gap
RUN_122,TRIAD_041,A14_FoldBalanced-Gap_B3000,R1,1385197443,987373371,1919,Det/images/normal_train/01204564.png,0,09,learnable_hard,0.1432163861,0.94,0.1374300018,normal_replay,FoldBalanced-Gap
RUN_122,TRIAD_041,A14_FoldBalanced-Gap_B3000,R1,1385197443,987373371,1920,Det/images/normal_train/01078286.png,0,06,ordinary,0.1419488224,0.94,0.1596747974,normal_replay,FoldBalanced-Gap
RUN_122,TRIAD_041,A14_FoldBalanced-Gap_B3000,R1,1385197443,987373371,1921,Det/images/normal_train/00517843.png,0,08,easy_clean,0.0033533945,1.0,0.0058824871,normal_replay,FoldBalanced-Gap
RUN_122,TRIAD_041,A14_FoldBalanced-Gap_B3000,R1,1385197443,987373371,1922,Det/images/normal_train/00334547.png,0,06,easy_clean,0.0041495936,1.0,0.0052209185,normal_replay,FoldBalanced-Gap
RUN_122,TRIAD_041,A14_FoldBalanced-Gap_B3000,R1,1385197443,987373371,1923,Det/images/normal_train/00805650.png,0,07,easy_clean,0.0038683866,1.0,0.0048713143,normal_replay,FoldBalanced-Gap
RUN_122,TRIAD_041,A14_FoldBalanced-Gap_B3000,R1,1385197443,987373371,1924,Det/images/normal_train/00517195.png,0,08,easy_clean,0.001736632,1.0,0.002811085,normal_replay,FoldBalanced-Gap
RUN_122,TRIAD_041,A14_FoldBalanced-Gap_B3000,R1,1385197443,987373371,1925,Det/images/normal_train/00717324.png,0,00,learnable_hard,0.1802382644,0.995,0.0931362306,normal_replay,FoldBalanced-Gap
RUN_122,TRIAD_041,A14_FoldBalanced-Gap_B3000,R1,1385197443,987373371,1926,Det/images/normal_train/00231468.png,0,08,easy_clean,0.0816204824,0.995,0.1009074386,normal_replay,FoldBalanced-Gap
RUN_122,TRIAD_041,A14_FoldBalanced-Gap_B3000,R1,1385197443,987373371,1927,Det/images/normal_train/00678352.png,0,06,unstable_boundary,0.4542004889,0.53,0.0973713329,normal_replay,FoldBalanced-Gap
RUN_122,TRIAD_041,A14_FoldBalanced-Gap_B3000,R1,1385197443,987373371,1928,Det/images/normal_train/01211500.png,0,04,learnable_hard,0.65453665,0.29,0.172914597,normal_replay,FoldBalanced-Gap
RUN_122,TRIAD_041,A14_FoldBalanced-Gap_B3000,R1,1385197443,987373371,1929,Det/images/normal_train/00789048.png,0,09,easy_clean,0.0027844077,1.0,0.0039574329,normal_replay,FoldBalanced-Gap
RUN_122,TRIAD_041,A14_FoldBalanced-Gap_B3000,R1,1385197443,987373371,1930,Det/images/normal_train/00177962.png,0,07,easy_clean,0.0170834944,1.0,0.0159555793,normal_replay,FoldBalanced-Gap
RUN_122,TRIAD_041,A14_FoldBalanced-Gap_B3000,R1,1385197443,987373371,1931,Det/images/normal_train/00468886.png,0,06,easy_clean,0.0265665814,1.0,0.0234878712,normal_replay,FoldBalanced-Gap
RUN_122,TRIAD_041,A14_FoldBalanced-Gap_B3000,R1,1385197443,987373371,1932,Det/images/normal_train/01159152.png,0,04,easy_clean,0.0099974012,1.0,0.0251754421,normal_replay,FoldBalanced-Gap
RUN_122,TRIAD_041,A14_FoldBalanced-Gap_B3000,R1,1385197443,987373371,1933,Det/images/normal_train/01126128.png,0,06,easy_clean,0.0253507437,1.0,0.0243130967,normal_replay,FoldBalanced-Gap
RUN_122,TRIAD_041,A14_FoldBalanced-Gap_B3000,R1,1385197443,987373371,1934,Det/images/normal_train/00857678.png,0,01,easy_clean,0.0021676971,1.0,0.004185727,normal_replay,FoldBalanced-Gap
RUN_122,TRIAD_041,A14_FoldBalanced-Gap_B3000,R1,1385197443,987373371,1935,Det/images/normal_train/00378676.png,0,05,easy_clean,0.0043522988,1.0,0.0050979563,normal_replay,FoldBalanced-Gap
RUN_122,TRIAD_041,A14_FoldBalanced-Gap_B3000,R1,1385197443,987373371,1936,Det/images/normal_train/00199975.png,0,04,easy_clean,0.0426844481,1.0,0.041165867,normal_replay,FoldBalanced-Gap
RUN_122,TRIAD_041,A14_FoldBalanced-Gap_B3000,R1,1385197443,987373371,1937,Det/images/normal_train/01144533.png,0,05,easy_clean,0.0029321012,1.0,0.0038888757,normal_replay,FoldBalanced-Gap
RUN_122,TRIAD_041,A14_FoldBalanced-Gap_B3000,R1,1385197443,987373371,1938,Det/images/normal_train/01026286.png,0,07,easy_clean,0.0069940071,1.0,0.0081701547,normal_replay,FoldBalanced-Gap
RUN_122,TRIAD_041,A14_FoldBalanced-Gap_B3000,R1,1385197443,987373371,1939,Det/images/normal_train/00867448.png,0,05,ordinary,0.330873916,0.84,0.2513529153,normal_replay,FoldBalanced-Gap
RUN_122,TRIAD_041,A14_FoldBalanced-Gap_B3000,R1,1385197443,987373371,1940,Det/images/normal_train/00760725.png,0,04,easy_clean,0.0033850496,1.0,0.0092026202,normal_replay,FoldBalanced-Gap
RUN_122,TRIAD_041,A14_FoldBalanced-Gap_B3000,R1,1385197443,987373371,1941,Det/images/normal_train/01163458.png,0,08,easy_clean,0.02706876,1.0,0.0287848099,normal_replay,FoldBalanced-Gap
RUN_122,TRIAD_041,A14_FoldBalanced-Gap_B3000,R1,1385197443,987373371,1942,Det/images/normal_train/00871591.png,0,07,ordinary,0.3191056569,0.97,0.1189959181,normal_replay,FoldBalanced-Gap
RUN_122,TRIAD_041,A14_FoldBalanced-Gap_B3000,R1,1385197443,987373371,1943,Det/images/normal_train/00367492.png,0,04,easy_clean,0.0556180964,1.0,0.0263540053,normal_replay,FoldBalanced-Gap
RUN_122,TRIAD_041,A14_FoldBalanced-Gap_B3000,R1,1385197443,987373371,1944,Det/images/normal_train/01073233.png,0,07,easy_clean,0.0173368805,1.0,0.022742159,normal_replay,FoldBalanced-Gap
RUN_122,TRIAD_041,A14_FoldBalanced-Gap_B3000,R1,1385197443,987373371,1945,Det/images/normal_train/01022023.png,0,03,ordinary,0.3094429404,0.825,0.1638627667,normal_replay,FoldBalanced-Gap
RUN_122,TRIAD_041,A14_FoldBalanced-Gap_B3000,R1,1385197443,987373371,1946,Det/images/normal_train/01145585.png,0,06,easy_clean,0.0070771924,1.0,0.0059047318,normal_replay,FoldBalanced-Gap
RUN_122,TRIAD_041,A14_FoldBalanced-Gap_B3000,R1,1385197443,987373371,1947,Det/images/normal_train/00361344.png,0,00,easy_clean,0.0075053992,1.0,0.0084155905,normal_replay,FoldBalanced-Gap
RUN_122,TRIAD_041,A14_FoldBalanced-Gap_B3000,R1,1385197443,987373371,1948,Det/images/normal_train/00816269.png,0,00,easy_clean,0.0075404441,1.0,0.0091403064,normal_replay,FoldBalanced-Gap
RUN_122,TRIAD_041,A14_FoldBalanced-Gap_B3000,R1,1385197443,987373371,1949,Det/images/normal_train/01244342.png,0,04,easy_clean,0.0017570159,1.0,0.0021804759,normal_replay,FoldBalanced-Gap
RUN_122,TRIAD_041,A14_FoldBalanced-Gap_B3000,R1,1385197443,987373371,1950,Det/images/normal_train/00280275.png,0,03,learnable_hard,0.0101338705,0.995,0.0582459935,normal_replay,FoldBalanced-Gap
RUN_122,TRIAD_041,A14_FoldBalanced-Gap_B3000,R1,1385197443,987373371,1951,Det/images/normal_train/01028763.png,0,06,easy_clean,0.0265419855,1.0,0.0256407047,normal_replay,FoldBalanced-Gap
RUN_122,TRIAD_041,A14_FoldBalanced-Gap_B3000,R1,1385197443,987373371,1952,Det/images/normal_train/01075335.png,0,05,easy_clean,0.0253936117,1.0,0.0239210499,normal_replay,FoldBalanced-Gap
RUN_122,TRIAD_041,A14_FoldBalanced-Gap_B3000,R1,1385197443,987373371,1953,Det/images/normal_train/00555092.png,0,07,easy_clean,0.0022770794,1.0,0.0035033706,normal_replay,FoldBalanced-Gap
RUN_122,TRIAD_041,A14_FoldBalanced-Gap_B3000,R1,1385197443,987373371,1954,Det/images/normal_train/00268035.png,0,03,easy_clean,0.0006433071,1.0,0.0017057048,normal_replay,FoldBalanced-Gap
RUN_122,TRIAD_041,A14_FoldBalanced-Gap_B3000,R1,1385197443,987373371,1955,Det/images/normal_train/01155181.png,0,07,easy_clean,0.0360639732,1.0,0.0579730575,normal_replay,FoldBalanced-Gap
RUN_122,TRIAD_041,A14_FoldBalanced-Gap_B3000,R1,1385197443,987373371,1956,Det/images/normal_train/00329326.png,0,03,easy_clean,0.0083729859,1.0,0.0222828919,normal_replay,FoldBalanced-Gap
RUN_122,TRIAD_041,A14_FoldBalanced-Gap_B3000,R1,1385197443,987373371,1957,Det/images/normal_train/01096698.png,0,06,ordinary,0.1970467846,1.0,0.1078836921,normal_replay,FoldBalanced-Gap
RUN_122,TRIAD_041,A14_FoldBalanced-Gap_B3000,R1,1385197443,987373371,1958,Det/images/normal_train/01240611.png,0,03,easy_clean,0.0006764408,1.0,0.002237064,normal_replay,FoldBalanced-Gap
RUN_122,TRIAD_041,A14_FoldBalanced-Gap_B3000,R1,1385197443,987373371,1959,Det/images/normal_train/00471530.png,0,00,learnable_hard,0.1270183124,0.995,0.0434439633,normal_replay,FoldBalanced-Gap
RUN_122,TRIAD_041,A14_FoldBalanced-Gap_B3000,R1,1385197443,987373371,1960,Det/images/normal_train/00405134.png,0,05,easy_clean,0.0069869971,1.0,0.0043738646,normal_replay,FoldBalanced-Gap
RUN_122,TRIAD_041,A14_FoldBalanced-Gap_B3000,R1,1385197443,987373371,1961,Det/images/normal_train/01214137.png,0,00,easy_clean,0.0193447897,1.0,0.0348389731,normal_replay,FoldBalanced-Gap
RUN_122,TRIAD_041,A14_FoldBalanced-Gap_B3000,R1,1385197443,987373371,1962,Det/images/normal_train/01125872.png,0,02,easy_clean,0.0336405269,1.0,0.0226306166,normal_replay,FoldBalanced-Gap
RUN_122,TRIAD_041,A14_FoldBalanced-Gap_B3000,R1,1385197443,987373371,1963,Det/images/normal_train/00244761.png,0,07,easy_clean,0.0143187868,1.0,0.0186068774,normal_replay,FoldBalanced-Gap
RUN_122,TRIAD_041,A14_FoldBalanced-Gap_B3000,R1,1385197443,987373371,1964,Det/images/normal_train/01143521.png,0,08,easy_clean,0.0474306829,1.0,0.064410524,normal_replay,FoldBalanced-Gap
RUN_122,TRIAD_041,A14_FoldBalanced-Gap_B3000,R1,1385197443,987373371,1965,Det/images/normal_train/01130273.png,0,00,easy_clean,0.0076352072,1.0,0.0087797217,normal_replay,FoldBalanced-Gap
RUN_122,TRIAD_041,A14_FoldBalanced-Gap_B3000,R1,1385197443,987373371,1966,Det/images/normal_train/00445684.png,0,08,easy_clean,0.0080094608,1.0,0.0122006679,normal_replay,FoldBalanced-Gap
RUN_122,TRIAD_041,A14_FoldBalanced-Gap_B3000,R1,1385197443,987373371,1967,Det/images/normal_train/00817467.png,0,07,easy_clean,0.0515424714,1.0,0.0544531727,normal_replay,FoldBalanced-Gap
RUN_122,TRIAD_041,A14_FoldBalanced-Gap_B3000,R1,1385197443,987373371,1968,Det/images/normal_train/00777276.png,0,08,easy_clean,0.0027797531,1.0,0.0050120359,normal_replay,FoldBalanced-Gap
RUN_122,TRIAD_041,A14_FoldBalanced-Gap_B3000,R1,1385197443,987373371,1969,Det/images/normal_train/00863509.png,0,07,easy_clean,0.0029526618,1.0,0.004442598,normal_replay,FoldBalanced-Gap
RUN_122,TRIAD_041,A14_FoldBalanced-Gap_B3000,R1,1385197443,987373371,1970,Det/images/normal_train/00381936.png,0,05,learnable_hard,0.0554731451,0.985,0.0918978094,normal_replay,FoldBalanced-Gap
RUN_122,TRIAD_041,A14_FoldBalanced-Gap_B3000,R1,1385197443,987373371,1971,Det/images/normal_train/01286854.png,0,00,easy_clean,0.0154005015,1.0,0.0182694875,normal_replay,FoldBalanced-Gap
RUN_122,TRIAD_041,A14_FoldBalanced-Gap_B3000,R1,1385197443,987373371,1972,Det/images/normal_train/01296028.png,0,07,learnable_hard,0.8738223758,0.06,0.1817067769,normal_replay,FoldBalanced-Gap
RUN_122,TRIAD_041,A14_FoldBalanced-Gap_B3000,R1,1385197443,987373371,1973,Det/images/normal_train/00904850.png,0,06,easy_clean,0.0094703959,1.0,0.0122959744,normal_replay,FoldBalanced-Gap
RUN_122,TRIAD_041,A14_FoldBalanced-Gap_B3000,R1,1385197443,987373371,1974,Det/images/normal_train/00317371.png,0,04,easy_clean,0.0009237387,1.0,0.0014743074,normal_replay,FoldBalanced-Gap
RUN_122,TRIAD_041,A14_FoldBalanced-Gap_B3000,R1,1385197443,987373371,1975,Det/images/normal_train/01179349.png,0,07,easy_clean,0.0102362795,1.0,0.0090437955,normal_replay,FoldBalanced-Gap
RUN_122,TRIAD_041,A14_FoldBalanced-Gap_B3000,R1,1385197443,987373371,1976,Det/images/normal_train/00669341.png,0,08,easy_clean,0.0024643864,1.0,0.0077816926,normal_replay,FoldBalanced-Gap
RUN_122,TRIAD_041,A14_FoldBalanced-Gap_B3000,R1,1385197443,987373371,1977,Det/images/normal_train/01085688.png,0,07,easy_clean,0.0891550862,1.0,0.0532798704,normal_replay,FoldBalanced-Gap
RUN_122,TRIAD_041,A14_FoldBalanced-Gap_B3000,R1,1385197443,987373371,1978,Det/images/normal_train/01209316.png,0,08,easy_clean,0.017098659,1.0,0.0207387891,normal_replay,FoldBalanced-Gap
RUN_122,TRIAD_041,A14_FoldBalanced-Gap_B3000,R1,1385197443,987373371,1979,Det/images/normal_train/00579774.png,0,05,easy_clean,0.0017752515,1.0,0.0022674023,normal_replay,FoldBalanced-Gap
RUN_122,TRIAD_041,A14_FoldBalanced-Gap_B3000,R1,1385197443,987373371,1980,Det/images/normal_train/01258607.png,0,03,easy_clean,0.0081287112,1.0,0.013299685,normal_replay,FoldBalanced-Gap
RUN_122,TRIAD_041,A14_FoldBalanced-Gap_B3000,R1,1385197443,987373371,1981,Det/images/normal_train/00548578.png,0,00,learnable_hard,0.1045087989,0.985,0.1208333317,normal_replay,FoldBalanced-Gap
RUN_122,TRIAD_041,A14_FoldBalanced-Gap_B3000,R1,1385197443,987373371,1982,Det/images/normal_train/00238826.png,0,02,learnable_hard,0.0986142097,0.995,0.1097741157,normal_replay,FoldBalanced-Gap
RUN_122,TRIAD_041,A14_FoldBalanced-Gap_B3000,R1,1385197443,987373371,1983,Det/images/normal_train/00315543.png,0,03,learnable_hard,0.136978749,0.99,0.0763653985,normal_replay,FoldBalanced-Gap
RUN_122,TRIAD_041,A14_FoldBalanced-Gap_B3000,R1,1385197443,987373371,1984,Det/images/normal_train/00850399.png,0,07,easy_clean,0.0053681065,1.0,0.0071098014,normal_replay,FoldBalanced-Gap
RUN_122,TRIAD_041,A14_FoldBalanced-Gap_B3000,R1,1385197443,987373371,1985,Det/images/normal_train/01176485.png,0,02,easy_clean,0.0019375201,1.0,0.0034588264,normal_replay,FoldBalanced-Gap
RUN_122,TRIAD_041,A14_FoldBalanced-Gap_B3000,R1,1385197443,987373371,1986,Det/images/normal_train/00618989.png,0,04,easy_clean,0.0003130441,1.0,0.0004352098,normal_replay,FoldBalanced-Gap
RUN_122,TRIAD_041,A14_FoldBalanced-Gap_B3000,R1,1385197443,987373371,1987,Det/images/normal_train/00830769.png,0,06,easy_clean,0.000219301,1.0,0.0003342985,normal_replay,FoldBalanced-Gap
RUN_122,TRIAD_041,A14_FoldBalanced-Gap_B3000,R1,1385197443,987373371,1988,Det/images/normal_train/00858634.png,0,01,easy_clean,0.0009815765,1.0,0.0043954518,normal_replay,FoldBalanced-Gap
RUN_122,TRIAD_041,A14_FoldBalanced-Gap_B3000,R1,1385197443,987373371,1989,Det/images/normal_train/00524195.png,0,02,easy_clean,0.0017071217,1.0,0.0073851331,normal_replay,FoldBalanced-Gap
RUN_122,TRIAD_041,A14_FoldBalanced-Gap_B3000,R1,1385197443,987373371,1990,Det/images/normal_train/01135674.png,0,03,easy_clean,0.0026042929,1.0,0.0085158448,normal_replay,FoldBalanced-Gap
RUN_122,TRIAD_041,A14_FoldBalanced-Gap_B3000,R1,1385197443,987373371,1991,Det/images/normal_train/01217317.png,0,06,easy_clean,0.0836601945,1.0,0.0617598,normal_replay,FoldBalanced-Gap
RUN_122,TRIAD_041,A14_FoldBalanced-Gap_B3000,R1,1385197443,987373371,1992,Det/images/normal_train/00397069.png,0,06,easy_clean,0.0028157632,1.0,0.004928554,normal_replay,FoldBalanced-Gap
RUN_122,TRIAD_041,A14_FoldBalanced-Gap_B3000,R1,1385197443,987373371,1993,Det/images/normal_train/00379590.png,0,02,easy_clean,0.0196462247,1.0,0.0242866337,normal_replay,FoldBalanced-Gap
RUN_122,TRIAD_041,A14_FoldBalanced-Gap_B3000,R1,1385197443,987373371,1994,Det/images/normal_train/00518078.png,0,09,easy_clean,0.0117730312,1.0,0.0142394128,normal_replay,FoldBalanced-Gap
RUN_122,TRIAD_041,A14_FoldBalanced-Gap_B3000,R1,1385197443,987373371,1995,Det/images/normal_train/00350217.png,0,04,easy_clean,0.0436913148,1.0,0.0377433811,normal_replay,FoldBalanced-Gap
RUN_122,TRIAD_041,A14_FoldBalanced-Gap_B3000,R1,1385197443,987373371,1996,Det/images/normal_train/01167449.png,0,01,easy_clean,0.0186488966,1.0,0.0242117836,normal_replay,FoldBalanced-Gap
RUN_122,TRIAD_041,A14_FoldBalanced-Gap_B3000,R1,1385197443,987373371,1997,Det/images/normal_train/01108849.png,0,01,easy_clean,0.0005365493,1.0,0.0009935909,normal_replay,FoldBalanced-Gap
RUN_122,TRIAD_041,A14_FoldBalanced-Gap_B3000,R1,1385197443,987373371,1998,Det/images/normal_train/00814668.png,0,02,easy_clean,0.0055408922,1.0,0.0070069932,normal_replay,FoldBalanced-Gap
RUN_122,TRIAD_041,A14_FoldBalanced-Gap_B3000,R1,1385197443,987373371,1999,Det/images/normal_train/00227054.png,0,04,easy_clean,0.0046470404,1.0,0.0063831786,normal_replay,FoldBalanced-Gap
RUN_122,TRIAD_041,A14_FoldBalanced-Gap_B3000,R1,1385197443,987373371,2000,Det/images/normal_train/01232099.png,0,09,learnable_hard,0.8724887848,0.035,0.1179611229,normal_replay,FoldBalanced-Gap
RUN_122,TRIAD_041,A14_FoldBalanced-Gap_B3000,R1,1385197443,987373371,2001,Det/images/normal_train/00365001.png,0,00,easy_clean,0.0049992273,1.0,0.0045722843,normal_replay,FoldBalanced-Gap
RUN_122,TRIAD_041,A14_FoldBalanced-Gap_B3000,R1,1385197443,987373371,2002,Det/images/normal_train/01137709.png,0,03,learnable_hard,0.0658808924,0.995,0.0768378765,normal_replay,FoldBalanced-Gap
RUN_122,TRIAD_041,A14_FoldBalanced-Gap_B3000,R1,1385197443,987373371,2003,Det/images/normal_train/00863540.png,0,07,easy_clean,0.0006249764,1.0,0.0011906347,normal_replay,FoldBalanced-Gap
RUN_122,TRIAD_041,A14_FoldBalanced-Gap_B3000,R1,1385197443,987373371,2004,Det/images/normal_train/01267437.png,0,04,easy_clean,0.0462482552,1.0,0.0176951137,normal_replay,FoldBalanced-Gap
RUN_122,TRIAD_041,A14_FoldBalanced-Gap_B3000,R1,1385197443,987373371,2005,Det/images/normal_train/00283590.png,0,03,learnable_hard,0.1197713814,0.975,0.1490275668,normal_replay,FoldBalanced-Gap
RUN_122,TRIAD_041,A14_FoldBalanced-Gap_B3000,R1,1385197443,987373371,2006,Det/images/normal_train/00754146.png,0,09,persistent_hard,0.6879235696,0.28,0.2149740294,normal_replay,FoldBalanced-Gap
RUN_122,TRIAD_041,A14_FoldBalanced-Gap_B3000,R1,1385197443,987373371,2007,Det/images/normal_train/00644577.png,0,09,learnable_hard,0.0488358689,0.995,0.0740001278,normal_replay,FoldBalanced-Gap
RUN_122,TRIAD_041,A14_FoldBalanced-Gap_B3000,R1,1385197443,987373371,2008,Det/images/normal_train/00365086.png,0,00,learnable_hard,0.48690014,0.56,0.1817826453,normal_replay,FoldBalanced-Gap
RUN_122,TRIAD_041,A14_FoldBalanced-Gap_B3000,R1,1385197443,987373371,2009,Det/images/normal_train/00284081.png,0,01,easy_clean,0.08059108,1.0,0.0586597784,normal_replay,FoldBalanced-Gap
RUN_122,TRIAD_041,A14_FoldBalanced-Gap_B3000,R1,1385197443,987373371,2010,Det/images/normal_train/01143779.png,0,08,easy_clean,0.063191906,1.0,0.0903421471,normal_replay,FoldBalanced-Gap
RUN_122,TRIAD_041,A14_FoldBalanced-Gap_B3000,R1,1385197443,987373371,2011,Det/images/normal_train/00668397.png,0,04,easy_clean,0.032226181,1.0,0.0483158265,normal_replay,FoldBalanced-Gap
RUN_122,TRIAD_041,A14_FoldBalanced-Gap_B3000,R1,1385197443,987373371,2012,Det/images/normal_train/00937178.png,0,05,easy_clean,0.0178181686,1.0,0.0447398414,normal_replay,FoldBalanced-Gap
RUN_122,TRIAD_041,A14_FoldBalanced-Gap_B3000,R1,1385197443,987373371,2013,Det/images/normal_train/00917046.png,0,08,easy_clean,0.006371587,1.0,0.0072368441,normal_replay,FoldBalanced-Gap
RUN_122,TRIAD_041,A14_FoldBalanced-Gap_B3000,R1,1385197443,987373371,2014,Det/images/normal_train/01084796.png,0,01,easy_clean,0.0055051408,1.0,0.0089052309,normal_replay,FoldBalanced-Gap
RUN_122,TRIAD_041,A14_FoldBalanced-Gap_B3000,R1,1385197443,987373371,2015,Det/images/normal_train/01013626.png,0,01,easy_clean,0.0206430786,1.0,0.0265280475,normal_replay,FoldBalanced-Gap
RUN_122,TRIAD_041,A14_FoldBalanced-Gap_B3000,R1,1385197443,987373371,2016,Det/images/normal_train/00782747.png,0,02,easy_clean,0.000169288,1.0,0.0005498509,normal_replay,FoldBalanced-Gap
RUN_122,TRIAD_041,A14_FoldBalanced-Gap_B3000,R1,1385197443,987373371,2017,Det/images/normal_train/00321025.png,0,03,learnable_hard,0.0495781469,0.995,0.0860198103,normal_replay,FoldBalanced-Gap
RUN_122,TRIAD_041,A14_FoldBalanced-Gap_B3000,R1,1385197443,987373371,2018,Det/images/normal_train/01092001.png,0,03,learnable_hard,0.1386260991,0.99,0.1598773172,normal_replay,FoldBalanced-Gap
RUN_122,TRIAD_041,A14_FoldBalanced-Gap_B3000,R1,1385197443,987373371,2019,Det/images/normal_train/00460955.png,0,09,easy_clean,0.0273787479,1.0,0.0386073737,normal_replay,FoldBalanced-Gap
RUN_122,TRIAD_041,A14_FoldBalanced-Gap_B3000,R1,1385197443,987373371,2020,Det/images/normal_train/00781632.png,0,02,easy_clean,0.0611901423,1.0,0.0527290045,normal_replay,FoldBalanced-Gap
RUN_122,TRIAD_041,A14_FoldBalanced-Gap_B3000,R1,1385197443,987373371,2021,Det/images/normal_train/01203953.png,0,05,easy_clean,0.005642966,1.0,0.0086239598,normal_replay,FoldBalanced-Gap
RUN_122,TRIAD_041,A14_FoldBalanced-Gap_B3000,R1,1385197443,987373371,2022,Det/images/normal_train/00241819.png,0,05,easy_clean,0.0058236689,1.0,0.0097378771,normal_replay,FoldBalanced-Gap
RUN_122,TRIAD_041,A14_FoldBalanced-Gap_B3000,R1,1385197443,987373371,2023,Det/images/normal_train/00640841.png,0,02,easy_clean,0.0282618306,1.0,0.0359781691,normal_replay,FoldBalanced-Gap
RUN_122,TRIAD_041,A14_FoldBalanced-Gap_B3000,R1,1385197443,987373371,2024,Det/images/normal_train/00227029.png,0,04,learnable_hard,0.3066147649,0.96,0.1002501341,normal_replay,FoldBalanced-Gap
RUN_122,TRIAD_041,A14_FoldBalanced-Gap_B3000,R1,1385197443,987373371,2025,Det/images/normal_train/01010716.png,0,00,easy_clean,0.0250321425,1.0,0.0391667686,normal_replay,FoldBalanced-Gap
RUN_122,TRIAD_041,A14_FoldBalanced-Gap_B3000,R1,1385197443,987373371,2026,Det/images/normal_train/00843978.png,0,06,easy_clean,0.000799754,1.0,0.0010222609,normal_replay,FoldBalanced-Gap
RUN_122,TRIAD_041,A14_FoldBalanced-Gap_B3000,R1,1385197443,987373371,2027,Det/images/normal_train/01056824.png,0,08,learnable_hard,0.2644686575,0.895,0.1515273721,normal_replay,FoldBalanced-Gap
RUN_122,TRIAD_041,A14_FoldBalanced-Gap_B3000,R1,1385197443,987373371,2028,Det/images/normal_train/00219988.png,0,09,easy_clean,0.0126823976,1.0,0.0293003696,normal_replay,FoldBalanced-Gap
RUN_122,TRIAD_041,A14_FoldBalanced-Gap_B3000,R1,1385197443,987373371,2029,Det/images/normal_train/01021157.png,0,06,easy_clean,0.0486149491,1.0,0.0484969834,normal_replay,FoldBalanced-Gap
RUN_122,TRIAD_041,A14_FoldBalanced-Gap_B3000,R1,1385197443,987373371,2030,Det/images/normal_train/00799631.png,0,09,easy_clean,0.0336710973,1.0,0.0393709434,normal_replay,FoldBalanced-Gap
RUN_122,TRIAD_041,A14_FoldBalanced-Gap_B3000,R1,1385197443,987373371,2031,Det/images/normal_train/01188461.png,0,01,learnable_hard,0.1305808024,0.995,0.0687543963,normal_replay,FoldBalanced-Gap
RUN_122,TRIAD_041,A14_FoldBalanced-Gap_B3000,R1,1385197443,987373371,2032,Det/images/normal_train/00407041.png,0,00,easy_clean,0.0177475755,1.0,0.0198557336,normal_replay,FoldBalanced-Gap
RUN_122,TRIAD_041,A14_FoldBalanced-Gap_B3000,R1,1385197443,987373371,2033,Det/images/normal_train/01145977.png,0,06,easy_clean,0.0147128724,1.0,0.0121432527,normal_replay,FoldBalanced-Gap
RUN_122,TRIAD_041,A14_FoldBalanced-Gap_B3000,R1,1385197443,987373371,2034,Det/images/normal_train/00460165.png,0,09,easy_clean,0.0002020183,1.0,0.0003444246,normal_replay,FoldBalanced-Gap
RUN_122,TRIAD_041,A14_FoldBalanced-Gap_B3000,R1,1385197443,987373371,2035,Det/images/normal_train/00846887.png,0,01,easy_clean,0.003465564,1.0,0.0068569231,normal_replay,FoldBalanced-Gap
RUN_122,TRIAD_041,A14_FoldBalanced-Gap_B3000,R1,1385197443,987373371,2036,Det/images/normal_train/00514175.png,0,02,easy_clean,0.0005371721,1.0,0.0008969747,normal_replay,FoldBalanced-Gap
RUN_122,TRIAD_041,A14_FoldBalanced-Gap_B3000,R1,1385197443,987373371,2037,Det/images/normal_train/00551287.png,0,02,learnable_hard,0.0456621324,0.995,0.0761975863,normal_replay,FoldBalanced-Gap
RUN_122,TRIAD_041,A14_FoldBalanced-Gap_B3000,R1,1385197443,987373371,2038,Det/images/normal_train/00799557.png,0,09,easy_clean,0.0003835749,1.0,0.0006891975,normal_replay,FoldBalanced-Gap
RUN_122,TRIAD_041,A14_FoldBalanced-Gap_B3000,R1,1385197443,987373371,2039,Det/images/normal_train/00566518.png,0,07,easy_clean,0.0006141863,1.0,0.0011061377,normal_replay,FoldBalanced-Gap
RUN_122,TRIAD_041,A14_FoldBalanced-Gap_B3000,R1,1385197443,987373371,2040,Det/images/normal_train/00991616.png,0,00,easy_clean,0.0017867334,1.0,0.0019915798,normal_replay,FoldBalanced-Gap
RUN_122,TRIAD_041,A14_FoldBalanced-Gap_B3000,R1,1385197443,987373371,2041,Det/images/normal_train/01241784.png,0,09,easy_clean,0.0015951996,1.0,0.0023363561,normal_replay,FoldBalanced-Gap
RUN_122,TRIAD_041,A14_FoldBalanced-Gap_B3000,R1,1385197443,987373371,2042,Det/images/normal_train/00342535.png,0,02,easy_clean,0.0108389543,1.0,0.0206194773,normal_replay,FoldBalanced-Gap
RUN_122,TRIAD_041,A14_FoldBalanced-Gap_B3000,R1,1385197443,987373371,2043,Det/images/normal_train/00243163.png,0,06,easy_clean,0.0031211239,1.0,0.0039142919,normal_replay,FoldBalanced-Gap
RUN_122,TRIAD_041,A14_FoldBalanced-Gap_B3000,R1,1385197443,987373371,2044,Det/images/normal_train/00827083.png,0,09,easy_clean,0.0006458178,1.0,0.0017961462,normal_replay,FoldBalanced-Gap
RUN_122,TRIAD_041,A14_FoldBalanced-Gap_B3000,R1,1385197443,987373371,2045,Det/images/normal_train/01137840.png,0,03,easy_clean,0.0337841443,1.0,0.0303948853,normal_replay,FoldBalanced-Gap
RUN_122,TRIAD_041,A14_FoldBalanced-Gap_B3000,R1,1385197443,987373371,2046,Det/images/normal_train/01064154.png,0,06,easy_clean,0.0011449531,1.0,0.0035930703,normal_replay,FoldBalanced-Gap
RUN_122,TRIAD_041,A14_FoldBalanced-Gap_B3000,R1,1385197443,987373371,2047,Det/images/normal_train/01228588.png,0,02,learnable_hard,0.269079398,0.77,0.2262183102,normal_replay,FoldBalanced-Gap
RUN_122,TRIAD_041,A14_FoldBalanced-Gap_B3000,R1,1385197443,987373371,2048,Det/images/normal_train/00512841.png,0,05,easy_clean,0.0015758842,1.0,0.0024267592,normal_replay,FoldBalanced-Gap
RUN_122,TRIAD_041,A14_FoldBalanced-Gap_B3000,R1,1385197443,987373371,2049,Det/images/normal_train/00882156.png,0,03,easy_clean,0.0142774375,1.0,0.0244002216,normal_replay,FoldBalanced-Gap
RUN_122,TRIAD_041,A14_FoldBalanced-Gap_B3000,R1,1385197443,987373371,2050,Det/images/normal_train/00863047.png,0,07,learnable_hard,0.1490628714,0.985,0.138814778,normal_replay,FoldBalanced-Gap
RUN_122,TRIAD_041,A14_FoldBalanced-Gap_B3000,R1,1385197443,987373371,2051,Det/images/normal_train/00861753.png,0,09,easy_clean,0.0012546915,1.0,0.0016117333,normal_replay,FoldBalanced-Gap
RUN_122,TRIAD_041,A14_FoldBalanced-Gap_B3000,R1,1385197443,987373371,2052,Det/images/normal_train/00252353.png,0,08,easy_clean,0.0330499799,1.0,0.0320718997,normal_replay,FoldBalanced-Gap
RUN_122,TRIAD_041,A14_FoldBalanced-Gap_B3000,R1,1385197443,987373371,2053,Det/images/normal_train/00632386.png,0,09,easy_clean,0.0193500953,1.0,0.0212209924,normal_replay,FoldBalanced-Gap
RUN_122,TRIAD_041,A14_FoldBalanced-Gap_B3000,R1,1385197443,987373371,2054,Det/images/normal_train/00861646.png,0,09,easy_clean,9.49733e-05,1.0,0.0002300874,normal_replay,FoldBalanced-Gap
RUN_122,TRIAD_041,A14_FoldBalanced-Gap_B3000,R1,1385197443,987373371,2055,Det/images/normal_train/00920596.png,0,09,easy_clean,0.0053061128,1.0,0.0169331222,normal_replay,FoldBalanced-Gap
RUN_122,TRIAD_041,A14_FoldBalanced-Gap_B3000,R1,1385197443,987373371,2056,Det/images/normal_train/00336215.png,0,03,learnable_hard,0.0453019059,0.995,0.0675946474,normal_replay,FoldBalanced-Gap
RUN_122,TRIAD_041,A14_FoldBalanced-Gap_B3000,R1,1385197443,987373371,2057,Det/images/normal_train/01163328.png,0,08,ordinary,0.1038202818,1.0,0.0275413842,normal_replay,FoldBalanced-Gap
RUN_122,TRIAD_041,A14_FoldBalanced-Gap_B3000,R1,1385197443,987373371,2058,Det/images/normal_train/00848201.png,0,07,easy_clean,0.031738447,1.0,0.0311913397,normal_replay,FoldBalanced-Gap
RUN_122,TRIAD_041,A14_FoldBalanced-Gap_B3000,R1,1385197443,987373371,2059,Det/images/normal_train/00848674.png,0,07,easy_clean,0.0151224314,1.0,0.0187728628,normal_replay,FoldBalanced-Gap
RUN_122,TRIAD_041,A14_FoldBalanced-Gap_B3000,R1,1385197443,987373371,2060,Det/images/normal_train/00181200.png,0,09,easy_clean,0.0027752016,1.0,0.0040736474,normal_replay,FoldBalanced-Gap
RUN_122,TRIAD_041,A14_FoldBalanced-Gap_B3000,R1,1385197443,987373371,2061,Det/images/normal_train/00844554.png,0,00,easy_clean,0.0138696839,1.0,0.0133565826,normal_replay,FoldBalanced-Gap
RUN_122,TRIAD_041,A14_FoldBalanced-Gap_B3000,R1,1385197443,987373371,2062,Det/images/normal_train/01258287.png,0,03,ordinary,0.1483810152,1.0,0.1117979601,normal_replay,FoldBalanced-Gap
RUN_122,TRIAD_041,A14_FoldBalanced-Gap_B3000,R1,1385197443,987373371,2063,Det/images/normal_train/01203577.png,0,05,easy_clean,0.0225990385,1.0,0.0217645546,normal_replay,FoldBalanced-Gap
RUN_122,TRIAD_041,A14_FoldBalanced-Gap_B3000,R1,1385197443,987373371,2064,Det/images/normal_train/00242321.png,0,01,easy_clean,0.0146187267,1.0,0.0164434489,normal_replay,FoldBalanced-Gap
RUN_122,TRIAD_041,A14_FoldBalanced-Gap_B3000,R1,1385197443,987373371,2065,Det/images/normal_train/01023120.png,0,00,easy_clean,0.0066444608,1.0,0.0089707824,normal_replay,FoldBalanced-Gap
RUN_122,TRIAD_041,A14_FoldBalanced-Gap_B3000,R1,1385197443,987373371,2066,Det/images/normal_train/00533343.png,0,02,easy_clean,0.0034459052,1.0,0.0080712757,normal_replay,FoldBalanced-Gap
RUN_122,TRIAD_041,A14_FoldBalanced-Gap_B3000,R1,1385197443,987373371,2067,Det/images/normal_train/00269175.png,0,03,learnable_hard,0.0799592535,0.995,0.0695470496,normal_replay,FoldBalanced-Gap
RUN_122,TRIAD_041,A14_FoldBalanced-Gap_B3000,R1,1385197443,987373371,2068,Det/images/normal_train/01069823.png,0,09,easy_clean,0.0505967693,1.0,0.0427567533,normal_replay,FoldBalanced-Gap
RUN_122,TRIAD_041,A14_FoldBalanced-Gap_B3000,R1,1385197443,987373371,2069,Det/images/normal_train/00997384.png,0,08,easy_clean,0.0411670078,1.0,0.048867731,normal_replay,FoldBalanced-Gap
RUN_122,TRIAD_041,A14_FoldBalanced-Gap_B3000,R1,1385197443,987373371,2070,Det/images/normal_train/00901275.png,0,06,easy_clean,0.0314720517,1.0,0.0519514413,normal_replay,FoldBalanced-Gap
RUN_122,TRIAD_041,A14_FoldBalanced-Gap_B3000,R1,1385197443,987373371,2071,Det/images/normal_train/00960050.png,0,02,easy_clean,0.0041781404,1.0,0.0041971676,normal_replay,FoldBalanced-Gap
RUN_122,TRIAD_041,A14_FoldBalanced-Gap_B3000,R1,1385197443,987373371,2072,Det/images/normal_train/00850954.png,0,07,easy_clean,0.000407706,1.0,0.00062342,normal_replay,FoldBalanced-Gap
RUN_122,TRIAD_041,A14_FoldBalanced-Gap_B3000,R1,1385197443,987373371,2073,Det/images/normal_train/00263386.png,0,07,easy_clean,0.0068875304,1.0,0.0139886457,normal_replay,FoldBalanced-Gap
RUN_122,TRIAD_041,A14_FoldBalanced-Gap_B3000,R1,1385197443,987373371,2074,Det/images/normal_train/00971551.png,0,02,easy_clean,0.0078281804,1.0,0.0278439512,normal_replay,FoldBalanced-Gap
RUN_122,TRIAD_041,A14_FoldBalanced-Gap_B3000,R1,1385197443,987373371,2075,Det/images/normal_train/00609332.png,0,08,easy_clean,0.0322144609,1.0,0.044613109,normal_replay,FoldBalanced-Gap
RUN_122,TRIAD_041,A14_FoldBalanced-Gap_B3000,R1,1385197443,987373371,2076,Det/images/normal_train/01120476.png,0,06,easy_clean,0.0219721821,1.0,0.0323163739,normal_replay,FoldBalanced-Gap
RUN_122,TRIAD_041,A14_FoldBalanced-Gap_B3000,R1,1385197443,987373371,2077,Det/images/normal_train/00365607.png,0,00,easy_clean,0.014829995,1.0,0.0187004053,normal_replay,FoldBalanced-Gap
RUN_122,TRIAD_041,A14_FoldBalanced-Gap_B3000,R1,1385197443,987373371,2078,Det/images/normal_train/00943853.png,0,09,learnable_hard,0.1216358045,0.995,0.0971343532,normal_replay,FoldBalanced-Gap
RUN_122,TRIAD_041,A14_FoldBalanced-Gap_B3000,R1,1385197443,987373371,2079,Det/images/normal_train/00268598.png,0,03,easy_clean,0.0022739492,1.0,0.0034784064,normal_replay,FoldBalanced-Gap
RUN_122,TRIAD_041,A14_FoldBalanced-Gap_B3000,R1,1385197443,987373371,2080,Det/images/normal_train/00266206.png,0,01,easy_clean,0.0002638502,1.0,0.0003414818,normal_replay,FoldBalanced-Gap
RUN_122,TRIAD_041,A14_FoldBalanced-Gap_B3000,R1,1385197443,987373371,2081,Det/images/normal_train/00591057.png,0,07,easy_clean,0.0045678804,1.0,0.0075266438,normal_replay,FoldBalanced-Gap
RUN_122,TRIAD_041,A14_FoldBalanced-Gap_B3000,R1,1385197443,987373371,2082,Det/images/normal_train/00758918.png,0,04,easy_clean,0.0015678016,1.0,0.0029655498,normal_replay,FoldBalanced-Gap
RUN_122,TRIAD_041,A14_FoldBalanced-Gap_B3000,R1,1385197443,987373371,2083,Det/images/normal_train/00316385.png,0,01,learnable_hard,0.064835541,0.985,0.0777322568,normal_replay,FoldBalanced-Gap
RUN_122,TRIAD_041,A14_FoldBalanced-Gap_B3000,R1,1385197443,987373371,2084,Det/images/normal_train/00791636.png,0,06,learnable_hard,0.0381598187,0.975,0.0972542469,normal_replay,FoldBalanced-Gap
RUN_122,TRIAD_041,A14_FoldBalanced-Gap_B3000,R1,1385197443,987373371,2085,Det/images/normal_train/00533502.png,0,02,easy_clean,0.0082811692,1.0,0.0104370258,normal_replay,FoldBalanced-Gap
RUN_122,TRIAD_041,A14_FoldBalanced-Gap_B3000,R1,1385197443,987373371,2086,Det/images/normal_train/01231061.png,0,09,easy_clean,0.0125395719,1.0,0.0138860905,normal_replay,FoldBalanced-Gap
RUN_122,TRIAD_041,A14_FoldBalanced-Gap_B3000,R1,1385197443,987373371,2087,Det/images/normal_train/00917067.png,0,08,easy_clean,0.0633668946,1.0,0.0460950503,normal_replay,FoldBalanced-Gap
RUN_122,TRIAD_041,A14_FoldBalanced-Gap_B3000,R1,1385197443,987373371,2088,Det/images/normal_train/00970820.png,0,05,learnable_hard,0.0589609047,0.995,0.0803835404,normal_replay,FoldBalanced-Gap
RUN_122,TRIAD_041,A14_FoldBalanced-Gap_B3000,R1,1385197443,987373371,2089,Det/images/normal_train/00812523.png,0,00,easy_clean,0.0004971027,1.0,0.0006925563,normal_replay,FoldBalanced-Gap
RUN_122,TRIAD_041,A14_FoldBalanced-Gap_B3000,R1,1385197443,987373371,2090,Det/images/normal_train/00671111.png,0,00,easy_clean,0.0046779947,1.0,0.0093681781,normal_replay,FoldBalanced-Gap
RUN_122,TRIAD_041,A14_FoldBalanced-Gap_B3000,R1,1385197443,987373371,2091,Det/images/normal_train/00856359.png,0,08,easy_clean,0.0160987996,1.0,0.0210257367,normal_replay,FoldBalanced-Gap
RUN_122,TRIAD_041,A14_FoldBalanced-Gap_B3000,R1,1385197443,987373371,2092,Det/images/normal_train/01187246.png,0,07,learnable_hard,0.3041053597,0.975,0.1545615515,normal_replay,FoldBalanced-Gap
RUN_122,TRIAD_041,A14_FoldBalanced-Gap_B3000,R1,1385197443,987373371,2093,Det/images/normal_train/00262108.png,0,04,easy_clean,0.0013543276,1.0,0.0019713918,normal_replay,FoldBalanced-Gap
RUN_122,TRIAD_041,A14_FoldBalanced-Gap_B3000,R1,1385197443,987373371,2094,Det/images/normal_train/00529660.png,0,03,easy_clean,0.0002790739,1.0,0.0016659142,normal_replay,FoldBalanced-Gap
RUN_122,TRIAD_041,A14_FoldBalanced-Gap_B3000,R1,1385197443,987373371,2095,Det/images/normal_train/00843028.png,0,06,easy_clean,0.007750201,1.0,0.0079914303,normal_replay,FoldBalanced-Gap
RUN_122,TRIAD_041,A14_FoldBalanced-Gap_B3000,R1,1385197443,987373371,2096,Det/images/normal_train/00901478.png,0,06,learnable_hard,0.2489635821,0.98,0.096334128,normal_replay,FoldBalanced-Gap
RUN_122,TRIAD_041,A14_FoldBalanced-Gap_B3000,R1,1385197443,987373371,2097,Det/images/normal_train/00517673.png,0,08,easy_clean,0.0191178284,1.0,0.0187750833,normal_replay,FoldBalanced-Gap
RUN_122,TRIAD_041,A14_FoldBalanced-Gap_B3000,R1,1385197443,987373371,2098,Det/images/normal_train/01138449.png,0,02,easy_clean,0.0098747004,1.0,0.0126355517,normal_replay,FoldBalanced-Gap
RUN_122,TRIAD_041,A14_FoldBalanced-Gap_B3000,R1,1385197443,987373371,2099,Det/images/normal_train/00230490.png,0,02,easy_clean,0.0025913259,1.0,0.0038662559,normal_replay,FoldBalanced-Gap
RUN_122,TRIAD_041,A14_FoldBalanced-Gap_B3000,R1,1385197443,987373371,2100,Det/images/normal_train/00928426.png,0,03,easy_clean,0.0021251832,1.0,0.0044505396,normal_replay,FoldBalanced-Gap
RUN_122,TRIAD_041,A14_FoldBalanced-Gap_B3000,R1,1385197443,987373371,2101,Det/images/normal_train/00390037.png,0,09,easy_clean,0.0174516982,1.0,0.0374691589,normal_replay,FoldBalanced-Gap
RUN_122,TRIAD_041,A14_FoldBalanced-Gap_B3000,R1,1385197443,987373371,2102,Det/images/normal_train/00529903.png,0,03,easy_clean,0.0010211571,1.0,0.0038725717,normal_replay,FoldBalanced-Gap
RUN_122,TRIAD_041,A14_FoldBalanced-Gap_B3000,R1,1385197443,987373371,2103,Det/images/normal_train/00902611.png,0,04,easy_clean,0.0060094511,1.0,0.0151216721,normal_replay,FoldBalanced-Gap
RUN_122,TRIAD_041,A14_FoldBalanced-Gap_B3000,R1,1385197443,987373371,2104,Det/images/normal_train/00710557.png,0,01,easy_clean,0.0100750163,1.0,0.0215076137,normal_replay,FoldBalanced-Gap
RUN_122,TRIAD_041,A14_FoldBalanced-Gap_B3000,R1,1385197443,987373371,2105,Det/images/normal_train/00938493.png,0,08,learnable_hard,0.2434563781,0.985,0.1401641094,normal_replay,FoldBalanced-Gap
RUN_122,TRIAD_041,A14_FoldBalanced-Gap_B3000,R1,1385197443,987373371,2106,Det/images/normal_train/00257608.png,0,09,easy_clean,0.0080301901,1.0,0.0172770201,normal_replay,FoldBalanced-Gap
RUN_122,TRIAD_041,A14_FoldBalanced-Gap_B3000,R1,1385197443,987373371,2107,Det/images/normal_train/00248155.png,0,00,ordinary,0.1447396615,1.0,0.0990401578,normal_replay,FoldBalanced-Gap
RUN_122,TRIAD_041,A14_FoldBalanced-Gap_B3000,R1,1385197443,987373371,2108,Det/images/normal_train/00998052.png,0,03,easy_clean,0.0010704872,1.0,0.0033293989,normal_replay,FoldBalanced-Gap
RUN_122,TRIAD_041,A14_FoldBalanced-Gap_B3000,R1,1385197443,987373371,2109,Det/images/normal_train/01071963.png,0,04,easy_clean,0.0065917476,1.0,0.0101755217,normal_replay,FoldBalanced-Gap
RUN_122,TRIAD_041,A14_FoldBalanced-Gap_B3000,R1,1385197443,987373371,2110,Det/images/normal_train/00153948.png,0,00,ordinary,0.2999481568,0.91,0.1216296289,normal_replay,FoldBalanced-Gap
RUN_122,TRIAD_041,A14_FoldBalanced-Gap_B3000,R1,1385197443,987373371,2111,Det/images/normal_train/00902511.png,0,04,easy_clean,0.0145368757,1.0,0.0208660856,normal_replay,FoldBalanced-Gap
RUN_122,TRIAD_041,A14_FoldBalanced-Gap_B3000,R1,1385197443,987373371,2112,Det/images/normal_train/00437699.png,0,05,easy_clean,0.0017045895,1.0,0.0024822371,normal_replay,FoldBalanced-Gap
RUN_122,TRIAD_041,A14_FoldBalanced-Gap_B3000,R1,1385197443,987373371,2113,Det/images/normal_train/00952861.png,0,09,unstable_boundary,0.3799619915,0.815,0.1211823456,normal_replay,FoldBalanced-Gap
RUN_122,TRIAD_041,A14_FoldBalanced-Gap_B3000,R1,1385197443,987373371,2114,Det/images/normal_train/00589986.png,0,03,easy_clean,0.0066064666,1.0,0.0085678708,normal_replay,FoldBalanced-Gap
RUN_122,TRIAD_041,A14_FoldBalanced-Gap_B3000,R1,1385197443,987373371,2115,Det/images/normal_train/00595846.png,0,01,easy_clean,0.0043317648,1.0,0.0115326321,normal_replay,FoldBalanced-Gap
RUN_122,TRIAD_041,A14_FoldBalanced-Gap_B3000,R1,1385197443,987373371,2116,Det/images/normal_train/00900269.png,0,07,easy_clean,0.0014323168,1.0,0.0057805002,normal_replay,FoldBalanced-Gap
RUN_122,TRIAD_041,A14_FoldBalanced-Gap_B3000,R1,1385197443,987373371,2117,Det/images/normal_train/01261634.png,0,00,easy_clean,0.0528847589,1.0,0.0488135457,normal_replay,FoldBalanced-Gap
RUN_122,TRIAD_041,A14_FoldBalanced-Gap_B3000,R1,1385197443,987373371,2118,Det/images/normal_train/00826902.png,0,03,easy_clean,0.0035730423,1.0,0.0174664817,normal_replay,FoldBalanced-Gap
RUN_122,TRIAD_041,A14_FoldBalanced-Gap_B3000,R1,1385197443,987373371,2119,Det/images/normal_train/01203308.png,0,05,easy_clean,0.0088205331,1.0,0.0117085378,normal_replay,FoldBalanced-Gap
RUN_122,TRIAD_041,A14_FoldBalanced-Gap_B3000,R1,1385197443,987373371,2120,Det/images/normal_train/01035324.png,0,01,easy_clean,0.0136708053,1.0,0.014918628,normal_replay,FoldBalanced-Gap
RUN_122,TRIAD_041,A14_FoldBalanced-Gap_B3000,R1,1385197443,987373371,2121,Det/images/normal_train/01116146.png,0,04,easy_clean,0.0221100876,1.0,0.027667667,normal_replay,FoldBalanced-Gap
RUN_122,TRIAD_041,A14_FoldBalanced-Gap_B3000,R1,1385197443,987373371,2122,Det/images/normal_train/01145813.png,0,06,easy_clean,0.0054828056,1.0,0.0094592784,normal_replay,FoldBalanced-Gap
RUN_122,TRIAD_041,A14_FoldBalanced-Gap_B3000,R1,1385197443,987373371,2123,Det/images/normal_train/00368156.png,0,02,easy_clean,0.0009769248,1.0,0.0015266165,normal_replay,FoldBalanced-Gap
RUN_122,TRIAD_041,A14_FoldBalanced-Gap_B3000,R1,1385197443,987373371,2124,Det/images/normal_train/00262050.png,0,04,easy_clean,0.0059850178,1.0,0.0076398406,normal_replay,FoldBalanced-Gap
RUN_122,TRIAD_041,A14_FoldBalanced-Gap_B3000,R1,1385197443,987373371,2125,Det/images/normal_train/00672251.png,0,09,easy_clean,0.0055150799,1.0,0.0216165202,normal_replay,FoldBalanced-Gap
RUN_122,TRIAD_041,A14_FoldBalanced-Gap_B3000,R1,1385197443,987373371,2126,Det/images/normal_train/01061582.png,0,02,easy_clean,0.0109183991,1.0,0.013169966,normal_replay,FoldBalanced-Gap
RUN_122,TRIAD_041,A14_FoldBalanced-Gap_B3000,R1,1385197443,987373371,2127,Det/images/normal_train/00232170.png,0,00,easy_clean,0.0029695588,1.0,0.0049009053,normal_replay,FoldBalanced-Gap
RUN_122,TRIAD_041,A14_FoldBalanced-Gap_B3000,R1,1385197443,987373371,2128,Det/images/normal_train/01013826.png,0,01,easy_clean,0.0011669323,1.0,0.0016729499,normal_replay,FoldBalanced-Gap
RUN_122,TRIAD_041,A14_FoldBalanced-Gap_B3000,R1,1385197443,987373371,2129,Det/images/normal_train/00679851.png,0,07,easy_clean,0.0127939012,1.0,0.0323544974,normal_replay,FoldBalanced-Gap
RUN_122,TRIAD_041,A14_FoldBalanced-Gap_B3000,R1,1385197443,987373371,2130,Det/images/normal_train/01079008.png,0,02,easy_clean,0.0005756097,1.0,0.0006626334,normal_replay,FoldBalanced-Gap
RUN_122,TRIAD_041,A14_FoldBalanced-Gap_B3000,R1,1385197443,987373371,2131,Det/images/normal_train/01224519.png,0,04,learnable_hard,0.1538412197,0.99,0.1122605299,normal_replay,FoldBalanced-Gap
RUN_122,TRIAD_041,A14_FoldBalanced-Gap_B3000,R1,1385197443,987373371,2132,Det/images/normal_train/00741035.png,0,07,easy_clean,0.0006902705,1.0,0.0025243312,normal_replay,FoldBalanced-Gap
RUN_122,TRIAD_041,A14_FoldBalanced-Gap_B3000,R1,1385197443,987373371,2133,Det/images/normal_train/00891069.png,0,06,easy_clean,0.0577158787,1.0,0.056406775,normal_replay,FoldBalanced-Gap
RUN_122,TRIAD_041,A14_FoldBalanced-Gap_B3000,R1,1385197443,987373371,2134,Det/images/normal_train/00523812.png,0,00,easy_clean,0.0002012865,1.0,0.0003715987,normal_replay,FoldBalanced-Gap
RUN_122,TRIAD_041,A14_FoldBalanced-Gap_B3000,R1,1385197443,987373371,2135,Det/images/normal_train/01143522.png,0,08,easy_clean,0.0196779527,1.0,0.0293219442,normal_replay,FoldBalanced-Gap
RUN_122,TRIAD_041,A14_FoldBalanced-Gap_B3000,R1,1385197443,987373371,2136,Det/images/normal_train/01074492.png,0,04,easy_clean,0.0078340563,1.0,0.0121340827,normal_replay,FoldBalanced-Gap
RUN_122,TRIAD_041,A14_FoldBalanced-Gap_B3000,R1,1385197443,987373371,2137,Det/images/normal_train/00971523.png,0,02,easy_clean,0.0330969299,1.0,0.0510361699,normal_replay,FoldBalanced-Gap
RUN_122,TRIAD_041,A14_FoldBalanced-Gap_B3000,R1,1385197443,987373371,2138,Det/images/normal_train/00377950.png,0,01,easy_clean,0.0354821628,1.0,0.0315745913,normal_replay,FoldBalanced-Gap
RUN_122,TRIAD_041,A14_FoldBalanced-Gap_B3000,R1,1385197443,987373371,2139,Det/images/normal_train/00175970.png,0,06,easy_clean,0.002055565,1.0,0.0028756826,normal_replay,FoldBalanced-Gap
RUN_122,TRIAD_041,A14_FoldBalanced-Gap_B3000,R1,1385197443,987373371,2140,Det/images/normal_train/01080615.png,0,03,learnable_hard,0.1701247709,0.995,0.1464075125,normal_replay,FoldBalanced-Gap
RUN_122,TRIAD_041,A14_FoldBalanced-Gap_B3000,R1,1385197443,987373371,2141,Det/images/normal_train/00372470.png,0,05,easy_clean,0.003204974,1.0,0.0039596477,normal_replay,FoldBalanced-Gap
RUN_122,TRIAD_041,A14_FoldBalanced-Gap_B3000,R1,1385197443,987373371,2142,Det/images/normal_train/00912281.png,0,01,learnable_hard,0.0651234416,0.99,0.0769294433,normal_replay,FoldBalanced-Gap
RUN_122,TRIAD_041,A14_FoldBalanced-Gap_B3000,R1,1385197443,987373371,2143,Det/images/normal_train/00555792.png,0,07,learnable_hard,0.0530812128,0.99,0.0949601298,normal_replay,FoldBalanced-Gap
RUN_122,TRIAD_041,A14_FoldBalanced-Gap_B3000,R1,1385197443,987373371,2144,Det/images/normal_train/00963547.png,0,05,easy_clean,0.0130184197,1.0,0.0131248779,normal_replay,FoldBalanced-Gap
RUN_122,TRIAD_041,A14_FoldBalanced-Gap_B3000,R1,1385197443,987373371,2145,Det/images/normal_train/00282817.png,0,04,easy_clean,0.0123104537,1.0,0.0222597616,normal_replay,FoldBalanced-Gap
RUN_122,TRIAD_041,A14_FoldBalanced-Gap_B3000,R1,1385197443,987373371,2146,Det/images/normal_train/00919618.png,0,04,learnable_hard,0.1384389726,0.99,0.1013379477,normal_replay,FoldBalanced-Gap
RUN_122,TRIAD_041,A14_FoldBalanced-Gap_B3000,R1,1385197443,987373371,2147,Det/images/normal_train/00220113.png,0,04,easy_clean,0.0143437358,1.0,0.0179294594,normal_replay,FoldBalanced-Gap
RUN_122,TRIAD_041,A14_FoldBalanced-Gap_B3000,R1,1385197443,987373371,2148,Det/images/normal_train/00334250.png,0,06,easy_clean,0.0563685722,1.0,0.0734712009,normal_replay,FoldBalanced-Gap
RUN_122,TRIAD_041,A14_FoldBalanced-Gap_B3000,R1,1385197443,987373371,2149,Det/images/normal_train/00884232.png,0,09,learnable_hard,0.0293014255,0.995,0.0602012048,normal_replay,FoldBalanced-Gap
RUN_122,TRIAD_041,A14_FoldBalanced-Gap_B3000,R1,1385197443,987373371,2150,Det/images/normal_train/00635427.png,0,09,easy_clean,0.003510685,1.0,0.00559653,normal_replay,FoldBalanced-Gap
RUN_122,TRIAD_041,A14_FoldBalanced-Gap_B3000,R1,1385197443,987373371,2151,Det/images/normal_train/00175462.png,0,06,easy_clean,0.0701974533,1.0,0.0652634503,normal_replay,FoldBalanced-Gap
RUN_122,TRIAD_041,A14_FoldBalanced-Gap_B3000,R1,1385197443,987373371,2152,Det/images/normal_train/01095052.png,0,01,persistent_hard,0.7061026974,0.215,0.2218629573,normal_replay,FoldBalanced-Gap
RUN_122,TRIAD_041,A14_FoldBalanced-Gap_B3000,R1,1385197443,987373371,2153,Det/images/normal_train/00321722.png,0,03,easy_clean,0.001609516,1.0,0.004784082,normal_replay,FoldBalanced-Gap
RUN_122,TRIAD_041,A14_FoldBalanced-Gap_B3000,R1,1385197443,987373371,2154,Det/images/normal_train/00379895.png,0,02,easy_clean,0.0163778531,1.0,0.0186483278,normal_replay,FoldBalanced-Gap
RUN_122,TRIAD_041,A14_FoldBalanced-Gap_B3000,R1,1385197443,987373371,2155,Det/images/normal_train/00254932.png,0,03,learnable_hard,0.0630833571,0.995,0.0660537477,normal_replay,FoldBalanced-Gap
RUN_122,TRIAD_041,A14_FoldBalanced-Gap_B3000,R1,1385197443,987373371,2156,Det/images/normal_train/00373936.png,0,03,easy_clean,0.0004241531,1.0,0.0034831862,normal_replay,FoldBalanced-Gap
RUN_122,TRIAD_041,A14_FoldBalanced-Gap_B3000,R1,1385197443,987373371,2157,Det/images/normal_train/00551631.png,0,02,easy_clean,0.0028059849,1.0,0.0055922882,normal_replay,FoldBalanced-Gap
RUN_122,TRIAD_041,A14_FoldBalanced-Gap_B3000,R1,1385197443,987373371,2158,Det/images/normal_train/00713312.png,0,06,easy_clean,0.0005444728,1.0,0.0016030029,normal_replay,FoldBalanced-Gap
RUN_122,TRIAD_041,A14_FoldBalanced-Gap_B3000,R1,1385197443,987373371,2159,Det/images/normal_train/01099915.png,0,03,learnable_hard,0.6629271998,0.26,0.2038100684,normal_replay,FoldBalanced-Gap
RUN_122,TRIAD_041,A14_FoldBalanced-Gap_B3000,R1,1385197443,987373371,2160,Det/images/normal_train/01074670.png,0,04,easy_clean,0.0002873316,1.0,0.0004343761,normal_replay,FoldBalanced-Gap
RUN_122,TRIAD_041,A14_FoldBalanced-Gap_B3000,R1,1385197443,987373371,2161,Det/images/normal_train/00775752.png,0,09,easy_clean,0.007692652,1.0,0.024239087,normal_replay,FoldBalanced-Gap
RUN_122,TRIAD_041,A14_FoldBalanced-Gap_B3000,R1,1385197443,987373371,2162,Det/images/normal_train/00511392.png,0,02,learnable_hard,0.0571335466,0.985,0.108122938,normal_replay,FoldBalanced-Gap
RUN_122,TRIAD_041,A14_FoldBalanced-Gap_B3000,R1,1385197443,987373371,2163,Det/images/normal_train/00255870.png,0,08,easy_clean,0.0056224724,1.0,0.0153002035,normal_replay,FoldBalanced-Gap
RUN_122,TRIAD_041,A14_FoldBalanced-Gap_B3000,R1,1385197443,987373371,2164,Det/images/normal_train/00592984.png,0,07,ordinary,0.1185458966,1.0,0.1286022609,normal_replay,FoldBalanced-Gap
RUN_122,TRIAD_041,A14_FoldBalanced-Gap_B3000,R1,1385197443,987373371,2165,Det/images/normal_train/01248698.png,0,06,easy_clean,0.0674504344,1.0,0.056712521,normal_replay,FoldBalanced-Gap
RUN_122,TRIAD_041,A14_FoldBalanced-Gap_B3000,R1,1385197443,987373371,2166,Det/images/normal_train/01167156.png,0,01,easy_clean,0.0293666079,1.0,0.0328340663,normal_replay,FoldBalanced-Gap
RUN_122,TRIAD_041,A14_FoldBalanced-Gap_B3000,R1,1385197443,987373371,2167,Det/images/normal_train/01079173.png,0,02,easy_clean,0.0220479217,1.0,0.035933903,normal_replay,FoldBalanced-Gap
RUN_122,TRIAD_041,A14_FoldBalanced-Gap_B3000,R1,1385197443,987373371,2168,Det/images/normal_train/00516606.png,0,04,easy_clean,0.0018078531,1.0,0.0030500114,normal_replay,FoldBalanced-Gap
RUN_122,TRIAD_041,A14_FoldBalanced-Gap_B3000,R1,1385197443,987373371,2169,Det/images/normal_train/00364469.png,0,08,ordinary,0.1319641992,1.0,0.1414793509,normal_replay,FoldBalanced-Gap
RUN_122,TRIAD_041,A14_FoldBalanced-Gap_B3000,R1,1385197443,987373371,2170,Det/images/normal_train/00201970.png,0,08,easy_clean,0.0465233731,1.0,0.0397806672,normal_replay,FoldBalanced-Gap
RUN_122,TRIAD_041,A14_FoldBalanced-Gap_B3000,R1,1385197443,987373371,2171,Det/images/normal_train/00277274.png,0,04,learnable_hard,0.0995186696,0.95,0.145501775,normal_replay,FoldBalanced-Gap
RUN_122,TRIAD_041,A14_FoldBalanced-Gap_B3000,R1,1385197443,987373371,2172,Det/images/normal_train/00678332.png,0,06,easy_clean,0.0628689574,1.0,0.0622123916,normal_replay,FoldBalanced-Gap
RUN_122,TRIAD_041,A14_FoldBalanced-Gap_B3000,R1,1385197443,987373371,2173,Det/images/normal_train/00215967.png,0,07,easy_clean,0.0046933143,1.0,0.0195812551,normal_replay,FoldBalanced-Gap
RUN_122,TRIAD_041,A14_FoldBalanced-Gap_B3000,R1,1385197443,987373371,2174,Det/images/normal_train/00844564.png,0,00,easy_clean,0.0084198681,1.0,0.0085104964,normal_replay,FoldBalanced-Gap
RUN_122,TRIAD_041,A14_FoldBalanced-Gap_B3000,R1,1385197443,987373371,2175,Det/images/normal_train/00305392.png,0,02,learnable_hard,0.0588057329,0.995,0.0515225891,normal_replay,FoldBalanced-Gap
RUN_122,TRIAD_041,A14_FoldBalanced-Gap_B3000,R1,1385197443,987373371,2176,Det/images/normal_train/00794417.png,0,08,easy_clean,0.0002892365,1.0,0.0005392102,normal_replay,FoldBalanced-Gap
RUN_122,TRIAD_041,A14_FoldBalanced-Gap_B3000,R1,1385197443,987373371,2177,Det/images/normal_train/00556885.png,0,04,easy_clean,0.0014400319,1.0,0.0147821485,normal_replay,FoldBalanced-Gap
RUN_122,TRIAD_041,A14_FoldBalanced-Gap_B3000,R1,1385197443,987373371,2178,Det/images/normal_train/00687674.png,0,01,easy_clean,0.0050711903,1.0,0.0194717291,normal_replay,FoldBalanced-Gap
RUN_122,TRIAD_041,A14_FoldBalanced-Gap_B3000,R1,1385197443,987373371,2179,Det/images/normal_train/01175717.png,0,05,easy_clean,0.0408958333,1.0,0.038373169,normal_replay,FoldBalanced-Gap
RUN_122,TRIAD_041,A14_FoldBalanced-Gap_B3000,R1,1385197443,987373371,2180,Det/images/normal_train/01274529.png,0,08,easy_clean,0.0027874273,1.0,0.0035936996,normal_replay,FoldBalanced-Gap
RUN_122,TRIAD_041,A14_FoldBalanced-Gap_B3000,R1,1385197443,987373371,2181,Det/images/normal_train/00753963.png,0,01,easy_clean,0.0033615436,1.0,0.0065155954,normal_replay,FoldBalanced-Gap
RUN_122,TRIAD_041,A14_FoldBalanced-Gap_B3000,R1,1385197443,987373371,2182,Det/images/normal_train/00326083.png,0,09,easy_clean,0.0051373281,1.0,0.00630256,normal_replay,FoldBalanced-Gap
RUN_122,TRIAD_041,A14_FoldBalanced-Gap_B3000,R1,1385197443,987373371,2183,Det/images/normal_train/00327920.png,0,06,easy_clean,0.0071228549,1.0,0.0123122779,normal_replay,FoldBalanced-Gap
RUN_122,TRIAD_041,A14_FoldBalanced-Gap_B3000,R1,1385197443,987373371,2184,Det/images/normal_train/01146335.png,0,05,easy_clean,0.0526273436,1.0,0.037666455,normal_replay,FoldBalanced-Gap
RUN_122,TRIAD_041,A14_FoldBalanced-Gap_B3000,R1,1385197443,987373371,2185,Det/images/normal_train/01190605.png,0,02,learnable_hard,0.2203609828,0.995,0.1253679496,normal_replay,FoldBalanced-Gap
RUN_122,TRIAD_041,A14_FoldBalanced-Gap_B3000,R1,1385197443,987373371,2186,Det/images/normal_train/01112647.png,0,07,easy_clean,0.0302204574,1.0,0.0316872904,normal_replay,FoldBalanced-Gap
RUN_122,TRIAD_041,A14_FoldBalanced-Gap_B3000,R1,1385197443,987373371,2187,Det/images/normal_train/00844008.png,0,00,easy_clean,0.0020997604,1.0,0.0025389588,normal_replay,FoldBalanced-Gap
RUN_122,TRIAD_041,A14_FoldBalanced-Gap_B3000,R1,1385197443,987373371,2188,Det/images/normal_train/00952157.png,0,09,easy_clean,0.0351230664,1.0,0.044029183,normal_replay,FoldBalanced-Gap
RUN_122,TRIAD_041,A14_FoldBalanced-Gap_B3000,R1,1385197443,987373371,2189,Det/images/normal_train/01240826.png,0,03,easy_clean,0.0001629609,1.0,0.0007605675,normal_replay,FoldBalanced-Gap
RUN_122,TRIAD_041,A14_FoldBalanced-Gap_B3000,R1,1385197443,987373371,2190,Det/images/normal_train/00967691.png,0,04,easy_clean,0.0024014779,1.0,0.004453436,normal_replay,FoldBalanced-Gap
RUN_122,TRIAD_041,A14_FoldBalanced-Gap_B3000,R1,1385197443,987373371,2191,Det/images/normal_train/00830495.png,0,06,easy_clean,0.0698314536,1.0,0.0720455636,normal_replay,FoldBalanced-Gap
RUN_122,TRIAD_041,A14_FoldBalanced-Gap_B3000,R1,1385197443,987373371,2192,Det/images/normal_train/01094714.png,0,05,easy_clean,0.0431749469,1.0,0.0223450561,normal_replay,FoldBalanced-Gap
RUN_122,TRIAD_041,A14_FoldBalanced-Gap_B3000,R1,1385197443,987373371,2193,Det/images/normal_train/01113827.png,0,07,easy_clean,0.0446237969,1.0,0.0511739559,normal_replay,FoldBalanced-Gap
RUN_122,TRIAD_041,A14_FoldBalanced-Gap_B3000,R1,1385197443,987373371,2194,Det/images/normal_train/01167416.png,0,01,easy_clean,0.0620458856,1.0,0.0739789645,normal_replay,FoldBalanced-Gap
RUN_122,TRIAD_041,A14_FoldBalanced-Gap_B3000,R1,1385197443,987373371,2195,Det/images/normal_train/00912687.png,0,01,easy_clean,0.0431524558,1.0,0.0492772048,normal_replay,FoldBalanced-Gap
RUN_122,TRIAD_041,A14_FoldBalanced-Gap_B3000,R1,1385197443,987373371,2196,Det/images/normal_train/00548165.png,0,00,easy_clean,0.0531076111,1.0,0.0478707168,normal_replay,FoldBalanced-Gap
RUN_122,TRIAD_041,A14_FoldBalanced-Gap_B3000,R1,1385197443,987373371,2197,Det/images/normal_train/00920436.png,0,09,easy_clean,0.0002207121,1.0,0.0009337422,normal_replay,FoldBalanced-Gap
RUN_122,TRIAD_041,A14_FoldBalanced-Gap_B3000,R1,1385197443,987373371,2198,Det/images/normal_train/00555375.png,0,07,easy_clean,0.0019446764,1.0,0.0027649924,normal_replay,FoldBalanced-Gap
RUN_122,TRIAD_041,A14_FoldBalanced-Gap_B3000,R1,1385197443,987373371,2199,Det/images/normal_train/00429519.png,0,01,learnable_hard,0.0750111048,0.995,0.0567405481,normal_replay,FoldBalanced-Gap
RUN_122,TRIAD_041,A14_FoldBalanced-Gap_B3000,R1,1385197443,987373371,2200,Det/images/normal_train/01100296.png,0,06,easy_clean,0.0163270192,1.0,0.0187781586,normal_replay,FoldBalanced-Gap
RUN_122,TRIAD_041,A14_FoldBalanced-Gap_B3000,R1,1385197443,987373371,2201,Det/images/normal_train/00864398.png,0,07,easy_clean,0.0085646831,1.0,0.0149066136,normal_replay,FoldBalanced-Gap
RUN_122,TRIAD_041,A14_FoldBalanced-Gap_B3000,R1,1385197443,987373371,2202,Det/images/normal_train/00821158.png,0,06,easy_clean,0.0035006441,1.0,0.0043371756,normal_replay,FoldBalanced-Gap
RUN_122,TRIAD_041,A14_FoldBalanced-Gap_B3000,R1,1385197443,987373371,2203,Det/images/normal_train/00318380.png,0,01,easy_clean,0.0016221502,1.0,0.0039110688,normal_replay,FoldBalanced-Gap
RUN_122,TRIAD_041,A14_FoldBalanced-Gap_B3000,R1,1385197443,987373371,2204,Det/images/normal_train/00224898.png,0,00,ordinary,0.1053250583,1.0,0.1011345556,normal_replay,FoldBalanced-Gap
RUN_122,TRIAD_041,A14_FoldBalanced-Gap_B3000,R1,1385197443,987373371,2205,Det/images/normal_train/00857241.png,0,01,easy_clean,0.0054455801,1.0,0.0281145101,normal_replay,FoldBalanced-Gap
RUN_122,TRIAD_041,A14_FoldBalanced-Gap_B3000,R1,1385197443,987373371,2206,Det/images/normal_train/00753727.png,0,01,easy_clean,0.0083723377,1.0,0.0117507407,normal_replay,FoldBalanced-Gap
RUN_122,TRIAD_041,A14_FoldBalanced-Gap_B3000,R1,1385197443,987373371,2207,Det/images/normal_train/01259612.png,0,06,easy_clean,0.0101769233,1.0,0.0210381768,normal_replay,FoldBalanced-Gap
RUN_122,TRIAD_041,A14_FoldBalanced-Gap_B3000,R1,1385197443,987373371,2208,Det/images/normal_train/00250773.png,0,09,easy_clean,0.0028459164,1.0,0.0048966638,normal_replay,FoldBalanced-Gap
RUN_122,TRIAD_041,A14_FoldBalanced-Gap_B3000,R1,1385197443,987373371,2209,Det/images/normal_train/01143426.png,0,08,easy_clean,0.0005593407,1.0,0.0008259837,normal_replay,FoldBalanced-Gap
RUN_122,TRIAD_041,A14_FoldBalanced-Gap_B3000,R1,1385197443,987373371,2210,Det/images/normal_train/01053269.png,0,05,easy_clean,0.0022682852,1.0,0.0038815998,normal_replay,FoldBalanced-Gap
RUN_122,TRIAD_041,A14_FoldBalanced-Gap_B3000,R1,1385197443,987373371,2211,Det/images/normal_train/00804025.png,0,09,easy_clean,0.0552820622,1.0,0.0399757936,normal_replay,FoldBalanced-Gap
RUN_122,TRIAD_041,A14_FoldBalanced-Gap_B3000,R1,1385197443,987373371,2212,Det/images/normal_train/00808810.png,0,03,learnable_hard,0.0482484023,0.99,0.0918211574,normal_replay,FoldBalanced-Gap
RUN_122,TRIAD_041,A14_FoldBalanced-Gap_B3000,R1,1385197443,987373371,2213,Det/images/normal_train/00851141.png,0,01,easy_clean,0.0065218659,1.0,0.0085774389,normal_replay,FoldBalanced-Gap
RUN_122,TRIAD_041,A14_FoldBalanced-Gap_B3000,R1,1385197443,987373371,2214,Det/images/normal_train/00444175.png,0,02,easy_clean,0.02107557,1.0,0.0258535831,normal_replay,FoldBalanced-Gap
RUN_122,TRIAD_041,A14_FoldBalanced-Gap_B3000,R1,1385197443,987373371,2215,Det/images/normal_train/00394796.png,0,05,easy_clean,0.0813709796,1.0,0.0579895781,normal_replay,FoldBalanced-Gap
RUN_122,TRIAD_041,A14_FoldBalanced-Gap_B3000,R1,1385197443,987373371,2216,Det/images/normal_train/00825916.png,0,02,easy_clean,0.0029986078,1.0,0.0045858468,normal_replay,FoldBalanced-Gap
RUN_122,TRIAD_041,A14_FoldBalanced-Gap_B3000,R1,1385197443,987373371,2217,Det/images/normal_train/00477894.png,0,00,easy_clean,0.0019893215,1.0,0.0027283211,normal_replay,FoldBalanced-Gap
RUN_122,TRIAD_041,A14_FoldBalanced-Gap_B3000,R1,1385197443,987373371,2218,Det/images/normal_train/00904608.png,0,06,easy_clean,0.0047820145,1.0,0.0060372992,normal_replay,FoldBalanced-Gap
RUN_122,TRIAD_041,A14_FoldBalanced-Gap_B3000,R1,1385197443,987373371,2219,Det/images/normal_train/00419281.png,0,04,learnable_hard,0.0606906419,0.99,0.0795478777,normal_replay,FoldBalanced-Gap
RUN_122,TRIAD_041,A14_FoldBalanced-Gap_B3000,R1,1385197443,987373371,2220,Det/images/normal_train/00816185.png,0,00,easy_clean,0.0020681815,1.0,0.0035198343,normal_replay,FoldBalanced-Gap
RUN_122,TRIAD_041,A14_FoldBalanced-Gap_B3000,R1,1385197443,987373371,2221,Det/images/normal_train/01244038.png,0,04,easy_clean,0.0004347921,1.0,0.0006986573,normal_replay,FoldBalanced-Gap
RUN_122,TRIAD_041,A14_FoldBalanced-Gap_B3000,R1,1385197443,987373371,2222,Det/images/normal_train/01064404.png,0,06,easy_clean,0.0087147137,1.0,0.0128364567,normal_replay,FoldBalanced-Gap
RUN_122,TRIAD_041,A14_FoldBalanced-Gap_B3000,R1,1385197443,987373371,2223,Det/images/normal_train/00563008.png,0,06,easy_clean,0.0066375249,1.0,0.0124616529,normal_replay,FoldBalanced-Gap
RUN_122,TRIAD_041,A14_FoldBalanced-Gap_B3000,R1,1385197443,987373371,2224,Det/images/normal_train/00794227.png,0,08,easy_clean,0.0024170854,1.0,0.0060007625,normal_replay,FoldBalanced-Gap
RUN_122,TRIAD_041,A14_FoldBalanced-Gap_B3000,R1,1385197443,987373371,2225,Det/images/normal_train/00228654.png,0,06,easy_clean,0.077075348,1.0,0.086091067,normal_replay,FoldBalanced-Gap
RUN_122,TRIAD_041,A14_FoldBalanced-Gap_B3000,R1,1385197443,987373371,2226,Det/images/normal_train/00177062.png,0,07,learnable_hard,0.0408639144,0.995,0.0719272527,normal_replay,FoldBalanced-Gap
RUN_122,TRIAD_041,A14_FoldBalanced-Gap_B3000,R1,1385197443,987373371,2227,Det/images/normal_train/01138083.png,0,02,easy_clean,0.0059488114,1.0,0.0076300045,normal_replay,FoldBalanced-Gap
RUN_122,TRIAD_041,A14_FoldBalanced-Gap_B3000,R1,1385197443,987373371,2228,Det/images/normal_train/00204871.png,0,04,easy_clean,0.0024938456,1.0,0.0049016343,normal_replay,FoldBalanced-Gap
RUN_122,TRIAD_041,A14_FoldBalanced-Gap_B3000,R1,1385197443,987373371,2229,Det/images/normal_train/00564766.png,0,04,easy_clean,0.0013873423,1.0,0.0017220492,normal_replay,FoldBalanced-Gap
RUN_122,TRIAD_041,A14_FoldBalanced-Gap_B3000,R1,1385197443,987373371,2230,Det/images/normal_train/01293266.png,0,08,easy_clean,0.0352047472,1.0,0.0377660604,normal_replay,FoldBalanced-Gap
RUN_122,TRIAD_041,A14_FoldBalanced-Gap_B3000,R1,1385197443,987373371,2231,Det/images/normal_train/00334384.png,0,06,easy_clean,0.0100321726,1.0,0.0175619048,normal_replay,FoldBalanced-Gap
RUN_122,TRIAD_041,A14_FoldBalanced-Gap_B3000,R1,1385197443,987373371,2232,Det/images/normal_train/00289954.png,0,07,unstable_boundary,0.4378238308,0.62,0.2067373429,normal_replay,FoldBalanced-Gap
RUN_122,TRIAD_041,A14_FoldBalanced-Gap_B3000,R1,1385197443,987373371,2233,Det/images/normal_train/00831298.png,0,00,easy_clean,0.0014849353,1.0,0.0018855641,normal_replay,FoldBalanced-Gap
RUN_122,TRIAD_041,A14_FoldBalanced-Gap_B3000,R1,1385197443,987373371,2234,Det/images/normal_train/00618288.png,0,04,easy_clean,0.0010756657,1.0,0.0011724421,normal_replay,FoldBalanced-Gap
RUN_122,TRIAD_041,A14_FoldBalanced-Gap_B3000,R1,1385197443,987373371,2235,Det/images/normal_train/00458887.png,0,05,easy_clean,0.0021043575,1.0,0.0026325423,normal_replay,FoldBalanced-Gap
RUN_122,TRIAD_041,A14_FoldBalanced-Gap_B3000,R1,1385197443,987373371,2236,Det/images/normal_train/00858055.png,0,01,easy_clean,0.0008073988,1.0,0.0016423062,normal_replay,FoldBalanced-Gap
RUN_122,TRIAD_041,A14_FoldBalanced-Gap_B3000,R1,1385197443,987373371,2237,Det/images/normal_train/00616296.png,0,00,easy_clean,0.0003389786,1.0,0.0008143182,normal_replay,FoldBalanced-Gap
RUN_122,TRIAD_041,A14_FoldBalanced-Gap_B3000,R1,1385197443,987373371,2238,Det/images/normal_train/00394495.png,0,05,easy_clean,0.0036721249,1.0,0.0054467753,normal_replay,FoldBalanced-Gap
RUN_122,TRIAD_041,A14_FoldBalanced-Gap_B3000,R1,1385197443,987373371,2239,Det/images/normal_train/00909250.png,0,00,learnable_hard,0.74246376,0.08,0.1601029852,normal_replay,FoldBalanced-Gap
RUN_122,TRIAD_041,A14_FoldBalanced-Gap_B3000,R1,1385197443,987373371,2240,Det/images/normal_train/00188797.png,0,06,easy_clean,0.0062098448,1.0,0.0250948478,normal_replay,FoldBalanced-Gap
RUN_122,TRIAD_041,A14_FoldBalanced-Gap_B3000,R1,1385197443,987373371,2241,Det/images/normal_train/00252784.png,0,08,easy_clean,0.00238002,1.0,0.0037015487,normal_replay,FoldBalanced-Gap
RUN_122,TRIAD_041,A14_FoldBalanced-Gap_B3000,R1,1385197443,987373371,2242,Det/images/normal_train/01014839.png,0,04,learnable_hard,0.0572157468,0.99,0.0948720444,normal_replay,FoldBalanced-Gap
RUN_122,TRIAD_041,A14_FoldBalanced-Gap_B3000,R1,1385197443,987373371,2243,Det/images/normal_train/00747233.png,0,06,easy_clean,0.0080895337,1.0,0.0159234617,normal_replay,FoldBalanced-Gap
RUN_122,TRIAD_041,A14_FoldBalanced-Gap_B3000,R1,1385197443,987373371,2244,Det/images/normal_train/00493396.png,0,03,easy_clean,0.0020740273,1.0,0.0080088334,normal_replay,FoldBalanced-Gap
RUN_122,TRIAD_041,A14_FoldBalanced-Gap_B3000,R1,1385197443,987373371,2245,Det/images/normal_train/00357740.png,0,09,easy_clean,0.0036609311,1.0,0.0040917723,normal_replay,FoldBalanced-Gap
RUN_122,TRIAD_041,A14_FoldBalanced-Gap_B3000,R1,1385197443,987373371,2246,Det/images/normal_train/01180739.png,0,04,easy_clean,0.0384487761,1.0,0.0420663367,normal_replay,FoldBalanced-Gap
RUN_122,TRIAD_041,A14_FoldBalanced-Gap_B3000,R1,1385197443,987373371,2247,Det/images/normal_train/00965351.png,0,03,learnable_hard,0.0308688279,0.99,0.0668684641,normal_replay,FoldBalanced-Gap
RUN_122,TRIAD_041,A14_FoldBalanced-Gap_B3000,R1,1385197443,987373371,2248,Det/images/normal_train/00586044.png,0,01,easy_clean,0.0011039482,1.0,0.0053822623,normal_replay,FoldBalanced-Gap
RUN_122,TRIAD_041,A14_FoldBalanced-Gap_B3000,R1,1385197443,987373371,2249,Det/images/normal_train/00458813.png,0,05,easy_clean,0.0112735992,1.0,0.0140415947,normal_replay,FoldBalanced-Gap
RUN_122,TRIAD_041,A14_FoldBalanced-Gap_B3000,R1,1385197443,987373371,2250,Det/images/normal_train/00373598.png,0,03,easy_clean,0.002963489,1.0,0.0039441413,normal_replay,FoldBalanced-Gap
RUN_122,TRIAD_041,A14_FoldBalanced-Gap_B3000,R1,1385197443,987373371,2251,Det/images/normal_train/00324818.png,0,00,easy_clean,0.0005847088,1.0,0.0009896131,normal_replay,FoldBalanced-Gap
RUN_122,TRIAD_041,A14_FoldBalanced-Gap_B3000,R1,1385197443,987373371,2252,Det/images/normal_train/00274186.png,0,05,easy_clean,0.0009923735,1.0,0.0026833276,normal_replay,FoldBalanced-Gap
RUN_122,TRIAD_041,A14_FoldBalanced-Gap_B3000,R1,1385197443,987373371,2253,Det/images/normal_train/00843350.png,0,06,easy_clean,0.001689016,1.0,0.0024567708,normal_replay,FoldBalanced-Gap
RUN_122,TRIAD_041,A14_FoldBalanced-Gap_B3000,R1,1385197443,987373371,2254,Det/images/normal_train/00773696.png,0,01,easy_clean,0.0019182676,1.0,0.0065669926,normal_replay,FoldBalanced-Gap
RUN_122,TRIAD_041,A14_FoldBalanced-Gap_B3000,R1,1385197443,987373371,2255,Det/images/normal_train/01119957.png,0,01,easy_clean,0.0023193518,1.0,0.0098350741,normal_replay,FoldBalanced-Gap
RUN_122,TRIAD_041,A14_FoldBalanced-Gap_B3000,R1,1385197443,987373371,2256,Det/images/normal_train/00325530.png,0,00,easy_clean,0.0007260166,1.0,0.0011311819,normal_replay,FoldBalanced-Gap
RUN_122,TRIAD_041,A14_FoldBalanced-Gap_B3000,R1,1385197443,987373371,2257,Det/images/normal_train/00921102.png,0,02,easy_clean,0.0073757507,1.0,0.0299698913,normal_replay,FoldBalanced-Gap
RUN_122,TRIAD_041,A14_FoldBalanced-Gap_B3000,R1,1385197443,987373371,2258,Det/images/normal_train/00336145.png,0,03,easy_clean,0.0110327421,1.0,0.0162586629,normal_replay,FoldBalanced-Gap
RUN_122,TRIAD_041,A14_FoldBalanced-Gap_B3000,R1,1385197443,987373371,2259,Det/images/normal_train/01114916.png,0,04,easy_clean,0.0134220588,1.0,0.0234905462,normal_replay,FoldBalanced-Gap
RUN_122,TRIAD_041,A14_FoldBalanced-Gap_B3000,R1,1385197443,987373371,2260,Det/images/normal_train/00355229.png,0,01,easy_clean,0.0021291657,1.0,0.0025580855,normal_replay,FoldBalanced-Gap
RUN_122,TRIAD_041,A14_FoldBalanced-Gap_B3000,R1,1385197443,987373371,2261,Det/images/normal_train/00717395.png,0,00,easy_clean,0.0189474157,1.0,0.0237334252,normal_replay,FoldBalanced-Gap
RUN_122,TRIAD_041,A14_FoldBalanced-Gap_B3000,R1,1385197443,987373371,2262,Det/images/normal_train/00315618.png,0,03,easy_clean,0.0029010288,1.0,0.0044258691,normal_replay,FoldBalanced-Gap
RUN_122,TRIAD_041,A14_FoldBalanced-Gap_B3000,R1,1385197443,987373371,2263,Det/images/normal_train/00920611.png,0,09,easy_clean,0.0045490221,1.0,0.0071565063,normal_replay,FoldBalanced-Gap
RUN_122,TRIAD_041,A14_FoldBalanced-Gap_B3000,R1,1385197443,987373371,2264,Det/images/normal_train/00916628.png,0,00,easy_clean,0.0515922457,1.0,0.0373995308,normal_replay,FoldBalanced-Gap
RUN_122,TRIAD_041,A14_FoldBalanced-Gap_B3000,R1,1385197443,987373371,2265,Det/images/normal_train/00320109.png,0,01,easy_clean,0.0067663026,1.0,0.0136191068,normal_replay,FoldBalanced-Gap
RUN_122,TRIAD_041,A14_FoldBalanced-Gap_B3000,R1,1385197443,987373371,2266,Det/images/normal_train/00869300.png,0,03,easy_clean,0.0051248424,1.0,0.0074579654,normal_replay,FoldBalanced-Gap
RUN_122,TRIAD_041,A14_FoldBalanced-Gap_B3000,R1,1385197443,987373371,2267,Det/images/normal_train/00808241.png,0,03,learnable_hard,0.0692111614,0.99,0.0829962054,normal_replay,FoldBalanced-Gap
RUN_122,TRIAD_041,A14_FoldBalanced-Gap_B3000,R1,1385197443,987373371,2268,Det/images/normal_train/00953317.png,0,06,learnable_hard,0.1433665735,0.995,0.0955992533,normal_replay,FoldBalanced-Gap
RUN_122,TRIAD_041,A14_FoldBalanced-Gap_B3000,R1,1385197443,987373371,2269,Det/images/normal_train/00486680.png,0,04,easy_clean,0.0123227115,1.0,0.0217538112,normal_replay,FoldBalanced-Gap
RUN_122,TRIAD_041,A14_FoldBalanced-Gap_B3000,R1,1385197443,987373371,2270,Det/images/normal_train/00959424.png,0,02,easy_clean,0.0585434774,1.0,0.0499670822,normal_replay,FoldBalanced-Gap
RUN_122,TRIAD_041,A14_FoldBalanced-Gap_B3000,R1,1385197443,987373371,2271,Det/images/normal_train/00208902.png,0,01,easy_clean,0.001942744,1.0,0.0026033086,normal_replay,FoldBalanced-Gap
RUN_122,TRIAD_041,A14_FoldBalanced-Gap_B3000,R1,1385197443,987373371,2272,Det/images/normal_train/01151773.png,0,00,easy_clean,0.0113686568,1.0,0.0133465369,normal_replay,FoldBalanced-Gap
RUN_122,TRIAD_041,A14_FoldBalanced-Gap_B3000,R1,1385197443,987373371,2273,Det/images/normal_train/01159086.png,0,04,learnable_hard,0.0134437225,0.995,0.0388613153,normal_replay,FoldBalanced-Gap
RUN_122,TRIAD_041,A14_FoldBalanced-Gap_B3000,R1,1385197443,987373371,2274,Det/images/normal_train/01089473.png,0,01,easy_clean,0.0046490402,1.0,0.0101016098,normal_replay,FoldBalanced-Gap
RUN_122,TRIAD_041,A14_FoldBalanced-Gap_B3000,R1,1385197443,987373371,2275,Det/images/normal_train/00247625.png,0,01,easy_clean,0.0043892377,1.0,0.0158127093,normal_replay,FoldBalanced-Gap
RUN_122,TRIAD_041,A14_FoldBalanced-Gap_B3000,R1,1385197443,987373371,2276,Det/images/normal_train/00186379.png,0,01,easy_clean,0.0001517941,1.0,0.0008261965,normal_replay,FoldBalanced-Gap
RUN_122,TRIAD_041,A14_FoldBalanced-Gap_B3000,R1,1385197443,987373371,2277,Det/images/normal_train/01295101.png,0,04,learnable_hard,0.2649705722,0.985,0.086630571,normal_replay,FoldBalanced-Gap
RUN_122,TRIAD_041,A14_FoldBalanced-Gap_B3000,R1,1385197443,987373371,2278,Det/images/normal_train/00343424.png,0,02,easy_clean,0.0281797074,1.0,0.0294607247,normal_replay,FoldBalanced-Gap
RUN_122,TRIAD_041,A14_FoldBalanced-Gap_B3000,R1,1385197443,987373371,2279,Det/images/normal_train/01242514.png,0,02,easy_clean,0.0003685271,1.0,0.0013616409,normal_replay,FoldBalanced-Gap
RUN_122,TRIAD_041,A14_FoldBalanced-Gap_B3000,R1,1385197443,987373371,2280,Det/images/normal_train/00574699.png,0,03,learnable_hard,0.0630232559,0.995,0.0751090996,normal_replay,FoldBalanced-Gap
RUN_122,TRIAD_041,A14_FoldBalanced-Gap_B3000,R1,1385197443,987373371,2281,Det/images/normal_train/00883430.png,0,05,learnable_hard,0.0909089981,0.99,0.1035380265,normal_replay,FoldBalanced-Gap
RUN_122,TRIAD_041,A14_FoldBalanced-Gap_B3000,R1,1385197443,987373371,2282,Det/images/normal_train/00264239.png,0,07,easy_clean,0.0421742865,1.0,0.0704522331,normal_replay,FoldBalanced-Gap
RUN_122,TRIAD_041,A14_FoldBalanced-Gap_B3000,R1,1385197443,987373371,2283,Det/images/normal_train/01051567.png,0,06,easy_clean,0.0086379438,1.0,0.0117744684,normal_replay,FoldBalanced-Gap
RUN_122,TRIAD_041,A14_FoldBalanced-Gap_B3000,R1,1385197443,987373371,2284,Det/images/normal_train/00666975.png,0,08,easy_clean,0.0163607995,0.995,0.0489673912,normal_replay,FoldBalanced-Gap
RUN_122,TRIAD_041,A14_FoldBalanced-Gap_B3000,R1,1385197443,987373371,2285,Det/images/normal_train/00618841.png,0,04,easy_clean,0.0001434843,1.0,0.0001991626,normal_replay,FoldBalanced-Gap
RUN_122,TRIAD_041,A14_FoldBalanced-Gap_B3000,R1,1385197443,987373371,2286,Det/images/normal_train/00437729.png,0,05,easy_clean,0.0211251331,1.0,0.0269558024,normal_replay,FoldBalanced-Gap
RUN_122,TRIAD_041,A14_FoldBalanced-Gap_B3000,R1,1385197443,987373371,2287,Det/images/normal_train/00282762.png,0,04,learnable_hard,0.0288485835,0.995,0.0609583458,normal_replay,FoldBalanced-Gap
RUN_122,TRIAD_041,A14_FoldBalanced-Gap_B3000,R1,1385197443,987373371,2288,Det/images/normal_train/00928358.png,0,03,easy_clean,0.0726886737,1.0,0.0583778251,normal_replay,FoldBalanced-Gap
RUN_122,TRIAD_041,A14_FoldBalanced-Gap_B3000,R1,1385197443,987373371,2289,Det/images/normal_train/00284726.png,0,01,easy_clean,0.0226079503,1.0,0.0376279382,normal_replay,FoldBalanced-Gap
RUN_122,TRIAD_041,A14_FoldBalanced-Gap_B3000,R1,1385197443,987373371,2290,Det/images/normal_train/00495996.png,0,08,easy_clean,0.0289944381,0.995,0.0609401988,normal_replay,FoldBalanced-Gap
RUN_122,TRIAD_041,A14_FoldBalanced-Gap_B3000,R1,1385197443,987373371,2291,Det/images/normal_train/01106462.png,0,00,learnable_hard,0.0994955429,0.985,0.0974924809,normal_replay,FoldBalanced-Gap
RUN_122,TRIAD_041,A14_FoldBalanced-Gap_B3000,R1,1385197443,987373371,2292,Det/images/normal_train/00964122.png,0,05,easy_clean,0.0326179001,1.0,0.031073655,normal_replay,FoldBalanced-Gap
RUN_122,TRIAD_041,A14_FoldBalanced-Gap_B3000,R1,1385197443,987373371,2293,Det/images/normal_train/00370522.png,0,06,easy_clean,9.74641e-05,1.0,0.0001622732,normal_replay,FoldBalanced-Gap
RUN_122,TRIAD_041,A14_FoldBalanced-Gap_B3000,R1,1385197443,987373371,2294,Det/images/normal_train/00626280.png,0,05,easy_clean,0.0033046908,1.0,0.0033597656,normal_replay,FoldBalanced-Gap
RUN_122,TRIAD_041,A14_FoldBalanced-Gap_B3000,R1,1385197443,987373371,2295,Det/images/normal_train/00556837.png,0,04,easy_clean,0.0045344323,1.0,0.0167123548,normal_replay,FoldBalanced-Gap
RUN_122,TRIAD_041,A14_FoldBalanced-Gap_B3000,R1,1385197443,987373371,2296,Det/images/normal_train/00361456.png,0,00,easy_clean,0.0152087388,1.0,0.0400643915,normal_replay,FoldBalanced-Gap
RUN_122,TRIAD_041,A14_FoldBalanced-Gap_B3000,R1,1385197443,987373371,2297,Det/images/normal_train/00489124.png,0,02,easy_clean,0.0284701223,1.0,0.0356992702,normal_replay,FoldBalanced-Gap
RUN_122,TRIAD_041,A14_FoldBalanced-Gap_B3000,R1,1385197443,987373371,2298,Det/images/normal_train/01164637.png,0,08,easy_clean,0.0095351951,1.0,0.0140313539,normal_replay,FoldBalanced-Gap
RUN_122,TRIAD_041,A14_FoldBalanced-Gap_B3000,R1,1385197443,987373371,2299,Det/images/normal_train/00687815.png,0,01,easy_clean,0.0087803517,1.0,0.0385283592,normal_replay,FoldBalanced-Gap
RUN_122,TRIAD_041,A14_FoldBalanced-Gap_B3000,R1,1385197443,987373371,2300,Det/images/normal_train/00545258.png,0,07,ordinary,0.2466532762,0.91,0.1735975331,normal_replay,FoldBalanced-Gap
RUN_122,TRIAD_041,A14_FoldBalanced-Gap_B3000,R1,1385197443,987373371,2301,Det/images/normal_train/00187254.png,0,03,persistent_hard,0.5794289095,0.47,0.2201183616,normal_replay,FoldBalanced-Gap
RUN_122,TRIAD_041,A14_FoldBalanced-Gap_B3000,R1,1385197443,987373371,2302,Det/images/normal_train/00467870.png,0,01,learnable_hard,0.0432254081,0.995,0.0720782889,normal_replay,FoldBalanced-Gap
RUN_122,TRIAD_041,A14_FoldBalanced-Gap_B3000,R1,1385197443,987373371,2303,Det/images/normal_train/00807970.png,0,08,learnable_hard,0.2085308755,0.995,0.1211631118,normal_replay,FoldBalanced-Gap
RUN_122,TRIAD_041,A14_FoldBalanced-Gap_B3000,R1,1385197443,987373371,2304,Det/images/normal_train/00870329.png,0,08,easy_clean,0.0560956631,1.0,0.0633593762,normal_replay,FoldBalanced-Gap
RUN_122,TRIAD_041,A14_FoldBalanced-Gap_B3000,R1,1385197443,987373371,2305,Det/images/normal_train/00380547.png,0,09,easy_clean,0.0289229284,1.0,0.0172278754,normal_replay,FoldBalanced-Gap
RUN_122,TRIAD_041,A14_FoldBalanced-Gap_B3000,R1,1385197443,987373371,2306,Det/images/normal_train/01126732.png,0,06,learnable_hard,0.0884333941,0.985,0.1052077174,normal_replay,FoldBalanced-Gap
RUN_122,TRIAD_041,A14_FoldBalanced-Gap_B3000,R1,1385197443,987373371,2307,Det/images/normal_train/00214168.png,0,09,easy_clean,0.0064077872,1.0,0.011221931,normal_replay,FoldBalanced-Gap
RUN_122,TRIAD_041,A14_FoldBalanced-Gap_B3000,R1,1385197443,987373371,2308,Det/images/normal_train/00268278.png,0,03,easy_clean,0.000239038,1.0,0.0003811712,normal_replay,FoldBalanced-Gap
RUN_122,TRIAD_041,A14_FoldBalanced-Gap_B3000,R1,1385197443,987373371,2309,Det/images/normal_train/00773127.png,0,01,learnable_hard,0.0417272478,0.995,0.0705953894,normal_replay,FoldBalanced-Gap
RUN_122,TRIAD_041,A14_FoldBalanced-Gap_B3000,R1,1385197443,987373371,2310,Det/images/normal_train/00360720.png,0,08,learnable_hard,0.1532878687,0.995,0.1429035507,normal_replay,FoldBalanced-Gap
RUN_122,TRIAD_041,A14_FoldBalanced-Gap_B3000,R1,1385197443,987373371,2311,Det/images/normal_train/00587105.png,0,00,easy_clean,0.0007373371,1.0,0.0011630978,normal_replay,FoldBalanced-Gap
RUN_122,TRIAD_041,A14_FoldBalanced-Gap_B3000,R1,1385197443,987373371,2312,Det/images/normal_train/00463559.png,0,09,easy_clean,0.006115093,1.0,0.0053089784,normal_replay,FoldBalanced-Gap
RUN_122,TRIAD_041,A14_FoldBalanced-Gap_B3000,R1,1385197443,987373371,2313,Det/images/normal_train/00270523.png,0,04,easy_clean,0.0007587035,1.0,0.0024803859,normal_replay,FoldBalanced-Gap
RUN_122,TRIAD_041,A14_FoldBalanced-Gap_B3000,R1,1385197443,987373371,2314,Det/images/normal_train/00495469.png,0,08,easy_clean,0.0009561568,1.0,0.001562071,normal_replay,FoldBalanced-Gap
RUN_122,TRIAD_041,A14_FoldBalanced-Gap_B3000,R1,1385197443,987373371,2315,Det/images/normal_train/00266822.png,0,01,easy_clean,0.0193505167,1.0,0.0340640569,normal_replay,FoldBalanced-Gap
RUN_122,TRIAD_041,A14_FoldBalanced-Gap_B3000,R1,1385197443,987373371,2316,Det/images/normal_train/00564831.png,0,04,unstable_boundary,0.494478682,0.545,0.1220349832,normal_replay,FoldBalanced-Gap
RUN_122,TRIAD_041,A14_FoldBalanced-Gap_B3000,R1,1385197443,987373371,2317,Det/images/normal_train/00508948.png,0,03,learnable_hard,0.0179103238,0.995,0.0487718567,normal_replay,FoldBalanced-Gap
RUN_122,TRIAD_041,A14_FoldBalanced-Gap_B3000,R1,1385197443,987373371,2318,Det/images/normal_train/00616931.png,0,00,learnable_hard,0.0094486337,0.995,0.0417555042,normal_replay,FoldBalanced-Gap
RUN_122,TRIAD_041,A14_FoldBalanced-Gap_B3000,R1,1385197443,987373371,2319,Det/images/normal_train/01115511.png,0,00,easy_clean,0.0424908542,1.0,0.0419191838,normal_replay,FoldBalanced-Gap
RUN_122,TRIAD_041,A14_FoldBalanced-Gap_B3000,R1,1385197443,987373371,2320,Det/images/normal_train/01231072.png,0,09,easy_clean,0.0028231575,1.0,0.0038966901,normal_replay,FoldBalanced-Gap
RUN_122,TRIAD_041,A14_FoldBalanced-Gap_B3000,R1,1385197443,987373371,2321,Det/images/normal_train/00759203.png,0,08,persistent_hard,0.719133192,0.125,0.1547506011,normal_replay,FoldBalanced-Gap
RUN_122,TRIAD_041,A14_FoldBalanced-Gap_B3000,R1,1385197443,987373371,2322,Det/images/normal_train/01293304.png,0,08,learnable_hard,0.095566807,0.995,0.076852739,normal_replay,FoldBalanced-Gap
RUN_122,TRIAD_041,A14_FoldBalanced-Gap_B3000,R1,1385197443,987373371,2323,Det/images/normal_train/00166106.png,0,03,easy_clean,0.0334769605,1.0,0.0446748133,normal_replay,FoldBalanced-Gap
RUN_122,TRIAD_041,A14_FoldBalanced-Gap_B3000,R1,1385197443,987373371,2324,Det/images/normal_train/00772819.png,0,01,easy_clean,0.0019569784,1.0,0.006837906,normal_replay,FoldBalanced-Gap
RUN_122,TRIAD_041,A14_FoldBalanced-Gap_B3000,R1,1385197443,987373371,2325,Det/images/normal_train/01187036.png,0,07,easy_clean,0.050242164,1.0,0.0509106751,normal_replay,FoldBalanced-Gap
RUN_122,TRIAD_041,A14_FoldBalanced-Gap_B3000,R1,1385197443,987373371,2326,Det/images/normal_train/00244368.png,0,07,easy_clean,0.0010294789,1.0,0.001756266,normal_replay,FoldBalanced-Gap
RUN_122,TRIAD_041,A14_FoldBalanced-Gap_B3000,R1,1385197443,987373371,2327,Det/images/normal_train/00576829.png,0,04,easy_clean,0.0001760118,1.0,0.0003272682,normal_replay,FoldBalanced-Gap
RUN_122,TRIAD_041,A14_FoldBalanced-Gap_B3000,R1,1385197443,987373371,2328,Det/images/normal_train/00378411.png,0,05,easy_clean,0.0018049939,1.0,0.0039040392,normal_replay,FoldBalanced-Gap
RUN_122,TRIAD_041,A14_FoldBalanced-Gap_B3000,R1,1385197443,987373371,2329,Det/images/normal_train/00295941.png,0,03,easy_clean,0.0222308487,1.0,0.0383338232,normal_replay,FoldBalanced-Gap
RUN_122,TRIAD_041,A14_FoldBalanced-Gap_B3000,R1,1385197443,987373371,2330,Det/images/normal_train/00804163.png,0,09,easy_clean,0.0602003992,1.0,0.044549295,normal_replay,FoldBalanced-Gap
RUN_122,TRIAD_041,A14_FoldBalanced-Gap_B3000,R1,1385197443,987373371,2331,Det/images/normal_train/00894385.png,0,05,easy_clean,0.002775238,1.0,0.003544572,normal_replay,FoldBalanced-Gap
RUN_122,TRIAD_041,A14_FoldBalanced-Gap_B3000,R1,1385197443,987373371,2332,Det/images/normal_train/01022545.png,0,03,ordinary,0.1590707425,1.0,0.0936446307,normal_replay,FoldBalanced-Gap
RUN_122,TRIAD_041,A14_FoldBalanced-Gap_B3000,R1,1385197443,987373371,2333,Det/images/normal_train/01235452.png,0,01,easy_clean,0.005249122,1.0,0.0100088132,normal_replay,FoldBalanced-Gap
RUN_122,TRIAD_041,A14_FoldBalanced-Gap_B3000,R1,1385197443,987373371,2334,Det/images/normal_train/00264701.png,0,07,learnable_hard,0.083314239,0.995,0.1167241838,normal_replay,FoldBalanced-Gap
RUN_122,TRIAD_041,A14_FoldBalanced-Gap_B3000,R1,1385197443,987373371,2335,Det/images/normal_train/00441139.png,0,09,easy_clean,0.0173628513,1.0,0.0169706579,normal_replay,FoldBalanced-Gap
RUN_122,TRIAD_041,A14_FoldBalanced-Gap_B3000,R1,1385197443,987373371,2336,Det/images/normal_train/00636825.png,0,08,easy_clean,0.0628046624,1.0,0.0505790024,normal_replay,FoldBalanced-Gap
RUN_122,TRIAD_041,A14_FoldBalanced-Gap_B3000,R1,1385197443,987373371,2337,Det/images/normal_train/00964852.png,0,05,easy_clean,0.0071589394,1.0,0.0109075772,normal_replay,FoldBalanced-Gap
RUN_122,TRIAD_041,A14_FoldBalanced-Gap_B3000,R1,1385197443,987373371,2338,Det/images/normal_train/01162461.png,0,06,easy_clean,0.033995558,1.0,0.0334093375,normal_replay,FoldBalanced-Gap
RUN_122,TRIAD_041,A14_FoldBalanced-Gap_B3000,R1,1385197443,987373371,2339,Det/images/normal_train/01233113.png,0,09,easy_clean,0.0023127627,1.0,0.0037482786,normal_replay,FoldBalanced-Gap
RUN_122,TRIAD_041,A14_FoldBalanced-Gap_B3000,R1,1385197443,987373371,2340,Det/images/normal_train/00707633.png,0,07,easy_clean,0.0026789824,1.0,0.0179952292,normal_replay,FoldBalanced-Gap
RUN_122,TRIAD_041,A14_FoldBalanced-Gap_B3000,R1,1385197443,987373371,2341,Det/images/normal_train/00367679.png,0,04,easy_clean,0.002999336,1.0,0.0054715016,normal_replay,FoldBalanced-Gap
RUN_122,TRIAD_041,A14_FoldBalanced-Gap_B3000,R1,1385197443,987373371,2342,Det/images/normal_train/00797586.png,0,06,easy_clean,0.0802841856,1.0,0.0586798535,normal_replay,FoldBalanced-Gap
RUN_122,TRIAD_041,A14_FoldBalanced-Gap_B3000,R1,1385197443,987373371,2343,Det/images/normal_train/00313819.png,0,01,learnable_hard,0.0144740173,0.995,0.0551719593,normal_replay,FoldBalanced-Gap
RUN_122,TRIAD_041,A14_FoldBalanced-Gap_B3000,R1,1385197443,987373371,2344,Det/images/normal_train/00927592.png,0,09,easy_clean,0.0095198815,1.0,0.0106852815,normal_replay,FoldBalanced-Gap
RUN_122,TRIAD_041,A14_FoldBalanced-Gap_B3000,R1,1385197443,987373371,2345,Det/images/normal_train/00901363.png,0,06,easy_clean,0.029202258,1.0,0.0391717092,normal_replay,FoldBalanced-Gap
RUN_122,TRIAD_041,A14_FoldBalanced-Gap_B3000,R1,1385197443,987373371,2346,Det/images/normal_train/01139265.png,0,05,easy_clean,0.0020195357,1.0,0.002430334,normal_replay,FoldBalanced-Gap
RUN_122,TRIAD_041,A14_FoldBalanced-Gap_B3000,R1,1385197443,987373371,2347,Det/images/normal_train/00980971.png,0,01,easy_clean,0.0021456361,1.0,0.0030781035,normal_replay,FoldBalanced-Gap
RUN_122,TRIAD_041,A14_FoldBalanced-Gap_B3000,R1,1385197443,987373371,2348,Det/images/normal_train/01078575.png,0,06,easy_clean,0.0045013392,1.0,0.012329771,normal_replay,FoldBalanced-Gap
RUN_122,TRIAD_041,A14_FoldBalanced-Gap_B3000,R1,1385197443,987373371,2349,Det/images/normal_train/00195983.png,0,08,easy_clean,0.0014967356,1.0,0.0027657715,normal_replay,FoldBalanced-Gap
RUN_122,TRIAD_041,A14_FoldBalanced-Gap_B3000,R1,1385197443,987373371,2350,Det/images/normal_train/00933603.png,0,03,easy_clean,0.0049286475,1.0,0.007313875,normal_replay,FoldBalanced-Gap
RUN_122,TRIAD_041,A14_FoldBalanced-Gap_B3000,R1,1385197443,987373371,2351,Det/images/normal_train/00608037.png,0,06,easy_clean,0.0502773455,1.0,0.0386111202,normal_replay,FoldBalanced-Gap
RUN_122,TRIAD_041,A14_FoldBalanced-Gap_B3000,R1,1385197443,987373371,2352,Det/images/normal_train/00838552.png,0,05,easy_clean,0.0005471772,1.0,0.0008291205,normal_replay,FoldBalanced-Gap
RUN_122,TRIAD_041,A14_FoldBalanced-Gap_B3000,R1,1385197443,987373371,2353,Det/images/normal_train/00412348.png,0,06,learnable_hard,0.035303183,0.99,0.0786942479,normal_replay,FoldBalanced-Gap
RUN_122,TRIAD_041,A14_FoldBalanced-Gap_B3000,R1,1385197443,987373371,2354,Det/images/normal_train/00314517.png,0,05,easy_clean,0.0180579639,1.0,0.0141491703,normal_replay,FoldBalanced-Gap
RUN_122,TRIAD_041,A14_FoldBalanced-Gap_B3000,R1,1385197443,987373371,2355,Det/images/normal_train/00705715.png,0,04,easy_clean,0.0061036163,1.0,0.0087165742,normal_replay,FoldBalanced-Gap
RUN_122,TRIAD_041,A14_FoldBalanced-Gap_B3000,R1,1385197443,987373371,2356,Det/images/normal_train/00894248.png,0,05,easy_clean,0.0004334679,1.0,0.0025631045,normal_replay,FoldBalanced-Gap
RUN_122,TRIAD_041,A14_FoldBalanced-Gap_B3000,R1,1385197443,987373371,2357,Det/images/normal_train/01204916.png,0,09,easy_clean,0.0093120749,1.0,0.0117351343,normal_replay,FoldBalanced-Gap
RUN_122,TRIAD_041,A14_FoldBalanced-Gap_B3000,R1,1385197443,987373371,2358,Det/images/normal_train/00574793.png,0,03,easy_clean,0.0508897657,1.0,0.0544306577,normal_replay,FoldBalanced-Gap
RUN_122,TRIAD_041,A14_FoldBalanced-Gap_B3000,R1,1385197443,987373371,2359,Det/images/normal_train/01238271.png,0,04,learnable_hard,0.2245699723,0.99,0.1125048125,normal_replay,FoldBalanced-Gap
RUN_122,TRIAD_041,A14_FoldBalanced-Gap_B3000,R1,1385197443,987373371,2360,Det/images/normal_train/01008766.png,0,07,easy_clean,0.0151931439,1.0,0.014214169,normal_replay,FoldBalanced-Gap
RUN_122,TRIAD_041,A14_FoldBalanced-Gap_B3000,R1,1385197443,987373371,2361,Det/images/normal_train/00818941.png,0,02,easy_clean,0.0209203443,1.0,0.0177417693,normal_replay,FoldBalanced-Gap
RUN_122,TRIAD_041,A14_FoldBalanced-Gap_B3000,R1,1385197443,987373371,2362,Det/images/normal_train/01039229.png,0,01,learnable_hard,0.0451731023,0.995,0.0824061509,normal_replay,FoldBalanced-Gap
RUN_122,TRIAD_041,A14_FoldBalanced-Gap_B3000,R1,1385197443,987373371,2363,Det/images/normal_train/00452178.png,0,06,easy_clean,0.0698232347,1.0,0.0525179452,normal_replay,FoldBalanced-Gap
RUN_122,TRIAD_041,A14_FoldBalanced-Gap_B3000,R1,1385197443,987373371,2364,Det/images/normal_train/01050220.png,0,08,easy_clean,0.0073435984,1.0,0.0043877053,normal_replay,FoldBalanced-Gap
RUN_122,TRIAD_041,A14_FoldBalanced-Gap_B3000,R1,1385197443,987373371,2365,Det/images/normal_train/00301845.png,0,05,easy_clean,0.007408158,1.0,0.0224815199,normal_replay,FoldBalanced-Gap
RUN_122,TRIAD_041,A14_FoldBalanced-Gap_B3000,R1,1385197443,987373371,2366,Det/images/normal_train/00251501.png,0,04,learnable_hard,0.0835176164,0.985,0.1067767346,normal_replay,FoldBalanced-Gap
RUN_122,TRIAD_041,A14_FoldBalanced-Gap_B3000,R1,1385197443,987373371,2367,Det/images/normal_train/00538054.png,0,09,easy_clean,0.0590702522,1.0,0.0319760416,normal_replay,FoldBalanced-Gap
RUN_122,TRIAD_041,A14_FoldBalanced-Gap_B3000,R1,1385197443,987373371,2368,Det/images/normal_train/00361660.png,0,00,easy_clean,0.0366272056,1.0,0.038147188,normal_replay,FoldBalanced-Gap
RUN_122,TRIAD_041,A14_FoldBalanced-Gap_B3000,R1,1385197443,987373371,2369,Det/images/normal_train/00880804.png,0,07,easy_clean,0.0058005493,1.0,0.0086983965,normal_replay,FoldBalanced-Gap
RUN_122,TRIAD_041,A14_FoldBalanced-Gap_B3000,R1,1385197443,987373371,2370,Det/images/normal_train/00262296.png,0,04,easy_clean,0.0001541362,1.0,0.0002915947,normal_replay,FoldBalanced-Gap
RUN_122,TRIAD_041,A14_FoldBalanced-Gap_B3000,R1,1385197443,987373371,2371,Det/images/normal_train/00256929.png,0,03,easy_clean,0.0024759179,1.0,0.0038128779,normal_replay,FoldBalanced-Gap
RUN_122,TRIAD_041,A14_FoldBalanced-Gap_B3000,R1,1385197443,987373371,2372,Det/images/normal_train/00864621.png,0,07,easy_clean,0.0136091817,1.0,0.0073660274,normal_replay,FoldBalanced-Gap
RUN_122,TRIAD_041,A14_FoldBalanced-Gap_B3000,R1,1385197443,987373371,2373,Det/images/normal_train/00495664.png,0,08,learnable_hard,0.0512070978,0.995,0.0738727201,normal_replay,FoldBalanced-Gap
RUN_122,TRIAD_041,A14_FoldBalanced-Gap_B3000,R1,1385197443,987373371,2374,Det/images/normal_train/01011139.png,0,07,easy_clean,0.0113145253,1.0,0.024943451,normal_replay,FoldBalanced-Gap
RUN_122,TRIAD_041,A14_FoldBalanced-Gap_B3000,R1,1385197443,987373371,2375,Det/images/normal_train/00449107.png,0,03,learnable_hard,0.0610058814,0.995,0.0659809122,normal_replay,FoldBalanced-Gap
RUN_122,TRIAD_041,A14_FoldBalanced-Gap_B3000,R1,1385197443,987373371,2376,Det/images/normal_train/01253150.png,0,06,easy_clean,0.0665401861,1.0,0.0473061682,normal_replay,FoldBalanced-Gap
RUN_122,TRIAD_041,A14_FoldBalanced-Gap_B3000,R1,1385197443,987373371,2377,Det/images/normal_train/01298168.png,0,00,easy_clean,0.0003879835,1.0,0.0004859747,normal_replay,FoldBalanced-Gap
RUN_122,TRIAD_041,A14_FoldBalanced-Gap_B3000,R1,1385197443,987373371,2378,Det/images/normal_train/00234561.png,0,06,easy_clean,0.0142351257,1.0,0.0143146705,normal_replay,FoldBalanced-Gap
RUN_122,TRIAD_041,A14_FoldBalanced-Gap_B3000,R1,1385197443,987373371,2379,Det/images/normal_train/00208325.png,0,01,easy_clean,0.0057221286,1.0,0.017114549,normal_replay,FoldBalanced-Gap
RUN_122,TRIAD_041,A14_FoldBalanced-Gap_B3000,R1,1385197443,987373371,2380,Det/images/normal_train/00761127.png,0,05,easy_clean,0.0036189384,1.0,0.0050985382,normal_replay,FoldBalanced-Gap
RUN_122,TRIAD_041,A14_FoldBalanced-Gap_B3000,R1,1385197443,987373371,2381,Det/images/normal_train/01240441.png,0,03,easy_clean,0.0012130181,1.0,0.00168609,normal_replay,FoldBalanced-Gap
RUN_122,TRIAD_041,A14_FoldBalanced-Gap_B3000,R1,1385197443,987373371,2382,Det/images/normal_train/00215891.png,0,07,easy_clean,0.004655534,1.0,0.0064808779,normal_replay,FoldBalanced-Gap
RUN_122,TRIAD_041,A14_FoldBalanced-Gap_B3000,R1,1385197443,987373371,2383,Det/images/normal_train/00995171.png,0,05,easy_clean,0.0231323165,1.0,0.0248326086,normal_replay,FoldBalanced-Gap
RUN_122,TRIAD_041,A14_FoldBalanced-Gap_B3000,R1,1385197443,987373371,2384,Det/images/normal_train/00918086.png,0,01,easy_clean,0.0068071512,1.0,0.0189224001,normal_replay,FoldBalanced-Gap
RUN_122,TRIAD_041,A14_FoldBalanced-Gap_B3000,R1,1385197443,987373371,2385,Det/images/normal_train/01285791.png,0,08,easy_clean,0.0611358786,1.0,0.0273025422,normal_replay,FoldBalanced-Gap
RUN_122,TRIAD_041,A14_FoldBalanced-Gap_B3000,R1,1385197443,987373371,2386,Det/images/normal_train/00716722.png,0,08,easy_clean,0.0295860378,1.0,0.0537155204,normal_replay,FoldBalanced-Gap
RUN_122,TRIAD_041,A14_FoldBalanced-Gap_B3000,R1,1385197443,987373371,2387,Det/images/normal_train/01063730.png,0,02,easy_clean,0.0038466142,1.0,0.0134417816,normal_replay,FoldBalanced-Gap
RUN_122,TRIAD_041,A14_FoldBalanced-Gap_B3000,R1,1385197443,987373371,2388,Det/images/normal_train/00376258.png,0,00,easy_clean,0.0503722177,1.0,0.0706848331,normal_replay,FoldBalanced-Gap
RUN_122,TRIAD_041,A14_FoldBalanced-Gap_B3000,R1,1385197443,987373371,2389,Det/images/normal_train/00295211.png,0,03,easy_clean,0.0011940356,1.0,0.0016141368,normal_replay,FoldBalanced-Gap
RUN_122,TRIAD_041,A14_FoldBalanced-Gap_B3000,R1,1385197443,987373371,2390,Det/images/normal_train/00331871.png,0,02,easy_clean,0.0144084837,1.0,0.0211480817,normal_replay,FoldBalanced-Gap
RUN_122,TRIAD_041,A14_FoldBalanced-Gap_B3000,R1,1385197443,987373371,2391,Det/images/normal_train/01243830.png,0,00,easy_clean,0.0059418632,1.0,0.0089387321,normal_replay,FoldBalanced-Gap
RUN_122,TRIAD_041,A14_FoldBalanced-Gap_B3000,R1,1385197443,987373371,2392,Det/images/normal_train/00363832.png,0,02,easy_clean,0.0051021806,1.0,0.0070527827,normal_replay,FoldBalanced-Gap
RUN_122,TRIAD_041,A14_FoldBalanced-Gap_B3000,R1,1385197443,987373371,2393,Det/images/normal_train/00545285.png,0,07,ordinary,0.3258271646,0.845,0.1819534278,normal_replay,FoldBalanced-Gap
RUN_122,TRIAD_041,A14_FoldBalanced-Gap_B3000,R1,1385197443,987373371,2394,Det/images/normal_train/01243085.png,0,00,easy_clean,0.0020487974,1.0,0.0040276068,normal_replay,FoldBalanced-Gap
RUN_122,TRIAD_041,A14_FoldBalanced-Gap_B3000,R1,1385197443,987373371,2395,Det/images/normal_train/00366344.png,0,02,easy_clean,0.0010183443,1.0,0.0012199266,normal_replay,FoldBalanced-Gap
RUN_122,TRIAD_041,A14_FoldBalanced-Gap_B3000,R1,1385197443,987373371,2396,Det/images/normal_train/01092016.png,0,03,learnable_hard,0.2109176396,0.985,0.1882796908,normal_replay,FoldBalanced-Gap
RUN_122,TRIAD_041,A14_FoldBalanced-Gap_B3000,R1,1385197443,987373371,2397,Det/images/normal_train/00458948.png,0,05,ordinary,0.0999263748,1.0,0.0341632365,normal_replay,FoldBalanced-Gap
RUN_122,TRIAD_041,A14_FoldBalanced-Gap_B3000,R1,1385197443,987373371,2398,Det/images/normal_train/00509514.png,0,08,learnable_hard,0.0702931494,0.99,0.0937362573,normal_replay,FoldBalanced-Gap
RUN_122,TRIAD_041,A14_FoldBalanced-Gap_B3000,R1,1385197443,987373371,2399,Det/images/normal_train/01019503.png,0,08,easy_clean,0.0123292153,1.0,0.0196490542,normal_replay,FoldBalanced-Gap
RUN_122,TRIAD_041,A14_FoldBalanced-Gap_B3000,R1,1385197443,987373371,2400,Det/images/normal_train/00869419.png,0,03,persistent_hard,0.601391938,0.415,0.20571061,normal_replay,FoldBalanced-Gap
RUN_122,TRIAD_041,A14_FoldBalanced-Gap_B3000,R1,1385197443,987373371,2401,Det/images/normal_train/00680128.png,0,07,ordinary,0.502425232,0.58,0.3950701362,normal_replay,FoldBalanced-Gap
RUN_122,TRIAD_041,A14_FoldBalanced-Gap_B3000,R1,1385197443,987373371,2402,Det/images/normal_train/00266220.png,0,01,easy_clean,0.0001915923,1.0,0.0006861099,normal_replay,FoldBalanced-Gap
RUN_122,TRIAD_041,A14_FoldBalanced-Gap_B3000,R1,1385197443,987373371,2403,Det/images/normal_train/00682195.png,0,00,ordinary,0.5090713106,0.525,0.3856532415,normal_replay,FoldBalanced-Gap
RUN_122,TRIAD_041,A14_FoldBalanced-Gap_B3000,R1,1385197443,987373371,2404,Det/images/normal_train/01079447.png,0,02,easy_clean,0.0005601404,1.0,0.0018290841,normal_replay,FoldBalanced-Gap
RUN_122,TRIAD_041,A14_FoldBalanced-Gap_B3000,R1,1385197443,987373371,2405,Det/images/normal_train/00341084.png,0,04,learnable_hard,0.2643969443,0.995,0.1294161453,normal_replay,FoldBalanced-Gap
RUN_122,TRIAD_041,A14_FoldBalanced-Gap_B3000,R1,1385197443,987373371,2406,Det/images/normal_train/00366888.png,0,02,easy_clean,0.0007298245,1.0,0.0014286026,normal_replay,FoldBalanced-Gap
RUN_122,TRIAD_041,A14_FoldBalanced-Gap_B3000,R1,1385197443,987373371,2407,Det/images/normal_train/00799981.png,0,09,easy_clean,0.0016879883,1.0,0.0026254304,normal_replay,FoldBalanced-Gap
RUN_122,TRIAD_041,A14_FoldBalanced-Gap_B3000,R1,1385197443,987373371,2408,Det/images/normal_train/00586301.png,0,01,easy_clean,0.0050322231,1.0,0.0076012223,normal_replay,FoldBalanced-Gap
RUN_122,TRIAD_041,A14_FoldBalanced-Gap_B3000,R1,1385197443,987373371,2409,Det/images/normal_train/00403311.png,0,03,easy_clean,0.0049957318,1.0,0.0090428959,normal_replay,FoldBalanced-Gap
RUN_122,TRIAD_041,A14_FoldBalanced-Gap_B3000,R1,1385197443,987373371,2410,Det/images/normal_train/00268244.png,0,03,easy_clean,0.0049303569,1.0,0.0069765129,normal_replay,FoldBalanced-Gap
RUN_122,TRIAD_041,A14_FoldBalanced-Gap_B3000,R1,1385197443,987373371,2411,Det/images/normal_train/00879274.png,0,09,easy_clean,0.0312925297,1.0,0.0255577476,normal_replay,FoldBalanced-Gap
RUN_122,TRIAD_041,A14_FoldBalanced-Gap_B3000,R1,1385197443,987373371,2412,Det/images/normal_train/00267044.png,0,07,easy_clean,0.034416785,1.0,0.0334595054,normal_replay,FoldBalanced-Gap
RUN_122,TRIAD_041,A14_FoldBalanced-Gap_B3000,R1,1385197443,987373371,2413,Det/images/normal_train/00511840.png,0,02,unstable_boundary,0.6175077485,0.025,0.1001342717,normal_replay,FoldBalanced-Gap
RUN_122,TRIAD_041,A14_FoldBalanced-Gap_B3000,R1,1385197443,987373371,2414,Det/images/normal_train/00854419.png,0,09,easy_clean,0.0003636854,1.0,0.0004629553,normal_replay,FoldBalanced-Gap
RUN_122,TRIAD_041,A14_FoldBalanced-Gap_B3000,R1,1385197443,987373371,2415,Det/images/normal_train/00920618.png,0,09,easy_clean,0.0144317955,1.0,0.0359723019,normal_replay,FoldBalanced-Gap
RUN_122,TRIAD_041,A14_FoldBalanced-Gap_B3000,R1,1385197443,987373371,2416,Det/images/normal_train/00529643.png,0,03,easy_clean,0.000126512,1.0,0.0007981997,normal_replay,FoldBalanced-Gap
RUN_122,TRIAD_041,A14_FoldBalanced-Gap_B3000,R1,1385197443,987373371,2417,Det/images/normal_train/01258314.png,0,03,learnable_hard,0.148888013,0.985,0.1414710152,normal_replay,FoldBalanced-Gap
RUN_122,TRIAD_041,A14_FoldBalanced-Gap_B3000,R1,1385197443,987373371,2418,Det/images/normal_train/01226417.png,0,00,easy_clean,0.0130082326,1.0,0.0234924092,normal_replay,FoldBalanced-Gap
RUN_122,TRIAD_041,A14_FoldBalanced-Gap_B3000,R1,1385197443,987373371,2419,Det/images/normal_train/00188080.png,0,06,easy_clean,0.003675693,1.0,0.0066672581,normal_replay,FoldBalanced-Gap
RUN_122,TRIAD_041,A14_FoldBalanced-Gap_B3000,R1,1385197443,987373371,2420,Det/images/normal_train/00630577.png,0,03,ordinary,0.3113344278,0.705,0.3728575653,normal_replay,FoldBalanced-Gap
RUN_122,TRIAD_041,A14_FoldBalanced-Gap_B3000,R1,1385197443,987373371,2421,Det/images/normal_train/00413794.png,0,08,easy_clean,0.0026257427,1.0,0.0102183403,normal_replay,FoldBalanced-Gap
RUN_122,TRIAD_041,A14_FoldBalanced-Gap_B3000,R1,1385197443,987373371,2422,Det/images/normal_train/00265967.png,0,05,easy_clean,0.0004480857,1.0,0.0006693605,normal_replay,FoldBalanced-Gap
RUN_122,TRIAD_041,A14_FoldBalanced-Gap_B3000,R1,1385197443,987373371,2423,Det/images/normal_train/01156380.png,0,00,easy_clean,0.0209992719,1.0,0.0307044865,normal_replay,FoldBalanced-Gap
RUN_122,TRIAD_041,A14_FoldBalanced-Gap_B3000,R1,1385197443,987373371,2424,Det/images/normal_train/01125652.png,0,02,easy_clean,0.0012022113,1.0,0.0016942241,normal_replay,FoldBalanced-Gap
RUN_122,TRIAD_041,A14_FoldBalanced-Gap_B3000,R1,1385197443,987373371,2425,Det/images/normal_train/01111009.png,0,07,easy_clean,0.0895632492,0.995,0.0533084297,normal_replay,FoldBalanced-Gap
RUN_122,TRIAD_041,A14_FoldBalanced-Gap_B3000,R1,1385197443,987373371,2426,Det/images/normal_train/00538895.png,0,09,easy_clean,0.0294247956,1.0,0.0360603431,normal_replay,FoldBalanced-Gap
RUN_122,TRIAD_041,A14_FoldBalanced-Gap_B3000,R1,1385197443,987373371,2427,Det/images/normal_train/01268491.png,0,05,easy_clean,0.0132526459,1.0,0.0138626774,normal_replay,FoldBalanced-Gap
RUN_122,TRIAD_041,A14_FoldBalanced-Gap_B3000,R1,1385197443,987373371,2428,Det/images/normal_train/00579969.png,0,05,easy_clean,0.0047918942,1.0,0.0085829106,normal_replay,FoldBalanced-Gap
RUN_122,TRIAD_041,A14_FoldBalanced-Gap_B3000,R1,1385197443,987373371,2429,Det/images/normal_train/00282588.png,0,04,learnable_hard,0.0748335174,0.995,0.0838197411,normal_replay,FoldBalanced-Gap
RUN_122,TRIAD_041,A14_FoldBalanced-Gap_B3000,R1,1385197443,987373371,2430,Det/images/normal_train/00908553.png,0,06,easy_clean,0.0049650801,1.0,0.0088726433,normal_replay,FoldBalanced-Gap
RUN_122,TRIAD_041,A14_FoldBalanced-Gap_B3000,R1,1385197443,987373371,2431,Det/images/normal_train/01022869.png,0,03,learnable_hard,0.0776720342,0.995,0.0642189246,normal_replay,FoldBalanced-Gap
RUN_122,TRIAD_041,A14_FoldBalanced-Gap_B3000,R1,1385197443,987373371,2432,Det/images/normal_train/00947845.png,0,03,easy_clean,0.0052983841,1.0,0.0091680866,normal_replay,FoldBalanced-Gap
RUN_122,TRIAD_041,A14_FoldBalanced-Gap_B3000,R1,1385197443,987373371,2433,Det/images/normal_train/00531485.png,0,04,easy_clean,0.0261022638,1.0,0.0167961183,normal_replay,FoldBalanced-Gap
RUN_122,TRIAD_041,A14_FoldBalanced-Gap_B3000,R1,1385197443,987373371,2434,Det/images/normal_train/00512000.png,0,05,learnable_hard,0.1798654563,0.985,0.1182121253,normal_replay,FoldBalanced-Gap
RUN_122,TRIAD_041,A14_FoldBalanced-Gap_B3000,R1,1385197443,987373371,2435,Det/images/normal_train/00269308.png,0,03,easy_clean,0.0008800331,1.0,0.0041894552,normal_replay,FoldBalanced-Gap
RUN_122,TRIAD_041,A14_FoldBalanced-Gap_B3000,R1,1385197443,987373371,2436,Det/images/normal_train/00243934.png,0,06,easy_clean,0.0071360617,1.0,0.0091546468,normal_replay,FoldBalanced-Gap
RUN_122,TRIAD_041,A14_FoldBalanced-Gap_B3000,R1,1385197443,987373371,2437,Det/images/normal_train/00329381.png,0,03,easy_clean,0.0057753136,1.0,0.0103642053,normal_replay,FoldBalanced-Gap
RUN_122,TRIAD_041,A14_FoldBalanced-Gap_B3000,R1,1385197443,987373371,2438,Det/images/normal_train/01004210.png,0,07,easy_clean,0.0289678604,1.0,0.0524585934,normal_replay,FoldBalanced-Gap
RUN_122,TRIAD_041,A14_FoldBalanced-Gap_B3000,R1,1385197443,987373371,2439,Det/images/normal_train/00218479.png,0,09,easy_clean,0.0172329183,1.0,0.0241083297,normal_replay,FoldBalanced-Gap
RUN_122,TRIAD_041,A14_FoldBalanced-Gap_B3000,R1,1385197443,987373371,2440,Det/images/normal_train/01212799.png,0,02,easy_clean,0.0075257556,1.0,0.0070228006,normal_replay,FoldBalanced-Gap
RUN_122,TRIAD_041,A14_FoldBalanced-Gap_B3000,R1,1385197443,987373371,2441,Det/images/normal_train/00227252.png,0,04,easy_clean,0.0094541965,1.0,0.0091848435,normal_replay,FoldBalanced-Gap
RUN_122,TRIAD_041,A14_FoldBalanced-Gap_B3000,R1,1385197443,987373371,2442,Det/images/normal_train/00457835.png,0,09,easy_clean,0.0140241653,1.0,0.0195299863,normal_replay,FoldBalanced-Gap
RUN_122,TRIAD_041,A14_FoldBalanced-Gap_B3000,R1,1385197443,987373371,2443,Det/images/normal_train/00370731.png,0,06,easy_clean,0.0004859362,1.0,0.0007743474,normal_replay,FoldBalanced-Gap
RUN_122,TRIAD_041,A14_FoldBalanced-Gap_B3000,R1,1385197443,987373371,2444,Det/images/normal_train/00258516.png,0,02,easy_clean,0.0166063922,1.0,0.0428499297,normal_replay,FoldBalanced-Gap
RUN_122,TRIAD_041,A14_FoldBalanced-Gap_B3000,R1,1385197443,987373371,2445,Det/images/normal_train/00707839.png,0,07,learnable_hard,0.0483120685,0.995,0.0665268815,normal_replay,FoldBalanced-Gap
RUN_122,TRIAD_041,A14_FoldBalanced-Gap_B3000,R1,1385197443,987373371,2446,Det/images/normal_train/01020018.png,0,02,easy_clean,0.0083740708,1.0,0.0133709052,normal_replay,FoldBalanced-Gap
RUN_122,TRIAD_041,A14_FoldBalanced-Gap_B3000,R1,1385197443,987373371,2447,Det/images/normal_train/00229501.png,0,03,easy_clean,0.0773104077,1.0,0.059557793,normal_replay,FoldBalanced-Gap
RUN_122,TRIAD_041,A14_FoldBalanced-Gap_B3000,R1,1385197443,987373371,2448,Det/images/normal_train/01146605.png,0,05,easy_clean,0.0106730164,1.0,0.0119145464,normal_replay,FoldBalanced-Gap
RUN_122,TRIAD_041,A14_FoldBalanced-Gap_B3000,R1,1385197443,987373371,2449,Det/images/normal_train/01069896.png,0,09,easy_clean,0.0123632763,1.0,0.0146706308,normal_replay,FoldBalanced-Gap
RUN_122,TRIAD_041,A14_FoldBalanced-Gap_B3000,R1,1385197443,987373371,2450,Det/images/normal_train/00971760.png,0,02,easy_clean,0.000340596,1.0,0.0008121034,normal_replay,FoldBalanced-Gap
RUN_122,TRIAD_041,A14_FoldBalanced-Gap_B3000,R1,1385197443,987373371,2451,Det/images/normal_train/01229794.png,0,00,easy_clean,0.0012061753,1.0,0.0019801801,normal_replay,FoldBalanced-Gap
RUN_122,TRIAD_041,A14_FoldBalanced-Gap_B3000,R1,1385197443,987373371,2452,Det/images/normal_train/01127184.png,0,06,easy_clean,0.0278788532,1.0,0.0325895227,normal_replay,FoldBalanced-Gap
RUN_122,TRIAD_041,A14_FoldBalanced-Gap_B3000,R1,1385197443,987373371,2453,Det/images/normal_train/00714165.png,0,06,learnable_hard,0.0927902396,0.995,0.1248395052,normal_replay,FoldBalanced-Gap
RUN_122,TRIAD_041,A14_FoldBalanced-Gap_B3000,R1,1385197443,987373371,2454,Det/images/normal_train/01020867.png,0,02,easy_clean,0.0457556843,1.0,0.0418264823,normal_replay,FoldBalanced-Gap
RUN_122,TRIAD_041,A14_FoldBalanced-Gap_B3000,R1,1385197443,987373371,2455,Det/images/normal_train/01070315.png,0,06,learnable_hard,0.3343560931,0.765,0.1679497696,normal_replay,FoldBalanced-Gap
RUN_122,TRIAD_041,A14_FoldBalanced-Gap_B3000,R1,1385197443,987373371,2456,Det/images/normal_train/00779942.png,0,08,easy_clean,0.023436863,1.0,0.0383672636,normal_replay,FoldBalanced-Gap
RUN_122,TRIAD_041,A14_FoldBalanced-Gap_B3000,R1,1385197443,987373371,2457,Det/images/normal_train/00331255.png,0,02,easy_clean,0.0037932684,1.0,0.0046854569,normal_replay,FoldBalanced-Gap
RUN_122,TRIAD_041,A14_FoldBalanced-Gap_B3000,R1,1385197443,987373371,2458,Det/images/normal_train/00289703.png,0,07,easy_clean,0.0041209369,1.0,0.006112366,normal_replay,FoldBalanced-Gap
RUN_122,TRIAD_041,A14_FoldBalanced-Gap_B3000,R1,1385197443,987373371,2459,Det/images/normal_train/00954763.png,0,03,easy_clean,0.0563646222,1.0,0.0582289496,normal_replay,FoldBalanced-Gap
RUN_122,TRIAD_041,A14_FoldBalanced-Gap_B3000,R1,1385197443,987373371,2460,Det/images/normal_train/00222759.png,0,00,easy_clean,0.0026072645,1.0,0.0054160616,normal_replay,FoldBalanced-Gap
RUN_122,TRIAD_041,A14_FoldBalanced-Gap_B3000,R1,1385197443,987373371,2461,Det/images/normal_train/01149639.png,0,05,easy_clean,0.000450107,1.0,0.0008200173,normal_replay,FoldBalanced-Gap
RUN_122,TRIAD_041,A14_FoldBalanced-Gap_B3000,R1,1385197443,987373371,2462,Det/images/normal_train/01145425.png,0,06,easy_clean,0.0222731049,1.0,0.0307140345,normal_replay,FoldBalanced-Gap
RUN_122,TRIAD_041,A14_FoldBalanced-Gap_B3000,R1,1385197443,987373371,2463,Det/images/normal_train/00353366.png,0,02,easy_clean,0.0006826169,1.0,0.0008159033,normal_replay,FoldBalanced-Gap
RUN_122,TRIAD_041,A14_FoldBalanced-Gap_B3000,R1,1385197443,987373371,2464,Det/images/normal_train/00870866.png,0,08,easy_clean,0.0019179044,1.0,0.002098585,normal_replay,FoldBalanced-Gap
RUN_122,TRIAD_041,A14_FoldBalanced-Gap_B3000,R1,1385197443,987373371,2465,Det/images/normal_train/00511726.png,0,02,easy_clean,0.0099230701,1.0,0.0297644215,normal_replay,FoldBalanced-Gap
RUN_122,TRIAD_041,A14_FoldBalanced-Gap_B3000,R1,1385197443,987373371,2466,Det/images/normal_train/00227826.png,0,04,easy_clean,0.0020144047,1.0,0.0076045295,normal_replay,FoldBalanced-Gap
RUN_122,TRIAD_041,A14_FoldBalanced-Gap_B3000,R1,1385197443,987373371,2467,Det/images/normal_train/00593058.png,0,03,easy_clean,0.0058486673,1.0,0.0256678726,normal_replay,FoldBalanced-Gap
RUN_122,TRIAD_041,A14_FoldBalanced-Gap_B3000,R1,1385197443,987373371,2468,Det/images/normal_train/00344442.png,0,00,easy_clean,0.0810152673,1.0,0.067694553,normal_replay,FoldBalanced-Gap
RUN_122,TRIAD_041,A14_FoldBalanced-Gap_B3000,R1,1385197443,987373371,2469,Det/images/normal_train/01142657.png,0,07,easy_clean,0.0146170791,1.0,0.013603756,normal_replay,FoldBalanced-Gap
RUN_122,TRIAD_041,A14_FoldBalanced-Gap_B3000,R1,1385197443,987373371,2470,Det/images/normal_train/01275312.png,0,06,easy_clean,0.0169127444,1.0,0.0338209541,normal_replay,FoldBalanced-Gap
RUN_122,TRIAD_041,A14_FoldBalanced-Gap_B3000,R1,1385197443,987373371,2471,Det/images/normal_train/00372939.png,0,05,easy_clean,0.0007665965,1.0,0.0030097718,normal_replay,FoldBalanced-Gap
RUN_122,TRIAD_041,A14_FoldBalanced-Gap_B3000,R1,1385197443,987373371,2472,Det/images/normal_train/01265628.png,0,08,ordinary,0.2472408829,0.855,0.2273170024,normal_replay,FoldBalanced-Gap
RUN_122,TRIAD_041,A14_FoldBalanced-Gap_B3000,R1,1385197443,987373371,2473,Det/images/normal_train/01016531.png,0,04,easy_clean,0.0573849534,1.0,0.067829324,normal_replay,FoldBalanced-Gap
RUN_122,TRIAD_041,A14_FoldBalanced-Gap_B3000,R1,1385197443,987373371,2474,Det/images/normal_train/00371333.png,0,00,easy_clean,0.0004202118,1.0,0.0006516123,normal_replay,FoldBalanced-Gap
RUN_122,TRIAD_041,A14_FoldBalanced-Gap_B3000,R1,1385197443,987373371,2475,Det/images/normal_train/00887348.png,0,01,easy_clean,0.0493678899,1.0,0.0359020856,normal_replay,FoldBalanced-Gap
RUN_122,TRIAD_041,A14_FoldBalanced-Gap_B3000,R1,1385197443,987373371,2476,Det/images/normal_train/01030069.png,0,04,easy_clean,0.0159315743,1.0,0.0175942741,normal_replay,FoldBalanced-Gap
RUN_122,TRIAD_041,A14_FoldBalanced-Gap_B3000,R1,1385197443,987373371,2477,Det/images/normal_train/00529607.png,0,03,learnable_hard,0.1066274224,0.99,0.109399766,normal_replay,FoldBalanced-Gap
RUN_122,TRIAD_041,A14_FoldBalanced-Gap_B3000,R1,1385197443,987373371,2478,Det/images/normal_train/00878772.png,0,09,easy_clean,0.0071337563,1.0,0.0149163936,normal_replay,FoldBalanced-Gap
RUN_122,TRIAD_041,A14_FoldBalanced-Gap_B3000,R1,1385197443,987373371,2479,Det/images/normal_train/01074069.png,0,04,learnable_hard,0.021017046,0.995,0.0447774849,normal_replay,FoldBalanced-Gap
RUN_122,TRIAD_041,A14_FoldBalanced-Gap_B3000,R1,1385197443,987373371,2480,Det/images/normal_train/00808225.png,0,03,unstable_boundary,0.412759148,0.81,0.1118321568,normal_replay,FoldBalanced-Gap
RUN_122,TRIAD_041,A14_FoldBalanced-Gap_B3000,R1,1385197443,987373371,2481,Det/images/normal_train/00771979.png,0,03,easy_clean,0.0029426636,1.0,0.016031726,normal_replay,FoldBalanced-Gap
RUN_122,TRIAD_041,A14_FoldBalanced-Gap_B3000,R1,1385197443,987373371,2482,Det/images/normal_train/00211750.png,0,06,easy_clean,0.013909257,1.0,0.013644666,normal_replay,FoldBalanced-Gap
RUN_122,TRIAD_041,A14_FoldBalanced-Gap_B3000,R1,1385197443,987373371,2483,Det/images/normal_train/00183099.png,0,09,easy_clean,0.0356037383,1.0,0.0460164969,normal_replay,FoldBalanced-Gap
RUN_122,TRIAD_041,A14_FoldBalanced-Gap_B3000,R1,1385197443,987373371,2484,Det/images/normal_train/00594786.png,0,06,easy_clean,0.0030613707,1.0,0.0172527507,normal_replay,FoldBalanced-Gap
RUN_122,TRIAD_041,A14_FoldBalanced-Gap_B3000,R1,1385197443,987373371,2485,Det/images/normal_train/00173895.png,0,04,learnable_hard,0.1117451937,0.985,0.1328273074,normal_replay,FoldBalanced-Gap
RUN_122,TRIAD_041,A14_FoldBalanced-Gap_B3000,R1,1385197443,987373371,2486,Det/images/normal_train/01261420.png,0,00,easy_clean,0.0757237726,1.0,0.0622817604,normal_replay,FoldBalanced-Gap
RUN_122,TRIAD_041,A14_FoldBalanced-Gap_B3000,R1,1385197443,987373371,2487,Det/images/normal_train/00809870.png,0,05,easy_clean,0.0039944198,1.0,0.0046586767,normal_replay,FoldBalanced-Gap
RUN_122,TRIAD_041,A14_FoldBalanced-Gap_B3000,R1,1385197443,987373371,2488,Det/images/normal_train/00332556.png,0,00,easy_clean,0.0011872775,1.0,0.0030499705,normal_replay,FoldBalanced-Gap
RUN_122,TRIAD_041,A14_FoldBalanced-Gap_B3000,R1,1385197443,987373371,2489,Det/images/normal_train/00371344.png,0,00,easy_clean,0.0017358369,1.0,0.0024220124,normal_replay,FoldBalanced-Gap
RUN_122,TRIAD_041,A14_FoldBalanced-Gap_B3000,R1,1385197443,987373371,2490,Det/images/normal_train/01073833.png,0,07,learnable_hard,0.1499812631,0.99,0.0731453407,normal_replay,FoldBalanced-Gap
RUN_122,TRIAD_041,A14_FoldBalanced-Gap_B3000,R1,1385197443,987373371,2491,Det/images/normal_train/00944455.png,0,05,learnable_hard,0.1884216571,0.955,0.1428253585,normal_replay,FoldBalanced-Gap
RUN_122,TRIAD_041,A14_FoldBalanced-Gap_B3000,R1,1385197443,987373371,2492,Det/images/normal_train/01283629.png,0,06,easy_clean,0.0432887801,1.0,0.0375400087,normal_replay,FoldBalanced-Gap
RUN_122,TRIAD_041,A14_FoldBalanced-Gap_B3000,R1,1385197443,987373371,2493,Det/images/normal_train/01000161.png,0,04,easy_clean,0.0069764244,1.0,0.0236118734,normal_replay,FoldBalanced-Gap
RUN_122,TRIAD_041,A14_FoldBalanced-Gap_B3000,R1,1385197443,987373371,2494,Det/images/normal_train/01073115.png,0,07,easy_clean,0.0367290311,1.0,0.0215639818,normal_replay,FoldBalanced-Gap
RUN_122,TRIAD_041,A14_FoldBalanced-Gap_B3000,R1,1385197443,987373371,2495,Det/images/normal_train/01203376.png,0,05,easy_clean,0.0043264286,1.0,0.0060739333,normal_replay,FoldBalanced-Gap
RUN_122,TRIAD_041,A14_FoldBalanced-Gap_B3000,R1,1385197443,987373371,2496,Det/images/normal_train/00909124.png,0,00,learnable_hard,0.0598064652,0.995,0.0832707785,normal_replay,FoldBalanced-Gap
RUN_122,TRIAD_041,A14_FoldBalanced-Gap_B3000,R1,1385197443,987373371,2497,Det/images/normal_train/00207654.png,0,01,easy_clean,0.0193991939,1.0,0.0406495758,normal_replay,FoldBalanced-Gap
RUN_122,TRIAD_041,A14_FoldBalanced-Gap_B3000,R1,1385197443,987373371,2498,Det/images/normal_train/01151702.png,0,00,easy_clean,0.0326333073,1.0,0.06123729,normal_replay,FoldBalanced-Gap
RUN_122,TRIAD_041,A14_FoldBalanced-Gap_B3000,R1,1385197443,987373371,2499,Det/images/normal_train/00884199.png,0,09,easy_clean,0.0145413463,1.0,0.0292949925,normal_replay,FoldBalanced-Gap
RUN_122,TRIAD_041,A14_FoldBalanced-Gap_B3000,R1,1385197443,987373371,2500,Det/images/normal_train/00977752.png,0,09,easy_clean,0.0834642944,1.0,0.0430658773,normal_replay,FoldBalanced-Gap
RUN_122,TRIAD_041,A14_FoldBalanced-Gap_B3000,R1,1385197443,987373371,2501,Det/images/normal_train/00197193.png,0,06,persistent_hard,0.6999537618,0.005,0.0884770678,normal_replay,FoldBalanced-Gap
RUN_122,TRIAD_041,A14_FoldBalanced-Gap_B3000,R1,1385197443,987373371,2502,Det/images/normal_train/00531071.png,0,04,easy_clean,0.0110227237,1.0,0.0177012766,normal_replay,FoldBalanced-Gap
RUN_122,TRIAD_041,A14_FoldBalanced-Gap_B3000,R1,1385197443,987373371,2503,Det/images/normal_train/01100220.png,0,06,easy_clean,0.0440786288,1.0,0.0505532678,normal_replay,FoldBalanced-Gap
RUN_122,TRIAD_041,A14_FoldBalanced-Gap_B3000,R1,1385197443,987373371,2504,Det/images/normal_train/01164562.png,0,08,easy_clean,0.0060867494,1.0,0.0145918169,normal_replay,FoldBalanced-Gap
RUN_122,TRIAD_041,A14_FoldBalanced-Gap_B3000,R1,1385197443,987373371,2505,Det/images/normal_train/00981126.png,0,05,learnable_hard,0.1486889791,0.995,0.1570037591,normal_replay,FoldBalanced-Gap
RUN_122,TRIAD_041,A14_FoldBalanced-Gap_B3000,R1,1385197443,987373371,2506,Det/images/normal_train/00312448.png,0,02,easy_clean,0.010489007,1.0,0.0278324734,normal_replay,FoldBalanced-Gap
RUN_122,TRIAD_041,A14_FoldBalanced-Gap_B3000,R1,1385197443,987373371,2507,Det/images/normal_train/01039090.png,0,01,easy_clean,0.0138148958,1.0,0.0234223504,normal_replay,FoldBalanced-Gap
RUN_122,TRIAD_041,A14_FoldBalanced-Gap_B3000,R1,1385197443,987373371,2508,Det/images/normal_train/00834092.png,0,08,easy_clean,0.0111182621,1.0,0.019482782,normal_replay,FoldBalanced-Gap
RUN_122,TRIAD_041,A14_FoldBalanced-Gap_B3000,R1,1385197443,987373371,2509,Det/images/normal_train/00192463.png,0,09,easy_clean,0.0027026193,1.0,0.0040019194,normal_replay,FoldBalanced-Gap
RUN_122,TRIAD_041,A14_FoldBalanced-Gap_B3000,R1,1385197443,987373371,2510,Det/images/normal_train/00979703.png,0,05,learnable_hard,0.0245461335,0.995,0.0695543973,normal_replay,FoldBalanced-Gap
RUN_122,TRIAD_041,A14_FoldBalanced-Gap_B3000,R1,1385197443,987373371,2511,Det/images/normal_train/01192092.png,0,09,learnable_hard,0.1126512378,0.995,0.0897815799,normal_replay,FoldBalanced-Gap
RUN_122,TRIAD_041,A14_FoldBalanced-Gap_B3000,R1,1385197443,987373371,2512,Det/images/normal_train/01126319.png,0,06,learnable_hard,0.2492163153,0.955,0.1134895667,normal_replay,FoldBalanced-Gap
RUN_122,TRIAD_041,A14_FoldBalanced-Gap_B3000,R1,1385197443,987373371,2513,Det/images/normal_train/00811065.png,0,02,ordinary,0.1176906657,1.0,0.1142338515,normal_replay,FoldBalanced-Gap
RUN_122,TRIAD_041,A14_FoldBalanced-Gap_B3000,R1,1385197443,987373371,2514,Det/images/normal_train/00446691.png,0,09,ordinary,0.1223419387,1.0,0.0780743351,normal_replay,FoldBalanced-Gap
RUN_122,TRIAD_041,A14_FoldBalanced-Gap_B3000,R1,1385197443,987373371,2515,Det/images/normal_train/00946571.png,0,07,unstable_boundary,0.475536202,0.47,0.1586344488,normal_replay,FoldBalanced-Gap
RUN_122,TRIAD_041,A14_FoldBalanced-Gap_B3000,R1,1385197443,987373371,2516,Det/images/normal_train/00277728.png,0,04,easy_clean,0.0006742809,1.0,0.0014807,normal_replay,FoldBalanced-Gap
RUN_122,TRIAD_041,A14_FoldBalanced-Gap_B3000,R1,1385197443,987373371,2517,Det/images/normal_train/00234112.png,0,06,easy_clean,0.0086796021,1.0,0.0129484242,normal_replay,FoldBalanced-Gap
RUN_122,TRIAD_041,A14_FoldBalanced-Gap_B3000,R1,1385197443,987373371,2518,Det/images/normal_train/00329223.png,0,03,easy_clean,0.0176999347,1.0,0.0298468705,normal_replay,FoldBalanced-Gap
RUN_122,TRIAD_041,A14_FoldBalanced-Gap_B3000,R1,1385197443,987373371,2519,Det/images/normal_train/00597521.png,0,03,ordinary,0.4582711526,0.71,0.1840107375,normal_replay,FoldBalanced-Gap
RUN_122,TRIAD_041,A14_FoldBalanced-Gap_B3000,R1,1385197443,987373371,2520,Det/images/normal_train/00591411.png,0,07,easy_clean,0.0006433046,1.0,0.0009464592,normal_replay,FoldBalanced-Gap
RUN_122,TRIAD_041,A14_FoldBalanced-Gap_B3000,R1,1385197443,987373371,2521,Det/images/normal_train/01174441.png,0,01,easy_clean,0.0029842723,1.0,0.0062064019,normal_replay,FoldBalanced-Gap
RUN_122,TRIAD_041,A14_FoldBalanced-Gap_B3000,R1,1385197443,987373371,2522,Det/images/normal_train/00992357.png,0,08,easy_clean,0.0151338399,1.0,0.0371303523,normal_replay,FoldBalanced-Gap
RUN_122,TRIAD_041,A14_FoldBalanced-Gap_B3000,R1,1385197443,987373371,2523,Det/images/normal_train/00263472.png,0,07,easy_clean,0.0013802864,1.0,0.0018514669,normal_replay,FoldBalanced-Gap
RUN_122,TRIAD_041,A14_FoldBalanced-Gap_B3000,R1,1385197443,987373371,2524,Det/images/normal_train/01026221.png,0,07,easy_clean,0.002626894,1.0,0.0029285202,normal_replay,FoldBalanced-Gap
RUN_122,TRIAD_041,A14_FoldBalanced-Gap_B3000,R1,1385197443,987373371,2525,Det/images/normal_train/01138337.png,0,02,easy_clean,0.0033988242,1.0,0.00422514,normal_replay,FoldBalanced-Gap
RUN_122,TRIAD_041,A14_FoldBalanced-Gap_B3000,R1,1385197443,987373371,2526,Det/images/normal_train/00325049.png,0,00,easy_clean,0.0068356911,1.0,0.0198277546,normal_replay,FoldBalanced-Gap
RUN_122,TRIAD_041,A14_FoldBalanced-Gap_B3000,R1,1385197443,987373371,2527,Det/images/normal_train/00208959.png,0,01,easy_clean,0.0136324386,1.0,0.016642001,normal_replay,FoldBalanced-Gap
RUN_122,TRIAD_041,A14_FoldBalanced-Gap_B3000,R1,1385197443,987373371,2528,Det/images/normal_train/00818054.png,0,02,easy_clean,0.0468459474,1.0,0.0427425307,normal_replay,FoldBalanced-Gap
RUN_122,TRIAD_041,A14_FoldBalanced-Gap_B3000,R1,1385197443,987373371,2529,Det/images/normal_train/01247685.png,0,02,easy_clean,0.0624466319,1.0,0.063511752,normal_replay,FoldBalanced-Gap
RUN_122,TRIAD_041,A14_FoldBalanced-Gap_B3000,R1,1385197443,987373371,2530,Det/images/normal_train/00492839.png,0,05,easy_clean,0.0277289135,1.0,0.0515972414,normal_replay,FoldBalanced-Gap
RUN_122,TRIAD_041,A14_FoldBalanced-Gap_B3000,R1,1385197443,987373371,2531,Det/images/normal_train/00189856.png,0,02,easy_clean,0.0030148716,1.0,0.0125354119,normal_replay,FoldBalanced-Gap
RUN_122,TRIAD_041,A14_FoldBalanced-Gap_B3000,R1,1385197443,987373371,2532,Det/images/normal_train/01143582.png,0,08,easy_clean,0.0062143516,1.0,0.0191669877,normal_replay,FoldBalanced-Gap
RUN_122,TRIAD_041,A14_FoldBalanced-Gap_B3000,R1,1385197443,987373371,2533,Det/images/normal_train/00653003.png,0,02,easy_clean,0.0134256924,1.0,0.0137805061,normal_replay,FoldBalanced-Gap
RUN_122,TRIAD_041,A14_FoldBalanced-Gap_B3000,R1,1385197443,987373371,2534,Det/images/normal_train/00880070.png,0,07,easy_clean,0.0134484653,1.0,0.0174360212,normal_replay,FoldBalanced-Gap
RUN_122,TRIAD_041,A14_FoldBalanced-Gap_B3000,R1,1385197443,987373371,2535,Det/images/normal_train/00254879.png,0,03,easy_clean,0.0082367032,1.0,0.0108237386,normal_replay,FoldBalanced-Gap
RUN_122,TRIAD_041,A14_FoldBalanced-Gap_B3000,R1,1385197443,987373371,2536,Det/images/normal_train/00830641.png,0,06,easy_clean,0.0046314531,1.0,0.0104693182,normal_replay,FoldBalanced-Gap
RUN_122,TRIAD_041,A14_FoldBalanced-Gap_B3000,R1,1385197443,987373371,2537,Det/images/normal_train/00412563.png,0,06,easy_clean,0.0003377602,1.0,0.0004885097,normal_replay,FoldBalanced-Gap
RUN_122,TRIAD_041,A14_FoldBalanced-Gap_B3000,R1,1385197443,987373371,2538,Det/images/normal_train/00632230.png,0,09,easy_clean,0.0211218999,1.0,0.0268606595,normal_replay,FoldBalanced-Gap
RUN_122,TRIAD_041,A14_FoldBalanced-Gap_B3000,R1,1385197443,987373371,2539,Det/images/normal_train/01108382.png,0,01,ordinary,0.1482172175,0.915,0.2150943567,normal_replay,FoldBalanced-Gap
RUN_122,TRIAD_041,A14_FoldBalanced-Gap_B3000,R1,1385197443,987373371,2540,Det/images/normal_train/00319089.png,0,04,easy_clean,0.0020048435,1.0,0.0026213,normal_replay,FoldBalanced-Gap
RUN_122,TRIAD_041,A14_FoldBalanced-Gap_B3000,R1,1385197443,987373371,2541,Det/images/normal_train/00618478.png,0,04,easy_clean,0.0009096689,1.0,0.0012105514,normal_replay,FoldBalanced-Gap
RUN_122,TRIAD_041,A14_FoldBalanced-Gap_B3000,R1,1385197443,987373371,2542,Det/images/normal_train/00319437.png,0,04,easy_clean,0.0526055007,1.0,0.0599721875,normal_replay,FoldBalanced-Gap
RUN_122,TRIAD_041,A14_FoldBalanced-Gap_B3000,R1,1385197443,987373371,2543,Det/images/normal_train/00284663.png,0,01,easy_clean,0.0411765941,1.0,0.0477217142,normal_replay,FoldBalanced-Gap
RUN_122,TRIAD_041,A14_FoldBalanced-Gap_B3000,R1,1385197443,987373371,2544,Det/images/normal_train/01292972.png,0,07,easy_clean,0.0091855549,1.0,0.0105160982,normal_replay,FoldBalanced-Gap
RUN_122,TRIAD_041,A14_FoldBalanced-Gap_B3000,R1,1385197443,987373371,2545,Det/images/normal_train/01084569.png,0,01,easy_clean,0.0205018186,1.0,0.0354986859,normal_replay,FoldBalanced-Gap
RUN_122,TRIAD_041,A14_FoldBalanced-Gap_B3000,R1,1385197443,987373371,2546,Det/images/normal_train/00744576.png,0,06,easy_clean,0.0085198116,1.0,0.0172461681,normal_replay,FoldBalanced-Gap
RUN_122,TRIAD_041,A14_FoldBalanced-Gap_B3000,R1,1385197443,987373371,2547,Det/images/normal_train/00820242.png,0,05,easy_clean,0.0042055152,1.0,0.0101479625,normal_replay,FoldBalanced-Gap
RUN_122,TRIAD_041,A14_FoldBalanced-Gap_B3000,R1,1385197443,987373371,2548,Det/images/normal_train/00151179.png,0,01,easy_clean,0.0065941784,1.0,0.0094306543,normal_replay,FoldBalanced-Gap
RUN_122,TRIAD_041,A14_FoldBalanced-Gap_B3000,R1,1385197443,987373371,2549,Det/images/normal_train/01004219.png,0,07,easy_clean,0.0125366123,1.0,0.0348416026,normal_replay,FoldBalanced-Gap
RUN_122,TRIAD_041,A14_FoldBalanced-Gap_B3000,R1,1385197443,987373371,2550,Det/images/normal_train/01040400.png,0,06,easy_clean,0.0712990626,1.0,0.068847191,normal_replay,FoldBalanced-Gap
RUN_122,TRIAD_041,A14_FoldBalanced-Gap_B3000,R1,1385197443,987373371,2551,Det/images/normal_train/00189817.png,0,02,easy_clean,0.0046474213,1.0,0.0059385287,normal_replay,FoldBalanced-Gap
RUN_122,TRIAD_041,A14_FoldBalanced-Gap_B3000,R1,1385197443,987373371,2552,Det/images/normal_train/00778625.png,0,02,easy_clean,0.001749394,1.0,0.0033721773,normal_replay,FoldBalanced-Gap
RUN_122,TRIAD_041,A14_FoldBalanced-Gap_B3000,R1,1385197443,987373371,2553,Det/images/normal_train/01162536.png,0,06,easy_clean,0.0046261789,1.0,0.0052423481,normal_replay,FoldBalanced-Gap
RUN_122,TRIAD_041,A14_FoldBalanced-Gap_B3000,R1,1385197443,987373371,2554,Det/images/normal_train/00511066.png,0,02,unstable_boundary,0.4987899271,0.415,0.1365790605,normal_replay,FoldBalanced-Gap
RUN_122,TRIAD_041,A14_FoldBalanced-Gap_B3000,R1,1385197443,987373371,2555,Det/images/normal_train/00833773.png,0,02,easy_clean,0.0276715311,1.0,0.0572026452,normal_replay,FoldBalanced-Gap
RUN_122,TRIAD_041,A14_FoldBalanced-Gap_B3000,R1,1385197443,987373371,2556,Det/images/normal_train/01212046.png,0,02,easy_clean,0.0049297126,1.0,0.0055284672,normal_replay,FoldBalanced-Gap
RUN_122,TRIAD_041,A14_FoldBalanced-Gap_B3000,R1,1385197443,987373371,2557,Det/images/normal_train/00370363.png,0,06,easy_clean,0.0002899916,1.0,0.0004431209,normal_replay,FoldBalanced-Gap
RUN_122,TRIAD_041,A14_FoldBalanced-Gap_B3000,R1,1385197443,987373371,2558,Det/images/normal_train/00503721.png,0,03,easy_clean,0.0839970679,1.0,0.0695317211,normal_replay,FoldBalanced-Gap
RUN_122,TRIAD_041,A14_FoldBalanced-Gap_B3000,R1,1385197443,987373371,2559,Det/images/normal_train/01075054.png,0,05,learnable_hard,0.7622381842,0.09,0.1724811679,normal_replay,FoldBalanced-Gap
RUN_122,TRIAD_041,A14_FoldBalanced-Gap_B3000,R1,1385197443,987373371,2560,Det/images/normal_train/01202873.png,0,08,easy_clean,0.0206480062,1.0,0.0370836217,normal_replay,FoldBalanced-Gap
RUN_122,TRIAD_041,A14_FoldBalanced-Gap_B3000,R1,1385197443,987373371,2561,Det/images/normal_train/00931001.png,0,02,ordinary,0.1268158058,1.0,0.0809053438,normal_replay,FoldBalanced-Gap
RUN_122,TRIAD_041,A14_FoldBalanced-Gap_B3000,R1,1385197443,987373371,2562,Det/images/normal_train/00808008.png,0,03,ordinary,0.1206750869,1.0,0.0654039429,normal_replay,FoldBalanced-Gap
RUN_122,TRIAD_041,A14_FoldBalanced-Gap_B3000,R1,1385197443,987373371,2563,Det/images/normal_train/00373114.png,0,03,easy_clean,0.0013895357,1.0,0.0023635145,normal_replay,FoldBalanced-Gap
RUN_122,TRIAD_041,A14_FoldBalanced-Gap_B3000,R1,1385197443,987373371,2564,Det/images/normal_train/01269373.png,0,00,easy_clean,0.00529539,1.0,0.005153917,normal_replay,FoldBalanced-Gap
RUN_122,TRIAD_041,A14_FoldBalanced-Gap_B3000,R1,1385197443,987373371,2565,Det/images/normal_train/00544689.png,0,04,easy_clean,0.0125261579,1.0,0.0151149402,normal_replay,FoldBalanced-Gap
RUN_122,TRIAD_041,A14_FoldBalanced-Gap_B3000,R1,1385197443,987373371,2566,Det/images/normal_train/01012276.png,0,00,easy_clean,0.0372502561,1.0,0.0164610426,normal_replay,FoldBalanced-Gap
RUN_122,TRIAD_041,A14_FoldBalanced-Gap_B3000,R1,1385197443,987373371,2567,Det/images/normal_train/00494408.png,0,05,easy_clean,0.0015848522,1.0,0.0018751345,normal_replay,FoldBalanced-Gap
RUN_122,TRIAD_041,A14_FoldBalanced-Gap_B3000,R1,1385197443,987373371,2568,Det/images/normal_train/00823585.png,0,02,easy_clean,0.00028133,1.0,0.0004721978,normal_replay,FoldBalanced-Gap
RUN_122,TRIAD_041,A14_FoldBalanced-Gap_B3000,R1,1385197443,987373371,2569,Det/images/normal_train/01011244.png,0,07,easy_clean,0.0012849183,1.0,0.0025906877,normal_replay,FoldBalanced-Gap
RUN_122,TRIAD_041,A14_FoldBalanced-Gap_B3000,R1,1385197443,987373371,2570,Det/images/normal_train/00834199.png,0,08,learnable_hard,0.0826748532,0.99,0.0761326634,normal_replay,FoldBalanced-Gap
RUN_122,TRIAD_041,A14_FoldBalanced-Gap_B3000,R1,1385197443,987373371,2571,Det/images/normal_train/01138852.png,0,02,learnable_hard,0.2019073876,0.885,0.1724156643,normal_replay,FoldBalanced-Gap
RUN_122,TRIAD_041,A14_FoldBalanced-Gap_B3000,R1,1385197443,987373371,2572,Det/images/normal_train/00327426.png,0,06,easy_clean,0.0080964551,1.0,0.0089757447,normal_replay,FoldBalanced-Gap
RUN_122,TRIAD_041,A14_FoldBalanced-Gap_B3000,R1,1385197443,987373371,2573,Det/images/normal_train/00324698.png,0,00,easy_clean,0.0045977124,1.0,0.0077968226,normal_replay,FoldBalanced-Gap
RUN_122,TRIAD_041,A14_FoldBalanced-Gap_B3000,R1,1385197443,987373371,2574,Det/images/normal_train/00206888.png,0,05,easy_clean,0.0107781081,1.0,0.0122139444,normal_replay,FoldBalanced-Gap
RUN_122,TRIAD_041,A14_FoldBalanced-Gap_B3000,R1,1385197443,987373371,2575,Det/images/normal_train/00830775.png,0,06,easy_clean,0.0006467319,1.0,0.0020180133,normal_replay,FoldBalanced-Gap
RUN_122,TRIAD_041,A14_FoldBalanced-Gap_B3000,R1,1385197443,987373371,2576,Det/images/normal_train/01126511.png,0,06,easy_clean,0.0128057309,1.0,0.0149102467,normal_replay,FoldBalanced-Gap
RUN_122,TRIAD_041,A14_FoldBalanced-Gap_B3000,R1,1385197443,987373371,2577,Det/images/normal_train/01104221.png,0,08,learnable_hard,0.1364755111,0.995,0.1187079743,normal_replay,FoldBalanced-Gap
RUN_122,TRIAD_041,A14_FoldBalanced-Gap_B3000,R1,1385197443,987373371,2578,Det/images/normal_train/00701751.png,0,03,learnable_hard,0.2311431818,0.99,0.1359393691,normal_replay,FoldBalanced-Gap
RUN_122,TRIAD_041,A14_FoldBalanced-Gap_B3000,R1,1385197443,987373371,2579,Det/images/normal_train/00479247.png,0,03,ordinary,0.1079277441,1.0,0.1083647499,normal_replay,FoldBalanced-Gap
RUN_122,TRIAD_041,A14_FoldBalanced-Gap_B3000,R1,1385197443,987373371,2580,Det/images/normal_train/00148424.png,0,03,easy_clean,0.0731320658,1.0,0.0660275625,normal_replay,FoldBalanced-Gap
RUN_122,TRIAD_041,A14_FoldBalanced-Gap_B3000,R1,1385197443,987373371,2581,Det/images/normal_train/00788844.png,0,03,easy_clean,0.0033212762,1.0,0.0043320992,normal_replay,FoldBalanced-Gap
RUN_122,TRIAD_041,A14_FoldBalanced-Gap_B3000,R1,1385197443,987373371,2582,Det/images/normal_train/01051240.png,0,06,easy_clean,0.0199353339,1.0,0.0178195306,normal_replay,FoldBalanced-Gap
RUN_122,TRIAD_041,A14_FoldBalanced-Gap_B3000,R1,1385197443,987373371,2583,Det/images/normal_train/00451115.png,0,06,easy_clean,0.0062298708,1.0,0.0061640317,normal_replay,FoldBalanced-Gap
RUN_122,TRIAD_041,A14_FoldBalanced-Gap_B3000,R1,1385197443,987373371,2584,Det/images/normal_train/00845453.png,0,04,easy_clean,0.0030951104,1.0,0.0043859444,normal_replay,FoldBalanced-Gap
RUN_122,TRIAD_041,A14_FoldBalanced-Gap_B3000,R1,1385197443,987373371,2585,Det/images/normal_train/00975713.png,0,02,easy_clean,0.0390838386,1.0,0.0273090366,normal_replay,FoldBalanced-Gap
RUN_122,TRIAD_041,A14_FoldBalanced-Gap_B3000,R1,1385197443,987373371,2586,Det/images/normal_train/00325944.png,0,00,learnable_hard,0.0922901913,0.995,0.1075497251,normal_replay,FoldBalanced-Gap
RUN_122,TRIAD_041,A14_FoldBalanced-Gap_B3000,R1,1385197443,987373371,2587,Det/images/normal_train/00146214.png,0,04,ordinary,0.1062320727,1.0,0.082562225,normal_replay,FoldBalanced-Gap
RUN_122,TRIAD_041,A14_FoldBalanced-Gap_B3000,R1,1385197443,987373371,2588,Det/images/normal_train/01259411.png,0,06,easy_clean,0.0215733527,1.0,0.0237023046,normal_replay,FoldBalanced-Gap
RUN_122,TRIAD_041,A14_FoldBalanced-Gap_B3000,R1,1385197443,987373371,2589,Det/images/normal_train/00286346.png,0,06,easy_clean,0.0021366934,1.0,0.0111025737,normal_replay,FoldBalanced-Gap
RUN_122,TRIAD_041,A14_FoldBalanced-Gap_B3000,R1,1385197443,987373371,2590,Det/images/normal_train/00956691.png,0,06,easy_clean,0.0073619084,1.0,0.0073012254,normal_replay,FoldBalanced-Gap
RUN_122,TRIAD_041,A14_FoldBalanced-Gap_B3000,R1,1385197443,987373371,2591,Det/images/normal_train/00247024.png,0,01,easy_clean,0.0016246557,1.0,0.0059677981,normal_replay,FoldBalanced-Gap
RUN_122,TRIAD_041,A14_FoldBalanced-Gap_B3000,R1,1385197443,987373371,2592,Det/images/normal_train/00980192.png,0,01,easy_clean,0.0038051444,1.0,0.0091238017,normal_replay,FoldBalanced-Gap
RUN_122,TRIAD_041,A14_FoldBalanced-Gap_B3000,R1,1385197443,987373371,2593,Det/images/normal_train/00916293.png,0,00,easy_clean,0.0155095645,1.0,0.0188256999,normal_replay,FoldBalanced-Gap
RUN_122,TRIAD_041,A14_FoldBalanced-Gap_B3000,R1,1385197443,987373371,2594,Det/images/normal_train/00246796.png,0,08,learnable_hard,0.1537179311,0.975,0.1338142393,normal_replay,FoldBalanced-Gap
RUN_122,TRIAD_041,A14_FoldBalanced-Gap_B3000,R1,1385197443,987373371,2595,Det/images/normal_train/00856905.png,0,08,easy_clean,0.0089656195,1.0,0.0153422127,normal_replay,FoldBalanced-Gap
RUN_122,TRIAD_041,A14_FoldBalanced-Gap_B3000,R1,1385197443,987373371,2596,Det/images/normal_train/00959168.png,0,02,learnable_hard,0.0534794362,0.995,0.0457885433,normal_replay,FoldBalanced-Gap
RUN_122,TRIAD_041,A14_FoldBalanced-Gap_B3000,R1,1385197443,987373371,2597,Det/images/normal_train/01284931.png,0,00,persistent_hard,0.5801775593,0.425,0.3146207248,normal_replay,FoldBalanced-Gap
RUN_122,TRIAD_041,A14_FoldBalanced-Gap_B3000,R1,1385197443,987373371,2598,Det/images/normal_train/01188309.png,0,01,learnable_hard,0.2773028775,0.925,0.1295389924,normal_replay,FoldBalanced-Gap
RUN_122,TRIAD_041,A14_FoldBalanced-Gap_B3000,R1,1385197443,987373371,2599,Det/images/normal_train/00419997.png,0,04,easy_clean,0.0273029977,1.0,0.0304400488,normal_replay,FoldBalanced-Gap
RUN_122,TRIAD_041,A14_FoldBalanced-Gap_B3000,R1,1385197443,987373371,2600,Det/images/normal_train/00885961.png,0,04,easy_clean,0.0129494696,1.0,0.0307199122,normal_replay,FoldBalanced-Gap
RUN_122,TRIAD_041,A14_FoldBalanced-Gap_B3000,R1,1385197443,987373371,2601,Det/images/normal_train/00462576.png,0,03,easy_clean,0.0449014488,1.0,0.0314710275,normal_replay,FoldBalanced-Gap
RUN_122,TRIAD_041,A14_FoldBalanced-Gap_B3000,R1,1385197443,987373371,2602,Det/images/normal_train/00480240.png,0,07,easy_clean,0.0005824797,1.0,0.0007040248,normal_replay,FoldBalanced-Gap
RUN_122,TRIAD_041,A14_FoldBalanced-Gap_B3000,R1,1385197443,987373371,2603,Det/images/normal_train/01202752.png,0,08,easy_clean,0.0385320252,1.0,0.0427140483,normal_replay,FoldBalanced-Gap
RUN_122,TRIAD_041,A14_FoldBalanced-Gap_B3000,R1,1385197443,987373371,2604,Det/images/normal_train/00330322.png,0,00,easy_clean,0.0004648726,1.0,0.0012825046,normal_replay,FoldBalanced-Gap
RUN_122,TRIAD_041,A14_FoldBalanced-Gap_B3000,R1,1385197443,987373371,2605,Det/images/normal_train/00379671.png,0,02,easy_clean,0.0017724884,1.0,0.0048366054,normal_replay,FoldBalanced-Gap
RUN_122,TRIAD_041,A14_FoldBalanced-Gap_B3000,R1,1385197443,987373371,2606,Det/images/normal_train/00266996.png,0,01,easy_clean,0.0014608654,1.0,0.0015711891,normal_replay,FoldBalanced-Gap
RUN_122,TRIAD_041,A14_FoldBalanced-Gap_B3000,R1,1385197443,987373371,2607,Det/images/normal_train/01059350.png,0,03,easy_clean,0.0751599724,1.0,0.0589571556,normal_replay,FoldBalanced-Gap
RUN_122,TRIAD_041,A14_FoldBalanced-Gap_B3000,R1,1385197443,987373371,2608,Det/images/normal_train/00233953.png,0,03,learnable_hard,0.0581110942,0.995,0.0669686978,normal_replay,FoldBalanced-Gap
RUN_122,TRIAD_041,A14_FoldBalanced-Gap_B3000,R1,1385197443,987373371,2609,Det/images/normal_train/00963747.png,0,05,learnable_hard,0.2054216519,0.945,0.1457384142,normal_replay,FoldBalanced-Gap
RUN_122,TRIAD_041,A14_FoldBalanced-Gap_B3000,R1,1385197443,987373371,2610,Det/images/normal_train/00804400.png,0,09,ordinary,0.153803957,1.0,0.0534817322,normal_replay,FoldBalanced-Gap
RUN_122,TRIAD_041,A14_FoldBalanced-Gap_B3000,R1,1385197443,987373371,2611,Det/images/normal_train/00584276.png,0,05,easy_clean,0.0374156779,1.0,0.0454906586,normal_replay,FoldBalanced-Gap
RUN_122,TRIAD_041,A14_FoldBalanced-Gap_B3000,R1,1385197443,987373371,2612,Det/images/normal_train/01202801.png,0,08,easy_clean,0.0632093379,1.0,0.0710081762,normal_replay,FoldBalanced-Gap
RUN_122,TRIAD_041,A14_FoldBalanced-Gap_B3000,R1,1385197443,987373371,2613,Det/images/normal_train/01145844.png,0,06,easy_clean,0.0010878256,1.0,0.0022134064,normal_replay,FoldBalanced-Gap
RUN_122,TRIAD_041,A14_FoldBalanced-Gap_B3000,R1,1385197443,987373371,2614,Det/images/normal_train/00234899.png,0,06,ordinary,0.170448768,1.0,0.1009795863,normal_replay,FoldBalanced-Gap
RUN_122,TRIAD_041,A14_FoldBalanced-Gap_B3000,R1,1385197443,987373371,2615,Det/images/normal_train/01075431.png,0,05,easy_clean,0.0262546351,1.0,0.0174759434,normal_replay,FoldBalanced-Gap
RUN_122,TRIAD_041,A14_FoldBalanced-Gap_B3000,R1,1385197443,987373371,2616,Det/images/normal_train/01088241.png,0,00,easy_clean,0.0821794196,1.0,0.0421933755,normal_replay,FoldBalanced-Gap
RUN_122,TRIAD_041,A14_FoldBalanced-Gap_B3000,R1,1385197443,987373371,2617,Det/images/normal_train/00633110.png,0,02,learnable_hard,0.0285675393,0.99,0.0756453318,normal_replay,FoldBalanced-Gap
RUN_122,TRIAD_041,A14_FoldBalanced-Gap_B3000,R1,1385197443,987373371,2618,Det/images/normal_train/01220272.png,0,01,easy_clean,0.0181785161,1.0,0.0145742827,normal_replay,FoldBalanced-Gap
RUN_122,TRIAD_041,A14_FoldBalanced-Gap_B3000,R1,1385197443,987373371,2619,Det/images/normal_train/00809243.png,0,05,easy_clean,0.0048784033,1.0,0.0058970701,normal_replay,FoldBalanced-Gap
RUN_122,TRIAD_041,A14_FoldBalanced-Gap_B3000,R1,1385197443,987373371,2620,Det/images/normal_train/00883513.png,0,05,learnable_hard,0.0195524799,0.995,0.0815097572,normal_replay,FoldBalanced-Gap
RUN_122,TRIAD_041,A14_FoldBalanced-Gap_B3000,R1,1385197443,987373371,2621,Det/images/normal_train/01151065.png,0,00,easy_clean,0.0030513611,1.0,0.0039292241,normal_replay,FoldBalanced-Gap
RUN_122,TRIAD_041,A14_FoldBalanced-Gap_B3000,R1,1385197443,987373371,2622,Det/images/normal_train/00443111.png,0,00,learnable_hard,0.066321619,0.995,0.0604593642,normal_replay,FoldBalanced-Gap
RUN_122,TRIAD_041,A14_FoldBalanced-Gap_B3000,R1,1385197443,987373371,2623,Det/images/normal_train/00632270.png,0,09,easy_clean,0.0609351879,1.0,0.0406038358,normal_replay,FoldBalanced-Gap
RUN_122,TRIAD_041,A14_FoldBalanced-Gap_B3000,R1,1385197443,987373371,2624,Det/images/normal_train/01147387.png,0,07,easy_clean,0.009882472,1.0,0.0110125651,normal_replay,FoldBalanced-Gap
RUN_122,TRIAD_041,A14_FoldBalanced-Gap_B3000,R1,1385197443,987373371,2625,Det/images/normal_train/00547697.png,0,05,easy_clean,0.0728134018,1.0,0.060949571,normal_replay,FoldBalanced-Gap
RUN_122,TRIAD_041,A14_FoldBalanced-Gap_B3000,R1,1385197443,987373371,2626,Det/images/normal_train/00840516.png,0,00,easy_clean,0.0020092323,1.0,0.0056889491,normal_replay,FoldBalanced-Gap
RUN_122,TRIAD_041,A14_FoldBalanced-Gap_B3000,R1,1385197443,987373371,2627,Det/images/normal_train/01129420.png,0,09,easy_clean,0.0186618732,1.0,0.0192369941,normal_replay,FoldBalanced-Gap
RUN_122,TRIAD_041,A14_FoldBalanced-Gap_B3000,R1,1385197443,987373371,2628,Det/images/normal_train/00496082.png,0,07,easy_clean,0.0145632237,1.0,0.017207951,normal_replay,FoldBalanced-Gap
RUN_122,TRIAD_041,A14_FoldBalanced-Gap_B3000,R1,1385197443,987373371,2629,Det/images/normal_train/00332388.png,0,00,easy_clean,0.0033643143,1.0,0.0107558909,normal_replay,FoldBalanced-Gap
RUN_122,TRIAD_041,A14_FoldBalanced-Gap_B3000,R1,1385197443,987373371,2630,Det/images/normal_train/00476515.png,0,09,easy_clean,0.0078780735,1.0,0.0127001479,normal_replay,FoldBalanced-Gap
RUN_122,TRIAD_041,A14_FoldBalanced-Gap_B3000,R1,1385197443,987373371,2631,Det/images/normal_train/00556099.png,0,04,easy_clean,0.012522887,1.0,0.027027337,normal_replay,FoldBalanced-Gap
RUN_122,TRIAD_041,A14_FoldBalanced-Gap_B3000,R1,1385197443,987373371,2632,Det/images/normal_train/00755833.png,0,05,easy_clean,0.029841471,1.0,0.0466216742,normal_replay,FoldBalanced-Gap
RUN_122,TRIAD_041,A14_FoldBalanced-Gap_B3000,R1,1385197443,987373371,2633,Det/images/normal_train/00851649.png,0,01,easy_clean,0.0020402238,1.0,0.0026087804,normal_replay,FoldBalanced-Gap
RUN_122,TRIAD_041,A14_FoldBalanced-Gap_B3000,R1,1385197443,987373371,2634,Det/images/normal_train/00529971.png,0,03,easy_clean,0.0017709276,1.0,0.0030222441,normal_replay,FoldBalanced-Gap
RUN_122,TRIAD_041,A14_FoldBalanced-Gap_B3000,R1,1385197443,987373371,2635,Det/images/normal_train/00402743.png,0,00,easy_clean,0.0107062975,1.0,0.0131982025,normal_replay,FoldBalanced-Gap
RUN_122,TRIAD_041,A14_FoldBalanced-Gap_B3000,R1,1385197443,987373371,2636,Det/images/normal_train/00254969.png,0,03,easy_clean,0.0438568138,1.0,0.0419951943,normal_replay,FoldBalanced-Gap
RUN_122,TRIAD_041,A14_FoldBalanced-Gap_B3000,R1,1385197443,987373371,2637,Det/images/normal_train/00801617.png,0,06,learnable_hard,0.0576093233,0.995,0.0744736562,normal_replay,FoldBalanced-Gap
RUN_122,TRIAD_041,A14_FoldBalanced-Gap_B3000,R1,1385197443,987373371,2638,Det/images/normal_train/00342181.png,0,02,learnable_hard,0.7646054064,0.04,0.1029311689,normal_replay,FoldBalanced-Gap
RUN_122,TRIAD_041,A14_FoldBalanced-Gap_B3000,R1,1385197443,987373371,2639,Det/images/normal_train/01185943.png,0,02,easy_clean,0.0257670577,1.0,0.0176649881,normal_replay,FoldBalanced-Gap
RUN_122,TRIAD_041,A14_FoldBalanced-Gap_B3000,R1,1385197443,987373371,2640,Det/images/normal_train/00236378.png,0,03,easy_clean,0.0322448673,1.0,0.0257786502,normal_replay,FoldBalanced-Gap
RUN_122,TRIAD_041,A14_FoldBalanced-Gap_B3000,R1,1385197443,987373371,2641,Det/images/normal_train/00345774.png,0,05,easy_clean,0.0216624195,1.0,0.038537336,normal_replay,FoldBalanced-Gap
RUN_122,TRIAD_041,A14_FoldBalanced-Gap_B3000,R1,1385197443,987373371,2642,Det/images/normal_train/01156035.png,0,00,learnable_hard,0.1436679355,0.955,0.1429277856,normal_replay,FoldBalanced-Gap
RUN_122,TRIAD_041,A14_FoldBalanced-Gap_B3000,R1,1385197443,987373371,2643,Det/images/normal_train/01164132.png,0,08,easy_clean,0.0055628845,1.0,0.0055654277,normal_replay,FoldBalanced-Gap
RUN_122,TRIAD_041,A14_FoldBalanced-Gap_B3000,R1,1385197443,987373371,2644,Det/images/normal_train/00468277.png,0,06,ordinary,0.164436313,1.0,0.1320340895,normal_replay,FoldBalanced-Gap
RUN_122,TRIAD_041,A14_FoldBalanced-Gap_B3000,R1,1385197443,987373371,2645,Det/images/normal_train/00560229.png,0,01,easy_clean,0.0116712012,1.0,0.022376154,normal_replay,FoldBalanced-Gap
RUN_122,TRIAD_041,A14_FoldBalanced-Gap_B3000,R1,1385197443,987373371,2646,Det/images/normal_train/00261973.png,0,00,easy_clean,0.0017455117,1.0,0.0022831263,normal_replay,FoldBalanced-Gap
RUN_122,TRIAD_041,A14_FoldBalanced-Gap_B3000,R1,1385197443,987373371,2647,Det/images/normal_train/00957379.png,0,02,easy_clean,0.0017220522,1.0,0.0017536279,normal_replay,FoldBalanced-Gap
RUN_122,TRIAD_041,A14_FoldBalanced-Gap_B3000,R1,1385197443,987373371,2648,Det/images/normal_train/01233493.png,0,09,easy_clean,0.0012732826,1.0,0.0015842882,normal_replay,FoldBalanced-Gap
RUN_122,TRIAD_041,A14_FoldBalanced-Gap_B3000,R1,1385197443,987373371,2649,Det/images/normal_train/01139111.png,0,05,easy_clean,0.001515353,1.0,0.0019010573,normal_replay,FoldBalanced-Gap
RUN_122,TRIAD_041,A14_FoldBalanced-Gap_B3000,R1,1385197443,987373371,2650,Det/images/normal_train/00820382.png,0,05,learnable_hard,0.1481946547,0.995,0.0708195471,normal_replay,FoldBalanced-Gap
RUN_122,TRIAD_041,A14_FoldBalanced-Gap_B3000,R1,1385197443,987373371,2651,Det/images/normal_train/00366258.png,0,02,easy_clean,0.0126341248,1.0,0.0184727211,normal_replay,FoldBalanced-Gap
RUN_122,TRIAD_041,A14_FoldBalanced-Gap_B3000,R1,1385197443,987373371,2652,Det/images/normal_train/00482329.png,0,02,easy_clean,0.0065559119,1.0,0.0068656648,normal_replay,FoldBalanced-Gap
RUN_122,TRIAD_041,A14_FoldBalanced-Gap_B3000,R1,1385197443,987373371,2653,Det/images/normal_train/01202852.png,0,08,learnable_hard,0.0258136881,0.995,0.0650347979,normal_replay,FoldBalanced-Gap
RUN_122,TRIAD_041,A14_FoldBalanced-Gap_B3000,R1,1385197443,987373371,2654,Det/images/normal_train/00804585.png,0,09,easy_clean,0.0037669776,1.0,0.0042203688,normal_replay,FoldBalanced-Gap
RUN_122,TRIAD_041,A14_FoldBalanced-Gap_B3000,R1,1385197443,987373371,2655,Det/images/normal_train/00713102.png,0,06,learnable_hard,0.0572849496,0.99,0.0918479426,normal_replay,FoldBalanced-Gap
RUN_122,TRIAD_041,A14_FoldBalanced-Gap_B3000,R1,1385197443,987373371,2656,Det/images/normal_train/01241262.png,0,09,easy_clean,0.0017580177,1.0,0.0041862035,normal_replay,FoldBalanced-Gap
RUN_122,TRIAD_041,A14_FoldBalanced-Gap_B3000,R1,1385197443,987373371,2657,Det/images/normal_train/01167741.png,0,01,easy_clean,0.0406628736,1.0,0.0138899471,normal_replay,FoldBalanced-Gap
RUN_122,TRIAD_041,A14_FoldBalanced-Gap_B3000,R1,1385197443,987373371,2658,Det/images/normal_train/00353987.png,0,02,easy_clean,0.0237002438,1.0,0.0316813359,normal_replay,FoldBalanced-Gap
RUN_122,TRIAD_041,A14_FoldBalanced-Gap_B3000,R1,1385197443,987373371,2659,Det/images/normal_train/00331969.png,0,02,easy_clean,0.0060206872,1.0,0.0087171906,normal_replay,FoldBalanced-Gap
RUN_122,TRIAD_041,A14_FoldBalanced-Gap_B3000,R1,1385197443,987373371,2660,Det/images/normal_train/01019223.png,0,08,easy_clean,0.0011976519,1.0,0.0028469666,normal_replay,FoldBalanced-Gap
RUN_122,TRIAD_041,A14_FoldBalanced-Gap_B3000,R1,1385197443,987373371,2661,Det/images/normal_train/01290723.png,0,03,learnable_hard,0.0319451923,0.995,0.0506681359,normal_replay,FoldBalanced-Gap
RUN_122,TRIAD_041,A14_FoldBalanced-Gap_B3000,R1,1385197443,987373371,2662,Det/images/normal_train/00637876.png,0,05,easy_clean,0.0517600524,1.0,0.0651546384,normal_replay,FoldBalanced-Gap
RUN_122,TRIAD_041,A14_FoldBalanced-Gap_B3000,R1,1385197443,987373371,2663,Det/images/normal_train/01287929.png,0,06,unstable_boundary,0.4851118534,0.295,0.1989757299,normal_replay,FoldBalanced-Gap
RUN_122,TRIAD_041,A14_FoldBalanced-Gap_B3000,R1,1385197443,987373371,2664,Det/images/normal_train/00687341.png,0,01,easy_clean,0.0076501963,1.0,0.0291341326,normal_replay,FoldBalanced-Gap
RUN_122,TRIAD_041,A14_FoldBalanced-Gap_B3000,R1,1385197443,987373371,2665,Det/images/normal_train/00624265.png,0,08,ordinary,0.1989481634,0.915,0.1423723936,normal_replay,FoldBalanced-Gap
RUN_122,TRIAD_041,A14_FoldBalanced-Gap_B3000,R1,1385197443,987373371,2666,Det/images/normal_train/00587108.png,0,00,easy_clean,0.0029908396,1.0,0.0187957445,normal_replay,FoldBalanced-Gap
RUN_122,TRIAD_041,A14_FoldBalanced-Gap_B3000,R1,1385197443,987373371,2667,Det/images/normal_train/00849991.png,0,05,easy_clean,0.0004248958,1.0,0.0011927074,normal_replay,FoldBalanced-Gap
RUN_122,TRIAD_041,A14_FoldBalanced-Gap_B3000,R1,1385197443,987373371,2668,Det/images/normal_train/00976265.png,0,04,easy_clean,0.0158161353,1.0,0.0147442815,normal_replay,FoldBalanced-Gap
RUN_122,TRIAD_041,A14_FoldBalanced-Gap_B3000,R1,1385197443,987373371,2669,Det/images/normal_train/01138356.png,0,02,easy_clean,0.0040332568,1.0,0.0041316977,normal_replay,FoldBalanced-Gap
RUN_122,TRIAD_041,A14_FoldBalanced-Gap_B3000,R1,1385197443,987373371,2670,Det/images/normal_train/00950873.png,0,01,easy_clean,0.0010835005,1.0,0.0017285888,normal_replay,FoldBalanced-Gap
RUN_122,TRIAD_041,A14_FoldBalanced-Gap_B3000,R1,1385197443,987373371,2671,Det/images/normal_train/00991230.png,0,00,easy_clean,0.0059319405,1.0,0.0111489018,normal_replay,FoldBalanced-Gap
RUN_122,TRIAD_041,A14_FoldBalanced-Gap_B3000,R1,1385197443,987373371,2672,Det/images/normal_train/00605104.png,0,01,easy_clean,0.0382858431,1.0,0.0454057313,normal_replay,FoldBalanced-Gap
RUN_122,TRIAD_041,A14_FoldBalanced-Gap_B3000,R1,1385197443,987373371,2673,Det/images/normal_train/00611201.png,0,01,easy_clean,0.0012831471,1.0,0.0038477535,normal_replay,FoldBalanced-Gap
RUN_122,TRIAD_041,A14_FoldBalanced-Gap_B3000,R1,1385197443,987373371,2674,Det/images/normal_train/00854309.png,0,09,easy_clean,0.0010244498,1.0,0.0012877106,normal_replay,FoldBalanced-Gap
RUN_122,TRIAD_041,A14_FoldBalanced-Gap_B3000,R1,1385197443,987373371,2675,Det/images/normal_train/00986133.png,0,08,learnable_hard,0.0720432593,0.99,0.0677322229,normal_replay,FoldBalanced-Gap
RUN_122,TRIAD_041,A14_FoldBalanced-Gap_B3000,R1,1385197443,987373371,2676,Det/images/normal_train/00556006.png,0,04,easy_clean,0.0026008741,1.0,0.0152278254,normal_replay,FoldBalanced-Gap
RUN_122,TRIAD_041,A14_FoldBalanced-Gap_B3000,R1,1385197443,987373371,2677,Det/images/normal_train/00151216.png,0,01,easy_clean,0.0606980571,1.0,0.0698743573,normal_replay,FoldBalanced-Gap
RUN_122,TRIAD_041,A14_FoldBalanced-Gap_B3000,R1,1385197443,987373371,2678,Det/images/normal_train/00635315.png,0,09,easy_clean,0.0224127102,1.0,0.0399509882,normal_replay,FoldBalanced-Gap
RUN_122,TRIAD_041,A14_FoldBalanced-Gap_B3000,R1,1385197443,987373371,2679,Det/images/normal_train/01122127.png,0,07,learnable_hard,0.2889082153,0.995,0.1481579554,normal_replay,FoldBalanced-Gap
RUN_122,TRIAD_041,A14_FoldBalanced-Gap_B3000,R1,1385197443,987373371,2680,Det/images/normal_train/00351663.png,0,03,easy_clean,0.0187647764,1.0,0.0376294795,normal_replay,FoldBalanced-Gap
RUN_122,TRIAD_041,A14_FoldBalanced-Gap_B3000,R1,1385197443,987373371,2681,Det/images/normal_train/00849164.png,0,05,easy_clean,0.0047991798,1.0,0.0065820503,normal_replay,FoldBalanced-Gap
RUN_122,TRIAD_041,A14_FoldBalanced-Gap_B3000,R1,1385197443,987373371,2682,Det/images/normal_train/01046206.png,0,03,learnable_hard,0.0821119726,0.995,0.059622886,normal_replay,FoldBalanced-Gap
RUN_122,TRIAD_041,A14_FoldBalanced-Gap_B3000,R1,1385197443,987373371,2683,Det/images/normal_train/00852750.png,0,02,easy_clean,0.0014116631,1.0,0.0016703165,normal_replay,FoldBalanced-Gap
RUN_122,TRIAD_041,A14_FoldBalanced-Gap_B3000,R1,1385197443,987373371,2684,Det/images/normal_train/00924092.png,0,07,easy_clean,0.0005667519,1.0,0.0016597686,normal_replay,FoldBalanced-Gap
RUN_122,TRIAD_041,A14_FoldBalanced-Gap_B3000,R1,1385197443,987373371,2685,Det/images/normal_train/00229770.png,0,03,easy_clean,0.001091995,1.0,0.0023481706,normal_replay,FoldBalanced-Gap
RUN_122,TRIAD_041,A14_FoldBalanced-Gap_B3000,R1,1385197443,987373371,2686,Det/images/normal_train/01103917.png,0,02,easy_clean,0.0054755786,1.0,0.0126921784,normal_replay,FoldBalanced-Gap
RUN_122,TRIAD_041,A14_FoldBalanced-Gap_B3000,R1,1385197443,987373371,2687,Det/images/normal_train/00830738.png,0,06,easy_clean,0.0041617828,1.0,0.0055186117,normal_replay,FoldBalanced-Gap
RUN_122,TRIAD_041,A14_FoldBalanced-Gap_B3000,R1,1385197443,987373371,2688,Det/images/normal_train/00169103.png,0,06,easy_clean,0.0126814567,1.0,0.0153389279,normal_replay,FoldBalanced-Gap
RUN_122,TRIAD_041,A14_FoldBalanced-Gap_B3000,R1,1385197443,987373371,2689,Det/images/normal_train/00288814.png,0,07,easy_clean,0.0078144217,1.0,0.0087420082,normal_replay,FoldBalanced-Gap
RUN_122,TRIAD_041,A14_FoldBalanced-Gap_B3000,R1,1385197443,987373371,2690,Det/images/normal_train/00369077.png,0,03,learnable_hard,0.0275890017,0.995,0.0538931582,normal_replay,FoldBalanced-Gap
RUN_122,TRIAD_041,A14_FoldBalanced-Gap_B3000,R1,1385197443,987373371,2691,Det/images/normal_train/00909441.png,0,00,easy_clean,0.0008902382,1.0,0.0024312754,normal_replay,FoldBalanced-Gap
RUN_122,TRIAD_041,A14_FoldBalanced-Gap_B3000,R1,1385197443,987373371,2692,Det/images/normal_train/01093077.png,0,04,easy_clean,0.0857812073,1.0,0.0314218088,normal_replay,FoldBalanced-Gap
RUN_122,TRIAD_041,A14_FoldBalanced-Gap_B3000,R1,1385197443,987373371,2693,Det/images/normal_train/01232989.png,0,09,unstable_boundary,0.4527465721,0.665,0.1452584973,normal_replay,FoldBalanced-Gap
RUN_122,TRIAD_041,A14_FoldBalanced-Gap_B3000,R1,1385197443,987373371,2694,Det/images/normal_train/00935311.png,0,09,easy_clean,0.026296478,1.0,0.0449181921,normal_replay,FoldBalanced-Gap
RUN_122,TRIAD_041,A14_FoldBalanced-Gap_B3000,R1,1385197443,987373371,2695,Det/images/normal_train/01032976.png,0,02,learnable_hard,0.3987222981,0.705,0.2033688792,normal_replay,FoldBalanced-Gap
RUN_122,TRIAD_041,A14_FoldBalanced-Gap_B3000,R1,1385197443,987373371,2696,Det/images/normal_train/00344231.png,0,00,learnable_hard,0.2124128812,0.995,0.1492746279,normal_replay,FoldBalanced-Gap
RUN_122,TRIAD_041,A14_FoldBalanced-Gap_B3000,R1,1385197443,987373371,2697,Det/images/normal_train/00781287.png,0,02,easy_clean,0.0119959673,1.0,0.0063277202,normal_replay,FoldBalanced-Gap
RUN_122,TRIAD_041,A14_FoldBalanced-Gap_B3000,R1,1385197443,987373371,2698,Det/images/normal_train/00799759.png,0,09,easy_clean,0.0003209161,1.0,0.0006045926,normal_replay,FoldBalanced-Gap
RUN_122,TRIAD_041,A14_FoldBalanced-Gap_B3000,R1,1385197443,987373371,2699,Det/images/normal_train/01126763.png,0,06,unstable_boundary,0.5171465172,0.34,0.1697327862,normal_replay,FoldBalanced-Gap
RUN_122,TRIAD_041,A14_FoldBalanced-Gap_B3000,R1,1385197443,987373371,2700,Det/images/normal_train/01027488.png,0,08,learnable_hard,0.024290635,0.99,0.0767390829,normal_replay,FoldBalanced-Gap
RUN_122,TRIAD_041,A14_FoldBalanced-Gap_B3000,R1,1385197443,987373371,2701,Det/images/normal_train/00522192.png,0,07,easy_clean,0.0007899516,1.0,0.0011262419,normal_replay,FoldBalanced-Gap
RUN_122,TRIAD_041,A14_FoldBalanced-Gap_B3000,R1,1385197443,987373371,2702,Det/images/normal_train/00380813.png,0,09,easy_clean,0.0154245111,1.0,0.0219417252,normal_replay,FoldBalanced-Gap
RUN_122,TRIAD_041,A14_FoldBalanced-Gap_B3000,R1,1385197443,987373371,2703,Det/images/normal_train/00963681.png,0,05,easy_clean,0.0132436984,1.0,0.0153920077,normal_replay,FoldBalanced-Gap
RUN_122,TRIAD_041,A14_FoldBalanced-Gap_B3000,R1,1385197443,987373371,2704,Det/images/normal_train/00193982.png,0,06,easy_clean,0.0081033903,1.0,0.0098179354,normal_replay,FoldBalanced-Gap
RUN_122,TRIAD_041,A14_FoldBalanced-Gap_B3000,R1,1385197443,987373371,2705,Det/images/normal_train/00781070.png,0,02,easy_clean,0.0018280909,1.0,0.0022872639,normal_replay,FoldBalanced-Gap
RUN_122,TRIAD_041,A14_FoldBalanced-Gap_B3000,R1,1385197443,987373371,2706,Det/images/normal_train/00241115.png,0,05,learnable_hard,0.5790074693,0.35,0.2341353602,normal_replay,FoldBalanced-Gap
RUN_122,TRIAD_041,A14_FoldBalanced-Gap_B3000,R1,1385197443,987373371,2707,Det/images/normal_train/01167608.png,0,01,easy_clean,0.0129263222,1.0,0.0194681125,normal_replay,FoldBalanced-Gap
RUN_122,TRIAD_041,A14_FoldBalanced-Gap_B3000,R1,1385197443,987373371,2708,Det/images/normal_train/00412010.png,0,06,easy_clean,0.000103608,1.0,0.0001720026,normal_replay,FoldBalanced-Gap
RUN_122,TRIAD_041,A14_FoldBalanced-Gap_B3000,R1,1385197443,987373371,2709,Det/images/normal_train/00243592.png,0,06,easy_clean,0.0193799852,1.0,0.0220792564,normal_replay,FoldBalanced-Gap
RUN_122,TRIAD_041,A14_FoldBalanced-Gap_B3000,R1,1385197443,987373371,2710,Det/images/normal_train/00327991.png,0,06,easy_clean,0.0003247863,1.0,0.0006834665,normal_replay,FoldBalanced-Gap
RUN_122,TRIAD_041,A14_FoldBalanced-Gap_B3000,R1,1385197443,987373371,2711,Det/images/normal_train/01272715.png,0,00,easy_clean,0.0116564343,1.0,0.0135236819,normal_replay,FoldBalanced-Gap
RUN_122,TRIAD_041,A14_FoldBalanced-Gap_B3000,R1,1385197443,987373371,2712,Det/images/normal_train/00991502.png,0,00,easy_clean,0.0006686957,1.0,0.0009692672,normal_replay,FoldBalanced-Gap
RUN_122,TRIAD_041,A14_FoldBalanced-Gap_B3000,R1,1385197443,987373371,2713,Det/images/normal_train/00625159.png,0,08,learnable_hard,0.033100396,0.995,0.0691821525,normal_replay,FoldBalanced-Gap
RUN_122,TRIAD_041,A14_FoldBalanced-Gap_B3000,R1,1385197443,987373371,2714,Det/images/normal_train/00716772.png,0,08,easy_clean,0.0012430953,1.0,0.0029318559,normal_replay,FoldBalanced-Gap
RUN_122,TRIAD_041,A14_FoldBalanced-Gap_B3000,R1,1385197443,987373371,2715,Det/images/normal_train/00859157.png,0,08,easy_clean,0.003990835,1.0,0.0058875237,normal_replay,FoldBalanced-Gap
RUN_122,TRIAD_041,A14_FoldBalanced-Gap_B3000,R1,1385197443,987373371,2716,Det/images/normal_train/00556962.png,0,04,learnable_hard,0.0459341727,0.99,0.1040158908,normal_replay,FoldBalanced-Gap
RUN_122,TRIAD_041,A14_FoldBalanced-Gap_B3000,R1,1385197443,987373371,2717,Det/images/normal_train/00262920.png,0,04,easy_clean,0.0012924308,1.0,0.0015869358,normal_replay,FoldBalanced-Gap
RUN_122,TRIAD_041,A14_FoldBalanced-Gap_B3000,R1,1385197443,987373371,2718,Det/images/normal_train/01031047.png,0,09,easy_clean,0.0605790192,1.0,0.0549040775,normal_replay,FoldBalanced-Gap
RUN_122,TRIAD_041,A14_FoldBalanced-Gap_B3000,R1,1385197443,987373371,2719,Det/images/normal_train/00353856.png,0,02,easy_clean,0.0390657512,1.0,0.0309589757,normal_replay,FoldBalanced-Gap
RUN_122,TRIAD_041,A14_FoldBalanced-Gap_B3000,R1,1385197443,987373371,2720,Det/images/normal_train/00531892.png,0,04,easy_clean,0.0025886275,1.0,0.0030359549,normal_replay,FoldBalanced-Gap
RUN_122,TRIAD_041,A14_FoldBalanced-Gap_B3000,R1,1385197443,987373371,2721,Det/images/normal_train/00852450.png,0,02,easy_clean,0.003180412,1.0,0.0046349106,normal_replay,FoldBalanced-Gap
RUN_122,TRIAD_041,A14_FoldBalanced-Gap_B3000,R1,1385197443,987373371,2722,Det/images/normal_train/01174142.png,0,01,easy_clean,0.0010589351,1.0,0.0019448877,normal_replay,FoldBalanced-Gap
RUN_122,TRIAD_041,A14_FoldBalanced-Gap_B3000,R1,1385197443,987373371,2723,Det/images/normal_train/00208903.png,0,01,easy_clean,0.0027314407,1.0,0.0036672294,normal_replay,FoldBalanced-Gap
RUN_122,TRIAD_041,A14_FoldBalanced-Gap_B3000,R1,1385197443,987373371,2724,Det/images/normal_train/00679209.png,0,07,persistent_hard,0.7055371679,0.3,0.2809201218,normal_replay,FoldBalanced-Gap
RUN_122,TRIAD_041,A14_FoldBalanced-Gap_B3000,R1,1385197443,987373371,2725,Det/images/normal_train/00752748.png,0,08,easy_clean,0.0297799841,1.0,0.0264177103,normal_replay,FoldBalanced-Gap
RUN_122,TRIAD_041,A14_FoldBalanced-Gap_B3000,R1,1385197443,987373371,2726,Det/images/normal_train/00994726.png,0,04,easy_clean,0.0006427262,1.0,0.0009900346,normal_replay,FoldBalanced-Gap
RUN_122,TRIAD_041,A14_FoldBalanced-Gap_B3000,R1,1385197443,987373371,2727,Det/images/normal_train/01143398.png,0,08,easy_clean,0.0024146875,1.0,0.0031982359,normal_replay,FoldBalanced-Gap
RUN_122,TRIAD_041,A14_FoldBalanced-Gap_B3000,R1,1385197443,987373371,2728,Det/images/normal_train/00908949.png,0,06,easy_clean,0.0449428307,0.995,0.0648767714,normal_replay,FoldBalanced-Gap
RUN_122,TRIAD_041,A14_FoldBalanced-Gap_B3000,R1,1385197443,987373371,2729,Det/images/normal_train/01096525.png,0,06,easy_clean,0.0575518304,1.0,0.0311071106,normal_replay,FoldBalanced-Gap
RUN_122,TRIAD_041,A14_FoldBalanced-Gap_B3000,R1,1385197443,987373371,2730,Det/images/normal_train/00796740.png,0,04,easy_clean,0.0006397211,1.0,0.0012532647,normal_replay,FoldBalanced-Gap
RUN_122,TRIAD_041,A14_FoldBalanced-Gap_B3000,R1,1385197443,987373371,2731,Det/images/normal_train/00508512.png,0,03,easy_clean,0.0025279975,1.0,0.0044427523,normal_replay,FoldBalanced-Gap
RUN_122,TRIAD_041,A14_FoldBalanced-Gap_B3000,R1,1385197443,987373371,2732,Det/images/normal_train/01136402.png,0,07,easy_clean,0.0008235255,1.0,0.0010954328,normal_replay,FoldBalanced-Gap
RUN_122,TRIAD_041,A14_FoldBalanced-Gap_B3000,R1,1385197443,987373371,2733,Det/images/normal_train/00992949.png,0,08,unstable_boundary,0.472399828,0.465,0.1153149997,normal_replay,FoldBalanced-Gap
RUN_122,TRIAD_041,A14_FoldBalanced-Gap_B3000,R1,1385197443,987373371,2734,Det/images/normal_train/00344909.png,0,00,easy_clean,0.0034209127,1.0,0.0033177604,normal_replay,FoldBalanced-Gap
RUN_122,TRIAD_041,A14_FoldBalanced-Gap_B3000,R1,1385197443,987373371,2735,Det/images/normal_train/00825877.png,0,02,easy_clean,0.0021183546,1.0,0.0028937593,normal_replay,FoldBalanced-Gap
RUN_122,TRIAD_041,A14_FoldBalanced-Gap_B3000,R1,1385197443,987373371,2736,Det/images/normal_train/00811796.png,0,02,easy_clean,0.0014546434,1.0,0.0032173134,normal_replay,FoldBalanced-Gap
RUN_122,TRIAD_041,A14_FoldBalanced-Gap_B3000,R1,1385197443,987373371,2737,Det/images/normal_train/00962281.png,0,04,easy_clean,0.0066283827,1.0,0.0084966245,normal_replay,FoldBalanced-Gap
RUN_122,TRIAD_041,A14_FoldBalanced-Gap_B3000,R1,1385197443,987373371,2738,Det/images/normal_train/00969322.png,0,04,easy_clean,0.0113388263,1.0,0.0149226675,normal_replay,FoldBalanced-Gap
RUN_122,TRIAD_041,A14_FoldBalanced-Gap_B3000,R1,1385197443,987373371,2739,Det/images/normal_train/00953364.png,0,06,easy_clean,0.0369103584,1.0,0.0367488374,normal_replay,FoldBalanced-Gap
RUN_122,TRIAD_041,A14_FoldBalanced-Gap_B3000,R1,1385197443,987373371,2740,Det/images/normal_train/01000144.png,0,04,ordinary,0.0654798199,0.98,0.0922178382,normal_replay,FoldBalanced-Gap
RUN_122,TRIAD_041,A14_FoldBalanced-Gap_B3000,R1,1385197443,987373371,2741,Det/images/normal_train/00984834.png,0,02,easy_clean,0.0171782873,1.0,0.0257236949,normal_replay,FoldBalanced-Gap
RUN_122,TRIAD_041,A14_FoldBalanced-Gap_B3000,R1,1385197443,987373371,2742,Det/images/normal_train/00667193.png,0,03,learnable_hard,0.0111264396,0.995,0.0567858617,normal_replay,FoldBalanced-Gap
RUN_122,TRIAD_041,A14_FoldBalanced-Gap_B3000,R1,1385197443,987373371,2743,Det/images/normal_train/01221612.png,0,02,easy_clean,0.0555081425,1.0,0.0384932544,normal_replay,FoldBalanced-Gap
RUN_122,TRIAD_041,A14_FoldBalanced-Gap_B3000,R1,1385197443,987373371,2744,Det/images/normal_train/00587810.png,0,00,ordinary,0.2035639873,1.0,0.0712614792,normal_replay,FoldBalanced-Gap
RUN_122,TRIAD_041,A14_FoldBalanced-Gap_B3000,R1,1385197443,987373371,2745,Det/images/normal_train/00907165.png,0,02,easy_clean,0.0057042898,1.0,0.0054127087,normal_replay,FoldBalanced-Gap
RUN_122,TRIAD_041,A14_FoldBalanced-Gap_B3000,R1,1385197443,987373371,2746,Det/images/normal_train/00552062.png,0,07,easy_clean,0.002921716,1.0,0.0101791392,normal_replay,FoldBalanced-Gap
RUN_122,TRIAD_041,A14_FoldBalanced-Gap_B3000,R1,1385197443,987373371,2747,Det/images/normal_train/00711001.png,0,08,easy_clean,0.0250654679,1.0,0.0394610788,normal_replay,FoldBalanced-Gap
RUN_122,TRIAD_041,A14_FoldBalanced-Gap_B3000,R1,1385197443,987373371,2748,Det/images/normal_train/00531281.png,0,04,easy_clean,0.0033876901,1.0,0.0046522844,normal_replay,FoldBalanced-Gap
RUN_122,TRIAD_041,A14_FoldBalanced-Gap_B3000,R1,1385197443,987373371,2749,Det/images/normal_train/00318040.png,0,01,persistent_hard,0.623010228,0.21,0.1423849676,normal_replay,FoldBalanced-Gap
RUN_122,TRIAD_041,A14_FoldBalanced-Gap_B3000,R1,1385197443,987373371,2750,Det/images/normal_train/00515430.png,0,03,easy_clean,0.0017397793,1.0,0.0034699013,normal_replay,FoldBalanced-Gap
RUN_122,TRIAD_041,A14_FoldBalanced-Gap_B3000,R1,1385197443,987373371,2751,Det/images/normal_train/01288772.png,0,07,ordinary,0.2114283256,1.0,0.0955844875,normal_replay,FoldBalanced-Gap
RUN_122,TRIAD_041,A14_FoldBalanced-Gap_B3000,R1,1385197443,987373371,2752,Det/images/normal_train/00355745.png,0,01,easy_clean,0.0066517591,1.0,0.0084164389,normal_replay,FoldBalanced-Gap
RUN_122,TRIAD_041,A14_FoldBalanced-Gap_B3000,R1,1385197443,987373371,2753,Det/images/normal_train/01299492.png,0,03,easy_clean,0.0006323238,1.0,0.0011483102,normal_replay,FoldBalanced-Gap
RUN_122,TRIAD_041,A14_FoldBalanced-Gap_B3000,R1,1385197443,987373371,2754,Det/images/normal_train/00551433.png,0,02,easy_clean,0.0064221252,1.0,0.0084778159,normal_replay,FoldBalanced-Gap
RUN_122,TRIAD_041,A14_FoldBalanced-Gap_B3000,R1,1385197443,987373371,2755,Det/images/normal_train/00549144.png,0,04,easy_clean,0.0306794592,1.0,0.0237070292,normal_replay,FoldBalanced-Gap
RUN_122,TRIAD_041,A14_FoldBalanced-Gap_B3000,R1,1385197443,987373371,2756,Det/images/normal_train/01086457.png,0,04,easy_clean,0.0155531821,1.0,0.0183357298,normal_replay,FoldBalanced-Gap
RUN_122,TRIAD_041,A14_FoldBalanced-Gap_B3000,R1,1385197443,987373371,2757,Det/images/normal_train/00891153.png,0,06,easy_clean,0.0533683325,0.995,0.0716035177,normal_replay,FoldBalanced-Gap
RUN_122,TRIAD_041,A14_FoldBalanced-Gap_B3000,R1,1385197443,987373371,2758,Det/images/normal_train/00326518.png,0,09,easy_clean,0.0128930521,1.0,0.0223785327,normal_replay,FoldBalanced-Gap
RUN_122,TRIAD_041,A14_FoldBalanced-Gap_B3000,R1,1385197443,987373371,2759,Det/images/normal_train/01237919.png,0,05,easy_clean,0.0057419667,1.0,0.0050690875,normal_replay,FoldBalanced-Gap
RUN_122,TRIAD_041,A14_FoldBalanced-Gap_B3000,R1,1385197443,987373371,2760,Det/images/normal_train/00882764.png,0,03,easy_clean,0.0030232845,1.0,0.0099543451,normal_replay,FoldBalanced-Gap
RUN_122,TRIAD_041,A14_FoldBalanced-Gap_B3000,R1,1385197443,987373371,2761,Det/images/normal_train/01260333.png,0,05,easy_clean,0.0224946642,1.0,0.0211990467,normal_replay,FoldBalanced-Gap
RUN_122,TRIAD_041,A14_FoldBalanced-Gap_B3000,R1,1385197443,987373371,2762,Det/images/normal_train/01270209.png,0,05,easy_clean,0.0172560121,1.0,0.0167266019,normal_replay,FoldBalanced-Gap
RUN_122,TRIAD_041,A14_FoldBalanced-Gap_B3000,R1,1385197443,987373371,2763,Det/images/normal_train/01028242.png,0,06,easy_clean,0.0846798837,1.0,0.0662081787,normal_replay,FoldBalanced-Gap
RUN_122,TRIAD_041,A14_FoldBalanced-Gap_B3000,R1,1385197443,987373371,2764,Det/images/normal_train/01126418.png,0,06,easy_clean,0.009081879,1.0,0.0090244504,normal_replay,FoldBalanced-Gap
RUN_122,TRIAD_041,A14_FoldBalanced-Gap_B3000,R1,1385197443,987373371,2765,Det/images/normal_train/00265359.png,0,05,easy_clean,0.0210677853,1.0,0.0337934017,normal_replay,FoldBalanced-Gap
RUN_122,TRIAD_041,A14_FoldBalanced-Gap_B3000,R1,1385197443,987373371,2766,Det/images/normal_train/00843301.png,0,06,easy_clean,0.0015032203,1.0,0.0020045673,normal_replay,FoldBalanced-Gap
RUN_122,TRIAD_041,A14_FoldBalanced-Gap_B3000,R1,1385197443,987373371,2767,Det/images/normal_train/01154882.png,0,01,easy_clean,0.0010363202,1.0,0.0055742152,normal_replay,FoldBalanced-Gap
RUN_122,TRIAD_041,A14_FoldBalanced-Gap_B3000,R1,1385197443,987373371,2768,Det/images/normal_train/00193862.png,0,06,easy_clean,0.0089915104,1.0,0.0112246106,normal_replay,FoldBalanced-Gap
RUN_122,TRIAD_041,A14_FoldBalanced-Gap_B3000,R1,1385197443,987373371,2769,Det/images/normal_train/00366622.png,0,02,easy_clean,0.0008050115,1.0,0.0012644571,normal_replay,FoldBalanced-Gap
RUN_122,TRIAD_041,A14_FoldBalanced-Gap_B3000,R1,1385197443,987373371,2770,Det/images/normal_train/00980446.png,0,01,unstable_boundary,0.5488423236,0.35,0.1181078855,normal_replay,FoldBalanced-Gap
RUN_122,TRIAD_041,A14_FoldBalanced-Gap_B3000,R1,1385197443,987373371,2771,Det/images/normal_train/00710629.png,0,01,easy_clean,0.0100116109,1.0,0.022304288,normal_replay,FoldBalanced-Gap
RUN_122,TRIAD_041,A14_FoldBalanced-Gap_B3000,R1,1385197443,987373371,2772,Det/images/normal_train/00368111.png,0,02,easy_clean,0.0004860528,1.0,0.0009322397,normal_replay,FoldBalanced-Gap
RUN_122,TRIAD_041,A14_FoldBalanced-Gap_B3000,R1,1385197443,987373371,2773,Det/images/normal_train/00453739.png,0,03,ordinary,0.4300640865,0.655,0.1717519512,normal_replay,FoldBalanced-Gap
RUN_122,TRIAD_041,A14_FoldBalanced-Gap_B3000,R1,1385197443,987373371,2774,Det/images/normal_train/00907076.png,0,02,easy_clean,0.0083466375,1.0,0.0239267608,normal_replay,FoldBalanced-Gap
RUN_122,TRIAD_041,A14_FoldBalanced-Gap_B3000,R1,1385197443,987373371,2775,Det/images/normal_train/01039513.png,0,01,easy_clean,0.0286973115,1.0,0.057907544,normal_replay,FoldBalanced-Gap
RUN_122,TRIAD_041,A14_FoldBalanced-Gap_B3000,R1,1385197443,987373371,2776,Det/images/normal_train/00940953.png,0,08,easy_clean,0.0330984984,1.0,0.029819951,normal_replay,FoldBalanced-Gap
RUN_122,TRIAD_041,A14_FoldBalanced-Gap_B3000,R1,1385197443,987373371,2777,Det/images/normal_train/01251564.png,0,04,easy_clean,0.02339932,1.0,0.0170773255,normal_replay,FoldBalanced-Gap
RUN_122,TRIAD_041,A14_FoldBalanced-Gap_B3000,R1,1385197443,987373371,2778,Det/images/normal_train/01101693.png,0,00,easy_clean,0.0056443686,1.0,0.0068110736,normal_replay,FoldBalanced-Gap
RUN_122,TRIAD_041,A14_FoldBalanced-Gap_B3000,R1,1385197443,987373371,2779,Det/images/normal_train/01285114.png,0,08,easy_clean,0.0073162036,1.0,0.0085167679,normal_replay,FoldBalanced-Gap
RUN_122,TRIAD_041,A14_FoldBalanced-Gap_B3000,R1,1385197443,987373371,2780,Det/images/normal_train/00246768.png,0,08,ordinary,0.1662409419,1.0,0.1373812879,normal_replay,FoldBalanced-Gap
RUN_122,TRIAD_041,A14_FoldBalanced-Gap_B3000,R1,1385197443,987373371,2781,Det/images/normal_train/00378655.png,0,05,learnable_hard,0.3356667684,0.945,0.10050282,normal_replay,FoldBalanced-Gap
RUN_122,TRIAD_041,A14_FoldBalanced-Gap_B3000,R1,1385197443,987373371,2782,Det/images/normal_train/00175937.png,0,06,easy_clean,0.0038738407,1.0,0.0065545486,normal_replay,FoldBalanced-Gap
RUN_122,TRIAD_041,A14_FoldBalanced-Gap_B3000,R1,1385197443,987373371,2783,Det/images/normal_train/00963030.png,0,05,easy_clean,0.0049860214,1.0,0.0063958152,normal_replay,FoldBalanced-Gap
RUN_122,TRIAD_041,A14_FoldBalanced-Gap_B3000,R1,1385197443,987373371,2784,Det/images/normal_train/01269059.png,0,00,easy_clean,0.0062074425,1.0,0.0072678568,normal_replay,FoldBalanced-Gap
RUN_122,TRIAD_041,A14_FoldBalanced-Gap_B3000,R1,1385197443,987373371,2785,Det/images/normal_train/00532010.png,0,07,easy_clean,0.0258167125,1.0,0.0321027934,normal_replay,FoldBalanced-Gap
RUN_122,TRIAD_041,A14_FoldBalanced-Gap_B3000,R1,1385197443,987373371,2786,Det/images/normal_train/00238817.png,0,02,easy_clean,0.0132470436,1.0,0.0147495449,normal_replay,FoldBalanced-Gap
RUN_122,TRIAD_041,A14_FoldBalanced-Gap_B3000,R1,1385197443,987373371,2787,Det/images/normal_train/00821127.png,0,06,easy_clean,0.002157468,1.0,0.0029623564,normal_replay,FoldBalanced-Gap
RUN_122,TRIAD_041,A14_FoldBalanced-Gap_B3000,R1,1385197443,987373371,2788,Det/images/normal_train/01185382.png,0,02,easy_clean,0.0112955907,1.0,0.0115218504,normal_replay,FoldBalanced-Gap
RUN_122,TRIAD_041,A14_FoldBalanced-Gap_B3000,R1,1385197443,987373371,2789,Det/images/normal_train/00765038.png,0,08,easy_clean,0.000673322,1.0,0.0036085596,normal_replay,FoldBalanced-Gap
RUN_122,TRIAD_041,A14_FoldBalanced-Gap_B3000,R1,1385197443,987373371,2790,Det/images/normal_train/01045695.png,0,08,learnable_hard,0.0370978327,0.995,0.0637903081,normal_replay,FoldBalanced-Gap
RUN_122,TRIAD_041,A14_FoldBalanced-Gap_B3000,R1,1385197443,987373371,2791,Det/images/normal_train/01155951.png,0,07,easy_clean,0.0773486246,1.0,0.0601237344,normal_replay,FoldBalanced-Gap
RUN_122,TRIAD_041,A14_FoldBalanced-Gap_B3000,R1,1385197443,987373371,2792,Det/images/normal_train/00962179.png,0,04,learnable_hard,0.027556871,0.995,0.0590442187,normal_replay,FoldBalanced-Gap
RUN_122,TRIAD_041,A14_FoldBalanced-Gap_B3000,R1,1385197443,987373371,2793,Det/images/normal_train/00339853.png,0,09,easy_clean,0.0080395314,1.0,0.0097645144,normal_replay,FoldBalanced-Gap
RUN_122,TRIAD_041,A14_FoldBalanced-Gap_B3000,R1,1385197443,987373371,2794,Det/images/normal_train/01131329.png,0,01,easy_clean,0.0649740001,1.0,0.0154753028,normal_replay,FoldBalanced-Gap
RUN_122,TRIAD_041,A14_FoldBalanced-Gap_B3000,R1,1385197443,987373371,2795,Det/images/normal_train/01204560.png,0,09,ordinary,0.4100226977,0.79,0.2257718619,normal_replay,FoldBalanced-Gap
RUN_122,TRIAD_041,A14_FoldBalanced-Gap_B3000,R1,1385197443,987373371,2796,Det/images/normal_train/00798252.png,0,03,easy_clean,0.0088113894,1.0,0.0219587903,normal_replay,FoldBalanced-Gap
RUN_122,TRIAD_041,A14_FoldBalanced-Gap_B3000,R1,1385197443,987373371,2797,Det/images/normal_train/01004202.png,0,07,easy_clean,0.0078470671,1.0,0.0209397661,normal_replay,FoldBalanced-Gap
RUN_122,TRIAD_041,A14_FoldBalanced-Gap_B3000,R1,1385197443,987373371,2798,Det/images/normal_train/00588561.png,0,04,easy_clean,0.0023949408,1.0,0.0088905275,normal_replay,FoldBalanced-Gap
RUN_122,TRIAD_041,A14_FoldBalanced-Gap_B3000,R1,1385197443,987373371,2799,Det/images/normal_train/00347400.png,0,09,easy_clean,0.0030537339,1.0,0.0046429953,normal_replay,FoldBalanced-Gap
RUN_122,TRIAD_041,A14_FoldBalanced-Gap_B3000,R1,1385197443,987373371,2800,Det/images/normal_train/01259081.png,0,06,easy_clean,0.0631517152,0.995,0.0881561538,normal_replay,FoldBalanced-Gap
RUN_122,TRIAD_041,A14_FoldBalanced-Gap_B3000,R1,1385197443,987373371,2801,Det/images/normal_train/01023909.png,0,00,easy_clean,0.0822531793,1.0,0.0540736073,normal_replay,FoldBalanced-Gap
RUN_122,TRIAD_041,A14_FoldBalanced-Gap_B3000,R1,1385197443,987373371,2802,Det/images/normal_train/00881305.png,0,08,easy_clean,0.0028848952,1.0,0.0242950629,normal_replay,FoldBalanced-Gap
RUN_122,TRIAD_041,A14_FoldBalanced-Gap_B3000,R1,1385197443,987373371,2803,Det/images/normal_train/01238624.png,0,04,easy_clean,0.0031125838,1.0,0.0067395109,normal_replay,FoldBalanced-Gap
RUN_122,TRIAD_041,A14_FoldBalanced-Gap_B3000,R1,1385197443,987373371,2804,Det/images/normal_train/00363305.png,0,02,easy_clean,0.001045225,1.0,0.0031173944,normal_replay,FoldBalanced-Gap
RUN_122,TRIAD_041,A14_FoldBalanced-Gap_B3000,R1,1385197443,987373371,2805,Det/images/normal_train/00765056.png,0,08,easy_clean,0.0002536452,1.0,0.0005518294,normal_replay,FoldBalanced-Gap
RUN_122,TRIAD_041,A14_FoldBalanced-Gap_B3000,R1,1385197443,987373371,2806,Det/images/normal_train/00634527.png,0,05,ordinary,0.0900130011,0.96,0.1440590873,normal_replay,FoldBalanced-Gap
RUN_122,TRIAD_041,A14_FoldBalanced-Gap_B3000,R1,1385197443,987373371,2807,Det/images/normal_train/00372955.png,0,05,easy_clean,0.0024891908,1.0,0.0038427469,normal_replay,FoldBalanced-Gap
RUN_122,TRIAD_041,A14_FoldBalanced-Gap_B3000,R1,1385197443,987373371,2808,Det/images/normal_train/01289358.png,0,01,persistent_hard,0.6986977932,0.01,0.1361773011,normal_replay,FoldBalanced-Gap
RUN_122,TRIAD_041,A14_FoldBalanced-Gap_B3000,R1,1385197443,987373371,2809,Det/images/normal_train/00365380.png,0,00,learnable_hard,0.0985309439,0.99,0.1047777173,normal_replay,FoldBalanced-Gap
RUN_122,TRIAD_041,A14_FoldBalanced-Gap_B3000,R1,1385197443,987373371,2810,Det/images/normal_train/01241344.png,0,09,easy_clean,0.0011586364,1.0,0.001927668,normal_replay,FoldBalanced-Gap
RUN_122,TRIAD_041,A14_FoldBalanced-Gap_B3000,R1,1385197443,987373371,2811,Det/images/normal_train/01138363.png,0,02,easy_clean,0.0038329357,1.0,0.0042130075,normal_replay,FoldBalanced-Gap
RUN_122,TRIAD_041,A14_FoldBalanced-Gap_B3000,R1,1385197443,987373371,2812,Det/images/normal_train/00286828.png,0,06,learnable_hard,0.0465533457,0.985,0.0987537163,normal_replay,FoldBalanced-Gap
RUN_122,TRIAD_041,A14_FoldBalanced-Gap_B3000,R1,1385197443,987373371,2813,Det/images/normal_train/00296381.png,0,01,easy_clean,0.001185139,1.0,0.0019509036,normal_replay,FoldBalanced-Gap
RUN_122,TRIAD_041,A14_FoldBalanced-Gap_B3000,R1,1385197443,987373371,2814,Det/images/normal_train/00809391.png,0,05,ordinary,0.3385913279,0.63,0.2464460229,normal_replay,FoldBalanced-Gap
RUN_122,TRIAD_041,A14_FoldBalanced-Gap_B3000,R1,1385197443,987373371,2815,Det/images/normal_train/00608452.png,0,06,learnable_hard,0.646087456,0.19,0.1378925232,normal_replay,FoldBalanced-Gap
RUN_122,TRIAD_041,A14_FoldBalanced-Gap_B3000,R1,1385197443,987373371,2816,Det/images/normal_train/00388165.png,0,00,easy_clean,0.0075047627,1.0,0.0083006125,normal_replay,FoldBalanced-Gap
RUN_122,TRIAD_041,A14_FoldBalanced-Gap_B3000,R1,1385197443,987373371,2817,Det/images/normal_train/00906809.png,0,05,learnable_hard,0.0378078816,0.99,0.090703458,normal_replay,FoldBalanced-Gap
RUN_122,TRIAD_041,A14_FoldBalanced-Gap_B3000,R1,1385197443,987373371,2818,Det/images/normal_train/00360178.png,0,08,easy_clean,0.0035559332,1.0,0.0063271825,normal_replay,FoldBalanced-Gap
RUN_122,TRIAD_041,A14_FoldBalanced-Gap_B3000,R1,1385197443,987373371,2819,Det/images/normal_train/01246372.png,0,01,easy_clean,0.0116897344,1.0,0.0163743668,normal_replay,FoldBalanced-Gap
RUN_122,TRIAD_041,A14_FoldBalanced-Gap_B3000,R1,1385197443,987373371,2820,Det/images/normal_train/00193478.png,0,06,easy_clean,0.007129696,1.0,0.008689651,normal_replay,FoldBalanced-Gap
RUN_122,TRIAD_041,A14_FoldBalanced-Gap_B3000,R1,1385197443,987373371,2821,Det/images/normal_train/00192719.png,0,09,learnable_hard,0.0327909104,0.985,0.0853683599,normal_replay,FoldBalanced-Gap
RUN_122,TRIAD_041,A14_FoldBalanced-Gap_B3000,R1,1385197443,987373371,2822,Det/images/normal_train/01250784.png,0,01,easy_clean,0.0250310802,1.0,0.0432144313,normal_replay,FoldBalanced-Gap
RUN_122,TRIAD_041,A14_FoldBalanced-Gap_B3000,R1,1385197443,987373371,2823,Det/images/normal_train/00863138.png,0,07,easy_clean,0.0162670097,1.0,0.0216868234,normal_replay,FoldBalanced-Gap
RUN_122,TRIAD_041,A14_FoldBalanced-Gap_B3000,R1,1385197443,987373371,2824,Det/images/normal_train/01222429.png,0,07,ordinary,0.1654128288,1.0,0.0385350033,normal_replay,FoldBalanced-Gap
RUN_122,TRIAD_041,A14_FoldBalanced-Gap_B3000,R1,1385197443,987373371,2825,Det/images/normal_train/01192934.png,0,09,learnable_hard,0.100643381,0.995,0.1019280539,normal_replay,FoldBalanced-Gap
RUN_122,TRIAD_041,A14_FoldBalanced-Gap_B3000,R1,1385197443,987373371,2826,Det/images/normal_train/01293652.png,0,08,easy_clean,0.0232086287,1.0,0.0115586214,normal_replay,FoldBalanced-Gap
RUN_122,TRIAD_041,A14_FoldBalanced-Gap_B3000,R1,1385197443,987373371,2827,Det/images/normal_train/00930100.png,0,09,learnable_hard,0.0809963703,0.995,0.0900573808,normal_replay,FoldBalanced-Gap
RUN_122,TRIAD_041,A14_FoldBalanced-Gap_B3000,R1,1385197443,987373371,2828,Det/images/normal_train/00776966.png,0,06,easy_clean,0.0010019763,1.0,0.0026170198,normal_replay,FoldBalanced-Gap
RUN_122,TRIAD_041,A14_FoldBalanced-Gap_B3000,R1,1385197443,987373371,2829,Det/images/normal_train/00934561.png,0,01,learnable_hard,0.2915741494,0.97,0.1001111917,normal_replay,FoldBalanced-Gap
RUN_122,TRIAD_041,A14_FoldBalanced-Gap_B3000,R1,1385197443,987373371,2830,Det/images/normal_train/01030633.png,0,04,easy_clean,0.0083947297,1.0,0.0109607919,normal_replay,FoldBalanced-Gap
RUN_122,TRIAD_041,A14_FoldBalanced-Gap_B3000,R1,1385197443,987373371,2831,Det/images/normal_train/01277826.png,0,07,easy_clean,0.0846850319,0.995,0.0650370816,normal_replay,FoldBalanced-Gap
RUN_122,TRIAD_041,A14_FoldBalanced-Gap_B3000,R1,1385197443,987373371,2832,Det/images/normal_train/00478594.png,0,01,easy_clean,0.0208623621,0.995,0.0514650417,normal_replay,FoldBalanced-Gap
RUN_122,TRIAD_041,A14_FoldBalanced-Gap_B3000,R1,1385197443,987373371,2833,Det/images/normal_train/00930251.png,0,09,learnable_hard,0.0601831577,0.985,0.1094393347,normal_replay,FoldBalanced-Gap
RUN_122,TRIAD_041,A14_FoldBalanced-Gap_B3000,R1,1385197443,987373371,2834,Det/images/normal_train/01130454.png,0,00,learnable_hard,0.0944825074,0.995,0.0820673343,normal_replay,FoldBalanced-Gap
RUN_122,TRIAD_041,A14_FoldBalanced-Gap_B3000,R1,1385197443,987373371,2835,Det/images/normal_train/00459063.png,0,02,easy_clean,0.0002218885,1.0,0.0003777767,normal_replay,FoldBalanced-Gap
RUN_122,TRIAD_041,A14_FoldBalanced-Gap_B3000,R1,1385197443,987373371,2836,Det/images/normal_train/00640753.png,0,02,easy_clean,0.0152870623,1.0,0.0167358354,normal_replay,FoldBalanced-Gap
RUN_122,TRIAD_041,A14_FoldBalanced-Gap_B3000,R1,1385197443,987373371,2837,Det/images/normal_train/00217702.png,0,07,easy_clean,0.0061413788,1.0,0.0069945394,normal_replay,FoldBalanced-Gap
RUN_122,TRIAD_041,A14_FoldBalanced-Gap_B3000,R1,1385197443,987373371,2838,Det/images/normal_train/01015173.png,0,03,learnable_hard,0.066378803,0.99,0.0864875397,normal_replay,FoldBalanced-Gap
RUN_122,TRIAD_041,A14_FoldBalanced-Gap_B3000,R1,1385197443,987373371,2839,Det/images/normal_train/00360269.png,0,08,learnable_hard,0.049606956,0.995,0.0651399151,normal_replay,FoldBalanced-Gap
RUN_122,TRIAD_041,A14_FoldBalanced-Gap_B3000,R1,1385197443,987373371,2840,Det/images/normal_train/00317491.png,0,04,easy_clean,0.0089258414,1.0,0.007458473,normal_replay,FoldBalanced-Gap
RUN_122,TRIAD_041,A14_FoldBalanced-Gap_B3000,R1,1385197443,987373371,2841,Det/images/normal_train/01020717.png,0,02,learnable_hard,0.1853253409,0.985,0.1088266268,normal_replay,FoldBalanced-Gap
RUN_122,TRIAD_041,A14_FoldBalanced-Gap_B3000,R1,1385197443,987373371,2842,Det/images/normal_train/01011584.png,0,07,easy_clean,0.0188657916,1.0,0.029686556,normal_replay,FoldBalanced-Gap
RUN_122,TRIAD_041,A14_FoldBalanced-Gap_B3000,R1,1385197443,987373371,2843,Det/images/normal_train/01286876.png,0,00,easy_clean,0.0071484901,1.0,0.0105073338,normal_replay,FoldBalanced-Gap
RUN_122,TRIAD_041,A14_FoldBalanced-Gap_B3000,R1,1385197443,987373371,2844,Det/images/normal_train/01201871.png,0,00,easy_clean,0.0221855508,1.0,0.0231261481,normal_replay,FoldBalanced-Gap
RUN_122,TRIAD_041,A14_FoldBalanced-Gap_B3000,R1,1385197443,987373371,2845,Det/images/normal_train/00880096.png,0,07,easy_clean,0.0139173107,1.0,0.0244381766,normal_replay,FoldBalanced-Gap
RUN_122,TRIAD_041,A14_FoldBalanced-Gap_B3000,R1,1385197443,987373371,2846,Det/images/normal_train/00963663.png,0,05,easy_clean,0.0039697914,1.0,0.0048798947,normal_replay,FoldBalanced-Gap
RUN_122,TRIAD_041,A14_FoldBalanced-Gap_B3000,R1,1385197443,987373371,2847,Det/images/normal_train/00897714.png,0,00,learnable_hard,0.032612064,0.99,0.0732856611,normal_replay,FoldBalanced-Gap
RUN_122,TRIAD_041,A14_FoldBalanced-Gap_B3000,R1,1385197443,987373371,2848,Det/images/normal_train/00772975.png,0,01,learnable_hard,0.1128949225,0.99,0.1309386141,normal_replay,FoldBalanced-Gap
RUN_122,TRIAD_041,A14_FoldBalanced-Gap_B3000,R1,1385197443,987373371,2849,Det/images/normal_train/01202129.png,0,08,easy_clean,0.0079967457,1.0,0.0094518267,normal_replay,FoldBalanced-Gap
RUN_122,TRIAD_041,A14_FoldBalanced-Gap_B3000,R1,1385197443,987373371,2850,Det/images/normal_train/01236039.png,0,06,easy_clean,0.0382491424,1.0,0.0360412349,normal_replay,FoldBalanced-Gap
RUN_122,TRIAD_041,A14_FoldBalanced-Gap_B3000,R1,1385197443,987373371,2851,Det/images/normal_train/00741691.png,0,07,easy_clean,0.0107268935,1.0,0.0131534298,normal_replay,FoldBalanced-Gap
RUN_122,TRIAD_041,A14_FoldBalanced-Gap_B3000,R1,1385197443,987373371,2852,Det/images/normal_train/01125506.png,0,02,easy_clean,0.0244397072,1.0,0.0329971059,normal_replay,FoldBalanced-Gap
RUN_122,TRIAD_041,A14_FoldBalanced-Gap_B3000,R1,1385197443,987373371,2853,Det/images/normal_train/00523926.png,0,00,easy_clean,0.0333425656,1.0,0.0349717636,normal_replay,FoldBalanced-Gap
RUN_122,TRIAD_041,A14_FoldBalanced-Gap_B3000,R1,1385197443,987373371,2854,Det/images/normal_train/00493315.png,0,03,easy_clean,0.0002771644,1.0,0.000498794,normal_replay,FoldBalanced-Gap
RUN_122,TRIAD_041,A14_FoldBalanced-Gap_B3000,R1,1385197443,987373371,2855,Det/images/normal_train/00484103.png,0,07,easy_clean,0.0311726498,1.0,0.041833724,normal_replay,FoldBalanced-Gap
RUN_122,TRIAD_041,A14_FoldBalanced-Gap_B3000,R1,1385197443,987373371,2856,Det/images/normal_train/00412716.png,0,06,ordinary,0.1441105807,1.0,0.1438304198,normal_replay,FoldBalanced-Gap
RUN_122,TRIAD_041,A14_FoldBalanced-Gap_B3000,R1,1385197443,987373371,2857,Det/images/normal_train/01024321.png,0,01,easy_clean,0.046006611,1.0,0.0167730553,normal_replay,FoldBalanced-Gap
RUN_122,TRIAD_041,A14_FoldBalanced-Gap_B3000,R1,1385197443,987373371,2858,Det/images/normal_train/01039354.png,0,01,easy_clean,0.0372536199,1.0,0.0471290882,normal_replay,FoldBalanced-Gap
RUN_122,TRIAD_041,A14_FoldBalanced-Gap_B3000,R1,1385197443,987373371,2859,Det/images/normal_train/00364571.png,0,08,learnable_hard,0.6598891251,0.125,0.165732762,normal_replay,FoldBalanced-Gap
RUN_122,TRIAD_041,A14_FoldBalanced-Gap_B3000,R1,1385197443,987373371,2860,Det/images/normal_train/00267523.png,0,07,easy_clean,0.0004210233,1.0,0.0006104605,normal_replay,FoldBalanced-Gap
RUN_122,TRIAD_041,A14_FoldBalanced-Gap_B3000,R1,1385197443,987373371,2861,Det/images/normal_train/01204809.png,0,09,learnable_hard,0.1880733286,0.98,0.1264034091,normal_replay,FoldBalanced-Gap
RUN_122,TRIAD_041,A14_FoldBalanced-Gap_B3000,R1,1385197443,987373371,2862,Det/images/normal_train/01176046.png,0,02,easy_clean,0.0039297198,1.0,0.0053604092,normal_replay,FoldBalanced-Gap
RUN_122,TRIAD_041,A14_FoldBalanced-Gap_B3000,R1,1385197443,987373371,2863,Det/images/normal_train/00272151.png,0,00,easy_clean,3.0399e-05,1.0,6.29308e-05,normal_replay,FoldBalanced-Gap
RUN_122,TRIAD_041,A14_FoldBalanced-Gap_B3000,R1,1385197443,987373371,2864,Det/images/normal_train/01154624.png,0,01,easy_clean,0.0253522073,1.0,0.0335320516,normal_replay,FoldBalanced-Gap
RUN_122,TRIAD_041,A14_FoldBalanced-Gap_B3000,R1,1385197443,987373371,2865,Det/images/normal_train/00412209.png,0,06,learnable_hard,0.0295090099,0.99,0.0639897459,normal_replay,FoldBalanced-Gap
RUN_122,TRIAD_041,A14_FoldBalanced-Gap_B3000,R1,1385197443,987373371,2866,Det/images/normal_train/00586510.png,0,01,easy_clean,0.0052802691,1.0,0.0167544156,normal_replay,FoldBalanced-Gap
RUN_122,TRIAD_041,A14_FoldBalanced-Gap_B3000,R1,1385197443,987373371,2867,Det/images/normal_train/00560838.png,0,01,easy_clean,0.0163977177,1.0,0.0184463069,normal_replay,FoldBalanced-Gap
RUN_122,TRIAD_041,A14_FoldBalanced-Gap_B3000,R1,1385197443,987373371,2868,Det/images/normal_train/01113005.png,0,07,easy_clean,0.0433025902,1.0,0.0293916274,normal_replay,FoldBalanced-Gap
RUN_122,TRIAD_041,A14_FoldBalanced-Gap_B3000,R1,1385197443,987373371,2869,Det/images/normal_train/00991790.png,0,00,easy_clean,0.0174750792,1.0,0.0177518423,normal_replay,FoldBalanced-Gap
RUN_122,TRIAD_041,A14_FoldBalanced-Gap_B3000,R1,1385197443,987373371,2870,Det/images/normal_train/01032253.png,0,02,persistent_hard,0.7295433554,0.055,0.138434645,normal_replay,FoldBalanced-Gap
RUN_122,TRIAD_041,A14_FoldBalanced-Gap_B3000,R1,1385197443,987373371,2871,Det/images/normal_train/01045731.png,0,08,easy_clean,0.0038753021,1.0,0.0049879349,normal_replay,FoldBalanced-Gap
RUN_122,TRIAD_041,A14_FoldBalanced-Gap_B3000,R1,1385197443,987373371,2872,Det/images/normal_train/00518809.png,0,09,easy_clean,0.0601640626,0.995,0.0692992223,normal_replay,FoldBalanced-Gap
RUN_122,TRIAD_041,A14_FoldBalanced-Gap_B3000,R1,1385197443,987373371,2873,Det/images/normal_train/01067205.png,0,09,unstable_boundary,0.4290016779,0.505,0.1751873134,normal_replay,FoldBalanced-Gap
RUN_122,TRIAD_041,A14_FoldBalanced-Gap_B3000,R1,1385197443,987373371,2874,Det/images/normal_train/00859205.png,0,08,easy_clean,0.0002488872,1.0,0.0004354224,normal_replay,FoldBalanced-Gap
RUN_122,TRIAD_041,A14_FoldBalanced-Gap_B3000,R1,1385197443,987373371,2875,Det/images/normal_train/00350675.png,0,04,persistent_hard,0.6607759063,0.255,0.1723621796,normal_replay,FoldBalanced-Gap
RUN_122,TRIAD_041,A14_FoldBalanced-Gap_B3000,R1,1385197443,987373371,2876,Det/images/normal_train/00760749.png,0,04,learnable_hard,0.0684689482,0.995,0.0716505584,normal_replay,FoldBalanced-Gap
RUN_122,TRIAD_041,A14_FoldBalanced-Gap_B3000,R1,1385197443,987373371,2877,Det/images/normal_train/00997133.png,0,08,easy_clean,0.0005230887,1.0,0.0015642085,normal_replay,FoldBalanced-Gap
RUN_122,TRIAD_041,A14_FoldBalanced-Gap_B3000,R1,1385197443,987373371,2878,Det/images/normal_train/00515911.png,0,03,easy_clean,0.0187161758,1.0,0.0423207995,normal_replay,FoldBalanced-Gap
RUN_122,TRIAD_041,A14_FoldBalanced-Gap_B3000,R1,1385197443,987373371,2879,Det/images/normal_train/01009294.png,0,07,easy_clean,0.0095749834,1.0,0.0100235472,normal_replay,FoldBalanced-Gap
RUN_122,TRIAD_041,A14_FoldBalanced-Gap_B3000,R1,1385197443,987373371,2880,Det/images/normal_train/00417004.png,0,07,easy_clean,0.0047680217,1.0,0.0057262204,normal_replay,FoldBalanced-Gap
RUN_122,TRIAD_041,A14_FoldBalanced-Gap_B3000,R1,1385197443,987373371,2881,Det/images/normal_train/01042457.png,0,01,easy_clean,0.0592151059,1.0,0.0501724045,normal_replay,FoldBalanced-Gap
RUN_122,TRIAD_041,A14_FoldBalanced-Gap_B3000,R1,1385197443,987373371,2882,Det/images/normal_train/00477620.png,0,00,easy_clean,0.0559679418,1.0,0.0479711282,normal_replay,FoldBalanced-Gap
RUN_122,TRIAD_041,A14_FoldBalanced-Gap_B3000,R1,1385197443,987373371,2883,Det/images/normal_train/01293510.png,0,08,easy_clean,0.0031470322,1.0,0.0064674078,normal_replay,FoldBalanced-Gap
RUN_122,TRIAD_041,A14_FoldBalanced-Gap_B3000,R1,1385197443,987373371,2884,Det/images/normal_train/00243347.png,0,06,easy_clean,0.0585489093,1.0,0.0631062987,normal_replay,FoldBalanced-Gap
RUN_122,TRIAD_041,A14_FoldBalanced-Gap_B3000,R1,1385197443,987373371,2885,Det/images/normal_train/01261047.png,0,00,easy_clean,0.0632090013,1.0,0.0516598631,normal_replay,FoldBalanced-Gap
RUN_122,TRIAD_041,A14_FoldBalanced-Gap_B3000,R1,1385197443,987373371,2886,Det/images/normal_train/01123671.png,0,06,easy_clean,0.003795246,1.0,0.004774609,normal_replay,FoldBalanced-Gap
RUN_122,TRIAD_041,A14_FoldBalanced-Gap_B3000,R1,1385197443,987373371,2887,Det/images/normal_train/00216187.png,0,08,learnable_hard,0.1530295899,0.995,0.1363861764,normal_replay,FoldBalanced-Gap
RUN_122,TRIAD_041,A14_FoldBalanced-Gap_B3000,R1,1385197443,987373371,2888,Det/images/normal_train/00683093.png,0,07,learnable_hard,0.0452503758,0.98,0.09563279,normal_replay,FoldBalanced-Gap
RUN_122,TRIAD_041,A14_FoldBalanced-Gap_B3000,R1,1385197443,987373371,2889,Det/images/normal_train/00720071.png,0,09,easy_clean,0.0058624558,1.0,0.0044150821,normal_replay,FoldBalanced-Gap
RUN_122,TRIAD_041,A14_FoldBalanced-Gap_B3000,R1,1385197443,987373371,2890,Det/images/normal_train/00909118.png,0,00,easy_clean,0.0394087844,1.0,0.0378545954,normal_replay,FoldBalanced-Gap
RUN_122,TRIAD_041,A14_FoldBalanced-Gap_B3000,R1,1385197443,987373371,2891,Det/images/normal_train/00537643.png,0,09,easy_clean,0.0002312651,1.0,0.0003799179,normal_replay,FoldBalanced-Gap
RUN_122,TRIAD_041,A14_FoldBalanced-Gap_B3000,R1,1385197443,987373371,2892,Det/images/normal_train/00992564.png,0,08,ordinary,0.2344231648,0.845,0.191192046,normal_replay,FoldBalanced-Gap
RUN_122,TRIAD_041,A14_FoldBalanced-Gap_B3000,R1,1385197443,987373371,2893,Det/images/normal_train/00841174.png,0,04,learnable_hard,0.0187609188,0.995,0.0547023863,normal_replay,FoldBalanced-Gap
RUN_122,TRIAD_041,A14_FoldBalanced-Gap_B3000,R1,1385197443,987373371,2894,Det/images/normal_train/00533303.png,0,02,easy_clean,0.0046112734,1.0,0.0064657942,normal_replay,FoldBalanced-Gap
RUN_122,TRIAD_041,A14_FoldBalanced-Gap_B3000,R1,1385197443,987373371,2895,Det/images/normal_train/00959701.png,0,02,easy_clean,0.0151558117,1.0,0.0179680689,normal_replay,FoldBalanced-Gap
RUN_122,TRIAD_041,A14_FoldBalanced-Gap_B3000,R1,1385197443,987373371,2896,Det/images/normal_train/00823523.png,0,02,easy_clean,0.0004373954,1.0,0.0005430015,normal_replay,FoldBalanced-Gap
RUN_122,TRIAD_041,A14_FoldBalanced-Gap_B3000,R1,1385197443,987373371,2897,Det/images/normal_train/01067315.png,0,09,easy_clean,0.0400262609,1.0,0.0315161218,normal_replay,FoldBalanced-Gap
RUN_122,TRIAD_041,A14_FoldBalanced-Gap_B3000,R1,1385197443,987373371,2898,Det/images/normal_train/00228576.png,0,06,easy_clean,0.0286879704,1.0,0.0261501368,normal_replay,FoldBalanced-Gap
RUN_122,TRIAD_041,A14_FoldBalanced-Gap_B3000,R1,1385197443,987373371,2899,Det/images/normal_train/01274650.png,0,08,easy_clean,0.0164648892,1.0,0.0220097332,normal_replay,FoldBalanced-Gap
RUN_122,TRIAD_041,A14_FoldBalanced-Gap_B3000,R1,1385197443,987373371,2900,Det/images/normal_train/00187233.png,0,03,unstable_boundary,0.6193510084,0.17,0.1166646354,normal_replay,FoldBalanced-Gap
RUN_122,TRIAD_041,A14_FoldBalanced-Gap_B3000,R1,1385197443,987373371,2901,Det/images/normal_train/00226345.png,0,08,easy_clean,0.0022167033,1.0,0.0034190599,normal_replay,FoldBalanced-Gap
RUN_122,TRIAD_041,A14_FoldBalanced-Gap_B3000,R1,1385197443,987373371,2902,Det/images/normal_train/00546435.png,0,07,learnable_hard,0.0417226762,0.975,0.0977357331,normal_replay,FoldBalanced-Gap
RUN_122,TRIAD_041,A14_FoldBalanced-Gap_B3000,R1,1385197443,987373371,2903,Det/images/normal_train/01203999.png,0,05,learnable_hard,0.1360893031,0.99,0.1158643195,normal_replay,FoldBalanced-Gap
RUN_122,TRIAD_041,A14_FoldBalanced-Gap_B3000,R1,1385197443,987373371,2904,Det/images/normal_train/01130172.png,0,00,easy_clean,0.0051895635,1.0,0.0060740285,normal_replay,FoldBalanced-Gap
RUN_122,TRIAD_041,A14_FoldBalanced-Gap_B3000,R1,1385197443,987373371,2905,Det/images/normal_train/00266725.png,0,01,easy_clean,0.0486945248,1.0,0.0786917208,normal_replay,FoldBalanced-Gap
RUN_122,TRIAD_041,A14_FoldBalanced-Gap_B3000,R1,1385197443,987373371,2906,Det/images/normal_train/00619999.png,0,04,easy_clean,0.0027459944,1.0,0.0105492857,normal_replay,FoldBalanced-Gap
RUN_122,TRIAD_041,A14_FoldBalanced-Gap_B3000,R1,1385197443,987373371,2907,Det/images/normal_train/00398513.png,0,04,easy_clean,0.0035536383,1.0,0.0067560482,normal_replay,FoldBalanced-Gap
RUN_122,TRIAD_041,A14_FoldBalanced-Gap_B3000,R1,1385197443,987373371,2908,Det/images/normal_train/00971621.png,0,02,easy_clean,0.0652679925,1.0,0.0971022336,normal_replay,FoldBalanced-Gap
RUN_122,TRIAD_041,A14_FoldBalanced-Gap_B3000,R1,1385197443,987373371,2909,Det/images/normal_train/01036321.png,0,01,easy_clean,0.0039309937,1.0,0.0102565865,normal_replay,FoldBalanced-Gap
RUN_122,TRIAD_041,A14_FoldBalanced-Gap_B3000,R1,1385197443,987373371,2910,Det/images/normal_train/00444830.png,0,02,easy_clean,0.0199314758,1.0,0.0319080444,normal_replay,FoldBalanced-Gap
RUN_122,TRIAD_041,A14_FoldBalanced-Gap_B3000,R1,1385197443,987373371,2911,Det/images/normal_train/01284332.png,0,00,easy_clean,0.0208305684,1.0,0.0240509371,normal_replay,FoldBalanced-Gap
RUN_122,TRIAD_041,A14_FoldBalanced-Gap_B3000,R1,1385197443,987373371,2912,Det/images/normal_train/00996492.png,0,04,easy_clean,0.0079550649,1.0,0.0163033968,normal_replay,FoldBalanced-Gap
RUN_122,TRIAD_041,A14_FoldBalanced-Gap_B3000,R1,1385197443,987373371,2913,Det/images/normal_train/01292571.png,0,07,easy_clean,0.0079621543,1.0,0.0092015539,normal_replay,FoldBalanced-Gap
RUN_122,TRIAD_041,A14_FoldBalanced-Gap_B3000,R1,1385197443,987373371,2914,Det/images/normal_train/01093090.png,0,04,ordinary,0.1965765434,1.0,0.082545454,normal_replay,FoldBalanced-Gap
RUN_122,TRIAD_041,A14_FoldBalanced-Gap_B3000,R1,1385197443,987373371,2915,Det/images/normal_train/00983367.png,0,03,easy_clean,0.0028949521,1.0,0.0112385771,normal_replay,FoldBalanced-Gap
RUN_122,TRIAD_041,A14_FoldBalanced-Gap_B3000,R1,1385197443,987373371,2916,Det/images/normal_train/01147820.png,0,07,learnable_hard,0.3319037512,0.89,0.1575217936,normal_replay,FoldBalanced-Gap
RUN_122,TRIAD_041,A14_FoldBalanced-Gap_B3000,R1,1385197443,987373371,2917,Det/images/normal_train/00227527.png,0,04,learnable_hard,0.0672247368,0.995,0.0623637724,normal_replay,FoldBalanced-Gap
RUN_122,TRIAD_041,A14_FoldBalanced-Gap_B3000,R1,1385197443,987373371,2918,Det/images/normal_train/00919417.png,0,04,easy_clean,0.012140085,1.0,0.0191622458,normal_replay,FoldBalanced-Gap
RUN_122,TRIAD_041,A14_FoldBalanced-Gap_B3000,R1,1385197443,987373371,2919,Det/images/normal_train/00389822.png,0,01,easy_clean,0.0064763239,1.0,0.0089407697,normal_replay,FoldBalanced-Gap
RUN_122,TRIAD_041,A14_FoldBalanced-Gap_B3000,R1,1385197443,987373371,2920,Det/images/normal_train/01251167.png,0,04,easy_clean,0.016288182,1.0,0.0158632532,normal_replay,FoldBalanced-Gap
RUN_122,TRIAD_041,A14_FoldBalanced-Gap_B3000,R1,1385197443,987373371,2921,Det/images/normal_train/01296050.png,0,07,ordinary,0.1900550975,1.0,0.1233830116,normal_replay,FoldBalanced-Gap
RUN_122,TRIAD_041,A14_FoldBalanced-Gap_B3000,R1,1385197443,987373371,2922,Det/images/normal_train/01108763.png,0,01,easy_clean,0.0030786025,1.0,0.0058879198,normal_replay,FoldBalanced-Gap
RUN_122,TRIAD_041,A14_FoldBalanced-Gap_B3000,R1,1385197443,987373371,2923,Det/images/normal_train/00456814.png,0,06,easy_clean,0.004148698,1.0,0.0040315267,normal_replay,FoldBalanced-Gap
RUN_122,TRIAD_041,A14_FoldBalanced-Gap_B3000,R1,1385197443,987373371,2924,Det/images/normal_train/00773136.png,0,01,easy_clean,0.0461838119,1.0,0.0552763446,normal_replay,FoldBalanced-Gap
RUN_122,TRIAD_041,A14_FoldBalanced-Gap_B3000,R1,1385197443,987373371,2925,Det/images/normal_train/00284217.png,0,01,easy_clean,0.0221746286,1.0,0.0534295244,normal_replay,FoldBalanced-Gap
RUN_122,TRIAD_041,A14_FoldBalanced-Gap_B3000,R1,1385197443,987373371,2926,Det/images/normal_train/00222935.png,0,00,easy_clean,0.0051839264,1.0,0.0048142294,normal_replay,FoldBalanced-Gap
RUN_122,TRIAD_041,A14_FoldBalanced-Gap_B3000,R1,1385197443,987373371,2927,Det/images/normal_train/00195588.png,0,08,easy_clean,0.0188422989,1.0,0.0233128666,normal_replay,FoldBalanced-Gap
RUN_122,TRIAD_041,A14_FoldBalanced-Gap_B3000,R1,1385197443,987373371,2928,Det/images/normal_train/00330966.png,0,00,easy_clean,0.0038038344,1.0,0.0060120937,normal_replay,FoldBalanced-Gap
RUN_122,TRIAD_041,A14_FoldBalanced-Gap_B3000,R1,1385197443,987373371,2929,Det/images/normal_train/00821338.png,0,06,easy_clean,0.0043798431,1.0,0.0046486401,normal_replay,FoldBalanced-Gap
RUN_122,TRIAD_041,A14_FoldBalanced-Gap_B3000,R1,1385197443,987373371,2930,Det/images/normal_train/01141197.png,0,08,easy_clean,0.0196109895,1.0,0.022362687,normal_replay,FoldBalanced-Gap
RUN_122,TRIAD_041,A14_FoldBalanced-Gap_B3000,R1,1385197443,987373371,2931,Det/images/normal_train/00972362.png,0,03,easy_clean,0.0005305159,1.0,0.0010325862,normal_replay,FoldBalanced-Gap
RUN_122,TRIAD_041,A14_FoldBalanced-Gap_B3000,R1,1385197443,987373371,2932,Det/images/normal_train/01084499.png,0,01,easy_clean,0.0233899662,1.0,0.0246832807,normal_replay,FoldBalanced-Gap
RUN_122,TRIAD_041,A14_FoldBalanced-Gap_B3000,R1,1385197443,987373371,2933,Det/images/normal_train/00775697.png,0,09,easy_clean,0.005144554,1.0,0.0090129123,normal_replay,FoldBalanced-Gap
RUN_122,TRIAD_041,A14_FoldBalanced-Gap_B3000,R1,1385197443,987373371,2934,Det/images/normal_train/01042689.png,0,01,easy_clean,0.0861707211,1.0,0.0666506439,normal_replay,FoldBalanced-Gap
RUN_122,TRIAD_041,A14_FoldBalanced-Gap_B3000,R1,1385197443,987373371,2935,Det/images/normal_train/00319387.png,0,04,easy_clean,0.0112555062,1.0,0.0104014788,normal_replay,FoldBalanced-Gap
RUN_122,TRIAD_041,A14_FoldBalanced-Gap_B3000,R1,1385197443,987373371,2936,Det/images/normal_train/00846852.png,0,01,easy_clean,0.0005056913,1.0,0.0015012037,normal_replay,FoldBalanced-Gap
RUN_122,TRIAD_041,A14_FoldBalanced-Gap_B3000,R1,1385197443,987373371,2937,Det/images/normal_train/01202100.png,0,08,easy_clean,0.0035641563,1.0,0.007531832,normal_replay,FoldBalanced-Gap
RUN_122,TRIAD_041,A14_FoldBalanced-Gap_B3000,R1,1385197443,987373371,2938,Det/images/normal_train/00540524.png,0,05,easy_clean,0.0132184768,1.0,0.0145438756,normal_replay,FoldBalanced-Gap
RUN_122,TRIAD_041,A14_FoldBalanced-Gap_B3000,R1,1385197443,987373371,2939,Det/images/normal_train/01185724.png,0,02,easy_clean,0.0523502281,1.0,0.0554855424,normal_replay,FoldBalanced-Gap
RUN_122,TRIAD_041,A14_FoldBalanced-Gap_B3000,R1,1385197443,987373371,2940,Det/images/normal_train/00915122.png,0,09,easy_clean,0.0184817382,1.0,0.026050221,normal_replay,FoldBalanced-Gap
RUN_122,TRIAD_041,A14_FoldBalanced-Gap_B3000,R1,1385197443,987373371,2941,Det/images/normal_train/00211353.png,0,06,easy_clean,0.0031485569,1.0,0.0031875153,normal_replay,FoldBalanced-Gap
RUN_122,TRIAD_041,A14_FoldBalanced-Gap_B3000,R1,1385197443,987373371,2942,Det/images/normal_train/01248028.png,0,06,easy_clean,0.0373214305,1.0,0.0320998765,normal_replay,FoldBalanced-Gap
RUN_122,TRIAD_041,A14_FoldBalanced-Gap_B3000,R1,1385197443,987373371,2943,Det/images/normal_train/00357668.png,0,09,easy_clean,0.0461261291,1.0,0.0452040109,normal_replay,FoldBalanced-Gap
RUN_122,TRIAD_041,A14_FoldBalanced-Gap_B3000,R1,1385197443,987373371,2944,Det/images/normal_train/01110642.png,0,09,persistent_hard,0.6786345254,0.31,0.2367719539,normal_replay,FoldBalanced-Gap
RUN_122,TRIAD_041,A14_FoldBalanced-Gap_B3000,R1,1385197443,987373371,2945,Det/images/normal_train/01244217.png,0,04,easy_clean,0.0064526639,1.0,0.0069017616,normal_replay,FoldBalanced-Gap
RUN_122,TRIAD_041,A14_FoldBalanced-Gap_B3000,R1,1385197443,987373371,2946,Det/images/normal_train/00396910.png,0,05,easy_clean,0.0094912121,1.0,0.0120217324,normal_replay,FoldBalanced-Gap
RUN_122,TRIAD_041,A14_FoldBalanced-Gap_B3000,R1,1385197443,987373371,2947,Det/images/normal_train/00616435.png,0,00,easy_clean,0.017797686,1.0,0.0198872011,normal_replay,FoldBalanced-Gap
RUN_122,TRIAD_041,A14_FoldBalanced-Gap_B3000,R1,1385197443,987373371,2948,Det/images/normal_train/01065717.png,0,08,easy_clean,0.0086237648,1.0,0.0143781743,normal_replay,FoldBalanced-Gap
RUN_122,TRIAD_041,A14_FoldBalanced-Gap_B3000,R1,1385197443,987373371,2949,Det/images/normal_train/00990275.png,0,03,ordinary,0.4182775126,0.725,0.2832900536,normal_replay,FoldBalanced-Gap
RUN_122,TRIAD_041,A14_FoldBalanced-Gap_B3000,R1,1385197443,987373371,2950,Det/images/normal_train/00231816.png,0,08,easy_clean,0.0046663297,1.0,0.0058015336,normal_replay,FoldBalanced-Gap
RUN_122,TRIAD_041,A14_FoldBalanced-Gap_B3000,R1,1385197443,987373371,2951,Det/images/normal_train/00348727.png,0,03,easy_clean,0.0806091349,0.995,0.0904226184,normal_replay,FoldBalanced-Gap
RUN_122,TRIAD_041,A14_FoldBalanced-Gap_B3000,R1,1385197443,987373371,2952,Det/images/normal_train/00806257.png,0,08,easy_clean,0.0030617959,1.0,0.0047120444,normal_replay,FoldBalanced-Gap
RUN_122,TRIAD_041,A14_FoldBalanced-Gap_B3000,R1,1385197443,987373371,2953,Det/images/normal_train/00926396.png,0,00,easy_clean,0.0012306385,1.0,0.0016775028,normal_replay,FoldBalanced-Gap
RUN_122,TRIAD_041,A14_FoldBalanced-Gap_B3000,R1,1385197443,987373371,2954,Det/images/normal_train/00994476.png,0,04,easy_clean,0.0582043252,1.0,0.0455395085,normal_replay,FoldBalanced-Gap
RUN_122,TRIAD_041,A14_FoldBalanced-Gap_B3000,R1,1385197443,987373371,2955,Det/images/normal_train/00373849.png,0,03,easy_clean,0.0007392977,1.0,0.0031099828,normal_replay,FoldBalanced-Gap
RUN_122,TRIAD_041,A14_FoldBalanced-Gap_B3000,R1,1385197443,987373371,2956,Det/images/normal_train/00973280.png,0,05,easy_clean,0.0011922267,1.0,0.0017884832,normal_replay,FoldBalanced-Gap
RUN_122,TRIAD_041,A14_FoldBalanced-Gap_B3000,R1,1385197443,987373371,2957,Det/images/normal_train/00773253.png,0,01,easy_clean,0.0002800835,1.0,0.0007879488,normal_replay,FoldBalanced-Gap
RUN_122,TRIAD_041,A14_FoldBalanced-Gap_B3000,R1,1385197443,987373371,2958,Det/images/normal_train/00968026.png,0,09,persistent_hard,0.7542533617,0.035,0.095278781,normal_replay,FoldBalanced-Gap
RUN_122,TRIAD_041,A14_FoldBalanced-Gap_B3000,R1,1385197443,987373371,2959,Det/images/normal_train/00208524.png,0,01,easy_clean,0.0036578502,1.0,0.0087729946,normal_replay,FoldBalanced-Gap
RUN_122,TRIAD_041,A14_FoldBalanced-Gap_B3000,R1,1385197443,987373371,2960,Det/images/normal_train/00529280.png,0,03,easy_clean,0.0009515325,1.0,0.0030832392,normal_replay,FoldBalanced-Gap
RUN_122,TRIAD_041,A14_FoldBalanced-Gap_B3000,R1,1385197443,987373371,2961,Det/images/normal_train/01212546.png,0,02,easy_clean,0.026700796,1.0,0.0323236513,normal_replay,FoldBalanced-Gap
RUN_122,TRIAD_041,A14_FoldBalanced-Gap_B3000,R1,1385197443,987373371,2962,Det/images/normal_train/00391811.png,0,02,easy_clean,0.0042787078,1.0,0.0142369154,normal_replay,FoldBalanced-Gap
RUN_122,TRIAD_041,A14_FoldBalanced-Gap_B3000,R1,1385197443,987373371,2963,Det/images/normal_train/00785602.png,0,04,easy_clean,0.0272960732,1.0,0.0341204436,normal_replay,FoldBalanced-Gap
RUN_122,TRIAD_041,A14_FoldBalanced-Gap_B3000,R1,1385197443,987373371,2964,Det/images/normal_train/00917005.png,0,08,easy_clean,0.0132703136,1.0,0.0131867507,normal_replay,FoldBalanced-Gap
RUN_122,TRIAD_041,A14_FoldBalanced-Gap_B3000,R1,1385197443,987373371,2965,Det/images/normal_train/01284792.png,0,00,easy_clean,0.006403492,1.0,0.0066223368,normal_replay,FoldBalanced-Gap
RUN_122,TRIAD_041,A14_FoldBalanced-Gap_B3000,R1,1385197443,987373371,2966,Det/images/normal_train/01056400.png,0,08,easy_clean,0.0049243986,1.0,0.0235181015,normal_replay,FoldBalanced-Gap
RUN_122,TRIAD_041,A14_FoldBalanced-Gap_B3000,R1,1385197443,987373371,2967,Det/images/normal_train/01241190.png,0,09,easy_clean,0.0003525017,1.0,0.0004660148,normal_replay,FoldBalanced-Gap
RUN_122,TRIAD_041,A14_FoldBalanced-Gap_B3000,R1,1385197443,987373371,2968,Det/images/normal_train/00422909.png,0,06,ordinary,0.3633911427,0.88,0.1513218719,normal_replay,FoldBalanced-Gap
RUN_122,TRIAD_041,A14_FoldBalanced-Gap_B3000,R1,1385197443,987373371,2969,Det/images/normal_train/00250733.png,0,09,easy_clean,0.0057519175,1.0,0.0131988877,normal_replay,FoldBalanced-Gap
RUN_122,TRIAD_041,A14_FoldBalanced-Gap_B3000,R1,1385197443,987373371,2970,Det/images/normal_train/00170080.png,0,03,unstable_boundary,0.4510222588,0.69,0.1226855575,normal_replay,FoldBalanced-Gap
RUN_122,TRIAD_041,A14_FoldBalanced-Gap_B3000,R1,1385197443,987373371,2971,Det/images/normal_train/00681781.png,0,09,easy_clean,0.0524345743,1.0,0.0462485095,normal_replay,FoldBalanced-Gap
RUN_122,TRIAD_041,A14_FoldBalanced-Gap_B3000,R1,1385197443,987373371,2972,Det/images/normal_train/00835910.png,0,02,learnable_hard,0.0456898623,0.97,0.122367505,normal_replay,FoldBalanced-Gap
RUN_122,TRIAD_041,A14_FoldBalanced-Gap_B3000,R1,1385197443,987373371,2973,Det/images/normal_train/00622519.png,0,02,learnable_hard,0.8805236048,0.02,0.1156494858,normal_replay,FoldBalanced-Gap
RUN_122,TRIAD_041,A14_FoldBalanced-Gap_B3000,R1,1385197443,987373371,2974,Det/images/normal_train/00184761.png,0,05,easy_clean,0.0073505957,1.0,0.0087709089,normal_replay,FoldBalanced-Gap
RUN_122,TRIAD_041,A14_FoldBalanced-Gap_B3000,R1,1385197443,987373371,2975,Det/images/normal_train/00997161.png,0,08,easy_clean,0.0018812995,1.0,0.0136949171,normal_replay,FoldBalanced-Gap
RUN_122,TRIAD_041,A14_FoldBalanced-Gap_B3000,R1,1385197443,987373371,2976,Det/images/normal_train/00959358.png,0,02,ordinary,0.1453154279,0.965,0.1108615302,normal_replay,FoldBalanced-Gap
RUN_122,TRIAD_041,A14_FoldBalanced-Gap_B3000,R1,1385197443,987373371,2977,Det/images/normal_train/01157957.png,0,06,easy_clean,0.0296142224,1.0,0.0345167364,normal_replay,FoldBalanced-Gap
RUN_122,TRIAD_041,A14_FoldBalanced-Gap_B3000,R1,1385197443,987373371,2978,Det/images/normal_train/00227874.png,0,04,learnable_hard,0.0659646546,0.99,0.0891869136,normal_replay,FoldBalanced-Gap
RUN_122,TRIAD_041,A14_FoldBalanced-Gap_B3000,R1,1385197443,987373371,2979,Det/images/normal_train/00555996.png,0,07,easy_clean,0.0022312934,1.0,0.0041731737,normal_replay,FoldBalanced-Gap
RUN_122,TRIAD_041,A14_FoldBalanced-Gap_B3000,R1,1385197443,987373371,2980,Det/images/normal_train/00995862.png,0,05,easy_clean,0.0250470689,1.0,0.0153339274,normal_replay,FoldBalanced-Gap
RUN_122,TRIAD_041,A14_FoldBalanced-Gap_B3000,R1,1385197443,987373371,2981,Det/images/normal_train/00333673.png,0,00,easy_clean,0.025123895,1.0,0.0244041811,normal_replay,FoldBalanced-Gap
RUN_122,TRIAD_041,A14_FoldBalanced-Gap_B3000,R1,1385197443,987373371,2982,Det/images/normal_train/00533796.png,0,02,easy_clean,0.0019158148,1.0,0.0038831929,normal_replay,FoldBalanced-Gap
RUN_122,TRIAD_041,A14_FoldBalanced-Gap_B3000,R1,1385197443,987373371,2983,Det/images/normal_train/00597121.png,0,03,easy_clean,0.0037233949,1.0,0.0114469078,normal_replay,FoldBalanced-Gap
RUN_122,TRIAD_041,A14_FoldBalanced-Gap_B3000,R1,1385197443,987373371,2984,Det/images/normal_train/01125846.png,0,02,easy_clean,0.0200824302,1.0,0.0235295259,normal_replay,FoldBalanced-Gap
RUN_122,TRIAD_041,A14_FoldBalanced-Gap_B3000,R1,1385197443,987373371,2985,Det/images/normal_train/01171612.png,0,04,easy_clean,0.0032808748,1.0,0.0044153669,normal_replay,FoldBalanced-Gap
RUN_122,TRIAD_041,A14_FoldBalanced-Gap_B3000,R1,1385197443,987373371,2986,Det/images/normal_train/01174429.png,0,01,easy_clean,0.0035236631,1.0,0.0136817608,normal_replay,FoldBalanced-Gap
RUN_122,TRIAD_041,A14_FoldBalanced-Gap_B3000,R1,1385197443,987373371,2987,Det/images/normal_train/00446685.png,0,09,easy_clean,0.004923664,1.0,0.0083586747,normal_replay,FoldBalanced-Gap
RUN_122,TRIAD_041,A14_FoldBalanced-Gap_B3000,R1,1385197443,987373371,2988,Det/images/normal_train/01164917.png,0,08,easy_clean,0.0013816495,1.0,0.0016677139,normal_replay,FoldBalanced-Gap
RUN_122,TRIAD_041,A14_FoldBalanced-Gap_B3000,R1,1385197443,987373371,2989,Det/images/normal_train/01117391.png,0,07,easy_clean,0.0060516756,1.0,0.0156550598,normal_replay,FoldBalanced-Gap
RUN_122,TRIAD_041,A14_FoldBalanced-Gap_B3000,R1,1385197443,987373371,2990,Det/images/normal_train/00827104.png,0,09,easy_clean,0.0126373672,0.99,0.0703567873,normal_replay,FoldBalanced-Gap
RUN_122,TRIAD_041,A14_FoldBalanced-Gap_B3000,R1,1385197443,987373371,2991,Det/images/normal_train/00683699.png,0,07,easy_clean,0.0040970178,1.0,0.0127179916,normal_replay,FoldBalanced-Gap
RUN_122,TRIAD_041,A14_FoldBalanced-Gap_B3000,R1,1385197443,987373371,2992,Det/images/normal_train/01038216.png,0,00,ordinary,0.1332492114,1.0,0.0999198871,normal_replay,FoldBalanced-Gap
RUN_122,TRIAD_041,A14_FoldBalanced-Gap_B3000,R1,1385197443,987373371,2993,Det/images/normal_train/00470564.png,0,03,learnable_hard,0.0333795881,0.995,0.0551970966,normal_replay,FoldBalanced-Gap
RUN_122,TRIAD_041,A14_FoldBalanced-Gap_B3000,R1,1385197443,987373371,2994,Det/images/normal_train/00582048.png,0,03,easy_clean,0.0114214715,1.0,0.0221169618,normal_replay,FoldBalanced-Gap
RUN_122,TRIAD_041,A14_FoldBalanced-Gap_B3000,R1,1385197443,987373371,2995,Det/images/normal_train/00798680.png,0,03,easy_clean,0.0004011187,1.0,0.0015792681,normal_replay,FoldBalanced-Gap
RUN_122,TRIAD_041,A14_FoldBalanced-Gap_B3000,R1,1385197443,987373371,2996,Det/images/normal_train/00365009.png,0,00,easy_clean,0.002180425,1.0,0.003814858,normal_replay,FoldBalanced-Gap
RUN_122,TRIAD_041,A14_FoldBalanced-Gap_B3000,R1,1385197443,987373371,2997,Det/images/normal_train/01154196.png,0,01,easy_clean,0.0009065379,1.0,0.0015652819,normal_replay,FoldBalanced-Gap
RUN_122,TRIAD_041,A14_FoldBalanced-Gap_B3000,R1,1385197443,987373371,2998,Det/images/normal_train/00286458.png,0,06,learnable_hard,0.01597654,0.99,0.0826790279,normal_replay,FoldBalanced-Gap
RUN_122,TRIAD_041,A14_FoldBalanced-Gap_B3000,R1,1385197443,987373371,2999,Det/images/normal_train/00991330.png,0,00,easy_clean,0.0358065251,1.0,0.0435125647,normal_replay,FoldBalanced-Gap
RUN_122,TRIAD_041,A14_FoldBalanced-Gap_B3000,R1,1385197443,987373371,3000,Det/images/normal_train/00566586.png,0,07,easy_clean,0.0002409854,1.0,0.0003973026,normal_replay,FoldBalanced-Gap
