run_slot,triad_id,condition_id,arm,training_seed,selection_seed,rank,sample_id,y_true,oof_fold,dynamic_bucket,mean_p_defect,correct_rate,std_p_defect,replay_role,source_method
RUN_042,TRIAD_014,A05_Confidence-Clean_B600,R2,1385197443,1321237343,1,Det/images/normal_train/01216387.png,0,01,learnable_hard,0.9413534293,0.01,0.07869876,normal_replay,Confidence-Clean
RUN_042,TRIAD_014,A05_Confidence-Clean_B600,R2,1385197443,1321237343,2,Det/images/normal_train/00937251.png,0,05,learnable_hard,0.9333969331,0.04,0.1202344228,normal_replay,Confidence-Clean
RUN_042,TRIAD_014,A05_Confidence-Clean_B600,R2,1385197443,1321237343,3,Det/images/normal_train/01053006.png,0,05,learnable_hard,0.9235058038,0.02,0.1102474157,normal_replay,Confidence-Clean
RUN_042,TRIAD_014,A05_Confidence-Clean_B600,R2,1385197443,1321237343,4,Det/images/normal_train/01056259.png,0,08,persistent_hard,0.6954312155,0.01,0.0907902988,normal_replay,Confidence-Clean
RUN_042,TRIAD_014,A05_Confidence-Clean_B600,R2,1385197443,1321237343,5,Det/images/normal_train/00425742.png,0,02,learnable_hard,0.9167124546,0.07,0.2199348874,normal_replay,Confidence-Clean
RUN_042,TRIAD_014,A05_Confidence-Clean_B600,R2,1385197443,1321237343,6,Det/images/normal_train/00697452.png,0,05,learnable_hard,0.9130080451,0.015,0.1157031578,normal_replay,Confidence-Clean
RUN_042,TRIAD_014,A05_Confidence-Clean_B600,R2,1385197443,1321237343,7,Det/images/normal_train/00870613.png,0,08,learnable_hard,0.8995214947,0.05,0.1357991501,normal_replay,Confidence-Clean
RUN_042,TRIAD_014,A05_Confidence-Clean_B600,R2,1385197443,1321237343,8,Det/images/normal_train/00870660.png,0,08,learnable_hard,0.8971871777,0.02,0.1136122107,normal_replay,Confidence-Clean
RUN_042,TRIAD_014,A05_Confidence-Clean_B600,R2,1385197443,1321237343,9,Det/images/normal_train/01221537.png,0,02,learnable_hard,0.8958994478,0.01,0.0944451589,normal_replay,Confidence-Clean
RUN_042,TRIAD_014,A05_Confidence-Clean_B600,R2,1385197443,1321237343,10,Det/images/normal_train/00413831.png,0,08,learnable_hard,0.8926967252,0.025,0.115536869,normal_replay,Confidence-Clean
RUN_042,TRIAD_014,A05_Confidence-Clean_B600,R2,1385197443,1321237343,11,Det/images/normal_train/00924148.png,0,07,learnable_hard,0.8907706197,0.04,0.1421015631,normal_replay,Confidence-Clean
RUN_042,TRIAD_014,A05_Confidence-Clean_B600,R2,1385197443,1321237343,12,Det/images/normal_train/00658227.png,0,02,learnable_hard,0.8898353041,0.04,0.1475907564,normal_replay,Confidence-Clean
RUN_042,TRIAD_014,A05_Confidence-Clean_B600,R2,1385197443,1321237343,13,Det/images/normal_train/01088455.png,0,00,learnable_hard,0.8874208572,0.065,0.1841863871,normal_replay,Confidence-Clean
RUN_042,TRIAD_014,A05_Confidence-Clean_B600,R2,1385197443,1321237343,14,Det/images/normal_train/00203926.png,0,00,learnable_hard,0.8841389504,0.055,0.1614394241,normal_replay,Confidence-Clean
RUN_042,TRIAD_014,A05_Confidence-Clean_B600,R2,1385197443,1321237343,15,Det/images/normal_train/01001192.png,0,05,learnable_hard,0.8837426612,0.05,0.1553257011,normal_replay,Confidence-Clean
RUN_042,TRIAD_014,A05_Confidence-Clean_B600,R2,1385197443,1321237343,16,Det/images/normal_train/00194051.png,0,04,persistent_hard,0.6899219203,0.0,0.0728045255,normal_replay,Confidence-Clean
RUN_042,TRIAD_014,A05_Confidence-Clean_B600,R2,1385197443,1321237343,17,Det/images/normal_train/00839443.png,0,06,learnable_hard,0.8820925751,0.06,0.1440726466,normal_replay,Confidence-Clean
RUN_042,TRIAD_014,A05_Confidence-Clean_B600,R2,1385197443,1321237343,18,Det/images/normal_train/00622519.png,0,02,learnable_hard,0.8805236048,0.02,0.1156494858,normal_replay,Confidence-Clean
RUN_042,TRIAD_014,A05_Confidence-Clean_B600,R2,1385197443,1321237343,19,Det/images/normal_train/00786557.png,0,03,learnable_hard,0.8796986371,0.045,0.1396154219,normal_replay,Confidence-Clean
RUN_042,TRIAD_014,A05_Confidence-Clean_B600,R2,1385197443,1321237343,20,Det/images/normal_train/01289091.png,0,01,persistent_hard,0.6963967913,0.0,0.0884039002,normal_replay,Confidence-Clean
RUN_042,TRIAD_014,A05_Confidence-Clean_B600,R2,1385197443,1321237343,21,Det/images/normal_train/01243947.png,0,00,learnable_hard,0.8766488329,0.055,0.1458115207,normal_replay,Confidence-Clean
RUN_042,TRIAD_014,A05_Confidence-Clean_B600,R2,1385197443,1321237343,22,Det/images/normal_train/01101060.png,0,00,learnable_hard,0.8763517909,0.02,0.0905243535,normal_replay,Confidence-Clean
RUN_042,TRIAD_014,A05_Confidence-Clean_B600,R2,1385197443,1321237343,23,Det/images/normal_train/01060111.png,0,01,learnable_hard,0.87626755,0.03,0.1052558497,normal_replay,Confidence-Clean
RUN_042,TRIAD_014,A05_Confidence-Clean_B600,R2,1385197443,1321237343,24,Det/images/normal_train/01296028.png,0,07,learnable_hard,0.8738223758,0.06,0.1817067769,normal_replay,Confidence-Clean
RUN_042,TRIAD_014,A05_Confidence-Clean_B600,R2,1385197443,1321237343,25,Det/images/normal_train/01232099.png,0,09,learnable_hard,0.8724887848,0.035,0.1179611229,normal_replay,Confidence-Clean
RUN_042,TRIAD_014,A05_Confidence-Clean_B600,R2,1385197443,1321237343,26,Det/images/normal_train/00886572.png,0,09,learnable_hard,0.8708451399,0.09,0.2458082492,normal_replay,Confidence-Clean
RUN_042,TRIAD_014,A05_Confidence-Clean_B600,R2,1385197443,1321237343,27,Det/images/normal_train/00889396.png,0,09,learnable_hard,0.8708178942,0.075,0.1602179045,normal_replay,Confidence-Clean
RUN_042,TRIAD_014,A05_Confidence-Clean_B600,R2,1385197443,1321237343,28,Det/images/normal_train/00842255.png,0,06,learnable_hard,0.8705108593,0.03,0.1382351509,normal_replay,Confidence-Clean
RUN_042,TRIAD_014,A05_Confidence-Clean_B600,R2,1385197443,1321237343,29,Det/images/normal_train/00483967.png,0,06,learnable_hard,0.8680661453,0.06,0.1908866366,normal_replay,Confidence-Clean
RUN_042,TRIAD_014,A05_Confidence-Clean_B600,R2,1385197443,1321237343,30,Det/images/normal_train/00950249.png,0,01,learnable_hard,0.8665043494,0.025,0.1081197445,normal_replay,Confidence-Clean
RUN_042,TRIAD_014,A05_Confidence-Clean_B600,R2,1385197443,1321237343,31,Det/images/normal_train/00505114.png,0,05,learnable_hard,0.8661955959,0.06,0.1609035122,normal_replay,Confidence-Clean
RUN_042,TRIAD_014,A05_Confidence-Clean_B600,R2,1385197443,1321237343,32,Det/images/normal_train/00755896.png,0,05,learnable_hard,0.8660864585,0.07,0.1692782087,normal_replay,Confidence-Clean
RUN_042,TRIAD_014,A05_Confidence-Clean_B600,R2,1385197443,1321237343,33,Det/images/normal_train/01056272.png,0,08,learnable_hard,0.8655390161,0.105,0.2168247163,normal_replay,Confidence-Clean
RUN_042,TRIAD_014,A05_Confidence-Clean_B600,R2,1385197443,1321237343,34,Det/images/normal_train/01280566.png,0,03,learnable_hard,0.8631044799,0.035,0.117597615,normal_replay,Confidence-Clean
RUN_042,TRIAD_014,A05_Confidence-Clean_B600,R2,1385197443,1321237343,35,Det/images/normal_train/00227142.png,0,04,learnable_hard,0.8617495263,0.025,0.1100024982,normal_replay,Confidence-Clean
RUN_042,TRIAD_014,A05_Confidence-Clean_B600,R2,1385197443,1321237343,36,Det/images/normal_train/00611637.png,0,01,learnable_hard,0.8612944418,0.02,0.0923637775,normal_replay,Confidence-Clean
RUN_042,TRIAD_014,A05_Confidence-Clean_B600,R2,1385197443,1321237343,37,Det/images/normal_train/00949542.png,0,05,learnable_hard,0.8604849168,0.055,0.1696518926,normal_replay,Confidence-Clean
RUN_042,TRIAD_014,A05_Confidence-Clean_B600,R2,1385197443,1321237343,38,Det/images/normal_train/00647284.png,0,01,learnable_hard,0.8604847315,0.05,0.1751514151,normal_replay,Confidence-Clean
RUN_042,TRIAD_014,A05_Confidence-Clean_B600,R2,1385197443,1321237343,39,Det/images/normal_train/00913996.png,0,07,learnable_hard,0.8582829893,0.05,0.1646822332,normal_replay,Confidence-Clean
RUN_042,TRIAD_014,A05_Confidence-Clean_B600,R2,1385197443,1321237343,40,Det/images/normal_train/00531993.png,0,04,learnable_hard,0.8578379758,0.11,0.2415798255,normal_replay,Confidence-Clean
RUN_042,TRIAD_014,A05_Confidence-Clean_B600,R2,1385197443,1321237343,41,Det/images/normal_train/01299251.png,0,03,learnable_hard,0.857001106,0.025,0.1216499094,normal_replay,Confidence-Clean
RUN_042,TRIAD_014,A05_Confidence-Clean_B600,R2,1385197443,1321237343,42,Det/images/normal_train/00914000.png,0,04,learnable_hard,0.8563823527,0.03,0.1382801581,normal_replay,Confidence-Clean
RUN_042,TRIAD_014,A05_Confidence-Clean_B600,R2,1385197443,1321237343,43,Det/images/normal_train/00697255.png,0,05,learnable_hard,0.8558072303,0.105,0.1809473479,normal_replay,Confidence-Clean
RUN_042,TRIAD_014,A05_Confidence-Clean_B600,R2,1385197443,1321237343,44,Det/images/normal_train/00506618.png,0,09,learnable_hard,0.8544771169,0.11,0.1867629534,normal_replay,Confidence-Clean
RUN_042,TRIAD_014,A05_Confidence-Clean_B600,R2,1385197443,1321237343,45,Det/images/normal_train/00269628.png,0,03,learnable_hard,0.8527105758,0.105,0.1877395829,normal_replay,Confidence-Clean
RUN_042,TRIAD_014,A05_Confidence-Clean_B600,R2,1385197443,1321237343,46,Det/images/normal_train/00531992.png,0,04,learnable_hard,0.8492906041,0.115,0.2455233887,normal_replay,Confidence-Clean
RUN_042,TRIAD_014,A05_Confidence-Clean_B600,R2,1385197443,1321237343,47,Det/images/normal_train/00579463.png,0,05,learnable_hard,0.8486155992,0.11,0.2405383244,normal_replay,Confidence-Clean
RUN_042,TRIAD_014,A05_Confidence-Clean_B600,R2,1385197443,1321237343,48,Det/images/normal_train/00352131.png,0,07,learnable_hard,0.6789519642,0.06,0.1196662005,normal_replay,Confidence-Clean
RUN_042,TRIAD_014,A05_Confidence-Clean_B600,R2,1385197443,1321237343,49,Det/images/normal_train/00761361.png,0,05,learnable_hard,0.847125817,0.04,0.1498096207,normal_replay,Confidence-Clean
RUN_042,TRIAD_014,A05_Confidence-Clean_B600,R2,1385197443,1321237343,50,Det/images/normal_train/00684312.png,0,09,learnable_hard,0.8467850935,0.075,0.1561718476,normal_replay,Confidence-Clean
RUN_042,TRIAD_014,A05_Confidence-Clean_B600,R2,1385197443,1321237343,51,Det/images/normal_train/00834076.png,0,08,learnable_hard,0.8464795131,0.015,0.0868130855,normal_replay,Confidence-Clean
RUN_042,TRIAD_014,A05_Confidence-Clean_B600,R2,1385197443,1321237343,52,Det/images/normal_train/00701743.png,0,03,learnable_hard,0.8460695128,0.04,0.1328525436,normal_replay,Confidence-Clean
RUN_042,TRIAD_014,A05_Confidence-Clean_B600,R2,1385197443,1321237343,53,Det/images/normal_train/00187027.png,0,03,learnable_hard,0.8458938878,0.075,0.191391053,normal_replay,Confidence-Clean
RUN_042,TRIAD_014,A05_Confidence-Clean_B600,R2,1385197443,1321237343,54,Det/images/normal_train/01182998.png,0,05,learnable_hard,0.8455150788,0.055,0.1559882269,normal_replay,Confidence-Clean
RUN_042,TRIAD_014,A05_Confidence-Clean_B600,R2,1385197443,1321237343,55,Det/images/normal_train/00986413.png,0,08,learnable_hard,0.8450796299,0.005,0.0823135595,normal_replay,Confidence-Clean
RUN_042,TRIAD_014,A05_Confidence-Clean_B600,R2,1385197443,1321237343,56,Det/images/normal_train/00808553.png,0,03,learnable_hard,0.8447942804,0.1,0.2163257067,normal_replay,Confidence-Clean
RUN_042,TRIAD_014,A05_Confidence-Clean_B600,R2,1385197443,1321237343,57,Det/images/normal_train/00392913.png,0,08,learnable_hard,0.8446455934,0.03,0.1079653718,normal_replay,Confidence-Clean
RUN_042,TRIAD_014,A05_Confidence-Clean_B600,R2,1385197443,1321237343,58,Det/images/normal_train/00340450.png,0,02,learnable_hard,0.8427425002,0.1,0.20153464,normal_replay,Confidence-Clean
RUN_042,TRIAD_014,A05_Confidence-Clean_B600,R2,1385197443,1321237343,59,Det/images/normal_train/01285056.png,0,08,learnable_hard,0.8419458748,0.025,0.1254645907,normal_replay,Confidence-Clean
RUN_042,TRIAD_014,A05_Confidence-Clean_B600,R2,1385197443,1321237343,60,Det/images/normal_train/00509208.png,0,08,learnable_hard,0.8416873875,0.035,0.1247934485,normal_replay,Confidence-Clean
RUN_042,TRIAD_014,A05_Confidence-Clean_B600,R2,1385197443,1321237343,61,Det/images/normal_train/00296517.png,0,01,learnable_hard,0.8414681288,0.06,0.1709149655,normal_replay,Confidence-Clean
RUN_042,TRIAD_014,A05_Confidence-Clean_B600,R2,1385197443,1321237343,62,Det/images/normal_train/00761772.png,0,05,learnable_hard,0.8399312799,0.055,0.1698875561,normal_replay,Confidence-Clean
RUN_042,TRIAD_014,A05_Confidence-Clean_B600,R2,1385197443,1321237343,63,Det/images/normal_train/01273085.png,0,06,learnable_hard,0.8393971726,0.015,0.0762011024,normal_replay,Confidence-Clean
RUN_042,TRIAD_014,A05_Confidence-Clean_B600,R2,1385197443,1321237343,64,Det/images/normal_train/01030034.png,0,04,learnable_hard,0.838668922,0.045,0.1200975131,normal_replay,Confidence-Clean
RUN_042,TRIAD_014,A05_Confidence-Clean_B600,R2,1385197443,1321237343,65,Det/images/normal_train/00663139.png,0,08,learnable_hard,0.8370365072,0.035,0.1198997335,normal_replay,Confidence-Clean
RUN_042,TRIAD_014,A05_Confidence-Clean_B600,R2,1385197443,1321237343,66,Det/images/normal_train/00354756.png,0,00,learnable_hard,0.8366374132,0.04,0.1195924336,normal_replay,Confidence-Clean
RUN_042,TRIAD_014,A05_Confidence-Clean_B600,R2,1385197443,1321237343,67,Det/images/normal_train/00245570.png,0,08,learnable_hard,0.8366182157,0.055,0.1214845441,normal_replay,Confidence-Clean
RUN_042,TRIAD_014,A05_Confidence-Clean_B600,R2,1385197443,1321237343,68,Det/images/normal_train/01023326.png,0,00,learnable_hard,0.833638181,0.045,0.1211239948,normal_replay,Confidence-Clean
RUN_042,TRIAD_014,A05_Confidence-Clean_B600,R2,1385197443,1321237343,69,Det/images/normal_train/01206644.png,0,05,learnable_hard,0.8327095923,0.065,0.1523660853,normal_replay,Confidence-Clean
RUN_042,TRIAD_014,A05_Confidence-Clean_B600,R2,1385197443,1321237343,70,Det/images/normal_train/01063434.png,0,02,learnable_hard,0.8323747095,0.15,0.2526541632,normal_replay,Confidence-Clean
RUN_042,TRIAD_014,A05_Confidence-Clean_B600,R2,1385197443,1321237343,71,Det/images/normal_train/01102721.png,0,08,learnable_hard,0.8323156454,0.03,0.1196816548,normal_replay,Confidence-Clean
RUN_042,TRIAD_014,A05_Confidence-Clean_B600,R2,1385197443,1321237343,72,Det/images/normal_train/00734883.png,0,01,learnable_hard,0.8317330925,0.01,0.1154854116,normal_replay,Confidence-Clean
RUN_042,TRIAD_014,A05_Confidence-Clean_B600,R2,1385197443,1321237343,73,Det/images/normal_train/00985495.png,0,03,learnable_hard,0.8314890884,0.005,0.1260234558,normal_replay,Confidence-Clean
RUN_042,TRIAD_014,A05_Confidence-Clean_B600,R2,1385197443,1321237343,74,Det/images/normal_train/00636608.png,0,08,learnable_hard,0.8301415685,0.11,0.2291667113,normal_replay,Confidence-Clean
RUN_042,TRIAD_014,A05_Confidence-Clean_B600,R2,1385197443,1321237343,75,Det/images/normal_train/00739146.png,0,00,learnable_hard,0.8293984155,0.13,0.1774157161,normal_replay,Confidence-Clean
RUN_042,TRIAD_014,A05_Confidence-Clean_B600,R2,1385197443,1321237343,76,Det/images/normal_train/00268588.png,0,03,learnable_hard,0.8293434137,0.145,0.2520600666,normal_replay,Confidence-Clean
RUN_042,TRIAD_014,A05_Confidence-Clean_B600,R2,1385197443,1321237343,77,Det/images/normal_train/00187946.png,0,03,learnable_hard,0.827457883,0.135,0.257536575,normal_replay,Confidence-Clean
RUN_042,TRIAD_014,A05_Confidence-Clean_B600,R2,1385197443,1321237343,78,Det/images/normal_train/00163657.png,0,08,learnable_hard,0.8273523183,0.085,0.155683265,normal_replay,Confidence-Clean
RUN_042,TRIAD_014,A05_Confidence-Clean_B600,R2,1385197443,1321237343,79,Det/images/normal_train/00685738.png,0,08,learnable_hard,0.8251237103,0.12,0.2280645841,normal_replay,Confidence-Clean
RUN_042,TRIAD_014,A05_Confidence-Clean_B600,R2,1385197443,1321237343,80,Det/images/normal_train/00753548.png,0,01,learnable_hard,0.8240103462,0.085,0.1965526309,normal_replay,Confidence-Clean
RUN_042,TRIAD_014,A05_Confidence-Clean_B600,R2,1385197443,1321237343,81,Det/images/normal_train/00189491.png,0,02,learnable_hard,0.8236471058,0.115,0.2312960762,normal_replay,Confidence-Clean
RUN_042,TRIAD_014,A05_Confidence-Clean_B600,R2,1385197443,1321237343,82,Det/images/normal_train/00532595.png,0,07,learnable_hard,0.8221176054,0.06,0.1568651009,normal_replay,Confidence-Clean
RUN_042,TRIAD_014,A05_Confidence-Clean_B600,R2,1385197443,1321237343,83,Det/images/normal_train/00433139.png,0,05,learnable_hard,0.8218185313,0.07,0.1628927196,normal_replay,Confidence-Clean
RUN_042,TRIAD_014,A05_Confidence-Clean_B600,R2,1385197443,1321237343,84,Det/images/normal_train/01295835.png,0,04,learnable_hard,0.8208576066,0.085,0.1757477133,normal_replay,Confidence-Clean
RUN_042,TRIAD_014,A05_Confidence-Clean_B600,R2,1385197443,1321237343,85,Det/images/normal_train/00983086.png,0,03,learnable_hard,0.8182192285,0.13,0.1969639864,normal_replay,Confidence-Clean
RUN_042,TRIAD_014,A05_Confidence-Clean_B600,R2,1385197443,1321237343,86,Det/images/normal_train/00730853.png,0,09,learnable_hard,0.8180640788,0.09,0.1592817424,normal_replay,Confidence-Clean
RUN_042,TRIAD_014,A05_Confidence-Clean_B600,R2,1385197443,1321237343,87,Det/images/normal_train/00388720.png,0,00,learnable_hard,0.8176734124,0.105,0.1980128514,normal_replay,Confidence-Clean
RUN_042,TRIAD_014,A05_Confidence-Clean_B600,R2,1385197443,1321237343,88,Det/images/normal_train/00425296.png,0,02,learnable_hard,0.8174685983,0.14,0.189706749,normal_replay,Confidence-Clean
RUN_042,TRIAD_014,A05_Confidence-Clean_B600,R2,1385197443,1321237343,89,Det/images/normal_train/01287243.png,0,06,learnable_hard,0.8172816099,0.045,0.1479524539,normal_replay,Confidence-Clean
RUN_042,TRIAD_014,A05_Confidence-Clean_B600,R2,1385197443,1321237343,90,Det/images/normal_train/00834077.png,0,08,learnable_hard,0.8166038359,0.09,0.2083832774,normal_replay,Confidence-Clean
RUN_042,TRIAD_014,A05_Confidence-Clean_B600,R2,1385197443,1321237343,91,Det/images/normal_train/01085620.png,0,07,learnable_hard,0.8158662975,0.035,0.1180261984,normal_replay,Confidence-Clean
RUN_042,TRIAD_014,A05_Confidence-Clean_B600,R2,1385197443,1321237343,92,Det/images/normal_train/01170049.png,0,09,learnable_hard,0.8149261775,0.085,0.1934209762,normal_replay,Confidence-Clean
RUN_042,TRIAD_014,A05_Confidence-Clean_B600,R2,1385197443,1321237343,93,Det/images/normal_train/00728049.png,0,03,learnable_hard,0.8138054611,0.1,0.2252582238,normal_replay,Confidence-Clean
RUN_042,TRIAD_014,A05_Confidence-Clean_B600,R2,1385197443,1321237343,94,Det/images/normal_train/00444489.png,0,02,learnable_hard,0.8123574791,0.065,0.2073113025,normal_replay,Confidence-Clean
RUN_042,TRIAD_014,A05_Confidence-Clean_B600,R2,1385197443,1321237343,95,Det/images/normal_train/01254072.png,0,05,learnable_hard,0.809539693,0.08,0.2014902844,normal_replay,Confidence-Clean
RUN_042,TRIAD_014,A05_Confidence-Clean_B600,R2,1385197443,1321237343,96,Det/images/normal_train/01066994.png,0,00,persistent_hard,0.80871191,0.11,0.1640820225,normal_replay,Confidence-Clean
RUN_042,TRIAD_014,A05_Confidence-Clean_B600,R2,1385197443,1321237343,97,Det/images/normal_train/00891732.png,0,06,learnable_hard,0.8072697982,0.105,0.1994702496,normal_replay,Confidence-Clean
RUN_042,TRIAD_014,A05_Confidence-Clean_B600,R2,1385197443,1321237343,98,Det/images/normal_train/01028582.png,0,06,learnable_hard,0.8071133354,0.165,0.2721244097,normal_replay,Confidence-Clean
RUN_042,TRIAD_014,A05_Confidence-Clean_B600,R2,1385197443,1321237343,99,Det/images/normal_train/00200267.png,0,02,learnable_hard,0.8069789997,0.03,0.1203736406,normal_replay,Confidence-Clean
RUN_042,TRIAD_014,A05_Confidence-Clean_B600,R2,1385197443,1321237343,100,Det/images/normal_train/01139390.png,0,05,learnable_hard,0.8066772178,0.04,0.1251328592,normal_replay,Confidence-Clean
RUN_042,TRIAD_014,A05_Confidence-Clean_B600,R2,1385197443,1321237343,101,Det/images/normal_train/00540897.png,0,05,learnable_hard,0.8060214634,0.155,0.2902484446,normal_replay,Confidence-Clean
RUN_042,TRIAD_014,A05_Confidence-Clean_B600,R2,1385197443,1321237343,102,Det/images/normal_train/00677383.png,0,01,learnable_hard,0.805537957,0.065,0.1650637534,normal_replay,Confidence-Clean
RUN_042,TRIAD_014,A05_Confidence-Clean_B600,R2,1385197443,1321237343,103,Det/images/normal_train/00239536.png,0,09,learnable_hard,0.8054020253,0.02,0.0967008757,normal_replay,Confidence-Clean
RUN_042,TRIAD_014,A05_Confidence-Clean_B600,R2,1385197443,1321237343,104,Det/images/normal_train/00234010.png,0,06,learnable_hard,0.8047049257,0.035,0.1389779148,normal_replay,Confidence-Clean
RUN_042,TRIAD_014,A05_Confidence-Clean_B600,R2,1385197443,1321237343,105,Det/images/normal_train/01050898.png,0,08,learnable_hard,0.8046066292,0.14,0.223942097,normal_replay,Confidence-Clean
RUN_042,TRIAD_014,A05_Confidence-Clean_B600,R2,1385197443,1321237343,106,Det/images/normal_train/00990938.png,0,03,learnable_hard,0.8044599991,0.005,0.0600774761,normal_replay,Confidence-Clean
RUN_042,TRIAD_014,A05_Confidence-Clean_B600,R2,1385197443,1321237343,107,Det/images/normal_train/00715143.png,0,09,learnable_hard,0.8044225435,0.125,0.183986186,normal_replay,Confidence-Clean
RUN_042,TRIAD_014,A05_Confidence-Clean_B600,R2,1385197443,1321237343,108,Det/images/normal_train/00763842.png,0,07,learnable_hard,0.8041351828,0.1,0.1537420465,normal_replay,Confidence-Clean
RUN_042,TRIAD_014,A05_Confidence-Clean_B600,R2,1385197443,1321237343,109,Det/images/normal_train/00925029.png,0,09,learnable_hard,0.8039633377,0.1,0.1666720363,normal_replay,Confidence-Clean
RUN_042,TRIAD_014,A05_Confidence-Clean_B600,R2,1385197443,1321237343,110,Det/images/normal_train/00355422.png,0,01,learnable_hard,0.803351034,0.145,0.3013915869,normal_replay,Confidence-Clean
RUN_042,TRIAD_014,A05_Confidence-Clean_B600,R2,1385197443,1321237343,111,Det/images/normal_train/00492966.png,0,05,learnable_hard,0.803309256,0.13,0.2417442742,normal_replay,Confidence-Clean
RUN_042,TRIAD_014,A05_Confidence-Clean_B600,R2,1385197443,1321237343,112,Det/images/normal_train/00903127.png,0,07,learnable_hard,0.8023406113,0.045,0.1445465722,normal_replay,Confidence-Clean
RUN_042,TRIAD_014,A05_Confidence-Clean_B600,R2,1385197443,1321237343,113,Det/images/normal_train/01242957.png,0,02,persistent_hard,0.8019125009,0.115,0.17714469,normal_replay,Confidence-Clean
RUN_042,TRIAD_014,A05_Confidence-Clean_B600,R2,1385197443,1321237343,114,Det/images/normal_train/00433087.png,0,05,learnable_hard,0.8018723823,0.08,0.1427997518,normal_replay,Confidence-Clean
RUN_042,TRIAD_014,A05_Confidence-Clean_B600,R2,1385197443,1321237343,115,Det/images/normal_train/00529306.png,0,03,learnable_hard,0.801517494,0.135,0.2452956364,normal_replay,Confidence-Clean
RUN_042,TRIAD_014,A05_Confidence-Clean_B600,R2,1385197443,1321237343,116,Det/images/normal_train/00984960.png,0,02,learnable_hard,0.8001656109,0.05,0.1547442726,normal_replay,Confidence-Clean
RUN_042,TRIAD_014,A05_Confidence-Clean_B600,R2,1385197443,1321237343,117,Det/images/normal_train/01050690.png,0,08,learnable_hard,0.7998979216,0.08,0.1723853739,normal_replay,Confidence-Clean
RUN_042,TRIAD_014,A05_Confidence-Clean_B600,R2,1385197443,1321237343,118,Det/images/normal_train/00975260.png,0,02,learnable_hard,0.7997515077,0.105,0.2243881559,normal_replay,Confidence-Clean
RUN_042,TRIAD_014,A05_Confidence-Clean_B600,R2,1385197443,1321237343,119,Det/images/normal_train/00370886.png,0,06,learnable_hard,0.7995814048,0.11,0.1967563013,normal_replay,Confidence-Clean
RUN_042,TRIAD_014,A05_Confidence-Clean_B600,R2,1385197443,1321237343,120,Det/images/normal_train/00623454.png,0,08,learnable_hard,0.7992816874,0.1,0.1816318172,normal_replay,Confidence-Clean
RUN_042,TRIAD_014,A05_Confidence-Clean_B600,R2,1385197443,1321237343,121,Det/images/normal_train/00525221.png,0,05,persistent_hard,0.7991059574,0.12,0.2063557535,normal_replay,Confidence-Clean
RUN_042,TRIAD_014,A05_Confidence-Clean_B600,R2,1385197443,1321237343,122,Det/images/normal_train/00239063.png,0,09,learnable_hard,0.7984962051,0.065,0.1552606983,normal_replay,Confidence-Clean
RUN_042,TRIAD_014,A05_Confidence-Clean_B600,R2,1385197443,1321237343,123,Det/images/normal_train/00636612.png,0,08,learnable_hard,0.7975617209,0.085,0.1796361611,normal_replay,Confidence-Clean
RUN_042,TRIAD_014,A05_Confidence-Clean_B600,R2,1385197443,1321237343,124,Det/images/normal_train/01022727.png,0,03,learnable_hard,0.7967326634,0.065,0.157403842,normal_replay,Confidence-Clean
RUN_042,TRIAD_014,A05_Confidence-Clean_B600,R2,1385197443,1321237343,125,Det/images/normal_train/00795385.png,0,01,learnable_hard,0.796605058,0.025,0.1278046674,normal_replay,Confidence-Clean
RUN_042,TRIAD_014,A05_Confidence-Clean_B600,R2,1385197443,1321237343,126,Det/images/normal_train/00278995.png,0,00,persistent_hard,0.7965400738,0.115,0.2071555828,normal_replay,Confidence-Clean
RUN_042,TRIAD_014,A05_Confidence-Clean_B600,R2,1385197443,1321237343,127,Det/images/normal_train/01226402.png,0,00,learnable_hard,0.7963298931,0.155,0.2586736878,normal_replay,Confidence-Clean
RUN_042,TRIAD_014,A05_Confidence-Clean_B600,R2,1385197443,1321237343,128,Det/images/normal_train/01020952.png,0,02,learnable_hard,0.7957808627,0.04,0.107795245,normal_replay,Confidence-Clean
RUN_042,TRIAD_014,A05_Confidence-Clean_B600,R2,1385197443,1321237343,129,Det/images/normal_train/00250998.png,0,09,learnable_hard,0.7952067493,0.145,0.2649763523,normal_replay,Confidence-Clean
RUN_042,TRIAD_014,A05_Confidence-Clean_B600,R2,1385197443,1321237343,130,Det/images/normal_train/01015627.png,0,03,persistent_hard,0.7943080375,0.155,0.2100598831,normal_replay,Confidence-Clean
RUN_042,TRIAD_014,A05_Confidence-Clean_B600,R2,1385197443,1321237343,131,Det/images/normal_train/00420421.png,0,05,learnable_hard,0.7930337168,0.07,0.1546080969,normal_replay,Confidence-Clean
RUN_042,TRIAD_014,A05_Confidence-Clean_B600,R2,1385197443,1321237343,132,Det/images/normal_train/00195907.png,0,08,persistent_hard,0.7916719043,0.12,0.1924203603,normal_replay,Confidence-Clean
RUN_042,TRIAD_014,A05_Confidence-Clean_B600,R2,1385197443,1321237343,133,Det/images/normal_train/00198342.png,0,04,learnable_hard,0.7909347543,0.105,0.1937184688,normal_replay,Confidence-Clean
RUN_042,TRIAD_014,A05_Confidence-Clean_B600,R2,1385197443,1321237343,134,Det/images/normal_train/01246002.png,0,01,learnable_hard,0.7908994633,0.145,0.2062541992,normal_replay,Confidence-Clean
RUN_042,TRIAD_014,A05_Confidence-Clean_B600,R2,1385197443,1321237343,135,Det/images/normal_train/00785049.png,0,04,learnable_hard,0.7908634851,0.07,0.1510962345,normal_replay,Confidence-Clean
RUN_042,TRIAD_014,A05_Confidence-Clean_B600,R2,1385197443,1321237343,136,Det/images/normal_train/00370887.png,0,06,learnable_hard,0.7908629238,0.115,0.2125082471,normal_replay,Confidence-Clean
RUN_042,TRIAD_014,A05_Confidence-Clean_B600,R2,1385197443,1321237343,137,Det/images/normal_train/00926994.png,0,00,persistent_hard,0.79081845,0.21,0.2568832428,normal_replay,Confidence-Clean
RUN_042,TRIAD_014,A05_Confidence-Clean_B600,R2,1385197443,1321237343,138,Det/images/normal_train/01202877.png,0,08,learnable_hard,0.7901866426,0.02,0.1055309915,normal_replay,Confidence-Clean
RUN_042,TRIAD_014,A05_Confidence-Clean_B600,R2,1385197443,1321237343,139,Det/images/normal_train/00573003.png,0,07,learnable_hard,0.7900295483,0.175,0.3224148583,normal_replay,Confidence-Clean
RUN_042,TRIAD_014,A05_Confidence-Clean_B600,R2,1385197443,1321237343,140,Det/images/normal_train/00271758.png,0,03,learnable_hard,0.7900166207,0.155,0.2600533606,normal_replay,Confidence-Clean
RUN_042,TRIAD_014,A05_Confidence-Clean_B600,R2,1385197443,1321237343,141,Det/images/normal_train/00931808.png,0,02,learnable_hard,0.7896371973,0.035,0.1295795077,normal_replay,Confidence-Clean
RUN_042,TRIAD_014,A05_Confidence-Clean_B600,R2,1385197443,1321237343,142,Det/images/normal_train/00348758.png,0,03,persistent_hard,0.6982006896,0.07,0.0899147424,normal_replay,Confidence-Clean
RUN_042,TRIAD_014,A05_Confidence-Clean_B600,R2,1385197443,1321237343,143,Det/images/normal_train/00550335.png,0,08,learnable_hard,0.7875526711,0.15,0.1667903032,normal_replay,Confidence-Clean
RUN_042,TRIAD_014,A05_Confidence-Clean_B600,R2,1385197443,1321237343,144,Det/images/normal_train/00837084.png,0,02,learnable_hard,0.7873050596,0.045,0.1138397044,normal_replay,Confidence-Clean
RUN_042,TRIAD_014,A05_Confidence-Clean_B600,R2,1385197443,1321237343,145,Det/images/normal_train/00493395.png,0,03,learnable_hard,0.7869414131,0.11,0.2434684373,normal_replay,Confidence-Clean
RUN_042,TRIAD_014,A05_Confidence-Clean_B600,R2,1385197443,1321237343,146,Det/images/normal_train/00399027.png,0,08,learnable_hard,0.7866506229,0.075,0.1665347854,normal_replay,Confidence-Clean
RUN_042,TRIAD_014,A05_Confidence-Clean_B600,R2,1385197443,1321237343,147,Det/images/normal_train/00294209.png,0,05,persistent_hard,0.7866153303,0.135,0.2230886818,normal_replay,Confidence-Clean
RUN_042,TRIAD_014,A05_Confidence-Clean_B600,R2,1385197443,1321237343,148,Det/images/normal_train/00577918.png,0,05,learnable_hard,0.7851856817,0.11,0.2285564176,normal_replay,Confidence-Clean
RUN_042,TRIAD_014,A05_Confidence-Clean_B600,R2,1385197443,1321237343,149,Det/images/normal_train/00891972.png,0,06,learnable_hard,0.7849897882,0.125,0.1974077313,normal_replay,Confidence-Clean
RUN_042,TRIAD_014,A05_Confidence-Clean_B600,R2,1385197443,1321237343,150,Det/images/normal_train/00640897.png,0,02,persistent_hard,0.7831274617,0.23,0.2650678436,normal_replay,Confidence-Clean
RUN_042,TRIAD_014,A05_Confidence-Clean_B600,R2,1385197443,1321237343,151,Det/images/normal_train/01029819.png,0,09,persistent_hard,0.7830585479,0.205,0.2424944767,normal_replay,Confidence-Clean
RUN_042,TRIAD_014,A05_Confidence-Clean_B600,R2,1385197443,1321237343,152,Det/images/normal_train/00688062.png,0,05,learnable_hard,0.7828276751,0.215,0.315238371,normal_replay,Confidence-Clean
RUN_042,TRIAD_014,A05_Confidence-Clean_B600,R2,1385197443,1321237343,153,Det/images/normal_train/01026635.png,0,07,learnable_hard,0.7821935183,0.09,0.1820548353,normal_replay,Confidence-Clean
RUN_042,TRIAD_014,A05_Confidence-Clean_B600,R2,1385197443,1321237343,154,Det/images/normal_train/00777539.png,0,08,learnable_hard,0.7821038061,0.09,0.1839975674,normal_replay,Confidence-Clean
RUN_042,TRIAD_014,A05_Confidence-Clean_B600,R2,1385197443,1321237343,155,Det/images/normal_train/00965942.png,0,03,persistent_hard,0.7818067873,0.115,0.1839073695,normal_replay,Confidence-Clean
RUN_042,TRIAD_014,A05_Confidence-Clean_B600,R2,1385197443,1321237343,156,Det/images/normal_train/00756848.png,0,05,learnable_hard,0.7813135071,0.065,0.1158490125,normal_replay,Confidence-Clean
RUN_042,TRIAD_014,A05_Confidence-Clean_B600,R2,1385197443,1321237343,157,Det/images/normal_train/00298534.png,0,06,learnable_hard,0.7811157563,0.17,0.2991805407,normal_replay,Confidence-Clean
RUN_042,TRIAD_014,A05_Confidence-Clean_B600,R2,1385197443,1321237343,158,Det/images/normal_train/00864491.png,0,07,learnable_hard,0.7810746059,0.185,0.2612794654,normal_replay,Confidence-Clean
RUN_042,TRIAD_014,A05_Confidence-Clean_B600,R2,1385197443,1321237343,159,Det/images/normal_train/00784681.png,0,00,persistent_hard,0.7797995754,0.165,0.2128862257,normal_replay,Confidence-Clean
RUN_042,TRIAD_014,A05_Confidence-Clean_B600,R2,1385197443,1321237343,160,Det/images/normal_train/01198756.png,0,03,learnable_hard,0.7791043103,0.19,0.3473131917,normal_replay,Confidence-Clean
RUN_042,TRIAD_014,A05_Confidence-Clean_B600,R2,1385197443,1321237343,161,Det/images/normal_train/00783100.png,0,01,persistent_hard,0.6707970801,0.025,0.104207273,normal_replay,Confidence-Clean
RUN_042,TRIAD_014,A05_Confidence-Clean_B600,R2,1385197443,1321237343,162,Det/images/normal_train/00151902.png,0,01,learnable_hard,0.7790202624,0.12,0.2290661594,normal_replay,Confidence-Clean
RUN_042,TRIAD_014,A05_Confidence-Clean_B600,R2,1385197443,1321237343,163,Det/images/normal_train/01180554.png,0,04,learnable_hard,0.7785208175,0.125,0.2256214824,normal_replay,Confidence-Clean
RUN_042,TRIAD_014,A05_Confidence-Clean_B600,R2,1385197443,1321237343,164,Det/images/normal_train/00589047.png,0,03,learnable_hard,0.7784271182,0.155,0.2607481916,normal_replay,Confidence-Clean
RUN_042,TRIAD_014,A05_Confidence-Clean_B600,R2,1385197443,1321237343,165,Det/images/normal_train/00338851.png,0,00,learnable_hard,0.7783522829,0.095,0.1901006533,normal_replay,Confidence-Clean
RUN_042,TRIAD_014,A05_Confidence-Clean_B600,R2,1385197443,1321237343,166,Det/images/normal_train/00912949.png,0,01,persistent_hard,0.7781098419,0.21,0.2422891284,normal_replay,Confidence-Clean
RUN_042,TRIAD_014,A05_Confidence-Clean_B600,R2,1385197443,1321237343,167,Det/images/normal_train/01169845.png,0,08,learnable_hard,0.7780720331,0.025,0.0957582766,normal_replay,Confidence-Clean
RUN_042,TRIAD_014,A05_Confidence-Clean_B600,R2,1385197443,1321237343,168,Det/images/normal_train/01155851.png,0,07,learnable_hard,0.7776745042,0.17,0.1776696234,normal_replay,Confidence-Clean
RUN_042,TRIAD_014,A05_Confidence-Clean_B600,R2,1385197443,1321237343,169,Det/images/normal_train/00405661.png,0,05,learnable_hard,0.7774073634,0.06,0.1373216005,normal_replay,Confidence-Clean
RUN_042,TRIAD_014,A05_Confidence-Clean_B600,R2,1385197443,1321237343,170,Det/images/normal_train/00502718.png,0,01,learnable_hard,0.7770842912,0.055,0.1263385147,normal_replay,Confidence-Clean
RUN_042,TRIAD_014,A05_Confidence-Clean_B600,R2,1385197443,1321237343,171,Det/images/normal_train/00625148.png,0,08,learnable_hard,0.7767739315,0.07,0.1518581082,normal_replay,Confidence-Clean
RUN_042,TRIAD_014,A05_Confidence-Clean_B600,R2,1385197443,1321237343,172,Det/images/normal_train/01199280.png,0,03,learnable_hard,0.7766647357,0.05,0.1363837917,normal_replay,Confidence-Clean
RUN_042,TRIAD_014,A05_Confidence-Clean_B600,R2,1385197443,1321237343,173,Det/images/normal_train/00444210.png,0,02,learnable_hard,0.7758590664,0.06,0.1269235089,normal_replay,Confidence-Clean
RUN_042,TRIAD_014,A05_Confidence-Clean_B600,R2,1385197443,1321237343,174,Det/images/normal_train/00875226.png,0,06,learnable_hard,0.7757487682,0.05,0.1273421771,normal_replay,Confidence-Clean
RUN_042,TRIAD_014,A05_Confidence-Clean_B600,R2,1385197443,1321237343,175,Det/images/normal_train/00802370.png,0,02,learnable_hard,0.775378324,0.055,0.1728030026,normal_replay,Confidence-Clean
RUN_042,TRIAD_014,A05_Confidence-Clean_B600,R2,1385197443,1321237343,176,Det/images/normal_train/00721219.png,0,09,learnable_hard,0.7746853683,0.035,0.1180255179,normal_replay,Confidence-Clean
RUN_042,TRIAD_014,A05_Confidence-Clean_B600,R2,1385197443,1321237343,177,Det/images/normal_train/00414025.png,0,05,learnable_hard,0.774085355,0.15,0.2346095604,normal_replay,Confidence-Clean
RUN_042,TRIAD_014,A05_Confidence-Clean_B600,R2,1385197443,1321237343,178,Det/images/normal_train/00660091.png,0,00,persistent_hard,0.7732665288,0.125,0.1904075977,normal_replay,Confidence-Clean
RUN_042,TRIAD_014,A05_Confidence-Clean_B600,R2,1385197443,1321237343,179,Det/images/normal_train/00867155.png,0,05,learnable_hard,0.7720417229,0.105,0.1944564012,normal_replay,Confidence-Clean
RUN_042,TRIAD_014,A05_Confidence-Clean_B600,R2,1385197443,1321237343,180,Det/images/normal_train/01199404.png,0,03,learnable_hard,0.770902454,0.115,0.1834882732,normal_replay,Confidence-Clean
RUN_042,TRIAD_014,A05_Confidence-Clean_B600,R2,1385197443,1321237343,181,Det/images/normal_train/00804425.png,0,09,learnable_hard,0.770845743,0.05,0.1567816543,normal_replay,Confidence-Clean
RUN_042,TRIAD_014,A05_Confidence-Clean_B600,R2,1385197443,1321237343,182,Det/images/normal_train/01095042.png,0,01,persistent_hard,0.7707796675,0.14,0.21493192,normal_replay,Confidence-Clean
RUN_042,TRIAD_014,A05_Confidence-Clean_B600,R2,1385197443,1321237343,183,Det/images/normal_train/00243836.png,0,06,persistent_hard,0.7701541572,0.11,0.1756105131,normal_replay,Confidence-Clean
RUN_042,TRIAD_014,A05_Confidence-Clean_B600,R2,1385197443,1321237343,184,Det/images/normal_train/00536665.png,0,02,persistent_hard,0.6679298282,0.025,0.0972973654,normal_replay,Confidence-Clean
RUN_042,TRIAD_014,A05_Confidence-Clean_B600,R2,1385197443,1321237343,185,Det/images/normal_train/01289482.png,0,01,persistent_hard,0.769418461,0.135,0.1914235502,normal_replay,Confidence-Clean
RUN_042,TRIAD_014,A05_Confidence-Clean_B600,R2,1385197443,1321237343,186,Det/images/normal_train/00827407.png,0,09,persistent_hard,0.7693144919,0.15,0.2101019211,normal_replay,Confidence-Clean
RUN_042,TRIAD_014,A05_Confidence-Clean_B600,R2,1385197443,1321237343,187,Det/images/normal_train/00248283.png,0,00,learnable_hard,0.7685341093,0.165,0.2439763994,normal_replay,Confidence-Clean
RUN_042,TRIAD_014,A05_Confidence-Clean_B600,R2,1385197443,1321237343,188,Det/images/normal_train/01211489.png,0,04,persistent_hard,0.7681333202,0.12,0.1703275769,normal_replay,Confidence-Clean
RUN_042,TRIAD_014,A05_Confidence-Clean_B600,R2,1385197443,1321237343,189,Det/images/normal_train/00913012.png,0,07,persistent_hard,0.767840869,0.13,0.1885211681,normal_replay,Confidence-Clean
RUN_042,TRIAD_014,A05_Confidence-Clean_B600,R2,1385197443,1321237343,190,Det/images/normal_train/00971236.png,0,02,learnable_hard,0.7676872719,0.22,0.2279028058,normal_replay,Confidence-Clean
RUN_042,TRIAD_014,A05_Confidence-Clean_B600,R2,1385197443,1321237343,191,Det/images/normal_train/00960125.png,0,02,learnable_hard,0.7670236284,0.1,0.1906179471,normal_replay,Confidence-Clean
RUN_042,TRIAD_014,A05_Confidence-Clean_B600,R2,1385197443,1321237343,192,Det/images/normal_train/00388098.png,0,00,learnable_hard,0.7665936431,0.045,0.1034058822,normal_replay,Confidence-Clean
RUN_042,TRIAD_014,A05_Confidence-Clean_B600,R2,1385197443,1321237343,193,Det/images/normal_train/00987614.png,0,05,learnable_hard,0.7661845435,0.16,0.2878554469,normal_replay,Confidence-Clean
RUN_042,TRIAD_014,A05_Confidence-Clean_B600,R2,1385197443,1321237343,194,Det/images/normal_train/00966637.png,0,07,learnable_hard,0.7661545955,0.11,0.1431949763,normal_replay,Confidence-Clean
RUN_042,TRIAD_014,A05_Confidence-Clean_B600,R2,1385197443,1321237343,195,Det/images/normal_train/00945248.png,0,08,learnable_hard,0.7661068852,0.08,0.2155333436,normal_replay,Confidence-Clean
RUN_042,TRIAD_014,A05_Confidence-Clean_B600,R2,1385197443,1321237343,196,Det/images/normal_train/00523264.png,0,00,learnable_hard,0.7660746987,0.095,0.1452965123,normal_replay,Confidence-Clean
RUN_042,TRIAD_014,A05_Confidence-Clean_B600,R2,1385197443,1321237343,197,Det/images/normal_train/00171706.png,0,02,learnable_hard,0.7660423022,0.09,0.1646099127,normal_replay,Confidence-Clean
RUN_042,TRIAD_014,A05_Confidence-Clean_B600,R2,1385197443,1321237343,198,Det/images/normal_train/00565643.png,0,04,learnable_hard,0.7652045904,0.11,0.1658997672,normal_replay,Confidence-Clean
RUN_042,TRIAD_014,A05_Confidence-Clean_B600,R2,1385197443,1321237343,199,Det/images/normal_train/00444707.png,0,02,persistent_hard,0.7650820383,0.175,0.222145325,normal_replay,Confidence-Clean
RUN_042,TRIAD_014,A05_Confidence-Clean_B600,R2,1385197443,1321237343,200,Det/images/normal_train/01221531.png,0,02,persistent_hard,0.7649197407,0.11,0.1556359062,normal_replay,Confidence-Clean
RUN_042,TRIAD_014,A05_Confidence-Clean_B600,R2,1385197443,1321237343,201,Det/images/normal_train/00903129.png,0,07,learnable_hard,0.680315874,0.315,0.2669625436,normal_replay,Confidence-Clean
RUN_042,TRIAD_014,A05_Confidence-Clean_B600,R2,1385197443,1321237343,202,Det/images/normal_train/00506984.png,0,09,persistent_hard,0.7646920304,0.005,0.0604036283,normal_replay,Confidence-Clean
RUN_042,TRIAD_014,A05_Confidence-Clean_B600,R2,1385197443,1321237343,203,Det/images/normal_train/01028580.png,0,06,learnable_hard,0.7646407882,0.185,0.2548330113,normal_replay,Confidence-Clean
RUN_042,TRIAD_014,A05_Confidence-Clean_B600,R2,1385197443,1321237343,204,Det/images/normal_train/00956661.png,0,06,learnable_hard,0.7646270242,0.085,0.1745960796,normal_replay,Confidence-Clean
RUN_042,TRIAD_014,A05_Confidence-Clean_B600,R2,1385197443,1321237343,205,Det/images/normal_train/00342181.png,0,02,learnable_hard,0.7646054064,0.04,0.1029311689,normal_replay,Confidence-Clean
RUN_042,TRIAD_014,A05_Confidence-Clean_B600,R2,1385197443,1321237343,206,Det/images/normal_train/00375365.png,0,04,persistent_hard,0.7641098117,0.175,0.2327084225,normal_replay,Confidence-Clean
RUN_042,TRIAD_014,A05_Confidence-Clean_B600,R2,1385197443,1321237343,207,Det/images/normal_train/00637755.png,0,05,learnable_hard,0.7636477358,0.145,0.2504181297,normal_replay,Confidence-Clean
RUN_042,TRIAD_014,A05_Confidence-Clean_B600,R2,1385197443,1321237343,208,Det/images/normal_train/00288104.png,0,07,learnable_hard,0.6734364443,0.105,0.1699824729,normal_replay,Confidence-Clean
RUN_042,TRIAD_014,A05_Confidence-Clean_B600,R2,1385197443,1321237343,209,Det/images/normal_train/00532576.png,0,07,persistent_hard,0.6921061076,0.14,0.1543360474,normal_replay,Confidence-Clean
RUN_042,TRIAD_014,A05_Confidence-Clean_B600,R2,1385197443,1321237343,210,Det/images/normal_train/00999403.png,0,08,learnable_hard,0.7632957767,0.045,0.123831717,normal_replay,Confidence-Clean
RUN_042,TRIAD_014,A05_Confidence-Clean_B600,R2,1385197443,1321237343,211,Det/images/normal_train/00546244.png,0,07,learnable_hard,0.6711707201,0.075,0.1443438033,normal_replay,Confidence-Clean
RUN_042,TRIAD_014,A05_Confidence-Clean_B600,R2,1385197443,1321237343,212,Det/images/normal_train/00153713.png,0,00,learnable_hard,0.7630297803,0.1,0.1678745993,normal_replay,Confidence-Clean
RUN_042,TRIAD_014,A05_Confidence-Clean_B600,R2,1385197443,1321237343,213,Det/images/normal_train/00587014.png,0,00,persistent_hard,0.7629650252,0.015,0.0815545957,normal_replay,Confidence-Clean
RUN_042,TRIAD_014,A05_Confidence-Clean_B600,R2,1385197443,1321237343,214,Det/images/normal_train/00182363.png,0,08,learnable_hard,0.7627682042,0.13,0.1602817829,normal_replay,Confidence-Clean
RUN_042,TRIAD_014,A05_Confidence-Clean_B600,R2,1385197443,1321237343,215,Det/images/normal_train/01075426.png,0,05,learnable_hard,0.7626293461,0.185,0.3015558387,normal_replay,Confidence-Clean
RUN_042,TRIAD_014,A05_Confidence-Clean_B600,R2,1385197443,1321237343,216,Det/images/normal_train/00642160.png,0,01,persistent_hard,0.7625817694,0.21,0.2356166742,normal_replay,Confidence-Clean
RUN_042,TRIAD_014,A05_Confidence-Clean_B600,R2,1385197443,1321237343,217,Det/images/normal_train/00661691.png,0,08,persistent_hard,0.762320753,0.11,0.2001951041,normal_replay,Confidence-Clean
RUN_042,TRIAD_014,A05_Confidence-Clean_B600,R2,1385197443,1321237343,218,Det/images/normal_train/00195039.png,0,08,learnable_hard,0.762300717,0.035,0.1092798618,normal_replay,Confidence-Clean
RUN_042,TRIAD_014,A05_Confidence-Clean_B600,R2,1385197443,1321237343,219,Det/images/normal_train/01075054.png,0,05,learnable_hard,0.7622381842,0.09,0.1724811679,normal_replay,Confidence-Clean
RUN_042,TRIAD_014,A05_Confidence-Clean_B600,R2,1385197443,1321237343,220,Det/images/normal_train/00913614.png,0,07,persistent_hard,0.6631653031,0.275,0.2547673031,normal_replay,Confidence-Clean
RUN_042,TRIAD_014,A05_Confidence-Clean_B600,R2,1385197443,1321237343,221,Det/images/normal_train/00936119.png,0,06,persistent_hard,0.7620551695,0.015,0.0844560646,normal_replay,Confidence-Clean
RUN_042,TRIAD_014,A05_Confidence-Clean_B600,R2,1385197443,1321237343,222,Det/images/normal_train/01026709.png,0,07,persistent_hard,0.761282814,0.105,0.1309212525,normal_replay,Confidence-Clean
RUN_042,TRIAD_014,A05_Confidence-Clean_B600,R2,1385197443,1321237343,223,Det/images/normal_train/00242825.png,0,01,persistent_hard,0.7611183044,0.0,0.076536079,normal_replay,Confidence-Clean
RUN_042,TRIAD_014,A05_Confidence-Clean_B600,R2,1385197443,1321237343,224,Det/images/normal_train/00332813.png,0,00,learnable_hard,0.7611040743,0.14,0.2301890438,normal_replay,Confidence-Clean
RUN_042,TRIAD_014,A05_Confidence-Clean_B600,R2,1385197443,1321237343,225,Det/images/normal_train/00532844.png,0,07,learnable_hard,0.6558546211,0.225,0.2939297759,normal_replay,Confidence-Clean
RUN_042,TRIAD_014,A05_Confidence-Clean_B600,R2,1385197443,1321237343,226,Det/images/normal_train/00618874.png,0,04,learnable_hard,0.7606521751,0.09,0.1439822556,normal_replay,Confidence-Clean
RUN_042,TRIAD_014,A05_Confidence-Clean_B600,R2,1385197443,1321237343,227,Det/images/normal_train/00282076.png,0,04,learnable_hard,0.7604352622,0.215,0.3238292078,normal_replay,Confidence-Clean
RUN_042,TRIAD_014,A05_Confidence-Clean_B600,R2,1385197443,1321237343,228,Det/images/normal_train/00963491.png,0,05,learnable_hard,0.7601510453,0.08,0.1614228555,normal_replay,Confidence-Clean
RUN_042,TRIAD_014,A05_Confidence-Clean_B600,R2,1385197443,1321237343,229,Det/images/normal_train/00885868.png,0,04,learnable_hard,0.759894655,0.065,0.1388958767,normal_replay,Confidence-Clean
RUN_042,TRIAD_014,A05_Confidence-Clean_B600,R2,1385197443,1321237343,230,Det/images/normal_train/01032188.png,0,02,learnable_hard,0.7598516649,0.235,0.2804434407,normal_replay,Confidence-Clean
RUN_042,TRIAD_014,A05_Confidence-Clean_B600,R2,1385197443,1321237343,231,Det/images/normal_train/01030566.png,0,04,persistent_hard,0.7591303135,0.125,0.1649370147,normal_replay,Confidence-Clean
RUN_042,TRIAD_014,A05_Confidence-Clean_B600,R2,1385197443,1321237343,232,Det/images/normal_train/01027267.png,0,08,learnable_hard,0.7587020221,0.125,0.2195979164,normal_replay,Confidence-Clean
RUN_042,TRIAD_014,A05_Confidence-Clean_B600,R2,1385197443,1321237343,233,Det/images/normal_train/01190489.png,0,02,persistent_hard,0.7584528795,0.2,0.2161458824,normal_replay,Confidence-Clean
RUN_042,TRIAD_014,A05_Confidence-Clean_B600,R2,1385197443,1321237343,234,Det/images/normal_train/00531016.png,0,04,learnable_hard,0.7584481204,0.05,0.0887385443,normal_replay,Confidence-Clean
RUN_042,TRIAD_014,A05_Confidence-Clean_B600,R2,1385197443,1321237343,235,Det/images/normal_train/00964344.png,0,05,persistent_hard,0.7582337524,0.005,0.0869628151,normal_replay,Confidence-Clean
RUN_042,TRIAD_014,A05_Confidence-Clean_B600,R2,1385197443,1321237343,236,Det/images/normal_train/00701171.png,0,03,persistent_hard,0.7576618092,0.105,0.1641564245,normal_replay,Confidence-Clean
RUN_042,TRIAD_014,A05_Confidence-Clean_B600,R2,1385197443,1321237343,237,Det/images/normal_train/00414899.png,0,05,learnable_hard,0.7568138412,0.03,0.1203250828,normal_replay,Confidence-Clean
RUN_042,TRIAD_014,A05_Confidence-Clean_B600,R2,1385197443,1321237343,238,Det/images/normal_train/01035546.png,0,01,learnable_hard,0.7567752078,0.01,0.1058966195,normal_replay,Confidence-Clean
RUN_042,TRIAD_014,A05_Confidence-Clean_B600,R2,1385197443,1321237343,239,Det/images/normal_train/01289089.png,0,01,learnable_hard,0.7567402875,0.025,0.1169642886,normal_replay,Confidence-Clean
RUN_042,TRIAD_014,A05_Confidence-Clean_B600,R2,1385197443,1321237343,240,Det/images/normal_train/00624042.png,0,08,persistent_hard,0.6899881431,0.21,0.2036140051,normal_replay,Confidence-Clean
RUN_042,TRIAD_014,A05_Confidence-Clean_B600,R2,1385197443,1321237343,241,Det/images/normal_train/00765801.png,0,08,learnable_hard,0.664370947,0.285,0.2234913624,normal_replay,Confidence-Clean
RUN_042,TRIAD_014,A05_Confidence-Clean_B600,R2,1385197443,1321237343,242,Det/images/normal_train/00921914.png,0,02,learnable_hard,0.7559531291,0.045,0.1042663032,normal_replay,Confidence-Clean
RUN_042,TRIAD_014,A05_Confidence-Clean_B600,R2,1385197443,1321237343,243,Det/images/normal_train/01071211.png,0,04,learnable_hard,0.7554075442,0.055,0.1290819537,normal_replay,Confidence-Clean
RUN_042,TRIAD_014,A05_Confidence-Clean_B600,R2,1385197443,1321237343,244,Det/images/normal_train/01046890.png,0,03,learnable_hard,0.75529978,0.175,0.2435210499,normal_replay,Confidence-Clean
RUN_042,TRIAD_014,A05_Confidence-Clean_B600,R2,1385197443,1321237343,245,Det/images/normal_train/01144117.png,0,05,learnable_hard,0.7552901411,0.145,0.2522269133,normal_replay,Confidence-Clean
RUN_042,TRIAD_014,A05_Confidence-Clean_B600,R2,1385197443,1321237343,246,Det/images/normal_train/00904383.png,0,06,persistent_hard,0.7550587858,0.22,0.2193327143,normal_replay,Confidence-Clean
RUN_042,TRIAD_014,A05_Confidence-Clean_B600,R2,1385197443,1321237343,247,Det/images/normal_train/00743694.png,0,02,learnable_hard,0.7548650606,0.075,0.113678332,normal_replay,Confidence-Clean
RUN_042,TRIAD_014,A05_Confidence-Clean_B600,R2,1385197443,1321237343,248,Det/images/normal_train/01270997.png,0,05,persistent_hard,0.7547674194,0.105,0.1795659324,normal_replay,Confidence-Clean
RUN_042,TRIAD_014,A05_Confidence-Clean_B600,R2,1385197443,1321237343,249,Det/images/normal_train/00755999.png,0,05,learnable_hard,0.754608127,0.085,0.1704797241,normal_replay,Confidence-Clean
RUN_042,TRIAD_014,A05_Confidence-Clean_B600,R2,1385197443,1321237343,250,Det/images/normal_train/00968026.png,0,09,persistent_hard,0.7542533617,0.035,0.095278781,normal_replay,Confidence-Clean
RUN_042,TRIAD_014,A05_Confidence-Clean_B600,R2,1385197443,1321237343,251,Det/images/normal_train/01248015.png,0,06,learnable_hard,0.7541651431,0.085,0.1132800874,normal_replay,Confidence-Clean
RUN_042,TRIAD_014,A05_Confidence-Clean_B600,R2,1385197443,1321237343,252,Det/images/normal_train/00509373.png,0,08,persistent_hard,0.7539654338,0.0,0.0884550684,normal_replay,Confidence-Clean
RUN_042,TRIAD_014,A05_Confidence-Clean_B600,R2,1385197443,1321237343,253,Det/images/normal_train/00382051.png,0,00,learnable_hard,0.7539430711,0.2,0.344410282,normal_replay,Confidence-Clean
RUN_042,TRIAD_014,A05_Confidence-Clean_B600,R2,1385197443,1321237343,254,Det/images/normal_train/01073656.png,0,07,learnable_hard,0.7539347138,0.13,0.2050968064,normal_replay,Confidence-Clean
RUN_042,TRIAD_014,A05_Confidence-Clean_B600,R2,1385197443,1321237343,255,Det/images/normal_train/00752762.png,0,08,persistent_hard,0.7537103702,0.03,0.1027887846,normal_replay,Confidence-Clean
RUN_042,TRIAD_014,A05_Confidence-Clean_B600,R2,1385197443,1321237343,256,Det/images/normal_train/00375381.png,0,04,persistent_hard,0.7536302677,0.18,0.2316222719,normal_replay,Confidence-Clean
RUN_042,TRIAD_014,A05_Confidence-Clean_B600,R2,1385197443,1321237343,257,Det/images/normal_train/00732719.png,0,04,persistent_hard,0.7533235654,0.015,0.0866604964,normal_replay,Confidence-Clean
RUN_042,TRIAD_014,A05_Confidence-Clean_B600,R2,1385197443,1321237343,258,Det/images/normal_train/01163937.png,0,08,learnable_hard,0.7531976961,0.04,0.1113340871,normal_replay,Confidence-Clean
RUN_042,TRIAD_014,A05_Confidence-Clean_B600,R2,1385197443,1321237343,259,Det/images/normal_train/01049822.png,0,08,learnable_hard,0.7531898852,0.155,0.1964162853,normal_replay,Confidence-Clean
RUN_042,TRIAD_014,A05_Confidence-Clean_B600,R2,1385197443,1321237343,260,Det/images/normal_train/00976925.png,0,04,learnable_hard,0.7528491949,0.05,0.1123634228,normal_replay,Confidence-Clean
RUN_042,TRIAD_014,A05_Confidence-Clean_B600,R2,1385197443,1321237343,261,Det/images/normal_train/00378458.png,0,05,persistent_hard,0.7527336462,0.025,0.1176335055,normal_replay,Confidence-Clean
RUN_042,TRIAD_014,A05_Confidence-Clean_B600,R2,1385197443,1321237343,262,Det/images/normal_train/00655802.png,0,08,persistent_hard,0.752621555,0.02,0.0792564243,normal_replay,Confidence-Clean
RUN_042,TRIAD_014,A05_Confidence-Clean_B600,R2,1385197443,1321237343,263,Det/images/normal_train/00379784.png,0,02,persistent_hard,0.7524346708,0.01,0.1049695557,normal_replay,Confidence-Clean
RUN_042,TRIAD_014,A05_Confidence-Clean_B600,R2,1385197443,1321237343,264,Det/images/normal_train/01131044.png,0,01,persistent_hard,0.751654036,0.0,0.0680896157,normal_replay,Confidence-Clean
RUN_042,TRIAD_014,A05_Confidence-Clean_B600,R2,1385197443,1321237343,265,Det/images/normal_train/00964055.png,0,05,learnable_hard,0.751589144,0.05,0.1378607385,normal_replay,Confidence-Clean
RUN_042,TRIAD_014,A05_Confidence-Clean_B600,R2,1385197443,1321237343,266,Det/images/normal_train/00404971.png,0,09,learnable_hard,0.7511736849,0.105,0.1646568171,normal_replay,Confidence-Clean
RUN_042,TRIAD_014,A05_Confidence-Clean_B600,R2,1385197443,1321237343,267,Det/images/normal_train/00553002.png,0,04,learnable_hard,0.7510407577,0.11,0.1990495586,normal_replay,Confidence-Clean
RUN_042,TRIAD_014,A05_Confidence-Clean_B600,R2,1385197443,1321237343,268,Det/images/normal_train/00931039.png,0,02,persistent_hard,0.751036151,0.12,0.1851302536,normal_replay,Confidence-Clean
RUN_042,TRIAD_014,A05_Confidence-Clean_B600,R2,1385197443,1321237343,269,Det/images/normal_train/01009022.png,0,07,persistent_hard,0.7509213948,0.005,0.0732109292,normal_replay,Confidence-Clean
RUN_042,TRIAD_014,A05_Confidence-Clean_B600,R2,1385197443,1321237343,270,Det/images/normal_train/00512711.png,0,05,learnable_hard,0.7506017846,0.075,0.1663272223,normal_replay,Confidence-Clean
RUN_042,TRIAD_014,A05_Confidence-Clean_B600,R2,1385197443,1321237343,271,Det/images/normal_train/00425093.png,0,02,learnable_hard,0.7505213666,0.18,0.3158376514,normal_replay,Confidence-Clean
RUN_042,TRIAD_014,A05_Confidence-Clean_B600,R2,1385197443,1321237343,272,Det/images/normal_train/00205191.png,0,08,persistent_hard,0.7504724172,0.21,0.248050354,normal_replay,Confidence-Clean
RUN_042,TRIAD_014,A05_Confidence-Clean_B600,R2,1385197443,1321237343,273,Det/images/normal_train/00686753.png,0,08,learnable_hard,0.7504535985,0.08,0.1793790953,normal_replay,Confidence-Clean
RUN_042,TRIAD_014,A05_Confidence-Clean_B600,R2,1385197443,1321237343,274,Det/images/normal_train/00809407.png,0,05,persistent_hard,0.7501155557,0.135,0.1942555289,normal_replay,Confidence-Clean
RUN_042,TRIAD_014,A05_Confidence-Clean_B600,R2,1385197443,1321237343,275,Det/images/normal_train/00233029.png,0,03,persistent_hard,0.7499103153,0.0,0.0833777407,normal_replay,Confidence-Clean
RUN_042,TRIAD_014,A05_Confidence-Clean_B600,R2,1385197443,1321237343,276,Det/images/normal_train/00979692.png,0,05,learnable_hard,0.7497914755,0.12,0.229239568,normal_replay,Confidence-Clean
RUN_042,TRIAD_014,A05_Confidence-Clean_B600,R2,1385197443,1321237343,277,Det/images/normal_train/00164873.png,0,06,learnable_hard,0.749780873,0.045,0.134761469,normal_replay,Confidence-Clean
RUN_042,TRIAD_014,A05_Confidence-Clean_B600,R2,1385197443,1321237343,278,Det/images/normal_train/00786533.png,0,03,learnable_hard,0.7497594468,0.055,0.1212014588,normal_replay,Confidence-Clean
RUN_042,TRIAD_014,A05_Confidence-Clean_B600,R2,1385197443,1321237343,279,Det/images/normal_train/00804320.png,0,09,persistent_hard,0.695398851,0.13,0.176535949,normal_replay,Confidence-Clean
RUN_042,TRIAD_014,A05_Confidence-Clean_B600,R2,1385197443,1321237343,280,Det/images/normal_train/00574659.png,0,03,persistent_hard,0.7495387913,0.13,0.1948442905,normal_replay,Confidence-Clean
RUN_042,TRIAD_014,A05_Confidence-Clean_B600,R2,1385197443,1321237343,281,Det/images/normal_train/00854533.png,0,09,persistent_hard,0.6773964344,0.07,0.1395290926,normal_replay,Confidence-Clean
RUN_042,TRIAD_014,A05_Confidence-Clean_B600,R2,1385197443,1321237343,282,Det/images/normal_train/00672501.png,0,09,learnable_hard,0.6870496657,0.26,0.2715603635,normal_replay,Confidence-Clean
RUN_042,TRIAD_014,A05_Confidence-Clean_B600,R2,1385197443,1321237343,283,Det/images/normal_train/00762406.png,0,06,persistent_hard,0.7490075472,0.06,0.1296002394,normal_replay,Confidence-Clean
RUN_042,TRIAD_014,A05_Confidence-Clean_B600,R2,1385197443,1321237343,284,Det/images/normal_train/00311266.png,0,01,persistent_hard,0.7487919738,0.17,0.2143283604,normal_replay,Confidence-Clean
RUN_042,TRIAD_014,A05_Confidence-Clean_B600,R2,1385197443,1321237343,285,Det/images/normal_train/00584444.png,0,05,learnable_hard,0.7486309697,0.15,0.1661629542,normal_replay,Confidence-Clean
RUN_042,TRIAD_014,A05_Confidence-Clean_B600,R2,1385197443,1321237343,286,Det/images/normal_train/00713215.png,0,06,learnable_hard,0.7484468299,0.17,0.2502872379,normal_replay,Confidence-Clean
RUN_042,TRIAD_014,A05_Confidence-Clean_B600,R2,1385197443,1321237343,287,Det/images/normal_train/00375366.png,0,04,persistent_hard,0.7484222014,0.13,0.223903432,normal_replay,Confidence-Clean
RUN_042,TRIAD_014,A05_Confidence-Clean_B600,R2,1385197443,1321237343,288,Det/images/normal_train/00950013.png,0,01,learnable_hard,0.7484003852,0.06,0.1235077314,normal_replay,Confidence-Clean
RUN_042,TRIAD_014,A05_Confidence-Clean_B600,R2,1385197443,1321237343,289,Det/images/normal_train/00843327.png,0,06,persistent_hard,0.7481666705,0.035,0.0999575432,normal_replay,Confidence-Clean
RUN_042,TRIAD_014,A05_Confidence-Clean_B600,R2,1385197443,1321237343,290,Det/images/normal_train/01004796.png,0,07,learnable_hard,0.7477061209,0.045,0.1158331729,normal_replay,Confidence-Clean
RUN_042,TRIAD_014,A05_Confidence-Clean_B600,R2,1385197443,1321237343,291,Det/images/normal_train/01148675.png,0,04,learnable_hard,0.7475841692,0.08,0.1642655849,normal_replay,Confidence-Clean
RUN_042,TRIAD_014,A05_Confidence-Clean_B600,R2,1385197443,1321237343,292,Det/images/normal_train/00605102.png,0,01,learnable_hard,0.7474954318,0.09,0.1223527644,normal_replay,Confidence-Clean
RUN_042,TRIAD_014,A05_Confidence-Clean_B600,R2,1385197443,1321237343,293,Det/images/normal_train/00735391.png,0,07,learnable_hard,0.7471117885,0.115,0.1616679607,normal_replay,Confidence-Clean
RUN_042,TRIAD_014,A05_Confidence-Clean_B600,R2,1385197443,1321237343,294,Det/images/normal_train/00919382.png,0,04,learnable_hard,0.7467974088,0.155,0.2048061359,normal_replay,Confidence-Clean
RUN_042,TRIAD_014,A05_Confidence-Clean_B600,R2,1385197443,1321237343,295,Det/images/normal_train/00658483.png,0,02,persistent_hard,0.7466366945,0.01,0.1104377113,normal_replay,Confidence-Clean
RUN_042,TRIAD_014,A05_Confidence-Clean_B600,R2,1385197443,1321237343,296,Det/images/normal_train/01221882.png,0,02,persistent_hard,0.7466298156,0.25,0.2311880536,normal_replay,Confidence-Clean
RUN_042,TRIAD_014,A05_Confidence-Clean_B600,R2,1385197443,1321237343,297,Det/images/normal_train/00283548.png,0,03,learnable_hard,0.74639709,0.065,0.1569591941,normal_replay,Confidence-Clean
RUN_042,TRIAD_014,A05_Confidence-Clean_B600,R2,1385197443,1321237343,298,Det/images/normal_train/01115512.png,0,00,learnable_hard,0.7463158166,0.135,0.2635835315,normal_replay,Confidence-Clean
RUN_042,TRIAD_014,A05_Confidence-Clean_B600,R2,1385197443,1321237343,299,Det/images/normal_train/00858509.png,0,01,persistent_hard,0.7463099219,0.12,0.1538171224,normal_replay,Confidence-Clean
RUN_042,TRIAD_014,A05_Confidence-Clean_B600,R2,1385197443,1321237343,300,Det/images/normal_train/00696764.png,0,03,persistent_hard,0.7459871208,0.3,0.2577680028,normal_replay,Confidence-Clean
RUN_042,TRIAD_014,A05_Confidence-Clean_B600,R2,1385197443,1321237343,301,Det/images/normal_train/00585749.png,0,05,learnable_hard,0.7454047287,0.16,0.208123495,normal_replay,Confidence-Clean
RUN_042,TRIAD_014,A05_Confidence-Clean_B600,R2,1385197443,1321237343,302,Det/images/normal_train/01246912.png,0,01,persistent_hard,0.7448961401,0.035,0.1082445787,normal_replay,Confidence-Clean
RUN_042,TRIAD_014,A05_Confidence-Clean_B600,R2,1385197443,1321237343,303,Det/images/normal_train/00733218.png,0,07,learnable_hard,0.7447796237,0.1,0.1588274001,normal_replay,Confidence-Clean
RUN_042,TRIAD_014,A05_Confidence-Clean_B600,R2,1385197443,1321237343,304,Det/images/normal_train/00325854.png,0,00,learnable_hard,0.7447623523,0.085,0.1596961438,normal_replay,Confidence-Clean
RUN_042,TRIAD_014,A05_Confidence-Clean_B600,R2,1385197443,1321237343,305,Det/images/normal_train/01079892.png,0,02,persistent_hard,0.7446847251,0.035,0.1132410038,normal_replay,Confidence-Clean
RUN_042,TRIAD_014,A05_Confidence-Clean_B600,R2,1385197443,1321237343,306,Det/images/normal_train/00857701.png,0,01,learnable_hard,0.7443620437,0.075,0.1254162877,normal_replay,Confidence-Clean
RUN_042,TRIAD_014,A05_Confidence-Clean_B600,R2,1385197443,1321237343,307,Det/images/normal_train/00407148.png,0,00,persistent_hard,0.7439698088,0.015,0.1031641836,normal_replay,Confidence-Clean
RUN_042,TRIAD_014,A05_Confidence-Clean_B600,R2,1385197443,1321237343,308,Det/images/normal_train/00805494.png,0,07,persistent_hard,0.7436207418,0.12,0.1908778778,normal_replay,Confidence-Clean
RUN_042,TRIAD_014,A05_Confidence-Clean_B600,R2,1385197443,1321237343,309,Det/images/normal_train/01243765.png,0,00,learnable_hard,0.7435583931,0.19,0.2963247112,normal_replay,Confidence-Clean
RUN_042,TRIAD_014,A05_Confidence-Clean_B600,R2,1385197443,1321237343,310,Det/images/normal_train/01281702.png,0,05,learnable_hard,0.6839984132,0.245,0.2417652023,normal_replay,Confidence-Clean
RUN_042,TRIAD_014,A05_Confidence-Clean_B600,R2,1385197443,1321237343,311,Det/images/normal_train/01281566.png,0,05,learnable_hard,0.6712160073,0.205,0.2321999408,normal_replay,Confidence-Clean
RUN_042,TRIAD_014,A05_Confidence-Clean_B600,R2,1385197443,1321237343,312,Det/images/normal_train/01166722.png,0,08,learnable_hard,0.7430860064,0.145,0.1992464884,normal_replay,Confidence-Clean
RUN_042,TRIAD_014,A05_Confidence-Clean_B600,R2,1385197443,1321237343,313,Det/images/normal_train/00556928.png,0,04,persistent_hard,0.7430851197,0.035,0.1160696936,normal_replay,Confidence-Clean
RUN_042,TRIAD_014,A05_Confidence-Clean_B600,R2,1385197443,1321237343,314,Det/images/normal_train/00958104.png,0,05,learnable_hard,0.6865517769,0.16,0.1815268598,normal_replay,Confidence-Clean
RUN_042,TRIAD_014,A05_Confidence-Clean_B600,R2,1385197443,1321237343,315,Det/images/normal_train/01175768.png,0,05,learnable_hard,0.691802307,0.125,0.1954133709,normal_replay,Confidence-Clean
RUN_042,TRIAD_014,A05_Confidence-Clean_B600,R2,1385197443,1321237343,316,Det/images/normal_train/00909250.png,0,00,learnable_hard,0.74246376,0.08,0.1601029852,normal_replay,Confidence-Clean
RUN_042,TRIAD_014,A05_Confidence-Clean_B600,R2,1385197443,1321237343,317,Det/images/normal_train/01247047.png,0,02,persistent_hard,0.7423708665,0.015,0.1107934027,normal_replay,Confidence-Clean
RUN_042,TRIAD_014,A05_Confidence-Clean_B600,R2,1385197443,1321237343,318,Det/images/normal_train/00426397.png,0,00,learnable_hard,0.7423126983,0.235,0.2323628781,normal_replay,Confidence-Clean
RUN_042,TRIAD_014,A05_Confidence-Clean_B600,R2,1385197443,1321237343,319,Det/images/normal_train/00414936.png,0,05,persistent_hard,0.7420210463,0.01,0.0500796257,normal_replay,Confidence-Clean
RUN_042,TRIAD_014,A05_Confidence-Clean_B600,R2,1385197443,1321237343,320,Det/images/normal_train/00613909.png,0,06,persistent_hard,0.7417478479,0.005,0.0676970264,normal_replay,Confidence-Clean
RUN_042,TRIAD_014,A05_Confidence-Clean_B600,R2,1385197443,1321237343,321,Det/images/normal_train/00583748.png,0,03,persistent_hard,0.7412173496,0.005,0.0981222125,normal_replay,Confidence-Clean
RUN_042,TRIAD_014,A05_Confidence-Clean_B600,R2,1385197443,1321237343,322,Det/images/normal_train/00870789.png,0,08,persistent_hard,0.7410574412,0.025,0.1015454621,normal_replay,Confidence-Clean
RUN_042,TRIAD_014,A05_Confidence-Clean_B600,R2,1385197443,1321237343,323,Det/images/normal_train/01107599.png,0,09,persistent_hard,0.740761773,0.035,0.0942157711,normal_replay,Confidence-Clean
RUN_042,TRIAD_014,A05_Confidence-Clean_B600,R2,1385197443,1321237343,324,Det/images/normal_train/00148615.png,0,03,persistent_hard,0.7407516076,0.035,0.129862361,normal_replay,Confidence-Clean
RUN_042,TRIAD_014,A05_Confidence-Clean_B600,R2,1385197443,1321237343,325,Det/images/normal_train/00576887.png,0,04,persistent_hard,0.7402737282,0.01,0.0865268166,normal_replay,Confidence-Clean
RUN_042,TRIAD_014,A05_Confidence-Clean_B600,R2,1385197443,1321237343,326,Det/images/normal_train/00899370.png,0,00,persistent_hard,0.7401302543,0.005,0.1004288743,normal_replay,Confidence-Clean
RUN_042,TRIAD_014,A05_Confidence-Clean_B600,R2,1385197443,1321237343,327,Det/images/normal_train/00178210.png,0,02,persistent_hard,0.7396771936,0.235,0.2176554952,normal_replay,Confidence-Clean
RUN_042,TRIAD_014,A05_Confidence-Clean_B600,R2,1385197443,1321237343,328,Det/images/normal_train/00444481.png,0,02,persistent_hard,0.739236573,0.24,0.2266495417,normal_replay,Confidence-Clean
RUN_042,TRIAD_014,A05_Confidence-Clean_B600,R2,1385197443,1321237343,329,Det/images/normal_train/01119026.png,0,01,persistent_hard,0.7382322854,0.175,0.2052702458,normal_replay,Confidence-Clean
RUN_042,TRIAD_014,A05_Confidence-Clean_B600,R2,1385197443,1321237343,330,Det/images/normal_train/00163190.png,0,08,learnable_hard,0.7379968655,0.205,0.2038856744,normal_replay,Confidence-Clean
RUN_042,TRIAD_014,A05_Confidence-Clean_B600,R2,1385197443,1321237343,331,Det/images/normal_train/00663772.png,0,08,persistent_hard,0.7378013062,0.0,0.0835978022,normal_replay,Confidence-Clean
RUN_042,TRIAD_014,A05_Confidence-Clean_B600,R2,1385197443,1321237343,332,Det/images/normal_train/00663027.png,0,08,persistent_hard,0.7377965955,0.03,0.0871926949,normal_replay,Confidence-Clean
RUN_042,TRIAD_014,A05_Confidence-Clean_B600,R2,1385197443,1321237343,333,Det/images/normal_train/01085799.png,0,07,persistent_hard,0.737491484,0.015,0.1018559093,normal_replay,Confidence-Clean
RUN_042,TRIAD_014,A05_Confidence-Clean_B600,R2,1385197443,1321237343,334,Det/images/normal_train/01027888.png,0,08,learnable_hard,0.7374709455,0.075,0.1565171191,normal_replay,Confidence-Clean
RUN_042,TRIAD_014,A05_Confidence-Clean_B600,R2,1385197443,1321237343,335,Det/images/normal_train/00315375.png,0,03,learnable_hard,0.7373538991,0.11,0.1684786068,normal_replay,Confidence-Clean
RUN_042,TRIAD_014,A05_Confidence-Clean_B600,R2,1385197443,1321237343,336,Det/images/normal_train/00406825.png,0,03,persistent_hard,0.7373140658,0.155,0.1937869695,normal_replay,Confidence-Clean
RUN_042,TRIAD_014,A05_Confidence-Clean_B600,R2,1385197443,1321237343,337,Det/images/normal_train/00777784.png,0,08,persistent_hard,0.7372990812,0.08,0.1312507418,normal_replay,Confidence-Clean
RUN_042,TRIAD_014,A05_Confidence-Clean_B600,R2,1385197443,1321237343,338,Det/images/normal_train/00278484.png,0,00,persistent_hard,0.7372604924,0.24,0.2504785326,normal_replay,Confidence-Clean
RUN_042,TRIAD_014,A05_Confidence-Clean_B600,R2,1385197443,1321237343,339,Det/images/normal_train/00375118.png,0,04,persistent_hard,0.737180604,0.005,0.1004422347,normal_replay,Confidence-Clean
RUN_042,TRIAD_014,A05_Confidence-Clean_B600,R2,1385197443,1321237343,340,Det/images/normal_train/00674364.png,0,05,persistent_hard,0.737121534,0.015,0.0917607562,normal_replay,Confidence-Clean
RUN_042,TRIAD_014,A05_Confidence-Clean_B600,R2,1385197443,1321237343,341,Det/images/normal_train/01166366.png,0,08,persistent_hard,0.7366320295,0.28,0.2437624412,normal_replay,Confidence-Clean
RUN_042,TRIAD_014,A05_Confidence-Clean_B600,R2,1385197443,1321237343,342,Det/images/normal_train/01154994.png,0,01,persistent_hard,0.7365734927,0.01,0.0811651085,normal_replay,Confidence-Clean
RUN_042,TRIAD_014,A05_Confidence-Clean_B600,R2,1385197443,1321237343,343,Det/images/normal_train/01291504.png,0,07,learnable_hard,0.73644003,0.185,0.2345416792,normal_replay,Confidence-Clean
RUN_042,TRIAD_014,A05_Confidence-Clean_B600,R2,1385197443,1321237343,344,Det/images/normal_train/01147930.png,0,07,persistent_hard,0.7363644887,0.02,0.0747161206,normal_replay,Confidence-Clean
RUN_042,TRIAD_014,A05_Confidence-Clean_B600,R2,1385197443,1321237343,345,Det/images/normal_train/00284577.png,0,01,persistent_hard,0.736264594,0.22,0.2798247172,normal_replay,Confidence-Clean
RUN_042,TRIAD_014,A05_Confidence-Clean_B600,R2,1385197443,1321237343,346,Det/images/normal_train/00700547.png,0,09,persistent_hard,0.735605853,0.16,0.1818884848,normal_replay,Confidence-Clean
RUN_042,TRIAD_014,A05_Confidence-Clean_B600,R2,1385197443,1321237343,347,Det/images/normal_train/01206132.png,0,05,learnable_hard,0.7346664226,0.055,0.1216205011,normal_replay,Confidence-Clean
RUN_042,TRIAD_014,A05_Confidence-Clean_B600,R2,1385197443,1321237343,348,Det/images/normal_train/00610417.png,0,05,learnable_hard,0.7345979596,0.155,0.2713909991,normal_replay,Confidence-Clean
RUN_042,TRIAD_014,A05_Confidence-Clean_B600,R2,1385197443,1321237343,349,Det/images/normal_train/00933846.png,0,03,learnable_hard,0.7344345131,0.02,0.1018179709,normal_replay,Confidence-Clean
RUN_042,TRIAD_014,A05_Confidence-Clean_B600,R2,1385197443,1321237343,350,Det/images/normal_train/01215465.png,0,02,persistent_hard,0.7342666472,0.19,0.2245439118,normal_replay,Confidence-Clean
RUN_042,TRIAD_014,A05_Confidence-Clean_B600,R2,1385197443,1321237343,351,Det/images/normal_train/00784436.png,0,00,persistent_hard,0.7338890043,0.175,0.2189382296,normal_replay,Confidence-Clean
RUN_042,TRIAD_014,A05_Confidence-Clean_B600,R2,1385197443,1321237343,352,Det/images/normal_train/00976031.png,0,04,persistent_hard,0.7337848289,0.275,0.2390978255,normal_replay,Confidence-Clean
RUN_042,TRIAD_014,A05_Confidence-Clean_B600,R2,1385197443,1321237343,353,Det/images/normal_train/01229364.png,0,00,persistent_hard,0.7337108319,0.015,0.0846309742,normal_replay,Confidence-Clean
RUN_042,TRIAD_014,A05_Confidence-Clean_B600,R2,1385197443,1321237343,354,Det/images/normal_train/01001197.png,0,05,learnable_hard,0.7335708534,0.155,0.1850867822,normal_replay,Confidence-Clean
RUN_042,TRIAD_014,A05_Confidence-Clean_B600,R2,1385197443,1321237343,355,Det/images/normal_train/00329984.png,0,03,learnable_hard,0.7335230456,0.18,0.2406935827,normal_replay,Confidence-Clean
RUN_042,TRIAD_014,A05_Confidence-Clean_B600,R2,1385197443,1321237343,356,Det/images/normal_train/00800547.png,0,05,persistent_hard,0.7333473235,0.115,0.2058138287,normal_replay,Confidence-Clean
RUN_042,TRIAD_014,A05_Confidence-Clean_B600,R2,1385197443,1321237343,357,Det/images/normal_train/01080639.png,0,03,persistent_hard,0.7332149887,0.04,0.1370767304,normal_replay,Confidence-Clean
RUN_042,TRIAD_014,A05_Confidence-Clean_B600,R2,1385197443,1321237343,358,Det/images/normal_train/01232028.png,0,09,learnable_hard,0.7331472237,0.085,0.140347779,normal_replay,Confidence-Clean
RUN_042,TRIAD_014,A05_Confidence-Clean_B600,R2,1385197443,1321237343,359,Det/images/normal_train/00968656.png,0,09,persistent_hard,0.7328265139,0.16,0.1871055086,normal_replay,Confidence-Clean
RUN_042,TRIAD_014,A05_Confidence-Clean_B600,R2,1385197443,1321237343,360,Det/images/normal_train/01170037.png,0,09,persistent_hard,0.7328225848,0.035,0.1034127398,normal_replay,Confidence-Clean
RUN_042,TRIAD_014,A05_Confidence-Clean_B600,R2,1385197443,1321237343,361,Det/images/normal_train/00245261.png,0,08,learnable_hard,0.7327644281,0.21,0.2649503731,normal_replay,Confidence-Clean
RUN_042,TRIAD_014,A05_Confidence-Clean_B600,R2,1385197443,1321237343,362,Det/images/normal_train/00979791.png,0,05,persistent_hard,0.7327576147,0.005,0.0957904326,normal_replay,Confidence-Clean
RUN_042,TRIAD_014,A05_Confidence-Clean_B600,R2,1385197443,1321237343,363,Det/images/normal_train/00703777.png,0,01,persistent_hard,0.6939459942,0.105,0.1758710459,normal_replay,Confidence-Clean
RUN_042,TRIAD_014,A05_Confidence-Clean_B600,R2,1385197443,1321237343,364,Det/images/normal_train/00375239.png,0,04,persistent_hard,0.7323979819,0.32,0.2595105582,normal_replay,Confidence-Clean
RUN_042,TRIAD_014,A05_Confidence-Clean_B600,R2,1385197443,1321237343,365,Det/images/normal_train/00354605.png,0,00,persistent_hard,0.7321824637,0.01,0.1331489982,normal_replay,Confidence-Clean
RUN_042,TRIAD_014,A05_Confidence-Clean_B600,R2,1385197443,1321237343,366,Det/images/normal_train/00747150.png,0,06,persistent_hard,0.7318716843,0.22,0.231821913,normal_replay,Confidence-Clean
RUN_042,TRIAD_014,A05_Confidence-Clean_B600,R2,1385197443,1321237343,367,Det/images/normal_train/00258112.png,0,02,persistent_hard,0.7317565596,0.0,0.0835384679,normal_replay,Confidence-Clean
RUN_042,TRIAD_014,A05_Confidence-Clean_B600,R2,1385197443,1321237343,368,Det/images/normal_train/00317538.png,0,04,persistent_hard,0.7317564058,0.135,0.1784373052,normal_replay,Confidence-Clean
RUN_042,TRIAD_014,A05_Confidence-Clean_B600,R2,1385197443,1321237343,369,Det/images/normal_train/00808733.png,0,03,learnable_hard,0.7317385839,0.215,0.3288100458,normal_replay,Confidence-Clean
RUN_042,TRIAD_014,A05_Confidence-Clean_B600,R2,1385197443,1321237343,370,Det/images/normal_train/01266280.png,0,01,learnable_hard,0.6663136759,0.16,0.1738355468,normal_replay,Confidence-Clean
RUN_042,TRIAD_014,A05_Confidence-Clean_B600,R2,1385197443,1321237343,371,Det/images/normal_train/00851709.png,0,01,learnable_hard,0.6668480212,0.13,0.146881197,normal_replay,Confidence-Clean
RUN_042,TRIAD_014,A05_Confidence-Clean_B600,R2,1385197443,1321237343,372,Det/images/normal_train/01039589.png,0,01,learnable_hard,0.730613267,0.095,0.1776355371,normal_replay,Confidence-Clean
RUN_042,TRIAD_014,A05_Confidence-Clean_B600,R2,1385197443,1321237343,373,Det/images/normal_train/00420425.png,0,05,learnable_hard,0.7301664391,0.07,0.1304363728,normal_replay,Confidence-Clean
RUN_042,TRIAD_014,A05_Confidence-Clean_B600,R2,1385197443,1321237343,374,Det/images/normal_train/00657325.png,0,05,persistent_hard,0.7300851642,0.145,0.1853369354,normal_replay,Confidence-Clean
RUN_042,TRIAD_014,A05_Confidence-Clean_B600,R2,1385197443,1321237343,375,Det/images/normal_train/00786575.png,0,03,learnable_hard,0.7300837111,0.075,0.1825224191,normal_replay,Confidence-Clean
RUN_042,TRIAD_014,A05_Confidence-Clean_B600,R2,1385197443,1321237343,376,Det/images/normal_train/00855124.png,0,09,persistent_hard,0.7295975248,0.26,0.2493155619,normal_replay,Confidence-Clean
RUN_042,TRIAD_014,A05_Confidence-Clean_B600,R2,1385197443,1321237343,377,Det/images/normal_train/00583950.png,0,03,persistent_hard,0.7295664138,0.115,0.1723527226,normal_replay,Confidence-Clean
RUN_042,TRIAD_014,A05_Confidence-Clean_B600,R2,1385197443,1321237343,378,Det/images/normal_train/01032253.png,0,02,persistent_hard,0.7295433554,0.055,0.138434645,normal_replay,Confidence-Clean
RUN_042,TRIAD_014,A05_Confidence-Clean_B600,R2,1385197443,1321237343,379,Det/images/normal_train/00420442.png,0,05,learnable_hard,0.7293658861,0.06,0.1406401999,normal_replay,Confidence-Clean
RUN_042,TRIAD_014,A05_Confidence-Clean_B600,R2,1385197443,1321237343,380,Det/images/normal_train/00425274.png,0,02,persistent_hard,0.729049654,0.08,0.144193633,normal_replay,Confidence-Clean
RUN_042,TRIAD_014,A05_Confidence-Clean_B600,R2,1385197443,1321237343,381,Det/images/normal_train/00448315.png,0,04,learnable_hard,0.7289909671,0.08,0.1346680008,normal_replay,Confidence-Clean
RUN_042,TRIAD_014,A05_Confidence-Clean_B600,R2,1385197443,1321237343,382,Det/images/normal_train/00695345.png,0,03,learnable_hard,0.7288766089,0.16,0.1546864798,normal_replay,Confidence-Clean
RUN_042,TRIAD_014,A05_Confidence-Clean_B600,R2,1385197443,1321237343,383,Det/images/normal_train/00805484.png,0,07,persistent_hard,0.7288019847,0.035,0.1243184637,normal_replay,Confidence-Clean
RUN_042,TRIAD_014,A05_Confidence-Clean_B600,R2,1385197443,1321237343,384,Det/images/normal_train/00434848.png,0,07,persistent_hard,0.7286700322,0.025,0.1086424323,normal_replay,Confidence-Clean
RUN_042,TRIAD_014,A05_Confidence-Clean_B600,R2,1385197443,1321237343,385,Det/images/normal_train/01020642.png,0,02,persistent_hard,0.7286256012,0.115,0.1889656561,normal_replay,Confidence-Clean
RUN_042,TRIAD_014,A05_Confidence-Clean_B600,R2,1385197443,1321237343,386,Det/images/normal_train/00497811.png,0,01,learnable_hard,0.7285215282,0.285,0.3085536263,normal_replay,Confidence-Clean
RUN_042,TRIAD_014,A05_Confidence-Clean_B600,R2,1385197443,1321237343,387,Det/images/normal_train/00674840.png,0,05,learnable_hard,0.7284981523,0.05,0.0983172413,normal_replay,Confidence-Clean
RUN_042,TRIAD_014,A05_Confidence-Clean_B600,R2,1385197443,1321237343,388,Det/images/normal_train/00395801.png,0,05,persistent_hard,0.7283085538,0.055,0.1362656205,normal_replay,Confidence-Clean
RUN_042,TRIAD_014,A05_Confidence-Clean_B600,R2,1385197443,1321237343,389,Det/images/normal_train/00710205.png,0,01,persistent_hard,0.7281976266,0.12,0.1919982604,normal_replay,Confidence-Clean
RUN_042,TRIAD_014,A05_Confidence-Clean_B600,R2,1385197443,1321237343,390,Det/images/normal_train/00837087.png,0,02,persistent_hard,0.7279919168,0.185,0.1866596737,normal_replay,Confidence-Clean
RUN_042,TRIAD_014,A05_Confidence-Clean_B600,R2,1385197443,1321237343,391,Det/images/normal_train/00437711.png,0,05,persistent_hard,0.7278455295,0.005,0.0743393775,normal_replay,Confidence-Clean
RUN_042,TRIAD_014,A05_Confidence-Clean_B600,R2,1385197443,1321237343,392,Det/images/normal_train/00349798.png,0,00,persistent_hard,0.7278049755,0.02,0.0774907888,normal_replay,Confidence-Clean
RUN_042,TRIAD_014,A05_Confidence-Clean_B600,R2,1385197443,1321237343,393,Det/images/normal_train/01216396.png,0,01,learnable_hard,0.7276534799,0.055,0.1165866628,normal_replay,Confidence-Clean
RUN_042,TRIAD_014,A05_Confidence-Clean_B600,R2,1385197443,1321237343,394,Det/images/normal_train/00239682.png,0,09,persistent_hard,0.727586322,0.01,0.0822181483,normal_replay,Confidence-Clean
RUN_042,TRIAD_014,A05_Confidence-Clean_B600,R2,1385197443,1321237343,395,Det/images/normal_train/00700586.png,0,09,persistent_hard,0.7275800332,0.115,0.1555490806,normal_replay,Confidence-Clean
RUN_042,TRIAD_014,A05_Confidence-Clean_B600,R2,1385197443,1321237343,396,Det/images/normal_train/01191335.png,0,09,persistent_hard,0.727552949,0.165,0.1933984111,normal_replay,Confidence-Clean
RUN_042,TRIAD_014,A05_Confidence-Clean_B600,R2,1385197443,1321237343,397,Det/images/normal_train/00587237.png,0,00,persistent_hard,0.7274769826,0.2,0.1860897837,normal_replay,Confidence-Clean
RUN_042,TRIAD_014,A05_Confidence-Clean_B600,R2,1385197443,1321237343,398,Det/images/normal_train/00527086.png,0,07,persistent_hard,0.7274037354,0.12,0.1824725924,normal_replay,Confidence-Clean
RUN_042,TRIAD_014,A05_Confidence-Clean_B600,R2,1385197443,1321237343,399,Det/images/normal_train/00148471.png,0,03,learnable_hard,0.7269542275,0.21,0.2344801144,normal_replay,Confidence-Clean
RUN_042,TRIAD_014,A05_Confidence-Clean_B600,R2,1385197443,1321237343,400,Det/images/normal_train/01203025.png,0,05,persistent_hard,0.7269483906,0.0,0.0733819409,normal_replay,Confidence-Clean
RUN_042,TRIAD_014,A05_Confidence-Clean_B600,R2,1385197443,1321237343,401,Det/images/normal_train/00797123.png,0,06,persistent_hard,0.7269179612,0.015,0.0958452177,normal_replay,Confidence-Clean
RUN_042,TRIAD_014,A05_Confidence-Clean_B600,R2,1385197443,1321237343,402,Det/images/normal_train/01215445.png,0,02,persistent_hard,0.7267828435,0.32,0.2537917893,normal_replay,Confidence-Clean
RUN_042,TRIAD_014,A05_Confidence-Clean_B600,R2,1385197443,1321237343,403,Det/images/normal_train/00967245.png,0,04,learnable_hard,0.7267553312,0.055,0.1220245548,normal_replay,Confidence-Clean
RUN_042,TRIAD_014,A05_Confidence-Clean_B600,R2,1385197443,1321237343,404,Det/images/normal_train/00254520.png,0,03,learnable_hard,0.7263493615,0.19,0.2326377961,normal_replay,Confidence-Clean
RUN_042,TRIAD_014,A05_Confidence-Clean_B600,R2,1385197443,1321237343,405,Det/images/normal_train/00377908.png,0,01,persistent_hard,0.7263163467,0.01,0.06159003,normal_replay,Confidence-Clean
RUN_042,TRIAD_014,A05_Confidence-Clean_B600,R2,1385197443,1321237343,406,Det/images/normal_train/01017183.png,0,07,persistent_hard,0.7261712088,0.035,0.1203848306,normal_replay,Confidence-Clean
RUN_042,TRIAD_014,A05_Confidence-Clean_B600,R2,1385197443,1321237343,407,Det/images/normal_train/00472426.png,0,00,persistent_hard,0.7261700816,0.025,0.1152083872,normal_replay,Confidence-Clean
RUN_042,TRIAD_014,A05_Confidence-Clean_B600,R2,1385197443,1321237343,408,Det/images/normal_train/00971753.png,0,02,persistent_hard,0.7261625203,0.095,0.133226402,normal_replay,Confidence-Clean
RUN_042,TRIAD_014,A05_Confidence-Clean_B600,R2,1385197443,1321237343,409,Det/images/normal_train/01251785.png,0,04,learnable_hard,0.7261588955,0.22,0.3021891669,normal_replay,Confidence-Clean
RUN_042,TRIAD_014,A05_Confidence-Clean_B600,R2,1385197443,1321237343,410,Det/images/normal_train/00859470.png,0,08,persistent_hard,0.7261085128,0.065,0.1467006818,normal_replay,Confidence-Clean
RUN_042,TRIAD_014,A05_Confidence-Clean_B600,R2,1385197443,1321237343,411,Det/images/normal_train/01117642.png,0,07,persistent_hard,0.726003727,0.05,0.119717032,normal_replay,Confidence-Clean
RUN_042,TRIAD_014,A05_Confidence-Clean_B600,R2,1385197443,1321237343,412,Det/images/normal_train/00621127.png,0,07,learnable_hard,0.7260026741,0.055,0.1107854074,normal_replay,Confidence-Clean
RUN_042,TRIAD_014,A05_Confidence-Clean_B600,R2,1385197443,1321237343,413,Det/images/normal_train/00365186.png,0,00,persistent_hard,0.7258679615,0.215,0.1972442406,normal_replay,Confidence-Clean
RUN_042,TRIAD_014,A05_Confidence-Clean_B600,R2,1385197443,1321237343,414,Det/images/normal_train/01294700.png,0,05,persistent_hard,0.7257577561,0.18,0.2045386417,normal_replay,Confidence-Clean
RUN_042,TRIAD_014,A05_Confidence-Clean_B600,R2,1385197443,1321237343,415,Det/images/normal_train/00151259.png,0,01,persistent_hard,0.7253942308,0.135,0.1876848522,normal_replay,Confidence-Clean
RUN_042,TRIAD_014,A05_Confidence-Clean_B600,R2,1385197443,1321237343,416,Det/images/normal_train/00809896.png,0,05,persistent_hard,0.7253510843,0.02,0.1046468636,normal_replay,Confidence-Clean
RUN_042,TRIAD_014,A05_Confidence-Clean_B600,R2,1385197443,1321237343,417,Det/images/normal_train/00190595.png,0,09,persistent_hard,0.7251289351,0.15,0.1543479087,normal_replay,Confidence-Clean
RUN_042,TRIAD_014,A05_Confidence-Clean_B600,R2,1385197443,1321237343,418,Det/images/normal_train/00799285.png,0,09,learnable_hard,0.7250712705,0.16,0.2748002565,normal_replay,Confidence-Clean
RUN_042,TRIAD_014,A05_Confidence-Clean_B600,R2,1385197443,1321237343,419,Det/images/normal_train/00376829.png,0,00,learnable_hard,0.7246330274,0.14,0.2241042074,normal_replay,Confidence-Clean
RUN_042,TRIAD_014,A05_Confidence-Clean_B600,R2,1385197443,1321237343,420,Det/images/normal_train/00509855.png,0,08,persistent_hard,0.7244497211,0.32,0.2277911325,normal_replay,Confidence-Clean
RUN_042,TRIAD_014,A05_Confidence-Clean_B600,R2,1385197443,1321237343,421,Det/images/normal_train/00707860.png,0,07,persistent_hard,0.7241264633,0.225,0.2184020682,normal_replay,Confidence-Clean
RUN_042,TRIAD_014,A05_Confidence-Clean_B600,R2,1385197443,1321237343,422,Det/images/normal_train/00746341.png,0,00,persistent_hard,0.7240942526,0.06,0.1135764035,normal_replay,Confidence-Clean
RUN_042,TRIAD_014,A05_Confidence-Clean_B600,R2,1385197443,1321237343,423,Det/images/normal_train/00752847.png,0,08,learnable_hard,0.7240573916,0.095,0.1851772019,normal_replay,Confidence-Clean
RUN_042,TRIAD_014,A05_Confidence-Clean_B600,R2,1385197443,1321237343,424,Det/images/normal_train/00990497.png,0,03,persistent_hard,0.7238295546,0.055,0.0918377597,normal_replay,Confidence-Clean
RUN_042,TRIAD_014,A05_Confidence-Clean_B600,R2,1385197443,1321237343,425,Det/images/normal_train/01091879.png,0,02,persistent_hard,0.6877657548,0.12,0.1585552726,normal_replay,Confidence-Clean
RUN_042,TRIAD_014,A05_Confidence-Clean_B600,R2,1385197443,1321237343,426,Det/images/normal_train/01007960.png,0,01,learnable_hard,0.7232019891,0.115,0.1614555988,normal_replay,Confidence-Clean
RUN_042,TRIAD_014,A05_Confidence-Clean_B600,R2,1385197443,1321237343,427,Det/images/normal_train/00191026.png,0,08,learnable_hard,0.7230464408,0.02,0.0935018267,normal_replay,Confidence-Clean
RUN_042,TRIAD_014,A05_Confidence-Clean_B600,R2,1385197443,1321237343,428,Det/images/normal_train/00227255.png,0,04,persistent_hard,0.7223516762,0.065,0.1104477406,normal_replay,Confidence-Clean
RUN_042,TRIAD_014,A05_Confidence-Clean_B600,R2,1385197443,1321237343,429,Det/images/normal_train/00778056.png,0,02,persistent_hard,0.6907390235,0.17,0.1750687014,normal_replay,Confidence-Clean
RUN_042,TRIAD_014,A05_Confidence-Clean_B600,R2,1385197443,1321237343,430,Det/images/normal_train/00282058.png,0,04,learnable_hard,0.721970233,0.185,0.2948054223,normal_replay,Confidence-Clean
RUN_042,TRIAD_014,A05_Confidence-Clean_B600,R2,1385197443,1321237343,431,Det/images/normal_train/00562222.png,0,08,persistent_hard,0.7216167644,0.235,0.2143150254,normal_replay,Confidence-Clean
RUN_042,TRIAD_014,A05_Confidence-Clean_B600,R2,1385197443,1321237343,432,Det/images/normal_train/00201988.png,0,08,persistent_hard,0.7215582287,0.06,0.1411034181,normal_replay,Confidence-Clean
RUN_042,TRIAD_014,A05_Confidence-Clean_B600,R2,1385197443,1321237343,433,Det/images/normal_train/01187412.png,0,07,persistent_hard,0.721549805,0.145,0.1490664246,normal_replay,Confidence-Clean
RUN_042,TRIAD_014,A05_Confidence-Clean_B600,R2,1385197443,1321237343,434,Det/images/normal_train/00456537.png,0,06,learnable_hard,0.721354077,0.22,0.3313644556,normal_replay,Confidence-Clean
RUN_042,TRIAD_014,A05_Confidence-Clean_B600,R2,1385197443,1321237343,435,Det/images/normal_train/00290829.png,0,00,persistent_hard,0.7213332615,0.025,0.132819212,normal_replay,Confidence-Clean
RUN_042,TRIAD_014,A05_Confidence-Clean_B600,R2,1385197443,1321237343,436,Det/images/normal_train/00469877.png,0,01,learnable_hard,0.7209602146,0.07,0.1410106633,normal_replay,Confidence-Clean
RUN_042,TRIAD_014,A05_Confidence-Clean_B600,R2,1385197443,1321237343,437,Det/images/normal_train/00207066.png,0,01,learnable_hard,0.7207784578,0.08,0.1242833502,normal_replay,Confidence-Clean
RUN_042,TRIAD_014,A05_Confidence-Clean_B600,R2,1385197443,1321237343,438,Det/images/normal_train/00551010.png,0,02,learnable_hard,0.6614135439,0.185,0.2499797243,normal_replay,Confidence-Clean
RUN_042,TRIAD_014,A05_Confidence-Clean_B600,R2,1385197443,1321237343,439,Det/images/normal_train/00187230.png,0,03,persistent_hard,0.6862386146,0.165,0.1606124967,normal_replay,Confidence-Clean
RUN_042,TRIAD_014,A05_Confidence-Clean_B600,R2,1385197443,1321237343,440,Det/images/normal_train/00649937.png,0,09,persistent_hard,0.7205497023,0.0,0.1010762334,normal_replay,Confidence-Clean
RUN_042,TRIAD_014,A05_Confidence-Clean_B600,R2,1385197443,1321237343,441,Det/images/normal_train/00935766.png,0,09,learnable_hard,0.7204282588,0.19,0.3027570012,normal_replay,Confidence-Clean
RUN_042,TRIAD_014,A05_Confidence-Clean_B600,R2,1385197443,1321237343,442,Det/images/normal_train/00809776.png,0,05,persistent_hard,0.7203071149,0.01,0.0917434164,normal_replay,Confidence-Clean
RUN_042,TRIAD_014,A05_Confidence-Clean_B600,R2,1385197443,1321237343,443,Det/images/normal_train/01266348.png,0,01,persistent_hard,0.7201505829,0.05,0.135570468,normal_replay,Confidence-Clean
RUN_042,TRIAD_014,A05_Confidence-Clean_B600,R2,1385197443,1321237343,444,Det/images/normal_train/00293026.png,0,07,persistent_hard,0.7200208522,0.22,0.2429650162,normal_replay,Confidence-Clean
RUN_042,TRIAD_014,A05_Confidence-Clean_B600,R2,1385197443,1321237343,445,Det/images/normal_train/01032357.png,0,02,persistent_hard,0.7196249146,0.025,0.1255701106,normal_replay,Confidence-Clean
RUN_042,TRIAD_014,A05_Confidence-Clean_B600,R2,1385197443,1321237343,446,Det/images/normal_train/00406833.png,0,03,persistent_hard,0.719580138,0.305,0.2794905255,normal_replay,Confidence-Clean
RUN_042,TRIAD_014,A05_Confidence-Clean_B600,R2,1385197443,1321237343,447,Det/images/normal_train/01199402.png,0,03,learnable_hard,0.6841716989,0.26,0.3228897207,normal_replay,Confidence-Clean
RUN_042,TRIAD_014,A05_Confidence-Clean_B600,R2,1385197443,1321237343,448,Det/images/normal_train/00425943.png,0,02,learnable_hard,0.6897933928,0.23,0.3214152686,normal_replay,Confidence-Clean
RUN_042,TRIAD_014,A05_Confidence-Clean_B600,R2,1385197443,1321237343,449,Det/images/normal_train/01199927.png,0,03,persistent_hard,0.6574845131,0.06,0.1384058118,normal_replay,Confidence-Clean
RUN_042,TRIAD_014,A05_Confidence-Clean_B600,R2,1385197443,1321237343,450,Det/images/normal_train/00759203.png,0,08,persistent_hard,0.719133192,0.125,0.1547506011,normal_replay,Confidence-Clean
RUN_042,TRIAD_014,A05_Confidence-Clean_B600,R2,1385197443,1321237343,451,Det/images/normal_train/00860453.png,0,03,persistent_hard,0.6793508925,0.185,0.1905284829,normal_replay,Confidence-Clean
RUN_042,TRIAD_014,A05_Confidence-Clean_B600,R2,1385197443,1321237343,452,Det/images/normal_train/01071577.png,0,04,learnable_hard,0.7190864144,0.165,0.2278883912,normal_replay,Confidence-Clean
RUN_042,TRIAD_014,A05_Confidence-Clean_B600,R2,1385197443,1321237343,453,Det/images/normal_train/01170535.png,0,09,persistent_hard,0.7190765609,0.115,0.1743881268,normal_replay,Confidence-Clean
RUN_042,TRIAD_014,A05_Confidence-Clean_B600,R2,1385197443,1321237343,454,Det/images/normal_train/00805243.png,0,07,learnable_hard,0.7190209109,0.09,0.1555282213,normal_replay,Confidence-Clean
RUN_042,TRIAD_014,A05_Confidence-Clean_B600,R2,1385197443,1321237343,455,Det/images/normal_train/00444364.png,0,02,persistent_hard,0.6869452081,0.335,0.2842264186,normal_replay,Confidence-Clean
RUN_042,TRIAD_014,A05_Confidence-Clean_B600,R2,1385197443,1321237343,456,Det/images/normal_train/00787119.png,0,09,persistent_hard,0.718665985,0.01,0.111159932,normal_replay,Confidence-Clean
RUN_042,TRIAD_014,A05_Confidence-Clean_B600,R2,1385197443,1321237343,457,Det/images/normal_train/01032395.png,0,02,persistent_hard,0.7183708175,0.24,0.2056112768,normal_replay,Confidence-Clean
RUN_042,TRIAD_014,A05_Confidence-Clean_B600,R2,1385197443,1321237343,458,Det/images/normal_train/00356430.png,0,07,learnable_hard,0.7181260049,0.2,0.1758724238,normal_replay,Confidence-Clean
RUN_042,TRIAD_014,A05_Confidence-Clean_B600,R2,1385197443,1321237343,459,Det/images/normal_train/00365812.png,0,00,persistent_hard,0.718094513,0.105,0.1688591571,normal_replay,Confidence-Clean
RUN_042,TRIAD_014,A05_Confidence-Clean_B600,R2,1385197443,1321237343,460,Det/images/normal_train/00267885.png,0,07,learnable_hard,0.718004375,0.115,0.186580352,normal_replay,Confidence-Clean
RUN_042,TRIAD_014,A05_Confidence-Clean_B600,R2,1385197443,1321237343,461,Det/images/normal_train/00682412.png,0,00,learnable_hard,0.7176148024,0.18,0.250350127,normal_replay,Confidence-Clean
RUN_042,TRIAD_014,A05_Confidence-Clean_B600,R2,1385197443,1321237343,462,Det/images/normal_train/01224811.png,0,04,persistent_hard,0.717337282,0.15,0.1761904589,normal_replay,Confidence-Clean
RUN_042,TRIAD_014,A05_Confidence-Clean_B600,R2,1385197443,1321237343,463,Det/images/normal_train/00410737.png,0,00,persistent_hard,0.7172754396,0.13,0.2144844518,normal_replay,Confidence-Clean
RUN_042,TRIAD_014,A05_Confidence-Clean_B600,R2,1385197443,1321237343,464,Det/images/normal_train/00400055.png,0,04,learnable_hard,0.7170272764,0.12,0.1757678346,normal_replay,Confidence-Clean
RUN_042,TRIAD_014,A05_Confidence-Clean_B600,R2,1385197443,1321237343,465,Det/images/normal_train/01268084.png,0,05,learnable_hard,0.7170166186,0.075,0.1439152443,normal_replay,Confidence-Clean
RUN_042,TRIAD_014,A05_Confidence-Clean_B600,R2,1385197443,1321237343,466,Det/images/normal_train/00700573.png,0,09,persistent_hard,0.7168626641,0.22,0.2207630971,normal_replay,Confidence-Clean
RUN_042,TRIAD_014,A05_Confidence-Clean_B600,R2,1385197443,1321237343,467,Det/images/normal_train/00698520.png,0,08,persistent_hard,0.7167786685,0.07,0.1349408326,normal_replay,Confidence-Clean
RUN_042,TRIAD_014,A05_Confidence-Clean_B600,R2,1385197443,1321237343,468,Det/images/normal_train/00399790.png,0,08,persistent_hard,0.7167129977,0.02,0.1170694494,normal_replay,Confidence-Clean
RUN_042,TRIAD_014,A05_Confidence-Clean_B600,R2,1385197443,1321237343,469,Det/images/normal_train/00629433.png,0,09,persistent_hard,0.7165653681,0.175,0.1800837946,normal_replay,Confidence-Clean
RUN_042,TRIAD_014,A05_Confidence-Clean_B600,R2,1385197443,1321237343,470,Det/images/normal_train/00708058.png,0,03,learnable_hard,0.6751877503,0.21,0.297383871,normal_replay,Confidence-Clean
RUN_042,TRIAD_014,A05_Confidence-Clean_B600,R2,1385197443,1321237343,471,Det/images/normal_train/01158989.png,0,00,persistent_hard,0.7163859838,0.0,0.0781665666,normal_replay,Confidence-Clean
RUN_042,TRIAD_014,A05_Confidence-Clean_B600,R2,1385197443,1321237343,472,Det/images/normal_train/01279298.png,0,06,persistent_hard,0.7159819627,0.285,0.2496970082,normal_replay,Confidence-Clean
RUN_042,TRIAD_014,A05_Confidence-Clean_B600,R2,1385197443,1321237343,473,Det/images/normal_train/01184721.png,0,04,persistent_hard,0.7156123357,0.265,0.1957002107,normal_replay,Confidence-Clean
RUN_042,TRIAD_014,A05_Confidence-Clean_B600,R2,1385197443,1321237343,474,Det/images/normal_train/00427360.png,0,04,persistent_hard,0.7154843795,0.035,0.0816306993,normal_replay,Confidence-Clean
RUN_042,TRIAD_014,A05_Confidence-Clean_B600,R2,1385197443,1321237343,475,Det/images/normal_train/00706431.png,0,02,persistent_hard,0.7154422049,0.14,0.1631850747,normal_replay,Confidence-Clean
RUN_042,TRIAD_014,A05_Confidence-Clean_B600,R2,1385197443,1321237343,476,Det/images/normal_train/00738183.png,0,02,persistent_hard,0.6821420492,0.33,0.2287102429,normal_replay,Confidence-Clean
RUN_042,TRIAD_014,A05_Confidence-Clean_B600,R2,1385197443,1321237343,477,Det/images/normal_train/00985407.png,0,03,persistent_hard,0.7151768517,0.035,0.1017680666,normal_replay,Confidence-Clean
RUN_042,TRIAD_014,A05_Confidence-Clean_B600,R2,1385197443,1321237343,478,Det/images/normal_train/00588739.png,0,04,persistent_hard,0.7151520818,0.0,0.1027236108,normal_replay,Confidence-Clean
RUN_042,TRIAD_014,A05_Confidence-Clean_B600,R2,1385197443,1321237343,479,Det/images/normal_train/01232093.png,0,09,learnable_hard,0.7151164062,0.095,0.1629698801,normal_replay,Confidence-Clean
RUN_042,TRIAD_014,A05_Confidence-Clean_B600,R2,1385197443,1321237343,480,Det/images/normal_train/00337342.png,0,07,persistent_hard,0.7149040796,0.165,0.1880081396,normal_replay,Confidence-Clean
RUN_042,TRIAD_014,A05_Confidence-Clean_B600,R2,1385197443,1321237343,481,Det/images/normal_train/00282324.png,0,04,learnable_hard,0.7146799489,0.22,0.2674185404,normal_replay,Confidence-Clean
RUN_042,TRIAD_014,A05_Confidence-Clean_B600,R2,1385197443,1321237343,482,Det/images/normal_train/00512780.png,0,05,persistent_hard,0.7144574489,0.01,0.0754287146,normal_replay,Confidence-Clean
RUN_042,TRIAD_014,A05_Confidence-Clean_B600,R2,1385197443,1321237343,483,Det/images/normal_train/01136459.png,0,07,persistent_hard,0.7143630396,0.055,0.138880911,normal_replay,Confidence-Clean
RUN_042,TRIAD_014,A05_Confidence-Clean_B600,R2,1385197443,1321237343,484,Det/images/normal_train/00403660.png,0,03,learnable_hard,0.7142942133,0.185,0.2747711056,normal_replay,Confidence-Clean
RUN_042,TRIAD_014,A05_Confidence-Clean_B600,R2,1385197443,1321237343,485,Det/images/normal_train/01159421.png,0,04,persistent_hard,0.7141396549,0.0,0.0632913011,normal_replay,Confidence-Clean
RUN_042,TRIAD_014,A05_Confidence-Clean_B600,R2,1385197443,1321237343,486,Det/images/normal_train/00737784.png,0,02,learnable_hard,0.7137874377,0.175,0.2994667267,normal_replay,Confidence-Clean
RUN_042,TRIAD_014,A05_Confidence-Clean_B600,R2,1385197443,1321237343,487,Det/images/normal_train/00313892.png,0,01,persistent_hard,0.713728506,0.305,0.2898094753,normal_replay,Confidence-Clean
RUN_042,TRIAD_014,A05_Confidence-Clean_B600,R2,1385197443,1321237343,488,Det/images/normal_train/00444399.png,0,02,learnable_hard,0.7135026943,0.22,0.199470549,normal_replay,Confidence-Clean
RUN_042,TRIAD_014,A05_Confidence-Clean_B600,R2,1385197443,1321237343,489,Det/images/normal_train/01221812.png,0,02,persistent_hard,0.7134389462,0.315,0.2248660092,normal_replay,Confidence-Clean
RUN_042,TRIAD_014,A05_Confidence-Clean_B600,R2,1385197443,1321237343,490,Det/images/normal_train/00473039.png,0,06,persistent_hard,0.7134319502,0.135,0.1608214403,normal_replay,Confidence-Clean
RUN_042,TRIAD_014,A05_Confidence-Clean_B600,R2,1385197443,1321237343,491,Det/images/normal_train/00781860.png,0,02,learnable_hard,0.713335763,0.1,0.1846264844,normal_replay,Confidence-Clean
RUN_042,TRIAD_014,A05_Confidence-Clean_B600,R2,1385197443,1321237343,492,Det/images/normal_train/01286806.png,0,00,learnable_hard,0.7133060028,0.255,0.3795711642,normal_replay,Confidence-Clean
RUN_042,TRIAD_014,A05_Confidence-Clean_B600,R2,1385197443,1321237343,493,Det/images/normal_train/00686911.png,0,08,persistent_hard,0.7132370614,0.24,0.186683045,normal_replay,Confidence-Clean
RUN_042,TRIAD_014,A05_Confidence-Clean_B600,R2,1385197443,1321237343,494,Det/images/normal_train/01189548.png,0,05,persistent_hard,0.7131768969,0.005,0.0940247561,normal_replay,Confidence-Clean
RUN_042,TRIAD_014,A05_Confidence-Clean_B600,R2,1385197443,1321237343,495,Det/images/normal_train/00298176.png,0,06,persistent_hard,0.7131250631,0.045,0.167340262,normal_replay,Confidence-Clean
RUN_042,TRIAD_014,A05_Confidence-Clean_B600,R2,1385197443,1321237343,496,Det/images/normal_train/01237151.png,0,05,persistent_hard,0.7128730061,0.03,0.1059877519,normal_replay,Confidence-Clean
RUN_042,TRIAD_014,A05_Confidence-Clean_B600,R2,1385197443,1321237343,497,Det/images/normal_train/01114198.png,0,04,learnable_hard,0.7127565588,0.1,0.1591286923,normal_replay,Confidence-Clean
RUN_042,TRIAD_014,A05_Confidence-Clean_B600,R2,1385197443,1321237343,498,Det/images/normal_train/00786906.png,0,03,learnable_hard,0.7127122426,0.155,0.1778869057,normal_replay,Confidence-Clean
RUN_042,TRIAD_014,A05_Confidence-Clean_B600,R2,1385197443,1321237343,499,Det/images/normal_train/00269195.png,0,03,persistent_hard,0.7126915175,0.125,0.1659249339,normal_replay,Confidence-Clean
RUN_042,TRIAD_014,A05_Confidence-Clean_B600,R2,1385197443,1321237343,500,Det/images/normal_train/00928909.png,0,03,learnable_hard,0.7126366597,0.04,0.1060981028,normal_replay,Confidence-Clean
RUN_042,TRIAD_014,A05_Confidence-Clean_B600,R2,1385197443,1321237343,501,Det/images/normal_train/00646733.png,0,02,persistent_hard,0.7126210253,0.025,0.0855538522,normal_replay,Confidence-Clean
RUN_042,TRIAD_014,A05_Confidence-Clean_B600,R2,1385197443,1321237343,502,Det/images/normal_train/00174813.png,0,01,persistent_hard,0.712171703,0.29,0.224368115,normal_replay,Confidence-Clean
RUN_042,TRIAD_014,A05_Confidence-Clean_B600,R2,1385197443,1321237343,503,Det/images/normal_train/01019462.png,0,08,persistent_hard,0.7121572805,0.065,0.1626529557,normal_replay,Confidence-Clean
RUN_042,TRIAD_014,A05_Confidence-Clean_B600,R2,1385197443,1321237343,504,Det/images/normal_train/00756079.png,0,05,persistent_hard,0.7119444343,0.275,0.242766271,normal_replay,Confidence-Clean
RUN_042,TRIAD_014,A05_Confidence-Clean_B600,R2,1385197443,1321237343,505,Det/images/normal_train/00677337.png,0,01,persistent_hard,0.7118911235,0.01,0.0733077858,normal_replay,Confidence-Clean
RUN_042,TRIAD_014,A05_Confidence-Clean_B600,R2,1385197443,1321237343,506,Det/images/normal_train/00397272.png,0,06,persistent_hard,0.7116580901,0.0,0.0914117989,normal_replay,Confidence-Clean
RUN_042,TRIAD_014,A05_Confidence-Clean_B600,R2,1385197443,1321237343,507,Det/images/normal_train/00958348.png,0,05,persistent_hard,0.7114923896,0.305,0.2187653243,normal_replay,Confidence-Clean
RUN_042,TRIAD_014,A05_Confidence-Clean_B600,R2,1385197443,1321237343,508,Det/images/normal_train/00413048.png,0,08,learnable_hard,0.7113481925,0.09,0.1880879429,normal_replay,Confidence-Clean
RUN_042,TRIAD_014,A05_Confidence-Clean_B600,R2,1385197443,1321237343,509,Det/images/normal_train/01168747.png,0,02,persistent_hard,0.7113067409,0.15,0.2103126646,normal_replay,Confidence-Clean
RUN_042,TRIAD_014,A05_Confidence-Clean_B600,R2,1385197443,1321237343,510,Det/images/normal_train/00625759.png,0,08,learnable_hard,0.711068657,0.19,0.2589740366,normal_replay,Confidence-Clean
RUN_042,TRIAD_014,A05_Confidence-Clean_B600,R2,1385197443,1321237343,511,Det/images/normal_train/00833885.png,0,02,persistent_hard,0.7104522258,0.005,0.1035614892,normal_replay,Confidence-Clean
RUN_042,TRIAD_014,A05_Confidence-Clean_B600,R2,1385197443,1321237343,512,Det/images/normal_train/00422959.png,0,06,persistent_hard,0.7104000211,0.255,0.25277952,normal_replay,Confidence-Clean
RUN_042,TRIAD_014,A05_Confidence-Clean_B600,R2,1385197443,1321237343,513,Det/images/normal_train/00872012.png,0,03,persistent_hard,0.7101285611,0.02,0.1153631514,normal_replay,Confidence-Clean
RUN_042,TRIAD_014,A05_Confidence-Clean_B600,R2,1385197443,1321237343,514,Det/images/normal_train/01022700.png,0,03,persistent_hard,0.7100824159,0.01,0.1156438867,normal_replay,Confidence-Clean
RUN_042,TRIAD_014,A05_Confidence-Clean_B600,R2,1385197443,1321237343,515,Det/images/normal_train/00226827.png,0,08,persistent_hard,0.7099385539,0.045,0.1069009288,normal_replay,Confidence-Clean
RUN_042,TRIAD_014,A05_Confidence-Clean_B600,R2,1385197443,1321237343,516,Det/images/normal_train/00337044.png,0,07,persistent_hard,0.7098257533,0.015,0.1081826886,normal_replay,Confidence-Clean
RUN_042,TRIAD_014,A05_Confidence-Clean_B600,R2,1385197443,1321237343,517,Det/images/normal_train/00805937.png,0,07,learnable_hard,0.7095740911,0.06,0.1255960036,normal_replay,Confidence-Clean
RUN_042,TRIAD_014,A05_Confidence-Clean_B600,R2,1385197443,1321237343,518,Det/images/normal_train/01296491.png,0,07,persistent_hard,0.7095703565,0.12,0.2054128405,normal_replay,Confidence-Clean
RUN_042,TRIAD_014,A05_Confidence-Clean_B600,R2,1385197443,1321237343,519,Det/images/normal_train/00842742.png,0,06,persistent_hard,0.709557931,0.165,0.1975651766,normal_replay,Confidence-Clean
RUN_042,TRIAD_014,A05_Confidence-Clean_B600,R2,1385197443,1321237343,520,Det/images/normal_train/00616771.png,0,00,learnable_hard,0.6946176326,0.15,0.2081491127,normal_replay,Confidence-Clean
RUN_042,TRIAD_014,A05_Confidence-Clean_B600,R2,1385197443,1321237343,521,Det/images/normal_train/01023247.png,0,00,learnable_hard,0.6887859693,0.115,0.1601549495,normal_replay,Confidence-Clean
RUN_042,TRIAD_014,A05_Confidence-Clean_B600,R2,1385197443,1321237343,522,Det/images/normal_train/00266251.png,0,01,persistent_hard,0.7089437897,0.01,0.0883791695,normal_replay,Confidence-Clean
RUN_042,TRIAD_014,A05_Confidence-Clean_B600,R2,1385197443,1321237343,523,Det/images/normal_train/00444315.png,0,02,persistent_hard,0.7089361647,0.295,0.2718702124,normal_replay,Confidence-Clean
RUN_042,TRIAD_014,A05_Confidence-Clean_B600,R2,1385197443,1321237343,524,Det/images/normal_train/01140357.png,0,00,learnable_hard,0.6908395664,0.195,0.1830461989,normal_replay,Confidence-Clean
RUN_042,TRIAD_014,A05_Confidence-Clean_B600,R2,1385197443,1321237343,525,Det/images/normal_train/00670261.png,0,04,persistent_hard,0.7083994457,0.17,0.179664451,normal_replay,Confidence-Clean
RUN_042,TRIAD_014,A05_Confidence-Clean_B600,R2,1385197443,1321237343,526,Det/images/normal_train/00809453.png,0,05,persistent_hard,0.7082007926,0.045,0.0951267375,normal_replay,Confidence-Clean
RUN_042,TRIAD_014,A05_Confidence-Clean_B600,R2,1385197443,1321237343,527,Det/images/normal_train/00624240.png,0,08,persistent_hard,0.7081393391,0.165,0.2069232913,normal_replay,Confidence-Clean
RUN_042,TRIAD_014,A05_Confidence-Clean_B600,R2,1385197443,1321237343,528,Det/images/normal_train/00324492.png,0,00,persistent_hard,0.6760300789,0.21,0.1752155099,normal_replay,Confidence-Clean
RUN_042,TRIAD_014,A05_Confidence-Clean_B600,R2,1385197443,1321237343,529,Det/images/normal_train/00998893.png,0,03,learnable_hard,0.7078449149,0.095,0.1591903076,normal_replay,Confidence-Clean
RUN_042,TRIAD_014,A05_Confidence-Clean_B600,R2,1385197443,1321237343,530,Det/images/normal_train/01156993.png,0,00,learnable_hard,0.7072293488,0.14,0.2413647528,normal_replay,Confidence-Clean
RUN_042,TRIAD_014,A05_Confidence-Clean_B600,R2,1385197443,1321237343,531,Det/images/normal_train/00603480.png,0,09,learnable_hard,0.7071888351,0.09,0.1144085209,normal_replay,Confidence-Clean
RUN_042,TRIAD_014,A05_Confidence-Clean_B600,R2,1385197443,1321237343,532,Det/images/normal_train/00596528.png,0,02,learnable_hard,0.7071501653,0.03,0.114717565,normal_replay,Confidence-Clean
RUN_042,TRIAD_014,A05_Confidence-Clean_B600,R2,1385197443,1321237343,533,Det/images/normal_train/00988387.png,0,07,persistent_hard,0.7069676142,0.04,0.1078245758,normal_replay,Confidence-Clean
RUN_042,TRIAD_014,A05_Confidence-Clean_B600,R2,1385197443,1321237343,534,Det/images/normal_train/00333506.png,0,00,learnable_hard,0.6811467109,0.195,0.1973124511,normal_replay,Confidence-Clean
RUN_042,TRIAD_014,A05_Confidence-Clean_B600,R2,1385197443,1321237343,535,Det/images/normal_train/01045375.png,0,08,persistent_hard,0.7069510685,0.035,0.1128571348,normal_replay,Confidence-Clean
RUN_042,TRIAD_014,A05_Confidence-Clean_B600,R2,1385197443,1321237343,536,Det/images/normal_train/01013207.png,0,01,persistent_hard,0.7068961509,0.05,0.1319574666,normal_replay,Confidence-Clean
RUN_042,TRIAD_014,A05_Confidence-Clean_B600,R2,1385197443,1321237343,537,Det/images/normal_train/00723098.png,0,02,persistent_hard,0.7068791024,0.3,0.2629438989,normal_replay,Confidence-Clean
RUN_042,TRIAD_014,A05_Confidence-Clean_B600,R2,1385197443,1321237343,538,Det/images/normal_train/00903125.png,0,07,learnable_hard,0.7068149366,0.3,0.2852247412,normal_replay,Confidence-Clean
RUN_042,TRIAD_014,A05_Confidence-Clean_B600,R2,1385197443,1321237343,539,Det/images/normal_train/00990255.png,0,03,learnable_hard,0.7064411177,0.185,0.2451652042,normal_replay,Confidence-Clean
RUN_042,TRIAD_014,A05_Confidence-Clean_B600,R2,1385197443,1321237343,540,Det/images/normal_train/00740571.png,0,04,persistent_hard,0.7062900169,0.115,0.1383621093,normal_replay,Confidence-Clean
RUN_042,TRIAD_014,A05_Confidence-Clean_B600,R2,1385197443,1321237343,541,Det/images/normal_train/01095052.png,0,01,persistent_hard,0.7061026974,0.215,0.2218629573,normal_replay,Confidence-Clean
RUN_042,TRIAD_014,A05_Confidence-Clean_B600,R2,1385197443,1321237343,542,Det/images/normal_train/00782166.png,0,02,learnable_hard,0.7059282278,0.14,0.196703706,normal_replay,Confidence-Clean
RUN_042,TRIAD_014,A05_Confidence-Clean_B600,R2,1385197443,1321237343,543,Det/images/normal_train/00451261.png,0,06,persistent_hard,0.7058624013,0.02,0.0946346306,normal_replay,Confidence-Clean
RUN_042,TRIAD_014,A05_Confidence-Clean_B600,R2,1385197443,1321237343,544,Det/images/normal_train/00425944.png,0,02,learnable_hard,0.7055994964,0.215,0.3147684192,normal_replay,Confidence-Clean
RUN_042,TRIAD_014,A05_Confidence-Clean_B600,R2,1385197443,1321237343,545,Det/images/normal_train/00679209.png,0,07,persistent_hard,0.7055371679,0.3,0.2809201218,normal_replay,Confidence-Clean
RUN_042,TRIAD_014,A05_Confidence-Clean_B600,R2,1385197443,1321237343,546,Det/images/normal_train/00991966.png,0,00,persistent_hard,0.7054117903,0.075,0.1724377145,normal_replay,Confidence-Clean
RUN_042,TRIAD_014,A05_Confidence-Clean_B600,R2,1385197443,1321237343,547,Det/images/normal_train/01132947.png,0,07,persistent_hard,0.7051203365,0.25,0.2497961146,normal_replay,Confidence-Clean
RUN_042,TRIAD_014,A05_Confidence-Clean_B600,R2,1385197443,1321237343,548,Det/images/normal_train/01032343.png,0,02,learnable_hard,0.7051072602,0.135,0.2198106518,normal_replay,Confidence-Clean
RUN_042,TRIAD_014,A05_Confidence-Clean_B600,R2,1385197443,1321237343,549,Det/images/normal_train/00924852.png,0,07,persistent_hard,0.705080295,0.11,0.1851480159,normal_replay,Confidence-Clean
RUN_042,TRIAD_014,A05_Confidence-Clean_B600,R2,1385197443,1321237343,550,Det/images/normal_train/00279110.png,0,03,learnable_hard,0.7050590228,0.055,0.1149039308,normal_replay,Confidence-Clean
RUN_042,TRIAD_014,A05_Confidence-Clean_B600,R2,1385197443,1321237343,551,Det/images/normal_train/01170370.png,0,09,persistent_hard,0.7050110388,0.275,0.2602170202,normal_replay,Confidence-Clean
RUN_042,TRIAD_014,A05_Confidence-Clean_B600,R2,1385197443,1321237343,552,Det/images/normal_train/00793339.png,0,05,persistent_hard,0.7047827557,0.185,0.1988739134,normal_replay,Confidence-Clean
RUN_042,TRIAD_014,A05_Confidence-Clean_B600,R2,1385197443,1321237343,553,Det/images/normal_train/00894801.png,0,05,learnable_hard,0.7047438326,0.065,0.1191842784,normal_replay,Confidence-Clean
RUN_042,TRIAD_014,A05_Confidence-Clean_B600,R2,1385197443,1321237343,554,Det/images/normal_train/00682860.png,0,00,persistent_hard,0.7045881101,0.085,0.1680328909,normal_replay,Confidence-Clean
RUN_042,TRIAD_014,A05_Confidence-Clean_B600,R2,1385197443,1321237343,555,Det/images/normal_train/00928070.png,0,03,persistent_hard,0.7044492103,0.22,0.2034617852,normal_replay,Confidence-Clean
RUN_042,TRIAD_014,A05_Confidence-Clean_B600,R2,1385197443,1321237343,556,Det/images/normal_train/01001721.png,0,05,persistent_hard,0.7043384893,0.095,0.1808619796,normal_replay,Confidence-Clean
RUN_042,TRIAD_014,A05_Confidence-Clean_B600,R2,1385197443,1321237343,557,Det/images/normal_train/00751526.png,0,09,persistent_hard,0.7042514478,0.06,0.111338261,normal_replay,Confidence-Clean
RUN_042,TRIAD_014,A05_Confidence-Clean_B600,R2,1385197443,1321237343,558,Det/images/normal_train/01270309.png,0,05,persistent_hard,0.7041310713,0.03,0.0825543353,normal_replay,Confidence-Clean
RUN_042,TRIAD_014,A05_Confidence-Clean_B600,R2,1385197443,1321237343,559,Det/images/normal_train/00164276.png,0,06,persistent_hard,0.7040418957,0.1,0.141424798,normal_replay,Confidence-Clean
RUN_042,TRIAD_014,A05_Confidence-Clean_B600,R2,1385197443,1321237343,560,Det/images/normal_train/00863042.png,0,07,learnable_hard,0.7036264168,0.215,0.2991099042,normal_replay,Confidence-Clean
RUN_042,TRIAD_014,A05_Confidence-Clean_B600,R2,1385197443,1321237343,561,Det/images/normal_train/01163940.png,0,08,learnable_hard,0.7034465371,0.09,0.171792131,normal_replay,Confidence-Clean
RUN_042,TRIAD_014,A05_Confidence-Clean_B600,R2,1385197443,1321237343,562,Det/images/normal_train/01224687.png,0,04,persistent_hard,0.6827430195,0.1,0.15416402,normal_replay,Confidence-Clean
RUN_042,TRIAD_014,A05_Confidence-Clean_B600,R2,1385197443,1321237343,563,Det/images/normal_train/01184378.png,0,04,persistent_hard,0.7029628045,0.26,0.2135673971,normal_replay,Confidence-Clean
RUN_042,TRIAD_014,A05_Confidence-Clean_B600,R2,1385197443,1321237343,564,Det/images/normal_train/00408828.png,0,04,learnable_hard,0.670472272,0.245,0.2115682614,normal_replay,Confidence-Clean
RUN_042,TRIAD_014,A05_Confidence-Clean_B600,R2,1385197443,1321237343,565,Det/images/normal_train/01071000.png,0,04,persistent_hard,0.6744957387,0.105,0.1860949651,normal_replay,Confidence-Clean
RUN_042,TRIAD_014,A05_Confidence-Clean_B600,R2,1385197443,1321237343,566,Det/images/normal_train/00976017.png,0,04,learnable_hard,0.6723192079,0.185,0.1898915451,normal_replay,Confidence-Clean
RUN_042,TRIAD_014,A05_Confidence-Clean_B600,R2,1385197443,1321237343,567,Det/images/normal_train/00445045.png,0,08,persistent_hard,0.7022282442,0.0,0.0784294228,normal_replay,Confidence-Clean
RUN_042,TRIAD_014,A05_Confidence-Clean_B600,R2,1385197443,1321237343,568,Det/images/normal_train/00241601.png,0,05,persistent_hard,0.7020826551,0.2,0.2257711271,normal_replay,Confidence-Clean
RUN_042,TRIAD_014,A05_Confidence-Clean_B600,R2,1385197443,1321237343,569,Det/images/normal_train/01050940.png,0,08,learnable_hard,0.7019623967,0.13,0.2520098541,normal_replay,Confidence-Clean
RUN_042,TRIAD_014,A05_Confidence-Clean_B600,R2,1385197443,1321237343,570,Det/images/normal_train/00877128.png,0,04,persistent_hard,0.6606307573,0.25,0.2128257908,normal_replay,Confidence-Clean
RUN_042,TRIAD_014,A05_Confidence-Clean_B600,R2,1385197443,1321237343,571,Det/images/normal_train/01066674.png,0,00,learnable_hard,0.7018679996,0.235,0.2056600263,normal_replay,Confidence-Clean
RUN_042,TRIAD_014,A05_Confidence-Clean_B600,R2,1385197443,1321237343,572,Det/images/normal_train/00618877.png,0,04,learnable_hard,0.70180723,0.105,0.1606485312,normal_replay,Confidence-Clean
RUN_042,TRIAD_014,A05_Confidence-Clean_B600,R2,1385197443,1321237343,573,Det/images/normal_train/01166487.png,0,08,persistent_hard,0.7017579445,0.3,0.2420119128,normal_replay,Confidence-Clean
RUN_042,TRIAD_014,A05_Confidence-Clean_B600,R2,1385197443,1321237343,574,Det/images/normal_train/00954818.png,0,03,learnable_hard,0.701575706,0.25,0.334300269,normal_replay,Confidence-Clean
RUN_042,TRIAD_014,A05_Confidence-Clean_B600,R2,1385197443,1321237343,575,Det/images/normal_train/01192214.png,0,09,persistent_hard,0.7015388618,0.2,0.1984470687,normal_replay,Confidence-Clean
RUN_042,TRIAD_014,A05_Confidence-Clean_B600,R2,1385197443,1321237343,576,Det/images/normal_train/01196992.png,0,06,persistent_hard,0.7014926198,0.105,0.1655326418,normal_replay,Confidence-Clean
RUN_042,TRIAD_014,A05_Confidence-Clean_B600,R2,1385197443,1321237343,577,Det/images/normal_train/00361877.png,0,00,learnable_hard,0.7009658538,0.2,0.1791689409,normal_replay,Confidence-Clean
RUN_042,TRIAD_014,A05_Confidence-Clean_B600,R2,1385197443,1321237343,578,Det/images/normal_train/00507251.png,0,04,learnable_hard,0.7008086322,0.195,0.2250870357,normal_replay,Confidence-Clean
RUN_042,TRIAD_014,A05_Confidence-Clean_B600,R2,1385197443,1321237343,579,Det/images/normal_train/00181443.png,0,09,persistent_hard,0.7007147147,0.04,0.1432480999,normal_replay,Confidence-Clean
RUN_042,TRIAD_014,A05_Confidence-Clean_B600,R2,1385197443,1321237343,580,Det/images/normal_train/00914139.png,0,04,persistent_hard,0.700600742,0.25,0.2117336798,normal_replay,Confidence-Clean
RUN_042,TRIAD_014,A05_Confidence-Clean_B600,R2,1385197443,1321237343,581,Det/images/normal_train/00834094.png,0,08,persistent_hard,0.7004633734,0.16,0.1782367392,normal_replay,Confidence-Clean
RUN_042,TRIAD_014,A05_Confidence-Clean_B600,R2,1385197443,1321237343,582,Det/images/normal_train/01032464.png,0,02,persistent_hard,0.7004367525,0.285,0.2283874688,normal_replay,Confidence-Clean
RUN_042,TRIAD_014,A05_Confidence-Clean_B600,R2,1385197443,1321237343,583,Det/images/normal_train/00700610.png,0,09,persistent_hard,0.7002556483,0.105,0.1540711657,normal_replay,Confidence-Clean
RUN_042,TRIAD_014,A05_Confidence-Clean_B600,R2,1385197443,1321237343,584,Det/images/normal_train/00816871.png,0,00,persistent_hard,0.7001236875,0.155,0.1811915489,normal_replay,Confidence-Clean
RUN_042,TRIAD_014,A05_Confidence-Clean_B600,R2,1385197443,1321237343,585,Det/images/normal_train/00284136.png,0,01,persistent_hard,0.7000800155,0.01,0.112477868,normal_replay,Confidence-Clean
RUN_042,TRIAD_014,A05_Confidence-Clean_B600,R2,1385197443,1321237343,586,Det/images/normal_train/00197193.png,0,06,persistent_hard,0.6999537618,0.005,0.0884770678,normal_replay,Confidence-Clean
RUN_042,TRIAD_014,A05_Confidence-Clean_B600,R2,1385197443,1321237343,587,Det/images/normal_train/00254225.png,0,03,learnable_hard,0.6999118063,0.235,0.3016611645,normal_replay,Confidence-Clean
RUN_042,TRIAD_014,A05_Confidence-Clean_B600,R2,1385197443,1321237343,588,Det/images/normal_train/01247497.png,0,02,persistent_hard,0.6997656187,0.11,0.1775807325,normal_replay,Confidence-Clean
RUN_042,TRIAD_014,A05_Confidence-Clean_B600,R2,1385197443,1321237343,589,Det/images/normal_train/00647080.png,0,01,persistent_hard,0.6997538752,0.105,0.1462940679,normal_replay,Confidence-Clean
RUN_042,TRIAD_014,A05_Confidence-Clean_B600,R2,1385197443,1321237343,590,Det/images/normal_train/01284358.png,0,00,learnable_hard,0.6996666618,0.175,0.2683676294,normal_replay,Confidence-Clean
RUN_042,TRIAD_014,A05_Confidence-Clean_B600,R2,1385197443,1321237343,591,Det/images/normal_train/00270979.png,0,04,persistent_hard,0.6996164742,0.22,0.2249479525,normal_replay,Confidence-Clean
RUN_042,TRIAD_014,A05_Confidence-Clean_B600,R2,1385197443,1321237343,592,Det/images/normal_train/00801492.png,0,06,persistent_hard,0.6996116968,0.135,0.1955067359,normal_replay,Confidence-Clean
RUN_042,TRIAD_014,A05_Confidence-Clean_B600,R2,1385197443,1321237343,593,Det/images/normal_train/00792760.png,0,03,persistent_hard,0.6994224556,0.095,0.1395612257,normal_replay,Confidence-Clean
RUN_042,TRIAD_014,A05_Confidence-Clean_B600,R2,1385197443,1321237343,594,Det/images/normal_train/01032233.png,0,02,learnable_hard,0.6993739317,0.16,0.2556932319,normal_replay,Confidence-Clean
RUN_042,TRIAD_014,A05_Confidence-Clean_B600,R2,1385197443,1321237343,595,Det/images/normal_train/00416969.png,0,05,persistent_hard,0.6990596178,0.015,0.1144262049,normal_replay,Confidence-Clean
RUN_042,TRIAD_014,A05_Confidence-Clean_B600,R2,1385197443,1321237343,596,Det/images/normal_train/00266947.png,0,01,learnable_hard,0.6990412537,0.14,0.1768962396,normal_replay,Confidence-Clean
RUN_042,TRIAD_014,A05_Confidence-Clean_B600,R2,1385197443,1321237343,597,Det/images/normal_train/00212027.png,0,05,persistent_hard,0.6987730932,0.175,0.1984626604,normal_replay,Confidence-Clean
RUN_042,TRIAD_014,A05_Confidence-Clean_B600,R2,1385197443,1321237343,598,Det/images/normal_train/01289358.png,0,01,persistent_hard,0.6986977932,0.01,0.1361773011,normal_replay,Confidence-Clean
RUN_042,TRIAD_014,A05_Confidence-Clean_B600,R2,1385197443,1321237343,599,Det/images/normal_train/00395178.png,0,05,learnable_hard,0.69865073,0.215,0.2192128164,normal_replay,Confidence-Clean
RUN_042,TRIAD_014,A05_Confidence-Clean_B600,R2,1385197443,1321237343,600,Det/images/normal_train/01272806.png,0,00,persistent_hard,0.6984514514,0.015,0.1331838669,normal_replay,Confidence-Clean
