label,scope,score_type,n,mean_shift,median_shift,std_shift,beneficial_rate,harmed_rate,neutral_rate,triad_id,condition_slot,condition_id,phase,training_seed,control,machine_pair,any_resumed
normal,all,raw,100000,-0.0021198834159328,-4.3307743435860857e-07,0.096837517699411,0.64454,0.35534,0.00012,TRIAD_001,A01,A01_GapCritical-Strict_B600,A,1829910790,R1,same_machine,False
normal,all,calibrated,100000,-0.0007765398187549,0.0008157353014191,0.0676633307381852,0.428,0.572,0.0,TRIAD_001,A01,A01_GapCritical-Strict_B600,A,1829910790,R1,same_machine,False
normal,operational,raw,31747,-0.0066153920080369,-0.0002576769365987,0.1717611259821067,0.5742904841402338,0.4253315273884147,0.0003779884713516,TRIAD_001,A01,A01_GapCritical-Strict_B600,A,1829910790,R1,same_machine,False
normal,operational,calibrated,31747,-0.0033148301760626,-0.0015962527873971,0.1187670144140376,0.512678363309919,0.4873216366900809,0.0,TRIAD_001,A01,A01_GapCritical-Strict_B600,A,1829910790,R1,same_machine,False
normal,tail_gap,raw,10000,-0.0162617143260301,-6.258487701471527e-06,0.2854898175267193,0.5055,0.4933,0.0012,TRIAD_001,A01,A01_GapCritical-Strict_B600,A,1829910790,R1,same_machine,False
normal,tail_gap,calibrated,10000,-0.0084797146825216,-0.0029553320105514,0.1744578383032847,0.5157,0.4843,0.0,TRIAD_001,A01,A01_GapCritical-Strict_B600,A,1829910790,R1,same_machine,False
defect,all,raw,20000,0.0015742936831325,1.1920928955078125e-07,0.0937795713258072,0.5199,0.29595,0.18415,TRIAD_001,A01,A01_GapCritical-Strict_B600,A,1829910790,R1,same_machine,False
defect,all,calibrated,20000,0.0010320463742434,-0.0011030352845852,0.0694225035560675,0.38535,0.61465,0.0,TRIAD_001,A01,A01_GapCritical-Strict_B600,A,1829910790,R1,same_machine,False
defect,operational,raw,95,-0.000126130218619,-2.6968806317029244e-06,0.0007240744172815,0.4421052631578947,0.5578947368421052,0.0,TRIAD_001,A01,A01_GapCritical-Strict_B600,A,1829910790,R1,same_machine,False
defect,operational,calibrated,95,0.0004691214195384,0.0032205732416478,0.0204670801148148,0.5473684210526316,0.4526315789473684,0.0,TRIAD_001,A01,A01_GapCritical-Strict_B600,A,1829910790,R1,same_machine,False
defect,tail_gap,raw,1000,0.0054066143667035,-5.743802128677089e-05,0.2978729947490784,0.471,0.529,0.0,TRIAD_001,A01,A01_GapCritical-Strict_B600,A,1829910790,R1,same_machine,False
defect,tail_gap,calibrated,1000,0.0073322174051934,0.0038136135421762,0.1747023503159185,0.524,0.476,0.0,TRIAD_001,A01,A01_GapCritical-Strict_B600,A,1829910790,R1,same_machine,False
normal,all,raw,100000,0.0022191770217398,7.872665505614933e-09,0.0998811521456698,0.47815,0.5216,0.00025,TRIAD_001,A01,A01_GapCritical-Strict_B600,A,1829910790,R2,same_machine,False
normal,all,calibrated,100000,0.0001450356112403,-0.0005306538561497,0.0686262535975941,0.59989,0.40011,0.0,TRIAD_001,A01,A01_GapCritical-Strict_B600,A,1829910790,R2,same_machine,False
normal,operational,raw,31747,0.0069658959465334,8.568639168510001e-05,0.1771589687281184,0.4500582732226667,0.5491542507953507,0.0007874759819825,TRIAD_001,A01,A01_GapCritical-Strict_B600,A,1829910790,R2,same_machine,False
normal,operational,calibrated,31747,0.0016924446214521,0.0009575373415714,0.1204568987676897,0.4910070242857592,0.5089929757142407,0.0,TRIAD_001,A01,A01_GapCritical-Strict_B600,A,1829910790,R2,same_machine,False
normal,tail_gap,raw,10000,0.0159698050194772,2.938508987432309e-05,0.296075531439989,0.48,0.5175,0.0025,TRIAD_001,A01,A01_GapCritical-Strict_B600,A,1829910790,R2,same_machine,False
normal,tail_gap,calibrated,10000,0.0021120540778353,0.0008317446795983,0.1776863413728168,0.4933,0.5067,0.0,TRIAD_001,A01,A01_GapCritical-Strict_B600,A,1829910790,R2,same_machine,False
defect,all,raw,20000,0.0017516485209048,0.0,0.0990050254907063,0.347,0.42505,0.22795,TRIAD_001,A01,A01_GapCritical-Strict_B600,A,1829910790,R2,same_machine,False
defect,all,calibrated,20000,-0.0001898808614937,0.0003948671824806,0.0720602190773826,0.6187,0.3813,0.0,TRIAD_001,A01,A01_GapCritical-Strict_B600,A,1829910790,R2,same_machine,False
defect,operational,raw,95,-0.0008186790536938,1.1339466254867148e-06,0.0076506185287595,0.5473684210526316,0.4526315789473684,0.0,TRIAD_001,A01,A01_GapCritical-Strict_B600,A,1829910790,R2,same_machine,False
defect,operational,calibrated,95,-0.0058956402517089,-0.0005306538561497,0.0323639841006789,0.4526315789473684,0.5473684210526316,0.0,TRIAD_001,A01,A01_GapCritical-Strict_B600,A,1829910790,R2,same_machine,False
defect,tail_gap,raw,1000,0.0072701903405738,9.475931847191532e-06,0.3026048563572494,0.518,0.482,0.0,TRIAD_001,A01,A01_GapCritical-Strict_B600,A,1829910790,R2,same_machine,False
defect,tail_gap,calibrated,1000,-0.0035261737296826,-0.0025859909033607,0.1787668788718413,0.486,0.514,0.0,TRIAD_001,A01,A01_GapCritical-Strict_B600,A,1829910790,R2,same_machine,False
normal,all,raw,100000,-0.0026564473156963,-2.8772812576960405e-08,0.1004769413616986,0.55604,0.44361,0.00035,TRIAD_002,A01,A01_GapCritical-Strict_B600,A,1385197443,R1,same_machine,False
normal,all,calibrated,100000,-0.001451239623243,0.0006290285508852,0.0707550816449042,0.4113,0.5887,0.0,TRIAD_002,A01,A01_GapCritical-Strict_B600,A,1385197443,R1,same_machine,False
normal,operational,raw,31747,-0.0083213192773763,-8.0108642578125e-05,0.1781082022887064,0.5529971335874256,0.4459004000377988,0.0011024663747755,TRIAD_002,A01,A01_GapCritical-Strict_B600,A,1385197443,R1,same_machine,False
normal,operational,calibrated,31747,-0.0056655820769644,-0.0022994541152888,0.1239038461098303,0.5189781711657795,0.4810218288342205,0.0,TRIAD_002,A01,A01_GapCritical-Strict_B600,A,1385197443,R1,same_machine,False
normal,tail_gap,raw,10000,-0.0220839476427365,-8.079409599301424e-05,0.3008646688515338,0.5225,0.474,0.0035,TRIAD_002,A01,A01_GapCritical-Strict_B600,A,1385197443,R1,same_machine,False
normal,tail_gap,calibrated,10000,-0.0116352386819902,-0.004891044481782,0.1829033340992103,0.5237,0.4763,0.0,TRIAD_002,A01,A01_GapCritical-Strict_B600,A,1385197443,R1,same_machine,False
defect,all,raw,20000,-0.0014292154925965,0.0,0.1013279134575154,0.4442,0.32125,0.23455,TRIAD_002,A01,A01_GapCritical-Strict_B600,A,1385197443,R1,same_machine,False
defect,all,calibrated,20000,0.000331611641322,-0.0005815045499769,0.0731153040803159,0.38865,0.61135,0.0,TRIAD_002,A01,A01_GapCritical-Strict_B600,A,1385197443,R1,same_machine,False
defect,operational,raw,95,0.0004551516311076,-4.1231771774619126e-08,0.0050890023237007,0.4947368421052631,0.5052631578947369,0.0,TRIAD_002,A01,A01_GapCritical-Strict_B600,A,1385197443,R1,same_machine,False
defect,operational,calibrated,95,0.0031150973397907,0.0019215539347148,0.0325455955396295,0.5684210526315789,0.431578947368421,0.0,TRIAD_002,A01,A01_GapCritical-Strict_B600,A,1385197443,R1,same_machine,False
defect,tail_gap,raw,1000,0.0036768253890857,-5.91139090033721e-06,0.3015763500891045,0.487,0.513,0.0,TRIAD_002,A01,A01_GapCritical-Strict_B600,A,1385197443,R1,same_machine,False
defect,tail_gap,calibrated,1000,0.0034344231008522,0.0018128375472975,0.1789393201972789,0.514,0.486,0.0,TRIAD_002,A01,A01_GapCritical-Strict_B600,A,1385197443,R1,same_machine,False
normal,all,raw,100000,-0.002083820590715,-3.487577715510781e-08,0.1016516430150688,0.55912,0.44063,0.00025,TRIAD_002,A01,A01_GapCritical-Strict_B600,A,1385197443,R2,same_machine,False
normal,all,calibrated,100000,-0.0013010004248957,0.0003948392933211,0.0712453956283757,0.44251,0.55749,0.0,TRIAD_002,A01,A01_GapCritical-Strict_B600,A,1385197443,R2,same_machine,False
normal,operational,raw,31747,-0.0065397660899578,-2.5815548724494874e-05,0.1802684140593337,0.525813462689388,0.4733990613286294,0.0007874759819825,TRIAD_002,A01,A01_GapCritical-Strict_B600,A,1385197443,R2,same_machine,False
normal,operational,calibrated,31747,-0.0038780662663783,-0.0004758580240424,0.1249208679345607,0.5048351025293728,0.4951648974706271,0.0,TRIAD_002,A01,A01_GapCritical-Strict_B600,A,1385197443,R2,same_machine,False
normal,tail_gap,raw,10000,-0.0157690573178927,-2.467632293717825e-05,0.302559997967155,0.5153,0.4822,0.0025,TRIAD_002,A01,A01_GapCritical-Strict_B600,A,1385197443,R2,same_machine,False
normal,tail_gap,calibrated,10000,-0.0093774739545084,-0.0027024293877441,0.1843796107570782,0.5178,0.4822,0.0,TRIAD_002,A01,A01_GapCritical-Strict_B600,A,1385197443,R2,same_machine,False
defect,all,raw,20000,-0.0025083799413339,0.0,0.1019966218291483,0.4502,0.32355,0.22625,TRIAD_002,A01,A01_GapCritical-Strict_B600,A,1385197443,R2,same_machine,False
defect,all,calibrated,20000,-0.0009487302120504,-0.0003464335391937,0.0724327568898176,0.40255,0.59745,0.0,TRIAD_002,A01,A01_GapCritical-Strict_B600,A,1385197443,R2,same_machine,False
defect,operational,raw,95,0.0004254197739779,2.405693976470502e-06,0.005113722036104,0.5684210526315789,0.431578947368421,0.0,TRIAD_002,A01,A01_GapCritical-Strict_B600,A,1385197443,R2,same_machine,False
defect,operational,calibrated,95,0.0048812200449981,0.0029062088247614,0.0300117779576282,0.6105263157894737,0.3894736842105263,0.0,TRIAD_002,A01,A01_GapCritical-Strict_B600,A,1385197443,R2,same_machine,False
defect,tail_gap,raw,1000,-0.0021871398835047,1.6423612478888572e-06,0.3079895876010471,0.506,0.494,0.0,TRIAD_002,A01,A01_GapCritical-Strict_B600,A,1385197443,R2,same_machine,False
defect,tail_gap,calibrated,1000,0.0009633095003501,0.0034848977159875,0.1806335257650304,0.522,0.478,0.0,TRIAD_002,A01,A01_GapCritical-Strict_B600,A,1385197443,R2,same_machine,False
normal,all,raw,100000,-0.0015689185169208,-3.897548883635693e-07,0.0995440174631983,0.60252,0.39732,0.00016,TRIAD_003,A01,A01_GapCritical-Strict_B600,A,1343723075,R1,same_machine,False
normal,all,calibrated,100000,-0.000506339418111,0.0013780980839782,0.0702599195240063,0.38375,0.61625,0.0,TRIAD_003,A01,A01_GapCritical-Strict_B600,A,1343723075,R1,same_machine,False
normal,operational,raw,31747,-0.0049096871904294,-0.0003326979931444,0.1765826071064755,0.5962453145179072,0.4032507008536239,0.0005039846284688,TRIAD_003,A01,A01_GapCritical-Strict_B600,A,1343723075,R1,same_machine,False
normal,operational,calibrated,31747,-0.0048099744225912,-0.0027416992690002,0.1230824812750911,0.5216870885437994,0.4783129114562006,0.0,TRIAD_003,A01,A01_GapCritical-Strict_B600,A,1343723075,R1,same_machine,False
normal,tail_gap,raw,10000,-0.0107837924835565,3.2186508178155826e-06,0.2966767592973962,0.49,0.5084,0.0016,TRIAD_003,A01,A01_GapCritical-Strict_B600,A,1343723075,R1,same_machine,False
normal,tail_gap,calibrated,10000,-0.0097642070959132,-0.0032032365745224,0.1813285262469877,0.5167,0.4833,0.0,TRIAD_003,A01,A01_GapCritical-Strict_B600,A,1343723075,R1,same_machine,False
defect,all,raw,20000,0.0009036624213158,2.384185792125848e-07,0.0974759847810751,0.57175,0.25175,0.1765,TRIAD_003,A01,A01_GapCritical-Strict_B600,A,1343723075,R1,same_machine,False
defect,all,calibrated,20000,0.0002421383804249,-0.0016266555540411,0.0731046541564478,0.38595,0.61405,0.0,TRIAD_003,A01,A01_GapCritical-Strict_B600,A,1343723075,R1,same_machine,False
defect,operational,raw,95,-2.504786819729268e-05,-1.590304486853711e-05,0.0020451042263662,0.3157894736842105,0.6842105263157895,0.0,TRIAD_003,A01,A01_GapCritical-Strict_B600,A,1343723075,R1,same_machine,False
defect,operational,calibrated,95,-0.0022657755539671,-0.0004514371779027,0.0315908453818568,0.4842105263157895,0.5157894736842106,0.0,TRIAD_003,A01,A01_GapCritical-Strict_B600,A,1343723075,R1,same_machine,False
defect,tail_gap,raw,1000,0.0044042956930396,-0.0003739271003268,0.2869290686832924,0.431,0.569,0.0,TRIAD_003,A01,A01_GapCritical-Strict_B600,A,1343723075,R1,same_machine,False
defect,tail_gap,calibrated,1000,0.0007219231394428,-0.0017613323226005,0.1706183148617118,0.481,0.519,0.0,TRIAD_003,A01,A01_GapCritical-Strict_B600,A,1343723075,R1,same_machine,False
normal,all,raw,100000,0.001130026510115,4.8921570128257486e-09,0.101786283890548,0.48425,0.51545,0.0003,TRIAD_003,A01,A01_GapCritical-Strict_B600,A,1343723075,R2,same_machine,False
normal,all,calibrated,100000,-0.000351650610641,-2.107661033949994e-05,0.0711139951527864,0.551,0.449,0.0,TRIAD_003,A01,A01_GapCritical-Strict_B600,A,1343723075,R2,same_machine,False
normal,operational,raw,31747,0.0035189979230019,1.1920928955078125e-07,0.1805844586346798,0.4986927898699089,0.500362238951712,0.000944971178379,TRIAD_003,A01,A01_GapCritical-Strict_B600,A,1343723075,R2,same_machine,False
normal,operational,calibrated,31747,-0.0009519943006099,-0.001501813829301,0.1246383019127991,0.5126468642706398,0.4873531357293602,0.0,TRIAD_003,A01,A01_GapCritical-Strict_B600,A,1343723075,R2,same_machine,False
normal,tail_gap,raw,10000,0.0090503878406573,9.357929229736328e-06,0.3032894962466376,0.4837,0.5133,0.003,TRIAD_003,A01,A01_GapCritical-Strict_B600,A,1343723075,R2,same_machine,False
normal,tail_gap,calibrated,10000,-0.0007924237431693,-0.0002194402037017,0.1842178306476255,0.5031,0.4969,0.0,TRIAD_003,A01,A01_GapCritical-Strict_B600,A,1343723075,R2,same_machine,False
defect,all,raw,20000,0.0015811092934882,0.0,0.1044406513867708,0.39965,0.36095,0.2394,TRIAD_003,A01,A01_GapCritical-Strict_B600,A,1343723075,R2,same_machine,False
defect,all,calibrated,20000,0.0009204519194414,-0.0002194402037017,0.0748128365867209,0.3618,0.6382,0.0,TRIAD_003,A01,A01_GapCritical-Strict_B600,A,1343723075,R2,same_machine,False
defect,operational,raw,95,-0.0007190228057473,-7.533635653089732e-07,0.0094080602182641,0.4421052631578947,0.5578947368421052,0.0,TRIAD_003,A01,A01_GapCritical-Strict_B600,A,1343723075,R2,same_machine,False
defect,operational,calibrated,95,-0.003232888502115,-0.0010018315544091,0.0427514507325296,0.431578947368421,0.5684210526315789,0.0,TRIAD_003,A01,A01_GapCritical-Strict_B600,A,1343723075,R2,same_machine,False
defect,tail_gap,raw,1000,0.0173280865661034,1.0664832643669795e-06,0.310225844597326,0.509,0.491,0.0,TRIAD_003,A01,A01_GapCritical-Strict_B600,A,1343723075,R2,same_machine,False
defect,tail_gap,calibrated,1000,0.0032027575777592,-0.0005539824251122,0.1789467296220139,0.494,0.506,0.0,TRIAD_003,A01,A01_GapCritical-Strict_B600,A,1343723075,R2,same_machine,False
normal,all,raw,100000,-0.0013574110333239,6.486145787132357e-10,0.1027781036955579,0.49337,0.50636,0.00027,TRIAD_004,A02,A02_GapCritical-Strict_B3000,A,1829910790,R1,same_machine,False
normal,all,calibrated,100000,-0.0006960065368712,-5.864743263180039e-05,0.0734066251979038,0.56573,0.43427,0.0,TRIAD_004,A02,A02_GapCritical-Strict_B3000,A,1829910790,R1,same_machine,False
normal,operational,raw,31747,-0.0042874485912164,-8.951581548899412e-06,0.1823596361633364,0.5099064478533405,0.4892430780861184,0.0008504740605411,TRIAD_004,A02,A02_GapCritical-Strict_B3000,A,1829910790,R1,same_machine,False
normal,operational,calibrated,31747,-0.0024929329079232,-0.0007072199182686,0.1288269363627693,0.5054335842756796,0.4945664157243204,0.0,TRIAD_004,A02,A02_GapCritical-Strict_B3000,A,1829910790,R1,same_machine,False
normal,tail_gap,raw,10000,-0.0101507164353062,-1.02519989014227e-05,0.3052356429121328,0.5122,0.4851,0.0027,TRIAD_004,A02,A02_GapCritical-Strict_B3000,A,1829910790,R1,same_machine,False
normal,tail_gap,calibrated,10000,-0.0039935802179331,-0.0003153832545296,0.1884452540419015,0.501,0.499,0.0,TRIAD_004,A02,A02_GapCritical-Strict_B3000,A,1829910790,R1,same_machine,False
defect,all,raw,20000,-0.0026381168521335,0.0,0.1028712317345029,0.39175,0.4262,0.18205,TRIAD_004,A02,A02_GapCritical-Strict_B3000,A,1829910790,R1,same_machine,False
defect,all,calibrated,20000,-0.0010632095764914,0.0001879163371847,0.0737936942374715,0.6105,0.3895,0.0,TRIAD_004,A02,A02_GapCritical-Strict_B3000,A,1829910790,R1,same_machine,False
defect,operational,raw,95,-3.694696288117524e-05,-6.185941074932089e-07,0.0021748141462344,0.4631578947368421,0.5368421052631579,0.0,TRIAD_004,A02,A02_GapCritical-Strict_B3000,A,1829910790,R1,same_machine,False
defect,operational,calibrated,95,-0.0002949320483453,-0.0006125852115883,0.0360056991312303,0.4631578947368421,0.5368421052631579,0.0,TRIAD_004,A02,A02_GapCritical-Strict_B3000,A,1829910790,R1,same_machine,False
defect,tail_gap,raw,1000,-0.0229903410623793,-4.78615838802e-05,0.30690849190775,0.466,0.534,0.0,TRIAD_004,A02,A02_GapCritical-Strict_B3000,A,1829910790,R1,same_machine,False
defect,tail_gap,calibrated,1000,-0.0122794431711014,-0.0039906059512513,0.1820905761481124,0.467,0.533,0.0,TRIAD_004,A02,A02_GapCritical-Strict_B3000,A,1829910790,R1,same_machine,False
normal,all,raw,100000,-0.0004434171090572,-3.482887009909064e-07,0.0953087292332395,0.63173,0.36809,0.00018,TRIAD_004,A02,A02_GapCritical-Strict_B3000,A,1829910790,R2,same_machine,False
normal,all,calibrated,100000,-0.0001826041462384,0.000990863924114,0.0687585783122487,0.4227,0.5773,0.0,TRIAD_004,A02,A02_GapCritical-Strict_B3000,A,1829910790,R2,same_machine,False
normal,operational,raw,31747,-0.0013740736769439,-0.0002176775742555,0.1691342193511744,0.5794248275427599,0.4200081897502126,0.0005669827070274,TRIAD_004,A02,A02_GapCritical-Strict_B3000,A,1829910790,R2,same_machine,False
normal,operational,calibrated,31747,-0.0013400466345664,-0.0025666304920489,0.1206292082790591,0.5195766529120862,0.4804233470879138,0.0,TRIAD_004,A02,A02_GapCritical-Strict_B3000,A,1829910790,R2,same_machine,False
normal,tail_gap,raw,10000,-0.0027839138003724,9.000301361139496e-06,0.2860082318573061,0.4876,0.5106,0.0018,TRIAD_004,A02,A02_GapCritical-Strict_B3000,A,1829910790,R2,same_machine,False
normal,tail_gap,calibrated,10000,-0.0011600809955428,6.520850347002671e-05,0.1776265098163141,0.4999,0.5001,0.0,TRIAD_004,A02,A02_GapCritical-Strict_B3000,A,1829910790,R2,same_machine,False
defect,all,raw,20000,-0.0005865146911575,1.1920928955078125e-07,0.0982968765538485,0.5336,0.32285,0.14355,TRIAD_004,A02,A02_GapCritical-Strict_B3000,A,1829910790,R2,same_machine,False
defect,all,calibrated,20000,-0.0009039428343814,-0.0010473555822884,0.0707143707816462,0.3973,0.6027,0.0,TRIAD_004,A02,A02_GapCritical-Strict_B3000,A,1829910790,R2,same_machine,False
defect,operational,raw,95,-6.941965312067914e-05,-2.5727566139721603e-06,0.0019673993305313,0.4210526315789473,0.5789473684210527,0.0,TRIAD_004,A02,A02_GapCritical-Strict_B3000,A,1829910790,R2,same_machine,False
defect,operational,calibrated,95,0.0021095596484649,0.0007528637108672,0.0305103955612604,0.5368421052631579,0.4631578947368421,0.0,TRIAD_004,A02,A02_GapCritical-Strict_B3000,A,1829910790,R2,same_machine,False
defect,tail_gap,raw,1000,-0.0109102661080907,-0.000246964833991,0.2818906217577977,0.44,0.56,0.0,TRIAD_004,A02,A02_GapCritical-Strict_B3000,A,1829910790,R2,same_machine,False
defect,tail_gap,calibrated,1000,-0.0023951229818862,-0.0019971485090241,0.1689279697179687,0.482,0.518,0.0,TRIAD_004,A02,A02_GapCritical-Strict_B3000,A,1829910790,R2,same_machine,False
normal,all,raw,100000,-0.0022225403499895,-1.5578182965825252e-08,0.1050149625830964,0.53747,0.46217,0.00036,TRIAD_005,A02,A02_GapCritical-Strict_B3000,A,1385197443,R1,same_machine,False
normal,all,calibrated,100000,-0.0012744929232823,0.0003438899098985,0.0736222826764304,0.43139,0.56861,0.0,TRIAD_005,A02,A02_GapCritical-Strict_B3000,A,1385197443,R1,same_machine,False
normal,operational,raw,31747,-0.0069742209964767,-3.626942634589979e-05,0.1862427371554471,0.5331842378807446,0.4656817967052005,0.0011339654140548,TRIAD_005,A02,A02_GapCritical-Strict_B3000,A,1385197443,R1,same_machine,False
normal,operational,calibrated,31747,-0.0042315782492501,-0.0013312941981264,0.1290422871076748,0.5114499007780263,0.4885500992219737,0.0,TRIAD_005,A02,A02_GapCritical-Strict_B3000,A,1385197443,R1,same_machine,False
normal,tail_gap,raw,10000,-0.0172458778310046,-2.8848648071400085e-05,0.3141929278092016,0.5173,0.4791,0.0036,TRIAD_005,A02,A02_GapCritical-Strict_B3000,A,1385197443,R1,same_machine,False
normal,tail_gap,calibrated,10000,-0.0074615810301332,-0.0020795381344826,0.1911515051269721,0.5116,0.4884,0.0,TRIAD_005,A02,A02_GapCritical-Strict_B3000,A,1385197443,R1,same_machine,False
defect,all,raw,20000,-0.0029337379129231,0.0,0.1061512524473962,0.38585,0.3742,0.23995,TRIAD_005,A02,A02_GapCritical-Strict_B3000,A,1385197443,R1,same_machine,False
defect,all,calibrated,20000,-0.0003735371857338,-0.000197897587889,0.0759412066489038,0.3834,0.6166,0.0,TRIAD_005,A02,A02_GapCritical-Strict_B3000,A,1385197443,R1,same_machine,False
defect,operational,raw,95,7.200523121046976e-05,-3.7828062886546815e-06,0.0009575977696641,0.3578947368421052,0.6421052631578947,0.0,TRIAD_005,A02,A02_GapCritical-Strict_B3000,A,1385197443,R1,same_machine,False
defect,operational,calibrated,95,-0.0008015361598644,-0.0026756321919026,0.0232049333262405,0.4210526315789473,0.5789473684210527,0.0,TRIAD_005,A02,A02_GapCritical-Strict_B3000,A,1385197443,R1,same_machine,False
defect,tail_gap,raw,1000,-0.0463848674875179,-0.000231690392411,0.3027461344971228,0.422,0.578,0.0,TRIAD_005,A02,A02_GapCritical-Strict_B3000,A,1385197443,R1,same_machine,False
defect,tail_gap,calibrated,1000,-0.0270038895931997,-0.0087749292767244,0.1828907952631885,0.45,0.55,0.0,TRIAD_005,A02,A02_GapCritical-Strict_B3000,A,1385197443,R1,same_machine,False
normal,all,raw,100000,0.0001607460674878,9.874987327851414e-09,0.1026077578032244,0.45952,0.54012,0.00036,TRIAD_005,A02,A02_GapCritical-Strict_B3000,A,1385197443,R2,same_machine,False
normal,all,calibrated,100000,0.0005228478285111,-1.859818915210011e-05,0.0728821966416425,0.5475,0.4525,0.0,TRIAD_005,A02,A02_GapCritical-Strict_B3000,A,1385197443,R2,same_machine,False
normal,operational,raw,31747,0.0005076285028654,4.72453166366904e-06,0.1820711750141709,0.4902825463823353,0.5085834882036098,0.0011339654140548,TRIAD_005,A02,A02_GapCritical-Strict_B3000,A,1385197443,R2,same_machine,False
normal,operational,calibrated,31747,0.0004136791446635,0.0005633040505946,0.1278466716823704,0.4945664157243204,0.5054335842756796,0.0,TRIAD_005,A02,A02_GapCritical-Strict_B3000,A,1385197443,R2,same_machine,False
normal,tail_gap,raw,10000,0.0005306651520193,0.0,0.3095938831939161,0.4972,0.4992,0.0036,TRIAD_005,A02,A02_GapCritical-Strict_B3000,A,1385197443,R2,same_machine,False
normal,tail_gap,calibrated,10000,-0.0008251919941253,-0.0001607255629367,0.1906767754313698,0.5044,0.4956,0.0,TRIAD_005,A02,A02_GapCritical-Strict_B3000,A,1385197443,R2,same_machine,False
defect,all,raw,20000,-0.002121272069742,0.0,0.1067512570823385,0.3627,0.38805,0.24925,TRIAD_005,A02,A02_GapCritical-Strict_B3000,A,1385197443,R2,same_machine,False
defect,all,calibrated,20000,-0.0015947044557193,-3.536800439785104e-05,0.0759018658155786,0.36105,0.63895,0.0,TRIAD_005,A02,A02_GapCritical-Strict_B3000,A,1385197443,R2,same_machine,False
defect,operational,raw,95,-0.0003049907688434,3.636978895826815e-08,0.0030809474756848,0.5052631578947369,0.4947368421052631,0.0,TRIAD_005,A02,A02_GapCritical-Strict_B3000,A,1385197443,R2,same_machine,False
defect,operational,calibrated,95,-0.0017915851233626,-1.859818915210011e-05,0.0348273371302918,0.4947368421052631,0.5052631578947369,0.0,TRIAD_005,A02,A02_GapCritical-Strict_B3000,A,1385197443,R2,same_machine,False
defect,tail_gap,raw,1000,-0.0210409249555269,-1.6471383332827827e-06,0.2978448500541513,0.488,0.512,0.0,TRIAD_005,A02,A02_GapCritical-Strict_B3000,A,1385197443,R2,same_machine,False
defect,tail_gap,calibrated,1000,-0.014090953811552,-0.0019588216715492,0.182023052358508,0.486,0.514,0.0,TRIAD_005,A02,A02_GapCritical-Strict_B3000,A,1385197443,R2,same_machine,False
normal,all,raw,100000,-0.0039217227980081,-3.989710819496412e-07,0.0997647611525023,0.65844,0.34138,0.00018,TRIAD_006,A02,A02_GapCritical-Strict_B3000,A,1343723075,R1,same_machine,False
normal,all,calibrated,100000,-0.0006979346947996,0.0016331305047886,0.0717847680716717,0.3862,0.6138,0.0,TRIAD_006,A02,A02_GapCritical-Strict_B3000,A,1343723075,R1,same_machine,False
normal,operational,raw,31747,-0.0123107970592072,-0.0002531280988477,0.1767586009974117,0.6041830724162913,0.3952499448766812,0.0005669827070274,TRIAD_006,A02,A02_GapCritical-Strict_B3000,A,1343723075,R1,same_machine,False
normal,operational,calibrated,31747,-0.0047816378303064,-0.0015367981565248,0.1259183576868264,0.5121743786814502,0.4878256213185498,0.0,TRIAD_006,A02,A02_GapCritical-Strict_B3000,A,1343723075,R1,same_machine,False
normal,tail_gap,raw,10000,-0.0309841499805404,-0.0001826584339141,0.2979219018390761,0.5221,0.4761,0.0018,TRIAD_006,A02,A02_GapCritical-Strict_B3000,A,1343723075,R1,same_machine,False
normal,tail_gap,calibrated,10000,-0.0117512416319367,-0.0040673658190599,0.1855146104103579,0.5204,0.4796,0.0,TRIAD_006,A02,A02_GapCritical-Strict_B3000,A,1343723075,R1,same_machine,False
defect,all,raw,20000,-0.0028620555917597,1.1920928955078125e-07,0.1010062804687655,0.53555,0.28795,0.1765,TRIAD_006,A02,A02_GapCritical-Strict_B3000,A,1343723075,R1,same_machine,False
defect,all,calibrated,20000,-0.0006431020623271,-0.0014471900474583,0.0729079374738734,0.3912,0.6088,0.0,TRIAD_006,A02,A02_GapCritical-Strict_B3000,A,1343723075,R1,same_machine,False
defect,operational,raw,95,-8.097232357889999e-05,-9.025114195537752e-06,0.0004837553334958,0.3263157894736842,0.6736842105263158,0.0,TRIAD_006,A02,A02_GapCritical-Strict_B3000,A,1343723075,R1,same_machine,False
defect,operational,calibrated,95,-9.541757070712836e-06,0.0004364028817343,0.0246516930974446,0.5157894736842106,0.4842105263157895,0.0,TRIAD_006,A02,A02_GapCritical-Strict_B3000,A,1343723075,R1,same_machine,False
defect,tail_gap,raw,1000,-0.0315718878730753,-0.0003971467485826,0.2920014609940515,0.413,0.587,0.0,TRIAD_006,A02,A02_GapCritical-Strict_B3000,A,1343723075,R1,same_machine,False
defect,tail_gap,calibrated,1000,-0.0118217408467347,-0.0044050300997743,0.1798219301690501,0.476,0.524,0.0,TRIAD_006,A02,A02_GapCritical-Strict_B3000,A,1343723075,R1,same_machine,False
normal,all,raw,100000,-0.0022115947056409,-4.368605902721479e-08,0.1008972333698062,0.57469,0.42479,0.00052,TRIAD_006,A02,A02_GapCritical-Strict_B3000,A,1343723075,R2,same_machine,False
normal,all,calibrated,100000,0.0004933877384797,0.000364817649302,0.0708865294843826,0.43817,0.56183,0.0,TRIAD_006,A02,A02_GapCritical-Strict_B3000,A,1343723075,R2,same_machine,False
normal,operational,raw,31747,-0.0069600791596935,-4.522812741925008e-05,0.1789726585469837,0.5445238920212934,0.4538381579361829,0.0016379500425237,TRIAD_006,A02,A02_GapCritical-Strict_B3000,A,1343723075,R2,same_machine,False
normal,operational,calibrated,31747,0.0022079196456334,0.0004879988388779,0.1243861543338492,0.494629413802879,0.5053705861971209,0.0,TRIAD_006,A02,A02_GapCritical-Strict_B3000,A,1343723075,R2,same_machine,False
normal,tail_gap,raw,10000,-0.018532158665059,-0.0001753568649291,0.3030710664383111,0.5373,0.4575,0.0052,TRIAD_006,A02,A02_GapCritical-Strict_B3000,A,1343723075,R2,same_machine,False
normal,tail_gap,calibrated,10000,0.0038221836540146,0.0011773308035435,0.1848708728128814,0.4897,0.5103,0.0,TRIAD_006,A02,A02_GapCritical-Strict_B3000,A,1343723075,R2,same_machine,False
defect,all,raw,20000,-0.0036184310867495,0.0,0.1060596440993215,0.3223,0.4393,0.2384,TRIAD_006,A02,A02_GapCritical-Strict_B3000,A,1343723075,R2,same_machine,False
defect,all,calibrated,20000,-0.0010378733641121,0.0003860184853452,0.0741944485138577,0.6232,0.3768,0.0,TRIAD_006,A02,A02_GapCritical-Strict_B3000,A,1343723075,R2,same_machine,False
defect,operational,raw,95,-3.29969278342068e-05,-1.7827401279646438e-06,0.0004546164942466,0.431578947368421,0.5684210526315789,0.0,TRIAD_006,A02,A02_GapCritical-Strict_B3000,A,1343723075,R2,same_machine,False
defect,operational,calibrated,95,-0.0025342255994811,-0.0031686767946678,0.0269866887594308,0.4631578947368421,0.5368421052631579,0.0,TRIAD_006,A02,A02_GapCritical-Strict_B3000,A,1343723075,R2,same_machine,False
defect,tail_gap,raw,1000,-0.0238750566799559,-0.0001384786091876,0.2993587935537407,0.442,0.558,0.0,TRIAD_006,A02,A02_GapCritical-Strict_B3000,A,1343723075,R2,same_machine,False
defect,tail_gap,calibrated,1000,-0.0014377145830713,-0.0029882053103881,0.1798913534518818,0.486,0.514,0.0,TRIAD_006,A02,A02_GapCritical-Strict_B3000,A,1343723075,R2,same_machine,False
normal,all,raw,100000,-0.0048749435040136,-3.563671580053551e-08,0.1040586946363009,0.56385,0.43588,0.00027,TRIAD_007,A03,A03_GapCritical-Strict_B6000,A,1829910790,R1,same_machine,False
normal,all,calibrated,100000,0.0003804687928884,0.0014267682899657,0.0750551414301867,0.34993,0.65007,0.0,TRIAD_007,A03,A03_GapCritical-Strict_B6000,A,1829910790,R1,same_machine,False
normal,operational,raw,31747,-0.0153171592207012,-0.0001352872295682,0.1842068143170115,0.5887800422087126,0.4103694837307462,0.0008504740605411,TRIAD_007,A03,A03_GapCritical-Strict_B6000,A,1829910790,R1,same_machine,False
normal,operational,calibrated,31747,-0.0035781256541515,-1.913248389789901e-05,0.1315247538356703,0.5001102466374776,0.4998897533625224,0.0,TRIAD_007,A03,A03_GapCritical-Strict_B6000,A,1829910790,R1,same_machine,False
normal,tail_gap,raw,10000,-0.0401408303301865,-0.0011048665328417,0.3110236677886351,0.5469,0.4504,0.0027,TRIAD_007,A03,A03_GapCritical-Strict_B6000,A,1829910790,R1,same_machine,False
normal,tail_gap,calibrated,10000,-0.0089287235969322,-0.0018854649294597,0.1935732531725005,0.5136,0.4864,0.0,TRIAD_007,A03,A03_GapCritical-Strict_B6000,A,1829910790,R1,same_machine,False
defect,all,raw,20000,-0.0035315175884562,0.0,0.1106505414698606,0.4555,0.3504,0.1941,TRIAD_007,A03,A03_GapCritical-Strict_B6000,A,1829910790,R1,same_machine,False
defect,all,calibrated,20000,-0.000236039882539,-0.0006763212807472,0.0778220608171864,0.40475,0.59525,0.0,TRIAD_007,A03,A03_GapCritical-Strict_B6000,A,1829910790,R1,same_machine,False
defect,operational,raw,95,-0.0006577727016851,-4.7953229795894e-06,0.0055188545026149,0.3052631578947368,0.6947368421052632,0.0,TRIAD_007,A03,A03_GapCritical-Strict_B6000,A,1829910790,R1,same_machine,False
defect,operational,calibrated,95,-0.0048863299688369,-0.0002629963467137,0.0345168875431448,0.4842105263157895,0.5157894736842106,0.0,TRIAD_007,A03,A03_GapCritical-Strict_B6000,A,1829910790,R1,same_machine,False
defect,tail_gap,raw,1000,-0.0281792117294814,-0.0006740173048456,0.3107314082830998,0.394,0.606,0.0,TRIAD_007,A03,A03_GapCritical-Strict_B6000,A,1829910790,R1,same_machine,False
defect,tail_gap,calibrated,1000,-0.0089732341043595,-0.0056033937686727,0.1921400085859748,0.468,0.532,0.0,TRIAD_007,A03,A03_GapCritical-Strict_B6000,A,1829910790,R1,same_machine,False
normal,all,raw,100000,-0.0018976131066822,-1.4137873205477549e-08,0.1014315520795473,0.54421,0.45547,0.00032,TRIAD_007,A03,A03_GapCritical-Strict_B6000,A,1829910790,R2,same_machine,False
normal,all,calibrated,100000,0.0015346329536933,0.0004978769335101,0.0724939758107383,0.40875,0.59125,0.0,TRIAD_007,A03,A03_GapCritical-Strict_B6000,A,1829910790,R2,same_machine,False
normal,operational,raw,31747,-0.0059678641357447,-2.470959100264736e-05,0.1799245057850148,0.5370586197120988,0.4619334110309636,0.0010079692569376,TRIAD_007,A03,A03_GapCritical-Strict_B6000,A,1829910790,R2,same_machine,False
normal,operational,calibrated,31747,0.0037942406257165,0.0016546007129614,0.1270944559481472,0.4868806501401707,0.5131193498598293,0.0,TRIAD_007,A03,A03_GapCritical-Strict_B6000,A,1829910790,R2,same_machine,False
normal,tail_gap,raw,10000,-0.0167699222696576,-0.0001045167446135,0.3063235295629266,0.5286,0.4682,0.0032,TRIAD_007,A03,A03_GapCritical-Strict_B6000,A,1829910790,R2,same_machine,False
normal,tail_gap,calibrated,10000,0.005194014847456,0.0023159794378111,0.1885589860048218,0.486,0.514,0.0,TRIAD_007,A03,A03_GapCritical-Strict_B6000,A,1829910790,R2,same_machine,False
defect,all,raw,20000,-0.0028606300640955,0.0,0.1100633771804132,0.34325,0.4245,0.23225,TRIAD_007,A03,A03_GapCritical-Strict_B6000,A,1829910790,R2,same_machine,False
defect,all,calibrated,20000,-0.0008687720040307,0.0002696431696391,0.0768670956701892,0.62395,0.37605,0.0,TRIAD_007,A03,A03_GapCritical-Strict_B6000,A,1829910790,R2,same_machine,False
defect,operational,raw,95,-8.712835784615989e-05,-3.3971406310229213e-07,0.001090190676393,0.4421052631578947,0.5578947368421052,0.0,TRIAD_007,A03,A03_GapCritical-Strict_B6000,A,1829910790,R2,same_machine,False
defect,operational,calibrated,95,-0.0022115598134423,-7.259634789800497e-06,0.0314779347466371,0.4947368421052631,0.5052631578947369,0.0,TRIAD_007,A03,A03_GapCritical-Strict_B6000,A,1829910790,R2,same_machine,False
defect,tail_gap,raw,1000,-0.0123789442959135,-3.049826318601845e-05,0.295876538256615,0.46,0.54,0.0,TRIAD_007,A03,A03_GapCritical-Strict_B6000,A,1829910790,R2,same_machine,False
defect,tail_gap,calibrated,1000,0.0017446795959824,-0.0004529555028861,0.1799746651048947,0.498,0.502,0.0,TRIAD_007,A03,A03_GapCritical-Strict_B6000,A,1829910790,R2,same_machine,False
normal,all,raw,100000,-0.0060648722382404,-2.993039061038872e-07,0.0988259758379298,0.63627,0.3636,0.00013,TRIAD_008,A03,A03_GapCritical-Strict_B6000,A,1385197443,R1,same_machine,False
normal,all,calibrated,100000,-0.0017212187761334,0.0014536772849456,0.0720808523779022,0.37711,0.62289,0.0,TRIAD_008,A03,A03_GapCritical-Strict_B6000,A,1385197443,R1,same_machine,False
normal,operational,raw,31747,-0.0189878776256401,-0.0003269995941081,0.1746397450300205,0.6215075440199074,0.3780829684694616,0.0004094875106309,TRIAD_008,A03,A03_GapCritical-Strict_B6000,A,1385197443,R1,same_machine,False
normal,operational,calibrated,31747,-0.0085977231276138,-0.0021641971421117,0.1260523081574384,0.5159857624342458,0.4840142375657542,0.0,TRIAD_008,A03,A03_GapCritical-Strict_B6000,A,1385197443,R1,same_machine,False
normal,tail_gap,raw,10000,-0.0478396566632312,-0.0022327601909638,0.293863574541351,0.5587,0.44,0.0013,TRIAD_008,A03,A03_GapCritical-Strict_B6000,A,1385197443,R1,same_machine,False
normal,tail_gap,calibrated,10000,-0.0183279849822151,-0.0070582627162473,0.1840604257717412,0.5304,0.4696,0.0,TRIAD_008,A03,A03_GapCritical-Strict_B6000,A,1385197443,R1,same_machine,False
defect,all,raw,20000,-0.002238937756688,2.384185792125848e-07,0.1050155537782636,0.54995,0.3019,0.14815,TRIAD_008,A03,A03_GapCritical-Strict_B6000,A,1385197443,R1,same_machine,False
defect,all,calibrated,20000,0.0012472488461581,-0.0007669863081836,0.0742004117781239,0.44445,0.55555,0.0,TRIAD_008,A03,A03_GapCritical-Strict_B6000,A,1385197443,R1,same_machine,False
defect,operational,raw,95,-0.0003444351704779,-1.030267867463408e-05,0.0018076875679974,0.2947368421052631,0.7052631578947368,0.0,TRIAD_008,A03,A03_GapCritical-Strict_B6000,A,1385197443,R1,same_machine,False
defect,operational,calibrated,95,-0.0039016082033101,0.000248400371492,0.0308750924419295,0.5052631578947369,0.4947368421052631,0.0,TRIAD_008,A03,A03_GapCritical-Strict_B6000,A,1385197443,R1,same_machine,False
defect,tail_gap,raw,1000,-0.0220535596078487,-0.0004361007522674,0.2857425020665813,0.406,0.594,0.0,TRIAD_008,A03,A03_GapCritical-Strict_B6000,A,1385197443,R1,same_machine,False
defect,tail_gap,calibrated,1000,-0.0020548231973321,2.8600753724249837e-05,0.1792665836584085,0.5,0.5,0.0,TRIAD_008,A03,A03_GapCritical-Strict_B6000,A,1385197443,R1,same_machine,False
normal,all,raw,100000,-0.0011878245962863,1.0686647400337534e-08,0.0963763956466591,0.45538,0.54427,0.00035,TRIAD_008,A03,A03_GapCritical-Strict_B6000,A,1385197443,R2,same_machine,False
normal,all,calibrated,100000,0.0006517125430146,-0.000462964910577,0.0695111147198928,0.57332,0.42668,0.0,TRIAD_008,A03,A03_GapCritical-Strict_B6000,A,1385197443,R2,same_machine,False
normal,operational,raw,31747,-0.0037329965793532,8.628940122434876e-06,0.1710146687463024,0.4831637635052131,0.5157337701200113,0.0011024663747755,TRIAD_008,A03,A03_GapCritical-Strict_B6000,A,1385197443,R2,same_machine,False
normal,operational,calibrated,31747,0.00228098701305,0.0022891011260422,0.1218202794882895,0.4808328345985447,0.5191671654014552,0.0,TRIAD_008,A03,A03_GapCritical-Strict_B6000,A,1385197443,R2,same_machine,False
normal,tail_gap,raw,10000,-0.0103796046225547,-5.251169204723016e-05,0.2925463422964843,0.5245,0.472,0.0035,TRIAD_008,A03,A03_GapCritical-Strict_B6000,A,1385197443,R2,same_machine,False
normal,tail_gap,calibrated,10000,0.0027858037673534,0.0012931453397606,0.1799656163812896,0.4904,0.5096,0.0,TRIAD_008,A03,A03_GapCritical-Strict_B6000,A,1385197443,R2,same_machine,False
defect,all,raw,20000,-0.0028630300327625,0.0,0.1061597934122057,0.2992,0.47885,0.22195,TRIAD_008,A03,A03_GapCritical-Strict_B6000,A,1385197443,R2,same_machine,False
defect,all,calibrated,20000,-0.0009295490001258,0.0008285323783804,0.0742227619743035,0.60625,0.39375,0.0,TRIAD_008,A03,A03_GapCritical-Strict_B6000,A,1385197443,R2,same_machine,False
defect,operational,raw,95,5.1787372791957694e-05,-3.413620008885233e-08,0.0002776410417394,0.4421052631578947,0.5578947368421052,0.0,TRIAD_008,A03,A03_GapCritical-Strict_B6000,A,1385197443,R2,same_machine,False
defect,operational,calibrated,95,0.0010208941312097,-0.0009186065256348,0.0194497583642121,0.431578947368421,0.5684210526315789,0.0,TRIAD_008,A03,A03_GapCritical-Strict_B6000,A,1385197443,R2,same_machine,False
defect,tail_gap,raw,1000,-0.0257451780068214,-1.5817236317155678e-05,0.2910901753314833,0.468,0.532,0.0,TRIAD_008,A03,A03_GapCritical-Strict_B6000,A,1385197443,R2,same_machine,False
defect,tail_gap,calibrated,1000,-0.0058282069600471,-0.0029304064723746,0.1769858555644603,0.479,0.521,0.0,TRIAD_008,A03,A03_GapCritical-Strict_B6000,A,1385197443,R2,same_machine,False
normal,all,raw,100000,-0.0026383679783069,-4.6030384837081335e-08,0.1031288507080482,0.58174,0.41803,0.00023,TRIAD_009,A03,A03_GapCritical-Strict_B6000,A,1343723075,R1,same_machine,False
normal,all,calibrated,100000,-0.0020456939893606,0.0008264447661559,0.0744989025268264,0.41659,0.58341,0.0,TRIAD_009,A03,A03_GapCritical-Strict_B6000,A,1343723075,R1,same_machine,False
normal,operational,raw,31747,-0.0083066065665978,-6.344719804474153e-05,0.1828680056896859,0.5619743597820267,0.4373011623145494,0.0007244779034239,TRIAD_009,A03,A03_GapCritical-Strict_B6000,A,1343723075,R1,same_machine,False
normal,operational,calibrated,31747,-0.007123083995542,-0.0030888099345307,0.1304945861428215,0.5258764607679466,0.4741235392320534,0.0,TRIAD_009,A03,A03_GapCritical-Strict_B6000,A,1343723075,R1,same_machine,False
normal,tail_gap,raw,10000,-0.0218774396304483,-6.759166717540399e-05,0.3120198361862767,0.5241,0.4736,0.0023,TRIAD_009,A03,A03_GapCritical-Strict_B6000,A,1343723075,R1,same_machine,False
normal,tail_gap,calibrated,10000,-0.0118798411433665,-0.00496265032119,0.19326960421758,0.5227,0.4773,0.0,TRIAD_009,A03,A03_GapCritical-Strict_B6000,A,1343723075,R1,same_machine,False
defect,all,raw,20000,0.0003135668362804,0.0,0.1037437293005655,0.41865,0.3683,0.21305,TRIAD_009,A03,A03_GapCritical-Strict_B6000,A,1343723075,R1,same_machine,False
defect,all,calibrated,20000,0.0009715645678439,-0.0007013656923211,0.0743792429443479,0.367,0.633,0.0,TRIAD_009,A03,A03_GapCritical-Strict_B6000,A,1343723075,R1,same_machine,False
defect,operational,raw,95,0.000199508624755,-2.1746933143163005e-07,0.0020344325511404,0.4736842105263157,0.5263157894736842,0.0,TRIAD_009,A03,A03_GapCritical-Strict_B6000,A,1343723075,R1,same_machine,False
defect,operational,calibrated,95,0.0034950877031755,0.0011172656017348,0.0334149272252166,0.5368421052631579,0.4631578947368421,0.0,TRIAD_009,A03,A03_GapCritical-Strict_B6000,A,1343723075,R1,same_machine,False
defect,tail_gap,raw,1000,-0.0080739220412244,-8.08868543344943e-06,0.2927333772395213,0.478,0.522,0.0,TRIAD_009,A03,A03_GapCritical-Strict_B6000,A,1343723075,R1,same_machine,False
defect,tail_gap,calibrated,1000,-0.0039882999822178,0.0011371058667992,0.1803614316161607,0.506,0.494,0.0,TRIAD_009,A03,A03_GapCritical-Strict_B6000,A,1343723075,R1,same_machine,False
normal,all,raw,100000,-0.0018447878616871,-1.0792262167269584e-06,0.0952285999895184,0.72913,0.2707,0.00017,TRIAD_009,A03,A03_GapCritical-Strict_B6000,A,1343723075,R2,same_machine,False
normal,all,calibrated,100000,-0.0019353899273584,0.0014748081908596,0.0693148275932379,0.41313,0.58687,0.0,TRIAD_009,A03,A03_GapCritical-Strict_B6000,A,1343723075,R2,same_machine,False
normal,operational,raw,31747,-0.0057899305767672,-0.0003357224632055,0.1689109304779626,0.6371310675024412,0.3623334488298106,0.0005354836677481,TRIAD_009,A03,A03_GapCritical-Strict_B6000,A,1343723075,R2,same_machine,False
normal,operational,calibrated,31747,-0.0077493131269634,-0.0062122598056801,0.1213595466716907,0.5481777805776924,0.4518222194223076,0.0,TRIAD_009,A03,A03_GapCritical-Strict_B6000,A,1343723075,R2,same_machine,False
normal,tail_gap,raw,10000,-0.0125261140804635,-1.788139343261719e-07,0.2894706792756818,0.5008,0.4975,0.0017,TRIAD_009,A03,A03_GapCritical-Strict_B6000,A,1343723075,R2,same_machine,False
normal,tail_gap,calibrated,10000,-0.0100698127789284,-0.0037397022649428,0.1808368307732628,0.5202,0.4798,0.0,TRIAD_009,A03,A03_GapCritical-Strict_B6000,A,1343723075,R2,same_machine,False
defect,all,raw,20000,0.0015649302305026,2.384185792125848e-07,0.1008791396685391,0.56225,0.262,0.17575,TRIAD_009,A03,A03_GapCritical-Strict_B6000,A,1343723075,R2,same_machine,False
defect,all,calibrated,20000,0.0006816443439334,-0.0020436635252619,0.0721020903038138,0.3602,0.6398,0.0,TRIAD_009,A03,A03_GapCritical-Strict_B6000,A,1343723075,R2,same_machine,False
defect,operational,raw,95,-3.055261151673926e-05,-4.650653863791376e-06,0.0023764417714308,0.2947368421052631,0.7052631578947368,0.0,TRIAD_009,A03,A03_GapCritical-Strict_B6000,A,1343723075,R2,same_machine,False
defect,operational,calibrated,95,0.0006734701439077,0.0003241461388672,0.0338306772958725,0.5157894736842106,0.4842105263157895,0.0,TRIAD_009,A03,A03_GapCritical-Strict_B6000,A,1343723075,R2,same_machine,False
defect,tail_gap,raw,1000,-0.0062028107262668,-0.0003498722562653,0.2853666343721606,0.403,0.597,0.0,TRIAD_009,A03,A03_GapCritical-Strict_B6000,A,1343723075,R2,same_machine,False
defect,tail_gap,calibrated,1000,-0.0065746089422198,-0.0016711148603271,0.1741327705786,0.488,0.512,0.0,TRIAD_009,A03,A03_GapCritical-Strict_B6000,A,1343723075,R2,same_machine,False
normal,all,raw,100000,-0.0020673641593388,-4.424278121639703e-08,0.101663547550565,0.56197,0.43781,0.00022,TRIAD_010,A04,A04_GapCritical-Global_B3000,A,1829910790,R1,same_machine,False
normal,all,calibrated,100000,-0.0006061256257083,0.0010797319854183,0.0727201796916628,0.37788,0.62212,0.0,TRIAD_010,A04,A04_GapCritical-Global_B3000,A,1829910790,R1,same_machine,False
normal,operational,raw,31747,-0.0065334946093348,-0.0001405261573381,0.180281305703649,0.5728100292941065,0.4264969918417488,0.0006929788641446,TRIAD_010,A04,A04_GapCritical-Global_B3000,A,1829910790,R1,same_machine,False
normal,operational,calibrated,31747,-0.0048215387681206,-0.0022541615084749,0.1274502076934101,0.5174032192018143,0.4825967807981856,0.0,TRIAD_010,A04,A04_GapCritical-Global_B3000,A,1829910790,R1,same_machine,False
normal,tail_gap,raw,10000,-0.016751564691915,-4.976987838745117e-05,0.3040173762457637,0.5184,0.4794,0.0022,TRIAD_010,A04,A04_GapCritical-Global_B3000,A,1829910790,R1,same_machine,False
normal,tail_gap,calibrated,10000,-0.0106762820119951,-0.0053299558264034,0.1874707595390488,0.5245,0.4755,0.0,TRIAD_010,A04,A04_GapCritical-Global_B3000,A,1829910790,R1,same_machine,False
defect,all,raw,20000,0.0001697820034499,0.0,0.100244660990292,0.4731,0.32305,0.20385,TRIAD_010,A04,A04_GapCritical-Global_B3000,A,1829910790,R1,same_machine,False
defect,all,calibrated,20000,0.0001289295855584,-0.0011254096313387,0.073473786017153,0.37055,0.62945,0.0,TRIAD_010,A04,A04_GapCritical-Global_B3000,A,1829910790,R1,same_machine,False
defect,operational,raw,95,-0.0003581235595878,-4.517261444902943e-06,0.0025356468840629,0.3684210526315789,0.631578947368421,0.0,TRIAD_010,A04,A04_GapCritical-Global_B3000,A,1829910790,R1,same_machine,False
defect,operational,calibrated,95,-0.0016546876990359,0.0005062243561361,0.0295180307963928,0.5263157894736842,0.4736842105263157,0.0,TRIAD_010,A04,A04_GapCritical-Global_B3000,A,1829910790,R1,same_machine,False
defect,tail_gap,raw,1000,0.0016296431442812,-4.964897470927099e-05,0.30217452400691,0.454,0.546,0.0,TRIAD_010,A04,A04_GapCritical-Global_B3000,A,1829910790,R1,same_machine,False
defect,tail_gap,calibrated,1000,-0.0005068255760221,0.0002408547842671,0.1849209926621816,0.502,0.498,0.0,TRIAD_010,A04,A04_GapCritical-Global_B3000,A,1829910790,R1,same_machine,False
normal,all,raw,100000,-0.00095243030827,-3.92486622757815e-07,0.0976504182430327,0.63769,0.36219,0.00012,TRIAD_010,A04,A04_GapCritical-Global_B3000,A,1829910790,R2,same_machine,False
normal,all,calibrated,100000,-0.0002980271664652,0.0015869965535463,0.0700294158620277,0.3838,0.6162,0.0,TRIAD_010,A04,A04_GapCritical-Global_B3000,A,1829910790,R2,same_machine,False
normal,operational,raw,31747,-0.0029881922155027,-0.000252794687185,0.1732043021629341,0.597788767442593,0.4018332440860553,0.0003779884713516,TRIAD_010,A04,A04_GapCritical-Global_B3000,A,1829910790,R2,same_machine,False
normal,operational,calibrated,31747,-0.0039213726938549,-0.0027680960550905,0.1227474979211585,0.5217815856616373,0.4782184143383627,0.0,TRIAD_010,A04,A04_GapCritical-Global_B3000,A,1829910790,R2,same_machine,False
normal,tail_gap,raw,10000,-0.0076792285886129,1.5556812286487975e-05,0.2943941537559048,0.4851,0.5137,0.0012,TRIAD_010,A04,A04_GapCritical-Global_B3000,A,1829910790,R2,same_machine,False
normal,tail_gap,calibrated,10000,-0.0085480628743998,-0.0028064602464691,0.1821575831917382,0.515,0.485,0.0,TRIAD_010,A04,A04_GapCritical-Global_B3000,A,1829910790,R2,same_machine,False
defect,all,raw,20000,0.0012851567978112,4.768371580921027e-07,0.0953776948548346,0.59415,0.2498,0.15605,TRIAD_010,A04,A04_GapCritical-Global_B3000,A,1829910790,R2,same_machine,False
defect,all,calibrated,20000,-0.0006248555699258,-0.0016855554568723,0.0699164750661995,0.3796,0.6204,0.0,TRIAD_010,A04,A04_GapCritical-Global_B3000,A,1829910790,R2,same_machine,False
defect,operational,raw,95,-0.0001445397436612,-1.0008928484239732e-05,0.0007506783104568,0.3052631578947368,0.6947368421052632,0.0,TRIAD_010,A04,A04_GapCritical-Global_B3000,A,1829910790,R2,same_machine,False
defect,operational,calibrated,95,-0.0003078473010381,0.0015559850190593,0.0190810064513389,0.5578947368421052,0.4421052631578947,0.0,TRIAD_010,A04,A04_GapCritical-Global_B3000,A,1829910790,R2,same_machine,False
defect,tail_gap,raw,1000,0.0101010048594625,-5.871332859896938e-05,0.2823090224511663,0.455,0.545,0.0,TRIAD_010,A04,A04_GapCritical-Global_B3000,A,1829910790,R2,same_machine,False
defect,tail_gap,calibrated,1000,0.0038425542752765,0.0011539533730667,0.1694862917219642,0.508,0.492,0.0,TRIAD_010,A04,A04_GapCritical-Global_B3000,A,1829910790,R2,same_machine,False
normal,all,raw,100000,-0.0002853161751535,-1.4875280296422488e-07,0.0936431733917994,0.57098,0.42888,0.00014,TRIAD_011,A04,A04_GapCritical-Global_B3000,A,1385197443,R1,same_machine,True
normal,all,calibrated,100000,-0.0012072273872027,0.0003759370655871,0.0678081580538711,0.45722,0.54278,0.0,TRIAD_011,A04,A04_GapCritical-Global_B3000,A,1385197443,R1,same_machine,True
normal,operational,raw,31747,-0.000832144797323,-0.0001260872959391,0.1660826961116976,0.5367121302800265,0.4628468831700633,0.0004409865499102,TRIAD_011,A04,A04_GapCritical-Global_B3000,A,1385197443,R1,same_machine,True
normal,operational,calibrated,31747,-0.0034450876131984,-0.0018643879202195,0.1188049960788743,0.5153242826093805,0.4846757173906196,0.0,TRIAD_011,A04,A04_GapCritical-Global_B3000,A,1385197443,R1,same_machine,True
normal,tail_gap,raw,10000,0.001155763893129,3.5703182220514496e-05,0.2791552311668346,0.4833,0.5153,0.0014,TRIAD_011,A04,A04_GapCritical-Global_B3000,A,1385197443,R1,same_machine,True
normal,tail_gap,calibrated,10000,-0.002780099723795,-0.0006845494021932,0.1746177883550675,0.504,0.496,0.0,TRIAD_011,A04,A04_GapCritical-Global_B3000,A,1385197443,R1,same_machine,True
defect,all,raw,20000,0.0006283987201337,0.0,0.0926291233819604,0.49685,0.35165,0.1515,TRIAD_011,A04,A04_GapCritical-Global_B3000,A,1385197443,R1,same_machine,True
defect,all,calibrated,20000,-7.413663920949158e-05,-0.0005107427711121,0.0685017772938603,0.4136,0.5864,0.0,TRIAD_011,A04,A04_GapCritical-Global_B3000,A,1385197443,R1,same_machine,True
defect,operational,raw,95,-8.840333897103625e-06,-3.926489398509148e-06,0.0008376139960125,0.4631578947368421,0.5368421052631579,0.0,TRIAD_011,A04,A04_GapCritical-Global_B3000,A,1385197443,R1,same_machine,True
defect,operational,calibrated,95,5.182379566566304e-05,0.0009605868282418,0.0199734316803142,0.5368421052631579,0.4631578947368421,0.0,TRIAD_011,A04,A04_GapCritical-Global_B3000,A,1385197443,R1,same_machine,True
defect,tail_gap,raw,1000,-0.001399785156256,-1.810352421216521e-05,0.2828185665466148,0.484,0.516,0.0,TRIAD_011,A04,A04_GapCritical-Global_B3000,A,1385197443,R1,same_machine,True
defect,tail_gap,calibrated,1000,-0.0052492451202014,3.649251324849834e-05,0.171757764353918,0.501,0.499,0.0,TRIAD_011,A04,A04_GapCritical-Global_B3000,A,1385197443,R1,same_machine,True
normal,all,raw,100000,0.0039475816091436,7.672134927361185e-07,0.0996478964773694,0.32397,0.67582,0.00021,TRIAD_011,A04,A04_GapCritical-Global_B3000,A,1385197443,R2,same_machine,False
normal,all,calibrated,100000,0.0008449348603167,-0.0018825005214108,0.0705961716403337,0.61778,0.38222,0.0,TRIAD_011,A04,A04_GapCritical-Global_B3000,A,1385197443,R2,same_machine,False
normal,operational,raw,31747,0.0124845725797811,0.0004360606180852,0.176198571302882,0.3609474911015214,0.6383910290736132,0.0006614798248653,TRIAD_011,A04,A04_GapCritical-Global_B3000,A,1385197443,R2,same_machine,False
normal,operational,calibrated,31747,0.0058160449210725,0.0035141609800022,0.1233726094832848,0.4717611112861057,0.5282388887138942,0.0,TRIAD_011,A04,A04_GapCritical-Global_B3000,A,1385197443,R2,same_machine,False
normal,tail_gap,raw,10000,0.030469010352521,0.0005624950281344,0.2968830548453227,0.468,0.5299,0.0021,TRIAD_011,A04,A04_GapCritical-Global_B3000,A,1385197443,R2,same_machine,False
normal,tail_gap,calibrated,10000,0.0109527062795755,0.0056838677119638,0.1823504228172231,0.4747,0.5253,0.0,TRIAD_011,A04,A04_GapCritical-Global_B3000,A,1385197443,R2,same_machine,False
defect,all,raw,20000,0.0009616818319881,-2.384185792125848e-07,0.0979224592844604,0.24515,0.5592,0.19565,TRIAD_011,A04,A04_GapCritical-Global_B3000,A,1385197443,R2,same_machine,False
defect,all,calibrated,20000,-0.0008296228956572,0.001633080584444,0.0712673512603384,0.61085,0.38915,0.0,TRIAD_011,A04,A04_GapCritical-Global_B3000,A,1385197443,R2,same_machine,False
defect,operational,raw,95,0.0001492068799593,1.491220892191336e-05,0.0007558589279988,0.7894736842105263,0.2105263157894736,0.0,TRIAD_011,A04,A04_GapCritical-Global_B3000,A,1385197443,R2,same_machine,False
defect,operational,calibrated,95,0.0012245629288867,0.0007377304074117,0.0224303734733902,0.5052631578947369,0.4947368421052631,0.0,TRIAD_011,A04,A04_GapCritical-Global_B3000,A,1385197443,R2,same_machine,False
defect,tail_gap,raw,1000,0.0159211742933678,0.0004794964879692,0.290600733621757,0.608,0.392,0.0,TRIAD_011,A04,A04_GapCritical-Global_B3000,A,1385197443,R2,same_machine,False
defect,tail_gap,calibrated,1000,0.0034291937339809,0.0026603232999677,0.1743937059010188,0.511,0.489,0.0,TRIAD_011,A04,A04_GapCritical-Global_B3000,A,1385197443,R2,same_machine,False
normal,all,raw,100000,-0.0016155721819101,-8.72132411844362e-08,0.0936591543561683,0.56781,0.43197,0.00022,TRIAD_012,A04,A04_GapCritical-Global_B3000,A,1343723075,R1,same_machine,False
normal,all,calibrated,100000,-0.0010809203608891,0.0004138321117936,0.0679470811650661,0.44663,0.55337,0.0,TRIAD_012,A04,A04_GapCritical-Global_B3000,A,1343723075,R1,same_machine,False
normal,operational,raw,31747,-0.0050444216515063,-6.219567876541827e-05,0.1661176966222647,0.529152360852994,0.4701546602828613,0.0006929788641446,TRIAD_012,A04,A04_GapCritical-Global_B3000,A,1343723075,R1,same_machine,False
normal,operational,calibrated,31747,-0.0036135438948853,-0.0001242566974275,0.1191247718181823,0.5011182158944152,0.4988817841055847,0.0,TRIAD_012,A04,A04_GapCritical-Global_B3000,A,1343723075,R1,same_machine,False
normal,tail_gap,raw,10000,-0.0115566729674737,-2.3245811461847232e-06,0.2815061514548775,0.5034,0.4944,0.0022,TRIAD_012,A04,A04_GapCritical-Global_B3000,A,1343723075,R1,same_machine,False
normal,tail_gap,calibrated,10000,-0.0088980517853766,-0.0019916333117169,0.1760155479424929,0.5116,0.4884,0.0,TRIAD_012,A04,A04_GapCritical-Global_B3000,A,1343723075,R1,same_machine,False
defect,all,raw,20000,-0.0003556021545272,0.0,0.0953187443935177,0.47,0.36005,0.16995,TRIAD_012,A04,A04_GapCritical-Global_B3000,A,1343723075,R1,same_machine,False
defect,all,calibrated,20000,-9.9194258366846e-05,-0.0004570719551055,0.069607269121418,0.40705,0.59295,0.0,TRIAD_012,A04,A04_GapCritical-Global_B3000,A,1343723075,R1,same_machine,False
defect,operational,raw,95,-0.0001175872048374,-8.718612662050873e-06,0.0005747195159835,0.4210526315789473,0.5789473684210527,0.0,TRIAD_012,A04,A04_GapCritical-Global_B3000,A,1343723075,R1,same_machine,False
defect,operational,calibrated,95,-0.0026838239113162,-0.0013031832661757,0.0227410196742365,0.4631578947368421,0.5368421052631579,0.0,TRIAD_012,A04,A04_GapCritical-Global_B3000,A,1343723075,R1,same_machine,False
defect,tail_gap,raw,1000,-0.006452397052812,-9.07685462152229e-05,0.2845655218739432,0.459,0.541,0.0,TRIAD_012,A04,A04_GapCritical-Global_B3000,A,1343723075,R1,same_machine,False
defect,tail_gap,calibrated,1000,-0.0069262127338195,-0.0034328642088624,0.1728429492790278,0.478,0.522,0.0,TRIAD_012,A04,A04_GapCritical-Global_B3000,A,1343723075,R1,same_machine,False
normal,all,raw,100000,-0.0008002413846372,-5.729362406725613e-07,0.0931585594641606,0.6432,0.35666,0.00014,TRIAD_012,A04,A04_GapCritical-Global_B3000,A,1343723075,R2,same_machine,True
normal,all,calibrated,100000,-6.99098435896025e-05,0.0005858848179683,0.0676738288185807,0.44833,0.55167,0.0,TRIAD_012,A04,A04_GapCritical-Global_B3000,A,1343723075,R2,same_machine,True
normal,operational,raw,31747,-0.002482789292789,-0.00013833749108,0.165299958787136,0.5488392604025577,0.450719753047532,0.0004409865499102,TRIAD_012,A04,A04_GapCritical-Global_B3000,A,1343723075,R2,same_machine,True
normal,operational,calibrated,31747,-0.0005685640770666,0.0009308209353532,0.1187878092899021,0.4913850127571109,0.5086149872428891,0.0,TRIAD_012,A04,A04_GapCritical-Global_B3000,A,1343723075,R2,same_machine,True
normal,tail_gap,raw,10000,-0.0025673443350656,4.33921813965954e-05,0.2805084860616113,0.4818,0.5168,0.0014,TRIAD_012,A04,A04_GapCritical-Global_B3000,A,1343723075,R2,same_machine,True
normal,tail_gap,calibrated,10000,-0.0019643005819529,0.0007458906736667,0.1760035132379344,0.4955,0.5045,0.0,TRIAD_012,A04,A04_GapCritical-Global_B3000,A,1343723075,R2,same_machine,True
defect,all,raw,20000,0.0012210127676146,3.5762786876336605e-07,0.096876553546908,0.579,0.29055,0.13045,TRIAD_012,A04,A04_GapCritical-Global_B3000,A,1343723075,R2,same_machine,True
defect,all,calibrated,20000,0.0009456925035162,-0.0007326618233092,0.070125450704757,0.44,0.56,0.0,TRIAD_012,A04,A04_GapCritical-Global_B3000,A,1343723075,R2,same_machine,True
defect,operational,raw,95,-5.825733803668157e-05,-4.288854597689352e-06,0.0003186224644979,0.4,0.6,0.0,TRIAD_012,A04,A04_GapCritical-Global_B3000,A,1343723075,R2,same_machine,True
defect,operational,calibrated,95,0.0002378944756693,0.0001363723812588,0.0183102407896971,0.5157894736842106,0.4842105263157895,0.0,TRIAD_012,A04,A04_GapCritical-Global_B3000,A,1343723075,R2,same_machine,True
defect,tail_gap,raw,1000,-0.0054468823093769,-6.683248807348718e-05,0.2775136866095285,0.459,0.541,0.0,TRIAD_012,A04,A04_GapCritical-Global_B3000,A,1343723075,R2,same_machine,True
defect,tail_gap,calibrated,1000,-0.0004130319767615,0.000531297521518,0.1711499753973071,0.506,0.494,0.0,TRIAD_012,A04,A04_GapCritical-Global_B3000,A,1343723075,R2,same_machine,True
normal,all,raw,100000,-0.0033897627676771,-1.07848591479609e-06,0.0938814587610887,0.66243,0.33745,0.00012,TRIAD_013,A05,A05_Confidence-Clean_B600,A,1829910790,R1,same_machine,False
normal,all,calibrated,100000,-0.0015640992008371,0.0006281730773887,0.0658483319951726,0.44248,0.55752,0.0,TRIAD_013,A05,A05_Confidence-Clean_B600,A,1829910790,R1,same_machine,False
normal,operational,raw,31747,-0.0105676608367942,-0.0004546506097539,0.1663718449233318,0.5955838346930419,0.4040381768356065,0.0003779884713516,TRIAD_013,A05,A05_Confidence-Clean_B600,A,1829910790,R1,same_machine,False
normal,operational,calibrated,31747,-0.0056422733670806,-0.0025782928073375,0.1153970900233221,0.5213405991117271,0.4786594008882729,0.0,TRIAD_013,A05,A05_Confidence-Clean_B600,A,1829910790,R1,same_machine,False
normal,tail_gap,raw,10000,-0.0238792199386694,-5.692243576038703e-05,0.2756634486608485,0.5148,0.484,0.0012,TRIAD_013,A05,A05_Confidence-Clean_B600,A,1829910790,R1,same_machine,False
normal,tail_gap,calibrated,10000,-0.0107910253867112,-0.005896856847701,0.1696186554603038,0.5293,0.4707,0.0,TRIAD_013,A05,A05_Confidence-Clean_B600,A,1829910790,R1,same_machine,False
defect,all,raw,20000,0.0011209790837518,1.1920928955078125e-07,0.0901964158532134,0.5349,0.292,0.1731,TRIAD_013,A05,A05_Confidence-Clean_B600,A,1829910790,R1,same_machine,False
defect,all,calibrated,20000,0.001389453553493,-0.0009885972037277,0.0673849719490927,0.39445,0.60555,0.0,TRIAD_013,A05,A05_Confidence-Clean_B600,A,1829910790,R1,same_machine,False
defect,operational,raw,95,2.56653876325368e-05,-1.5119792351470096e-05,0.0023983955918157,0.3578947368421052,0.6421052631578947,0.0,TRIAD_013,A05,A05_Confidence-Clean_B600,A,1829910790,R1,same_machine,False
defect,operational,calibrated,95,0.0009467096492647,0.0002982513377909,0.0252723343446854,0.5157894736842106,0.4842105263157895,0.0,TRIAD_013,A05,A05_Confidence-Clean_B600,A,1829910790,R1,same_machine,False
defect,tail_gap,raw,1000,0.0075271707829758,-9.253432472176782e-05,0.2798237463718969,0.462,0.538,0.0,TRIAD_013,A05,A05_Confidence-Clean_B600,A,1829910790,R1,same_machine,False
defect,tail_gap,calibrated,1000,0.0076277631676884,0.0041169297692567,0.1664697336082923,0.526,0.474,0.0,TRIAD_013,A05,A05_Confidence-Clean_B600,A,1829910790,R1,same_machine,False
normal,all,raw,100000,-0.0004930860558258,1.665806692585648e-08,0.0993943618998029,0.47137,0.52845,0.00018,TRIAD_013,A05,A05_Confidence-Clean_B600,A,1829910790,R2,same_machine,False
normal,all,calibrated,100000,-0.0010987742342581,-0.0003916021615711,0.0699449521180996,0.57916,0.42084,0.0,TRIAD_013,A05,A05_Confidence-Clean_B600,A,1829910790,R2,same_machine,False
normal,operational,raw,31747,-0.0015725018672223,6.0280362959e-05,0.1763833015769412,0.4688317006331307,0.5306013166598419,0.0005669827070274,TRIAD_013,A05,A05_Confidence-Clean_B600,A,1829910790,R2,same_machine,False
normal,operational,calibrated,31747,-0.0024721486837444,-0.0001315625792525,0.1227126012319413,0.5012442120515325,0.4987557879484676,0.0,TRIAD_013,A05,A05_Confidence-Clean_B600,A,1829910790,R2,same_machine,False
normal,tail_gap,raw,10000,-0.0062043789819696,-1.84364616871123e-05,0.294529213810121,0.5156,0.4826,0.0018,TRIAD_013,A05,A05_Confidence-Clean_B600,A,1829910790,R2,same_machine,False
normal,tail_gap,calibrated,10000,-0.0072159011531737,-0.0047995243541598,0.1811803349708012,0.5245,0.4755,0.0,TRIAD_013,A05,A05_Confidence-Clean_B600,A,1829910790,R2,same_machine,False
defect,all,raw,20000,0.0005789243655981,0.0,0.0972000343978028,0.45495,0.3682,0.17685,TRIAD_013,A05,A05_Confidence-Clean_B600,A,1829910790,R2,same_machine,False
defect,all,calibrated,20000,0.0013915127316965,0.0003327464003448,0.0717684187140605,0.6658,0.3342,0.0,TRIAD_013,A05,A05_Confidence-Clean_B600,A,1829910790,R2,same_machine,False
defect,operational,raw,95,0.0002293210899884,6.615877282456495e-06,0.0023122974669343,0.5894736842105263,0.4105263157894737,0.0,TRIAD_013,A05,A05_Confidence-Clean_B600,A,1829910790,R2,same_machine,False
defect,operational,calibrated,95,0.0005552598716104,-0.0001632948535375,0.0233432870926082,0.4947368421052631,0.5052631578947369,0.0,TRIAD_013,A05,A05_Confidence-Clean_B600,A,1829910790,R2,same_machine,False
defect,tail_gap,raw,1000,0.0080946841151536,0.0001111073219703,0.3070114597692553,0.545,0.455,0.0,TRIAD_013,A05,A05_Confidence-Clean_B600,A,1829910790,R2,same_machine,False
defect,tail_gap,calibrated,1000,0.0023027171062124,0.0008901689299093,0.1837271111262554,0.509,0.491,0.0,TRIAD_013,A05,A05_Confidence-Clean_B600,A,1829910790,R2,same_machine,False
normal,all,raw,100000,0.0008992877586072,5.569884322861873e-09,0.1034473078843024,0.47952,0.5201,0.00038,TRIAD_014,A05,A05_Confidence-Clean_B600,A,1385197443,R1,same_machine,True
normal,all,calibrated,100000,-0.0009066567150784,-0.0003963801172476,0.0719660806411653,0.5917,0.4083,0.0,TRIAD_014,A05,A05_Confidence-Clean_B600,A,1385197443,R1,same_machine,True
normal,operational,raw,31747,0.0028113768145919,3.2137002563099995e-05,0.183556766087521,0.474501527703405,0.5243015088039815,0.0011969634926134,TRIAD_014,A05,A05_Confidence-Clean_B600,A,1385197443,R1,same_machine,True
normal,operational,calibrated,31747,-0.0011511409383631,-0.0007764747658018,0.1261416320222466,0.5062525592969415,0.4937474407030585,0.0,TRIAD_014,A05,A05_Confidence-Clean_B600,A,1385197443,R1,same_machine,True
normal,tail_gap,raw,10000,0.0037687553623141,1.1920928955078125e-07,0.30745511114892,0.4959,0.5003,0.0038,TRIAD_014,A05,A05_Confidence-Clean_B600,A,1385197443,R1,same_machine,True
normal,tail_gap,calibrated,10000,-0.0037734079593742,-0.0022980835367347,0.1859021621081689,0.5107,0.4893,0.0,TRIAD_014,A05,A05_Confidence-Clean_B600,A,1385197443,R1,same_machine,True
defect,all,raw,20000,0.0016572548343025,0.0,0.1002449364122681,0.3888,0.3722,0.239,TRIAD_014,A05,A05_Confidence-Clean_B600,A,1385197443,R1,same_machine,True
defect,all,calibrated,20000,0.0014975357110883,0.0002087191955949,0.0739142756196421,0.62925,0.37075,0.0,TRIAD_014,A05,A05_Confidence-Clean_B600,A,1385197443,R1,same_machine,True
defect,operational,raw,95,0.0003676954025278,8.330725300709219e-07,0.0022758531509956,0.5578947368421052,0.4421052631578947,0.0,TRIAD_014,A05,A05_Confidence-Clean_B600,A,1385197443,R1,same_machine,True
defect,operational,calibrated,95,0.0045021621819145,0.0004976106229594,0.0345343249291248,0.5052631578947369,0.4947368421052631,0.0,TRIAD_014,A05,A05_Confidence-Clean_B600,A,1385197443,R1,same_machine,True
defect,tail_gap,raw,1000,0.001405103063524,2.3051632751958092e-05,0.2994033260588755,0.527,0.473,0.0,TRIAD_014,A05,A05_Confidence-Clean_B600,A,1385197443,R1,same_machine,True
defect,tail_gap,calibrated,1000,-0.0035325940295024,0.0008844589045524,0.1755046064457107,0.503,0.497,0.0,TRIAD_014,A05,A05_Confidence-Clean_B600,A,1385197443,R1,same_machine,True
normal,all,raw,100000,0.0027821782884158,1.3080157401645918e-08,0.101460970937272,0.46983,0.52977,0.0004,TRIAD_014,A05,A05_Confidence-Clean_B600,A,1385197443,R2,same_machine,False
normal,all,calibrated,100000,-0.0009924243829982,-0.0006145380620911,0.0706227759207905,0.60885,0.39115,0.0,TRIAD_014,A05,A05_Confidence-Clean_B600,A,1385197443,R2,same_machine,False
normal,operational,raw,31747,0.0087810411298611,6.400846177710001e-05,0.1797839838066527,0.4548461271931206,0.5438939112357073,0.001259961571172,TRIAD_014,A05,A05_Confidence-Clean_B600,A,1385197443,R2,same_machine,False
normal,operational,calibrated,31747,-0.0005900241661257,-0.0013516626000222,0.123700042116327,0.5105994267174851,0.4894005732825149,0.0,TRIAD_014,A05,A05_Confidence-Clean_B600,A,1385197443,R2,same_machine,False
normal,tail_gap,raw,10000,0.0210638730391561,3.4928321838323395e-05,0.3015221809701011,0.4743,0.5217,0.004,TRIAD_014,A05,A05_Confidence-Clean_B600,A,1385197443,R2,same_machine,False
normal,tail_gap,calibrated,10000,0.000417453871654,-0.0010704915048009,0.1830216377480316,0.5062,0.4938,0.0,TRIAD_014,A05,A05_Confidence-Clean_B600,A,1385197443,R2,same_machine,False
defect,all,raw,20000,0.0029675723612889,0.0,0.0952612024790618,0.39295,0.36755,0.2395,TRIAD_014,A05,A05_Confidence-Clean_B600,A,1385197443,R2,same_machine,False
defect,all,calibrated,20000,0.0012972009166703,0.0001895191068937,0.0713567731919578,0.6281,0.3719,0.0,TRIAD_014,A05,A05_Confidence-Clean_B600,A,1385197443,R2,same_machine,False
defect,operational,raw,95,0.0002742258407024,1.5871779339704517e-06,0.0024756634912692,0.5684210526315789,0.431578947368421,0.0,TRIAD_014,A05,A05_Confidence-Clean_B600,A,1385197443,R2,same_machine,False
defect,operational,calibrated,95,0.0022790163947355,5.750158967240005e-05,0.0358863803483168,0.5052631578947369,0.4947368421052631,0.0,TRIAD_014,A05,A05_Confidence-Clean_B600,A,1385197443,R2,same_machine,False
defect,tail_gap,raw,1000,0.0197445150329711,0.0001119429684308,0.2799966682798008,0.546,0.454,0.0,TRIAD_014,A05,A05_Confidence-Clean_B600,A,1385197443,R2,same_machine,False
defect,tail_gap,calibrated,1000,0.0004338731253654,0.0008836025177304,0.1680177633978413,0.507,0.493,0.0,TRIAD_014,A05,A05_Confidence-Clean_B600,A,1385197443,R2,same_machine,False
normal,all,raw,100000,0.0008628472882814,6.006301400685032e-09,0.1032097550278163,0.48162,0.51804,0.00034,TRIAD_015,A05,A05_Confidence-Clean_B600,A,1343723075,R1,same_machine,True
normal,all,calibrated,100000,-0.00061841562856,-0.0004762714433979,0.0719443693533417,0.59431,0.40569,0.0,TRIAD_015,A05,A05_Confidence-Clean_B600,A,1343723075,R1,same_machine,True
normal,operational,raw,31747,0.0027349407694897,3.945827484119757e-05,0.1831400537421064,0.4703751535578165,0.5285538791066873,0.0010709673354962,TRIAD_015,A05,A05_Confidence-Clean_B600,A,1343723075,R1,same_machine,True
normal,operational,calibrated,31747,4.497246192701056e-05,-0.0001712730387757,0.1262434987123208,0.5015907014836047,0.4984092985163952,0.0,TRIAD_015,A05,A05_Confidence-Clean_B600,A,1343723075,R1,same_machine,True
normal,tail_gap,raw,10000,0.0068139909049763,2.264976501520355e-06,0.3076088490474374,0.4906,0.506,0.0034,TRIAD_015,A05,A05_Confidence-Clean_B600,A,1343723075,R1,same_machine,True
normal,tail_gap,calibrated,10000,0.0011810722360394,0.0003947662289593,0.1860120625562971,0.4956,0.5044,0.0,TRIAD_015,A05,A05_Confidence-Clean_B600,A,1343723075,R1,same_machine,True
defect,all,raw,20000,0.0003197122700763,0.0,0.1014794988502914,0.3609,0.4057,0.2334,TRIAD_015,A05,A05_Confidence-Clean_B600,A,1343723075,R1,same_machine,True
defect,all,calibrated,20000,0.0003803493859937,0.0003947662289593,0.0742982444342452,0.63835,0.36165,0.0,TRIAD_015,A05,A05_Confidence-Clean_B600,A,1343723075,R1,same_machine,True
defect,operational,raw,95,0.0001762111835888,1.6134341791484983e-06,0.001316993384388,0.5684210526315789,0.431578947368421,0.0,TRIAD_015,A05,A05_Confidence-Clean_B600,A,1343723075,R1,same_machine,True
defect,operational,calibrated,95,0.0017107835503959,0.0003539471990845,0.0271515485223102,0.5473684210526316,0.4526315789473684,0.0,TRIAD_015,A05,A05_Confidence-Clean_B600,A,1343723075,R1,same_machine,True
defect,tail_gap,raw,1000,0.0014581969066417,7.200255026873492e-06,0.3047663519810163,0.518,0.482,0.0,TRIAD_015,A05,A05_Confidence-Clean_B600,A,1343723075,R1,same_machine,True
defect,tail_gap,calibrated,1000,-0.0036464025166981,-0.000530106582638,0.1812172954249437,0.498,0.502,0.0,TRIAD_015,A05,A05_Confidence-Clean_B600,A,1343723075,R1,same_machine,True
normal,all,raw,100000,0.0001474361355316,2.263922804779384e-08,0.1016092995602684,0.45058,0.54906,0.00036,TRIAD_015,A05,A05_Confidence-Clean_B600,A,1343723075,R2,same_machine,False
normal,all,calibrated,100000,-5.087425631164835e-05,-0.0004102332683991,0.070637169031155,0.57234,0.42766,0.0,TRIAD_015,A05,A05_Confidence-Clean_B600,A,1343723075,R2,same_machine,False
normal,operational,raw,31747,0.0005119118522243,4.051495170642738e-05,0.18029478724679,0.4697766718115097,0.5290893627744354,0.0011339654140548,TRIAD_015,A05,A05_Confidence-Clean_B600,A,1343723075,R2,same_machine,False
normal,operational,calibrated,31747,0.0010759444301539,0.0013165808728635,0.1238904992231403,0.4876051280435947,0.5123948719564053,0.0,TRIAD_015,A05,A05_Confidence-Clean_B600,A,1343723075,R2,same_machine,False
normal,tail_gap,raw,10000,0.0009407530669613,0.0,0.3017791348142002,0.4982,0.4982,0.0036,TRIAD_015,A05,A05_Confidence-Clean_B600,A,1343723075,R2,same_machine,False
normal,tail_gap,calibrated,10000,0.0012052565874156,0.0012786693618512,0.1829755971607534,0.4896,0.5104,0.0,TRIAD_015,A05,A05_Confidence-Clean_B600,A,1343723075,R2,same_machine,False
defect,all,raw,20000,0.0004405472292402,0.0,0.1006577081561804,0.3605,0.40945,0.23005,TRIAD_015,A05,A05_Confidence-Clean_B600,A,1343723075,R2,same_machine,False
defect,all,calibrated,20000,0.0009909776226913,0.0005506580659641,0.0730560037551368,0.64365,0.35635,0.0,TRIAD_015,A05,A05_Confidence-Clean_B600,A,1343723075,R2,same_machine,False
defect,operational,raw,95,9.267820153940772e-05,1.3223766472947322e-06,0.0013696724211066,0.5368421052631579,0.4631578947368421,0.0,TRIAD_015,A05,A05_Confidence-Clean_B600,A,1343723075,R2,same_machine,False
defect,operational,calibrated,95,0.0003721663350949,-0.000905355541182,0.0274836029220798,0.4842105263157895,0.5157894736842106,0.0,TRIAD_015,A05,A05_Confidence-Clean_B600,A,1343723075,R2,same_machine,False
defect,tail_gap,raw,1000,0.0032343027290439,2.253971977062008e-06,0.2979503737724872,0.509,0.491,0.0,TRIAD_015,A05,A05_Confidence-Clean_B600,A,1343723075,R2,same_machine,False
defect,tail_gap,calibrated,1000,0.0030579324569197,-0.0006238881711581,0.1764802501857724,0.497,0.503,0.0,TRIAD_015,A05,A05_Confidence-Clean_B600,A,1343723075,R2,same_machine,False
normal,all,raw,100000,-0.0011673858967338,3.704419047068086e-07,0.1017106668308826,0.38123,0.61858,0.00019,TRIAD_016,A06,A06_Confidence-Clean_B3000,A,1829910790,R1,same_machine,False
normal,all,calibrated,100000,0.0004700183582731,-0.0012432572839303,0.0724630361829494,0.58977,0.41023,0.0,TRIAD_016,A06,A06_Confidence-Clean_B3000,A,1829910790,R1,same_machine,False
normal,operational,raw,31747,-0.0037362581808215,0.0001866474340204,0.1804548870843578,0.436734179607522,0.5626673386461712,0.0005984817463067,TRIAD_016,A06,A06_Confidence-Clean_B3000,A,1829910790,R1,same_machine,False
normal,operational,calibrated,31747,0.0033813363736702,0.0028125305681994,0.1270490684344926,0.4782184143383627,0.5217815856616373,0.0,TRIAD_016,A06,A06_Confidence-Clean_B3000,A,1829910790,R1,same_machine,False
normal,tail_gap,raw,10000,-0.0122119169549172,-0.0001914501190184,0.3039051009142599,0.5406,0.4575,0.0019,TRIAD_016,A06,A06_Confidence-Clean_B3000,A,1829910790,R1,same_machine,False
normal,tail_gap,calibrated,10000,0.0046163119704923,0.0020393186102514,0.1881594411603088,0.4881,0.5119,0.0,TRIAD_016,A06,A06_Confidence-Clean_B3000,A,1829910790,R1,same_machine,False
defect,all,raw,20000,-0.0027694591127258,-4.76837158203125e-07,0.1045570988090555,0.235,0.5958,0.1692,TRIAD_016,A06,A06_Confidence-Clean_B3000,A,1829910790,R1,same_machine,False
defect,all,calibrated,20000,0.0002425504989046,0.0017466559289845,0.0751856116749827,0.6175,0.3825,0.0,TRIAD_016,A06,A06_Confidence-Clean_B3000,A,1829910790,R1,same_machine,False
defect,operational,raw,95,-0.0008148773039345,9.027020212215575e-06,0.0059885315946697,0.6421052631578947,0.3578947368421052,0.0,TRIAD_016,A06,A06_Confidence-Clean_B3000,A,1829910790,R1,same_machine,False
defect,operational,calibrated,95,-0.00627363949168,-0.0005545972449664,0.0411809544155453,0.4736842105263157,0.5263157894736842,0.0,TRIAD_016,A06,A06_Confidence-Clean_B3000,A,1829910790,R1,same_machine,False
defect,tail_gap,raw,1000,-0.0243176390513151,4.256140471170511e-07,0.3084617979254248,0.504,0.496,0.0,TRIAD_016,A06,A06_Confidence-Clean_B3000,A,1829910790,R1,same_machine,False
defect,tail_gap,calibrated,1000,-0.0067491827435537,-0.0029173840845902,0.1807297303521276,0.478,0.522,0.0,TRIAD_016,A06,A06_Confidence-Clean_B3000,A,1829910790,R1,same_machine,False
normal,all,raw,100000,-0.0017998880211197,-8.314833848999115e-06,0.0862325241158607,0.7657,0.23426,4e-05,TRIAD_016,A06,A06_Confidence-Clean_B3000,A,1829910790,R2,same_machine,True
normal,all,calibrated,100000,-0.0006378309087303,0.0005907289698892,0.0640913358162187,0.43846,0.56154,0.0,TRIAD_016,A06,A06_Confidence-Clean_B3000,A,1829910790,R2,same_machine,True
normal,operational,raw,31747,-0.0054262756666235,-0.001161645312095,0.1529425374151433,0.6328471981604561,0.3670268056824267,0.0001259961571172,TRIAD_016,A06,A06_Confidence-Clean_B3000,A,1829910790,R2,same_machine,True
normal,operational,calibrated,31747,-0.0028092952612001,-0.0017749197441672,0.112281185296895,0.5153242826093805,0.4846757173906196,0.0,TRIAD_016,A06,A06_Confidence-Clean_B3000,A,1829910790,R2,same_machine,True
normal,tail_gap,raw,10000,-0.0015752702117009,0.0002173185348511,0.2560839715522987,0.4685,0.5311,0.0004,TRIAD_016,A06,A06_Confidence-Clean_B3000,A,1829910790,R2,same_machine,True
normal,tail_gap,calibrated,10000,-0.0007258501651665,0.0004791324107619,0.163891334971949,0.4978,0.5022,0.0,TRIAD_016,A06,A06_Confidence-Clean_B3000,A,1829910790,R2,same_machine,True
defect,all,raw,20000,0.0029383981629149,2.622604370006165e-06,0.0894709249224056,0.658,0.24045,0.10155,TRIAD_016,A06,A06_Confidence-Clean_B3000,A,1829910790,R2,same_machine,True
defect,all,calibrated,20000,0.0008390809366748,-0.0010785065882773,0.0663674104648509,0.38825,0.61175,0.0,TRIAD_016,A06,A06_Confidence-Clean_B3000,A,1829910790,R2,same_machine,True
defect,operational,raw,95,-0.0009958336788713,-0.0001578167575643,0.0039108188267843,0.2210526315789473,0.7789473684210526,0.0,TRIAD_016,A06,A06_Confidence-Clean_B3000,A,1829910790,R2,same_machine,True
defect,operational,calibrated,95,-0.0043258972317333,-0.0048847438753918,0.0287282065071914,0.4,0.6,0.0,TRIAD_016,A06,A06_Confidence-Clean_B3000,A,1829910790,R2,same_machine,True
defect,tail_gap,raw,1000,0.0048044151102487,-0.001284183525513,0.2565130583486679,0.399,0.601,0.0,TRIAD_016,A06,A06_Confidence-Clean_B3000,A,1829910790,R2,same_machine,True
defect,tail_gap,calibrated,1000,0.0063904826954287,-0.0001253012941273,0.1615693856153632,0.5,0.5,0.0,TRIAD_016,A06,A06_Confidence-Clean_B3000,A,1829910790,R2,same_machine,True
normal,all,raw,100000,-0.002004695693489,0.0,0.1039513882241488,0.49982,0.49984,0.00034,TRIAD_017,A06,A06_Confidence-Clean_B3000,A,1385197443,R1,same_machine,False
normal,all,calibrated,100000,-0.0002853178618433,-8.825013716699977e-05,0.0725171465506392,0.56262,0.43738,0.0,TRIAD_017,A06,A06_Confidence-Clean_B3000,A,1385197443,R1,same_machine,False
normal,operational,raw,31747,-0.0063092240329002,-6.068245454571297e-06,0.1843924662332018,0.5072290295145998,0.4917000031499039,0.0010709673354962,TRIAD_017,A06,A06_Confidence-Clean_B3000,A,1385197443,R1,same_machine,False
normal,operational,calibrated,31747,-0.0011493248085741,0.0002142570765108,0.1271805110294101,0.4984722965949538,0.5015277034050462,0.0,TRIAD_017,A06,A06_Confidence-Clean_B3000,A,1385197443,R1,same_machine,False
normal,tail_gap,raw,10000,-0.0157821836616526,-3.379583358759097e-05,0.3087643569189037,0.5209,0.4757,0.0034,TRIAD_017,A06,A06_Confidence-Clean_B3000,A,1385197443,R1,same_machine,False
normal,tail_gap,calibrated,10000,-0.0024731379413122,-0.0003087934285877,0.1872712844968455,0.5009,0.4991,0.0,TRIAD_017,A06,A06_Confidence-Clean_B3000,A,1385197443,R1,same_machine,False
defect,all,raw,20000,-0.0024174588013197,0.0,0.1019683722197849,0.33655,0.4193,0.24415,TRIAD_017,A06,A06_Confidence-Clean_B3000,A,1385197443,R1,same_machine,False
defect,all,calibrated,20000,-0.0009595234981558,0.0003789094011907,0.0747957105575931,0.63375,0.36625,0.0,TRIAD_017,A06,A06_Confidence-Clean_B3000,A,1385197443,R1,same_machine,False
defect,operational,raw,95,0.0001028943314122,-2.509671546135906e-07,0.0016452732610127,0.4631578947368421,0.5368421052631579,0.0,TRIAD_017,A06,A06_Confidence-Clean_B3000,A,1385197443,R1,same_machine,False
defect,operational,calibrated,95,-0.0016572218577905,-0.0012441124760606,0.0327536411459727,0.4526315789473684,0.5473684210526316,0.0,TRIAD_017,A06,A06_Confidence-Clean_B3000,A,1385197443,R1,same_machine,False
defect,tail_gap,raw,1000,-0.0253182644073175,-2.501714092773e-05,0.2928480532342392,0.47,0.53,0.0,TRIAD_017,A06,A06_Confidence-Clean_B3000,A,1385197443,R1,same_machine,False
defect,tail_gap,calibrated,1000,-0.0093231428281853,-0.0036856103583184,0.1730542124787419,0.48,0.52,0.0,TRIAD_017,A06,A06_Confidence-Clean_B3000,A,1385197443,R1,same_machine,False
normal,all,raw,100000,-0.0026301846449727,-1.947987576578214e-06,0.0964400470154492,0.70515,0.29468,0.00017,TRIAD_017,A06,A06_Confidence-Clean_B3000,A,1385197443,R2,same_machine,False
normal,all,calibrated,100000,-0.0007996404448042,0.0011863355228752,0.0685226142124559,0.41625,0.58375,0.0,TRIAD_017,A06,A06_Confidence-Clean_B3000,A,1385197443,R2,same_machine,False
normal,operational,raw,31747,-0.0081578261158322,-0.0005145317991264,0.1710123210698952,0.6203105805272939,0.3791539358049579,0.0005354836677481,TRIAD_017,A06,A06_Confidence-Clean_B3000,A,1385197443,R2,same_machine,False
normal,operational,calibrated,31747,-0.0044342020301542,-0.0024185765083217,0.120015868802149,0.5198286452263206,0.4801713547736794,0.0,TRIAD_017,A06,A06_Confidence-Clean_B3000,A,1385197443,R2,same_machine,False
normal,tail_gap,raw,10000,-0.0182520696014951,0.0,0.2872421417595953,0.4991,0.4992,0.0017,TRIAD_017,A06,A06_Confidence-Clean_B3000,A,1385197443,R2,same_machine,False
normal,tail_gap,calibrated,10000,-0.0096469603088455,-0.0045432099397961,0.1778294722717535,0.5238,0.4762,0.0,TRIAD_017,A06,A06_Confidence-Clean_B3000,A,1385197443,R2,same_machine,False
defect,all,raw,20000,0.0002128854403588,5.960464477539062e-07,0.0916866152206491,0.61615,0.23425,0.1496,TRIAD_017,A06,A06_Confidence-Clean_B3000,A,1385197443,R2,same_machine,False
defect,all,calibrated,20000,-0.000697671119057,-0.0016929526098233,0.0680344190900696,0.39065,0.60935,0.0,TRIAD_017,A06,A06_Confidence-Clean_B3000,A,1385197443,R2,same_machine,False
defect,operational,raw,95,-5.050439687953973e-05,-5.848658656759653e-05,0.001696164996287,0.2,0.8,0.0,TRIAD_017,A06,A06_Confidence-Clean_B3000,A,1385197443,R2,same_machine,False
defect,operational,calibrated,95,-0.0019163676427748,-0.0041915067871564,0.0265750284618872,0.3157894736842105,0.6842105263157895,0.0,TRIAD_017,A06,A06_Confidence-Clean_B3000,A,1385197443,R2,same_machine,False
defect,tail_gap,raw,1000,-0.0045681857104146,-0.0004770310332844,0.270867164295211,0.412,0.588,0.0,TRIAD_017,A06,A06_Confidence-Clean_B3000,A,1385197443,R2,same_machine,False
defect,tail_gap,calibrated,1000,0.0011029451946028,-0.0024839530960363,0.1609978340684225,0.48,0.52,0.0,TRIAD_017,A06,A06_Confidence-Clean_B3000,A,1385197443,R2,same_machine,False
normal,all,raw,100000,-0.0025403612915361,-2.995262304850144e-08,0.1032493362610086,0.5476,0.45221,0.00019,TRIAD_018,A06,A06_Confidence-Clean_B3000,A,1343723075,R1,same_machine,False
normal,all,calibrated,100000,4.0494852671353936e-05,0.0010196721103534,0.0740640327890923,0.37993,0.62007,0.0,TRIAD_018,A06,A06_Confidence-Clean_B3000,A,1343723075,R1,same_machine,False
normal,operational,raw,31747,-0.0080098999878524,-9.81502234935e-05,0.1831223048063371,0.5628563328818471,0.4365451853718461,0.0005984817463067,TRIAD_018,A06,A06_Confidence-Clean_B3000,A,1343723075,R1,same_machine,False
normal,operational,calibrated,31747,-0.0036007801394122,-0.00144724945077,0.1298425585944956,0.5121743786814502,0.4878256213185498,0.0,TRIAD_018,A06,A06_Confidence-Clean_B3000,A,1343723075,R1,same_machine,False
normal,tail_gap,raw,10000,-0.0238593004626203,-0.0002165734767914,0.3092071837626753,0.5282,0.4699,0.0019,TRIAD_018,A06,A06_Confidence-Clean_B3000,A,1343723075,R1,same_machine,False
normal,tail_gap,calibrated,10000,-0.0119717157318297,-0.0058180663142466,0.1919085371815413,0.5278,0.4722,0.0,TRIAD_018,A06,A06_Confidence-Clean_B3000,A,1343723075,R1,same_machine,False
defect,all,raw,20000,-0.0013680696016,0.0,0.1067451201211968,0.45285,0.34645,0.2007,TRIAD_018,A06,A06_Confidence-Clean_B3000,A,1343723075,R1,same_machine,False
defect,all,calibrated,20000,-6.429786607857698e-05,-0.0009074700361514,0.0770244204028486,0.3791,0.6209,0.0,TRIAD_018,A06,A06_Confidence-Clean_B3000,A,1343723075,R1,same_machine,False
defect,operational,raw,95,-0.0002317096896624,-4.84977135783991e-07,0.0015425929394338,0.4105263157894737,0.5894736842105263,0.0,TRIAD_018,A06,A06_Confidence-Clean_B3000,A,1343723075,R1,same_machine,False
defect,operational,calibrated,95,-0.0017312356325283,0.0006352000593652,0.0309376751185743,0.5473684210526316,0.4526315789473684,0.0,TRIAD_018,A06,A06_Confidence-Clean_B3000,A,1343723075,R1,same_machine,False
defect,tail_gap,raw,1000,-0.0016455507507729,-0.0001187485322588,0.3061837540396711,0.446,0.554,0.0,TRIAD_018,A06,A06_Confidence-Clean_B3000,A,1343723075,R1,same_machine,False
defect,tail_gap,calibrated,1000,-6.439194017587902e-05,0.0003237653049437,0.1866142162620996,0.501,0.499,0.0,TRIAD_018,A06,A06_Confidence-Clean_B3000,A,1343723075,R1,same_machine,False
normal,all,raw,100000,0.0002758447623642,6.149910802832892e-09,0.1017317937001581,0.47508,0.52461,0.00031,TRIAD_018,A06,A06_Confidence-Clean_B3000,A,1343723075,R2,same_machine,False
normal,all,calibrated,100000,0.0004889007459862,-0.0001130740344633,0.0727531243034765,0.55542,0.44458,0.0,TRIAD_018,A06,A06_Confidence-Clean_B3000,A,1343723075,R2,same_machine,False
normal,operational,raw,31747,0.0008584019045056,1.780805177899994e-06,0.1805447009339284,0.4941569282136895,0.5048666015686522,0.0009764702176583,TRIAD_018,A06,A06_Confidence-Clean_B3000,A,1343723075,R2,same_machine,False
normal,operational,calibrated,31747,0.0012041147670738,0.0004245861222583,0.127463269487627,0.4949129051563927,0.5050870948436073,0.0,TRIAD_018,A06,A06_Confidence-Clean_B3000,A,1343723075,R2,same_machine,False
normal,tail_gap,raw,10000,0.0026694840726634,0.0,0.3040556407175256,0.497,0.4999,0.0031,TRIAD_018,A06,A06_Confidence-Clean_B3000,A,1343723075,R2,same_machine,False
normal,tail_gap,calibrated,10000,0.0030406914164069,0.0012261099105953,0.1872551740081494,0.4917,0.5083,0.0,TRIAD_018,A06,A06_Confidence-Clean_B3000,A,1343723075,R2,same_machine,False
defect,all,raw,20000,-0.0012108539785828,0.0,0.1051127757561174,0.355,0.4207,0.2243,TRIAD_018,A06,A06_Confidence-Clean_B3000,A,1343723075,R2,same_machine,False
defect,all,calibrated,20000,-0.0005416677854018,0.0001931751009823,0.0749688492799,0.5866,0.4134,0.0,TRIAD_018,A06,A06_Confidence-Clean_B3000,A,1343723075,R2,same_machine,False
defect,operational,raw,95,-5.143559624687109e-05,2.155275069526397e-07,0.0006371900455096,0.5368421052631579,0.4631578947368421,0.0,TRIAD_018,A06,A06_Confidence-Clean_B3000,A,1343723075,R2,same_machine,False
defect,operational,calibrated,95,-5.0701147784727145e-05,0.0005307369324557,0.024980751312035,0.5157894736842106,0.4842105263157895,0.0,TRIAD_018,A06,A06_Confidence-Clean_B3000,A,1343723075,R2,same_machine,False
defect,tail_gap,raw,1000,0.0020056659486382,4.792919867213641e-06,0.3049575204729512,0.522,0.478,0.0,TRIAD_018,A06,A06_Confidence-Clean_B3000,A,1343723075,R2,same_machine,False
defect,tail_gap,calibrated,1000,0.0039124450302981,0.0024642475501242,0.1850695450104255,0.519,0.481,0.0,TRIAD_018,A06,A06_Confidence-Clean_B3000,A,1343723075,R2,same_machine,False
normal,all,raw,100000,-0.0038973691241995,-8.303691224863239e-07,0.0985698917156627,0.66153,0.33829,0.00018,TRIAD_019,A07,A07_Boundary-0.5-Clean_B600,A,1829910790,R1,same_machine,False
normal,all,calibrated,100000,-0.0017436166650425,0.0011692409455799,0.0694835282418662,0.41619,0.58381,0.0,TRIAD_019,A07,A07_Boundary-0.5-Clean_B600,A,1829910790,R1,same_machine,False
normal,operational,raw,31747,-0.0121773098835906,-0.0004644664377337,0.1746043143095126,0.6178851545027877,0.3815478627901849,0.0005669827070274,TRIAD_019,A07,A07_Boundary-0.5-Clean_B600,A,1829910790,R1,same_machine,False
normal,operational,calibrated,31747,-0.0071442150956468,-0.0039954842142535,0.1216562886064839,0.5320502724666898,0.4679497275333102,0.0,TRIAD_019,A07,A07_Boundary-0.5-Clean_B600,A,1829910790,R1,same_machine,False
normal,tail_gap,raw,10000,-0.0280372100935626,-0.0002099871635437,0.2913104770818465,0.524,0.4742,0.0018,TRIAD_019,A07,A07_Boundary-0.5-Clean_B600,A,1829910790,R1,same_machine,False
normal,tail_gap,calibrated,10000,-0.0120113689644808,-0.0050422007609495,0.1789163531996394,0.5249,0.4751,0.0,TRIAD_019,A07,A07_Boundary-0.5-Clean_B600,A,1829910790,R1,same_machine,False
defect,all,raw,20000,0.0014207628502281,2.384185792125848e-07,0.0926445314420882,0.55695,0.24995,0.1931,TRIAD_019,A07,A07_Boundary-0.5-Clean_B600,A,1829910790,R1,same_machine,False
defect,all,calibrated,20000,0.002546758999833,-0.0012429612577455,0.0703311815061035,0.41015,0.58985,0.0,TRIAD_019,A07,A07_Boundary-0.5-Clean_B600,A,1829910790,R1,same_machine,False
defect,operational,raw,95,-0.0001641872202469,-1.832454836403485e-05,0.0012053506952511,0.3157894736842105,0.6842105263157895,0.0,TRIAD_019,A07,A07_Boundary-0.5-Clean_B600,A,1829910790,R1,same_machine,False
defect,operational,calibrated,95,-0.0001098673447268,-0.0008074445223017,0.0253722074397607,0.4526315789473684,0.5473684210526316,0.0,TRIAD_019,A07,A07_Boundary-0.5-Clean_B600,A,1829910790,R1,same_machine,False
defect,tail_gap,raw,1000,0.0061184883266761,-0.0003178038750775,0.2816165527462411,0.425,0.575,0.0,TRIAD_019,A07,A07_Boundary-0.5-Clean_B600,A,1829910790,R1,same_machine,False
defect,tail_gap,calibrated,1000,0.005951895199148,-0.0025334520127908,0.1670976112331325,0.485,0.515,0.0,TRIAD_019,A07,A07_Boundary-0.5-Clean_B600,A,1829910790,R1,same_machine,False
normal,all,raw,100000,0.000441470827499,-5.183433793298775e-09,0.1003301701653444,0.51813,0.48162,0.00025,TRIAD_019,A07,A07_Boundary-0.5-Clean_B600,A,1829910790,R2,same_machine,True
normal,all,calibrated,100000,-0.0011414243571284,0.0003665174796657,0.070942008754789,0.43137,0.56863,0.0,TRIAD_019,A07,A07_Boundary-0.5-Clean_B600,A,1829910790,R2,same_machine,True
normal,operational,raw,31747,0.0013859209178479,-3.1852789106700006e-05,0.178058298912421,0.5240495164897471,0.4751630075282704,0.0007874759819825,TRIAD_019,A07,A07_Boundary-0.5-Clean_B600,A,1829910790,R2,same_machine,True
normal,operational,calibrated,31747,-0.0037914777274086,-0.0026540279539288,0.1244353522489334,0.5231990424292059,0.4768009575707941,0.0,TRIAD_019,A07,A07_Boundary-0.5-Clean_B600,A,1829910790,R2,same_machine,True
normal,tail_gap,raw,10000,0.003179908079774,3.57627868653454e-05,0.3009490302869312,0.479,0.5185,0.0025,TRIAD_019,A07,A07_Boundary-0.5-Clean_B600,A,1829910790,R2,same_machine,True
normal,tail_gap,calibrated,10000,-0.0054209277517743,-0.0014727601210455,0.1844429609944155,0.51,0.49,0.0,TRIAD_019,A07,A07_Boundary-0.5-Clean_B600,A,1829910790,R2,same_machine,True
defect,all,raw,20000,0.0023683353135317,0.0,0.0989844781903287,0.45845,0.30545,0.2361,TRIAD_019,A07,A07_Boundary-0.5-Clean_B600,A,1829910790,R2,same_machine,True
defect,all,calibrated,20000,0.0008353219856874,-0.0007084674531442,0.072093570503037,0.38635,0.61365,0.0,TRIAD_019,A07,A07_Boundary-0.5-Clean_B600,A,1829910790,R2,same_machine,True
defect,operational,raw,95,-5.742223208819034e-05,-1.1469024912003085e-06,0.001065720984154,0.4736842105263157,0.5263157894736842,0.0,TRIAD_019,A07,A07_Boundary-0.5-Clean_B600,A,1829910790,R2,same_machine,True
defect,operational,calibrated,95,-0.0003727160942228,-0.0004708424287826,0.027611957991197,0.4947368421052631,0.5052631578947369,0.0,TRIAD_019,A07,A07_Boundary-0.5-Clean_B600,A,1829910790,R2,same_machine,True
defect,tail_gap,raw,1000,0.0127425413325227,-2.417264781229278e-06,0.2963694773670364,0.493,0.507,0.0,TRIAD_019,A07,A07_Boundary-0.5-Clean_B600,A,1829910790,R2,same_machine,True
defect,tail_gap,calibrated,1000,-0.0006985691789207,-0.0010582406793467,0.1733411554284411,0.495,0.505,0.0,TRIAD_019,A07,A07_Boundary-0.5-Clean_B600,A,1829910790,R2,same_machine,True
normal,all,raw,100000,6.76742756528363e-05,3.345626553574732e-08,0.0990442090759166,0.45946,0.5403,0.00024,TRIAD_020,A07,A07_Boundary-0.5-Clean_B600,A,1385197443,R1,same_machine,False
normal,all,calibrated,100000,-0.0002472842639391,-0.0006059810269483,0.0698480340399477,0.59685,0.40315,0.0,TRIAD_020,A07,A07_Boundary-0.5-Clean_B600,A,1385197443,R1,same_machine,False
normal,operational,raw,31747,0.0001917915610013,5.599902942768868e-05,0.1757647132330544,0.4766749614136769,0.5225690616436198,0.0007559769427032,TRIAD_020,A07,A07_Boundary-0.5-Clean_B600,A,1385197443,R1,same_machine,False
normal,operational,calibrated,31747,0.0011066686725787,-0.0005309882843251,0.1225925568058394,0.5035751409582008,0.4964248590417992,0.0,TRIAD_020,A07,A07_Boundary-0.5-Clean_B600,A,1385197443,R1,same_machine,False
normal,tail_gap,raw,10000,-0.0023145418852296,-4.255771636951789e-05,0.2920684179293014,0.5211,0.4765,0.0024,TRIAD_020,A07,A07_Boundary-0.5-Clean_B600,A,1385197443,R1,same_machine,False
normal,tail_gap,calibrated,10000,0.0025432822670702,0.0007489505806853,0.1793900808667053,0.4956,0.5044,0.0,TRIAD_020,A07,A07_Boundary-0.5-Clean_B600,A,1385197443,R1,same_machine,False
defect,all,raw,20000,0.0002109519959025,0.0,0.0950299296304578,0.32525,0.4837,0.19105,TRIAD_020,A07,A07_Boundary-0.5-Clean_B600,A,1385197443,R1,same_machine,False
defect,all,calibrated,20000,0.0013691926700849,0.0009265760076617,0.0705238614187703,0.6265,0.3735,0.0,TRIAD_020,A07,A07_Boundary-0.5-Clean_B600,A,1385197443,R1,same_machine,False
defect,operational,raw,95,-0.0005404662123039,2.340176251891534e-06,0.0083243076548089,0.5368421052631579,0.4631578947368421,0.0,TRIAD_020,A07,A07_Boundary-0.5-Clean_B600,A,1385197443,R1,same_machine,False
defect,operational,calibrated,95,-0.0038888416729567,-0.0010814627554872,0.0348542271487173,0.4526315789473684,0.5473684210526316,0.0,TRIAD_020,A07,A07_Boundary-0.5-Clean_B600,A,1385197443,R1,same_machine,False
defect,tail_gap,raw,1000,0.0048961708609819,4.396596887090709e-05,0.2786273365066761,0.525,0.475,0.0,TRIAD_020,A07,A07_Boundary-0.5-Clean_B600,A,1385197443,R1,same_machine,False
defect,tail_gap,calibrated,1000,0.0042157794373439,0.0003615225983433,0.15963986028491,0.503,0.497,0.0,TRIAD_020,A07,A07_Boundary-0.5-Clean_B600,A,1385197443,R1,same_machine,False
normal,all,raw,100000,0.0037585274028228,1.5572551159692696e-07,0.0987664322933374,0.40668,0.59314,0.00018,TRIAD_020,A07,A07_Boundary-0.5-Clean_B600,A,1385197443,R2,same_machine,True
normal,all,calibrated,100000,0.0006735697344367,-0.0009832877178812,0.0699475936832597,0.61204,0.38796,0.0,TRIAD_020,A07,A07_Boundary-0.5-Clean_B600,A,1385197443,R2,same_machine,True
normal,operational,raw,31747,0.0117834928226322,0.0002785520931638,0.1750075412708328,0.4104639808485841,0.5889690364443885,0.0005669827070274,TRIAD_020,A07,A07_Boundary-0.5-Clean_B600,A,1385197443,R2,same_machine,True
normal,operational,calibrated,31747,0.0048104467985129,0.0017682292532249,0.1225821943691336,0.4860616751189088,0.5139383248810911,0.0,TRIAD_020,A07,A07_Boundary-0.5-Clean_B600,A,1385197443,R2,same_machine,True
normal,tail_gap,raw,10000,0.0274315979348357,0.0001467764377593,0.291886402261014,0.4774,0.5208,0.0018,TRIAD_020,A07,A07_Boundary-0.5-Clean_B600,A,1385197443,R2,same_machine,True
normal,tail_gap,calibrated,10000,0.0083220383204691,0.002046705210611,0.1791910625326819,0.4892,0.5108,0.0,TRIAD_020,A07,A07_Boundary-0.5-Clean_B600,A,1385197443,R2,same_machine,True
defect,all,raw,20000,0.0014808406959212,0.0,0.0948730941319056,0.32405,0.48415,0.1918,TRIAD_020,A07,A07_Boundary-0.5-Clean_B600,A,1385197443,R2,same_machine,True
defect,all,calibrated,20000,0.0002694279319699,0.0008825938137501,0.0706758752262578,0.6139,0.3861,0.0,TRIAD_020,A07,A07_Boundary-0.5-Clean_B600,A,1385197443,R2,same_machine,True
defect,operational,raw,95,0.0001654465431335,7.875070878071717e-06,0.0026736865154784,0.5473684210526316,0.4526315789473684,0.0,TRIAD_020,A07,A07_Boundary-0.5-Clean_B600,A,1385197443,R2,same_machine,True
defect,operational,calibrated,95,-0.0049253213362747,-0.0017887538724649,0.0297766474483901,0.431578947368421,0.5684210526315789,0.0,TRIAD_020,A07,A07_Boundary-0.5-Clean_B600,A,1385197443,R2,same_machine,True
defect,tail_gap,raw,1000,0.0208703428901452,0.00034613886055,0.2732402350215991,0.563,0.437,0.0,TRIAD_020,A07,A07_Boundary-0.5-Clean_B600,A,1385197443,R2,same_machine,True
defect,tail_gap,calibrated,1000,0.0062818886318701,-0.0006205875870103,0.1643309494019966,0.496,0.504,0.0,TRIAD_020,A07,A07_Boundary-0.5-Clean_B600,A,1385197443,R2,same_machine,True
normal,all,raw,100000,-0.0019275394676605,0.0,0.0985695599146537,0.49988,0.49994,0.00018,TRIAD_021,A07,A07_Boundary-0.5-Clean_B600,A,1343723075,R1,same_machine,False
normal,all,calibrated,100000,-4.227084979707412e-05,-9.827027278900072e-06,0.0693044342065053,0.55118,0.44882,0.0,TRIAD_021,A07,A07_Boundary-0.5-Clean_B600,A,1343723075,R1,same_machine,False
normal,operational,raw,31747,-0.0060807785183224,-2.1807984012411907e-05,0.1748334362690717,0.5152297854915425,0.48420323180143,0.0005669827070274,TRIAD_021,A07,A07_Boundary-0.5-Clean_B600,A,1343723075,R1,same_machine,False
normal,operational,calibrated,31747,-0.0005177944462508,0.0002838037731229,0.1215740151349693,0.4978738148486471,0.5021261851513529,0.0,TRIAD_021,A07,A07_Boundary-0.5-Clean_B600,A,1343723075,R1,same_machine,False
normal,tail_gap,raw,10000,-0.0166425578294114,-0.000108480453491,0.2914677941111638,0.5292,0.469,0.0018,TRIAD_021,A07,A07_Boundary-0.5-Clean_B600,A,1343723075,R1,same_machine,False
normal,tail_gap,calibrated,10000,-0.0032121788841515,-0.0006928784774176,0.1768276776253954,0.5045,0.4955,0.0,TRIAD_021,A07,A07_Boundary-0.5-Clean_B600,A,1343723075,R1,same_machine,False
defect,all,raw,20000,-0.000707728998961,0.0,0.099099530636532,0.3645,0.42985,0.20565,TRIAD_021,A07,A07_Boundary-0.5-Clean_B600,A,1343723075,R1,same_machine,False
defect,all,calibrated,20000,0.0008464981654475,0.0002838037731229,0.0710832008130804,0.6241,0.3759,0.0,TRIAD_021,A07,A07_Boundary-0.5-Clean_B600,A,1343723075,R1,same_machine,False
defect,operational,raw,95,1.978482475306933e-06,4.839715153082125e-07,0.0007247786255064,0.5368421052631579,0.4631578947368421,0.0,TRIAD_021,A07,A07_Boundary-0.5-Clean_B600,A,1343723075,R1,same_machine,False
defect,operational,calibrated,95,0.0012875224336839,0.0012447144990214,0.0238221382450989,0.5263157894736842,0.4736842105263157,0.0,TRIAD_021,A07,A07_Boundary-0.5-Clean_B600,A,1343723075,R1,same_machine,False
defect,tail_gap,raw,1000,5.264207473457372e-05,-1.0952217735393788e-05,0.2849316178044977,0.488,0.512,0.0,TRIAD_021,A07,A07_Boundary-0.5-Clean_B600,A,1343723075,R1,same_machine,False
defect,tail_gap,calibrated,1000,0.0049981477734548,0.0011260322853015,0.1689908681661573,0.504,0.496,0.0,TRIAD_021,A07,A07_Boundary-0.5-Clean_B600,A,1343723075,R1,same_machine,False
normal,all,raw,100000,0.0006155845712682,2.439465074388636e-09,0.0972423402253629,0.48933,0.51043,0.00024,TRIAD_021,A07,A07_Boundary-0.5-Clean_B600,A,1343723075,R2,same_machine,False
normal,all,calibrated,100000,6.241813807396354e-05,-0.0003435936864526,0.0689852131387872,0.58464,0.41536,0.0,TRIAD_021,A07,A07_Boundary-0.5-Clean_B600,A,1343723075,R2,same_machine,False
normal,operational,raw,31747,0.0018971322403024,2.448108898533974e-05,0.1725456706216122,0.4821242952089961,0.5171197278483006,0.0007559769427032,TRIAD_021,A07,A07_Boundary-0.5-Clean_B600,A,1343723075,R2,same_machine,False
normal,operational,calibrated,31747,0.0010048068918809,-1.6098397667405062e-05,0.1210315225974126,0.5002992408731534,0.4997007591268466,0.0,TRIAD_021,A07,A07_Boundary-0.5-Clean_B600,A,1343723075,R2,same_machine,False
normal,tail_gap,raw,10000,0.0029706646506626,-1.1920928955078125e-07,0.2904975966208389,0.5004,0.4972,0.0024,TRIAD_021,A07,A07_Boundary-0.5-Clean_B600,A,1343723075,R2,same_machine,False
normal,tail_gap,calibrated,10000,0.0015286324404791,0.0003883022683117,0.1775133847118737,0.496,0.504,0.0,TRIAD_021,A07,A07_Boundary-0.5-Clean_B600,A,1343723075,R2,same_machine,False
defect,all,raw,20000,0.0001723279138993,0.0,0.0984752647993674,0.34145,0.4477,0.21085,TRIAD_021,A07,A07_Boundary-0.5-Clean_B600,A,1343723075,R2,same_machine,False
defect,all,calibrated,20000,0.0001117687775793,0.0003883022683117,0.0708888360586777,0.61025,0.38975,0.0,TRIAD_021,A07,A07_Boundary-0.5-Clean_B600,A,1343723075,R2,same_machine,False
defect,operational,raw,95,2.265858200649747e-05,8.076871154116816e-07,0.0008191718293275,0.5789473684210527,0.4210526315789473,0.0,TRIAD_021,A07,A07_Boundary-0.5-Clean_B600,A,1343723075,R2,same_machine,False
defect,operational,calibrated,95,0.0008526059265873,-0.0003435936864526,0.0243388510468103,0.4736842105263157,0.5263157894736842,0.0,TRIAD_021,A07,A07_Boundary-0.5-Clean_B600,A,1343723075,R2,same_machine,False
defect,tail_gap,raw,1000,0.0127202416924912,9.483381631980592e-06,0.2976072995943999,0.518,0.482,0.0,TRIAD_021,A07,A07_Boundary-0.5-Clean_B600,A,1343723075,R2,same_machine,False
defect,tail_gap,calibrated,1000,0.006457790905788,0.0003668825851816,0.1772459267695249,0.503,0.497,0.0,TRIAD_021,A07,A07_Boundary-0.5-Clean_B600,A,1343723075,R2,same_machine,False
normal,all,raw,100000,-0.0087677439434408,-1.5095178795832e-06,0.103886740249879,0.71793,0.28195,0.00012,TRIAD_022,A08,A08_Boundary-0.5-Clean_B3000,A,1829910790,R1,same_machine,False
normal,all,calibrated,100000,0.0004446952083876,0.0021737991964769,0.0730448718065078,0.34178,0.65822,0.0,TRIAD_022,A08,A08_Boundary-0.5-Clean_B3000,A,1829910790,R1,same_machine,False
normal,operational,raw,31747,-0.0275037005208215,-0.0008908790769056,0.1829649601594283,0.6746149242448105,0.3250070872838378,0.0003779884713516,TRIAD_022,A08,A08_Boundary-0.5-Clean_B3000,A,1829910790,R1,same_machine,False
normal,operational,calibrated,31747,-0.0040746227033205,-0.0001115572749145,0.1280284592227229,0.5007402274230636,0.4992597725769364,0.0,TRIAD_022,A08,A08_Boundary-0.5-Clean_B3000,A,1829910790,R1,same_machine,False
normal,tail_gap,raw,10000,-0.0686287196401256,-0.008344427216798,0.3051958384176489,0.5772,0.4216,0.0012,TRIAD_022,A08,A08_Boundary-0.5-Clean_B3000,A,1829910790,R1,same_machine,False
normal,tail_gap,calibrated,10000,-0.0128414820036859,-0.0043049743278561,0.189197025038053,0.519,0.481,0.0,TRIAD_022,A08,A08_Boundary-0.5-Clean_B3000,A,1829910790,R1,same_machine,False
defect,all,raw,20000,-0.0068347330705604,2.384185789905402e-07,0.1049064975503135,0.5426,0.3184,0.139,TRIAD_022,A08,A08_Boundary-0.5-Clean_B3000,A,1829910790,R1,same_machine,False
defect,all,calibrated,20000,-0.0002291731646761,-0.001303954537535,0.0755383786243994,0.4077,0.5923,0.0,TRIAD_022,A08,A08_Boundary-0.5-Clean_B3000,A,1829910790,R1,same_machine,False
defect,operational,raw,95,-0.0004439154118297,-3.677442737171078e-05,0.0017219672612145,0.2736842105263158,0.7263157894736842,0.0,TRIAD_022,A08,A08_Boundary-0.5-Clean_B3000,A,1829910790,R1,same_machine,False
defect,operational,calibrated,95,-0.0014224718592697,0.0012908876907221,0.0293103705945252,0.5473684210526316,0.4526315789473684,0.0,TRIAD_022,A08,A08_Boundary-0.5-Clean_B3000,A,1829910790,R1,same_machine,False
defect,tail_gap,raw,1000,-0.0511893275646575,-0.0022648525773547,0.2926179685255004,0.354,0.646,0.0,TRIAD_022,A08,A08_Boundary-0.5-Clean_B3000,A,1829910790,R1,same_machine,False
defect,tail_gap,calibrated,1000,-0.0020265383814684,0.0010467686536563,0.1816124005262516,0.506,0.494,0.0,TRIAD_022,A08,A08_Boundary-0.5-Clean_B3000,A,1829910790,R1,same_machine,False
normal,all,raw,100000,-0.0030263698812114,-3.1021352597804266e-08,0.1023711440681106,0.55581,0.44392,0.00027,TRIAD_022,A08,A08_Boundary-0.5-Clean_B3000,A,1829910790,R2,same_machine,False
normal,all,calibrated,100000,0.0010067884215652,0.0003228215621146,0.0725944372129003,0.43189,0.56811,0.0,TRIAD_022,A08,A08_Boundary-0.5-Clean_B3000,A,1829910790,R2,same_machine,False
normal,operational,raw,31747,-0.0094661614053374,-3.549061847252233e-05,0.1814066419441259,0.5360506504551611,0.4630988754842977,0.0008504740605411,TRIAD_022,A08,A08_Boundary-0.5-Clean_B3000,A,1829910790,R2,same_machine,False
normal,operational,calibrated,31747,0.002784662962253,0.0019688924609157,0.1271901551670804,0.4829747692695372,0.5170252307304627,0.0,TRIAD_022,A08,A08_Boundary-0.5-Clean_B3000,A,1829910790,R2,same_machine,False
normal,tail_gap,raw,10000,-0.0257244951350553,-0.0004096627235412,0.3077724867137611,0.5432,0.4541,0.0027,TRIAD_022,A08,A08_Boundary-0.5-Clean_B3000,A,1829910790,R2,same_machine,False
normal,tail_gap,calibrated,10000,0.0027955599895749,0.0017227921396495,0.1893612388407685,0.4884,0.5116,0.0,TRIAD_022,A08,A08_Boundary-0.5-Clean_B3000,A,1829910790,R2,same_machine,False
defect,all,raw,20000,-0.0042064691843809,0.0,0.1056215245615708,0.3034,0.49145,0.20515,TRIAD_022,A08,A08_Boundary-0.5-Clean_B3000,A,1829910790,R2,same_machine,False
defect,all,calibrated,20000,-0.0011147774146197,0.0004660625515003,0.075199437453346,0.57855,0.42145,0.0,TRIAD_022,A08,A08_Boundary-0.5-Clean_B3000,A,1829910790,R2,same_machine,False
defect,operational,raw,95,-2.383104488149784e-06,-2.387023840810798e-07,0.0004121576996414,0.4631578947368421,0.5368421052631579,0.0,TRIAD_022,A08,A08_Boundary-0.5-Clean_B3000,A,1829910790,R2,same_machine,False
defect,operational,calibrated,95,0.0002166938502739,0.0002436969588171,0.0223715091201641,0.5157894736842106,0.4842105263157895,0.0,TRIAD_022,A08,A08_Boundary-0.5-Clean_B3000,A,1829910790,R2,same_machine,False
defect,tail_gap,raw,1000,-0.0187414065124377,-8.336192240671816e-05,0.3028451185544452,0.445,0.555,0.0,TRIAD_022,A08,A08_Boundary-0.5-Clean_B3000,A,1829910790,R2,same_machine,False
defect,tail_gap,calibrated,1000,0.0025248327303833,0.0002026373307841,0.1836685470722575,0.501,0.499,0.0,TRIAD_022,A08,A08_Boundary-0.5-Clean_B3000,A,1829910790,R2,same_machine,False
normal,all,raw,100000,-0.0062672713457888,-1.8592410722106933e-08,0.1014297170530331,0.53304,0.46671,0.00025,TRIAD_023,A08,A08_Boundary-0.5-Clean_B3000,A,1385197443,R1,same_machine,True
normal,all,calibrated,100000,1.926816493333769e-05,0.0004867982936249,0.0719994571043581,0.39594,0.60406,0.0,TRIAD_023,A08,A08_Boundary-0.5-Clean_B3000,A,1385197443,R1,same_machine,True
normal,operational,raw,31747,-0.0196995399328903,-0.0001409436372341,0.1792630252502734,0.5695026301697799,0.4297098938482376,0.0007874759819825,TRIAD_023,A08,A08_Boundary-0.5-Clean_B3000,A,1385197443,R1,same_machine,True
normal,operational,calibrated,31747,-0.0030645922581051,0.0008141824787711,0.1261612440922939,0.4934954483888241,0.5065045516111759,0.0,TRIAD_023,A08,A08_Boundary-0.5-Clean_B3000,A,1385197443,R1,same_machine,True
normal,tail_gap,raw,10000,-0.0542344666121661,-0.0035699605941771,0.3007449134512711,0.5839,0.4136,0.0025,TRIAD_023,A08,A08_Boundary-0.5-Clean_B3000,A,1385197443,R1,same_machine,True
normal,tail_gap,calibrated,10000,-0.0122605160822127,-0.0037176462112059,0.1854610566466777,0.5177,0.4823,0.0,TRIAD_023,A08,A08_Boundary-0.5-Clean_B3000,A,1385197443,R1,same_machine,True
defect,all,raw,20000,-0.0055138668675943,0.0,0.1013861087052166,0.35205,0.4521,0.19585,TRIAD_023,A08,A08_Boundary-0.5-Clean_B3000,A,1385197443,R1,same_machine,True
defect,all,calibrated,20000,0.0004164628468379,0.0003111781620368,0.0729879749902721,0.6171,0.3829,0.0,TRIAD_023,A08,A08_Boundary-0.5-Clean_B3000,A,1385197443,R1,same_machine,True
defect,operational,raw,95,0.0002095957648279,-4.715542900157743e-06,0.0029110090340598,0.3894736842105263,0.6105263157894737,0.0,TRIAD_023,A08,A08_Boundary-0.5-Clean_B3000,A,1385197443,R1,same_machine,True
defect,operational,calibrated,95,0.0001744843317817,-0.0006411222032627,0.0308705290152178,0.4947368421052631,0.5052631578947369,0.0,TRIAD_023,A08,A08_Boundary-0.5-Clean_B3000,A,1385197443,R1,same_machine,True
defect,tail_gap,raw,1000,-0.0506867756569553,-0.0006663862150162,0.2872300894768946,0.401,0.599,0.0,TRIAD_023,A08,A08_Boundary-0.5-Clean_B3000,A,1385197443,R1,same_machine,True
defect,tail_gap,calibrated,1000,-0.0128787806353916,-0.0031788460938484,0.1750288156790375,0.473,0.527,0.0,TRIAD_023,A08,A08_Boundary-0.5-Clean_B3000,A,1385197443,R1,same_machine,True
normal,all,raw,100000,-0.0066040087143579,-5.478757678645252e-07,0.097054496377921,0.62909,0.37074,0.00017,TRIAD_023,A08,A08_Boundary-0.5-Clean_B3000,A,1385197443,R2,same_machine,True
normal,all,calibrated,100000,-0.0002671401444296,0.0011900455863993,0.0696126051359322,0.3901,0.6099,0.0,TRIAD_023,A08,A08_Boundary-0.5-Clean_B3000,A,1385197443,R2,same_machine,True
normal,operational,raw,31747,-0.0207127306961074,-0.0004970875452273,0.1713680765190069,0.6287523230541469,0.370712193278105,0.0005354836677481,TRIAD_023,A08,A08_Boundary-0.5-Clean_B3000,A,1385197443,R2,same_machine,True
normal,operational,calibrated,31747,-0.0037791439146476,-0.0006251215294479,0.1219413331423883,0.5054650833149589,0.4945349166850411,0.0,TRIAD_023,A08,A08_Boundary-0.5-Clean_B3000,A,1385197443,R2,same_machine,True
normal,tail_gap,raw,10000,-0.0527038855723777,-0.0039345622062681,0.2864966103986388,0.5751,0.4232,0.0017,TRIAD_023,A08,A08_Boundary-0.5-Clean_B3000,A,1385197443,R2,same_machine,True
normal,tail_gap,calibrated,10000,-0.0101321637549569,-0.0021911393852354,0.1792584435683901,0.513,0.487,0.0,TRIAD_023,A08,A08_Boundary-0.5-Clean_B3000,A,1385197443,R2,same_machine,True
defect,all,raw,20000,-0.0038300270999902,0.0,0.1006391811627762,0.4798,0.35365,0.16655,TRIAD_023,A08,A08_Boundary-0.5-Clean_B3000,A,1385197443,R2,same_machine,True
defect,all,calibrated,20000,0.0013160723188019,-0.0005041435705729,0.0726083371951999,0.4337,0.5663,0.0,TRIAD_023,A08,A08_Boundary-0.5-Clean_B3000,A,1385197443,R2,same_machine,True
defect,operational,raw,95,-0.0003830507135673,-2.858711377484724e-05,0.0052703091469042,0.2736842105263158,0.7263157894736842,0.0,TRIAD_023,A08,A08_Boundary-0.5-Clean_B3000,A,1385197443,R2,same_machine,True
defect,operational,calibrated,95,-0.0030382052475445,-0.0031771513748684,0.0298864483869302,0.4210526315789473,0.5789473684210527,0.0,TRIAD_023,A08,A08_Boundary-0.5-Clean_B3000,A,1385197443,R2,same_machine,True
defect,tail_gap,raw,1000,-0.0315026521904022,-0.0005282435670323,0.2779059705623938,0.399,0.601,0.0,TRIAD_023,A08,A08_Boundary-0.5-Clean_B3000,A,1385197443,R2,same_machine,True
defect,tail_gap,calibrated,1000,0.0002027603400215,-0.002563615124693,0.1723050915541361,0.486,0.514,0.0,TRIAD_023,A08,A08_Boundary-0.5-Clean_B3000,A,1385197443,R2,same_machine,True
normal,all,raw,100000,-0.0011617091079313,7.3959138813251e-08,0.1023096432182485,0.42142,0.57828,0.0003,TRIAD_024,A08,A08_Boundary-0.5-Clean_B3000,A,1343723075,R1,same_machine,False
normal,all,calibrated,100000,0.0010050444583148,-0.0003212236044884,0.0721769636917405,0.52528,0.47472,0.0,TRIAD_024,A08,A08_Boundary-0.5-Clean_B3000,A,1343723075,R1,same_machine,False
normal,operational,raw,31747,-0.0036704245500056,1.923424133565277e-05,0.1815345317787499,0.4833842567801682,0.5156707720414527,0.000944971178379,TRIAD_024,A08,A08_Boundary-0.5-Clean_B3000,A,1343723075,R1,same_machine,False
normal,operational,calibrated,31747,0.0013106512997711,0.0015875357471027,0.1265172210049366,0.4870066462972879,0.512993353702712,0.0,TRIAD_024,A08,A08_Boundary-0.5-Clean_B3000,A,1343723075,R1,same_machine,False
normal,tail_gap,raw,10000,-0.0119531884540196,-5.072355270380191e-05,0.3057616219980616,0.5241,0.4729,0.003,TRIAD_024,A08,A08_Boundary-0.5-Clean_B3000,A,1343723075,R1,same_machine,False
normal,tail_gap,calibrated,10000,-0.0020874631545788,-0.0007586374352446,0.1861409341924833,0.5039,0.4961,0.0,TRIAD_024,A08,A08_Boundary-0.5-Clean_B3000,A,1343723075,R1,same_machine,False
defect,all,raw,20000,-0.0029073998915444,0.0,0.09933780768379,0.33925,0.43515,0.2256,TRIAD_024,A08,A08_Boundary-0.5-Clean_B3000,A,1343723075,R1,same_machine,False
defect,all,calibrated,20000,-0.0013361428635742,0.0006099281486013,0.0728581962450617,0.6268,0.3732,0.0,TRIAD_024,A08,A08_Boundary-0.5-Clean_B3000,A,1343723075,R1,same_machine,False
defect,operational,raw,95,-2.36234731572387e-05,2.2197647560062705e-06,0.0005434659679744,0.5578947368421052,0.4421052631578947,0.0,TRIAD_024,A08,A08_Boundary-0.5-Clean_B3000,A,1343723075,R1,same_machine,False
defect,operational,calibrated,95,0.0001196821745043,0.0011028345534867,0.0250307957238036,0.5368421052631579,0.4631578947368421,0.0,TRIAD_024,A08,A08_Boundary-0.5-Clean_B3000,A,1343723075,R1,same_machine,False
defect,tail_gap,raw,1000,-0.0176756754139323,-5.406490970472078e-06,0.3018585876155267,0.495,0.505,0.0,TRIAD_024,A08,A08_Boundary-0.5-Clean_B3000,A,1343723075,R1,same_machine,False
defect,tail_gap,calibrated,1000,-0.0057414545226551,-0.0006871836217361,0.1787154056976012,0.496,0.504,0.0,TRIAD_024,A08,A08_Boundary-0.5-Clean_B3000,A,1343723075,R1,same_machine,False
normal,all,raw,100000,-0.0013171402865432,-1.0539857449032295e-06,0.0958918934021111,0.65367,0.3462,0.00013,TRIAD_024,A08,A08_Boundary-0.5-Clean_B3000,A,1343723075,R2,same_machine,False
normal,all,calibrated,100000,-0.0001451240592677,0.001378358536238,0.0695073289347816,0.39318,0.60682,0.0,TRIAD_024,A08,A08_Boundary-0.5-Clean_B3000,A,1343723075,R2,same_machine,False
normal,operational,raw,31747,-0.0040616359688635,-0.00037295990478,0.1701466288165457,0.5921189403723186,0.4074715721170504,0.0004094875106309,TRIAD_024,A08,A08_Boundary-0.5-Clean_B3000,A,1343723075,R2,same_machine,False
normal,operational,calibrated,31747,-0.0033494400830479,-0.0013795089186851,0.1217681242172101,0.5105994267174851,0.4894005732825149,0.0,TRIAD_024,A08,A08_Boundary-0.5-Clean_B3000,A,1343723075,R2,same_machine,False
normal,tail_gap,raw,10000,-0.0069261937565683,3.87132167815607e-05,0.2859398853247231,0.4797,0.519,0.0013,TRIAD_024,A08,A08_Boundary-0.5-Clean_B3000,A,1343723075,R2,same_machine,False
normal,tail_gap,calibrated,10000,-0.0082726592684949,-0.0027040839478352,0.1783868649332346,0.5162,0.4838,0.0,TRIAD_024,A08,A08_Boundary-0.5-Clean_B3000,A,1343723075,R2,same_machine,False
defect,all,raw,20000,0.0009625305703929,1.0728836059570312e-06,0.0968424272688779,0.63845,0.2307,0.13085,TRIAD_024,A08,A08_Boundary-0.5-Clean_B3000,A,1343723075,R2,same_machine,False
defect,all,calibrated,20000,-0.0010752903711159,-0.0013411463753544,0.0700871489236894,0.4093,0.5907,0.0,TRIAD_024,A08,A08_Boundary-0.5-Clean_B3000,A,1343723075,R2,same_machine,False
defect,operational,raw,95,-0.00068017951905,-7.446502650054754e-05,0.0021918259106823,0.2210526315789473,0.7789473684210526,0.0,TRIAD_024,A08,A08_Boundary-0.5-Clean_B3000,A,1343723075,R2,same_machine,False
defect,operational,calibrated,95,-0.0081034945072053,-0.0025401910286933,0.0301663383281253,0.431578947368421,0.5684210526315789,0.0,TRIAD_024,A08,A08_Boundary-0.5-Clean_B3000,A,1343723075,R2,same_machine,False
defect,tail_gap,raw,1000,0.0017795637836109,-0.0007583641490783,0.2820733530451161,0.411,0.589,0.0,TRIAD_024,A08,A08_Boundary-0.5-Clean_B3000,A,1343723075,R2,same_machine,False
defect,tail_gap,calibrated,1000,-0.0030160990684649,-0.0026645657802125,0.1671313408874311,0.485,0.515,0.0,TRIAD_024,A08,A08_Boundary-0.5-Clean_B3000,A,1343723075,R2,same_machine,False
normal,all,raw,100000,-0.0020233189887514,-5.439637673632087e-07,0.103122534343586,0.6517,0.34814,0.00016,TRIAD_025,A09,A09_Persistent-0.5-Clean_B600,A,1829910790,R1,same_machine,False
normal,all,calibrated,100000,-9.61446341108078e-05,0.0013932265274734,0.0728952667661992,0.38895,0.61105,0.0,TRIAD_025,A09,A09_Persistent-0.5-Clean_B600,A,1829910790,R1,same_machine,False
normal,operational,raw,31747,-0.0063154913946302,-0.0002909688701038,0.1829309900702758,0.5910164739975431,0.4084795413739881,0.0005039846284688,TRIAD_025,A09,A09_Persistent-0.5-Clean_B600,A,1829910790,R1,same_machine,False
normal,operational,calibrated,31747,-0.0034224677245485,-0.0011783014772934,0.1278314648017259,0.5095284593819889,0.4904715406180111,0.0,TRIAD_025,A09,A09_Persistent-0.5-Clean_B600,A,1829910790,R1,same_machine,False
normal,tail_gap,raw,10000,-0.0132062173978748,1.9073486328125e-06,0.3034086033731178,0.4942,0.5042,0.0016,TRIAD_025,A09,A09_Persistent-0.5-Clean_B600,A,1829910790,R1,same_machine,False
normal,tail_gap,calibrated,10000,-0.0071088797733433,-0.0025374526326292,0.1867155033329054,0.5145,0.4855,0.0,TRIAD_025,A09,A09_Persistent-0.5-Clean_B600,A,1829910790,R1,same_machine,False
defect,all,raw,20000,-0.0002542716589317,2.384185792125848e-07,0.0982434245024979,0.56475,0.27875,0.1565,TRIAD_025,A09,A09_Persistent-0.5-Clean_B600,A,1829910790,R1,same_machine,False
defect,all,calibrated,20000,0.000172758281712,-0.0015891583969309,0.0728533687259523,0.3885,0.6115,0.0,TRIAD_025,A09,A09_Persistent-0.5-Clean_B600,A,1829910790,R1,same_machine,False
defect,operational,raw,95,0.0002102454645344,-1.3577725439972712e-05,0.0049480034530336,0.3578947368421052,0.6421052631578947,0.0,TRIAD_025,A09,A09_Persistent-0.5-Clean_B600,A,1829910790,R1,same_machine,False
defect,operational,calibrated,95,0.000914019631983,0.00068408237436,0.0335850919602154,0.5263157894736842,0.4736842105263157,0.0,TRIAD_025,A09,A09_Persistent-0.5-Clean_B600,A,1829910790,R1,same_machine,False
defect,tail_gap,raw,1000,-0.014026250520658,-0.0004363362186267,0.2942188711455745,0.42,0.58,0.0,TRIAD_025,A09,A09_Persistent-0.5-Clean_B600,A,1829910790,R1,same_machine,False
defect,tail_gap,calibrated,1000,-0.0069500816362974,-0.0039512330307391,0.1751818814178797,0.475,0.525,0.0,TRIAD_025,A09,A09_Persistent-0.5-Clean_B600,A,1829910790,R1,same_machine,False
normal,all,raw,100000,0.0009837765927108,1.4135277170979064e-08,0.1049308323149242,0.4512,0.5485,0.0003,TRIAD_025,A09,A09_Persistent-0.5-Clean_B600,A,1829910790,R2,same_machine,False
normal,all,calibrated,100000,0.0008838986451158,-7.3147358855998705e-06,0.0729588231376826,0.54044,0.45956,0.0,TRIAD_025,A09,A09_Persistent-0.5-Clean_B600,A,1829910790,R2,same_machine,False
normal,operational,raw,31747,0.0030673849674516,4.013883881200087e-06,0.1862015999696329,0.492959964721076,0.506095064100545,0.000944971178379,TRIAD_025,A09,A09_Persistent-0.5-Clean_B600,A,1829910790,R2,same_machine,False
normal,operational,calibrated,31747,0.0011098858885849,7.923139913490473e-05,0.1279911250704262,0.4996062620090087,0.5003937379909913,0.0,TRIAD_025,A09,A09_Persistent-0.5-Clean_B600,A,1829910790,R2,same_machine,False
normal,tail_gap,raw,10000,0.0072831507041872,0.0,0.3112883179322417,0.4978,0.4992,0.003,TRIAD_025,A09,A09_Persistent-0.5-Clean_B600,A,1829910790,R2,same_machine,False
normal,tail_gap,calibrated,10000,0.0012650012113123,-0.0009160798306513,0.1890877806965001,0.5071,0.4929,0.0,TRIAD_025,A09,A09_Persistent-0.5-Clean_B600,A,1829910790,R2,same_machine,False
defect,all,raw,20000,0.0003754814273044,0.0,0.1008778924487459,0.4098,0.3829,0.2073,TRIAD_025,A09,A09_Persistent-0.5-Clean_B600,A,1829910790,R2,same_machine,False
defect,all,calibrated,20000,-4.479509388771309e-05,-9.500825466501885e-05,0.0734631441208473,0.40435,0.59565,0.0,TRIAD_025,A09,A09_Persistent-0.5-Clean_B600,A,1829910790,R2,same_machine,False
defect,operational,raw,95,2.914015315737917e-05,7.285594847417087e-07,0.0060860834577287,0.5578947368421052,0.4421052631578947,0.0,TRIAD_025,A09,A09_Persistent-0.5-Clean_B600,A,1829910790,R2,same_machine,False
defect,operational,calibrated,95,0.0021352013131946,0.0016484901531047,0.0395848245573416,0.5473684210526316,0.4526315789473684,0.0,TRIAD_025,A09,A09_Persistent-0.5-Clean_B600,A,1829910790,R2,same_machine,False
defect,tail_gap,raw,1000,-0.0056461570395491,1.4255735042212338e-05,0.2953358696519157,0.523,0.477,0.0,TRIAD_025,A09,A09_Persistent-0.5-Clean_B600,A,1829910790,R2,same_machine,False
defect,tail_gap,calibrated,1000,-0.0065471104956936,0.0018308589264705,0.1757299724382384,0.512,0.488,0.0,TRIAD_025,A09,A09_Persistent-0.5-Clean_B600,A,1829910790,R2,same_machine,False
normal,all,raw,100000,-0.0010545191648192,-2.8213564817747177e-08,0.1021220627970667,0.54227,0.45751,0.00022,TRIAD_026,A09,A09_Persistent-0.5-Clean_B600,A,1385197443,R1,same_machine,False
normal,all,calibrated,100000,-0.0011373803327267,0.0003178545908142,0.0718781076077563,0.44586,0.55414,0.0,TRIAD_026,A09,A09_Persistent-0.5-Clean_B600,A,1385197443,R1,same_machine,False
normal,operational,raw,31747,-0.0033412999020267,-6.013431629974482e-05,0.1811449148787558,0.5387280687939018,0.4605789523419535,0.0006929788641446,TRIAD_026,A09,A09_Persistent-0.5-Clean_B600,A,1385197443,R1,same_machine,False
normal,operational,calibrated,31747,-0.0040659487767093,-0.0025111030514387,0.1260810498042572,0.5207106183261411,0.4792893816738589,0.0,TRIAD_026,A09,A09_Persistent-0.5-Clean_B600,A,1385197443,R1,same_machine,False
normal,tail_gap,raw,10000,-0.010433467056713,-6.914138794000824e-06,0.3032240131771446,0.5108,0.487,0.0022,TRIAD_026,A09,A09_Persistent-0.5-Clean_B600,A,1385197443,R1,same_machine,False
normal,tail_gap,calibrated,10000,-0.0080329203816002,-0.0030180338138153,0.1857475791619907,0.5153,0.4847,0.0,TRIAD_026,A09,A09_Persistent-0.5-Clean_B600,A,1385197443,R1,same_machine,False
defect,all,raw,20000,0.0004843706628042,0.0,0.1018684455415475,0.40855,0.3882,0.20325,TRIAD_026,A09,A09_Persistent-0.5-Clean_B600,A,1385197443,R1,same_machine,False
defect,all,calibrated,20000,0.0006903444500928,-0.0003568952505653,0.0738501975229488,0.37055,0.62945,0.0,TRIAD_026,A09,A09_Persistent-0.5-Clean_B600,A,1385197443,R1,same_machine,False
defect,operational,raw,95,0.0001900087287111,8.986495458884748e-08,0.0015683520993951,0.5052631578947369,0.4947368421052631,0.0,TRIAD_026,A09,A09_Persistent-0.5-Clean_B600,A,1385197443,R1,same_machine,False
defect,operational,calibrated,95,0.0017551725203032,0.0009809957163175,0.0238911944031848,0.5578947368421052,0.4421052631578947,0.0,TRIAD_026,A09,A09_Persistent-0.5-Clean_B600,A,1385197443,R1,same_machine,False
defect,tail_gap,raw,1000,0.0060248181013682,-1.156060170615092e-05,0.3095428450676193,0.485,0.515,0.0,TRIAD_026,A09,A09_Persistent-0.5-Clean_B600,A,1385197443,R1,same_machine,False
defect,tail_gap,calibrated,1000,0.0022617224691419,-0.0002229790806316,0.1860092705191328,0.499,0.501,0.0,TRIAD_026,A09,A09_Persistent-0.5-Clean_B600,A,1385197443,R1,same_machine,False
normal,all,raw,100000,-0.0002361676905575,2.079818317568538e-08,0.1016416395937656,0.4518,0.54792,0.00028,TRIAD_026,A09,A09_Persistent-0.5-Clean_B600,A,1385197443,R2,same_machine,False
normal,all,calibrated,100000,5.935458663683288e-05,-0.0003720927121764,0.0705261705545183,0.56535,0.43465,0.0,TRIAD_026,A09,A09_Persistent-0.5-Clean_B600,A,1385197443,R2,same_machine,False
normal,operational,raw,31747,-0.0007758966540091,0.0,0.1803153871493143,0.4996692600875673,0.4994487668126122,0.0008819730998204,TRIAD_026,A09,A09_Persistent-0.5-Clean_B600,A,1385197443,R2,same_machine,False
normal,operational,calibrated,31747,0.0003100771791991,-0.0008182828525516,0.123685199623026,0.506725044886131,0.493274955113869,0.0,TRIAD_026,A09,A09_Persistent-0.5-Clean_B600,A,1385197443,R2,same_machine,False
normal,tail_gap,raw,10000,-0.0030678358730304,-6.973743438609681e-06,0.3009813597316487,0.513,0.4842,0.0028,TRIAD_026,A09,A09_Persistent-0.5-Clean_B600,A,1385197443,R2,same_machine,False
normal,tail_gap,calibrated,10000,0.002551628764392,0.0006781106160251,0.1821434754370842,0.4942,0.5058,0.0,TRIAD_026,A09,A09_Persistent-0.5-Clean_B600,A,1385197443,R2,same_machine,False
defect,all,raw,20000,-0.0004840675658093,0.0,0.1013603324141335,0.30055,0.4743,0.22515,TRIAD_026,A09,A09_Persistent-0.5-Clean_B600,A,1385197443,R2,same_machine,False
defect,all,calibrated,20000,0.0001754890049507,0.0006617614622351,0.0734477800038851,0.5971,0.4029,0.0,TRIAD_026,A09,A09_Persistent-0.5-Clean_B600,A,1385197443,R2,same_machine,False
defect,operational,raw,95,0.0001501708186119,2.2761216200706258e-07,0.0016023113024418,0.5263157894736842,0.4736842105263157,0.0,TRIAD_026,A09,A09_Persistent-0.5-Clean_B600,A,1385197443,R2,same_machine,False
defect,operational,calibrated,95,-0.0014252157773838,-1.7292689763803715e-05,0.0261098068758307,0.4947368421052631,0.5052631578947369,0.0,TRIAD_026,A09,A09_Persistent-0.5-Clean_B600,A,1385197443,R2,same_machine,False
defect,tail_gap,raw,1000,-0.0025675777420657,-1.627139693027857e-05,0.3046646008706546,0.482,0.518,0.0,TRIAD_026,A09,A09_Persistent-0.5-Clean_B600,A,1385197443,R2,same_machine,False
defect,tail_gap,calibrated,1000,-0.0018592152909549,-0.0044987500429596,0.180435230601953,0.478,0.522,0.0,TRIAD_026,A09,A09_Persistent-0.5-Clean_B600,A,1385197443,R2,same_machine,False
normal,all,raw,100000,0.001232003186871,8.705578020240523e-06,0.0919183179428443,0.22804,0.77193,3e-05,TRIAD_027,A09,A09_Persistent-0.5-Clean_B600,A,1343723075,R1,same_machine,True
normal,all,calibrated,100000,0.0022314323033157,-6.020115794565012e-05,0.0665688083815648,0.50529,0.49471,0.0,TRIAD_027,A09,A09_Persistent-0.5-Clean_B600,A,1343723075,R1,same_machine,True
normal,operational,raw,31747,0.0036154208750275,0.0009287499415223,0.1630718784928387,0.3758465366806312,0.6240589662015309,9.449711783790596e-05,TRIAD_027,A09,A09_Persistent-0.5-Clean_B600,A,1343723075,R1,same_machine,True
normal,operational,calibrated,31747,0.0056471495123368,0.0038142725552255,0.1166893557656393,0.4665007717264623,0.5334992282735377,0.0,TRIAD_027,A09,A09_Persistent-0.5-Clean_B600,A,1343723075,R1,same_machine,True
normal,tail_gap,raw,10000,-0.0016051100523472,-0.0003079175949097,0.2703698744645974,0.5378,0.4619,0.0003,TRIAD_027,A09,A09_Persistent-0.5-Clean_B600,A,1343723075,R1,same_machine,True
normal,tail_gap,calibrated,10000,0.0050654044955495,0.0012161336322349,0.1714241883087541,0.4932,0.5068,0.0,TRIAD_027,A09,A09_Persistent-0.5-Clean_B600,A,1343723075,R1,same_machine,True
defect,all,raw,20000,-0.0027559822070953,-3.099441528431335e-06,0.0920809961460456,0.21145,0.6891,0.09945,TRIAD_027,A09,A09_Persistent-0.5-Clean_B600,A,1343723075,R1,same_machine,True
defect,all,calibrated,20000,-0.0006868040649585,0.0010431208438536,0.0697580276275159,0.5784,0.4216,0.0,TRIAD_027,A09,A09_Persistent-0.5-Clean_B600,A,1343723075,R1,same_machine,True
defect,operational,raw,95,0.0003011551620637,5.147894171386724e-05,0.0032375431227827,0.6526315789473685,0.3473684210526316,0.0,TRIAD_027,A09,A09_Persistent-0.5-Clean_B600,A,1343723075,R1,same_machine,True
defect,operational,calibrated,95,-0.0039194221663302,-0.0016600266414354,0.0267737584117766,0.431578947368421,0.5684210526315789,0.0,TRIAD_027,A09,A09_Persistent-0.5-Clean_B600,A,1343723075,R1,same_machine,True
defect,tail_gap,raw,1000,0.0006730742415767,0.0004110778172616,0.270629953565917,0.557,0.443,0.0,TRIAD_027,A09,A09_Persistent-0.5-Clean_B600,A,1343723075,R1,same_machine,True
defect,tail_gap,calibrated,1000,-0.0029123848624138,-0.0017155696137025,0.1676183973831787,0.486,0.514,0.0,TRIAD_027,A09,A09_Persistent-0.5-Clean_B600,A,1343723075,R1,same_machine,True
normal,all,raw,100000,0.0027208462340257,1.3991295730875208e-05,0.1005173017704667,0.18235,0.81761,4e-05,TRIAD_027,A09,A09_Persistent-0.5-Clean_B600,A,1343723075,R2,same_machine,True
normal,all,calibrated,100000,0.0020068954498332,-0.000756178929131,0.0718074408233629,0.55293,0.44707,0.0,TRIAD_027,A09,A09_Persistent-0.5-Clean_B600,A,1343723075,R2,same_machine,True
normal,operational,raw,31747,0.0082845840742107,0.0014008048419781,0.1782187854544787,0.3281884902510473,0.6716855135918355,0.0001259961571172,TRIAD_027,A09,A09_Persistent-0.5-Clean_B600,A,1343723075,R2,same_machine,True
normal,operational,calibrated,31747,0.0069554850852226,0.0048663131492378,0.1257697871060585,0.4609569408133052,0.5390430591866948,0.0,TRIAD_027,A09,A09_Persistent-0.5-Clean_B600,A,1343723075,R2,same_machine,True
normal,tail_gap,raw,10000,0.012951778863369,-0.0001198649406431,0.2944994512185906,0.5306,0.469,0.0004,TRIAD_027,A09,A09_Persistent-0.5-Clean_B600,A,1343723075,R2,same_machine,True
normal,tail_gap,calibrated,10000,0.0111320310503852,0.004190482739961,0.1846021330476074,0.4797,0.5203,0.0,TRIAD_027,A09,A09_Persistent-0.5-Clean_B600,A,1343723075,R2,same_machine,True
defect,all,raw,20000,-0.0027532971126854,-5.125999450794616e-06,0.0961453360021585,0.16295,0.73625,0.1008,TRIAD_027,A09,A09_Persistent-0.5-Clean_B600,A,1343723075,R2,same_machine,True
defect,all,calibrated,20000,0.0001580528352104,0.0018945725519166,0.07301307287279,0.6135,0.3865,0.0,TRIAD_027,A09,A09_Persistent-0.5-Clean_B600,A,1343723075,R2,same_machine,True
defect,operational,raw,95,0.0006177389710826,0.0001222201774453,0.0034586354410592,0.8210526315789474,0.1789473684210526,0.0,TRIAD_027,A09,A09_Persistent-0.5-Clean_B600,A,1343723075,R2,same_machine,True
defect,operational,calibrated,95,-0.0005963228892564,0.0018750496187788,0.0304467890773133,0.5368421052631579,0.4631578947368421,0.0,TRIAD_027,A09,A09_Persistent-0.5-Clean_B600,A,1343723075,R2,same_machine,True
defect,tail_gap,raw,1000,0.0041754248828193,0.0013625923493237,0.2860433346510999,0.617,0.383,0.0,TRIAD_027,A09,A09_Persistent-0.5-Clean_B600,A,1343723075,R2,same_machine,True
defect,tail_gap,calibrated,1000,-0.0005052919541232,0.0038576206418262,0.1777276819049486,0.529,0.471,0.0,TRIAD_027,A09,A09_Persistent-0.5-Clean_B600,A,1343723075,R2,same_machine,True
normal,all,raw,100000,-0.0019850800755367,3.47884990259395e-09,0.103086040567069,0.48428,0.5155,0.00022,TRIAD_028,A10,A10_Persistent-0.5-Clean_B3000,A,1829910790,R1,same_machine,True
normal,all,calibrated,100000,0.0001319718309002,-0.0004622670560993,0.0734844700700024,0.58143,0.41857,0.0,TRIAD_028,A10,A10_Persistent-0.5-Clean_B3000,A,1829910790,R1,same_machine,True
normal,operational,raw,31747,-0.0062521648157886,5.364418029674134e-06,0.1828583973340734,0.4936844426244999,0.5056225785113554,0.0006929788641446,TRIAD_028,A10,A10_Persistent-0.5-Clean_B3000,A,1829910790,R1,same_machine,True
normal,operational,calibrated,31747,0.0010753545897356,0.0011984766381437,0.1288123290222892,0.4898415598324251,0.5101584401675748,0.0,TRIAD_028,A10,A10_Persistent-0.5-Clean_B3000,A,1829910790,R1,same_machine,True
normal,tail_gap,raw,10000,-0.0182089019542385,-0.0001285076141357,0.3086718452983728,0.5345,0.4633,0.0022,TRIAD_028,A10,A10_Persistent-0.5-Clean_B3000,A,1829910790,R1,same_machine,True
normal,tail_gap,calibrated,10000,-9.292648604802664e-05,0.0008936849259289,0.1901152520413371,0.4949,0.5051,0.0,TRIAD_028,A10,A10_Persistent-0.5-Clean_B3000,A,1829910790,R1,same_machine,True
defect,all,raw,20000,-0.003175540414549,0.0,0.1038710274384237,0.302,0.49185,0.20615,TRIAD_028,A10,A10_Persistent-0.5-Clean_B3000,A,1829910790,R1,same_machine,True
defect,all,calibrated,20000,0.0001282142836941,0.0009725067223516,0.0745765722311724,0.62285,0.37715,0.0,TRIAD_028,A10,A10_Persistent-0.5-Clean_B3000,A,1829910790,R1,same_machine,True
defect,operational,raw,95,-0.0002593536206773,1.4572845543625598e-06,0.0020929695010353,0.5473684210526316,0.4526315789473684,0.0,TRIAD_028,A10,A10_Persistent-0.5-Clean_B3000,A,1829910790,R1,same_machine,True
defect,operational,calibrated,95,-0.0025016194062529,0.0002477191726393,0.0245628907573121,0.5052631578947369,0.4947368421052631,0.0,TRIAD_028,A10,A10_Persistent-0.5-Clean_B3000,A,1829910790,R1,same_machine,True
defect,tail_gap,raw,1000,-0.0199576072190632,-1.0109243703482209e-05,0.309995326685864,0.487,0.513,0.0,TRIAD_028,A10,A10_Persistent-0.5-Clean_B3000,A,1829910790,R1,same_machine,True
defect,tail_gap,calibrated,1000,-0.0044124922084592,-0.0017574821683484,0.1849890731710566,0.487,0.513,0.0,TRIAD_028,A10,A10_Persistent-0.5-Clean_B3000,A,1829910790,R1,same_machine,True
normal,all,raw,100000,-0.0017655227551575,-7.301534489523309e-08,0.095122028069568,0.56631,0.43352,0.00017,TRIAD_028,A10,A10_Persistent-0.5-Clean_B3000,A,1829910790,R2,same_machine,True
normal,all,calibrated,100000,0.0003782273769188,0.0006543579516308,0.0676403625089462,0.41295,0.58705,0.0,TRIAD_028,A10,A10_Persistent-0.5-Clean_B3000,A,1829910790,R2,same_machine,True
normal,operational,raw,31747,-0.0055387672009119,-0.000152505650476,0.1687442578212442,0.5647777742778846,0.4346867420543673,0.0005354836677481,TRIAD_028,A10,A10_Persistent-0.5-Clean_B3000,A,1829910790,R2,same_machine,True
normal,operational,calibrated,31747,-3.0410955573266197e-05,-0.0007070279728568,0.1185626435049582,0.5054020852364003,0.4945979147635997,0.0,TRIAD_028,A10,A10_Persistent-0.5-Clean_B3000,A,1829910790,R2,same_machine,True
normal,tail_gap,raw,10000,-0.0144345815458199,-0.0001389980316162,0.2857101613845288,0.5245,0.4738,0.0017,TRIAD_028,A10,A10_Persistent-0.5-Clean_B3000,A,1829910790,R2,same_machine,True
normal,tail_gap,calibrated,10000,-0.000581862108395,-0.0005325427068876,0.1759771450646156,0.5042,0.4958,0.0,TRIAD_028,A10,A10_Persistent-0.5-Clean_B3000,A,1829910790,R2,same_machine,True
defect,all,raw,20000,-0.00130313303526,0.0,0.0944609413486414,0.45245,0.37655,0.171,TRIAD_028,A10,A10_Persistent-0.5-Clean_B3000,A,1829910790,R2,same_machine,True
defect,all,calibrated,20000,0.0001517053412434,-0.00041418693866,0.0682746359165606,0.4033,0.5967,0.0,TRIAD_028,A10,A10_Persistent-0.5-Clean_B3000,A,1829910790,R2,same_machine,True
defect,operational,raw,95,-0.000129719426226,-6.443714369197551e-06,0.0008029404189683,0.3894736842105263,0.6105263157894737,0.0,TRIAD_028,A10,A10_Persistent-0.5-Clean_B3000,A,1829910790,R2,same_machine,True
defect,operational,calibrated,95,-0.0008342500951996,-0.0002152499739555,0.0217019287022404,0.4842105263157895,0.5157894736842106,0.0,TRIAD_028,A10,A10_Persistent-0.5-Clean_B3000,A,1829910790,R2,same_machine,True
defect,tail_gap,raw,1000,-0.0017971021902237,-0.0001602209940755,0.265570021307786,0.443,0.557,0.0,TRIAD_028,A10,A10_Persistent-0.5-Clean_B3000,A,1829910790,R2,same_machine,True
defect,tail_gap,calibrated,1000,0.0061991485362082,-0.0010058983606884,0.1614857035795656,0.491,0.509,0.0,TRIAD_028,A10,A10_Persistent-0.5-Clean_B3000,A,1829910790,R2,same_machine,True
normal,all,raw,100000,-0.0023000754726804,-4.066761896126536e-07,0.0984332407192759,0.63319,0.36662,0.00019,TRIAD_029,A10,A10_Persistent-0.5-Clean_B3000,A,1385197443,R1,same_machine,False
normal,all,calibrated,100000,-0.0002973546524299,0.001100624732422,0.0708380016584662,0.41246,0.58754,0.0,TRIAD_029,A10,A10_Persistent-0.5-Clean_B3000,A,1385197443,R1,same_machine,False
normal,operational,raw,31747,-0.0071912441177013,-0.0001797792901924,0.1745830704091866,0.5643997858065329,0.4350017324471603,0.0005984817463067,TRIAD_029,A10,A10_Persistent-0.5-Clean_B3000,A,1385197443,R1,same_machine,False
normal,operational,calibrated,31747,-0.0030955608643955,4.2483413743243936e-05,0.1242072899178833,0.4995432639304501,0.5004567360695499,0.0,TRIAD_029,A10,A10_Persistent-0.5-Clean_B3000,A,1385197443,R1,same_machine,False
normal,tail_gap,raw,10000,-0.0204144858005743,-2.86102294921875e-06,0.2957463048160599,0.503,0.4951,0.0019,TRIAD_029,A10,A10_Persistent-0.5-Clean_B3000,A,1385197443,R1,same_machine,False
normal,tail_gap,calibrated,10000,-0.0130279968001648,-0.004617408352422,0.1829194219311365,0.5219,0.4781,0.0,TRIAD_029,A10,A10_Persistent-0.5-Clean_B3000,A,1385197443,R1,same_machine,False
defect,all,raw,20000,0.0004101468147257,3.5762786854132145e-07,0.1002206491976802,0.5688,0.27485,0.15635,TRIAD_029,A10,A10_Persistent-0.5-Clean_B3000,A,1385197443,R1,same_machine,False
defect,all,calibrated,20000,0.0002015432677865,-0.0010856818163408,0.0723438578117513,0.41235,0.58765,0.0,TRIAD_029,A10,A10_Persistent-0.5-Clean_B3000,A,1385197443,R1,same_machine,False
defect,operational,raw,95,0.0003590192188071,-4.079979362359154e-06,0.0025767146131185,0.4210526315789473,0.5789473684210527,0.0,TRIAD_029,A10,A10_Persistent-0.5-Clean_B3000,A,1385197443,R1,same_machine,False
defect,operational,calibrated,95,0.0076065130105625,0.0025857698321046,0.0315001317808382,0.5684210526315789,0.431578947368421,0.0,TRIAD_029,A10,A10_Persistent-0.5-Clean_B3000,A,1385197443,R1,same_machine,False
defect,tail_gap,raw,1000,0.0013229181175392,-0.0001077535102921,0.2854926409320526,0.45,0.55,0.0,TRIAD_029,A10,A10_Persistent-0.5-Clean_B3000,A,1385197443,R1,same_machine,False
defect,tail_gap,calibrated,1000,0.000770666745726,0.0012925318252782,0.1770880037997043,0.509,0.491,0.0,TRIAD_029,A10,A10_Persistent-0.5-Clean_B3000,A,1385197443,R1,same_machine,False
normal,all,raw,100000,2.8431309075163608e-05,-2.711643265485009e-08,0.0966602369762658,0.54932,0.45052,0.00016,TRIAD_029,A10,A10_Persistent-0.5-Clean_B3000,A,1385197443,R2,same_machine,False
normal,all,calibrated,100000,0.0002481494157295,0.0004889888876121,0.0691657912669401,0.42314,0.57686,0.0,TRIAD_029,A10,A10_Persistent-0.5-Clean_B3000,A,1385197443,R2,same_machine,False
normal,operational,raw,31747,0.0001365125088757,-1.2076674735794768e-05,0.1715050607462035,0.5095914574605475,0.4899045579109837,0.0005039846284688,TRIAD_029,A10,A10_Persistent-0.5-Clean_B3000,A,1385197443,R2,same_machine,False
normal,operational,calibrated,31747,-0.0002867912075988,0.0006093626722371,0.1212244112054179,0.4952593945884651,0.504740605411535,0.0,TRIAD_029,A10,A10_Persistent-0.5-Clean_B3000,A,1385197443,R2,same_machine,False
normal,tail_gap,raw,10000,0.0002689458444394,2.741813659679071e-05,0.2909275650009063,0.4809,0.5175,0.0016,TRIAD_029,A10,A10_Persistent-0.5-Clean_B3000,A,1385197443,R2,same_machine,False
normal,tail_gap,calibrated,10000,-0.0040880156308463,-0.0008441306167203,0.1780220584036472,0.5061,0.4939,0.0,TRIAD_029,A10,A10_Persistent-0.5-Clean_B3000,A,1385197443,R2,same_machine,False
defect,all,raw,20000,0.0016292519228939,7.692038872519903e-08,0.0992444969776653,0.50005,0.3234,0.17655,TRIAD_029,A10,A10_Persistent-0.5-Clean_B3000,A,1385197443,R2,same_machine,False
defect,all,calibrated,20000,-0.0002444812543893,-0.0006620600944448,0.0715495724150468,0.41265,0.58735,0.0,TRIAD_029,A10,A10_Persistent-0.5-Clean_B3000,A,1385197443,R2,same_machine,False
defect,operational,raw,95,0.0003934245403487,1.0249064530398757e-06,0.0025494474463415,0.5368421052631579,0.4631578947368421,0.0,TRIAD_029,A10,A10_Persistent-0.5-Clean_B3000,A,1385197443,R2,same_machine,False
defect,operational,calibrated,95,0.0067594454319585,0.002825513570165,0.0305363493817815,0.5789473684210527,0.4210526315789473,0.0,TRIAD_029,A10,A10_Persistent-0.5-Clean_B3000,A,1385197443,R2,same_machine,False
defect,tail_gap,raw,1000,0.0175012032956558,8.155353588001901e-07,0.2663386224005487,0.503,0.497,0.0,TRIAD_029,A10,A10_Persistent-0.5-Clean_B3000,A,1385197443,R2,same_machine,False
defect,tail_gap,calibrated,1000,0.0073857029634901,0.0015447775973395,0.1649023498996502,0.51,0.49,0.0,TRIAD_029,A10,A10_Persistent-0.5-Clean_B3000,A,1385197443,R2,same_machine,False
normal,all,raw,100000,-0.0025944130074263,-2.148232647325443e-09,0.0939612823844245,0.50564,0.49432,4e-05,TRIAD_030,A10,A10_Persistent-0.5-Clean_B3000,A,1343723075,R1,same_machine,False
normal,all,calibrated,100000,0.001354778517389,0.0002710207170508,0.0678943935928757,0.40383,0.59617,0.0,TRIAD_030,A10,A10_Persistent-0.5-Clean_B3000,A,1343723075,R1,same_machine,False
normal,operational,raw,31747,-0.0082374388945582,-7.423401257255024e-05,0.1665823953571887,0.5199546413834378,0.479919362459445,0.0001259961571172,TRIAD_030,A10,A10_Persistent-0.5-Clean_B3000,A,1343723075,R1,same_machine,False
normal,operational,calibrated,31747,0.001178520296311,0.002822180564264,0.1190529939126728,0.4780924181812455,0.5219075818187545,0.0,TRIAD_030,A10,A10_Persistent-0.5-Clean_B3000,A,1343723075,R1,same_machine,False
normal,tail_gap,raw,10000,-0.023529021567016,-0.0004279017448424,0.278615237629481,0.5324,0.4672,0.0004,TRIAD_030,A10,A10_Persistent-0.5-Clean_B3000,A,1343723075,R1,same_machine,False
normal,tail_gap,calibrated,10000,-0.0052176787247181,-0.001882675757367,0.1746950852923442,0.5095,0.4905,0.0,TRIAD_030,A10,A10_Persistent-0.5-Clean_B3000,A,1343723075,R1,same_machine,False
defect,all,raw,20000,-0.0032931464748296,0.0,0.0916628781781537,0.437,0.44655,0.11645,TRIAD_030,A10,A10_Persistent-0.5-Clean_B3000,A,1343723075,R1,same_machine,False
defect,all,calibrated,20000,-0.0010445713980157,-8.024522046756744e-05,0.0686394843318869,0.4397,0.5603,0.0,TRIAD_030,A10,A10_Persistent-0.5-Clean_B3000,A,1343723075,R1,same_machine,False
defect,operational,raw,95,-0.0008891436829895,-1.4369038012773672e-06,0.0064982267641021,0.4736842105263157,0.5263157894736842,0.0,TRIAD_030,A10,A10_Persistent-0.5-Clean_B3000,A,1343723075,R1,same_machine,False
defect,operational,calibrated,95,-0.0026493402555059,0.0009653640303015,0.0333961479197281,0.5052631578947369,0.4947368421052631,0.0,TRIAD_030,A10,A10_Persistent-0.5-Clean_B3000,A,1343723075,R1,same_machine,False
defect,tail_gap,raw,1000,-0.012618954227451,-3.7140784343137057e-05,0.2739966840207786,0.477,0.523,0.0,TRIAD_030,A10,A10_Persistent-0.5-Clean_B3000,A,1343723075,R1,same_machine,False
defect,tail_gap,calibrated,1000,0.0020729458319881,0.0023802471928157,0.1709088185327867,0.521,0.479,0.0,TRIAD_030,A10,A10_Persistent-0.5-Clean_B3000,A,1343723075,R1,same_machine,False
normal,all,raw,100000,0.0036234078239202,2.020803067104282e-06,0.0976991280007899,0.29175,0.70815,0.0001,TRIAD_030,A10,A10_Persistent-0.5-Clean_B3000,A,1343723075,R2,same_machine,False
normal,all,calibrated,100000,0.000872757602132,-0.002207592754273,0.0702292312721661,0.63477,0.36523,0.0,TRIAD_030,A10,A10_Persistent-0.5-Clean_B3000,A,1343723075,R2,same_machine,False
normal,operational,raw,31747,0.0112351875238779,0.0006963890846236,0.1731122662950529,0.3463319368759253,0.6533530727312817,0.000314990392793,TRIAD_030,A10,A10_Persistent-0.5-Clean_B3000,A,1343723075,R2,same_machine,False
normal,operational,calibrated,31747,0.0066257493419357,0.0034815945339745,0.1228263468860002,0.4726430843859262,0.5273569156140737,0.0,TRIAD_030,A10,A10_Persistent-0.5-Clean_B3000,A,1343723075,R2,same_machine,False
normal,tail_gap,raw,10000,0.0243430930765269,3.337860107366364e-06,0.291265212617026,0.497,0.502,0.001,TRIAD_030,A10,A10_Persistent-0.5-Clean_B3000,A,1343723075,R2,same_machine,False
normal,tail_gap,calibrated,10000,0.0117783070899799,0.0035911658783359,0.1814335637273168,0.4799,0.5201,0.0,TRIAD_030,A10,A10_Persistent-0.5-Clean_B3000,A,1343723075,R2,same_machine,False
defect,all,raw,20000,-0.0012654081564293,-1.1920928955078125e-06,0.0981477221379401,0.20055,0.65865,0.1408,TRIAD_030,A10,A10_Persistent-0.5-Clean_B3000,A,1343723075,R2,same_machine,False
defect,all,calibrated,20000,-0.0009801471733039,0.0017833478368218,0.07256963412103,0.60445,0.39555,0.0,TRIAD_030,A10,A10_Persistent-0.5-Clean_B3000,A,1343723075,R2,same_machine,False
defect,operational,raw,95,0.0001688664551356,2.6988098397851e-05,0.0005320897977941,0.8315789473684211,0.1684210526315789,0.0,TRIAD_030,A10,A10_Persistent-0.5-Clean_B3000,A,1343723075,R2,same_machine,False
defect,operational,calibrated,95,0.0014070756941489,0.0003001535317019,0.0212834607947511,0.5052631578947369,0.4947368421052631,0.0,TRIAD_030,A10,A10_Persistent-0.5-Clean_B3000,A,1343723075,R2,same_machine,False
defect,tail_gap,raw,1000,0.0086836552448543,0.0006362654353324,0.2804989873960443,0.613,0.387,0.0,TRIAD_030,A10,A10_Persistent-0.5-Clean_B3000,A,1343723075,R2,same_machine,False
defect,tail_gap,calibrated,1000,0.0013669728969967,0.000214538072314,0.1722668790564069,0.502,0.498,0.0,TRIAD_030,A10,A10_Persistent-0.5-Clean_B3000,A,1343723075,R2,same_machine,False
normal,all,raw,100000,-0.0006842950471534,-9.357598153921134e-09,0.1017467749042337,0.53324,0.46647,0.00029,TRIAD_031,A11,A11_EndpointTrend_B600,A,1829910790,R1,same_machine,True
normal,all,calibrated,100000,0.0009681628452737,1.7181352298100208e-05,0.0715476809817426,0.44357,0.55643,0.0,TRIAD_031,A11,A11_EndpointTrend_B600,A,1829910790,R1,same_machine,True
normal,operational,raw,31747,-0.002149867834215,-1.654542847973061e-05,0.1805677187672403,0.5163007528270388,0.4827857750338614,0.0009134721390997,TRIAD_031,A11,A11_EndpointTrend_B600,A,1829910790,R1,same_machine,True
normal,operational,calibrated,31747,0.0031916291904819,0.0005170131757652,0.1255360684648928,0.4949129051563927,0.5050870948436073,0.0,TRIAD_031,A11,A11_EndpointTrend_B600,A,1829910790,R1,same_machine,True
normal,tail_gap,raw,10000,-0.0052321725847801,-1.710653305059262e-05,0.3033083080902893,0.5142,0.4829,0.0029,TRIAD_031,A11,A11_EndpointTrend_B600,A,1829910790,R1,same_machine,True
normal,tail_gap,calibrated,10000,0.0053635004509359,0.0027213499585074,0.1850105361843942,0.4852,0.5148,0.0,TRIAD_031,A11,A11_EndpointTrend_B600,A,1829910790,R1,same_machine,True
defect,all,raw,20000,-0.0023152695754364,0.0,0.0985316977525293,0.3266,0.4471,0.2263,TRIAD_031,A11,A11_EndpointTrend_B600,A,1829910790,R1,same_machine,True
defect,all,calibrated,20000,-0.0006253373326812,0.0003989851377077,0.0720672543753185,0.61085,0.38915,0.0,TRIAD_031,A11,A11_EndpointTrend_B600,A,1829910790,R1,same_machine,True
defect,operational,raw,95,-0.0005889704306527,-3.532734353939304e-07,0.0050640648309132,0.4526315789473684,0.5473684210526316,0.0,TRIAD_031,A11,A11_EndpointTrend_B600,A,1829910790,R1,same_machine,True
defect,operational,calibrated,95,-0.0019640963947971,-0.0008531810711421,0.0366223162588968,0.4736842105263157,0.5263157894736842,0.0,TRIAD_031,A11,A11_EndpointTrend_B600,A,1829910790,R1,same_machine,True
defect,tail_gap,raw,1000,-0.0212522010400355,-4.364380451749028e-05,0.2911474212720726,0.463,0.537,0.0,TRIAD_031,A11,A11_EndpointTrend_B600,A,1829910790,R1,same_machine,True
defect,tail_gap,calibrated,1000,-0.005147904049983,-0.0011966292585799,0.1715792180135432,0.488,0.512,0.0,TRIAD_031,A11,A11_EndpointTrend_B600,A,1829910790,R1,same_machine,True
normal,all,raw,100000,0.0001437655441638,-1.2819868430713451e-11,0.1022526199841941,0.5004,0.49921,0.00039,TRIAD_031,A11,A11_EndpointTrend_B600,A,1829910790,R2,same_machine,True
normal,all,calibrated,100000,0.0002128845980516,-0.0002955365339597,0.071989915484752,0.59575,0.40425,0.0,TRIAD_031,A11,A11_EndpointTrend_B600,A,1829910790,R2,same_machine,True
normal,operational,raw,31747,0.0004486363369207,1.528309439891018e-06,0.1814710684186281,0.4955428859419787,0.5032286515261285,0.0012284625318927,TRIAD_031,A11,A11_EndpointTrend_B600,A,1829910790,R2,same_machine,True
normal,operational,calibrated,31747,0.0014763667528657,-0.0001216998890959,0.1263623688801256,0.5007717264623429,0.4992282735376571,0.0,TRIAD_031,A11,A11_EndpointTrend_B600,A,1829910790,R2,same_machine,True
normal,tail_gap,raw,10000,0.0014866321823725,-3.039836883600433e-06,0.3055073478752211,0.5071,0.489,0.0039,TRIAD_031,A11,A11_EndpointTrend_B600,A,1829910790,R2,same_machine,True
normal,tail_gap,calibrated,10000,0.0032492509130199,0.0010063056918385,0.1869183833306011,0.4907,0.5093,0.0,TRIAD_031,A11,A11_EndpointTrend_B600,A,1829910790,R2,same_machine,True
defect,all,raw,20000,-0.0007577330797964,0.0,0.0999901088074155,0.34195,0.43565,0.2224,TRIAD_031,A11,A11_EndpointTrend_B600,A,1829910790,R2,same_machine,True
defect,all,calibrated,20000,-0.000257674625869,0.0005047883502198,0.0736910123414183,0.6206,0.3794,0.0,TRIAD_031,A11,A11_EndpointTrend_B600,A,1829910790,R2,same_machine,True
defect,operational,raw,95,-0.0002132609537013,-8.313872967846693e-08,0.0022508055049799,0.4736842105263157,0.5263157894736842,0.0,TRIAD_031,A11,A11_EndpointTrend_B600,A,1829910790,R2,same_machine,True
defect,operational,calibrated,95,-0.0027780131102058,-0.0003111141602852,0.0352973772455468,0.4736842105263157,0.5263157894736842,0.0,TRIAD_031,A11,A11_EndpointTrend_B600,A,1829910790,R2,same_machine,True
defect,tail_gap,raw,1000,0.0019606495234265,3.406874748177992e-05,0.2955728009812145,0.523,0.477,0.0,TRIAD_031,A11,A11_EndpointTrend_B600,A,1829910790,R2,same_machine,True
defect,tail_gap,calibrated,1000,0.0061852391529558,0.0046846791831644,0.1757232773877689,0.522,0.478,0.0,TRIAD_031,A11,A11_EndpointTrend_B600,A,1829910790,R2,same_machine,True
normal,all,raw,100000,0.0005295389321471,-4.4787608288743286e-08,0.1029851141905145,0.55446,0.44516,0.00038,TRIAD_032,A11,A11_EndpointTrend_B600,A,1385197443,R1,same_machine,False
normal,all,calibrated,100000,-0.0010807483970453,0.0002171585506832,0.0714444226242467,0.47351,0.52649,0.0,TRIAD_032,A11,A11_EndpointTrend_B600,A,1385197443,R1,same_machine,False
normal,operational,raw,31747,0.0017137041642377,-2.5854562409200008e-05,0.1827367546459648,0.5199546413834378,0.4788483951239487,0.0011969634926134,TRIAD_032,A11,A11_EndpointTrend_B600,A,1385197443,R1,same_machine,False
normal,operational,calibrated,31747,-0.0020784687687245,-0.0022252650528408,0.1252766417395063,0.5186631807729865,0.4813368192270136,0.0,TRIAD_032,A11,A11_EndpointTrend_B600,A,1385197443,R1,same_machine,False
normal,tail_gap,raw,10000,0.003482782532207,8.940696716863705e-07,0.3051153388278586,0.4919,0.5043,0.0038,TRIAD_032,A11,A11_EndpointTrend_B600,A,1385197443,R1,same_machine,False
normal,tail_gap,calibrated,10000,-0.002334666736387,-0.0008709463081973,0.1846310414043835,0.5093,0.4907,0.0,TRIAD_032,A11,A11_EndpointTrend_B600,A,1385197443,R1,same_machine,False
defect,all,raw,20000,0.0011377636016888,0.0,0.0988006977666153,0.41065,0.3297,0.25965,TRIAD_032,A11,A11_EndpointTrend_B600,A,1385197443,R1,same_machine,False
defect,all,calibrated,20000,0.0006063545693072,-0.0004131604543092,0.0733708908987655,0.3613,0.6387,0.0,TRIAD_032,A11,A11_EndpointTrend_B600,A,1385197443,R1,same_machine,False
defect,operational,raw,95,-0.0002239230311998,-4.598016403178917e-06,0.0053710213256698,0.4,0.6,0.0,TRIAD_032,A11,A11_EndpointTrend_B600,A,1385197443,R1,same_machine,False
defect,operational,calibrated,95,-0.0062061480912913,-0.0030226166759202,0.0393324849402226,0.4210526315789473,0.5789473684210527,0.0,TRIAD_032,A11,A11_EndpointTrend_B600,A,1385197443,R1,same_machine,False
defect,tail_gap,raw,1000,0.0116291925775944,-1.1133121546436088e-05,0.3118062745205983,0.484,0.516,0.0,TRIAD_032,A11,A11_EndpointTrend_B600,A,1385197443,R1,same_machine,False
defect,tail_gap,calibrated,1000,0.0030993880339078,-0.002394528589016,0.1824169645509803,0.481,0.519,0.0,TRIAD_032,A11,A11_EndpointTrend_B600,A,1385197443,R1,same_machine,False
normal,all,raw,100000,-0.0019198399105683,-5.669801375063343e-07,0.0996534007744283,0.64656,0.35328,0.00016,TRIAD_032,A11,A11_EndpointTrend_B600,A,1385197443,R2,same_machine,False
normal,all,calibrated,100000,-0.0008919203717605,0.001515697176126,0.0700979448109808,0.37915,0.62085,0.0,TRIAD_032,A11,A11_EndpointTrend_B600,A,1385197443,R2,same_machine,False
normal,operational,raw,31747,-0.0059565673666048,-0.0004286305920687,0.1767845266855753,0.609474911015214,0.3900211043563171,0.0005039846284688,TRIAD_032,A11,A11_EndpointTrend_B600,A,1385197443,R2,same_machine,False
normal,operational,calibrated,31747,-0.0058771265159946,-0.0035305861812954,0.1228745487256176,0.5281443915960563,0.4718556084039437,0.0,TRIAD_032,A11,A11_EndpointTrend_B600,A,1385197443,R2,same_machine,False
normal,tail_gap,raw,10000,-0.0118498705578057,3.635883331298828e-06,0.2941379822954523,0.4903,0.5081,0.0016,TRIAD_032,A11,A11_EndpointTrend_B600,A,1385197443,R2,same_machine,False
normal,tail_gap,calibrated,10000,-0.008733406913523,-0.0034565792658048,0.1799819950898561,0.517,0.483,0.0,TRIAD_032,A11,A11_EndpointTrend_B600,A,1385197443,R2,same_machine,False
defect,all,raw,20000,0.0017039068524204,4.76837158203125e-07,0.095769008799463,0.60495,0.2193,0.17575,TRIAD_032,A11,A11_EndpointTrend_B600,A,1385197443,R2,same_machine,False
defect,all,calibrated,20000,0.000820935233103,-0.0018219016167992,0.0714306402341271,0.39525,0.60475,0.0,TRIAD_032,A11,A11_EndpointTrend_B600,A,1385197443,R2,same_machine,False
defect,operational,raw,95,0.0002326754797445,-1.5114740108401747e-05,0.003966066410445,0.3473684210526316,0.6526315789473685,0.0,TRIAD_032,A11,A11_EndpointTrend_B600,A,1385197443,R2,same_machine,False
defect,operational,calibrated,95,0.001036992886048,0.0002576844757459,0.0311477000458589,0.5157894736842106,0.4842105263157895,0.0,TRIAD_032,A11,A11_EndpointTrend_B600,A,1385197443,R2,same_machine,False
defect,tail_gap,raw,1000,0.0093087779182292,-0.0001986904244404,0.2860265011275305,0.441,0.559,0.0,TRIAD_032,A11,A11_EndpointTrend_B600,A,1385197443,R2,same_machine,False
defect,tail_gap,calibrated,1000,0.0052714589700924,0.0015269168948558,0.171551636951266,0.509,0.491,0.0,TRIAD_032,A11,A11_EndpointTrend_B600,A,1385197443,R2,same_machine,False
normal,all,raw,100000,0.0019976974725041,9.656102086808005e-07,0.0960442863039485,0.33814,0.66172,0.00014,TRIAD_033,A11,A11_EndpointTrend_B600,A,1343723075,R1,same_machine,False
normal,all,calibrated,100000,0.0010203871716455,-0.0007003584821013,0.0679951450150564,0.55561,0.44439,0.0,TRIAD_033,A11,A11_EndpointTrend_B600,A,1343723075,R1,same_machine,False
normal,operational,raw,31747,0.0062087518271084,0.0003620389347815,0.1703718754210789,0.4054241345638958,0.594134878886194,0.0004409865499102,TRIAD_033,A11,A11_EndpointTrend_B600,A,1343723075,R1,same_machine,False
normal,operational,calibrated,31747,0.0030500314344936,0.0027113161101198,0.1192710353325302,0.4776199325920559,0.5223800674079441,0.0,TRIAD_033,A11,A11_EndpointTrend_B600,A,1343723075,R1,same_machine,False
normal,tail_gap,raw,10000,0.0125927876803112,3.5762786865234375e-07,0.2843538776691267,0.4973,0.5013,0.0014,TRIAD_033,A11,A11_EndpointTrend_B600,A,1343723075,R1,same_machine,False
normal,tail_gap,calibrated,10000,0.0031267199757201,0.0010412746731626,0.1747391178667716,0.4932,0.5068,0.0,TRIAD_033,A11,A11_EndpointTrend_B600,A,1343723075,R1,same_machine,False
defect,all,raw,20000,-0.0011709324883541,-1.1920928955078125e-07,0.0963857302016301,0.32,0.50365,0.17635,TRIAD_033,A11,A11_EndpointTrend_B600,A,1343723075,R1,same_machine,False
defect,all,calibrated,20000,-0.001053761300209,0.0010412746731626,0.0705622990735466,0.62585,0.37415,0.0,TRIAD_033,A11,A11_EndpointTrend_B600,A,1343723075,R1,same_machine,False
defect,operational,raw,95,0.0002985249101404,2.3805121728059927e-05,0.0018441872386536,0.7157894736842105,0.2842105263157894,0.0,TRIAD_033,A11,A11_EndpointTrend_B600,A,1343723075,R1,same_machine,False
defect,operational,calibrated,95,0.0026497423299968,0.0012007293760603,0.0311696842567802,0.5368421052631579,0.4631578947368421,0.0,TRIAD_033,A11,A11_EndpointTrend_B600,A,1343723075,R1,same_machine,False
defect,tail_gap,raw,1000,-0.0038154555862062,0.0004433347803568,0.2944072356733543,0.579,0.421,0.0,TRIAD_033,A11,A11_EndpointTrend_B600,A,1343723075,R1,same_machine,False
defect,tail_gap,calibrated,1000,-0.0042600876838705,0.0022376003596752,0.1755847598710656,0.512,0.488,0.0,TRIAD_033,A11,A11_EndpointTrend_B600,A,1343723075,R1,same_machine,False
normal,all,raw,100000,0.002222948779788,1.051590665213098e-06,0.0953626103114188,0.33794,0.66189,0.00017,TRIAD_033,A11,A11_EndpointTrend_B600,A,1343723075,R2,same_machine,False
normal,all,calibrated,100000,0.0015851295491506,-0.0008915519941097,0.0676376703128727,0.56662,0.43338,0.0,TRIAD_033,A11,A11_EndpointTrend_B600,A,1343723075,R2,same_machine,False
normal,operational,raw,31747,0.0068957059570321,0.0004146274877712,0.1691491626749727,0.3956909314265915,0.6037735849056604,0.0005354836677481,TRIAD_033,A11,A11_EndpointTrend_B600,A,1343723075,R2,same_machine,False
normal,operational,calibrated,31747,0.0055389243860716,0.0037728096435507,0.1186108688326233,0.4698081708507891,0.5301918291492109,0.0,TRIAD_033,A11,A11_EndpointTrend_B600,A,1343723075,R2,same_machine,False
normal,tail_gap,raw,10000,0.0128925354620612,0.0,0.2818867257118604,0.4999,0.4984,0.0017,TRIAD_033,A11,A11_EndpointTrend_B600,A,1343723075,R2,same_machine,False
normal,tail_gap,calibrated,10000,0.0070047972582487,0.0025179872673008,0.1736652768258482,0.4853,0.5147,0.0,TRIAD_033,A11,A11_EndpointTrend_B600,A,1343723075,R2,same_machine,False
defect,all,raw,20000,-0.0012665801309699,-1.1920928966180358e-07,0.0948389893244686,0.27055,0.54465,0.1848,TRIAD_033,A11,A11_EndpointTrend_B600,A,1343723075,R2,same_machine,False
defect,all,calibrated,20000,-0.0010040589330937,0.0013392672855712,0.0697103777450588,0.61475,0.38525,0.0,TRIAD_033,A11,A11_EndpointTrend_B600,A,1343723075,R2,same_machine,False
defect,operational,raw,95,0.0003525501699915,4.81952683912823e-05,0.001951720108452,0.7578947368421053,0.2421052631578947,0.0,TRIAD_033,A11,A11_EndpointTrend_B600,A,1343723075,R2,same_machine,False
defect,operational,calibrated,95,0.0072331244494657,0.0034676452237468,0.0319958124578657,0.6105263157894737,0.3894736842105263,0.0,TRIAD_033,A11,A11_EndpointTrend_B600,A,1343723075,R2,same_machine,False
defect,tail_gap,raw,1000,0.0111740400526706,0.0006145088918855,0.2837963180494107,0.588,0.412,0.0,TRIAD_033,A11,A11_EndpointTrend_B600,A,1343723075,R2,same_machine,False
defect,tail_gap,calibrated,1000,0.0071921073249365,0.0034225412260605,0.1686458313749146,0.519,0.481,0.0,TRIAD_033,A11,A11_EndpointTrend_B600,A,1343723075,R2,same_machine,False
normal,all,raw,100000,-0.0012111054162682,1.1755105389088529e-08,0.1044115902749989,0.46494,0.53479,0.00027,TRIAD_034,A12,A12_EndpointTrend_B3000,A,1829910790,R1,same_machine,True
normal,all,calibrated,100000,-0.0004844086510427,-0.0002034576479911,0.0737281775052897,0.556,0.444,0.0,TRIAD_034,A12,A12_EndpointTrend_B3000,A,1829910790,R1,same_machine,True
normal,operational,raw,31747,-0.0038060757558078,1.2392847565934062e-06,0.1852692173526613,0.4962358648061234,0.5029136611333355,0.0008504740605411,TRIAD_034,A12,A12_EndpointTrend_B3000,A,1829910790,R1,same_machine,True
normal,operational,calibrated,31747,-0.0017263738498044,-0.000142833361919,0.129371739624955,0.5010237187765774,0.4989762812234227,0.0,TRIAD_034,A12,A12_EndpointTrend_B3000,A,1829910790,R1,same_machine,True
normal,tail_gap,raw,10000,-0.0093758936017107,-4.02629375459429e-05,0.3118242676738527,0.5225,0.4748,0.0027,TRIAD_034,A12,A12_EndpointTrend_B3000,A,1829910790,R1,same_machine,True
normal,tail_gap,calibrated,10000,-0.0040573214821108,-0.0032612079267134,0.1911858821926907,0.5134,0.4866,0.0,TRIAD_034,A12,A12_EndpointTrend_B3000,A,1829910790,R1,same_machine,True
defect,all,raw,20000,-0.000789810697808,0.0,0.1025499566509512,0.36065,0.41235,0.227,TRIAD_034,A12,A12_EndpointTrend_B3000,A,1829910790,R1,same_machine,True
defect,all,calibrated,20000,-6.250524220982377e-05,0.0003393553645607,0.0737955770404547,0.63285,0.36715,0.0,TRIAD_034,A12,A12_EndpointTrend_B3000,A,1829910790,R1,same_machine,True
defect,operational,raw,95,-0.0015273899290468,-8.251608960563317e-07,0.0154350743141798,0.4210526315789473,0.5789473684210527,0.0,TRIAD_034,A12,A12_EndpointTrend_B3000,A,1829910790,R1,same_machine,True
defect,operational,calibrated,95,-0.0034323829385165,-0.0014608497522413,0.0400563655195769,0.4105263157894737,0.5894736842105263,0.0,TRIAD_034,A12,A12_EndpointTrend_B3000,A,1829910790,R1,same_machine,True
defect,tail_gap,raw,1000,-0.0131712135535386,-3.2294367091623144e-06,0.3090941122931087,0.484,0.516,0.0,TRIAD_034,A12,A12_EndpointTrend_B3000,A,1829910790,R1,same_machine,True
defect,tail_gap,calibrated,1000,-0.0045643792709599,-0.0018073684480059,0.1812504017172561,0.484,0.516,0.0,TRIAD_034,A12,A12_EndpointTrend_B3000,A,1829910790,R1,same_machine,True
normal,all,raw,100000,0.0002614477753876,7.421261105644563e-09,0.1018447665585481,0.47313,0.52666,0.00021,TRIAD_034,A12,A12_EndpointTrend_B3000,A,1829910790,R2,same_machine,True
normal,all,calibrated,100000,-0.0008635598788625,-8.040836085210007e-05,0.0723158022146619,0.56023,0.43977,0.0,TRIAD_034,A12,A12_EndpointTrend_B3000,A,1829910790,R2,same_machine,True
normal,operational,raw,31747,0.0008114561774651,9.757892257766803e-06,0.180743386731466,0.4869751472580086,0.5123633729171261,0.0006614798248653,TRIAD_034,A12,A12_EndpointTrend_B3000,A,1829910790,R2,same_machine,True
normal,operational,calibrated,31747,-0.0029197986542107,-0.0009033572928139,0.1268625835886979,0.5079220083787445,0.4920779916212555,0.0,TRIAD_034,A12,A12_EndpointTrend_B3000,A,1829910790,R2,same_machine,True
normal,tail_gap,raw,10000,0.0003894276274757,2.9802322387695312e-06,0.3066465165356062,0.4903,0.5076,0.0021,TRIAD_034,A12,A12_EndpointTrend_B3000,A,1829910790,R2,same_machine,True
normal,tail_gap,calibrated,10000,-0.007886148612461,-0.0025425552217401,0.1888261653345594,0.5146,0.4854,0.0,TRIAD_034,A12,A12_EndpointTrend_B3000,A,1829910790,R2,same_machine,True
defect,all,raw,20000,0.0018270958844306,0.0,0.1009197212481874,0.4414,0.35395,0.20465,TRIAD_034,A12,A12_EndpointTrend_B3000,A,1829910790,R2,same_machine,True
defect,all,calibrated,20000,0.000340732866799,-0.0001714779104944,0.0725884360434531,0.4301,0.5699,0.0,TRIAD_034,A12,A12_EndpointTrend_B3000,A,1829910790,R2,same_machine,True
defect,operational,raw,95,-1.6541323695309997e-05,-5.14932665951484e-10,0.0013143997319448,0.4947368421052631,0.5052631578947369,0.0,TRIAD_034,A12,A12_EndpointTrend_B3000,A,1829910790,R2,same_machine,True
defect,operational,calibrated,95,-0.0006568690264185,-8.040836085210007e-05,0.026195625165732,0.4631578947368421,0.5368421052631579,0.0,TRIAD_034,A12,A12_EndpointTrend_B3000,A,1829910790,R2,same_machine,True
defect,tail_gap,raw,1000,0.0227462997906187,0.0001234378714798,0.2970461289002378,0.549,0.451,0.0,TRIAD_034,A12,A12_EndpointTrend_B3000,A,1829910790,R2,same_machine,True
defect,tail_gap,calibrated,1000,0.0073100085741801,0.0038701228414724,0.1771154163717871,0.527,0.473,0.0,TRIAD_034,A12,A12_EndpointTrend_B3000,A,1829910790,R2,same_machine,True
normal,all,raw,100000,-0.0003762648207842,2.8542934460418223e-08,0.0954236046601319,0.45338,0.54644,0.00018,TRIAD_035,A12,A12_EndpointTrend_B3000,A,1385197443,R1,same_machine,True
normal,all,calibrated,100000,-0.0002581433317713,-0.0002897897070457,0.0689586358172439,0.55534,0.44466,0.0,TRIAD_035,A12,A12_EndpointTrend_B3000,A,1385197443,R1,same_machine,True
normal,operational,raw,31747,-0.001192445733044,3.72077338398e-05,0.1693514166879617,0.4778719249062904,0.5215610923866822,0.0005669827070274,TRIAD_035,A12,A12_EndpointTrend_B3000,A,1385197443,R1,same_machine,True
normal,operational,calibrated,31747,-0.0006320982150583,0.0008195596388308,0.1209486764145029,0.4930544618389139,0.5069455381610861,0.0,TRIAD_035,A12,A12_EndpointTrend_B3000,A,1385197443,R1,same_machine,True
normal,tail_gap,raw,10000,-0.0020408496645018,-2.5033950805664062e-06,0.2873798384275766,0.5066,0.4916,0.0018,TRIAD_035,A12,A12_EndpointTrend_B3000,A,1385197443,R1,same_machine,True
normal,tail_gap,calibrated,10000,-0.0020570784524215,-0.0004191249280145,0.1779329355329944,0.502,0.498,0.0,TRIAD_035,A12,A12_EndpointTrend_B3000,A,1385197443,R1,same_machine,True
defect,all,raw,20000,0.0001572122732581,0.0,0.0978740383116573,0.3734,0.44,0.1866,TRIAD_035,A12,A12_EndpointTrend_B3000,A,1385197443,R1,same_machine,True
defect,all,calibrated,20000,2.4054311851557307e-05,0.000318391195141,0.0704917057782466,0.60565,0.39435,0.0,TRIAD_035,A12,A12_EndpointTrend_B3000,A,1385197443,R1,same_machine,True
defect,operational,raw,95,-0.0003257550087445,2.842147495130121e-07,0.0029405837679304,0.5157894736842106,0.4842105263157895,0.0,TRIAD_035,A12,A12_EndpointTrend_B3000,A,1385197443,R1,same_machine,True
defect,operational,calibrated,95,-0.0038898720271136,-0.0004939247178812,0.0311077812625572,0.4631578947368421,0.5368421052631579,0.0,TRIAD_035,A12,A12_EndpointTrend_B3000,A,1385197443,R1,same_machine,True
defect,tail_gap,raw,1000,0.006370908566627,1.1662330962280976e-05,0.2821539034059873,0.517,0.483,0.0,TRIAD_035,A12,A12_EndpointTrend_B3000,A,1385197443,R1,same_machine,True
defect,tail_gap,calibrated,1000,0.0002785558958992,6.079473903195052e-05,0.1786791195589777,0.502,0.498,0.0,TRIAD_035,A12,A12_EndpointTrend_B3000,A,1385197443,R1,same_machine,True
normal,all,raw,100000,-3.9486368344126286e-05,1.8267364954027698e-07,0.0993483134973746,0.38212,0.6177,0.00018,TRIAD_035,A12,A12_EndpointTrend_B3000,A,1385197443,R2,same_machine,True
normal,all,calibrated,100000,0.0001636557867289,-0.0012031464317809,0.0717252296025597,0.59597,0.40403,0.0,TRIAD_035,A12,A12_EndpointTrend_B3000,A,1385197443,R2,same_machine,True
normal,operational,raw,31747,-0.0001520855882546,0.0001344924530712,0.1763184816018108,0.4304028727123822,0.5690301445805903,0.0005669827070274,TRIAD_035,A12,A12_EndpointTrend_B3000,A,1385197443,R2,same_machine,True
normal,operational,calibrated,31747,0.0022841362935523,0.0020975949588279,0.1258252473278537,0.483573251015844,0.516426748984156,0.0,TRIAD_035,A12,A12_EndpointTrend_B3000,A,1385197443,R2,same_machine,True
normal,tail_gap,raw,10000,-0.0006029756942711,-2.568960189830438e-05,0.2994033542713049,0.5195,0.4787,0.0018,TRIAD_035,A12,A12_EndpointTrend_B3000,A,1385197443,R2,same_machine,True
normal,tail_gap,calibrated,10000,0.0020352000355876,0.0005370336314589,0.185319354860541,0.4974,0.5026,0.0,TRIAD_035,A12,A12_EndpointTrend_B3000,A,1385197443,R2,same_machine,True
defect,all,raw,20000,-0.0003343572691295,0.0,0.1016245434997399,0.3066,0.4965,0.1969,TRIAD_035,A12,A12_EndpointTrend_B3000,A,1385197443,R2,same_machine,True
defect,all,calibrated,20000,0.0005446542946077,0.0013811865360509,0.0723556655226391,0.63785,0.36215,0.0,TRIAD_035,A12,A12_EndpointTrend_B3000,A,1385197443,R2,same_machine,True
defect,operational,raw,95,6.393338875072433e-05,7.629244464624208e-06,0.0003314173544895,0.631578947368421,0.3684210526315789,0.0,TRIAD_035,A12,A12_EndpointTrend_B3000,A,1385197443,R2,same_machine,True
defect,operational,calibrated,95,0.0030596709000544,0.0009812672827449,0.0166517232658844,0.5368421052631579,0.4631578947368421,0.0,TRIAD_035,A12,A12_EndpointTrend_B3000,A,1385197443,R2,same_machine,True
defect,tail_gap,raw,1000,-0.0025546948565639,0.0001320868586844,0.2958213118952632,0.56,0.44,0.0,TRIAD_035,A12,A12_EndpointTrend_B3000,A,1385197443,R2,same_machine,True
defect,tail_gap,calibrated,1000,0.0026177788284992,0.0047865813914148,0.177572361909132,0.53,0.47,0.0,TRIAD_035,A12,A12_EndpointTrend_B3000,A,1385197443,R2,same_machine,True
normal,all,raw,100000,-0.0024334124027372,-1.0886148156530329e-08,0.1052933999911116,0.53399,0.46566,0.00035,TRIAD_036,A12,A12_EndpointTrend_B3000,A,1343723075,R1,same_machine,True
normal,all,calibrated,100000,-0.0017532734387801,0.0003442422430923,0.0746120000392042,0.42719,0.57281,0.0,TRIAD_036,A12,A12_EndpointTrend_B3000,A,1343723075,R1,same_machine,True
normal,operational,raw,31747,-0.007571665700629,-4.199873365e-05,0.1866577240673181,0.5359561533373232,0.4629413802879012,0.0011024663747755,TRIAD_036,A12,A12_EndpointTrend_B3000,A,1343723075,R1,same_machine,True
normal,operational,calibrated,31747,-0.0055645079851994,-0.0019797267574901,0.1307407344109665,0.5163637509055974,0.4836362490944026,0.0,TRIAD_036,A12,A12_EndpointTrend_B3000,A,1343723075,R1,same_machine,True
normal,tail_gap,raw,10000,-0.018068536843805,-4.474921453834213e-05,0.3128842452840069,0.5219,0.4746,0.0035,TRIAD_036,A12,A12_EndpointTrend_B3000,A,1343723075,R1,same_machine,True
normal,tail_gap,calibrated,10000,-0.0092659275051765,-0.0038074484950592,0.1915934153424502,0.5208,0.4792,0.0,TRIAD_036,A12,A12_EndpointTrend_B3000,A,1343723075,R1,same_machine,True
defect,all,raw,20000,-0.0020614973372565,0.0,0.1059039389946873,0.40685,0.3716,0.22155,TRIAD_036,A12,A12_EndpointTrend_B3000,A,1343723075,R1,same_machine,True
defect,all,calibrated,20000,-0.0002981586853988,-0.0002512355462268,0.077457012701687,0.37585,0.62415,0.0,TRIAD_036,A12,A12_EndpointTrend_B3000,A,1343723075,R1,same_machine,True
defect,operational,raw,95,0.0005829946566212,-8.588096092054798e-07,0.005649875297669,0.4421052631578947,0.5578947368421052,0.0,TRIAD_036,A12,A12_EndpointTrend_B3000,A,1343723075,R1,same_machine,True
defect,operational,calibrated,95,0.0029508967742837,-0.0007141502259017,0.0375652658053888,0.4631578947368421,0.5368421052631579,0.0,TRIAD_036,A12,A12_EndpointTrend_B3000,A,1343723075,R1,same_machine,True
defect,tail_gap,raw,1000,-0.0193087314309452,-1.8203341426215047e-05,0.3058168869848429,0.472,0.528,0.0,TRIAD_036,A12,A12_EndpointTrend_B3000,A,1343723075,R1,same_machine,True
defect,tail_gap,calibrated,1000,-0.0096512873933572,-0.0009124533890221,0.1811720135330195,0.493,0.507,0.0,TRIAD_036,A12,A12_EndpointTrend_B3000,A,1343723075,R1,same_machine,True
normal,all,raw,100000,-0.0004950970211378,-1.1692306345345573e-08,0.1021814972309893,0.53557,0.46404,0.00039,TRIAD_036,A12,A12_EndpointTrend_B3000,A,1343723075,R2,same_machine,False
normal,all,calibrated,100000,-0.0005733220576607,0.000313357908686,0.0723118477679159,0.43024,0.56976,0.0,TRIAD_036,A12,A12_EndpointTrend_B3000,A,1343723075,R2,same_machine,False
normal,operational,raw,31747,-0.0015555007096492,-2.37994627241278e-05,0.1813396628939522,0.5244905030396573,0.4742810344284499,0.0012284625318927,TRIAD_036,A12,A12_EndpointTrend_B3000,A,1343723075,R2,same_machine,False
normal,operational,calibrated,31747,-0.0020525707493948,-0.0012996163079649,0.1268854959075002,0.5111034113459539,0.488896588654046,0.0,TRIAD_036,A12,A12_EndpointTrend_B3000,A,1343723075,R2,same_machine,False
normal,tail_gap,raw,10000,-0.0046134329553562,-4.768371583141473e-07,0.3061494011767742,0.5027,0.4934,0.0039,TRIAD_036,A12,A12_EndpointTrend_B3000,A,1343723075,R2,same_machine,False
normal,tail_gap,calibrated,10000,-0.0037887234563809,-0.0005426448258558,0.1878286910699166,0.5067,0.4933,0.0,TRIAD_036,A12,A12_EndpointTrend_B3000,A,1343723075,R2,same_machine,False
defect,all,raw,20000,-0.0008805761144175,0.0,0.1025949540504483,0.412,0.3718,0.2162,TRIAD_036,A12,A12_EndpointTrend_B3000,A,1343723075,R2,same_machine,False
defect,all,calibrated,20000,-0.0003546036816392,-0.0003147060528422,0.074371458311088,0.36955,0.63045,0.0,TRIAD_036,A12,A12_EndpointTrend_B3000,A,1343723075,R2,same_machine,False
defect,operational,raw,95,0.0006917540620219,1.4379384793983265e-08,0.005615610701222,0.5052631578947369,0.4947368421052631,0.0,TRIAD_036,A12,A12_EndpointTrend_B3000,A,1343723075,R2,same_machine,False
defect,operational,calibrated,95,0.006125906231777,0.0009821425944374,0.035138822696498,0.5684210526315789,0.431578947368421,0.0,TRIAD_036,A12,A12_EndpointTrend_B3000,A,1343723075,R2,same_machine,False
defect,tail_gap,raw,1000,-0.0025575546064038,-7.812206902713115e-06,0.2976315733296229,0.477,0.523,0.0,TRIAD_036,A12,A12_EndpointTrend_B3000,A,1343723075,R2,same_machine,False
defect,tail_gap,calibrated,1000,-0.0001558990856896,-0.0010077325865841,0.1724263118053439,0.491,0.509,0.0,TRIAD_036,A12,A12_EndpointTrend_B3000,A,1343723075,R2,same_machine,False
normal,all,raw,100000,-0.0019953216932144,-1.2302468199720804e-06,0.1010493820357538,0.65346,0.34635,0.00019,TRIAD_037,A13,A13_BottomGap-3000-stress-control_B3000,A,1829910790,R1,same_machine,False
normal,all,calibrated,100000,-0.0014726806268584,0.0015231034559079,0.07173526358333,0.3932,0.6068,0.0,TRIAD_037,A13,A13_BottomGap-3000-stress-control_B3000,A,1829910790,R1,same_machine,False
normal,operational,raw,31747,-0.0062182005457743,-0.0005359961651265,0.179257038788394,0.6233659873373862,0.376035530916307,0.0005984817463067,TRIAD_037,A13,A13_BottomGap-3000-stress-control_B3000,A,1829910790,R1,same_machine,False
normal,operational,calibrated,31747,-0.0085710951573238,-0.0052415142822486,0.1255725736151313,0.5424449554288594,0.4575550445711406,0.0,TRIAD_037,A13,A13_BottomGap-3000-stress-control_B3000,A,1829910790,R1,same_machine,False
normal,tail_gap,raw,10000,-0.0115411380045125,2.026557922363281e-06,0.3005367684149309,0.4922,0.5059,0.0019,TRIAD_037,A13,A13_BottomGap-3000-stress-control_B3000,A,1829910790,R1,same_machine,False
normal,tail_gap,calibrated,10000,-0.0134364476413207,-0.0070211997420618,0.185461509016996,0.5337,0.4663,0.0,TRIAD_037,A13,A13_BottomGap-3000-stress-control_B3000,A,1829910790,R1,same_machine,False
defect,all,raw,20000,0.0020812470987531,5.960464477539062e-07,0.0997033438802995,0.616,0.214,0.17,TRIAD_037,A13,A13_BottomGap-3000-stress-control_B3000,A,1829910790,R1,same_machine,False
defect,all,calibrated,20000,0.0015728005564485,-0.0018849175805436,0.0736552590362762,0.39355,0.60645,0.0,TRIAD_037,A13,A13_BottomGap-3000-stress-control_B3000,A,1829910790,R1,same_machine,False
defect,operational,raw,95,-0.0005019229088278,-3.709918178174121e-05,0.0040768496721026,0.2736842105263158,0.7263157894736842,0.0,TRIAD_037,A13,A13_BottomGap-3000-stress-control_B3000,A,1829910790,R1,same_machine,False
defect,operational,calibrated,95,-0.0018249515747161,-8.875459032100727e-06,0.0343601354332537,0.4947368421052631,0.5052631578947369,0.0,TRIAD_037,A13,A13_BottomGap-3000-stress-control_B3000,A,1829910790,R1,same_machine,False
defect,tail_gap,raw,1000,0.008646824885578,-0.0004711471042354,0.305563836706991,0.421,0.579,0.0,TRIAD_037,A13,A13_BottomGap-3000-stress-control_B3000,A,1829910790,R1,same_machine,False
defect,tail_gap,calibrated,1000,0.0024400684459057,-0.0044480274661214,0.1835476729578375,0.487,0.513,0.0,TRIAD_037,A13,A13_BottomGap-3000-stress-control_B3000,A,1829910790,R1,same_machine,False
normal,all,raw,100000,0.0008281104517464,5.1974786863251416e-08,0.1056280686350626,0.43704,0.56266,0.0003,TRIAD_037,A13,A13_BottomGap-3000-stress-control_B3000,A,1829910790,R2,same_machine,False
normal,all,calibrated,100000,-0.0003188354481199,8.402735403319987e-05,0.0740598054349669,0.40284,0.59716,0.0,TRIAD_037,A13,A13_BottomGap-3000-stress-control_B3000,A,1829910790,R2,same_machine,False
normal,operational,raw,31747,0.0025855393337156,-6.794929504394531e-06,0.1874415159875824,0.5077330141430686,0.4913220146785523,0.000944971178379,TRIAD_037,A13,A13_BottomGap-3000-stress-control_B3000,A,1829910790,R2,same_machine,False
normal,operational,calibrated,31747,-0.0033317635382104,-0.0026677727458436,0.1298907556487253,0.5195766529120862,0.4804233470879138,0.0,TRIAD_037,A13,A13_BottomGap-3000-stress-control_B3000,A,1829910790,R2,same_machine,False
normal,tail_gap,raw,10000,0.006324402074593,1.1920928955078125e-07,0.3150540667405933,0.4966,0.5004,0.003,TRIAD_037,A13,A13_BottomGap-3000-stress-control_B3000,A,1829910790,R2,same_machine,False
normal,tail_gap,calibrated,10000,-0.0052174872156592,-0.004646932150457,0.1919476522409429,0.5211,0.4789,0.0,TRIAD_037,A13,A13_BottomGap-3000-stress-control_B3000,A,1829910790,R2,same_machine,False
defect,all,raw,20000,-0.0004257338265363,0.0,0.1027865306556034,0.46635,0.3172,0.21645,TRIAD_037,A13,A13_BottomGap-3000-stress-control_B3000,A,1829910790,R2,same_machine,False
defect,all,calibrated,20000,-0.0002283058461266,-0.0004238664903746,0.0749021287699307,0.40705,0.59295,0.0,TRIAD_037,A13,A13_BottomGap-3000-stress-control_B3000,A,1829910790,R2,same_machine,False
defect,operational,raw,95,-0.0001860276154532,8.45428658635683e-07,0.0017945635286096,0.5157894736842106,0.4842105263157895,0.0,TRIAD_037,A13,A13_BottomGap-3000-stress-control_B3000,A,1829910790,R2,same_machine,False
defect,operational,calibrated,95,-0.0042490391062574,0.0004979777991808,0.0362969572236835,0.5263157894736842,0.4736842105263157,0.0,TRIAD_037,A13,A13_BottomGap-3000-stress-control_B3000,A,1829910790,R2,same_machine,False
defect,tail_gap,raw,1000,-0.0034281656093637,-2.23031952373276e-06,0.3103346029398313,0.495,0.505,0.0,TRIAD_037,A13,A13_BottomGap-3000-stress-control_B3000,A,1829910790,R2,same_machine,False
defect,tail_gap,calibrated,1000,-0.0085923193411637,-0.0029651931669416,0.1862201468641826,0.485,0.515,0.0,TRIAD_037,A13,A13_BottomGap-3000-stress-control_B3000,A,1829910790,R2,same_machine,False
normal,all,raw,100000,-0.0018506120241608,-5.59560615620569e-08,0.101026483653974,0.57159,0.4282,0.00021,TRIAD_038,A13,A13_BottomGap-3000-stress-control_B3000,A,1385197443,R1,same_machine,False
normal,all,calibrated,100000,0.0006369953411937,0.0011264945027947,0.0721749255124562,0.37373,0.62627,0.0,TRIAD_038,A13,A13_BottomGap-3000-stress-control_B3000,A,1385197443,R1,same_machine,False
normal,operational,raw,31747,-0.0058197676882741,-0.000121087367006,0.1792168640649772,0.5623523482533783,0.4369861719217564,0.0006614798248653,TRIAD_038,A13,A13_BottomGap-3000-stress-control_B3000,A,1385197443,R1,same_machine,False
normal,operational,calibrated,31747,-0.0016663180716268,-0.0004093922516694,0.1265581677990435,0.5031656534475698,0.4968343465524301,0.0,TRIAD_038,A13,A13_BottomGap-3000-stress-control_B3000,A,1385197443,R1,same_machine,False
normal,tail_gap,raw,10000,-0.0161992754415287,-2.330541610717773e-05,0.3001442846402067,0.5113,0.4866,0.0021,TRIAD_038,A13,A13_BottomGap-3000-stress-control_B3000,A,1385197443,R1,same_machine,False
normal,tail_gap,calibrated,10000,-0.0067294971158047,-0.002985906825122,0.1847458890655883,0.5153,0.4847,0.0,TRIAD_038,A13,A13_BottomGap-3000-stress-control_B3000,A,1385197443,R1,same_machine,False
defect,all,raw,20000,-0.0009886100411507,0.0,0.0985234087764458,0.4794,0.33215,0.18845,TRIAD_038,A13,A13_BottomGap-3000-stress-control_B3000,A,1385197443,R1,same_machine,False
defect,all,calibrated,20000,-0.0001946247748861,-0.0010818149984239,0.0723484885003445,0.3729,0.6271,0.0,TRIAD_038,A13,A13_BottomGap-3000-stress-control_B3000,A,1385197443,R1,same_machine,False
defect,operational,raw,95,3.504629122278214e-06,-2.6679727511691453e-06,0.000487928069318,0.3684210526315789,0.631578947368421,0.0,TRIAD_038,A13,A13_BottomGap-3000-stress-control_B3000,A,1385197443,R1,same_machine,False
defect,operational,calibrated,95,0.0018524290873057,-2.87255251025971e-05,0.0216313509910235,0.4947368421052631,0.5052631578947369,0.0,TRIAD_038,A13,A13_BottomGap-3000-stress-control_B3000,A,1385197443,R1,same_machine,False
defect,tail_gap,raw,1000,-0.0152615634644852,-9.303712045037492e-05,0.2940459578672037,0.437,0.563,0.0,TRIAD_038,A13,A13_BottomGap-3000-stress-control_B3000,A,1385197443,R1,same_machine,False
defect,tail_gap,calibrated,1000,-0.0039211335547436,-0.0027383296416232,0.1770909756289981,0.483,0.517,0.0,TRIAD_038,A13,A13_BottomGap-3000-stress-control_B3000,A,1385197443,R1,same_machine,False
normal,all,raw,100000,-0.0005721692865647,-2.9515334953877925e-08,0.1028053608860371,0.55561,0.44409,0.0003,TRIAD_038,A13,A13_BottomGap-3000-stress-control_B3000,A,1385197443,R2,same_machine,False
normal,all,calibrated,100000,0.0015392360810345,0.0005688406949052,0.0733346190685621,0.41318,0.58682,0.0,TRIAD_038,A13,A13_BottomGap-3000-stress-control_B3000,A,1385197443,R2,same_machine,False
normal,operational,raw,31747,-0.0018053716591473,-3.338749229442328e-05,0.1824378931492201,0.5290893627744354,0.4699656660471855,0.000944971178379,TRIAD_038,A13,A13_BottomGap-3000-stress-control_B3000,A,1385197443,R2,same_machine,False
normal,operational,calibrated,31747,0.0031939394753693,0.0011339565436827,0.12857872348178,0.4912590165999937,0.5087409834000063,0.0,TRIAD_038,A13,A13_BottomGap-3000-stress-control_B3000,A,1385197443,R2,same_machine,False
normal,tail_gap,raw,10000,-0.0061363747691448,-1.9431114196777344e-05,0.3063528883573153,0.5142,0.4828,0.003,TRIAD_038,A13,A13_BottomGap-3000-stress-control_B3000,A,1385197443,R2,same_machine,False
normal,tail_gap,calibrated,10000,0.002973805510014,-0.0001515730681251,0.1889886793406358,0.5011,0.4989,0.0,TRIAD_038,A13,A13_BottomGap-3000-stress-control_B3000,A,1385197443,R2,same_machine,False
defect,all,raw,20000,-0.0009769901071801,0.0,0.1051071965157544,0.4105,0.38005,0.20945,TRIAD_038,A13,A13_BottomGap-3000-stress-control_B3000,A,1385197443,R2,same_machine,False
defect,all,calibrated,20000,2.2898782986044087e-05,-0.0003492510747111,0.075576745585866,0.37435,0.62565,0.0,TRIAD_038,A13,A13_BottomGap-3000-stress-control_B3000,A,1385197443,R2,same_machine,False
defect,operational,raw,95,-3.4622728509601394e-05,-1.9847391286020866e-06,0.0009502942256076,0.4,0.6,0.0,TRIAD_038,A13,A13_BottomGap-3000-stress-control_B3000,A,1385197443,R2,same_machine,False
defect,operational,calibrated,95,0.0010927449722957,-0.000520292271152,0.0267679650907573,0.4736842105263157,0.5263157894736842,0.0,TRIAD_038,A13,A13_BottomGap-3000-stress-control_B3000,A,1385197443,R2,same_machine,False
defect,tail_gap,raw,1000,-0.0204979398371854,-3.1801676527720706e-06,0.2983869526003092,0.485,0.515,0.0,TRIAD_038,A13,A13_BottomGap-3000-stress-control_B3000,A,1385197443,R2,same_machine,False
defect,tail_gap,calibrated,1000,-0.0008890496685607,0.0020684929490314,0.1792481164163976,0.517,0.483,0.0,TRIAD_038,A13,A13_BottomGap-3000-stress-control_B3000,A,1385197443,R2,same_machine,False
normal,all,raw,100000,-0.0005738631286535,-1.2636296675694323e-08,0.1042699257829816,0.5272,0.47254,0.00026,TRIAD_039,A13,A13_BottomGap-3000-stress-control_B3000,A,1343723075,R1,same_machine,False
normal,all,calibrated,100000,0.0002408772620581,0.0004792394586572,0.073462022536594,0.41161,0.58839,0.0,TRIAD_039,A13,A13_BottomGap-3000-stress-control_B3000,A,1343723075,R1,same_machine,False
normal,operational,raw,31747,-0.0018570445801121,-5.5276332204812206e-05,0.184945901924636,0.5362081456515576,0.4629728793271805,0.0008189750212618,TRIAD_039,A13,A13_BottomGap-3000-stress-control_B3000,A,1343723075,R1,same_machine,False
normal,operational,calibrated,31747,-0.0017678931274067,-0.0012550891629066,0.1288164651231479,0.5107884209531609,0.4892115790468391,0.0,TRIAD_039,A13,A13_BottomGap-3000-stress-control_B3000,A,1343723075,R1,same_machine,False
normal,tail_gap,raw,10000,-0.009743652365051,-7.808208465687194e-06,0.3062837734628131,0.5103,0.4871,0.0026,TRIAD_039,A13,A13_BottomGap-3000-stress-control_B3000,A,1343723075,R1,same_machine,False
normal,tail_gap,calibrated,10000,-0.0065549498709987,-0.0035446314986128,0.1884428939674627,0.5191,0.4809,0.0,TRIAD_039,A13,A13_BottomGap-3000-stress-control_B3000,A,1343723075,R1,same_machine,False
defect,all,raw,20000,0.0003888475526514,0.0,0.0978214003612055,0.4228,0.3782,0.199,TRIAD_039,A13,A13_BottomGap-3000-stress-control_B3000,A,1343723075,R1,same_machine,False
defect,all,calibrated,20000,2.2677881419520985e-05,-0.0005620578632543,0.0730649012583054,0.3684,0.6316,0.0,TRIAD_039,A13,A13_BottomGap-3000-stress-control_B3000,A,1343723075,R1,same_machine,False
defect,operational,raw,95,0.0001685617434421,5.821225386171136e-07,0.0011548784982682,0.5052631578947369,0.4947368421052631,0.0,TRIAD_039,A13,A13_BottomGap-3000-stress-control_B3000,A,1343723075,R1,same_machine,False
defect,operational,calibrated,95,0.0046422327242465,0.0019944777486878,0.0305793667229323,0.5368421052631579,0.4631578947368421,0.0,TRIAD_039,A13,A13_BottomGap-3000-stress-control_B3000,A,1343723075,R1,same_machine,False
defect,tail_gap,raw,1000,0.0128035277616811,5.408704623732774e-06,0.2926722056706989,0.511,0.489,0.0,TRIAD_039,A13,A13_BottomGap-3000-stress-control_B3000,A,1343723075,R1,same_machine,False
defect,tail_gap,calibrated,1000,0.0087158613631246,0.0041602625099433,0.1759238745243873,0.527,0.473,0.0,TRIAD_039,A13,A13_BottomGap-3000-stress-control_B3000,A,1343723075,R1,same_machine,False
normal,all,raw,100000,0.0033694928145312,7.37022674002219e-08,0.1075262671753628,0.43259,0.56704,0.00037,TRIAD_039,A13,A13_BottomGap-3000-stress-control_B3000,A,1343723075,R2,same_machine,False
normal,all,calibrated,100000,0.0003748868166121,-0.0008094645804193,0.0759750938836447,0.57906,0.42094,0.0,TRIAD_039,A13,A13_BottomGap-3000-stress-control_B3000,A,1343723075,R2,same_machine,False
normal,operational,raw,31747,0.0105366769794577,8.426558997591896e-05,0.1905419882204974,0.4411755441459035,0.5576589914007622,0.0011654644533341,TRIAD_039,A13,A13_BottomGap-3000-stress-control_B3000,A,1343723075,R2,same_machine,False
normal,operational,calibrated,31747,0.0022719792250913,0.0002364061574256,0.1330646009568513,0.4979998110057643,0.5020001889942357,0.0,TRIAD_039,A13,A13_BottomGap-3000-stress-control_B3000,A,1343723075,R2,same_machine,False
normal,tail_gap,raw,10000,0.0229463766354879,0.000114917755127,0.3178881666317434,0.4682,0.5281,0.0037,TRIAD_039,A13,A13_BottomGap-3000-stress-control_B3000,A,1343723075,R2,same_machine,False
normal,tail_gap,calibrated,10000,0.0021567488084071,0.0003491971540554,0.1956992312708592,0.4949,0.5051,0.0,TRIAD_039,A13,A13_BottomGap-3000-stress-control_B3000,A,1343723075,R2,same_machine,False
defect,all,raw,20000,0.0023225289063055,0.0,0.1053028136629245,0.3385,0.44085,0.22065,TRIAD_039,A13,A13_BottomGap-3000-stress-control_B3000,A,1343723075,R2,same_machine,False
defect,all,calibrated,20000,-0.0006026246773741,0.0003418719099888,0.07632833783014,0.59705,0.40295,0.0,TRIAD_039,A13,A13_BottomGap-3000-stress-control_B3000,A,1343723075,R2,same_machine,False
defect,operational,raw,95,0.0002289740294852,-2.7967598015266052e-08,0.001014201828824,0.4842105263157895,0.5157894736842106,0.0,TRIAD_039,A13,A13_BottomGap-3000-stress-control_B3000,A,1343723075,R2,same_machine,False
defect,operational,calibrated,95,0.0011006440351221,-0.0028851861947708,0.0294992681255949,0.3894736842105263,0.6105263157894737,0.0,TRIAD_039,A13,A13_BottomGap-3000-stress-control_B3000,A,1343723075,R2,same_machine,False
defect,tail_gap,raw,1000,0.0219616215830767,0.0002330713414266,0.2979590202034752,0.556,0.444,0.0,TRIAD_039,A13,A13_BottomGap-3000-stress-control_B3000,A,1343723075,R2,same_machine,False
defect,tail_gap,calibrated,1000,0.0053253453836748,0.0010251995605264,0.1801031685987836,0.507,0.493,0.0,TRIAD_039,A13,A13_BottomGap-3000-stress-control_B3000,A,1343723075,R2,same_machine,False
normal,all,raw,100000,-0.0034667662817656,-2.980309883326982e-07,0.1015987486346361,0.65421,0.34553,0.00026,TRIAD_040,A14,A14_FoldBalanced-Gap_B3000,A,1829910790,R1,same_machine,False
normal,all,calibrated,100000,-0.0012182772285173,0.000560642784589,0.0713520645919642,0.46108,0.53892,0.0,TRIAD_040,A14,A14_FoldBalanced-Gap_B3000,A,1829910790,R1,same_machine,False
normal,operational,raw,31747,-0.0108564714585393,-0.0001158089653471,0.1800529869668578,0.5655967492991464,0.4335842756795918,0.0008189750212618,TRIAD_040,A14,A14_FoldBalanced-Gap_B3000,A,1829910790,R1,same_machine,False
normal,operational,calibrated,31747,-0.003055441370485,-0.0007695893189983,0.1251674710582108,0.5072605285538792,0.4927394714461209,0.0,TRIAD_040,A14,A14_FoldBalanced-Gap_B3000,A,1829910790,R1,same_machine,False
normal,tail_gap,raw,10000,-0.0265870777047188,-9.638071060180664e-05,0.3015973789342792,0.5275,0.4699,0.0026,TRIAD_040,A14,A14_FoldBalanced-Gap_B3000,A,1829910790,R1,same_machine,False
normal,tail_gap,calibrated,10000,-0.0069625101487287,-0.0017867997731929,0.1847172141137692,0.5113,0.4887,0.0,TRIAD_040,A14,A14_FoldBalanced-Gap_B3000,A,1829910790,R1,same_machine,False
defect,all,raw,20000,-0.0007288183855666,0.0,0.1021418047592735,0.4338,0.35435,0.21185,TRIAD_040,A14,A14_FoldBalanced-Gap_B3000,A,1829910790,R1,same_machine,False
defect,all,calibrated,20000,0.000748008324228,-0.0005814589760345,0.0740685012509573,0.3841,0.6159,0.0,TRIAD_040,A14,A14_FoldBalanced-Gap_B3000,A,1829910790,R1,same_machine,False
defect,operational,raw,95,-1.859608413014084e-05,-1.788037693017941e-06,0.0005974996429131,0.4,0.6,0.0,TRIAD_040,A14,A14_FoldBalanced-Gap_B3000,A,1829910790,R1,same_machine,False
defect,operational,calibrated,95,-0.0010568565837701,-0.000236102149529,0.0217744473606578,0.4947368421052631,0.5052631578947369,0.0,TRIAD_040,A14,A14_FoldBalanced-Gap_B3000,A,1829910790,R1,same_machine,False
defect,tail_gap,raw,1000,-0.017278476590383,-3.125276407445199e-05,0.3071394615479622,0.466,0.534,0.0,TRIAD_040,A14,A14_FoldBalanced-Gap_B3000,A,1829910790,R1,same_machine,False
defect,tail_gap,calibrated,1000,-0.0020504647141238,0.0034723442458967,0.1822967633658065,0.527,0.473,0.0,TRIAD_040,A14,A14_FoldBalanced-Gap_B3000,A,1829910790,R1,same_machine,False
normal,all,raw,100000,-0.0011832210666521,-1.5066186831447228e-07,0.0958989947952941,0.63344,0.3663,0.00026,TRIAD_040,A14,A14_FoldBalanced-Gap_B3000,A,1829910790,R2,same_machine,False
normal,all,calibrated,100000,-0.0019772211893076,0.0006345365993326,0.0683332878978649,0.45569,0.54431,0.0,TRIAD_040,A14,A14_FoldBalanced-Gap_B3000,A,1829910790,R2,same_machine,False
normal,operational,raw,31747,-0.0036881070250762,-9.859875717665724e-05,0.1701498433023721,0.558257473147069,0.4409235518316691,0.0008189750212618,TRIAD_040,A14,A14_FoldBalanced-Gap_B3000,A,1829910790,R2,same_machine,False
normal,operational,calibrated,31747,-0.0052931670639068,-0.0034863988349969,0.1198530614630994,0.5279553973603806,0.4720446026396195,0.0,TRIAD_040,A14,A14_FoldBalanced-Gap_B3000,A,1829910790,R2,same_machine,False
normal,tail_gap,raw,10000,-0.0110472781545151,0.0,0.2887840966592703,0.4994,0.498,0.0026,TRIAD_040,A14,A14_FoldBalanced-Gap_B3000,A,1829910790,R2,same_machine,False
normal,tail_gap,calibrated,10000,-0.0094017940299343,-0.0017764556840109,0.1782066934476176,0.5133,0.4867,0.0,TRIAD_040,A14,A14_FoldBalanced-Gap_B3000,A,1829910790,R2,same_machine,False
defect,all,raw,20000,0.0021533735959038,0.0,0.0965888900148917,0.45955,0.3305,0.20995,TRIAD_040,A14,A14_FoldBalanced-Gap_B3000,A,1829910790,R2,same_machine,False
defect,all,calibrated,20000,0.0014199933266301,-0.0008154560462363,0.0695295402784914,0.3789,0.6211,0.0,TRIAD_040,A14,A14_FoldBalanced-Gap_B3000,A,1829910790,R2,same_machine,False
defect,operational,raw,95,-3.76811537494989e-05,-1.1676914482450227e-05,0.0006854579061735,0.2947368421052631,0.7052631578947368,0.0,TRIAD_040,A14,A14_FoldBalanced-Gap_B3000,A,1829910790,R2,same_machine,False
defect,operational,calibrated,95,-0.0041165649215447,-0.003242512154952,0.0247165095632158,0.3789473684210526,0.6210526315789474,0.0,TRIAD_040,A14,A14_FoldBalanced-Gap_B3000,A,1829910790,R2,same_machine,False
defect,tail_gap,raw,1000,0.0144043084567615,-7.090224244139057e-06,0.2916330161872222,0.481,0.519,0.0,TRIAD_040,A14,A14_FoldBalanced-Gap_B3000,A,1829910790,R2,same_machine,False
defect,tail_gap,calibrated,1000,0.0041622403938334,0.0008185410201657,0.1729311367518301,0.51,0.49,0.0,TRIAD_040,A14,A14_FoldBalanced-Gap_B3000,A,1829910790,R2,same_machine,False
normal,all,raw,100000,-0.0017365378359785,1.0637379199707198e-08,0.1012380788661088,0.45653,0.54323,0.00024,TRIAD_041,A14,A14_FoldBalanced-Gap_B3000,A,1385197443,R1,same_machine,False
normal,all,calibrated,100000,-4.468236707657471e-06,-5.6729881286600274e-05,0.0723607310238853,0.54673,0.45327,0.0,TRIAD_041,A14,A14_FoldBalanced-Gap_B3000,A,1385197443,R1,same_machine,False
normal,operational,raw,31747,-0.0054162926669164,1.120069646280003e-05,0.1794729990023659,0.4877626232399912,0.5114813998173056,0.0007559769427032,TRIAD_041,A14,A14_FoldBalanced-Gap_B3000,A,1385197443,R1,same_machine,False
normal,operational,calibrated,31747,-0.0009338875668902,0.0022246537842433,0.1269068334724477,0.4824392856017891,0.5175607143982108,0.0,TRIAD_041,A14,A14_FoldBalanced-Gap_B3000,A,1385197443,R1,same_machine,False
normal,tail_gap,raw,10000,-0.0113192825504852,-3.349781036376953e-05,0.3031823304135821,0.5192,0.4784,0.0024,TRIAD_041,A14,A14_FoldBalanced-Gap_B3000,A,1385197443,R1,same_machine,False
normal,tail_gap,calibrated,10000,-0.0051325382380746,-0.001993411376385,0.1871325689292888,0.5076,0.4924,0.0,TRIAD_041,A14,A14_FoldBalanced-Gap_B3000,A,1385197443,R1,same_machine,False
defect,all,raw,20000,-0.0015337972695838,0.0,0.0961842702678653,0.4138,0.3832,0.203,TRIAD_041,A14,A14_FoldBalanced-Gap_B3000,A,1385197443,R1,same_machine,False
defect,all,calibrated,20000,-0.000181904891677,0.0002018283131112,0.0711034080788155,0.65125,0.34875,0.0,TRIAD_041,A14,A14_FoldBalanced-Gap_B3000,A,1385197443,R1,same_machine,False
defect,operational,raw,95,0.0001500904651981,2.553514377723332e-07,0.0005804731931376,0.5473684210526316,0.4526315789473684,0.0,TRIAD_041,A14,A14_FoldBalanced-Gap_B3000,A,1385197443,R1,same_machine,False
defect,operational,calibrated,95,0.0047812324609241,0.0004572277279604,0.0214286026391344,0.5368421052631579,0.4631578947368421,0.0,TRIAD_041,A14,A14_FoldBalanced-Gap_B3000,A,1385197443,R1,same_machine,False
defect,tail_gap,raw,1000,0.0022163468120535,5.262398190110663e-06,0.2837331298199891,0.516,0.484,0.0,TRIAD_041,A14,A14_FoldBalanced-Gap_B3000,A,1385197443,R1,same_machine,False
defect,tail_gap,calibrated,1000,0.004954173750581,0.002778742749653,0.171311847309441,0.523,0.477,0.0,TRIAD_041,A14,A14_FoldBalanced-Gap_B3000,A,1385197443,R1,same_machine,False
normal,all,raw,100000,0.0001598344563206,-1.5624592331758842e-11,0.0953235206489429,0.50064,0.4992,0.00016,TRIAD_041,A14,A14_FoldBalanced-Gap_B3000,A,1385197443,R2,same_machine,False
normal,all,calibrated,100000,-0.0006188926866368,0.0001096923329156,0.0679656275309844,0.42366,0.57634,0.0,TRIAD_041,A14,A14_FoldBalanced-Gap_B3000,A,1385197443,R2,same_machine,False
normal,operational,raw,31747,0.0004926803675767,-3.718480456882389e-07,0.1691469288119018,0.5008347245409015,0.4986612908306296,0.0005039846284688,TRIAD_041,A14,A14_FoldBalanced-Gap_B3000,A,1385197443,R2,same_machine,False
normal,operational,calibrated,31747,-0.0021014399243541,-0.000688202006537,0.1192698833227967,0.506410054493338,0.493589945506662,0.0,TRIAD_041,A14,A14_FoldBalanced-Gap_B3000,A,1385197443,R2,same_machine,False
normal,tail_gap,raw,10000,0.0036462884426098,2.324581146129212e-06,0.2880148988701829,0.4918,0.5066,0.0016,TRIAD_041,A14,A14_FoldBalanced-Gap_B3000,A,1385197443,R2,same_machine,False
normal,tail_gap,calibrated,10000,-0.0024147937882567,-0.0016774485482308,0.1761157020232871,0.5106,0.4894,0.0,TRIAD_041,A14,A14_FoldBalanced-Gap_B3000,A,1385197443,R2,same_machine,False
defect,all,raw,20000,0.0013201972455991,0.0,0.1003405493822784,0.43535,0.35975,0.2049,TRIAD_041,A14,A14_FoldBalanced-Gap_B3000,A,1385197443,R2,same_machine,False
defect,all,calibrated,20000,0.0003074088116327,-0.0002560689334853,0.0719897958255045,0.39225,0.60775,0.0,TRIAD_041,A14,A14_FoldBalanced-Gap_B3000,A,1385197443,R2,same_machine,False
defect,operational,raw,95,0.0001301656550826,1.275366656727783e-07,0.0006029223766979,0.5263157894736842,0.4736842105263157,0.0,TRIAD_041,A14,A14_FoldBalanced-Gap_B3000,A,1385197443,R2,same_machine,False
defect,operational,calibrated,95,0.0047059993665026,0.0008877049454074,0.0250006507882241,0.5578947368421052,0.4421052631578947,0.0,TRIAD_041,A14,A14_FoldBalanced-Gap_B3000,A,1385197443,R2,same_machine,False
defect,tail_gap,raw,1000,0.0137554924856755,8.451985689106322e-07,0.2909335924944357,0.505,0.495,0.0,TRIAD_041,A14,A14_FoldBalanced-Gap_B3000,A,1385197443,R2,same_machine,False
defect,tail_gap,calibrated,1000,0.003550417539176,0.0001749232767563,0.1743810730025204,0.504,0.496,0.0,TRIAD_041,A14,A14_FoldBalanced-Gap_B3000,A,1385197443,R2,same_machine,False
normal,all,raw,100000,-0.0006846109851814,1.1263361976432409e-07,0.0969428039619714,0.41929,0.58047,0.00024,TRIAD_042,A14,A14_FoldBalanced-Gap_B3000,A,1343723075,R1,same_machine,False
normal,all,calibrated,100000,0.0005870699731737,-0.0001398652668299,0.0688004291148359,0.5111,0.4889,0.0,TRIAD_042,A14,A14_FoldBalanced-Gap_B3000,A,1343723075,R1,same_machine,False
normal,operational,raw,31747,-0.0021497631783175,4.027364775540006e-05,0.172018232446146,0.4792578826345796,0.5199861404227171,0.0007559769427032,TRIAD_042,A14,A14_FoldBalanced-Gap_B3000,A,1343723075,R1,same_machine,False
normal,operational,calibrated,31747,0.0007846153013852,0.0015703448244437,0.1207190933353655,0.4863766655117019,0.5136233344882981,0.0,TRIAD_042,A14,A14_FoldBalanced-Gap_B3000,A,1343723075,R1,same_machine,False
normal,tail_gap,raw,10000,-0.0072724399607536,-3.993511200006683e-06,0.2904157496651743,0.5064,0.4912,0.0024,TRIAD_042,A14,A14_FoldBalanced-Gap_B3000,A,1343723075,R1,same_machine,False
normal,tail_gap,calibrated,10000,6.847456057409004e-05,0.0012219714314686,0.1784517515432198,0.4924,0.5076,0.0,TRIAD_042,A14,A14_FoldBalanced-Gap_B3000,A,1343723075,R1,same_machine,False
defect,all,raw,20000,-0.0020353433161593,0.0,0.0960207576440504,0.3455,0.4585,0.196,TRIAD_042,A14,A14_FoldBalanced-Gap_B3000,A,1343723075,R1,same_machine,False
defect,all,calibrated,20000,-0.0003927681095884,0.0003601838660524,0.0707141723366949,0.59645,0.40355,0.0,TRIAD_042,A14,A14_FoldBalanced-Gap_B3000,A,1343723075,R1,same_machine,False
defect,operational,raw,95,0.0001749345817871,1.1486781659186818e-06,0.0018239627033291,0.5473684210526316,0.4526315789473684,0.0,TRIAD_042,A14,A14_FoldBalanced-Gap_B3000,A,1343723075,R1,same_machine,False
defect,operational,calibrated,95,-0.0003407257664173,0.0009396111384797,0.0295698778857061,0.5263157894736842,0.4736842105263157,0.0,TRIAD_042,A14,A14_FoldBalanced-Gap_B3000,A,1343723075,R1,same_machine,False
defect,tail_gap,raw,1000,-0.0203525476187318,-7.367008038255328e-06,0.2798127319220833,0.49,0.51,0.0,TRIAD_042,A14,A14_FoldBalanced-Gap_B3000,A,1343723075,R1,same_machine,False
defect,tail_gap,calibrated,1000,-0.0086305897081311,-0.0027210066166065,0.1693112957918757,0.485,0.515,0.0,TRIAD_042,A14,A14_FoldBalanced-Gap_B3000,A,1343723075,R1,same_machine,False
normal,all,raw,100000,0.0016287096816924,4.2776176911729646e-07,0.0969637038023164,0.34905,0.6507,0.00025,TRIAD_042,A14,A14_FoldBalanced-Gap_B3000,A,1343723075,R2,same_machine,False
normal,all,calibrated,100000,0.0009658906503973,-0.0004425068934543,0.0688931523926674,0.53289,0.46711,0.0,TRIAD_042,A14,A14_FoldBalanced-Gap_B3000,A,1343723075,R2,same_machine,False
normal,operational,raw,31747,0.0051176542737198,0.0001882175711217,0.1720102696586852,0.4248275427599458,0.5743849812580716,0.0007874759819825,TRIAD_042,A14,A14_FoldBalanced-Gap_B3000,A,1343723075,R2,same_machine,False
normal,operational,calibrated,31747,0.0025259965530122,0.00236953864817,0.1208690363736073,0.4802028538129587,0.5197971461870413,0.0,TRIAD_042,A14,A14_FoldBalanced-Gap_B3000,A,1343723075,R2,same_machine,False
normal,tail_gap,raw,10000,0.0136579563368377,6.41942024230957e-05,0.2885821309182672,0.4804,0.5171,0.0025,TRIAD_042,A14,A14_FoldBalanced-Gap_B3000,A,1343723075,R2,same_machine,False
normal,tail_gap,calibrated,10000,0.005309855434003,0.0028448935909109,0.1772241359083311,0.4823,0.5177,0.0,TRIAD_042,A14,A14_FoldBalanced-Gap_B3000,A,1343723075,R2,same_machine,False
defect,all,raw,20000,0.0004793349240047,0.0,0.0989073300400674,0.3327,0.46875,0.19855,TRIAD_042,A14,A14_FoldBalanced-Gap_B3000,A,1343723075,R2,same_machine,False
defect,all,calibrated,20000,0.0002420854380981,0.0007453427032346,0.070757753998647,0.61015,0.38985,0.0,TRIAD_042,A14,A14_FoldBalanced-Gap_B3000,A,1343723075,R2,same_machine,False
defect,operational,raw,95,0.0002643053952394,7.550326699856669e-06,0.0017644086993585,0.6736842105263158,0.3263157894736842,0.0,TRIAD_042,A14,A14_FoldBalanced-Gap_B3000,A,1343723075,R2,same_machine,False
defect,operational,calibrated,95,0.0037695199832135,0.0015258852167223,0.0259795963538499,0.5684210526315789,0.431578947368421,0.0,TRIAD_042,A14,A14_FoldBalanced-Gap_B3000,A,1343723075,R2,same_machine,False
defect,tail_gap,raw,1000,0.000153527827613,9.907411117629822e-05,0.2716188094165226,0.551,0.449,0.0,TRIAD_042,A14,A14_FoldBalanced-Gap_B3000,A,1343723075,R2,same_machine,False
defect,tail_gap,calibrated,1000,-0.0030237727681002,0.0014837164496475,0.1608649452282306,0.508,0.492,0.0,TRIAD_042,A14,A14_FoldBalanced-Gap_B3000,A,1343723075,R2,same_machine,False
normal,all,raw,100000,-0.0035535062425958,-1.02924887501743e-07,0.1008554112924767,0.59174,0.40796,0.0003,TRIAD_043,A15,A15_GroupDiverse-Gap_B3000,A,1829910790,R1,same_machine,False
normal,all,calibrated,100000,-0.0008496070347558,0.0009062600280204,0.0719605856174237,0.41568,0.58432,0.0,TRIAD_043,A15,A15_GroupDiverse-Gap_B3000,A,1829910790,R1,same_machine,False
normal,operational,raw,31747,-0.0111526187189624,-0.0001333515792793,0.1787476689950985,0.5735030081582512,0.4255520206633698,0.000944971178379,TRIAD_043,A15,A15_GroupDiverse-Gap_B3000,A,1829910790,R1,same_machine,False
normal,operational,calibrated,31747,-0.0042205946574506,-0.0018427348839618,0.1260655088301167,0.5158597662771286,0.4841402337228714,0.0,TRIAD_043,A15,A15_GroupDiverse-Gap_B3000,A,1829910790,R1,same_machine,False
normal,tail_gap,raw,10000,-0.029407971023123,-0.0002484619617461,0.3030367953150713,0.5296,0.4674,0.003,TRIAD_043,A15,A15_GroupDiverse-Gap_B3000,A,1829910790,R1,same_machine,False
normal,tail_gap,calibrated,10000,-0.0093654268781523,-0.0020196816590834,0.1865318533690954,0.5147,0.4853,0.0,TRIAD_043,A15,A15_GroupDiverse-Gap_B3000,A,1829910790,R1,same_machine,False
defect,all,raw,20000,-0.0026480192220473,0.0,0.1033922218656538,0.41705,0.3454,0.23755,TRIAD_043,A15,A15_GroupDiverse-Gap_B3000,A,1829910790,R1,same_machine,False
defect,all,calibrated,20000,8.208383626981996e-06,-0.0005984536298058,0.07435353890347,0.37035,0.62965,0.0,TRIAD_043,A15,A15_GroupDiverse-Gap_B3000,A,1829910790,R1,same_machine,False
defect,operational,raw,95,-6.184198010203463e-05,-2.492145085852826e-06,0.000479357261405,0.3263157894736842,0.6736842105263158,0.0,TRIAD_043,A15,A15_GroupDiverse-Gap_B3000,A,1829910790,R1,same_machine,False
defect,operational,calibrated,95,-0.0032214138218676,-0.0013527501039248,0.0249338743399665,0.4526315789473684,0.5473684210526316,0.0,TRIAD_043,A15,A15_GroupDiverse-Gap_B3000,A,1829910790,R1,same_machine,False
defect,tail_gap,raw,1000,-0.0202551560251335,-0.0001606732830623,0.3045703154760835,0.441,0.559,0.0,TRIAD_043,A15,A15_GroupDiverse-Gap_B3000,A,1829910790,R1,same_machine,False
defect,tail_gap,calibrated,1000,-0.0056195325408048,-0.0018421649099889,0.1846716609731518,0.488,0.512,0.0,TRIAD_043,A15,A15_GroupDiverse-Gap_B3000,A,1829910790,R1,same_machine,False
normal,all,raw,100000,-0.0042302824457717,-8.750956865810622e-07,0.0985603796848189,0.68104,0.31876,0.0002,TRIAD_043,A15,A15_GroupDiverse-Gap_B3000,A,1829910790,R2,same_machine,False
normal,all,calibrated,100000,-0.0010016248703023,0.0017314533319815,0.070154016902212,0.39115,0.60885,0.0,TRIAD_043,A15,A15_GroupDiverse-Gap_B3000,A,1829910790,R2,same_machine,False
normal,operational,raw,31747,-0.013257953105396,-0.0004128814107388,0.1745667629551832,0.6293823038397329,0.369987715374681,0.000629980785586,TRIAD_043,A15,A15_GroupDiverse-Gap_B3000,A,1829910790,R2,same_machine,False
normal,operational,calibrated,31747,-0.0062934927474852,-0.0029747718576878,0.1228811750100103,0.5229470501149714,0.4770529498850285,0.0,TRIAD_043,A15,A15_GroupDiverse-Gap_B3000,A,1829910790,R2,same_machine,False
normal,tail_gap,raw,10000,-0.0330096101975631,-0.0003879964351654,0.2959449798673301,0.5233,0.4747,0.002,TRIAD_043,A15,A15_GroupDiverse-Gap_B3000,A,1829910790,R2,same_machine,False
normal,tail_gap,calibrated,10000,-0.0144961358105816,-0.0055902295300114,0.1825868615475306,0.5263,0.4737,0.0,TRIAD_043,A15,A15_GroupDiverse-Gap_B3000,A,1829910790,R2,same_machine,False
defect,all,raw,20000,-0.0024350019877226,1.1920928966180358e-07,0.1013401364177635,0.5493,0.25835,0.19235,TRIAD_043,A15,A15_GroupDiverse-Gap_B3000,A,1829910790,R2,same_machine,False
defect,all,calibrated,20000,-0.000868555140826,-0.0017038557290242,0.0724462346479317,0.37945,0.62055,0.0,TRIAD_043,A15,A15_GroupDiverse-Gap_B3000,A,1829910790,R2,same_machine,False
defect,operational,raw,95,-0.0002268525430204,-1.5911500668105e-05,0.0008510595883435,0.231578947368421,0.7684210526315789,0.0,TRIAD_043,A15,A15_GroupDiverse-Gap_B3000,A,1829910790,R2,same_machine,False
defect,operational,calibrated,95,-0.0035715722552774,-0.0022747286398416,0.0230437196928438,0.4526315789473684,0.5473684210526316,0.0,TRIAD_043,A15,A15_GroupDiverse-Gap_B3000,A,1829910790,R2,same_machine,False
defect,tail_gap,raw,1000,-0.0197927781362434,-0.0006425971951103,0.2933214693670039,0.401,0.599,0.0,TRIAD_043,A15,A15_GroupDiverse-Gap_B3000,A,1829910790,R2,same_machine,False
defect,tail_gap,calibrated,1000,-0.0047949983691537,-0.0036437870753834,0.174820569169456,0.481,0.519,0.0,TRIAD_043,A15,A15_GroupDiverse-Gap_B3000,A,1829910790,R2,same_machine,False
normal,all,raw,100000,-0.004900571787443,-1.3644887530972485e-07,0.1006737870880291,0.57381,0.42591,0.00028,TRIAD_044,A15,A15_GroupDiverse-Gap_B3000,A,1385197443,R1,same_machine,False
normal,all,calibrated,100000,-0.0009077429647621,0.0011120537380709,0.0714254198096292,0.39196,0.60804,0.0,TRIAD_044,A15,A15_GroupDiverse-Gap_B3000,A,1385197443,R1,same_machine,False
normal,operational,raw,31747,-0.0153663958877462,-0.0002649476109581,0.1781202852323152,0.6025136233344883,0.3966044035656912,0.0008819730998204,TRIAD_044,A15,A15_GroupDiverse-Gap_B3000,A,1385197443,R1,same_machine,False
normal,operational,calibrated,31747,-0.0055650360858524,-0.002760793867578,0.124981346513004,0.521435096229565,0.478564903770435,0.0,TRIAD_044,A15,A15_GroupDiverse-Gap_B3000,A,1385197443,R1,same_machine,False
normal,tail_gap,raw,10000,-0.0409734996353158,-0.0012735128402709,0.2992927960710604,0.5528,0.4444,0.0028,TRIAD_044,A15,A15_GroupDiverse-Gap_B3000,A,1385197443,R1,same_machine,False
normal,tail_gap,calibrated,10000,-0.0124249450645417,-0.0046443394571809,0.1847306265306922,0.5254,0.4746,0.0,TRIAD_044,A15,A15_GroupDiverse-Gap_B3000,A,1385197443,R1,same_machine,False
defect,all,raw,20000,-0.0039710854309055,0.0,0.1051176849065898,0.4396,0.3421,0.2183,TRIAD_044,A15,A15_GroupDiverse-Gap_B3000,A,1385197443,R1,same_machine,False
defect,all,calibrated,20000,-0.0004552637073039,-0.00068161875896,0.0765148038282488,0.38565,0.61435,0.0,TRIAD_044,A15,A15_GroupDiverse-Gap_B3000,A,1385197443,R1,same_machine,False
defect,operational,raw,95,0.0003094518299863,-5.811168875879957e-06,0.0030001331757667,0.4210526315789473,0.5789473684210527,0.0,TRIAD_044,A15,A15_GroupDiverse-Gap_B3000,A,1385197443,R1,same_machine,False
defect,operational,calibrated,95,0.0044084822588295,0.0011120537380709,0.0315743552582728,0.5684210526315789,0.431578947368421,0.0,TRIAD_044,A15,A15_GroupDiverse-Gap_B3000,A,1385197443,R1,same_machine,False
defect,tail_gap,raw,1000,-0.0355409616861098,-0.0003781393816097,0.3054338885551366,0.423,0.577,0.0,TRIAD_044,A15,A15_GroupDiverse-Gap_B3000,A,1385197443,R1,same_machine,False
defect,tail_gap,calibrated,1000,-0.0096786845339123,-0.0022208906456232,0.1837060464528333,0.487,0.513,0.0,TRIAD_044,A15,A15_GroupDiverse-Gap_B3000,A,1385197443,R1,same_machine,False
normal,all,raw,100000,-0.002267442523934,5.933883029385356e-08,0.1009284490526532,0.40874,0.59087,0.00039,TRIAD_044,A15,A15_GroupDiverse-Gap_B3000,A,1385197443,R2,same_machine,False
normal,all,calibrated,100000,0.0001817510568264,-9.987218672540031e-05,0.0712527548286632,0.50646,0.49354,0.0,TRIAD_044,A15,A15_GroupDiverse-Gap_B3000,A,1385197443,R2,same_machine,False
normal,operational,raw,31747,-0.0071757993501013,-3.099441528431335e-06,0.1789841763216021,0.5058745708255898,0.4928969666425174,0.0012284625318927,TRIAD_044,A15,A15_GroupDiverse-Gap_B3000,A,1385197443,R2,same_machine,False
normal,operational,calibrated,31747,-0.0022643311438799,0.0001606928440887,0.1249307783447761,0.4983777994771159,0.5016222005228841,0.0,TRIAD_044,A15,A15_GroupDiverse-Gap_B3000,A,1385197443,R2,same_machine,False
normal,tail_gap,raw,10000,-0.0216650004908294,-0.0001793503761292,0.3037334391753612,0.5351,0.461,0.0039,TRIAD_044,A15,A15_GroupDiverse-Gap_B3000,A,1385197443,R2,same_machine,False
normal,tail_gap,calibrated,10000,-0.0089862974816839,-0.004051344408679,0.1863259647996996,0.5176,0.4824,0.0,TRIAD_044,A15,A15_GroupDiverse-Gap_B3000,A,1385197443,R2,same_machine,False
defect,all,raw,20000,-0.0036595460483953,0.0,0.1042280828617611,0.36155,0.40535,0.2331,TRIAD_044,A15,A15_GroupDiverse-Gap_B3000,A,1385197443,R2,same_machine,False
defect,all,calibrated,20000,-0.0023061334152949,0.0003926820404477,0.0745130841361272,0.6396,0.3604,0.0,TRIAD_044,A15,A15_GroupDiverse-Gap_B3000,A,1385197443,R2,same_machine,False
defect,operational,raw,95,-0.0003012607204491,9.773337694695907e-11,0.0074398410957398,0.5052631578947369,0.4947368421052631,0.0,TRIAD_044,A15,A15_GroupDiverse-Gap_B3000,A,1385197443,R2,same_machine,False
defect,operational,calibrated,95,0.0011488709576037,-0.0001069905766663,0.0400460447297362,0.4842105263157895,0.5157894736842106,0.0,TRIAD_044,A15,A15_GroupDiverse-Gap_B3000,A,1385197443,R2,same_machine,False
defect,tail_gap,raw,1000,-0.0213823242668737,-2.8338063401664383e-05,0.3071571688741538,0.469,0.531,0.0,TRIAD_044,A15,A15_GroupDiverse-Gap_B3000,A,1385197443,R2,same_machine,False
defect,tail_gap,calibrated,1000,-0.0095501829402812,-0.0029437452371088,0.1872193802566926,0.476,0.524,0.0,TRIAD_044,A15,A15_GroupDiverse-Gap_B3000,A,1385197443,R2,same_machine,False
normal,all,raw,100000,-0.0008182591647876,3.629268512383988e-07,0.0942162749496687,0.37301,0.6268,0.00019,TRIAD_045,A15,A15_GroupDiverse-Gap_B3000,A,1343723075,R1,same_machine,False
normal,all,calibrated,100000,0.0012997303313172,-0.0007894978628165,0.0675994479746245,0.55709,0.44291,0.0,TRIAD_045,A15,A15_GroupDiverse-Gap_B3000,A,1343723075,R1,same_machine,False
normal,operational,raw,31747,-0.0025933592801778,0.0001398307958878,0.1671023065533985,0.440073077771128,0.5593284404825652,0.0005984817463067,TRIAD_045,A15,A15_GroupDiverse-Gap_B3000,A,1343723075,R1,same_machine,False
normal,operational,calibrated,31747,0.0042527267952324,0.0030219094073412,0.1184386198224959,0.4744700286641257,0.5255299713358742,0.0,TRIAD_045,A15,A15_GroupDiverse-Gap_B3000,A,1343723075,R1,same_machine,False
normal,tail_gap,raw,10000,-0.0104554021411562,-0.0001420974731446,0.2832555953202211,0.5314,0.4667,0.0019,TRIAD_045,A15,A15_GroupDiverse-Gap_B3000,A,1343723075,R1,same_machine,False
normal,tail_gap,calibrated,10000,0.0044223341096105,0.0026794990868035,0.1741694596915119,0.4832,0.5168,0.0,TRIAD_045,A15,A15_GroupDiverse-Gap_B3000,A,1343723075,R1,same_machine,False
defect,all,raw,20000,-0.0020691849847121,-2.384185792125848e-07,0.0982040505526976,0.2688,0.5631,0.1681,TRIAD_045,A15,A15_GroupDiverse-Gap_B3000,A,1343723075,R1,same_machine,False
defect,all,calibrated,20000,0.0003048102547378,0.0013259871156955,0.0703289189619443,0.60225,0.39775,0.0,TRIAD_045,A15,A15_GroupDiverse-Gap_B3000,A,1343723075,R1,same_machine,False
defect,operational,raw,95,0.0008508529134815,1.4569715290235765e-05,0.0075746845195807,0.7473684210526316,0.2526315789473684,0.0,TRIAD_045,A15,A15_GroupDiverse-Gap_B3000,A,1343723075,R1,same_machine,False
defect,operational,calibrated,95,0.0047844470830126,0.0020022420293588,0.0323291160469028,0.6,0.4,0.0,TRIAD_045,A15,A15_GroupDiverse-Gap_B3000,A,1343723075,R1,same_machine,False
defect,tail_gap,raw,1000,-0.0169650736358614,7.436345686070554e-05,0.288155172767029,0.547,0.453,0.0,TRIAD_045,A15,A15_GroupDiverse-Gap_B3000,A,1343723075,R1,same_machine,False
defect,tail_gap,calibrated,1000,-0.0002041494604784,0.0025389617368193,0.1709761677127802,0.519,0.481,0.0,TRIAD_045,A15,A15_GroupDiverse-Gap_B3000,A,1343723075,R1,same_machine,False
normal,all,raw,100000,-0.0005604255641457,-2.485034390486973e-07,0.0855103122189369,0.58077,0.41905,0.00018,TRIAD_045,A15,A15_GroupDiverse-Gap_B3000,A,1343723075,R2,same_machine,False
normal,all,calibrated,100000,0.0012823999752725,0.0006099972232634,0.0628570782404915,0.40354,0.59646,0.0,TRIAD_045,A15,A15_GroupDiverse-Gap_B3000,A,1343723075,R2,same_machine,False
normal,operational,raw,31747,-0.0017153281618659,-0.0001862591525423,0.1517494104514217,0.5534696191766151,0.4459633981163574,0.0005669827070274,TRIAD_045,A15,A15_GroupDiverse-Gap_B3000,A,1343723075,R2,same_machine,False
normal,operational,calibrated,31747,0.0017720061103674,0.0011164886213905,0.1103261166105244,0.4898100607931458,0.5101899392068542,0.0,TRIAD_045,A15,A15_GroupDiverse-Gap_B3000,A,1343723075,R2,same_machine,False
normal,tail_gap,raw,10000,-0.0016047404538941,1.209974288951532e-05,0.256794733833797,0.49,0.5082,0.0018,TRIAD_045,A15,A15_GroupDiverse-Gap_B3000,A,1343723075,R2,same_machine,False
normal,tail_gap,calibrated,10000,0.0013968693486912,0.0008650420916668,0.162105768512998,0.496,0.504,0.0,TRIAD_045,A15,A15_GroupDiverse-Gap_B3000,A,1343723075,R2,same_machine,False
defect,all,raw,20000,-0.0005405119972377,2.384185789905402e-07,0.0898297546372986,0.5447,0.3311,0.1242,TRIAD_045,A15,A15_GroupDiverse-Gap_B3000,A,1343723075,R2,same_machine,False
defect,all,calibrated,20000,-0.0007484729430722,-0.0005728611822813,0.0644840189458367,0.41575,0.58425,0.0,TRIAD_045,A15,A15_GroupDiverse-Gap_B3000,A,1343723075,R2,same_machine,False
defect,operational,raw,95,0.0007906758204141,-4.901736474494103e-07,0.0075606926915717,0.4842105263157895,0.5157894736842106,0.0,TRIAD_045,A15,A15_GroupDiverse-Gap_B3000,A,1343723075,R2,same_machine,False
defect,operational,calibrated,95,0.006494640722831,0.0032621335745681,0.0309629651081109,0.6,0.4,0.0,TRIAD_045,A15,A15_GroupDiverse-Gap_B3000,A,1343723075,R2,same_machine,False
defect,tail_gap,raw,1000,-0.0116650715532339,-5.506750676431694e-05,0.2585125406843029,0.476,0.524,0.0,TRIAD_045,A15,A15_GroupDiverse-Gap_B3000,A,1343723075,R2,same_machine,False
defect,tail_gap,calibrated,1000,0.0015632379590321,0.0028340320098504,0.1602313494416783,0.523,0.477,0.0,TRIAD_045,A15,A15_GroupDiverse-Gap_B3000,A,1343723075,R2,same_machine,False
normal,all,raw,100000,-0.0003284055316004,-1.4714685581118658e-08,0.1005099077631729,0.53959,0.46009,0.00032,TRIAD_046,A16,A16_GapResidual-Strict_B3000,A,1829910790,R1,same_machine,False
normal,all,calibrated,100000,-0.0004298071132129,6.909691722310025e-05,0.0712430200436408,0.45589,0.54411,0.0,TRIAD_046,A16,A16_GapResidual-Strict_B3000,A,1829910790,R1,same_machine,False
normal,operational,raw,31747,-0.0009931868473009,-1.2446675100363793e-05,0.1783685668832259,0.5152297854915425,0.4837622452515198,0.0010079692569376,TRIAD_046,A16,A16_GapResidual-Strict_B3000,A,1829910790,R1,same_machine,False
normal,operational,calibrated,31747,-2.5052410238924503e-05,-0.0005348233520783,0.1250312308452437,0.5049925977257693,0.4950074022742306,0.0,TRIAD_046,A16,A16_GapResidual-Strict_B3000,A,1829910790,R1,same_machine,False
normal,tail_gap,raw,10000,-0.000813904270645,0.0,0.301419841485522,0.4988,0.498,0.0032,TRIAD_046,A16,A16_GapResidual-Strict_B3000,A,1829910790,R1,same_machine,False
normal,tail_gap,calibrated,10000,0.0034004572765204,0.0016391746990322,0.1844660061037466,0.4891,0.5109,0.0,TRIAD_046,A16,A16_GapResidual-Strict_B3000,A,1829910790,R1,same_machine,False
defect,all,raw,20000,-0.0016818384816093,0.0,0.1058587451685506,0.37415,0.40525,0.2206,TRIAD_046,A16,A16_GapResidual-Strict_B3000,A,1829910790,R1,same_machine,False
defect,all,calibrated,20000,-0.0011651665243039,7.101312144397465e-05,0.0755994935499401,0.60035,0.39965,0.0,TRIAD_046,A16,A16_GapResidual-Strict_B3000,A,1829910790,R1,same_machine,False
defect,operational,raw,95,0.0002384723872911,-1.8978884099851712e-06,0.0025769681298976,0.3894736842105263,0.6105263157894737,0.0,TRIAD_046,A16,A16_GapResidual-Strict_B3000,A,1829910790,R1,same_machine,False
defect,operational,calibrated,95,-0.0025076006625162,-0.002430336936262,0.0289133148451002,0.4,0.6,0.0,TRIAD_046,A16,A16_GapResidual-Strict_B3000,A,1829910790,R1,same_machine,False
defect,tail_gap,raw,1000,-0.0233812247759967,-9.308500284529116e-05,0.3002367407963414,0.448,0.552,0.0,TRIAD_046,A16,A16_GapResidual-Strict_B3000,A,1829910790,R1,same_machine,False
defect,tail_gap,calibrated,1000,-0.0144321067384094,-0.0076408997831626,0.1806369965476033,0.459,0.541,0.0,TRIAD_046,A16,A16_GapResidual-Strict_B3000,A,1829910790,R1,same_machine,False
normal,all,raw,100000,-0.0020452515530429,-7.216214292782297e-09,0.1009981823160319,0.52685,0.47282,0.00033,TRIAD_046,A16,A16_GapResidual-Strict_B3000,A,1829910790,R2,same_machine,False
normal,all,calibrated,100000,3.732097231441589e-06,0.0001100318810475,0.0707357815615211,0.43712,0.56288,0.0,TRIAD_046,A16,A16_GapResidual-Strict_B3000,A,1829910790,R2,same_machine,False
normal,operational,raw,31747,-0.0064137459457837,-1.7166137695201478e-05,0.1791697846130532,0.5212461019938892,0.4777144297098938,0.0010394682962169,TRIAD_046,A16,A16_GapResidual-Strict_B3000,A,1829910790,R2,same_machine,False
normal,operational,calibrated,31747,0.0006588105884661,0.0004655598966843,0.1241730870166657,0.4949759032349513,0.5050240967650487,0.0,TRIAD_046,A16,A16_GapResidual-Strict_B3000,A,1829910790,R2,same_machine,False
normal,tail_gap,raw,10000,-0.015638646441723,-2.199411392217465e-05,0.3014196724839349,0.5181,0.4786,0.0033,TRIAD_046,A16,A16_GapResidual-Strict_B3000,A,1829910790,R2,same_machine,False
normal,tail_gap,calibrated,10000,0.0015617967985238,0.0009987759390903,0.183277730573575,0.4918,0.5082,0.0,TRIAD_046,A16,A16_GapResidual-Strict_B3000,A,1829910790,R2,same_machine,False
defect,all,raw,20000,-0.0027791259048774,0.0,0.1014136855326949,0.35315,0.4196,0.22725,TRIAD_046,A16,A16_GapResidual-Strict_B3000,A,1829910790,R2,same_machine,False
defect,all,calibrated,20000,-0.0010873578110122,0.0003037353612683,0.0742110161222726,0.62835,0.37165,0.0,TRIAD_046,A16,A16_GapResidual-Strict_B3000,A,1829910790,R2,same_machine,False
defect,operational,raw,95,0.0003441392206824,-2.058320660580648e-07,0.0025683545008723,0.4631578947368421,0.5368421052631579,0.0,TRIAD_046,A16,A16_GapResidual-Strict_B3000,A,1829910790,R2,same_machine,False
defect,operational,calibrated,95,0.0042950145897598,-0.0002232094844762,0.0270330545348272,0.4947368421052631,0.5052631578947369,0.0,TRIAD_046,A16,A16_GapResidual-Strict_B3000,A,1829910790,R2,same_machine,False
defect,tail_gap,raw,1000,-0.0227316428018502,-1.4611582258794446e-05,0.2891499663014324,0.472,0.528,0.0,TRIAD_046,A16,A16_GapResidual-Strict_B3000,A,1829910790,R2,same_machine,False
defect,tail_gap,calibrated,1000,-0.0077076732070068,-0.0001492761266286,0.1711331406705029,0.498,0.502,0.0,TRIAD_046,A16,A16_GapResidual-Strict_B3000,A,1829910790,R2,same_machine,False
normal,all,raw,100000,-0.0042031324987512,-8.932843131859158e-09,0.1048182457218237,0.53198,0.46778,0.00024,TRIAD_047,A16,A16_GapResidual-Strict_B3000,A,1385197443,R1,same_machine,False
normal,all,calibrated,100000,-0.0008439463792657,0.0004763408935659,0.0734348903059996,0.4012,0.5988,0.0,TRIAD_047,A16,A16_GapResidual-Strict_B3000,A,1385197443,R1,same_machine,False
normal,operational,raw,31747,-0.0131867358895701,-7.213106437120001e-05,0.1856576039019704,0.5553595615333732,0.4438844615239235,0.0007559769427032,TRIAD_047,A16,A16_GapResidual-Strict_B3000,A,1385197443,R1,same_machine,False
normal,operational,calibrated,31747,-0.0041436927767535,-0.0008800879204336,0.1288560344960635,0.5081110026144202,0.4918889973855797,0.0,TRIAD_047,A16,A16_GapResidual-Strict_B3000,A,1385197443,R1,same_machine,False
normal,tail_gap,raw,10000,-0.0332526527298851,-0.0004403390921651,0.3116471978501428,0.5468,0.4508,0.0024,TRIAD_047,A16,A16_GapResidual-Strict_B3000,A,1385197443,R1,same_machine,False
normal,tail_gap,calibrated,10000,-0.0079568016316335,-0.0025661778713019,0.1907307158813649,0.5138,0.4862,0.0,TRIAD_047,A16,A16_GapResidual-Strict_B3000,A,1385197443,R1,same_machine,False
defect,all,raw,20000,-0.004629146055603,0.0,0.1040767055975081,0.3658,0.39665,0.23755,TRIAD_047,A16,A16_GapResidual-Strict_B3000,A,1385197443,R1,same_machine,False
defect,all,calibrated,20000,-0.0012253971747417,6.343324604052292e-05,0.0742481315559634,0.6141,0.3859,0.0,TRIAD_047,A16,A16_GapResidual-Strict_B3000,A,1385197443,R1,same_machine,False
defect,operational,raw,95,8.127265913640259e-06,-1.3263218079373471e-06,0.0007724189453444,0.4421052631578947,0.5578947368421052,0.0,TRIAD_047,A16,A16_GapResidual-Strict_B3000,A,1385197443,R1,same_machine,False
defect,operational,calibrated,95,-0.0002393675998384,-0.0005074182792472,0.02667963811543,0.4842105263157895,0.5157894736842106,0.0,TRIAD_047,A16,A16_GapResidual-Strict_B3000,A,1385197443,R1,same_machine,False
defect,tail_gap,raw,1000,-0.0225579917033781,-0.0001426737617293,0.2997312869900007,0.441,0.559,0.0,TRIAD_047,A16,A16_GapResidual-Strict_B3000,A,1385197443,R1,same_machine,False
defect,tail_gap,calibrated,1000,-0.0024399588510861,-0.0032275162110835,0.1786350369822414,0.477,0.523,0.0,TRIAD_047,A16,A16_GapResidual-Strict_B3000,A,1385197443,R1,same_machine,False
normal,all,raw,100000,-0.0041100782528295,-2.229636820061387e-06,0.0974154175523933,0.73806,0.26184,0.0001,TRIAD_047,A16,A16_GapResidual-Strict_B3000,A,1385197443,R2,same_machine,False
normal,all,calibrated,100000,-0.0018361140304768,0.0017081048398701,0.0701266698992748,0.38933,0.61067,0.0,TRIAD_047,A16,A16_GapResidual-Strict_B3000,A,1385197443,R2,same_machine,False
normal,operational,raw,31747,-0.0128397662743765,-0.0007326337217819,0.1725663809719187,0.6673386461712918,0.3323463634359152,0.000314990392793,TRIAD_047,A16,A16_GapResidual-Strict_B3000,A,1385197443,R2,same_machine,False
normal,operational,calibrated,31747,-0.0087915622983429,-0.0049953367412571,0.1228311080615181,0.540523514032822,0.459476485967178,0.0,TRIAD_047,A16,A16_GapResidual-Strict_B3000,A,1385197443,R2,same_machine,False
normal,tail_gap,raw,10000,-0.02894831776476,-0.0004771947860716,0.291429656670245,0.5253,0.4737,0.001,TRIAD_047,A16,A16_GapResidual-Strict_B3000,A,1385197443,R2,same_machine,False
normal,tail_gap,calibrated,10000,-0.0145558677879298,-0.0068010186544555,0.1811219997758676,0.5324,0.4676,0.0,TRIAD_047,A16,A16_GapResidual-Strict_B3000,A,1385197443,R2,same_machine,False
defect,all,raw,20000,-0.0013866428897035,8.344650268554688e-07,0.1003453691889421,0.6232,0.2281,0.1487,TRIAD_047,A16,A16_GapResidual-Strict_B3000,A,1385197443,R2,same_machine,False
defect,all,calibrated,20000,-0.0008259365442566,-0.0017966646130676,0.0720783121378282,0.39355,0.60645,0.0,TRIAD_047,A16,A16_GapResidual-Strict_B3000,A,1385197443,R2,same_machine,False
defect,operational,raw,95,-0.0005070821476333,-1.6011792922654422e-05,0.0046135702333488,0.2842105263157894,0.7157894736842105,0.0,TRIAD_047,A16,A16_GapResidual-Strict_B3000,A,1385197443,R2,same_machine,False
defect,operational,calibrated,95,0.0011622770192109,0.0012348226897579,0.0308617322743935,0.5473684210526316,0.4526315789473684,0.0,TRIAD_047,A16,A16_GapResidual-Strict_B3000,A,1385197443,R2,same_machine,False
defect,tail_gap,raw,1000,-0.0101937693881698,-0.0011278548217887,0.2834118670506511,0.378,0.622,0.0,TRIAD_047,A16,A16_GapResidual-Strict_B3000,A,1385197443,R2,same_machine,False
defect,tail_gap,calibrated,1000,-0.0024518598662286,-0.000824304108589,0.1714557218973268,0.492,0.508,0.0,TRIAD_047,A16,A16_GapResidual-Strict_B3000,A,1385197443,R2,same_machine,False
normal,all,raw,100000,-0.0053846779524021,-3.2463623100831285e-07,0.0995630174597471,0.62092,0.37887,0.00021,TRIAD_048,A16,A16_GapResidual-Strict_B3000,A,1343723075,R1,same_machine,False
normal,all,calibrated,100000,8.452713507642276e-05,0.0013719710255223,0.0704181876744274,0.38019,0.61981,0.0,TRIAD_048,A16,A16_GapResidual-Strict_B3000,A,1343723075,R1,same_machine,False
normal,operational,raw,31747,-0.0168857039972274,-0.0003203299056621,0.1761408781809755,0.6110498629791792,0.3882886571959555,0.0006614798248653,TRIAD_048,A16,A16_GapResidual-Strict_B3000,A,1343723075,R1,same_machine,False
normal,operational,calibrated,31747,-0.0028910634369898,-0.0005710244994441,0.1234284796153333,0.504740605411535,0.4952593945884651,0.0,TRIAD_048,A16,A16_GapResidual-Strict_B3000,A,1343723075,R1,same_machine,False
normal,tail_gap,raw,10000,-0.0434651566690995,-0.0014107525348662,0.2948922492273622,0.55,0.4479,0.0021,TRIAD_048,A16,A16_GapResidual-Strict_B3000,A,1343723075,R1,same_machine,False
normal,tail_gap,calibrated,10000,-0.009325512093386,-0.0033634293579443,0.1805931815380539,0.5187,0.4813,0.0,TRIAD_048,A16,A16_GapResidual-Strict_B3000,A,1343723075,R1,same_machine,False
defect,all,raw,20000,-0.0027750417820334,1.1920928955078125e-07,0.1003452792860585,0.51405,0.3138,0.17215,TRIAD_048,A16,A16_GapResidual-Strict_B3000,A,1343723075,R1,same_machine,False
defect,all,calibrated,20000,0.0006227948968528,-0.0008866130869655,0.0726143597892771,0.419,0.581,0.0,TRIAD_048,A16,A16_GapResidual-Strict_B3000,A,1343723075,R1,same_machine,False
defect,operational,raw,95,-0.0004110647554531,-6.02400723437313e-06,0.0074586850598134,0.3684210526315789,0.631578947368421,0.0,TRIAD_048,A16,A16_GapResidual-Strict_B3000,A,1343723075,R1,same_machine,False
defect,operational,calibrated,95,0.0025879020696149,0.0014110626439938,0.0348520866443753,0.5263157894736842,0.4736842105263157,0.0,TRIAD_048,A16,A16_GapResidual-Strict_B3000,A,1343723075,R1,same_machine,False
defect,tail_gap,raw,1000,-0.0145214419759219,-0.0001668884140144,0.2943924848415216,0.436,0.564,0.0,TRIAD_048,A16,A16_GapResidual-Strict_B3000,A,1343723075,R1,same_machine,False
defect,tail_gap,calibrated,1000,0.0072221184245848,0.0048414575042416,0.1778522243284426,0.53,0.47,0.0,TRIAD_048,A16,A16_GapResidual-Strict_B3000,A,1343723075,R1,same_machine,False
normal,all,raw,100000,-0.0025217101186102,-3.454069030794926e-07,0.0968144450214147,0.61593,0.38392,0.00015,TRIAD_048,A16,A16_GapResidual-Strict_B3000,A,1343723075,R2,same_machine,False
normal,all,calibrated,100000,-0.0004551402115808,0.0015996077853346,0.0696629861832089,0.37218,0.62782,0.0,TRIAD_048,A16,A16_GapResidual-Strict_B3000,A,1343723075,R2,same_machine,False
normal,operational,raw,31747,-0.0078776227268208,-0.0004112080205231,0.1717013542773725,0.6202790814880146,0.3792484329227958,0.0004724855891895,TRIAD_048,A16,A16_GapResidual-Strict_B3000,A,1343723075,R2,same_machine,False
normal,operational,calibrated,31747,-0.0049174203277344,-0.0031389100014257,0.1220343818273785,0.5246794972753331,0.4753205027246669,0.0,TRIAD_048,A16,A16_GapResidual-Strict_B3000,A,1343723075,R2,same_machine,False
normal,tail_gap,raw,10000,-0.0178282086760053,-2.1278858184869964e-05,0.2912777579157533,0.5079,0.4906,0.0015,TRIAD_048,A16,A16_GapResidual-Strict_B3000,A,1343723075,R2,same_machine,False
normal,tail_gap,calibrated,10000,-0.0070118833852335,-0.0022505655946946,0.1800973835902798,0.513,0.487,0.0,TRIAD_048,A16,A16_GapResidual-Strict_B3000,A,1343723075,R2,same_machine,False
defect,all,raw,20000,0.0007581551127063,2.384185789905402e-07,0.0952065241350973,0.5493,0.2736,0.1771,TRIAD_048,A16,A16_GapResidual-Strict_B3000,A,1343723075,R2,same_machine,False
defect,all,calibrated,20000,0.0004665980321484,-0.0014859589198895,0.0695844159978318,0.37595,0.62405,0.0,TRIAD_048,A16,A16_GapResidual-Strict_B3000,A,1343723075,R2,same_machine,False
defect,operational,raw,95,0.0002602853566886,-9.104210420218804e-06,0.0031570483439214,0.3263157894736842,0.6736842105263158,0.0,TRIAD_048,A16,A16_GapResidual-Strict_B3000,A,1343723075,R2,same_machine,False
defect,operational,calibrated,95,0.0043455733304196,0.0019407138281921,0.0295327558765786,0.5789473684210527,0.4210526315789473,0.0,TRIAD_048,A16,A16_GapResidual-Strict_B3000,A,1343723075,R2,same_machine,False
defect,tail_gap,raw,1000,0.0094410416240286,-0.0001211069898089,0.2768715302909185,0.439,0.561,0.0,TRIAD_048,A16,A16_GapResidual-Strict_B3000,A,1343723075,R2,same_machine,False
defect,tail_gap,calibrated,1000,0.0120136782920698,0.0035268956239463,0.1680380522622891,0.528,0.472,0.0,TRIAD_048,A16,A16_GapResidual-Strict_B3000,A,1343723075,R2,same_machine,False
normal,all,raw,100000,-0.0013881232849806,9.20355081035496e-09,0.1000545724885794,0.4735,0.52627,0.00023,TRIAD_049,A17,A17_WindowEarlyLate40_B3000,A,1829910790,R1,same_machine,False
normal,all,calibrated,100000,-0.0007955941945118,-0.0001845759304191,0.0710231300064267,0.55537,0.44463,0.0,TRIAD_049,A17,A17_WindowEarlyLate40_B3000,A,1829910790,R1,same_machine,False
normal,operational,raw,31747,-0.0043516393287349,7.235445082199796e-06,0.1775260428078852,0.4924559800926071,0.5068195420039688,0.0007244779034239,TRIAD_049,A17,A17_WindowEarlyLate40_B3000,A,1829910790,R1,same_machine,False
normal,operational,calibrated,31747,-0.0025094479659973,5.869074034790811e-05,0.1246141577604957,0.4993857687340536,0.5006142312659464,0.0,TRIAD_049,A17,A17_WindowEarlyLate40_B3000,A,1829910790,R1,same_machine,False
normal,tail_gap,raw,10000,-0.010322343566092,-3.403425216680356e-05,0.3005362969814764,0.5176,0.4801,0.0023,TRIAD_049,A17,A17_WindowEarlyLate40_B3000,A,1829910790,R1,same_machine,False
normal,tail_gap,calibrated,10000,-0.0057118418302862,-0.0022835356585503,0.1843936075219032,0.5116,0.4884,0.0,TRIAD_049,A17,A17_WindowEarlyLate40_B3000,A,1829910790,R1,same_machine,False
defect,all,raw,20000,-0.0025663248416418,0.0,0.1020944159096108,0.42565,0.3718,0.20255,TRIAD_049,A17,A17_WindowEarlyLate40_B3000,A,1829910790,R1,same_machine,False
defect,all,calibrated,20000,-0.0004448628292068,0.0002614485722968,0.0735497273869995,0.65925,0.34075,0.0,TRIAD_049,A17,A17_WindowEarlyLate40_B3000,A,1829910790,R1,same_machine,False
defect,operational,raw,95,0.0004904592980266,5.963183866697364e-07,0.0034449642978791,0.5368421052631579,0.4631578947368421,0.0,TRIAD_049,A17,A17_WindowEarlyLate40_B3000,A,1829910790,R1,same_machine,False
defect,operational,calibrated,95,0.0016188740809015,0.0001904547315857,0.0328941607412908,0.5052631578947369,0.4947368421052631,0.0,TRIAD_049,A17,A17_WindowEarlyLate40_B3000,A,1829910790,R1,same_machine,False
defect,tail_gap,raw,1000,-0.0202684572530643,-1.5374744110302908e-05,0.2939193143261206,0.482,0.518,0.0,TRIAD_049,A17,A17_WindowEarlyLate40_B3000,A,1829910790,R1,same_machine,False
defect,tail_gap,calibrated,1000,-0.0084483903078191,-0.0038350617446178,0.1752135081821079,0.475,0.525,0.0,TRIAD_049,A17,A17_WindowEarlyLate40_B3000,A,1829910790,R1,same_machine,False
normal,all,raw,100000,-0.0012244168852246,5.380394252352261e-08,0.0955545424701016,0.42826,0.57148,0.00026,TRIAD_049,A17,A17_WindowEarlyLate40_B3000,A,1829910790,R2,same_machine,False
normal,all,calibrated,100000,0.0003321452675581,-0.0003162522477227,0.0672043606052567,0.53716,0.46284,0.0,TRIAD_049,A17,A17_WindowEarlyLate40_B3000,A,1829910790,R2,same_machine,False
normal,operational,raw,31747,-0.0038524338053346,2.205816417699679e-05,0.1695540949324145,0.4810533278734998,0.5181591961445176,0.0007874759819825,TRIAD_049,A17,A17_WindowEarlyLate40_B3000,A,1829910790,R2,same_machine,False
normal,operational,calibrated,31747,0.0003446413336111,0.001182477707645,0.1178926959455939,0.4886760953790909,0.511323904620909,0.0,TRIAD_049,A17,A17_WindowEarlyLate40_B3000,A,1829910790,R2,same_machine,False
normal,tail_gap,raw,10000,-0.0118236375542565,-8.293986320512259e-05,0.2877431905589668,0.5275,0.47,0.0025,TRIAD_049,A17,A17_WindowEarlyLate40_B3000,A,1829910790,R2,same_machine,False
normal,tail_gap,calibrated,10000,-0.0034014589136369,-0.0018899760018474,0.1748161715734233,0.51,0.49,0.0,TRIAD_049,A17,A17_WindowEarlyLate40_B3000,A,1829910790,R2,same_machine,False
defect,all,raw,20000,-0.0027210991526468,0.0,0.0974907929514901,0.38215,0.40735,0.2105,TRIAD_049,A17,A17_WindowEarlyLate40_B3000,A,1829910790,R2,same_machine,False
defect,all,calibrated,20000,-0.0012801153178496,0.0005232318631419,0.0699931027138523,0.6448,0.3552,0.0,TRIAD_049,A17,A17_WindowEarlyLate40_B3000,A,1829910790,R2,same_machine,False
defect,operational,raw,95,0.0005036452269292,5.639405173951673e-07,0.0033182657414179,0.5157894736842106,0.4842105263157895,0.0,TRIAD_049,A17,A17_WindowEarlyLate40_B3000,A,1829910790,R2,same_machine,False
defect,operational,calibrated,95,0.0030958910683194,0.0002716819568534,0.028311898153245,0.5052631578947369,0.4947368421052631,0.0,TRIAD_049,A17,A17_WindowEarlyLate40_B3000,A,1829910790,R2,same_machine,False
defect,tail_gap,raw,1000,-0.0167228069908061,9.644765128768995e-07,0.2801630893383493,0.504,0.496,0.0,TRIAD_049,A17,A17_WindowEarlyLate40_B3000,A,1829910790,R2,same_machine,False
defect,tail_gap,calibrated,1000,-0.003632327706903,0.0003668726052909,0.1635477577818914,0.502,0.498,0.0,TRIAD_049,A17,A17_WindowEarlyLate40_B3000,A,1829910790,R2,same_machine,False
normal,all,raw,100000,-0.0012384579318546,-4.1864695349280736e-08,0.1037325485110894,0.5662,0.43358,0.00022,TRIAD_050,A17,A17_WindowEarlyLate40_B3000,A,1385197443,R1,same_machine,False
normal,all,calibrated,100000,-0.0007575383478703,0.0004495045918538,0.0727846975680144,0.43746,0.56254,0.0,TRIAD_050,A17,A17_WindowEarlyLate40_B3000,A,1385197443,R1,same_machine,False
normal,operational,raw,31747,-0.0038781463210102,-5.88406328461e-05,0.1840724302433235,0.5419724698396698,0.4573345512961854,0.0006929788641446,TRIAD_050,A17,A17_WindowEarlyLate40_B3000,A,1385197443,R1,same_machine,False
normal,operational,calibrated,31747,-0.0027635179597367,-0.0018116321923336,0.1277665238904594,0.5150407912558667,0.4849592087441333,0.0,TRIAD_050,A17,A17_WindowEarlyLate40_B3000,A,1385197443,R1,same_machine,False
normal,tail_gap,raw,10000,-0.0099285446704992,-1.049041748041324e-05,0.3081694266548372,0.5119,0.4859,0.0022,TRIAD_050,A17,A17_WindowEarlyLate40_B3000,A,1385197443,R1,same_machine,False
normal,tail_gap,calibrated,10000,-0.0037847416737583,-0.0015663975572273,0.1882136144552319,0.5097,0.4903,0.0,TRIAD_050,A17,A17_WindowEarlyLate40_B3000,A,1385197443,R1,same_machine,False
defect,all,raw,20000,-0.0014226476338839,0.0,0.0973972250943915,0.40695,0.3728,0.22025,TRIAD_050,A17,A17_WindowEarlyLate40_B3000,A,1385197443,R1,same_machine,False
defect,all,calibrated,20000,0.0001222709415247,-0.0004075464084313,0.0726326478336352,0.3688,0.6312,0.0,TRIAD_050,A17,A17_WindowEarlyLate40_B3000,A,1385197443,R1,same_machine,False
defect,operational,raw,95,-2.772738249977001e-05,-2.740090786268468e-06,0.0005579700335463,0.4210526315789473,0.5789473684210527,0.0,TRIAD_050,A17,A17_WindowEarlyLate40_B3000,A,1385197443,R1,same_machine,False
defect,operational,calibrated,95,-0.0007290396396987,-0.0006720010064611,0.0217776562740503,0.4631578947368421,0.5368421052631579,0.0,TRIAD_050,A17,A17_WindowEarlyLate40_B3000,A,1385197443,R1,same_machine,False
defect,tail_gap,raw,1000,-0.0216486393736591,-2.1536172084779537e-05,0.2790113125696201,0.468,0.532,0.0,TRIAD_050,A17,A17_WindowEarlyLate40_B3000,A,1385197443,R1,same_machine,False
defect,tail_gap,calibrated,1000,-0.0079380855806222,-0.0012242351403071,0.1680609267035895,0.487,0.513,0.0,TRIAD_050,A17,A17_WindowEarlyLate40_B3000,A,1385197443,R1,same_machine,False
normal,all,raw,100000,0.0016533290284105,6.568480460066029e-12,0.0996553360995843,0.49947,0.50025,0.00028,TRIAD_050,A17,A17_WindowEarlyLate40_B3000,A,1385197443,R2,same_machine,False
normal,all,calibrated,100000,0.0001418815231824,0.0001523346293373,0.0698607482359738,0.41669,0.58331,0.0,TRIAD_050,A17,A17_WindowEarlyLate40_B3000,A,1385197443,R2,same_machine,False
normal,operational,raw,31747,0.0052066167894351,2.3841857912376696e-06,0.1768141340702033,0.4942199262922481,0.5048981006079315,0.0008819730998204,TRIAD_050,A17,A17_WindowEarlyLate40_B3000,A,1385197443,R2,same_machine,False
normal,operational,calibrated,31747,-0.0001520811277843,-0.0002771480786372,0.1226177824719513,0.5024726745834253,0.4975273254165748,0.0,TRIAD_050,A17,A17_WindowEarlyLate40_B3000,A,1385197443,R2,same_machine,False
normal,tail_gap,raw,10000,0.0135866276206922,8.504054858355015e-05,0.2981596486750434,0.4699,0.5273,0.0028,TRIAD_050,A17,A17_WindowEarlyLate40_B3000,A,1385197443,R2,same_machine,False
normal,tail_gap,calibrated,10000,0.0019045459784651,0.0011482775329698,0.1820388965909658,0.4935,0.5065,0.0,TRIAD_050,A17,A17_WindowEarlyLate40_B3000,A,1385197443,R2,same_machine,False
defect,all,raw,20000,0.0010963566210177,0.0,0.0978108079919161,0.4036,0.3682,0.2282,TRIAD_050,A17,A17_WindowEarlyLate40_B3000,A,1385197443,R2,same_machine,False
defect,all,calibrated,20000,0.0002091552654714,-0.0004665164940349,0.0715639942826705,0.35505,0.64495,0.0,TRIAD_050,A17,A17_WindowEarlyLate40_B3000,A,1385197443,R2,same_machine,False
defect,operational,raw,95,-2.3358564356968668e-05,-5.124293522840163e-08,0.0006026772870195,0.4631578947368421,0.5368421052631579,0.0,TRIAD_050,A17,A17_WindowEarlyLate40_B3000,A,1385197443,R2,same_machine,False
defect,operational,calibrated,95,-0.0009553811689809,-0.0002198915306086,0.0236401465809441,0.4842105263157895,0.5157894736842106,0.0,TRIAD_050,A17,A17_WindowEarlyLate40_B3000,A,1385197443,R2,same_machine,False
defect,tail_gap,raw,1000,-0.0031059590161339,-1.4268007442197472e-07,0.290439582483769,0.496,0.504,0.0,TRIAD_050,A17,A17_WindowEarlyLate40_B3000,A,1385197443,R2,same_machine,False
defect,tail_gap,calibrated,1000,-0.0060540982381858,-0.0018640646664195,0.1742120661694595,0.484,0.516,0.0,TRIAD_050,A17,A17_WindowEarlyLate40_B3000,A,1385197443,R2,same_machine,False
normal,all,raw,100000,-0.0037577364184955,-1.7321673984049833e-08,0.1062657678803327,0.54017,0.45953,0.0003,TRIAD_051,A17,A17_WindowEarlyLate40_B3000,A,1343723075,R1,cross_machine,False
normal,all,calibrated,100000,-0.0013002762763686,0.0008004494706198,0.0742936767303575,0.38784,0.61216,0.0,TRIAD_051,A17,A17_WindowEarlyLate40_B3000,A,1343723075,R1,cross_machine,False
normal,operational,raw,31747,-0.0118495369702573,-9.38844023038628e-05,0.1883299496710373,0.5653447569849119,0.4337102718367089,0.000944971178379,TRIAD_051,A17,A17_WindowEarlyLate40_B3000,A,1343723075,R1,cross_machine,False
normal,operational,calibrated,31747,-0.00703711966756,-0.0025842128918242,0.1302225414445719,0.5207421173654203,0.4792578826345796,0.0,TRIAD_051,A17,A17_WindowEarlyLate40_B3000,A,1343723075,R1,cross_machine,False
normal,tail_gap,raw,10000,-0.0302507588166708,-0.0004456639289854,0.3176300378323386,0.5407,0.4563,0.003,TRIAD_051,A17,A17_WindowEarlyLate40_B3000,A,1343723075,R1,cross_machine,False
normal,tail_gap,calibrated,10000,-0.0143811961170353,-0.0072531088301673,0.1932226767748163,0.5327,0.4673,0.0,TRIAD_051,A17,A17_WindowEarlyLate40_B3000,A,1343723075,R1,cross_machine,False
defect,all,raw,20000,-0.0019649890580998,0.0,0.1050419575373599,0.4437,0.3254,0.2309,TRIAD_051,A17,A17_WindowEarlyLate40_B3000,A,1343723075,R1,cross_machine,False
defect,all,calibrated,20000,0.0003156646305038,-0.0005803771638639,0.0759250127102088,0.3925,0.6075,0.0,TRIAD_051,A17,A17_WindowEarlyLate40_B3000,A,1343723075,R1,cross_machine,False
defect,operational,raw,95,0.0001128253166129,7.502844567852659e-09,0.0018029437225152,0.5052631578947369,0.4947368421052631,0.0,TRIAD_051,A17,A17_WindowEarlyLate40_B3000,A,1343723075,R1,cross_machine,False
defect,operational,calibrated,95,0.0021488051637296,0.00164035745267,0.0281370547164827,0.5578947368421052,0.4421052631578947,0.0,TRIAD_051,A17,A17_WindowEarlyLate40_B3000,A,1343723075,R1,cross_machine,False
defect,tail_gap,raw,1000,-0.0120748208465473,-0.0001159131276721,0.3039415518654382,0.454,0.546,0.0,TRIAD_051,A17,A17_WindowEarlyLate40_B3000,A,1343723075,R1,cross_machine,False
defect,tail_gap,calibrated,1000,-0.0040951501688548,-0.0017695838919245,0.1849014014455737,0.491,0.509,0.0,TRIAD_051,A17,A17_WindowEarlyLate40_B3000,A,1343723075,R1,cross_machine,False
normal,all,raw,100000,-0.0007579554937853,4.2614190509659985e-09,0.1015213938531319,0.4723,0.5273,0.0004,TRIAD_051,A17,A17_WindowEarlyLate40_B3000,A,1343723075,R2,cross_machine,False
normal,all,calibrated,100000,-0.0006239977000366,6.833590013029982e-05,0.0711939270643291,0.40598,0.59402,0.0,TRIAD_051,A17,A17_WindowEarlyLate40_B3000,A,1343723075,R2,cross_machine,False
normal,operational,raw,31747,-0.0024021230061881,-7.378745067399002e-06,0.1801335399904134,0.5131193498598293,0.4856206885689986,0.001259961571172,TRIAD_051,A17,A17_WindowEarlyLate40_B3000,A,1343723075,R2,cross_machine,False
normal,operational,calibrated,31747,-0.0028389906735974,-0.0013449637599999,0.1248256029724518,0.5124578700349639,0.487542129965036,0.0,TRIAD_051,A17,A17_WindowEarlyLate40_B3000,A,1343723075,R2,cross_machine,False
normal,tail_gap,raw,10000,-0.0078127868867463,-3.3378601075328973e-06,0.3062923823934402,0.5082,0.4878,0.004,TRIAD_051,A17,A17_WindowEarlyLate40_B3000,A,1343723075,R2,cross_machine,False
normal,tail_gap,calibrated,10000,-0.0055862143553035,-0.0021688803959811,0.1855845589118865,0.5139,0.4861,0.0,TRIAD_051,A17,A17_WindowEarlyLate40_B3000,A,1343723075,R2,cross_machine,False
defect,all,raw,20000,-0.0013232886729846,0.0,0.1023319275178765,0.3865,0.36665,0.24685,TRIAD_051,A17,A17_WindowEarlyLate40_B3000,A,1343723075,R2,cross_machine,False
defect,all,calibrated,20000,-0.0011120807399879,-0.0001063417701523,0.0742263288492184,0.3842,0.6158,0.0,TRIAD_051,A17,A17_WindowEarlyLate40_B3000,A,1343723075,R2,cross_machine,False
defect,operational,raw,95,0.0001727009777609,5.921092949279228e-08,0.0014125932704723,0.5157894736842106,0.4842105263157895,0.0,TRIAD_051,A17,A17_WindowEarlyLate40_B3000,A,1343723075,R2,cross_machine,False
defect,operational,calibrated,95,0.0013285720292535,6.833590013029982e-05,0.0194064904920572,0.5368421052631579,0.4631578947368421,0.0,TRIAD_051,A17,A17_WindowEarlyLate40_B3000,A,1343723075,R2,cross_machine,False
defect,tail_gap,raw,1000,0.0043359074155513,1.1784379623236418e-06,0.2997343722428298,0.507,0.493,0.0,TRIAD_051,A17,A17_WindowEarlyLate40_B3000,A,1343723075,R2,cross_machine,False
defect,tail_gap,calibrated,1000,-0.0008756461887324,0.0011934377730449,0.184943798674375,0.508,0.492,0.0,TRIAD_051,A17,A17_WindowEarlyLate40_B3000,A,1343723075,R2,cross_machine,False
normal,all,raw,100000,-0.0034064541283255,-7.143080793525769e-08,0.1031802480019268,0.59398,0.40583,0.00019,TRIAD_052,A18,A18_GapCritical-Global-B6000_B6000,A,1829910790,R1,cross_machine,False
normal,all,calibrated,100000,-0.0009401021097131,0.0012435675637161,0.0747264393319278,0.38231,0.61769,0.0,TRIAD_052,A18,A18_GapCritical-Global-B6000_B6000,A,1829910790,R1,cross_machine,False
normal,operational,raw,31747,-0.0107003212068586,-0.0001518169447081,0.1828941763018886,0.5861656219485306,0.4132358963051627,0.0005984817463067,TRIAD_052,A18,A18_GapCritical-Global-B6000_B6000,A,1829910790,R1,cross_machine,False
normal,operational,calibrated,31747,-0.0057570149325274,-0.0025813067908029,0.130857641802748,0.519671150029924,0.4803288499700759,0.0,TRIAD_052,A18,A18_GapCritical-Global-B6000_B6000,A,1829910790,R1,cross_machine,False
normal,tail_gap,raw,10000,-0.026953498536623,-0.0004412233829497,0.3084203666954934,0.5381,0.46,0.0019,TRIAD_052,A18,A18_GapCritical-Global-B6000_B6000,A,1829910790,R1,cross_machine,False
normal,tail_gap,calibrated,10000,-0.0105993587559262,-0.0045919267537746,0.1912998498090984,0.5242,0.4758,0.0,TRIAD_052,A18,A18_GapCritical-Global-B6000_B6000,A,1829910790,R1,cross_machine,False
defect,all,raw,20000,-0.0009609082209484,0.0,0.1062954934304455,0.45055,0.33965,0.2098,TRIAD_052,A18,A18_GapCritical-Global-B6000_B6000,A,1829910790,R1,cross_machine,False
defect,all,calibrated,20000,0.0008722469530153,-0.0008563450869698,0.0760016702481629,0.3802,0.6198,0.0,TRIAD_052,A18,A18_GapCritical-Global-B6000_B6000,A,1829910790,R1,cross_machine,False
defect,operational,raw,95,-1.0732724452840712e-05,-1.9653390950225e-06,0.0021199495797943,0.4421052631578947,0.5578947368421052,0.0,TRIAD_052,A18,A18_GapCritical-Global-B6000_B6000,A,1829910790,R1,cross_machine,False
defect,operational,calibrated,95,0.002504354827728,0.0002015705777763,0.0361525405394185,0.5157894736842106,0.4842105263157895,0.0,TRIAD_052,A18,A18_GapCritical-Global-B6000_B6000,A,1829910790,R1,cross_machine,False
defect,tail_gap,raw,1000,-0.0108810606287146,-0.0002053329208137,0.2918342552551349,0.435,0.565,0.0,TRIAD_052,A18,A18_GapCritical-Global-B6000_B6000,A,1829910790,R1,cross_machine,False
defect,tail_gap,calibrated,1000,-0.0011138934928686,-0.0020077226200432,0.1813523378894406,0.49,0.51,0.0,TRIAD_052,A18,A18_GapCritical-Global-B6000_B6000,A,1829910790,R1,cross_machine,False
normal,all,raw,100000,0.0011275728077362,-3.1248905740799415e-08,0.0997969578869778,0.56857,0.43114,0.00029,TRIAD_052,A18,A18_GapCritical-Global-B6000_B6000,A,1829910790,R2,cross_machine,False
normal,all,calibrated,100000,0.0005420409148631,7.660929532749992e-05,0.0727592515152701,0.46913,0.53087,0.0,TRIAD_052,A18,A18_GapCritical-Global-B6000_B6000,A,1829910790,R2,cross_machine,False
normal,operational,raw,31747,0.0035347972127595,1.5781554338900603e-06,0.177083971511698,0.4950704003527892,0.504016127508111,0.0009134721390997,TRIAD_052,A18,A18_GapCritical-Global-B6000_B6000,A,1829910790,R2,cross_machine,False
normal,operational,calibrated,31747,0.0030970798004473,0.0009875356099545,0.1275286288250312,0.4926134752890037,0.5073865247109963,0.0,TRIAD_052,A18,A18_GapCritical-Global-B6000_B6000,A,1829910790,R2,cross_machine,False
normal,tail_gap,raw,10000,0.0092271854810413,4.053115844560029e-06,0.301666809365028,0.4903,0.5068,0.0029,TRIAD_052,A18,A18_GapCritical-Global-B6000_B6000,A,1829910790,R2,cross_machine,False
normal,tail_gap,calibrated,10000,0.0056461399884406,0.0018241278508844,0.189217898164719,0.492,0.508,0.0,TRIAD_052,A18,A18_GapCritical-Global-B6000_B6000,A,1829910790,R2,cross_machine,False
defect,all,raw,20000,-5.329509191562223e-05,0.0,0.1072896876983737,0.3805,0.3897,0.2298,TRIAD_052,A18,A18_GapCritical-Global-B6000_B6000,A,1829910790,R2,cross_machine,False
defect,all,calibrated,20000,-0.0003316414746515,-5.589453060605987e-05,0.0749791916318845,0.38,0.62,0.0,TRIAD_052,A18,A18_GapCritical-Global-B6000_B6000,A,1829910790,R2,cross_machine,False
defect,operational,raw,95,0.0001052668518277,9.645617971010267e-09,0.0014641687995739,0.5157894736842106,0.4842105263157895,0.0,TRIAD_052,A18,A18_GapCritical-Global-B6000_B6000,A,1829910790,R2,cross_machine,False
defect,operational,calibrated,95,0.0005235773489635,7.660929532749992e-05,0.0286195925907035,0.5263157894736842,0.4736842105263157,0.0,TRIAD_052,A18,A18_GapCritical-Global-B6000_B6000,A,1829910790,R2,cross_machine,False
defect,tail_gap,raw,1000,0.005551888527512,1.262643642974126e-06,0.2990481569498884,0.511,0.489,0.0,TRIAD_052,A18,A18_GapCritical-Global-B6000_B6000,A,1829910790,R2,cross_machine,False
defect,tail_gap,calibrated,1000,0.0035925990273234,0.0021384590388593,0.1799211814272075,0.515,0.485,0.0,TRIAD_052,A18,A18_GapCritical-Global-B6000_B6000,A,1829910790,R2,cross_machine,False
normal,all,raw,100000,-0.0055863990502655,-5.3070742356275964e-08,0.104922342395316,0.57373,0.42606,0.00021,TRIAD_053,A18,A18_GapCritical-Global-B6000_B6000,A,1385197443,R1,same_machine,False
normal,all,calibrated,100000,-0.0010165197607833,0.0008420705686482,0.0753406906030407,0.40377,0.59623,0.0,TRIAD_053,A18,A18_GapCritical-Global-B6000_B6000,A,1385197443,R1,same_machine,False
normal,operational,raw,31747,-0.0175696989359051,-9.73397109192e-05,0.1856408924306338,0.5738179985510442,0.4255205216240905,0.0006614798248653,TRIAD_053,A18,A18_GapCritical-Global-B6000_B6000,A,1385197443,R1,same_machine,False
normal,operational,calibrated,31747,-0.005063951111123,-0.0008386033765784,0.1320738398280071,0.5065675496897345,0.4934324503102655,0.0,TRIAD_053,A18,A18_GapCritical-Global-B6000_B6000,A,1385197443,R1,same_machine,False
normal,tail_gap,raw,10000,-0.0480086563896774,-0.0012776851654053,0.3115577108378843,0.5611,0.4368,0.0021,TRIAD_053,A18,A18_GapCritical-Global-B6000_B6000,A,1385197443,R1,same_machine,False
normal,tail_gap,calibrated,10000,-0.0140562263464223,-0.0042291751977058,0.1938763521097525,0.5187,0.4813,0.0,TRIAD_053,A18,A18_GapCritical-Global-B6000_B6000,A,1385197443,R1,same_machine,False
defect,all,raw,20000,-0.0024745506609613,0.0,0.1068232932227674,0.37455,0.4041,0.22135,TRIAD_053,A18,A18_GapCritical-Global-B6000_B6000,A,1385197443,R1,same_machine,False
defect,all,calibrated,20000,0.0015737348803738,-9.017337788852496e-05,0.0755189275296239,0.3861,0.6139,0.0,TRIAD_053,A18,A18_GapCritical-Global-B6000_B6000,A,1385197443,R1,same_machine,False
defect,operational,raw,95,-0.0001808282956526,-5.490199100677273e-06,0.0013444495970843,0.3578947368421052,0.6421052631578947,0.0,TRIAD_053,A18,A18_GapCritical-Global-B6000_B6000,A,1385197443,R1,same_machine,False
defect,operational,calibrated,95,-0.0024075194696362,-0.0006733739161462,0.0267145423552345,0.4842105263157895,0.5157894736842106,0.0,TRIAD_053,A18,A18_GapCritical-Global-B6000_B6000,A,1385197443,R1,same_machine,False
defect,tail_gap,raw,1000,-0.0243902294173571,-0.0001984389682546,0.3003468449055594,0.427,0.573,0.0,TRIAD_053,A18,A18_GapCritical-Global-B6000_B6000,A,1385197443,R1,same_machine,False
defect,tail_gap,calibrated,1000,-0.0009630302302155,0.0003514034931716,0.1789410165381669,0.503,0.497,0.0,TRIAD_053,A18,A18_GapCritical-Global-B6000_B6000,A,1385197443,R1,same_machine,False
normal,all,raw,100000,-0.0018310996799173,-4.778223938739502e-08,0.1005786846990146,0.57234,0.42735,0.00031,TRIAD_053,A18,A18_GapCritical-Global-B6000_B6000,A,1385197443,R2,same_machine,False
normal,all,calibrated,100000,-0.0005003034165386,0.0001411638191547,0.072194868748624,0.46957,0.53043,0.0,TRIAD_053,A18,A18_GapCritical-Global-B6000_B6000,A,1385197443,R2,same_machine,False
normal,operational,raw,31747,-0.0057673504116073,-3.969669342041016e-05,0.1784390961862434,0.5440199073928245,0.4550036223895171,0.0009764702176583,TRIAD_053,A18,A18_GapCritical-Global-B6000_B6000,A,1385197443,R2,same_machine,False
normal,operational,calibrated,31747,0.0001584652092722,-0.0015533742309775,0.1265942063043622,0.5116388950137021,0.4883611049862979,0.0,TRIAD_053,A18,A18_GapCritical-Global-B6000_B6000,A,1385197443,R2,same_machine,False
normal,tail_gap,raw,10000,-0.0158421990724241,-0.000124156475067,0.3020430460048672,0.5319,0.465,0.0031,TRIAD_053,A18,A18_GapCritical-Global-B6000_B6000,A,1385197443,R2,same_machine,False
normal,tail_gap,calibrated,10000,0.0031845397340559,0.000539883898036,0.1865804269729126,0.4928,0.5072,0.0,TRIAD_053,A18,A18_GapCritical-Global-B6000_B6000,A,1385197443,R2,same_machine,False
defect,all,raw,20000,-0.0019835602599251,0.0,0.1054220143732349,0.3053,0.4558,0.2389,TRIAD_053,A18,A18_GapCritical-Global-B6000_B6000,A,1385197443,R2,same_machine,False
defect,all,calibrated,20000,0.0005606634347951,0.0005023608486496,0.0737651514340078,0.61265,0.38735,0.0,TRIAD_053,A18,A18_GapCritical-Global-B6000_B6000,A,1385197443,R2,same_machine,False
defect,operational,raw,95,1.918530400003477e-05,-2.878459781641141e-07,0.0003087183580478,0.4526315789473684,0.5473684210526316,0.0,TRIAD_053,A18,A18_GapCritical-Global-B6000_B6000,A,1385197443,R2,same_machine,False
defect,operational,calibrated,95,0.0010770281052338,-0.0002492416250557,0.0219495935182185,0.4947368421052631,0.5052631578947369,0.0,TRIAD_053,A18,A18_GapCritical-Global-B6000_B6000,A,1385197443,R2,same_machine,False
defect,tail_gap,raw,1000,-0.0186111092774605,-3.4740070986987375e-05,0.2971148514841403,0.456,0.544,0.0,TRIAD_053,A18,A18_GapCritical-Global-B6000_B6000,A,1385197443,R2,same_machine,False
defect,tail_gap,calibrated,1000,-0.0011061313076736,-0.0025337410547565,0.1768965947456124,0.485,0.515,0.0,TRIAD_053,A18,A18_GapCritical-Global-B6000_B6000,A,1385197443,R2,same_machine,False
normal,all,raw,100000,-0.0044471678582271,-9.358431558581516e-07,0.0935427487535566,0.65791,0.34202,7e-05,TRIAD_054,A18,A18_GapCritical-Global-B6000_B6000,A,1343723075,R1,same_machine,False
normal,all,calibrated,100000,-0.0005802919518601,0.0010041210860047,0.0691135150843641,0.40172,0.59828,0.0,TRIAD_054,A18,A18_GapCritical-Global-B6000_B6000,A,1343723075,R1,same_machine,False
normal,operational,raw,31747,-0.0139143277377781,-0.0005102636932861,0.1656111620344147,0.6073014773049422,0.3924780294201027,0.0002204932749551,TRIAD_054,A18,A18_GapCritical-Global-B6000_B6000,A,1343723075,R1,same_machine,False
normal,operational,calibrated,31747,-0.0046291355150512,-0.0006038357093507,0.1211243794342793,0.5043626169401834,0.4956373830598167,0.0,TRIAD_054,A18,A18_GapCritical-Global-B6000_B6000,A,1343723075,R1,same_machine,False
normal,tail_gap,raw,10000,-0.0301328662254165,-0.0006480515003203,0.2783858586996101,0.5273,0.472,0.0007,TRIAD_054,A18,A18_GapCritical-Global-B6000_B6000,A,1343723075,R1,same_machine,False
normal,tail_gap,calibrated,10000,-0.0086651830764155,-0.0014483619882811,0.1768679110164493,0.5079,0.4921,0.0,TRIAD_054,A18,A18_GapCritical-Global-B6000_B6000,A,1343723075,R1,same_machine,False
defect,all,raw,20000,-0.000315830812565,1.1920928955078125e-07,0.0948947694691817,0.51765,0.3516,0.13075,TRIAD_054,A18,A18_GapCritical-Global-B6000_B6000,A,1343723075,R1,same_machine,False
defect,all,calibrated,20000,0.0010390310918398,-0.0007884821643526,0.0699413585990309,0.3986,0.6014,0.0,TRIAD_054,A18,A18_GapCritical-Global-B6000_B6000,A,1343723075,R1,same_machine,False
defect,operational,raw,95,-0.0003141595730362,-1.6702241410371244e-05,0.0011343284927955,0.3157894736842105,0.6842105263157895,0.0,TRIAD_054,A18,A18_GapCritical-Global-B6000_B6000,A,1343723075,R1,same_machine,False
defect,operational,calibrated,95,-0.0026700344450284,-0.0012650324872266,0.0246211660084002,0.4526315789473684,0.5473684210526316,0.0,TRIAD_054,A18,A18_GapCritical-Global-B6000_B6000,A,1343723075,R1,same_machine,False
defect,tail_gap,raw,1000,-0.0163603459812515,-0.0011987517564192,0.26466589191182,0.407,0.593,0.0,TRIAD_054,A18,A18_GapCritical-Global-B6000_B6000,A,1343723075,R1,same_machine,False
defect,tail_gap,calibrated,1000,-0.0026850187471262,-0.0010419641086136,0.1703278513175251,0.493,0.507,0.0,TRIAD_054,A18,A18_GapCritical-Global-B6000_B6000,A,1343723075,R1,same_machine,False
normal,all,raw,100000,-0.0008219396260934,1.654176534082729e-07,0.0966845367806609,0.40057,0.59913,0.0003,TRIAD_054,A18,A18_GapCritical-Global-B6000_B6000,A,1343723075,R2,same_machine,False
normal,all,calibrated,100000,0.0006402904663074,-0.0010892005102533,0.0702668355027077,0.58197,0.41803,0.0,TRIAD_054,A18,A18_GapCritical-Global-B6000_B6000,A,1343723075,R2,same_machine,False
normal,operational,raw,31747,-0.0026025097819811,0.0001201770646731,0.1715538481241907,0.4337102718367089,0.5653447569849119,0.000944971178379,TRIAD_054,A18,A18_GapCritical-Global-B6000_B6000,A,1343723075,R2,same_machine,False
normal,operational,calibrated,31747,0.0035011096348674,0.0034194222158072,0.1231264465696155,0.4721390997574574,0.5278609002425426,0.0,TRIAD_054,A18,A18_GapCritical-Global-B6000_B6000,A,1343723075,R2,same_machine,False
normal,tail_gap,raw,10000,-0.0082265926657514,-4.309415817238538e-05,0.2909282133000882,0.5221,0.4749,0.003,TRIAD_054,A18,A18_GapCritical-Global-B6000_B6000,A,1343723075,R2,same_machine,False
normal,tail_gap,calibrated,10000,0.0034823269029417,0.0017494890304559,0.182434106917646,0.4901,0.5099,0.0,TRIAD_054,A18,A18_GapCritical-Global-B6000_B6000,A,1343723075,R2,same_machine,False
defect,all,raw,20000,-0.0027974003262616,-2.384185792125848e-07,0.1001563205482559,0.26955,0.5536,0.17685,TRIAD_054,A18,A18_GapCritical-Global-B6000_B6000,A,1343723075,R2,same_machine,False
defect,all,calibrated,20000,-0.0008950111002831,0.0013293147073983,0.0712834363521076,0.5982,0.4018,0.0,TRIAD_054,A18,A18_GapCritical-Global-B6000_B6000,A,1343723075,R2,same_machine,False
defect,operational,raw,95,-0.0002019422144359,2.2706994258214763e-06,0.0025787604339361,0.6210526315789474,0.3789473684210526,0.0,TRIAD_054,A18,A18_GapCritical-Global-B6000_B6000,A,1343723075,R2,same_machine,False
defect,operational,calibrated,95,-0.0015427299264878,0.0007678324901186,0.0257336364367076,0.5157894736842106,0.4842105263157895,0.0,TRIAD_054,A18,A18_GapCritical-Global-B6000_B6000,A,1343723075,R2,same_machine,False
defect,tail_gap,raw,1000,-0.0235397363748107,1.0963398011654135e-06,0.2789190933951851,0.507,0.493,0.0,TRIAD_054,A18,A18_GapCritical-Global-B6000_B6000,A,1343723075,R2,same_machine,False
defect,tail_gap,calibrated,1000,-0.0066710018051997,-0.0029457612852496,0.1692528307891749,0.48,0.52,0.0,TRIAD_054,A18,A18_GapCritical-Global-B6000_B6000,A,1343723075,R2,same_machine,False
normal,all,raw,100000,0.0009931802884183,2.545433347780901e-07,0.0964650575868874,0.3728,0.62695,0.00025,TRIAD_055,A19,A19_GapCritical-Strict-TimeMatched_B3000,A,1829910790,R1,cross_machine,False
normal,all,calibrated,100000,0.00098245726847,-0.0003669079996099,0.068995905929068,0.52703,0.47297,0.0,TRIAD_055,A19,A19_GapCritical-Strict-TimeMatched_B3000,A,1829910790,R1,cross_machine,False
normal,operational,raw,31747,0.0030902244339477,0.0001404489594278,0.1711825401787344,0.4374586575109459,0.5617538665070715,0.0007874759819825,TRIAD_055,A19,A19_GapCritical-Strict-TimeMatched_B3000,A,1829910790,R1,cross_machine,False
normal,operational,calibrated,31747,0.0015186617950044,0.0027315251632493,0.121126435079645,0.4795413739880934,0.5204586260119066,0.0,TRIAD_055,A19,A19_GapCritical-Strict-TimeMatched_B3000,A,1829910790,R1,cross_machine,False
normal,tail_gap,raw,10000,0.0052148110053107,4.947185516301911e-06,0.2908506599955016,0.4911,0.5064,0.0025,TRIAD_055,A19,A19_GapCritical-Strict-TimeMatched_B3000,A,1829910790,R1,cross_machine,False
normal,tail_gap,calibrated,10000,-0.0016421142526286,-9.47710598642182e-06,0.1789995993672744,0.5,0.5,0.0,TRIAD_055,A19,A19_GapCritical-Strict-TimeMatched_B3000,A,1829910790,R1,cross_machine,False
defect,all,raw,20000,0.0001184612873338,0.0,0.095142785226533,0.37175,0.4291,0.19915,TRIAD_055,A19,A19_GapCritical-Strict-TimeMatched_B3000,A,1829910790,R1,cross_machine,False
defect,all,calibrated,20000,-0.0009580336102484,0.0004622892814043,0.0703504508031903,0.61965,0.38035,0.0,TRIAD_055,A19,A19_GapCritical-Strict-TimeMatched_B3000,A,1829910790,R1,cross_machine,False
defect,operational,raw,95,-0.0002123387264659,3.5780394060935805e-06,0.0015830369016869,0.5894736842105263,0.4105263157894737,0.0,TRIAD_055,A19,A19_GapCritical-Strict-TimeMatched_B3000,A,1829910790,R1,cross_machine,False
defect,operational,calibrated,95,-0.0020722580389756,0.0003029150270818,0.0253751604998989,0.5052631578947369,0.4947368421052631,0.0,TRIAD_055,A19,A19_GapCritical-Strict-TimeMatched_B3000,A,1829910790,R1,cross_machine,False
defect,tail_gap,raw,1000,0.007574850683292,2.012321374422754e-05,0.2793847917403728,0.524,0.476,0.0,TRIAD_055,A19,A19_GapCritical-Strict-TimeMatched_B3000,A,1829910790,R1,cross_machine,False
defect,tail_gap,calibrated,1000,-0.0035889158660237,-0.0021077465296925,0.1708733003808436,0.485,0.515,0.0,TRIAD_055,A19,A19_GapCritical-Strict-TimeMatched_B3000,A,1829910790,R1,cross_machine,False
normal,all,raw,100000,0.0005244476837027,1.4973774842275136e-07,0.0988204667171318,0.41595,0.58379,0.00026,TRIAD_055,A19,A19_GapCritical-Strict-TimeMatched_B3000,A,1829910790,R2,same_machine,False
normal,all,calibrated,100000,0.000371724180765,-0.0012381292565157,0.0698477510595696,0.60704,0.39296,0.0,TRIAD_055,A19,A19_GapCritical-Strict-TimeMatched_B3000,A,1829910790,R2,same_machine,False
normal,operational,raw,31747,0.0016291520371639,0.0001768343354341,0.1753669823710627,0.4227801052067912,0.576400919771947,0.0008189750212618,TRIAD_055,A19,A19_GapCritical-Strict-TimeMatched_B3000,A,1829910790,R2,same_machine,False
normal,operational,calibrated,31747,0.0039697735568616,0.0030111707559362,0.1224211218617685,0.4749425142533153,0.5250574857466848,0.0,TRIAD_055,A19,A19_GapCritical-Strict-TimeMatched_B3000,A,1829910790,R2,same_machine,False
normal,tail_gap,raw,10000,0.0023568172449909,-7.092952728438018e-06,0.2950115231350734,0.5146,0.4828,0.0026,TRIAD_055,A19,A19_GapCritical-Strict-TimeMatched_B3000,A,1829910790,R2,same_machine,False
normal,tail_gap,calibrated,10000,0.0047124607099576,0.0015940210810275,0.1807986423272899,0.4905,0.5095,0.0,TRIAD_055,A19,A19_GapCritical-Strict-TimeMatched_B3000,A,1829910790,R2,same_machine,False
defect,all,raw,20000,-0.0013688452581084,-1.1920928955078125e-07,0.099912722518762,0.28095,0.50365,0.2154,TRIAD_055,A19,A19_GapCritical-Strict-TimeMatched_B3000,A,1829910790,R2,same_machine,False
defect,all,calibrated,20000,-0.0002650867257891,0.0015940210810275,0.0723713553246056,0.6408,0.3592,0.0,TRIAD_055,A19,A19_GapCritical-Strict-TimeMatched_B3000,A,1829910790,R2,same_machine,False
defect,operational,raw,95,5.2631288752935175e-05,9.0939186705441e-06,0.0003189093198046,0.631578947368421,0.3684210526315789,0.0,TRIAD_055,A19,A19_GapCritical-Strict-TimeMatched_B3000,A,1829910790,R2,same_machine,False
defect,operational,calibrated,95,-8.023184671163284e-05,-0.0002614150693041,0.0194431696721024,0.4947368421052631,0.5052631578947369,0.0,TRIAD_055,A19,A19_GapCritical-Strict-TimeMatched_B3000,A,1829910790,R2,same_machine,False
defect,tail_gap,raw,1000,-0.0020921538270102,0.0001150512243839,0.2961108051399423,0.553,0.447,0.0,TRIAD_055,A19,A19_GapCritical-Strict-TimeMatched_B3000,A,1829910790,R2,same_machine,False
defect,tail_gap,calibrated,1000,0.0023261357377501,0.0012599956045836,0.1784526474363058,0.509,0.491,0.0,TRIAD_055,A19,A19_GapCritical-Strict-TimeMatched_B3000,A,1829910790,R2,same_machine,False
normal,all,raw,100000,-0.0029986873027091,-6.3913545567118035e-09,0.1020588776463923,0.52604,0.47375,0.00021,TRIAD_056,A19,A19_GapCritical-Strict-TimeMatched_B3000,A,1385197443,R1,cross_machine,False
normal,all,calibrated,100000,0.000196255172419,5.624548932169982e-05,0.0723173073367748,0.43379,0.56621,0.0,TRIAD_056,A19,A19_GapCritical-Strict-TimeMatched_B3000,A,1385197443,R1,cross_machine,False
normal,operational,raw,31747,-0.0093919900299362,-9.762086847331377e-06,0.180899672850165,0.5096859545783854,0.4896525655967493,0.0006614798248653,TRIAD_056,A19,A19_GapCritical-Strict-TimeMatched_B3000,A,1385197443,R1,cross_machine,False
normal,operational,calibrated,31747,0.0004986541907366,0.002449925680601,0.1269206543072977,0.481588811541248,0.518411188458752,0.0,TRIAD_056,A19,A19_GapCritical-Strict-TimeMatched_B3000,A,1385197443,R1,cross_machine,False
normal,tail_gap,raw,10000,-0.0236362639911232,-0.0003454685211179,0.3042755354411948,0.5404,0.4575,0.0021,TRIAD_056,A19,A19_GapCritical-Strict-TimeMatched_B3000,A,1385197443,R1,cross_machine,False
normal,tail_gap,calibrated,10000,-0.0030005541894329,-0.0008863683505357,0.1871585274875489,0.5046,0.4954,0.0,TRIAD_056,A19,A19_GapCritical-Strict-TimeMatched_B3000,A,1385197443,R1,cross_machine,False
defect,all,raw,20000,-0.0033415398022005,0.0,0.0990202360581885,0.39905,0.4,0.20095,TRIAD_056,A19,A19_GapCritical-Strict-TimeMatched_B3000,A,1385197443,R1,cross_machine,False
defect,all,calibrated,20000,0.0001468436359112,0.0003859648865471,0.0718691868591081,0.6508,0.3492,0.0,TRIAD_056,A19,A19_GapCritical-Strict-TimeMatched_B3000,A,1385197443,R1,cross_machine,False
defect,operational,raw,95,-0.0003149629903874,-1.8248156266054136e-06,0.0020065908731159,0.4210526315789473,0.5789473684210527,0.0,TRIAD_056,A19,A19_GapCritical-Strict-TimeMatched_B3000,A,1385197443,R1,cross_machine,False
defect,operational,calibrated,95,-0.0049332656900449,-0.002033167514229,0.0269728992748894,0.4210526315789473,0.5789473684210527,0.0,TRIAD_056,A19,A19_GapCritical-Strict-TimeMatched_B3000,A,1385197443,R1,cross_machine,False
defect,tail_gap,raw,1000,-0.036090681433485,-6.549447334692285e-05,0.293673253993212,0.459,0.541,0.0,TRIAD_056,A19,A19_GapCritical-Strict-TimeMatched_B3000,A,1385197443,R1,cross_machine,False
defect,tail_gap,calibrated,1000,-0.0080134779909637,-0.0015934714353583,0.1773348981470391,0.49,0.51,0.0,TRIAD_056,A19,A19_GapCritical-Strict-TimeMatched_B3000,A,1385197443,R1,cross_machine,False
normal,all,raw,100000,-0.0013663768304951,-5.242227318902336e-09,0.0966008772411493,0.52403,0.47568,0.00029,TRIAD_056,A19,A19_GapCritical-Strict-TimeMatched_B3000,A,1385197443,R2,cross_machine,False
normal,all,calibrated,100000,0.000435020599021,-1.0226005115499936e-05,0.0682253041230741,0.57982,0.42018,0.0,TRIAD_056,A19,A19_GapCritical-Strict-TimeMatched_B3000,A,1385197443,R2,cross_machine,False
normal,operational,raw,31747,-0.0043082932155823,-3.695487975963197e-06,0.1714052329572744,0.5049295996472107,0.4941569282136895,0.0009134721390997,TRIAD_056,A19,A19_GapCritical-Strict-TimeMatched_B3000,A,1385197443,R2,cross_machine,False
normal,operational,calibrated,31747,0.0017014551237666,0.001625695938797,0.1197454134801401,0.4856206885689986,0.5143793114310014,0.0,TRIAD_056,A19,A19_GapCritical-Strict-TimeMatched_B3000,A,1385197443,R2,cross_machine,False
normal,tail_gap,raw,10000,-0.0121689171409047,-6.431341171264648e-05,0.289642159876262,0.5233,0.4738,0.0029,TRIAD_056,A19,A19_GapCritical-Strict-TimeMatched_B3000,A,1385197443,R2,cross_machine,False
normal,tail_gap,calibrated,10000,-2.1476851207393287e-05,0.0004986280064271,0.176636886455186,0.4949,0.5051,0.0,TRIAD_056,A19,A19_GapCritical-Strict-TimeMatched_B3000,A,1385197443,R2,cross_machine,False
defect,all,raw,20000,-0.0021160147730657,0.0,0.1001124943035069,0.3775,0.40885,0.21365,TRIAD_056,A19,A19_GapCritical-Strict-TimeMatched_B3000,A,1385197443,R2,cross_machine,False
defect,all,calibrated,20000,-0.0002918835911875,0.0003188060259119,0.0710108742333212,0.63665,0.36335,0.0,TRIAD_056,A19,A19_GapCritical-Strict-TimeMatched_B3000,A,1385197443,R2,cross_machine,False
defect,operational,raw,95,-2.072895546176898e-05,-1.243487432134316e-06,0.0005516690121038,0.4105263157894737,0.5894736842105263,0.0,TRIAD_056,A19,A19_GapCritical-Strict-TimeMatched_B3000,A,1385197443,R2,cross_machine,False
defect,operational,calibrated,95,-0.0012956812548701,-0.0008206533595422,0.0222044593204023,0.4210526315789473,0.5789473684210527,0.0,TRIAD_056,A19,A19_GapCritical-Strict-TimeMatched_B3000,A,1385197443,R2,cross_machine,False
defect,tail_gap,raw,1000,-0.0184106992571402,-9.052091627402328e-06,0.2900033836572229,0.477,0.523,0.0,TRIAD_056,A19,A19_GapCritical-Strict-TimeMatched_B3000,A,1385197443,R2,cross_machine,False
defect,tail_gap,calibrated,1000,-0.0047180942564582,-0.0002610138254691,0.1712775863463253,0.497,0.503,0.0,TRIAD_056,A19,A19_GapCritical-Strict-TimeMatched_B3000,A,1385197443,R2,cross_machine,False
normal,all,raw,100000,-0.0010168791864835,-1.5276268072739185e-07,0.0991970780578712,0.59869,0.40111,0.0002,TRIAD_057,A19,A19_GapCritical-Strict-TimeMatched_B3000,A,1343723075,R1,same_machine,False
normal,all,calibrated,100000,-0.0005576033148189,0.0013300536302812,0.0714457916910802,0.36553,0.63447,0.0,TRIAD_057,A19,A19_GapCritical-Strict-TimeMatched_B3000,A,1343723075,R1,same_machine,False
normal,operational,raw,31747,-0.0031707491879282,-0.0001822546837501,0.1760292238727547,0.5739124956688821,0.4254575235455318,0.000629980785586,TRIAD_057,A19,A19_GapCritical-Strict-TimeMatched_B3000,A,1343723075,R1,same_machine,False
normal,operational,calibrated,31747,-0.0056762337768768,-0.0018688403495815,0.1252783156411796,0.5141588181560462,0.4858411818439537,0.0,TRIAD_057,A19,A19_GapCritical-Strict-TimeMatched_B3000,A,1343723075,R1,same_machine,False
normal,tail_gap,raw,10000,-0.0053966828811856,3.36766242980957e-05,0.2989723663432694,0.479,0.519,0.002,TRIAD_057,A19,A19_GapCritical-Strict-TimeMatched_B3000,A,1343723075,R1,same_machine,False
normal,tail_gap,calibrated,10000,-0.0108767430676755,-0.0033354885407662,0.1863598741542501,0.5156,0.4844,0.0,TRIAD_057,A19,A19_GapCritical-Strict-TimeMatched_B3000,A,1343723075,R1,same_machine,False
defect,all,raw,20000,0.0034889525591213,4.76837158203125e-07,0.10102939511086,0.59305,0.2432,0.16375,TRIAD_057,A19,A19_GapCritical-Strict-TimeMatched_B3000,A,1343723075,R1,same_machine,False
defect,all,calibrated,20000,0.001607684677412,-0.0015415305856025,0.0733414424345891,0.401,0.599,0.0,TRIAD_057,A19,A19_GapCritical-Strict-TimeMatched_B3000,A,1343723075,R1,same_machine,False
defect,operational,raw,95,3.766700419113757e-05,-1.6811689420137554e-05,0.0017486473900745,0.2631578947368421,0.7368421052631579,0.0,TRIAD_057,A19,A19_GapCritical-Strict-TimeMatched_B3000,A,1343723075,R1,same_machine,False
defect,operational,calibrated,95,-0.0008203072854422,-0.0004828742364722,0.0290416587749817,0.4842105263157895,0.5157894736842106,0.0,TRIAD_057,A19,A19_GapCritical-Strict-TimeMatched_B3000,A,1343723075,R1,same_machine,False
defect,tail_gap,raw,1000,0.021373874679774,-5.85427882242584e-05,0.305814100482958,0.453,0.547,0.0,TRIAD_057,A19,A19_GapCritical-Strict-TimeMatched_B3000,A,1343723075,R1,same_machine,False
defect,tail_gap,calibrated,1000,0.0069671875661684,-0.000467549216504,0.1872241574385756,0.499,0.501,0.0,TRIAD_057,A19,A19_GapCritical-Strict-TimeMatched_B3000,A,1343723075,R1,same_machine,False
normal,all,raw,100000,0.0010042272693051,-4.901930195089221e-09,0.0983299284885598,0.51772,0.48196,0.00032,TRIAD_057,A19,A19_GapCritical-Strict-TimeMatched_B3000,A,1343723075,R2,same_machine,False
normal,all,calibrated,100000,-0.0006305814772523,0.0001895036374378,0.0693217520135377,0.44538,0.55462,0.0,TRIAD_057,A19,A19_GapCritical-Strict-TimeMatched_B3000,A,1343723075,R2,same_machine,False
normal,operational,raw,31747,0.0031683073530815,-8.732377864362206e-06,0.1744815766548314,0.5109774151888368,0.4880146155542256,0.0010079692569376,TRIAD_057,A19,A19_GapCritical-Strict-TimeMatched_B3000,A,1343723075,R2,same_machine,False
normal,operational,calibrated,31747,-0.0018485680660188,-0.001798973011651,0.1215914954763317,0.5169307336126248,0.4830692663873752,0.0,TRIAD_057,A19,A19_GapCritical-Strict-TimeMatched_B3000,A,1343723075,R2,same_machine,False
normal,tail_gap,raw,10000,0.0086784496862186,5.8889389038030426e-05,0.2964780874743244,0.4743,0.5225,0.0032,TRIAD_057,A19,A19_GapCritical-Strict-TimeMatched_B3000,A,1343723075,R2,same_machine,False
normal,tail_gap,calibrated,10000,-0.0008455750471962,-3.742032967692793e-05,0.1805275063804373,0.5003,0.4997,0.0,TRIAD_057,A19,A19_GapCritical-Strict-TimeMatched_B3000,A,1343723075,R2,same_machine,False
defect,all,raw,20000,0.00290738356233,0.0,0.1027982144894552,0.41315,0.3578,0.22905,TRIAD_057,A19,A19_GapCritical-Strict-TimeMatched_B3000,A,1343723075,R2,same_machine,False
defect,all,calibrated,20000,0.0013006935362941,-0.0004629289223422,0.0733745301436505,0.3596,0.6404,0.0,TRIAD_057,A19,A19_GapCritical-Strict-TimeMatched_B3000,A,1343723075,R2,same_machine,False
defect,operational,raw,95,0.0001472697075309,-2.322620431982614e-06,0.0015730743991627,0.3789473684210526,0.6210526315789474,0.0,TRIAD_057,A19,A19_GapCritical-Strict-TimeMatched_B3000,A,1343723075,R2,same_machine,False
defect,operational,calibrated,95,-0.0014882787651089,-0.0029454643248177,0.0241973164422262,0.4105263157894737,0.5894736842105263,0.0,TRIAD_057,A19,A19_GapCritical-Strict-TimeMatched_B3000,A,1343723075,R2,same_machine,False
defect,tail_gap,raw,1000,0.0441275105454751,5.474392537510912e-05,0.2952578112355248,0.532,0.468,0.0,TRIAD_057,A19,A19_GapCritical-Strict-TimeMatched_B3000,A,1343723075,R2,same_machine,False
defect,tail_gap,calibrated,1000,0.0206925989616394,0.0035732200649521,0.1788497050843258,0.526,0.474,0.0,TRIAD_057,A19,A19_GapCritical-Strict-TimeMatched_B3000,A,1343723075,R2,same_machine,False
normal,all,raw,100000,0.0003820309108352,2.7422940251931048e-08,0.1003886542927699,0.43693,0.56272,0.00035,TRIAD_058,B01,B01_LowConfidence-Defect_B3000,B,1829910790,R1,same_machine,False
normal,all,calibrated,100000,1.191256596950157e-05,-0.0002557933788763,0.070878827451203,0.5512,0.4488,0.0,TRIAD_058,B01,B01_LowConfidence-Defect_B3000,B,1829910790,R1,same_machine,False
normal,operational,raw,31747,0.0012068650828909,1.487962435929997e-05,0.1781408539195791,0.478879894163228,0.5200176394619964,0.0011024663747755,TRIAD_058,B01,B01_LowConfidence-Defect_B3000,B,1829910790,R1,same_machine,False
normal,operational,calibrated,31747,-0.0014186182690084,-0.0001229863624458,0.1243484151145835,0.5008977226194601,0.4991022773805399,0.0,TRIAD_058,B01,B01_LowConfidence-Defect_B3000,B,1829910790,R1,same_machine,False
normal,tail_gap,raw,10000,0.0043405711674406,3.516674041692536e-06,0.3039227758013362,0.4897,0.5068,0.0035,TRIAD_058,B01,B01_LowConfidence-Defect_B3000,B,1829910790,R1,same_machine,False
normal,tail_gap,calibrated,10000,-0.0027809966718566,-0.0007258395208126,0.1849005996489597,0.5033,0.4967,0.0,TRIAD_058,B01,B01_LowConfidence-Defect_B3000,B,1829910790,R1,same_machine,False
defect,all,raw,20000,0.0001721424795323,0.0,0.1013124815209621,0.38945,0.35055,0.26,TRIAD_058,B01,B01_LowConfidence-Defect_B3000,B,1829910790,R1,same_machine,False
defect,all,calibrated,20000,0.0002819177910611,9.022790375512456e-06,0.0720600305696987,0.6421,0.3579,0.0,TRIAD_058,B01,B01_LowConfidence-Defect_B3000,B,1829910790,R1,same_machine,False
defect,operational,raw,95,0.000179733683447,9.86731194529966e-08,0.0013107219720957,0.5473684210526316,0.4526315789473684,0.0,TRIAD_058,B01,B01_LowConfidence-Defect_B3000,B,1829910790,R1,same_machine,False
defect,operational,calibrated,95,0.0004498939594917,-0.0002557933788763,0.0289886680560595,0.4842105263157895,0.5157894736842106,0.0,TRIAD_058,B01,B01_LowConfidence-Defect_B3000,B,1829910790,R1,same_machine,False
defect,tail_gap,raw,1000,-0.0003099915231869,1.6247013334691474e-06,0.2921119951820379,0.508,0.492,0.0,TRIAD_058,B01,B01_LowConfidence-Defect_B3000,B,1829910790,R1,same_machine,False
defect,tail_gap,calibrated,1000,-0.006785462245466,-0.0025356796591749,0.1740002631141304,0.48,0.52,0.0,TRIAD_058,B01,B01_LowConfidence-Defect_B3000,B,1829910790,R1,same_machine,False
normal,all,raw,100000,-0.0005644969664206,-1.5136877640209434e-08,0.0980888271538964,0.53856,0.46115,0.00029,TRIAD_058,B01,B01_LowConfidence-Defect_B3000,B,1829910790,R2,same_machine,False
normal,all,calibrated,100000,0.0001341127842091,0.0006530573679226,0.0702006404509951,0.40518,0.59482,0.0,TRIAD_058,B01,B01_LowConfidence-Defect_B3000,B,1829910790,R2,same_machine,False
normal,operational,raw,31747,-0.0017254707550865,-2.0314473658800125e-05,0.1739835409448542,0.5202696317762309,0.4788168960846694,0.0009134721390997,TRIAD_058,B01,B01_LowConfidence-Defect_B3000,B,1829910790,R2,same_machine,False
normal,operational,calibrated,31747,-0.0013535923554417,0.0001821924126643,0.1231023885341248,0.498598292752071,0.501401707247929,0.0,TRIAD_058,B01,B01_LowConfidence-Defect_B3000,B,1829910790,R2,same_machine,False
normal,tail_gap,raw,10000,-0.0031933797837166,0.0,0.2952030269579689,0.4973,0.4998,0.0029,TRIAD_058,B01,B01_LowConfidence-Defect_B3000,B,1829910790,R2,same_machine,False
normal,tail_gap,calibrated,10000,-0.0063907266306961,-0.0032148587728324,0.1823233051890906,0.5195,0.4805,0.0,TRIAD_058,B01,B01_LowConfidence-Defect_B3000,B,1829910790,R2,same_machine,False
defect,all,raw,20000,0.0006497693191919,1.1920928955078125e-07,0.1009077022014995,0.50155,0.2857,0.21275,TRIAD_058,B01,B01_LowConfidence-Defect_B3000,B,1829910790,R2,same_machine,False
defect,all,calibrated,20000,0.0003170260523966,-0.0007922718747324,0.0720737426177281,0.41755,0.58245,0.0,TRIAD_058,B01,B01_LowConfidence-Defect_B3000,B,1829910790,R2,same_machine,False
defect,operational,raw,95,0.0001698004646085,-5.609471109835342e-09,0.0014385184847176,0.4842105263157895,0.5157894736842106,0.0,TRIAD_058,B01,B01_LowConfidence-Defect_B3000,B,1829910790,R2,same_machine,False
defect,operational,calibrated,95,0.0013029562437197,0.0013360096636505,0.026956802850646,0.5684210526315789,0.431578947368421,0.0,TRIAD_058,B01,B01_LowConfidence-Defect_B3000,B,1829910790,R2,same_machine,False
defect,tail_gap,raw,1000,-0.002184491232161,-2.805894598623127e-05,0.2941103878617732,0.475,0.525,0.0,TRIAD_058,B01,B01_LowConfidence-Defect_B3000,B,1829910790,R2,same_machine,False
defect,tail_gap,calibrated,1000,-0.0062149298585661,-0.0012353962664658,0.1813455745515658,0.492,0.508,0.0,TRIAD_058,B01,B01_LowConfidence-Defect_B3000,B,1829910790,R2,same_machine,False
normal,all,raw,100000,-0.0006272048273898,-3.581400103147559e-07,0.0968812875558787,0.64677,0.35307,0.00016,TRIAD_059,B01,B01_LowConfidence-Defect_B3000,B,1385197443,R1,same_machine,False
normal,all,calibrated,100000,-0.0002463414161804,0.0012950767490082,0.0686524583170912,0.40749,0.59251,0.0,TRIAD_059,B01,B01_LowConfidence-Defect_B3000,B,1385197443,R1,same_machine,False
normal,operational,raw,31747,-0.0019673024089486,-0.0001918485941132,0.1719081160904725,0.5802438025640217,0.4192522128075093,0.0005039846284688,TRIAD_059,B01,B01_LowConfidence-Defect_B3000,B,1385197443,R1,same_machine,False
normal,operational,calibrated,31747,-0.0024155429915842,-0.0021199011423469,0.1204158881645165,0.5168677355340662,0.4831322644659337,0.0,TRIAD_059,B01,B01_LowConfidence-Defect_B3000,B,1385197443,R1,same_machine,False
normal,tail_gap,raw,10000,-0.0041895001387013,3.3020973205566406e-05,0.2918211474703145,0.4779,0.5205,0.0016,TRIAD_059,B01,B01_LowConfidence-Defect_B3000,B,1385197443,R1,same_machine,False
normal,tail_gap,calibrated,10000,-0.0038833997393662,-0.0013909088065362,0.1793461970644167,0.5066,0.4934,0.0,TRIAD_059,B01,B01_LowConfidence-Defect_B3000,B,1385197443,R1,same_machine,False
defect,all,raw,20000,0.0004624473213422,1.1920928955078125e-07,0.0953755661224255,0.53845,0.28215,0.1794,TRIAD_059,B01,B01_LowConfidence-Defect_B3000,B,1385197443,R1,same_machine,False
defect,all,calibrated,20000,-0.0004164464271189,-0.0015241689840987,0.0697624948856115,0.36635,0.63365,0.0,TRIAD_059,B01,B01_LowConfidence-Defect_B3000,B,1385197443,R1,same_machine,False
defect,operational,raw,95,-0.0001232605689648,-6.9807120297582514e-06,0.000768807663836,0.3368421052631579,0.6631578947368421,0.0,TRIAD_059,B01,B01_LowConfidence-Defect_B3000,B,1385197443,R1,same_machine,False
defect,operational,calibrated,95,-0.0012040993020503,5.780366031880001e-05,0.0237347792798544,0.5052631578947369,0.4947368421052631,0.0,TRIAD_059,B01,B01_LowConfidence-Defect_B3000,B,1385197443,R1,same_machine,False
defect,tail_gap,raw,1000,-0.0004012908484421,-0.0001893342262562,0.2810122378921408,0.437,0.563,0.0,TRIAD_059,B01,B01_LowConfidence-Defect_B3000,B,1385197443,R1,same_machine,False
defect,tail_gap,calibrated,1000,-0.0024042165876862,-0.0004564335672468,0.1709020519437938,0.495,0.505,0.0,TRIAD_059,B01,B01_LowConfidence-Defect_B3000,B,1385197443,R1,same_machine,False
normal,all,raw,100000,-0.0038530889762453,-2.223116339017395e-06,0.0953543499870882,0.73874,0.26112,0.00014,TRIAD_059,B01,B01_LowConfidence-Defect_B3000,B,1385197443,R2,same_machine,False
normal,all,calibrated,100000,-0.0009266952907734,0.0013508053654696,0.0674246854583132,0.4073,0.5927,0.0,TRIAD_059,B01,B01_LowConfidence-Defect_B3000,B,1385197443,R2,same_machine,False
normal,operational,raw,31747,-0.0120535391330833,-0.0006331966797005,0.1689111350980604,0.6415409330015435,0.3580180804485463,0.0004409865499102,TRIAD_059,B01,B01_LowConfidence-Defect_B3000,B,1385197443,R2,same_machine,False
normal,operational,calibrated,31747,-0.0047924652363277,-0.002612974274135,0.1181228771237841,0.5211201058367719,0.478879894163228,0.0,TRIAD_059,B01,B01_LowConfidence-Defect_B3000,B,1385197443,R2,same_machine,False
normal,tail_gap,raw,10000,-0.0273727294369599,-1.2695789337158205e-05,0.2829550638142606,0.5061,0.4925,0.0014,TRIAD_059,B01,B01_LowConfidence-Defect_B3000,B,1385197443,R2,same_machine,False
normal,tail_gap,calibrated,10000,-0.0091679238702865,-0.0018792342625072,0.1738005711810675,0.5102,0.4898,0.0,TRIAD_059,B01,B01_LowConfidence-Defect_B3000,B,1385197443,R2,same_machine,False
defect,all,raw,20000,-0.0005686837759302,3.5762786876336605e-07,0.093770899117718,0.5808,0.25165,0.16755,TRIAD_059,B01,B01_LowConfidence-Defect_B3000,B,1385197443,R2,same_machine,False
defect,all,calibrated,20000,0.0006392446816336,-0.0018792342625072,0.0688375326603625,0.3696,0.6304,0.0,TRIAD_059,B01,B01_LowConfidence-Defect_B3000,B,1385197443,R2,same_machine,False
defect,operational,raw,95,-0.0002896034810024,-5.196929851077376e-05,0.0010391879364859,0.2210526315789473,0.7789473684210526,0.0,TRIAD_059,B01,B01_LowConfidence-Defect_B3000,B,1385197443,R2,same_machine,False
defect,operational,calibrated,95,-0.0038245624726512,-0.0024853888362223,0.0243253316635099,0.4421052631578947,0.5578947368421052,0.0,TRIAD_059,B01,B01_LowConfidence-Defect_B3000,B,1385197443,R2,same_machine,False
defect,tail_gap,raw,1000,-0.0114020979543497,-0.0009032241487147,0.2761954885698878,0.386,0.614,0.0,TRIAD_059,B01,B01_LowConfidence-Defect_B3000,B,1385197443,R2,same_machine,False
defect,tail_gap,calibrated,1000,-0.0006859571357211,-0.0013607032280713,0.1653071949387802,0.489,0.511,0.0,TRIAD_059,B01,B01_LowConfidence-Defect_B3000,B,1385197443,R2,same_machine,False
normal,all,raw,100000,1.7427955094148596e-05,-1.9094997583124498e-07,0.0923691917963896,0.6033,0.3965,0.0002,TRIAD_060,B01,B01_LowConfidence-Defect_B3000,B,1343723075,R1,same_machine,False
normal,all,calibrated,100000,0.0006143149878561,0.0008929594420057,0.066831912608524,0.39912,0.60088,0.0,TRIAD_060,B01,B01_LowConfidence-Defect_B3000,B,1343723075,R1,same_machine,False
normal,operational,raw,31747,4.534872100751356e-05,-0.0001581397373229,0.1638305604604618,0.5597694270324756,0.4396005921819385,0.000629980785586,TRIAD_060,B01,B01_LowConfidence-Defect_B3000,B,1343723075,R1,same_machine,False
normal,operational,calibrated,31747,-0.0003091063410891,-0.000531140976822,0.1172500946507284,0.5048036034900936,0.4951963965099064,0.0,TRIAD_060,B01,B01_LowConfidence-Defect_B3000,B,1343723075,R1,same_machine,False
normal,tail_gap,raw,10000,0.0030189272297877,5.620718002330438e-05,0.2780912817752605,0.4786,0.5194,0.002,TRIAD_060,B01,B01_LowConfidence-Defect_B3000,B,1343723075,R1,same_machine,False
normal,tail_gap,calibrated,10000,0.0003965775847527,-0.0003202491027288,0.1727782475868637,0.5011,0.4989,0.0,TRIAD_060,B01,B01_LowConfidence-Defect_B3000,B,1343723075,R1,same_machine,False
defect,all,raw,20000,0.0002316247720951,1.1920928966180358e-07,0.0939975725896522,0.54205,0.2993,0.15865,TRIAD_060,B01,B01_LowConfidence-Defect_B3000,B,1343723075,R1,same_machine,False
defect,all,calibrated,20000,-0.0009435306627851,-0.0010193744166224,0.0680717805961064,0.3977,0.6023,0.0,TRIAD_060,B01,B01_LowConfidence-Defect_B3000,B,1343723075,R1,same_machine,False
defect,operational,raw,95,8.1943738512045e-06,-2.5024147589647328e-06,0.0012240857632971,0.4421052631578947,0.5578947368421052,0.0,TRIAD_060,B01,B01_LowConfidence-Defect_B3000,B,1343723075,R1,same_machine,False
defect,operational,calibrated,95,0.0032427512879106,0.0009994064602675,0.0287239951202687,0.5473684210526316,0.4526315789473684,0.0,TRIAD_060,B01,B01_LowConfidence-Defect_B3000,B,1343723075,R1,same_machine,False
defect,tail_gap,raw,1000,0.0013305196379874,-1.590557118902325e-05,0.2797418932510974,0.482,0.518,0.0,TRIAD_060,B01,B01_LowConfidence-Defect_B3000,B,1343723075,R1,same_machine,False
defect,tail_gap,calibrated,1000,-0.0015594360997321,0.0018147225509993,0.1682464712540151,0.513,0.487,0.0,TRIAD_060,B01,B01_LowConfidence-Defect_B3000,B,1343723075,R1,same_machine,False
normal,all,raw,100000,0.0004136689953814,4.251361040985557e-08,0.0981292970372042,0.43176,0.56792,0.00032,TRIAD_060,B01,B01_LowConfidence-Defect_B3000,B,1343723075,R2,same_machine,False
normal,all,calibrated,100000,0.0007589306490964,-0.0007736326223814,0.0688855793997882,0.59232,0.40768,0.0,TRIAD_060,B01,B01_LowConfidence-Defect_B3000,B,1343723075,R2,same_machine,False
normal,operational,raw,31747,0.0012545164616711,7.234187069109999e-05,0.1740438437461516,0.4493337953192428,0.5496582354238195,0.0010079692569376,TRIAD_060,B01,B01_LowConfidence-Defect_B3000,B,1343723075,R2,same_machine,False
normal,operational,calibrated,31747,0.0035427350305983,0.0022009716528792,0.1207759920730471,0.4800768576558415,0.5199231423441585,0.0,TRIAD_060,B01,B01_LowConfidence-Defect_B3000,B,1343723075,R2,same_machine,False
normal,tail_gap,raw,10000,0.0040405607828893,0.0,0.2949095926220312,0.4973,0.4995,0.0032,TRIAD_060,B01,B01_LowConfidence-Defect_B3000,B,1343723075,R2,same_machine,False
normal,tail_gap,calibrated,10000,0.0073646508379948,0.0041986748711041,0.1796245291717971,0.4796,0.5204,0.0,TRIAD_060,B01,B01_LowConfidence-Defect_B3000,B,1343723075,R2,same_machine,False
defect,all,raw,20000,-0.0004583963187834,0.0,0.1008326005617384,0.30185,0.4818,0.21635,TRIAD_060,B01,B01_LowConfidence-Defect_B3000,B,1343723075,R2,same_machine,False
defect,all,calibrated,20000,-0.0002162943968382,0.0009990580774246,0.0713732372583653,0.62305,0.37695,0.0,TRIAD_060,B01,B01_LowConfidence-Defect_B3000,B,1343723075,R2,same_machine,False
defect,operational,raw,95,0.0002031843407442,1.785156428013579e-06,0.0009619614119693,0.6105263157894737,0.3894736842105263,0.0,TRIAD_060,B01,B01_LowConfidence-Defect_B3000,B,1343723075,R2,same_machine,False
defect,operational,calibrated,95,0.0029382372542725,6.502709376729997e-05,0.0257972036037214,0.5052631578947369,0.4947368421052631,0.0,TRIAD_060,B01,B01_LowConfidence-Defect_B3000,B,1343723075,R2,same_machine,False
defect,tail_gap,raw,1000,-0.006543500138361,9.103530373977408e-05,0.2935368474353544,0.552,0.448,0.0,TRIAD_060,B01,B01_LowConfidence-Defect_B3000,B,1343723075,R2,same_machine,False
defect,tail_gap,calibrated,1000,0.0014057135648208,0.0049494422942235,0.1713477693435381,0.529,0.471,0.0,TRIAD_060,B01,B01_LowConfidence-Defect_B3000,B,1343723075,R2,same_machine,False
normal,all,raw,100000,-0.000456546242971,-1.2109944158567032e-08,0.0917162365325993,0.52487,0.47501,0.00012,TRIAD_061,B02,B02_Persistent-FN_B3000,B,1829910790,R1,cross_machine,False
normal,all,calibrated,100000,-0.0018287213808407,-0.0001799136672682,0.0654092708549006,0.60148,0.39852,0.0,TRIAD_061,B02,B02_Persistent-FN_B3000,B,1829910790,R1,cross_machine,False
normal,operational,raw,31747,-0.0014608852590725,-3.669482975965366e-05,0.1627571390245259,0.5204586260119066,0.4791633855167417,0.0003779884713516,TRIAD_061,B02,B02_Persistent-FN_B3000,B,1829910790,R1,cross_machine,False
normal,operational,calibrated,31747,-0.003999324329158,-0.0040163419730567,0.114747368646588,0.5337197215484928,0.4662802784515072,0.0,TRIAD_061,B02,B02_Persistent-FN_B3000,B,1829910790,R1,cross_machine,False
normal,tail_gap,raw,10000,-0.0055466830201522,-3.194808959949835e-05,0.2738425582291801,0.5173,0.4815,0.0012,TRIAD_061,B02,B02_Persistent-FN_B3000,B,1829910790,R1,cross_machine,False
normal,tail_gap,calibrated,10000,-0.0045703024980735,-0.0031579433652589,0.1685536580081168,0.5158,0.4842,0.0,TRIAD_061,B02,B02_Persistent-FN_B3000,B,1829910790,R1,cross_machine,False
defect,all,raw,20000,0.0003621584155315,0.0,0.0909488042610689,0.39835,0.41655,0.1851,TRIAD_061,B02,B02_Persistent-FN_B3000,B,1829910790,R1,cross_machine,False
defect,all,calibrated,20000,0.0010503337271216,0.0001983981644728,0.0655795725885048,0.6231,0.3769,0.0,TRIAD_061,B02,B02_Persistent-FN_B3000,B,1829910790,R1,cross_machine,False
defect,operational,raw,95,0.0001539919986328,-1.478762754913987e-06,0.0010451450023383,0.4631578947368421,0.5368421052631579,0.0,TRIAD_061,B02,B02_Persistent-FN_B3000,B,1829910790,R1,cross_machine,False
defect,operational,calibrated,95,4.833165926260781e-05,-0.0023905683681798,0.0223711617228317,0.4421052631578947,0.5578947368421052,0.0,TRIAD_061,B02,B02_Persistent-FN_B3000,B,1829910790,R1,cross_machine,False
defect,tail_gap,raw,1000,0.0015785997513649,3.862405492327525e-06,0.2618112330486715,0.505,0.495,0.0,TRIAD_061,B02,B02_Persistent-FN_B3000,B,1829910790,R1,cross_machine,False
defect,tail_gap,calibrated,1000,0.000759413134911,-0.0005550194828301,0.1547993529947747,0.496,0.504,0.0,TRIAD_061,B02,B02_Persistent-FN_B3000,B,1829910790,R1,cross_machine,False
normal,all,raw,100000,-0.0002230305481065,1.8710967975010825e-07,0.0964364601166278,0.38744,0.61242,0.00014,TRIAD_061,B02,B02_Persistent-FN_B3000,B,1829910790,R2,cross_machine,False
normal,all,calibrated,100000,-0.0009227845078938,-0.0012335762914192,0.067877471812293,0.60912,0.39088,0.0,TRIAD_061,B02,B02_Persistent-FN_B3000,B,1829910790,R2,cross_machine,False
normal,operational,raw,31747,-0.0007227372087352,0.0001284661939279,0.1710775295049768,0.4338047689545469,0.5657542444955429,0.0004409865499102,TRIAD_061,B02,B02_Persistent-FN_B3000,B,1829910790,R2,cross_machine,False
normal,operational,calibrated,31747,-0.0006012849090514,0.0003397256729061,0.1190437497490085,0.4970863388666646,0.5029136611333355,0.0,TRIAD_061,B02,B02_Persistent-FN_B3000,B,1829910790,R2,cross_machine,False
normal,tail_gap,raw,10000,-0.0045759146461361,-5.179643630981445e-05,0.2870387539032465,0.5283,0.4703,0.0014,TRIAD_061,B02,B02_Persistent-FN_B3000,B,1829910790,R2,cross_machine,False
normal,tail_gap,calibrated,10000,-0.0016627516494879,-0.0012260299670567,0.1746939408602253,0.5064,0.4936,0.0,TRIAD_061,B02,B02_Persistent-FN_B3000,B,1829910790,R2,cross_machine,False
defect,all,raw,20000,-0.0009546037266905,-1.1920928955078125e-07,0.0946502406694144,0.27475,0.5177,0.20755,TRIAD_061,B02,B02_Persistent-FN_B3000,B,1829910790,R2,cross_machine,False
defect,all,calibrated,20000,9.199921755594935e-05,0.001470243629037,0.0686432662926612,0.638,0.362,0.0,TRIAD_061,B02,B02_Persistent-FN_B3000,B,1829910790,R2,cross_machine,False
defect,operational,raw,95,2.835133180232807e-05,4.372269359009806e-06,0.001928108704122,0.6736842105263158,0.3263157894736842,0.0,TRIAD_061,B02,B02_Persistent-FN_B3000,B,1829910790,R2,cross_machine,False
defect,operational,calibrated,95,0.0004342402872477,9.41957078404998e-05,0.0283905802618648,0.5052631578947369,0.4947368421052631,0.0,TRIAD_061,B02,B02_Persistent-FN_B3000,B,1829910790,R2,cross_machine,False
defect,tail_gap,raw,1000,-0.0036559941332123,4.1433624574003486e-05,0.2753878684924735,0.539,0.461,0.0,TRIAD_061,B02,B02_Persistent-FN_B3000,B,1829910790,R2,cross_machine,False
defect,tail_gap,calibrated,1000,-0.0029415934761029,-0.0006421240619172,0.165909941252553,0.495,0.505,0.0,TRIAD_061,B02,B02_Persistent-FN_B3000,B,1829910790,R2,cross_machine,False
normal,all,raw,100000,-0.0024478063898791,-9.860365414171568e-07,0.0973911216543078,0.69695,0.30293,0.00012,TRIAD_062,B02,B02_Persistent-FN_B3000,B,1385197443,R1,cross_machine,False
normal,all,calibrated,100000,-0.0007902058183927,0.0018364676860484,0.070394438906415,0.37334,0.62666,0.0,TRIAD_062,B02,B02_Persistent-FN_B3000,B,1385197443,R1,cross_machine,False
normal,operational,raw,31747,-0.0076305336972887,-0.0004780791750817,0.1726985655702238,0.6330676914354112,0.3665543200932371,0.0003779884713516,TRIAD_062,B02,B02_Persistent-FN_B3000,B,1385197443,R1,cross_machine,False
normal,operational,calibrated,31747,-0.0057881494206536,-0.0035050632614607,0.1234677481559374,0.5290578637351561,0.4709421362648439,0.0,TRIAD_062,B02,B02_Persistent-FN_B3000,B,1385197443,R1,cross_machine,False
normal,tail_gap,raw,10000,-0.0168580490081193,0.0,0.291026479013717,0.4998,0.499,0.0012,TRIAD_062,B02,B02_Persistent-FN_B3000,B,1385197443,R1,cross_machine,False
normal,tail_gap,calibrated,10000,-0.0103813891275991,-0.0046805257908675,0.1822447609365282,0.5236,0.4764,0.0,TRIAD_062,B02,B02_Persistent-FN_B3000,B,1385197443,R1,cross_machine,False
defect,all,raw,20000,0.0006968928662925,9.5367431640625e-07,0.1027955219253937,0.62835,0.22975,0.1419,TRIAD_062,B02,B02_Persistent-FN_B3000,B,1385197443,R1,cross_machine,False
defect,all,calibrated,20000,0.0006132112124441,-0.0018035360736011,0.0735673630753551,0.3964,0.6036,0.0,TRIAD_062,B02,B02_Persistent-FN_B3000,B,1385197443,R1,cross_machine,False
defect,operational,raw,95,6.098935065729062e-05,-7.681392162339765e-06,0.001334419037766,0.3368421052631579,0.6631578947368421,0.0,TRIAD_062,B02,B02_Persistent-FN_B3000,B,1385197443,R1,cross_machine,False
defect,operational,calibrated,95,0.0048121887289442,0.001702955207968,0.0280028727749915,0.5894736842105263,0.4105263157894737,0.0,TRIAD_062,B02,B02_Persistent-FN_B3000,B,1385197443,R1,cross_machine,False
defect,tail_gap,raw,1000,0.0112524039771745,-0.0001611301995581,0.2904263361334527,0.444,0.556,0.0,TRIAD_062,B02,B02_Persistent-FN_B3000,B,1385197443,R1,cross_machine,False
defect,tail_gap,calibrated,1000,0.0055479077740251,0.0028460887684101,0.1788318843182472,0.519,0.481,0.0,TRIAD_062,B02,B02_Persistent-FN_B3000,B,1385197443,R1,cross_machine,False
normal,all,raw,100000,-0.0012527540351559,-6.71589299727771e-08,0.098839684388412,0.58525,0.41458,0.00017,TRIAD_062,B02,B02_Persistent-FN_B3000,B,1385197443,R2,cross_machine,False
normal,all,calibrated,100000,-0.0024054017130164,0.0008545174986568,0.0702820226607607,0.41668,0.58332,0.0,TRIAD_062,B02,B02_Persistent-FN_B3000,B,1385197443,R2,cross_machine,False
normal,operational,raw,31747,-0.003948958568061,-0.0001098260454454,0.175364751187461,0.5717705609978896,0.4276939553343623,0.0005354836677481,TRIAD_062,B02,B02_Persistent-FN_B3000,B,1385197443,R2,cross_machine,False
normal,operational,calibrated,31747,-0.0085893316798725,-0.0053893593360226,0.1231794504843507,0.5448703814533656,0.4551296185466343,0.0,TRIAD_062,B02,B02_Persistent-FN_B3000,B,1385197443,R2,cross_machine,False
normal,tail_gap,raw,10000,-0.0112300044552918,-1.3172626495305815e-05,0.2972883217839714,0.5086,0.4897,0.0017,TRIAD_062,B02,B02_Persistent-FN_B3000,B,1385197443,R2,cross_machine,False
normal,tail_gap,calibrated,10000,-0.0157215025933629,-0.0094433334623694,0.1824819987913548,0.5415,0.4585,0.0,TRIAD_062,B02,B02_Persistent-FN_B3000,B,1385197443,R2,cross_machine,False
defect,all,raw,20000,0.0005355184848738,0.0,0.1017095698557291,0.49775,0.30925,0.193,TRIAD_062,B02,B02_Persistent-FN_B3000,B,1385197443,R2,cross_machine,False
defect,all,calibrated,20000,-0.0002559375229435,-0.0011278865202761,0.0720135393313241,0.38405,0.61595,0.0,TRIAD_062,B02,B02_Persistent-FN_B3000,B,1385197443,R2,cross_machine,False
defect,operational,raw,95,8.613235114384894e-05,-1.7767802873436272e-07,0.0013469861133332,0.4842105263157895,0.5157894736842106,0.0,TRIAD_062,B02,B02_Persistent-FN_B3000,B,1385197443,R2,cross_machine,False
defect,operational,calibrated,95,0.0042120100860419,0.0020525954187182,0.0253432257598179,0.5684210526315789,0.431578947368421,0.0,TRIAD_062,B02,B02_Persistent-FN_B3000,B,1385197443,R2,cross_machine,False
defect,tail_gap,raw,1000,0.0088179565594148,-1.8179271368268248e-06,0.2836686497504121,0.485,0.515,0.0,TRIAD_062,B02,B02_Persistent-FN_B3000,B,1385197443,R2,cross_machine,False
defect,tail_gap,calibrated,1000,-0.0039742511732802,-0.0002573024959625,0.1728313447726689,0.498,0.502,0.0,TRIAD_062,B02,B02_Persistent-FN_B3000,B,1385197443,R2,cross_machine,False
normal,all,raw,100000,-0.0013517412909897,1.34299323661935e-07,0.0955754650165212,0.41076,0.58907,0.00017,TRIAD_063,B02,B02_Persistent-FN_B3000,B,1343723075,R1,cross_machine,False
normal,all,calibrated,100000,-0.0006399070850741,-0.0009299013270101,0.0683462232704379,0.59366,0.40634,0.0,TRIAD_063,B02,B02_Persistent-FN_B3000,B,1343723075,R1,cross_machine,False
normal,operational,raw,31747,-0.0042960466355374,7.349656254973524e-05,0.1695638988504107,0.463854852427001,0.5356096639052509,0.0005354836677481,TRIAD_063,B02,B02_Persistent-FN_B3000,B,1343723075,R1,cross_machine,False
normal,operational,calibrated,31747,-0.000326312111352,0.0003284709812912,0.1199667838648848,0.4974328282987368,0.5025671717012631,0.0,TRIAD_063,B02,B02_Persistent-FN_B3000,B,1343723075,R1,cross_machine,False
normal,tail_gap,raw,10000,-0.0135115266356675,-0.0004296898841857,0.2877500644682342,0.5477,0.4506,0.0017,TRIAD_063,B02,B02_Persistent-FN_B3000,B,1343723075,R1,cross_machine,False
normal,tail_gap,calibrated,10000,-0.0004432213785529,-0.0009209370097303,0.1777371107368227,0.5045,0.4955,0.0,TRIAD_063,B02,B02_Persistent-FN_B3000,B,1343723075,R1,cross_machine,False
defect,all,raw,20000,-0.0028246953169954,-1.1920928966180358e-07,0.096585829120582,0.2774,0.54135,0.18125,TRIAD_063,B02,B02_Persistent-FN_B3000,B,1343723075,R1,cross_machine,False
defect,all,calibrated,20000,-0.0003534773324456,0.0012703641799411,0.0692312448223292,0.62435,0.37565,0.0,TRIAD_063,B02,B02_Persistent-FN_B3000,B,1343723075,R1,cross_machine,False
defect,operational,raw,95,0.0001003404647047,4.395752057462232e-06,0.000879126237542,0.5894736842105263,0.4105263157894737,0.0,TRIAD_063,B02,B02_Persistent-FN_B3000,B,1343723075,R1,cross_machine,False
defect,operational,calibrated,95,0.0004593474987868,-0.0003023169881014,0.0256790968070359,0.4736842105263157,0.5263157894736842,0.0,TRIAD_063,B02,B02_Persistent-FN_B3000,B,1343723075,R1,cross_machine,False
defect,tail_gap,raw,1000,-0.0115934960640032,3.917532831110293e-05,0.2801357996763794,0.531,0.469,0.0,TRIAD_063,B02,B02_Persistent-FN_B3000,B,1343723075,R1,cross_machine,False
defect,tail_gap,calibrated,1000,0.0005361884452031,0.0020837383310985,0.169649416595452,0.509,0.491,0.0,TRIAD_063,B02,B02_Persistent-FN_B3000,B,1343723075,R1,cross_machine,False
normal,all,raw,100000,-0.0003293830133664,5.93888085376193e-08,0.0921480401631372,0.44161,0.55823,0.00016,TRIAD_063,B02,B02_Persistent-FN_B3000,B,1343723075,R2,cross_machine,False
normal,all,calibrated,100000,-1.260364372596274e-05,-0.0004804421820385,0.0665489082804419,0.56852,0.43148,0.0,TRIAD_063,B02,B02_Persistent-FN_B3000,B,1343723075,R2,cross_machine,False
normal,operational,raw,31747,-0.0010408971140584,3.8478274291264825e-05,0.1635051079085122,0.4787538980061108,0.5207421173654203,0.0005039846284688,TRIAD_063,B02,B02_Persistent-FN_B3000,B,1343723075,R2,cross_machine,False
normal,operational,calibrated,31747,0.0007705238479391,-5.685429875550152e-05,0.1167227180953765,0.5006457303052257,0.4993542696947743,0.0,TRIAD_063,B02,B02_Persistent-FN_B3000,B,1343723075,R2,cross_machine,False
normal,tail_gap,raw,10000,-0.0033541720106108,-4.390254616729039e-05,0.277859077149384,0.5176,0.4808,0.0016,TRIAD_063,B02,B02_Persistent-FN_B3000,B,1343723075,R2,cross_machine,False
normal,tail_gap,calibrated,10000,0.0026703835360223,0.0007677574814424,0.173001150908282,0.4936,0.5064,0.0,TRIAD_063,B02,B02_Persistent-FN_B3000,B,1343723075,R2,cross_machine,False
defect,all,raw,20000,-0.0024137986661877,-1.1920928955078125e-07,0.0948231011873031,0.32195,0.5051,0.17295,TRIAD_063,B02,B02_Persistent-FN_B3000,B,1343723075,R2,cross_machine,False
defect,all,calibrated,20000,-0.0008711791861314,0.00063931373094,0.0681219221465804,0.5903,0.4097,0.0,TRIAD_063,B02,B02_Persistent-FN_B3000,B,1343723075,R2,cross_machine,False
defect,operational,raw,95,-1.7711431983802406e-06,7.848676659705234e-07,0.0010291535073587,0.5263157894736842,0.4736842105263157,0.0,TRIAD_063,B02,B02_Persistent-FN_B3000,B,1343723075,R2,cross_machine,False
defect,operational,calibrated,95,-0.0014327198923319,-0.001558259523071,0.0237389965238618,0.4105263157894737,0.5894736842105263,0.0,TRIAD_063,B02,B02_Persistent-FN_B3000,B,1343723075,R2,cross_machine,False
defect,tail_gap,raw,1000,-0.0240042000357287,-4.772505164396534e-06,0.2812993130550391,0.49,0.51,0.0,TRIAD_063,B02,B02_Persistent-FN_B3000,B,1343723075,R2,cross_machine,False
defect,tail_gap,calibrated,1000,-0.0101624292820643,-0.0034618022031845,0.1708892691952943,0.471,0.529,0.0,TRIAD_063,B02,B02_Persistent-FN_B3000,B,1343723075,R2,cross_machine,False
normal,all,raw,100000,-0.0024890260120777,-2.641019989368942e-07,0.0988621180355226,0.63109,0.36855,0.00036,TRIAD_064,B03,B03_GapGuard-Raw_B3000,B,1829910790,R1,cross_machine,False
normal,all,calibrated,100000,-0.0005382967397178,0.0012747212474493,0.0697800689693971,0.40254,0.59746,0.0,TRIAD_064,B03,B03_GapGuard-Raw_B3000,B,1829910790,R1,cross_machine,False
normal,operational,raw,31747,-0.0078116258048828,-0.0002043436870735,0.1753155366039438,0.5943553721611491,0.404510662424796,0.0011339654140548,TRIAD_064,B03,B03_GapGuard-Raw_B3000,B,1829910790,R1,cross_machine,False
normal,operational,calibrated,31747,-0.0033783191335253,-0.0019698074546925,0.1224311790919216,0.51715122688758,0.4828487731124201,0.0,TRIAD_064,B03,B03_GapGuard-Raw_B3000,B,1829910790,R1,cross_machine,False
normal,tail_gap,raw,10000,-0.0206144540310197,-3.933906555186884e-05,0.2970685828079129,0.5135,0.4829,0.0036,TRIAD_064,B03,B03_GapGuard-Raw_B3000,B,1829910790,R1,cross_machine,False
normal,tail_gap,calibrated,10000,-0.0070077248720883,-0.0012101726150944,0.1824004614506252,0.5086,0.4914,0.0,TRIAD_064,B03,B03_GapGuard-Raw_B3000,B,1829910790,R1,cross_machine,False
defect,all,raw,20000,-0.000999288551455,0.0,0.1001968431516226,0.4675,0.3036,0.2289,TRIAD_064,B03,B03_GapGuard-Raw_B3000,B,1829910790,R1,cross_machine,False
defect,all,calibrated,20000,-0.0007627779378564,-0.0012101726150944,0.0722370766071093,0.3548,0.6452,0.0,TRIAD_064,B03,B03_GapGuard-Raw_B3000,B,1829910790,R1,cross_machine,False
defect,operational,raw,95,-0.0003440727267204,-1.5978414921846706e-05,0.0026894401102142,0.2210526315789473,0.7789473684210526,0.0,TRIAD_064,B03,B03_GapGuard-Raw_B3000,B,1829910790,R1,cross_machine,False
defect,operational,calibrated,95,-0.003602526299405,-0.0007187124316698,0.0280120349350661,0.4736842105263157,0.5263157894736842,0.0,TRIAD_064,B03,B03_GapGuard-Raw_B3000,B,1829910790,R1,cross_machine,False
defect,tail_gap,raw,1000,0.0041497030931161,-0.0001647280723772,0.3049049659825209,0.429,0.571,0.0,TRIAD_064,B03,B03_GapGuard-Raw_B3000,B,1829910790,R1,cross_machine,False
defect,tail_gap,calibrated,1000,0.0057040148648858,-0.0008003210952436,0.1804466031662347,0.493,0.507,0.0,TRIAD_064,B03,B03_GapGuard-Raw_B3000,B,1829910790,R1,cross_machine,False
normal,all,raw,100000,-0.0012935579444922,-2.8697794585141878e-08,0.0960785419268399,0.55583,0.44386,0.00031,TRIAD_064,B03,B03_GapGuard-Raw_B3000,B,1829910790,R2,cross_machine,False
normal,all,calibrated,100000,-0.0006458335236422,0.0008457674282173,0.0680321032248662,0.39718,0.60282,0.0,TRIAD_064,B03,B03_GapGuard-Raw_B3000,B,1829910790,R2,cross_machine,False
normal,operational,raw,31747,-0.0040853109754279,-7.318214920809998e-05,0.1704688582248075,0.5545720855513907,0.4444514442309509,0.0009764702176583,TRIAD_064,B03,B03_GapGuard-Raw_B3000,B,1829910790,R2,cross_machine,False
normal,operational,calibrated,31747,-0.0039341326019708,-0.0021642113204599,0.1193657175761964,0.5205216240904652,0.4794783759095347,0.0,TRIAD_064,B03,B03_GapGuard-Raw_B3000,B,1829910790,R2,cross_machine,False
normal,tail_gap,raw,10000,-0.0113907393336489,-3.576278687078549e-07,0.2893305707278881,0.502,0.4949,0.0031,TRIAD_064,B03,B03_GapGuard-Raw_B3000,B,1829910790,R2,cross_machine,False
normal,tail_gap,calibrated,10000,-0.0082226723734255,-0.003340395559279,0.1769282225676673,0.5218,0.4782,0.0,TRIAD_064,B03,B03_GapGuard-Raw_B3000,B,1829910790,R2,cross_machine,False
defect,all,raw,20000,0.0002592333357386,0.0,0.0998002550856173,0.48005,0.29805,0.2219,TRIAD_064,B03,B03_GapGuard-Raw_B3000,B,1829910790,R2,cross_machine,False
defect,all,calibrated,20000,-0.0004089074247795,-0.0009738371154988,0.07113333797401,0.37205,0.62795,0.0,TRIAD_064,B03,B03_GapGuard-Raw_B3000,B,1829910790,R2,cross_machine,False
defect,operational,raw,95,-9.258028660595752e-05,-6.948939699213952e-06,0.0003998658102867,0.2842105263157894,0.7157894736842105,0.0,TRIAD_064,B03,B03_GapGuard-Raw_B3000,B,1829910790,R2,cross_machine,False
defect,operational,calibrated,95,-0.0052509847977755,-0.0038322798821825,0.022390730091634,0.3684210526315789,0.631578947368421,0.0,TRIAD_064,B03,B03_GapGuard-Raw_B3000,B,1829910790,R2,cross_machine,False
defect,tail_gap,raw,1000,0.0129605674988079,-8.405019912061107e-06,0.2922002404828437,0.478,0.522,0.0,TRIAD_064,B03,B03_GapGuard-Raw_B3000,B,1829910790,R2,cross_machine,False
defect,tail_gap,calibrated,1000,0.0069119433714293,-0.0001487602197519,0.1735686246134621,0.497,0.503,0.0,TRIAD_064,B03,B03_GapGuard-Raw_B3000,B,1829910790,R2,cross_machine,False
normal,all,raw,100000,0.0013365297359924,4.2236276698304216e-08,0.0984759295338682,0.42947,0.57029,0.00024,TRIAD_065,B03,B03_GapGuard-Raw_B3000,B,1385197443,R1,cross_machine,False
normal,all,calibrated,100000,0.0002541940778436,-0.0003822907174696,0.0696810005100801,0.55839,0.44161,0.0,TRIAD_065,B03,B03_GapGuard-Raw_B3000,B,1385197443,R1,cross_machine,False
normal,operational,raw,31747,0.0041578648848546,2.8491020202525696e-05,0.1746618410824598,0.471887107443223,0.5273569156140737,0.0007559769427032,TRIAD_065,B03,B03_GapGuard-Raw_B3000,B,1385197443,R1,cross_machine,False
normal,operational,calibrated,31747,0.0004017633104429,3.212216175730448e-05,0.1222591196960225,0.4997952562446845,0.5002047437553154,0.0,TRIAD_065,B03,B03_GapGuard-Raw_B3000,B,1385197443,R1,cross_machine,False
normal,tail_gap,raw,10000,0.0100069519480972,3.1590461731512143e-06,0.2961116339806164,0.4897,0.5079,0.0024,TRIAD_065,B03,B03_GapGuard-Raw_B3000,B,1385197443,R1,cross_machine,False
normal,tail_gap,calibrated,10000,0.0010180541014646,0.0001805958064715,0.1817651936052999,0.498,0.502,0.0,TRIAD_065,B03,B03_GapGuard-Raw_B3000,B,1385197443,R1,cross_machine,False
defect,all,raw,20000,0.0009662715361524,0.0,0.0963829594460558,0.3648,0.40475,0.23045,TRIAD_065,B03,B03_GapGuard-Raw_B3000,B,1385197443,R1,cross_machine,False
defect,all,calibrated,20000,-2.105439196797989e-05,0.0002493052910483,0.0705618660765781,0.62995,0.37005,0.0,TRIAD_065,B03,B03_GapGuard-Raw_B3000,B,1385197443,R1,cross_machine,False
defect,operational,raw,95,-0.0001327230885124,1.1901420293725096e-08,0.0051050846967427,0.5052631578947369,0.4947368421052631,0.0,TRIAD_065,B03,B03_GapGuard-Raw_B3000,B,1385197443,R1,cross_machine,False
defect,operational,calibrated,95,-0.0029189645887655,-0.0006543361505447,0.0354557875237447,0.4526315789473684,0.5473684210526316,0.0,TRIAD_065,B03,B03_GapGuard-Raw_B3000,B,1385197443,R1,cross_machine,False
defect,tail_gap,raw,1000,0.0194623572525131,1.576532372382644e-05,0.2748519556980524,0.524,0.476,0.0,TRIAD_065,B03,B03_GapGuard-Raw_B3000,B,1385197443,R1,cross_machine,False
defect,tail_gap,calibrated,1000,0.0051273854401234,-0.0003485429332335,0.1666360938867685,0.496,0.504,0.0,TRIAD_065,B03,B03_GapGuard-Raw_B3000,B,1385197443,R1,cross_machine,False
normal,all,raw,100000,0.0020326899816305,4.977755985180465e-09,0.1007873475950188,0.48261,0.51704,0.00035,TRIAD_065,B03,B03_GapGuard-Raw_B3000,B,1385197443,R2,cross_machine,False
normal,all,calibrated,100000,-0.0003628899053342,-0.0007756922759199,0.0708271086000105,0.6208,0.3792,0.0,TRIAD_065,B03,B03_GapGuard-Raw_B3000,B,1385197443,R2,cross_machine,False
normal,operational,raw,31747,0.0063654080272842,5.733274156229996e-05,0.1787212408974373,0.4541531483289759,0.5447443852962485,0.0011024663747755,TRIAD_065,B03,B03_GapGuard-Raw_B3000,B,1385197443,R2,cross_machine,False
normal,operational,calibrated,31747,0.00208563621276,0.0004527576221847,0.124149452268704,0.4964563580810785,0.5035436419189214,0.0,TRIAD_065,B03,B03_GapGuard-Raw_B3000,B,1385197443,R2,cross_machine,False
normal,tail_gap,raw,10000,0.0179880029887116,1.2278556823619446e-05,0.302118760012203,0.4857,0.5108,0.0035,TRIAD_065,B03,B03_GapGuard-Raw_B3000,B,1385197443,R2,cross_machine,False
normal,tail_gap,calibrated,10000,0.0075644002193425,0.0021051538212598,0.1850684079065637,0.4882,0.5118,0.0,TRIAD_065,B03,B03_GapGuard-Raw_B3000,B,1385197443,R2,cross_machine,False
defect,all,raw,20000,0.0015667072573969,0.0,0.1014428050027941,0.31285,0.4453,0.24185,TRIAD_065,B03,B03_GapGuard-Raw_B3000,B,1385197443,R2,cross_machine,False
defect,all,calibrated,20000,0.0010401272077066,0.0007448439487639,0.0722612470675014,0.6201,0.3799,0.0,TRIAD_065,B03,B03_GapGuard-Raw_B3000,B,1385197443,R2,cross_machine,False
defect,operational,raw,95,0.0003416855593801,4.6507727356759337e-11,0.00276866875632,0.5052631578947369,0.4947368421052631,0.0,TRIAD_065,B03,B03_GapGuard-Raw_B3000,B,1385197443,R2,cross_machine,False
defect,operational,calibrated,95,0.0009031945819204,-0.0010587122531268,0.0272972809834613,0.4421052631578947,0.5578947368421052,0.0,TRIAD_065,B03,B03_GapGuard-Raw_B3000,B,1385197443,R2,cross_machine,False
defect,tail_gap,raw,1000,0.0104977771144512,3.667766077339656e-05,0.288713405780424,0.539,0.461,0.0,TRIAD_065,B03,B03_GapGuard-Raw_B3000,B,1385197443,R2,cross_machine,False
defect,tail_gap,calibrated,1000,0.0056000995335782,0.0014098442976112,0.1740454783937208,0.509,0.491,0.0,TRIAD_065,B03,B03_GapGuard-Raw_B3000,B,1385197443,R2,cross_machine,False
normal,all,raw,100000,-0.0018488990442685,-3.254077451941839e-07,0.0960893835939383,0.66437,0.33537,0.00026,TRIAD_066,B03,B03_GapGuard-Raw_B3000,B,1343723075,R1,cross_machine,False
normal,all,calibrated,100000,1.6673072651757702e-06,0.0014733509249178,0.0683264394416839,0.39908,0.60092,0.0,TRIAD_066,B03,B03_GapGuard-Raw_B3000,B,1343723075,R1,cross_machine,False
normal,operational,raw,31747,-0.0058205692855144,-0.0001861302880569,0.1704457014939518,0.6009071723312439,0.3982738526474942,0.0008189750212618,TRIAD_066,B03,B03_GapGuard-Raw_B3000,B,1343723075,R1,cross_machine,False
normal,operational,calibrated,31747,-0.0018901879588053,-0.0017869146721889,0.1199734315017525,0.5156392730021734,0.4843607269978265,0.0,TRIAD_066,B03,B03_GapGuard-Raw_B3000,B,1343723075,R1,cross_machine,False
normal,tail_gap,raw,10000,-0.0155035878745582,-0.0001207888126372,0.2890695429171728,0.5213,0.4761,0.0026,TRIAD_066,B03,B03_GapGuard-Raw_B3000,B,1343723075,R1,cross_machine,False
normal,tail_gap,calibrated,10000,-0.0040977889342792,-0.0027986204149542,0.17795308829191,0.5156,0.4844,0.0,TRIAD_066,B03,B03_GapGuard-Raw_B3000,B,1343723075,R1,cross_machine,False
defect,all,raw,20000,-0.0005218652785929,0.0,0.0992824718853313,0.467,0.30835,0.22465,TRIAD_066,B03,B03_GapGuard-Raw_B3000,B,1343723075,R1,cross_machine,False
defect,all,calibrated,20000,0.0004848172957175,-0.0012836439039933,0.0710326014951071,0.3608,0.6392,0.0,TRIAD_066,B03,B03_GapGuard-Raw_B3000,B,1343723075,R1,cross_machine,False
defect,operational,raw,95,-0.0001185870311014,-3.663353936644853e-06,0.0011277824133677,0.4,0.6,0.0,TRIAD_066,B03,B03_GapGuard-Raw_B3000,B,1343723075,R1,cross_machine,False
defect,operational,calibrated,95,0.0020095113423006,0.0014733509249178,0.0226298120055387,0.5684210526315789,0.431578947368421,0.0,TRIAD_066,B03,B03_GapGuard-Raw_B3000,B,1343723075,R1,cross_machine,False
defect,tail_gap,raw,1000,0.0028392053613228,-7.799288005116976e-05,0.2793001823502943,0.452,0.548,0.0,TRIAD_066,B03,B03_GapGuard-Raw_B3000,B,1343723075,R1,cross_machine,False
defect,tail_gap,calibrated,1000,0.0114335522788577,0.0049654745579006,0.1681950985049588,0.53,0.47,0.0,TRIAD_066,B03,B03_GapGuard-Raw_B3000,B,1343723075,R1,cross_machine,False
normal,all,raw,100000,-0.0033954427377305,-4.393617391018624e-07,0.0962920183437476,0.67633,0.32349,0.00018,TRIAD_066,B03,B03_GapGuard-Raw_B3000,B,1343723075,R2,cross_machine,False
normal,all,calibrated,100000,-0.0005367764463907,0.0016279823657727,0.0682751736826887,0.39258,0.60742,0.0,TRIAD_066,B03,B03_GapGuard-Raw_B3000,B,1343723075,R2,cross_machine,False
normal,operational,raw,31747,-0.0106585879745495,-0.0002852517645807,0.1706424021676082,0.6195231045453113,0.3799099127476611,0.0005669827070274,TRIAD_066,B03,B03_GapGuard-Raw_B3000,B,1343723075,R2,cross_machine,False
normal,operational,calibrated,31747,-0.0035834249753488,-0.0022212996974458,0.119703422122383,0.5178757047910039,0.4821242952089961,0.0,TRIAD_066,B03,B03_GapGuard-Raw_B3000,B,1343723075,R2,cross_machine,False
normal,tail_gap,raw,10000,-0.0262084273055713,-0.0002400577068329,0.287172341090104,0.5269,0.4713,0.0018,TRIAD_066,B03,B03_GapGuard-Raw_B3000,B,1343723075,R2,cross_machine,False
normal,tail_gap,calibrated,10000,-0.0054151887821026,-0.0019748317113206,0.1768150473368488,0.5105,0.4895,0.0,TRIAD_066,B03,B03_GapGuard-Raw_B3000,B,1343723075,R2,cross_machine,False
defect,all,raw,20000,-0.0016604670807194,0.0,0.0997155471325997,0.4746,0.30835,0.21705,TRIAD_066,B03,B03_GapGuard-Raw_B3000,B,1343723075,R2,cross_machine,False
defect,all,calibrated,20000,1.7663913638162443e-05,-0.0013150095442968,0.0705090652805751,0.3619,0.6381,0.0,TRIAD_066,B03,B03_GapGuard-Raw_B3000,B,1343723075,R2,cross_machine,False
defect,operational,raw,95,-7.416547336041284e-05,-1.0705329941629316e-05,0.0002911415610926,0.2842105263157894,0.7157894736842105,0.0,TRIAD_066,B03,B03_GapGuard-Raw_B3000,B,1343723075,R2,cross_machine,False
defect,operational,calibrated,95,0.0004139311252097,9.756664807000076e-05,0.0181451559611805,0.5157894736842106,0.4842105263157895,0.0,TRIAD_066,B03,B03_GapGuard-Raw_B3000,B,1343723075,R2,cross_machine,False
defect,tail_gap,raw,1000,-0.0143892885589715,-0.0003545882227626,0.2945831487355966,0.401,0.599,0.0,TRIAD_066,B03,B03_GapGuard-Raw_B3000,B,1343723075,R2,cross_machine,False
defect,tail_gap,calibrated,1000,0.0025721862395137,-0.0007130686519863,0.1725699090704305,0.491,0.509,0.0,TRIAD_066,B03,B03_GapGuard-Raw_B3000,B,1343723075,R2,cross_machine,False
normal,all,raw,100000,0.0018222886319355,3.077492465308753e-07,0.0979157463273964,0.37163,0.62809,0.00028,TRIAD_067,B04,B04_GapGuard-Raw_B3000,B,1829910790,R1,cross_machine,False
normal,all,calibrated,100000,0.0005410720180234,-0.0013399815715768,0.0686418314502283,0.60115,0.39885,0.0,TRIAD_067,B04,B04_GapGuard-Raw_B3000,B,1829910790,R1,cross_machine,False
normal,operational,raw,31747,0.005699848704622,0.0002635993000694,0.1737158439939153,0.3973603805083945,0.6017891454310643,0.0008504740605411,TRIAD_067,B04,B04_GapGuard-Raw_B3000,B,1829910790,R1,cross_machine,False
normal,operational,calibrated,31747,0.0039672127247417,0.0033505940431316,0.1203958337332871,0.4729580747787192,0.5270419252212808,0.0,TRIAD_067,B04,B04_GapGuard-Raw_B3000,B,1829910790,R1,cross_machine,False
normal,tail_gap,raw,10000,0.0136313432465934,1.1444091796819487e-05,0.292560356592487,0.4875,0.5098,0.0027,TRIAD_067,B04,B04_GapGuard-Raw_B3000,B,1829910790,R1,cross_machine,False
normal,tail_gap,calibrated,10000,0.0057340567563319,0.0029567525163342,0.1773844252975006,0.4828,0.5172,0.0,TRIAD_067,B04,B04_GapGuard-Raw_B3000,B,1829910790,R1,cross_machine,False
defect,all,raw,20000,0.0005340552523582,-1.1920928955078125e-07,0.0993397053887989,0.2805,0.50505,0.21445,TRIAD_067,B04,B04_GapGuard-Raw_B3000,B,1829910790,R1,cross_machine,False
defect,all,calibrated,20000,0.0007390297453328,0.0014096217521267,0.0701926857294003,0.63405,0.36595,0.0,TRIAD_067,B04,B04_GapGuard-Raw_B3000,B,1829910790,R1,cross_machine,False
defect,operational,raw,95,-2.1055098815667357e-05,1.0348285400141322e-05,0.0006126917274167,0.6421052631578947,0.3578947368421052,0.0,TRIAD_067,B04,B04_GapGuard-Raw_B3000,B,1829910790,R1,cross_machine,False
defect,operational,calibrated,95,-0.0028448156051212,-0.0011266910345707,0.0269399035520197,0.4736842105263157,0.5263157894736842,0.0,TRIAD_067,B04,B04_GapGuard-Raw_B3000,B,1829910790,R1,cross_machine,False
defect,tail_gap,raw,1000,0.013052761933002,0.0002286602766616,0.3039150083156226,0.568,0.432,0.0,TRIAD_067,B04,B04_GapGuard-Raw_B3000,B,1829910790,R1,cross_machine,False
defect,tail_gap,calibrated,1000,0.0047036787894002,0.0010792815429243,0.180295643269844,0.505,0.495,0.0,TRIAD_067,B04,B04_GapGuard-Raw_B3000,B,1829910790,R1,cross_machine,False
normal,all,raw,100000,0.0002801209043791,1.5009727905024306e-07,0.0973874364499706,0.39947,0.60026,0.00027,TRIAD_067,B04,B04_GapGuard-Raw_B3000,B,1829910790,R2,cross_machine,False
normal,all,calibrated,100000,0.0006871867007953,-0.0010593660351385,0.0683812341421208,0.59646,0.40354,0.0,TRIAD_067,B04,B04_GapGuard-Raw_B3000,B,1829910790,R2,cross_machine,False
normal,operational,raw,31747,0.0008766661259695,0.0001579796662553,0.1728261519247155,0.4291114121019309,0.570038113837528,0.0008504740605411,TRIAD_067,B04,B04_GapGuard-Raw_B3000,B,1829910790,R2,cross_machine,False
normal,operational,calibrated,31747,0.0041381370299684,0.0032969785862575,0.1199273321299854,0.4719186064825023,0.5280813935174977,0.0,TRIAD_067,B04,B04_GapGuard-Raw_B3000,B,1829910790,R2,cross_machine,False
normal,tail_gap,raw,10000,0.0027268879936387,-1.2457370757945618e-05,0.2903403428260761,0.5135,0.4838,0.0027,TRIAD_067,B04,B04_GapGuard-Raw_B3000,B,1829910790,R2,cross_machine,False
normal,tail_gap,calibrated,10000,0.0079165787113437,0.0030443478323381,0.1773817700262064,0.4826,0.5174,0.0,TRIAD_067,B04,B04_GapGuard-Raw_B3000,B,1829910790,R2,cross_machine,False
defect,all,raw,20000,-8.696328538844771e-05,-1.1920928955078125e-07,0.0949126558051379,0.27,0.52235,0.20765,TRIAD_067,B04,B04_GapGuard-Raw_B3000,B,1829910790,R2,cross_machine,False
defect,all,calibrated,20000,0.000569207714439,0.0014517130337051,0.070217107872802,0.6251,0.3749,0.0,TRIAD_067,B04,B04_GapGuard-Raw_B3000,B,1829910790,R2,cross_machine,False
defect,operational,raw,95,-6.758311961999057e-05,1.4943794667487964e-05,0.0014262684381969,0.7368421052631579,0.2631578947368421,0.0,TRIAD_067,B04,B04_GapGuard-Raw_B3000,B,1829910790,R2,cross_machine,False
defect,operational,calibrated,95,0.0016917312633414,0.0008629678151759,0.0258394454691755,0.5578947368421052,0.4421052631578947,0.0,TRIAD_067,B04,B04_GapGuard-Raw_B3000,B,1829910790,R2,cross_machine,False
defect,tail_gap,raw,1000,0.0070531820578216,0.0001153028251792,0.2854525344621562,0.562,0.438,0.0,TRIAD_067,B04,B04_GapGuard-Raw_B3000,B,1829910790,R2,cross_machine,False
defect,tail_gap,calibrated,1000,0.0076667470602517,0.0042799697558388,0.1717310689713067,0.523,0.477,0.0,TRIAD_067,B04,B04_GapGuard-Raw_B3000,B,1829910790,R2,cross_machine,False
normal,all,raw,100000,0.0016447109651905,-2.9351669011967765e-10,0.096883336040489,0.50346,0.49631,0.00023,TRIAD_068,B04,B04_GapGuard-Raw_B3000,B,1385197443,R1,cross_machine,False
normal,all,calibrated,100000,-0.0002202059826678,-0.0001565857466611,0.0694972835374414,0.58484,0.41516,0.0,TRIAD_068,B04,B04_GapGuard-Raw_B3000,B,1385197443,R1,cross_machine,False
normal,operational,raw,31747,0.0051287273218896,6.408470653695986e-06,0.1718197774585363,0.4916370050713453,0.5076385170252308,0.0007244779034239,TRIAD_068,B04,B04_GapGuard-Raw_B3000,B,1385197443,R1,cross_machine,False
normal,operational,calibrated,31747,0.000316339487113,-0.0011500657164892,0.1218576489347125,0.5105994267174851,0.4894005732825149,0.0,TRIAD_068,B04,B04_GapGuard-Raw_B3000,B,1385197443,R1,cross_machine,False
normal,tail_gap,raw,10000,0.0151721083696857,8.52644443512518e-05,0.2910689530345581,0.4729,0.5248,0.0023,TRIAD_068,B04,B04_GapGuard-Raw_B3000,B,1385197443,R1,cross_machine,False
normal,tail_gap,calibrated,10000,0.0057748611638695,0.0030483205823477,0.1796784044629245,0.4857,0.5143,0.0,TRIAD_068,B04,B04_GapGuard-Raw_B3000,B,1385197443,R1,cross_machine,False
defect,all,raw,20000,1.922860100289325e-05,0.0,0.1029220095527422,0.37245,0.42285,0.2047,TRIAD_068,B04,B04_GapGuard-Raw_B3000,B,1385197443,R1,cross_machine,False
defect,all,calibrated,20000,-0.0005277451018127,-1.2648933586989486e-05,0.0727441442904931,0.3677,0.6323,0.0,TRIAD_068,B04,B04_GapGuard-Raw_B3000,B,1385197443,R1,cross_machine,False
defect,operational,raw,95,-0.0001042185450024,3.339330760354642e-06,0.000715960646443,0.5473684210526316,0.4526315789473684,0.0,TRIAD_068,B04,B04_GapGuard-Raw_B3000,B,1385197443,R1,cross_machine,False
defect,operational,calibrated,95,-0.0027318281244575,0.0008187747133137,0.0270123741968975,0.5052631578947369,0.4947368421052631,0.0,TRIAD_068,B04,B04_GapGuard-Raw_B3000,B,1385197443,R1,cross_machine,False
defect,tail_gap,raw,1000,-0.008132410867348,-9.84192547548446e-06,0.3064048937982511,0.482,0.518,0.0,TRIAD_068,B04,B04_GapGuard-Raw_B3000,B,1385197443,R1,cross_machine,False
defect,tail_gap,calibrated,1000,-0.0090686938103486,-0.0048348077446234,0.1829977955540476,0.471,0.529,0.0,TRIAD_068,B04,B04_GapGuard-Raw_B3000,B,1385197443,R1,cross_machine,False
normal,all,raw,100000,0.0004823363021785,-7.750160524455654e-08,0.0922562103921665,0.57842,0.42146,0.00012,TRIAD_068,B04,B04_GapGuard-Raw_B3000,B,1385197443,R2,cross_machine,False
normal,all,calibrated,100000,-0.0008139079355246,0.0009023964978075,0.0669532844703521,0.39702,0.60298,0.0,TRIAD_068,B04,B04_GapGuard-Raw_B3000,B,1385197443,R2,cross_machine,False
normal,operational,raw,31747,0.0015207958476707,-0.0001320023870903,0.1635563057116411,0.5595174347182411,0.4401045768104072,0.0003779884713516,TRIAD_068,B04,B04_GapGuard-Raw_B3000,B,1385197443,R2,cross_machine,False
normal,operational,calibrated,31747,-0.0050874908242785,-0.0037935862333961,0.1171878826536821,0.5298768387564179,0.470123161243582,0.0,TRIAD_068,B04,B04_GapGuard-Raw_B3000,B,1385197443,R2,cross_machine,False
normal,tail_gap,raw,10000,0.0070175849870113,0.000143766403198,0.2764429853512186,0.4658,0.533,0.0012,TRIAD_068,B04,B04_GapGuard-Raw_B3000,B,1385197443,R2,cross_machine,False
normal,tail_gap,calibrated,10000,-0.0049452696789515,-0.0023204188827003,0.1717864649663159,0.5124,0.4876,0.0,TRIAD_068,B04,B04_GapGuard-Raw_B3000,B,1385197443,R2,cross_machine,False
defect,all,raw,20000,0.0026779074887682,2.384185789905402e-07,0.0974308435187136,0.5431,0.29335,0.16355,TRIAD_068,B04,B04_GapGuard-Raw_B3000,B,1385197443,R2,cross_machine,False
defect,all,calibrated,20000,0.0008412278498518,-0.0012320257661467,0.0691968590452162,0.38755,0.61245,0.0,TRIAD_068,B04,B04_GapGuard-Raw_B3000,B,1385197443,R2,cross_machine,False
defect,operational,raw,95,-5.660544560584117e-05,-2.3123383474654707e-07,0.0004767260104567,0.4631578947368421,0.5368421052631579,0.0,TRIAD_068,B04,B04_GapGuard-Raw_B3000,B,1385197443,R2,cross_machine,False
defect,operational,calibrated,95,0.0002179897345124,0.0014551594889266,0.0209082451323671,0.5473684210526316,0.4526315789473684,0.0,TRIAD_068,B04,B04_GapGuard-Raw_B3000,B,1385197443,R2,cross_machine,False
defect,tail_gap,raw,1000,0.0088268996992769,-0.0001284601985389,0.2802654418527845,0.449,0.551,0.0,TRIAD_068,B04,B04_GapGuard-Raw_B3000,B,1385197443,R2,cross_machine,False
defect,tail_gap,calibrated,1000,-0.0047396318644542,-0.0054629112723048,0.1702725416843648,0.465,0.535,0.0,TRIAD_068,B04,B04_GapGuard-Raw_B3000,B,1385197443,R2,cross_machine,False
normal,all,raw,100000,0.0020472165465742,1.331046785679746e-06,0.0993737054099234,0.29293,0.70695,0.00012,TRIAD_069,B04,B04_GapGuard-Raw_B3000,B,1343723075,R1,cross_machine,False
normal,all,calibrated,100000,0.0009807332742455,-0.0018395729779564,0.0714005543881912,0.61202,0.38798,0.0,TRIAD_069,B04,B04_GapGuard-Raw_B3000,B,1343723075,R1,cross_machine,False
normal,operational,raw,31747,0.0063502768173067,0.0004224777221679,0.176158721210532,0.3663968248968406,0.6332251866318077,0.0003779884713516,TRIAD_069,B04,B04_GapGuard-Raw_B3000,B,1343723075,R1,cross_machine,False
normal,operational,calibrated,31747,0.0055885660724742,0.0032617922831451,0.1250426932921882,0.4745960248212429,0.525403975178757,0.0,TRIAD_069,B04,B04_GapGuard-Raw_B3000,B,1343723075,R1,cross_machine,False
normal,tail_gap,raw,10000,0.0132564379582378,-4.410743713267884e-06,0.2986756895603963,0.5074,0.4914,0.0012,TRIAD_069,B04,B04_GapGuard-Raw_B3000,B,1343723075,R1,cross_machine,False
normal,tail_gap,calibrated,10000,0.0096573569422343,0.0025375318227767,0.1860308277915611,0.487,0.513,0.0,TRIAD_069,B04,B04_GapGuard-Raw_B3000,B,1343723075,R1,cross_machine,False
defect,all,raw,20000,-0.0022938990144452,-5.96046447642884e-07,0.0995422402474838,0.213,0.60985,0.17715,TRIAD_069,B04,B04_GapGuard-Raw_B3000,B,1343723075,R1,cross_machine,False
defect,all,calibrated,20000,-0.0007111490007524,0.0023239005740012,0.0721261608218983,0.63285,0.36715,0.0,TRIAD_069,B04,B04_GapGuard-Raw_B3000,B,1343723075,R1,cross_machine,False
defect,operational,raw,95,0.0001185549364377,2.807732471410418e-05,0.0043358354731428,0.8105263157894737,0.1894736842105263,0.0,TRIAD_069,B04,B04_GapGuard-Raw_B3000,B,1343723075,R1,cross_machine,False
defect,operational,calibrated,95,0.0028006134241233,0.002327706638654,0.0292734347846242,0.631578947368421,0.3684210526315789,0.0,TRIAD_069,B04,B04_GapGuard-Raw_B3000,B,1343723075,R1,cross_machine,False
defect,tail_gap,raw,1000,-0.0136011759825935,0.0002630653020787,0.2983317961694752,0.583,0.417,0.0,TRIAD_069,B04,B04_GapGuard-Raw_B3000,B,1343723075,R1,cross_machine,False
defect,tail_gap,calibrated,1000,-0.0053960080176214,0.001549292710981,0.1794555952982071,0.512,0.488,0.0,TRIAD_069,B04,B04_GapGuard-Raw_B3000,B,1343723075,R1,cross_machine,False
normal,all,raw,100000,0.0022412561664454,1.0182558933813368e-06,0.0984532996957597,0.30857,0.69126,0.00017,TRIAD_069,B04,B04_GapGuard-Raw_B3000,B,1343723075,R2,cross_machine,False
normal,all,calibrated,100000,0.0011560187311665,-0.001965968086214,0.0704632218106858,0.62382,0.37618,0.0,TRIAD_069,B04,B04_GapGuard-Raw_B3000,B,1343723075,R2,cross_machine,False
normal,operational,raw,31747,0.0069312943649829,0.000413187954109,0.17457876082149,0.3685072605285538,0.630957255803698,0.0005354836677481,TRIAD_069,B04,B04_GapGuard-Raw_B3000,B,1343723075,R2,cross_machine,False
normal,operational,calibrated,31747,0.0070973933603585,0.0041312099524661,0.1233557643562507,0.4676347371405172,0.5323652628594828,0.0,TRIAD_069,B04,B04_GapGuard-Raw_B3000,B,1343723075,R2,cross_machine,False
normal,tail_gap,raw,10000,0.015819130480944,-4.88758087152652e-06,0.2943709240947614,0.5081,0.4902,0.0017,TRIAD_069,B04,B04_GapGuard-Raw_B3000,B,1343723075,R2,cross_machine,False
normal,tail_gap,calibrated,10000,0.0122839024073341,0.0051786269022252,0.182177162853285,0.4762,0.5238,0.0,TRIAD_069,B04,B04_GapGuard-Raw_B3000,B,1343723075,R2,cross_machine,False
defect,all,raw,20000,-0.0014569423430113,-5.960464477539062e-07,0.0985674336376779,0.2035,0.6166,0.1799,TRIAD_069,B04,B04_GapGuard-Raw_B3000,B,1343723075,R2,cross_machine,False
defect,all,calibrated,20000,-0.0001415263347965,0.0022699637570215,0.0716642009373187,0.6304,0.3696,0.0,TRIAD_069,B04,B04_GapGuard-Raw_B3000,B,1343723075,R2,cross_machine,False
defect,operational,raw,95,0.0003850910294229,3.963182825818612e-05,0.0032540944257606,0.8210526315789474,0.1789473684210526,0.0,TRIAD_069,B04,B04_GapGuard-Raw_B3000,B,1343723075,R2,cross_machine,False
defect,operational,calibrated,95,0.0036275211839361,0.0016073617389397,0.0280797105411331,0.5894736842105263,0.4105263157894737,0.0,TRIAD_069,B04,B04_GapGuard-Raw_B3000,B,1343723075,R2,cross_machine,False
defect,tail_gap,raw,1000,-0.0062807509388838,0.0003873156674671,0.2836843211601443,0.605,0.395,0.0,TRIAD_069,B04,B04_GapGuard-Raw_B3000,B,1343723075,R2,cross_machine,False
defect,tail_gap,calibrated,1000,-0.0001834337162599,0.0036175335685345,0.172527374700926,0.525,0.475,0.0,TRIAD_069,B04,B04_GapGuard-Raw_B3000,B,1343723075,R2,cross_machine,False
normal,all,raw,100000,0.0003777610845328,-8.723407629931955e-10,0.1042547886866296,0.50826,0.49138,0.00036,TRIAD_070,B05,B05_GapGuard-Raw_B3000,B,1829910790,R1,cross_machine,False
normal,all,calibrated,100000,-0.0006128602618857,-6.0679684966799975e-05,0.0732089058421484,0.58083,0.41917,0.0,TRIAD_070,B05,B05_GapGuard-Raw_B3000,B,1829910790,R1,cross_machine,False
normal,operational,raw,31747,0.0012095048094343,-7.152557371936652e-07,0.1849801052314479,0.5018741928371184,0.4969918417488266,0.0011339654140548,TRIAD_070,B05,B05_GapGuard-Raw_B3000,B,1829910790,R1,cross_machine,False
normal,operational,calibrated,31747,-0.001498895823456,-0.0012571474332745,0.1284261681117585,0.5105994267174851,0.4894005732825149,0.0,TRIAD_070,B05,B05_GapGuard-Raw_B3000,B,1829910790,R1,cross_machine,False
normal,tail_gap,raw,10000,0.0027983234206423,-9.5367431640625e-07,0.312613994912578,0.5043,0.4921,0.0036,TRIAD_070,B05,B05_GapGuard-Raw_B3000,B,1829910790,R1,cross_machine,False
normal,tail_gap,calibrated,10000,-0.0029576051996128,-0.0023700466919452,0.1918957693749297,0.5152,0.4848,0.0,TRIAD_070,B05,B05_GapGuard-Raw_B3000,B,1829910790,R1,cross_machine,False
defect,all,raw,20000,0.0004622389463888,0.0,0.1043339524802019,0.40945,0.35885,0.2317,TRIAD_070,B05,B05_GapGuard-Raw_B3000,B,1829910790,R1,cross_machine,False
defect,all,calibrated,20000,-0.0001493848713751,-4.319089430793177e-05,0.074923623769505,0.4069,0.5931,0.0,TRIAD_070,B05,B05_GapGuard-Raw_B3000,B,1829910790,R1,cross_machine,False
defect,operational,raw,95,3.141162353944409e-05,3.95021743315736e-07,0.0002941427438511,0.5473684210526316,0.4526315789473684,0.0,TRIAD_070,B05,B05_GapGuard-Raw_B3000,B,1829910790,R1,cross_machine,False
defect,operational,calibrated,95,0.0016334688582587,0.0001986416755102,0.019848819748613,0.5052631578947369,0.4947368421052631,0.0,TRIAD_070,B05,B05_GapGuard-Raw_B3000,B,1829910790,R1,cross_machine,False
defect,tail_gap,raw,1000,0.0171230954973844,2.7404509182815676e-05,0.3218143426259587,0.535,0.465,0.0,TRIAD_070,B05,B05_GapGuard-Raw_B3000,B,1829910790,R1,cross_machine,False
defect,tail_gap,calibrated,1000,0.0064999964119554,0.0035864210349784,0.1891575204823627,0.526,0.474,0.0,TRIAD_070,B05,B05_GapGuard-Raw_B3000,B,1829910790,R1,cross_machine,False
normal,all,raw,100000,0.00195314294773,6.62237531479093e-08,0.1034217267509118,0.39776,0.60188,0.00036,TRIAD_070,B05,B05_GapGuard-Raw_B3000,B,1829910790,R2,cross_machine,False
normal,all,calibrated,100000,-0.0001794739796229,-0.0008437792468122,0.0715104696158958,0.58086,0.41914,0.0,TRIAD_070,B05,B05_GapGuard-Raw_B3000,B,1829910790,R2,cross_machine,False
normal,operational,raw,31747,0.0061257337411946,4.2642264588721446e-05,0.1834773889273976,0.4494597914763599,0.5494062431095852,0.0011339654140548,TRIAD_070,B05,B05_GapGuard-Raw_B3000,B,1829910790,R2,cross_machine,False
normal,operational,calibrated,31747,-0.000531093444355,-6.746195987610004e-05,0.1254250222259276,0.5004567360695499,0.4995432639304501,0.0,TRIAD_070,B05,B05_GapGuard-Raw_B3000,B,1829910790,R2,cross_machine,False
normal,tail_gap,raw,10000,0.0166289013739317,2.0265579224187924e-06,0.3100038704568859,0.489,0.5074,0.0036,TRIAD_070,B05,B05_GapGuard-Raw_B3000,B,1829910790,R2,cross_machine,False
normal,tail_gap,calibrated,10000,-0.0006583841956575,-0.0012818718875298,0.1876394160138556,0.5063,0.4937,0.0,TRIAD_070,B05,B05_GapGuard-Raw_B3000,B,1829910790,R2,cross_machine,False
defect,all,raw,20000,0.0015798944895839,0.0,0.1032814847965136,0.3301,0.4062,0.2637,TRIAD_070,B05,B05_GapGuard-Raw_B3000,B,1829910790,R2,cross_machine,False
defect,all,calibrated,20000,-0.0001536761840266,0.0005000126024562,0.0732059679444292,0.6387,0.3613,0.0,TRIAD_070,B05,B05_GapGuard-Raw_B3000,B,1829910790,R2,cross_machine,False
defect,operational,raw,95,4.287140074298342e-05,1.0963807994812669e-06,0.0002950416267885,0.5894736842105263,0.4105263157894737,0.0,TRIAD_070,B05,B05_GapGuard-Raw_B3000,B,1829910790,R2,cross_machine,False
defect,operational,calibrated,95,0.0004057701245909,-0.000544032745192,0.020030793779542,0.4842105263157895,0.5157894736842106,0.0,TRIAD_070,B05,B05_GapGuard-Raw_B3000,B,1829910790,R2,cross_machine,False
defect,tail_gap,raw,1000,0.027402025162911,7.224850196501921e-05,0.3016432170497727,0.559,0.441,0.0,TRIAD_070,B05,B05_GapGuard-Raw_B3000,B,1829910790,R2,cross_machine,False
defect,tail_gap,calibrated,1000,0.0053685134372584,0.0016953605534224,0.1744742497820027,0.511,0.489,0.0,TRIAD_070,B05,B05_GapGuard-Raw_B3000,B,1829910790,R2,cross_machine,False
normal,all,raw,100000,-0.0018091070359441,2.4168092804810462e-09,0.1014978056166985,0.48536,0.51435,0.00029,TRIAD_071,B05,B05_GapGuard-Raw_B3000,B,1385197443,R1,cross_machine,False
normal,all,calibrated,100000,0.0001570296903779,-0.000573943518371,0.0711848378666642,0.59693,0.40307,0.0,TRIAD_071,B05,B05_GapGuard-Raw_B3000,B,1385197443,R1,cross_machine,False
normal,operational,raw,31747,-0.005662012615072,6.49495268589817e-06,0.1800585278647571,0.4905345386965697,0.5085519891643305,0.0009134721390997,TRIAD_071,B05,B05_GapGuard-Raw_B3000,B,1385197443,R1,cross_machine,False
normal,operational,calibrated,31747,0.0019428748339457,0.0014053547694197,0.1248816730039107,0.4872586386115223,0.5127413613884777,0.0,TRIAD_071,B05,B05_GapGuard-Raw_B3000,B,1385197443,R1,cross_machine,False
normal,tail_gap,raw,10000,-0.0148582901583499,-0.0001160502433776,0.302836334365152,0.537,0.4601,0.0029,TRIAD_071,B05,B05_GapGuard-Raw_B3000,B,1385197443,R1,cross_machine,False
normal,tail_gap,calibrated,10000,0.0029761166261865,0.0012652413033859,0.1839971694690624,0.4913,0.5087,0.0,TRIAD_071,B05,B05_GapGuard-Raw_B3000,B,1385197443,R1,cross_machine,False
defect,all,raw,20000,-0.0016716761345077,0.0,0.1031559936578744,0.2938,0.47925,0.22695,TRIAD_071,B05,B05_GapGuard-Raw_B3000,B,1385197443,R1,cross_machine,False
defect,all,calibrated,20000,0.0007950610798246,0.0012652413033859,0.0750705121794827,0.63655,0.36345,0.0,TRIAD_071,B05,B05_GapGuard-Raw_B3000,B,1385197443,R1,cross_machine,False
defect,operational,raw,95,6.144197447496818e-05,9.083248642127728e-07,0.0021020079393243,0.5473684210526316,0.4526315789473684,0.0,TRIAD_071,B05,B05_GapGuard-Raw_B3000,B,1385197443,R1,cross_machine,False
defect,operational,calibrated,95,-0.000948959062219,0.0001979338708396,0.0323605843081742,0.5052631578947369,0.4947368421052631,0.0,TRIAD_071,B05,B05_GapGuard-Raw_B3000,B,1385197443,R1,cross_machine,False
defect,tail_gap,raw,1000,-0.0117769123938144,3.286587840989341e-06,0.3153774355219614,0.512,0.488,0.0,TRIAD_071,B05,B05_GapGuard-Raw_B3000,B,1385197443,R1,cross_machine,False
defect,tail_gap,calibrated,1000,0.0047135142982589,0.0027487149951871,0.1897802979053259,0.517,0.483,0.0,TRIAD_071,B05,B05_GapGuard-Raw_B3000,B,1385197443,R1,cross_machine,False
normal,all,raw,100000,0.0011211118886153,2.57186880681104e-08,0.0982540389542847,0.44122,0.5585,0.00028,TRIAD_071,B05,B05_GapGuard-Raw_B3000,B,1385197443,R2,cross_machine,False
normal,all,calibrated,100000,0.0007887827276549,-0.0006648946720883,0.069290521890668,0.58825,0.41175,0.0,TRIAD_071,B05,B05_GapGuard-Raw_B3000,B,1385197443,R2,cross_machine,False
normal,operational,raw,31747,0.0035282712248873,6.10981078352779e-05,0.1743512218774988,0.444766434623744,0.5543515922764356,0.0008819730998204,TRIAD_071,B05,B05_GapGuard-Raw_B3000,B,1385197443,R2,cross_machine,False
normal,operational,calibrated,31747,0.0032800380886331,0.0027042510069114,0.1215795989483681,0.4758244873531357,0.5241755126468642,0.0,TRIAD_071,B05,B05_GapGuard-Raw_B3000,B,1385197443,R2,cross_machine,False
normal,tail_gap,raw,10000,0.008912530989509,1.1920928943975897e-07,0.2962465170534726,0.497,0.5002,0.0028,TRIAD_071,B05,B05_GapGuard-Raw_B3000,B,1385197443,R2,cross_machine,False
normal,tail_gap,calibrated,10000,0.0037466072581277,0.0006464185937818,0.1803338438474502,0.4955,0.5045,0.0,TRIAD_071,B05,B05_GapGuard-Raw_B3000,B,1385197443,R2,cross_machine,False
defect,all,raw,20000,-0.000327743112984,0.0,0.1026574535514921,0.3495,0.43205,0.21845,TRIAD_071,B05,B05_GapGuard-Raw_B3000,B,1385197443,R2,cross_machine,False
defect,all,calibrated,20000,-0.0001888078632409,0.0006464185937818,0.073459542305912,0.62675,0.37325,0.0,TRIAD_071,B05,B05_GapGuard-Raw_B3000,B,1385197443,R2,cross_machine,False
defect,operational,raw,95,5.8277031615500167e-05,4.919091225019656e-06,0.0026906382577343,0.6421052631578947,0.3578947368421052,0.0,TRIAD_071,B05,B05_GapGuard-Raw_B3000,B,1385197443,R2,cross_machine,False
defect,operational,calibrated,95,0.0028436011889131,0.0029509547584645,0.0314857076093721,0.5684210526315789,0.431578947368421,0.0,TRIAD_071,B05,B05_GapGuard-Raw_B3000,B,1385197443,R2,cross_machine,False
defect,tail_gap,raw,1000,-0.0059691014829989,2.9511368637803117e-06,0.2939169699432121,0.513,0.487,0.0,TRIAD_071,B05,B05_GapGuard-Raw_B3000,B,1385197443,R2,cross_machine,False
defect,tail_gap,calibrated,1000,-0.0031090696807716,-0.0003248064474611,0.179786179235008,0.497,0.503,0.0,TRIAD_071,B05,B05_GapGuard-Raw_B3000,B,1385197443,R2,cross_machine,False
normal,all,raw,100000,0.0004528468835126,-1.5281861820426462e-07,0.0998958495556428,0.61992,0.37983,0.00025,TRIAD_072,B05,B05_GapGuard-Raw_B3000,B,1343723075,R1,cross_machine,False
normal,all,calibrated,100000,-0.0011285228201497,0.0008630819117034,0.0706271325386684,0.44369,0.55631,0.0,TRIAD_072,B05,B05_GapGuard-Raw_B3000,B,1343723075,R1,cross_machine,False
normal,operational,raw,31747,0.0014438225344427,-8.790765423330005e-05,0.177251417279534,0.5580684789113932,0.4411440451066242,0.0007874759819825,TRIAD_072,B05,B05_GapGuard-Raw_B3000,B,1343723075,R1,cross_machine,False
normal,operational,calibrated,31747,-0.0032022106964622,-0.0037591201030592,0.1238899766965981,0.5299083377956972,0.4700916622043027,0.0,TRIAD_072,B05,B05_GapGuard-Raw_B3000,B,1343723075,R1,cross_machine,False
normal,tail_gap,raw,10000,0.0036332557373485,2.3543834686223782e-05,0.2993795867611658,0.4782,0.5193,0.0025,TRIAD_072,B05,B05_GapGuard-Raw_B3000,B,1343723075,R1,cross_machine,False
normal,tail_gap,calibrated,10000,-0.0032970255394174,-0.0011880688870593,0.1838741428737283,0.5056,0.4944,0.0,TRIAD_072,B05,B05_GapGuard-Raw_B3000,B,1343723075,R1,cross_machine,False
defect,all,raw,20000,0.0008797210412407,0.0,0.0965311545470864,0.4879,0.2987,0.2134,TRIAD_072,B05,B05_GapGuard-Raw_B3000,B,1343723075,R1,cross_machine,False
defect,all,calibrated,20000,-0.000552884224966,-0.0011880688870593,0.0711605614366799,0.37485,0.62515,0.0,TRIAD_072,B05,B05_GapGuard-Raw_B3000,B,1343723075,R1,cross_machine,False
defect,operational,raw,95,-0.0001372236516596,-4.529100806394126e-06,0.0008519518869813,0.3263157894736842,0.6736842105263158,0.0,TRIAD_072,B05,B05_GapGuard-Raw_B3000,B,1343723075,R1,cross_machine,False
defect,operational,calibrated,95,-0.0040146246721524,-0.0018820644100635,0.0239894137232499,0.3894736842105263,0.6105263157894737,0.0,TRIAD_072,B05,B05_GapGuard-Raw_B3000,B,1343723075,R1,cross_machine,False
defect,tail_gap,raw,1000,0.0025304824508827,-3.91933190257987e-06,0.2841805726830561,0.485,0.515,0.0,TRIAD_072,B05,B05_GapGuard-Raw_B3000,B,1343723075,R1,cross_machine,False
defect,tail_gap,calibrated,1000,-0.0047922568110397,-0.0001273970189806,0.1747612268206111,0.499,0.501,0.0,TRIAD_072,B05,B05_GapGuard-Raw_B3000,B,1343723075,R1,cross_machine,False
normal,all,raw,100000,0.0004983716877925,-2.839367250432462e-11,0.1001324750664495,0.50119,0.4985,0.00031,TRIAD_072,B05,B05_GapGuard-Raw_B3000,B,1343723075,R2,cross_machine,False
normal,all,calibrated,100000,-0.0006171283310933,-4.135758204610023e-05,0.0699625714442841,0.59479,0.40521,0.0,TRIAD_072,B05,B05_GapGuard-Raw_B3000,B,1343723075,R2,cross_machine,False
normal,operational,raw,31747,0.0015555504465925,1.2061500456000377e-06,0.1776646388529214,0.4954483888241409,0.5035751409582008,0.0009764702176583,TRIAD_072,B05,B05_GapGuard-Raw_B3000,B,1343723075,R2,cross_machine,False
normal,operational,calibrated,31747,-0.0017842720986623,-0.0010775303177186,0.1228021749964183,0.5100009449711784,0.4899990550288216,0.0,TRIAD_072,B05,B05_GapGuard-Raw_B3000,B,1343723075,R2,cross_machine,False
normal,tail_gap,raw,10000,0.0025163931449934,1.1920928953967902e-06,0.2997868641204964,0.4919,0.505,0.0031,TRIAD_072,B05,B05_GapGuard-Raw_B3000,B,1343723075,R2,cross_machine,False
normal,tail_gap,calibrated,10000,-0.0041736339717234,-0.0015334256129201,0.182609363846304,0.5098,0.4902,0.0,TRIAD_072,B05,B05_GapGuard-Raw_B3000,B,1343723075,R2,cross_machine,False
defect,all,raw,20000,0.0002533054729218,0.0,0.0975798594975803,0.4124,0.35335,0.23425,TRIAD_072,B05,B05_GapGuard-Raw_B3000,B,1343723075,R2,cross_machine,False
defect,all,calibrated,20000,-0.0001763821274588,-0.0002165292469331,0.070283789309707,0.4014,0.5986,0.0,TRIAD_072,B05,B05_GapGuard-Raw_B3000,B,1343723075,R2,cross_machine,False
defect,operational,raw,95,5.254031407226971e-05,2.443003950247656e-07,0.0003377450315582,0.5263157894736842,0.4736842105263157,0.0,TRIAD_072,B05,B05_GapGuard-Raw_B3000,B,1343723075,R2,cross_machine,False
defect,operational,calibrated,95,0.0021664672032628,0.0003504999441388,0.0166131117081957,0.5157894736842106,0.4842105263157895,0.0,TRIAD_072,B05,B05_GapGuard-Raw_B3000,B,1343723075,R2,cross_machine,False
defect,tail_gap,raw,1000,-0.0075144863103184,-1.073857238687026e-07,0.2863998525116628,0.497,0.503,0.0,TRIAD_072,B05,B05_GapGuard-Raw_B3000,B,1343723075,R2,cross_machine,False
defect,tail_gap,calibrated,1000,-0.0079019579023338,-0.00186305969975,0.1738054455462482,0.485,0.515,0.0,TRIAD_072,B05,B05_GapGuard-Raw_B3000,B,1343723075,R2,cross_machine,False
normal,all,raw,100000,0.0017663788375682,-7.195335429387163e-08,0.100574847438011,0.5853,0.41437,0.00033,TRIAD_073,B06,B06_GapGuard-ClassStrat_B3000,B,1829910790,R1,cross_machine,False
normal,all,calibrated,100000,-0.0003833277596136,0.00075846835115,0.0708594796779884,0.4397,0.5603,0.0,TRIAD_073,B06,B06_GapGuard-ClassStrat_B3000,B,1829910790,R1,cross_machine,False
normal,operational,raw,31747,0.0056620384578926,-3.2137676043930696e-05,0.1782917070015804,0.5307903108955176,0.4682017198475446,0.0010079692569376,TRIAD_073,B06,B06_GapGuard-ClassStrat_B3000,B,1829910790,R1,cross_machine,False
normal,operational,calibrated,31747,-0.0007723991447043,-0.0018474990854231,0.1241978376626833,0.5151982864522632,0.4848017135477367,0.0,TRIAD_073,B06,B06_GapGuard-ClassStrat_B3000,B,1829910790,R1,cross_machine,False
normal,tail_gap,raw,10000,0.0148854918749654,9.84072685240589e-05,0.3005979695549636,0.4643,0.5325,0.0032,TRIAD_073,B06,B06_GapGuard-ClassStrat_B3000,B,1829910790,R1,cross_machine,False
normal,tail_gap,calibrated,10000,0.0007597247837263,0.0004969180440703,0.1831108283122451,0.4976,0.5024,0.0,TRIAD_073,B06,B06_GapGuard-ClassStrat_B3000,B,1829910790,R1,cross_machine,False
defect,all,raw,20000,0.0021499128677249,0.0,0.0986463930718564,0.4488,0.31915,0.23205,TRIAD_073,B06,B06_GapGuard-ClassStrat_B3000,B,1829910790,R1,cross_machine,False
defect,all,calibrated,20000,0.0001323924427906,-0.0011983449793432,0.0712693620662028,0.3427,0.6573,0.0,TRIAD_073,B06,B06_GapGuard-ClassStrat_B3000,B,1829910790,R1,cross_machine,False
defect,operational,raw,95,0.0001876268445841,-3.8608161112563274e-09,0.0013145652433215,0.4947368421052631,0.5052631578947369,0.0,TRIAD_073,B06,B06_GapGuard-ClassStrat_B3000,B,1829910790,R1,cross_machine,False
defect,operational,calibrated,95,0.0031231339531964,0.0009780469335885,0.0222050678057962,0.5578947368421052,0.4421052631578947,0.0,TRIAD_073,B06,B06_GapGuard-ClassStrat_B3000,B,1829910790,R1,cross_machine,False
defect,tail_gap,raw,1000,0.0110069064845011,-2.813686137415061e-07,0.2880422126712624,0.496,0.504,0.0,TRIAD_073,B06,B06_GapGuard-ClassStrat_B3000,B,1829910790,R1,cross_machine,False
defect,tail_gap,calibrated,1000,0.0032434647020043,0.0002251035546691,0.1681167220521991,0.501,0.499,0.0,TRIAD_073,B06,B06_GapGuard-ClassStrat_B3000,B,1829910790,R1,cross_machine,False
normal,all,raw,100000,0.0015986129961823,-8.559290165521817e-08,0.09902593125544,0.59814,0.40161,0.00025,TRIAD_073,B06,B06_GapGuard-ClassStrat_B3000,B,1829910790,R2,cross_machine,False
normal,all,calibrated,100000,0.0004168127665993,0.0009333362201704,0.0696165938932014,0.4209,0.5791,0.0,TRIAD_073,B06,B06_GapGuard-ClassStrat_B3000,B,1829910790,R2,cross_machine,False
normal,operational,raw,31747,0.0050715803893687,-3.08978633256e-05,0.1756577933215055,0.5311053012883107,0.4681072227297067,0.0007874759819825,TRIAD_073,B06,B06_GapGuard-ClassStrat_B3000,B,1829910790,R2,cross_machine,False
normal,operational,calibrated,31747,0.0005001982029076,-0.0004240703931212,0.1222192532159275,0.5034176457618043,0.4965823542381957,0.0,TRIAD_073,B06,B06_GapGuard-ClassStrat_B3000,B,1829910790,R2,cross_machine,False
normal,tail_gap,raw,10000,0.0124975127437718,4.693865776062012e-05,0.2965641122232346,0.4688,0.5287,0.0025,TRIAD_073,B06,B06_GapGuard-ClassStrat_B3000,B,1829910790,R2,cross_machine,False
normal,tail_gap,calibrated,10000,-0.000278976015392,-0.0007703195731754,0.1805266002785897,0.5032,0.4968,0.0,TRIAD_073,B06,B06_GapGuard-ClassStrat_B3000,B,1829910790,R2,cross_machine,False
defect,all,raw,20000,0.0005377119813991,0.0,0.0975274937635216,0.47975,0.29635,0.2239,TRIAD_073,B06,B06_GapGuard-ClassStrat_B3000,B,1829910790,R2,cross_machine,False
defect,all,calibrated,20000,-0.001044828314647,-0.0013512309113111,0.0703551928419652,0.36275,0.63725,0.0,TRIAD_073,B06,B06_GapGuard-ClassStrat_B3000,B,1829910790,R2,cross_machine,False
defect,operational,raw,95,0.0001989119145358,-5.0051125466410447e-08,0.0015860543230884,0.4842105263157895,0.5157894736842106,0.0,TRIAD_073,B06,B06_GapGuard-ClassStrat_B3000,B,1829910790,R2,cross_machine,False
defect,operational,calibrated,95,0.0046961469758428,0.0013895280915811,0.0292659046416287,0.5368421052631579,0.4631578947368421,0.0,TRIAD_073,B06,B06_GapGuard-ClassStrat_B3000,B,1829910790,R2,cross_machine,False
defect,tail_gap,raw,1000,0.0116901707521259,-6.989878158947249e-06,0.2880013945354132,0.482,0.518,0.0,TRIAD_073,B06,B06_GapGuard-ClassStrat_B3000,B,1829910790,R2,cross_machine,False
defect,tail_gap,calibrated,1000,0.0026862773208962,-0.0002312643241191,0.1711289904449998,0.498,0.502,0.0,TRIAD_073,B06,B06_GapGuard-ClassStrat_B3000,B,1829910790,R2,cross_machine,False
normal,all,raw,100000,0.00060521216266,2.655341404533829e-07,0.1002323222901869,0.38632,0.61342,0.00026,TRIAD_074,B06,B06_GapGuard-ClassStrat_B3000,B,1385197443,R1,cross_machine,True
normal,all,calibrated,100000,9.45600352083835e-05,-0.0015649277687404,0.072210392476323,0.61524,0.38476,0.0,TRIAD_074,B06,B06_GapGuard-ClassStrat_B3000,B,1385197443,R1,cross_machine,True
normal,operational,raw,31747,0.0018531413368143,0.0001764922367328,0.1778709555115413,0.4188742243361577,0.5803068006425804,0.0008189750212618,TRIAD_074,B06,B06_GapGuard-ClassStrat_B3000,B,1385197443,R1,cross_machine,True
normal,operational,calibrated,31747,0.0029769404517399,0.0018650731395456,0.126665947125431,0.484927709704854,0.515072290295146,0.0,TRIAD_074,B06,B06_GapGuard-ClassStrat_B3000,B,1385197443,R1,cross_machine,True
normal,tail_gap,raw,10000,0.0014178957427621,-3.0100345611572266e-05,0.3003930824730231,0.5184,0.479,0.0026,TRIAD_074,B06,B06_GapGuard-ClassStrat_B3000,B,1385197443,R1,cross_machine,True
normal,tail_gap,calibrated,10000,0.0042320620318878,0.0015932300610863,0.1868006559399441,0.4909,0.5091,0.0,TRIAD_074,B06,B06_GapGuard-ClassStrat_B3000,B,1385197443,R1,cross_machine,True
defect,all,raw,20000,-0.0007593674182442,-1.1920928966180358e-07,0.0994439963985901,0.25935,0.5442,0.19645,TRIAD_074,B06,B06_GapGuard-ClassStrat_B3000,B,1385197443,R1,cross_machine,True
defect,all,calibrated,20000,-0.0002207635716491,0.0017261616042923,0.0735315257962825,0.62635,0.37365,0.0,TRIAD_074,B06,B06_GapGuard-ClassStrat_B3000,B,1385197443,R1,cross_machine,True
defect,operational,raw,95,0.0001377072716834,7.734386500146684e-06,0.0007204038126111,0.6736842105263158,0.3263157894736842,0.0,TRIAD_074,B06,B06_GapGuard-ClassStrat_B3000,B,1385197443,R1,cross_machine,True
defect,operational,calibrated,95,0.002837982659241,0.0006754791265635,0.0270860561816687,0.5263157894736842,0.4736842105263157,0.0,TRIAD_074,B06,B06_GapGuard-ClassStrat_B3000,B,1385197443,R1,cross_machine,True
defect,tail_gap,raw,1000,0.0017026682370019,0.0001476754891882,0.2921585729781034,0.553,0.447,0.0,TRIAD_074,B06,B06_GapGuard-ClassStrat_B3000,B,1385197443,R1,cross_machine,True
defect,tail_gap,calibrated,1000,0.0016572189907619,0.001384175151782,0.1811300654983767,0.512,0.488,0.0,TRIAD_074,B06,B06_GapGuard-ClassStrat_B3000,B,1385197443,R1,cross_machine,True
normal,all,raw,100000,0.0009626480573308,4.110180444882872e-07,0.0971639170797523,0.35041,0.64933,0.00026,TRIAD_074,B06,B06_GapGuard-ClassStrat_B3000,B,1385197443,R2,cross_machine,False
normal,all,calibrated,100000,0.0010156435080682,-0.0015545631559154,0.0699328290832282,0.59844,0.40156,0.0,TRIAD_074,B06,B06_GapGuard-ClassStrat_B3000,B,1385197443,R2,cross_machine,False
normal,operational,raw,31747,0.0030174187454157,0.0002067734603769,0.1723231457390822,0.4035026931678583,0.5956783318108798,0.0008189750212618,TRIAD_074,B06,B06_GapGuard-ClassStrat_B3000,B,1385197443,R2,cross_machine,False
normal,operational,calibrated,31747,0.0053442491494611,0.0030948594452712,0.1224886753186737,0.4758244873531357,0.5241755126468642,0.0,TRIAD_074,B06,B06_GapGuard-ClassStrat_B3000,B,1385197443,R2,cross_machine,False
normal,tail_gap,raw,10000,0.004083444396721,-1.0907649993896484e-05,0.2914179312745679,0.5126,0.4848,0.0026,TRIAD_074,B06,B06_GapGuard-ClassStrat_B3000,B,1385197443,R2,cross_machine,False
normal,tail_gap,calibrated,10000,0.0068876858204417,0.0017522268903021,0.1811491333464849,0.4896,0.5104,0.0,TRIAD_074,B06,B06_GapGuard-ClassStrat_B3000,B,1385197443,R2,cross_machine,False
defect,all,raw,20000,0.0001672475537434,-2.384185792125848e-07,0.0996717858918042,0.25495,0.55025,0.1948,TRIAD_074,B06,B06_GapGuard-ClassStrat_B3000,B,1385197443,R2,cross_machine,False
defect,all,calibrated,20000,-0.0001946245088444,0.0017522268903021,0.0719016469703576,0.6221,0.3779,0.0,TRIAD_074,B06,B06_GapGuard-ClassStrat_B3000,B,1385197443,R2,cross_machine,False
defect,operational,raw,95,0.0001377837239343,1.0208956155111084e-05,0.0005683839346461,0.6736842105263158,0.3263157894736842,0.0,TRIAD_074,B06,B06_GapGuard-ClassStrat_B3000,B,1385197443,R2,cross_machine,False
defect,operational,calibrated,95,0.0019842567670755,0.0003034054157501,0.0211472041442733,0.5157894736842106,0.4842105263157895,0.0,TRIAD_074,B06,B06_GapGuard-ClassStrat_B3000,B,1385197443,R2,cross_machine,False
defect,tail_gap,raw,1000,0.0075922531138136,0.0002345902139495,0.284655378339074,0.576,0.424,0.0,TRIAD_074,B06,B06_GapGuard-ClassStrat_B3000,B,1385197443,R2,cross_machine,False
defect,tail_gap,calibrated,1000,0.0089539034583504,0.002143173464059,0.1723777453333839,0.512,0.488,0.0,TRIAD_074,B06,B06_GapGuard-ClassStrat_B3000,B,1385197443,R2,cross_machine,False
normal,all,raw,100000,-0.0052656081863192,-1.2287854467274428e-06,0.098310773132669,0.68458,0.31522,0.0002,TRIAD_075,B06,B06_GapGuard-ClassStrat_B3000,B,1343723075,R1,cross_machine,False
normal,all,calibrated,100000,-0.00304837969127,0.0016895348519755,0.0703937502629842,0.39614,0.60386,0.0,TRIAD_075,B06,B06_GapGuard-ClassStrat_B3000,B,1343723075,R1,cross_machine,False
normal,operational,raw,31747,-0.0164965389780113,-0.0006086162102291,0.173868039026765,0.6595268844300248,0.3398431347843891,0.000629980785586,TRIAD_075,B06,B06_GapGuard-ClassStrat_B3000,B,1343723075,R1,cross_machine,False
normal,operational,calibrated,31747,-0.0120559784431523,-0.0066178603628189,0.1229939890240329,0.5528711374303084,0.4471288625696916,0.0,TRIAD_075,B06,B06_GapGuard-ClassStrat_B3000,B,1343723075,R1,cross_machine,False
normal,tail_gap,raw,10000,-0.0402678519081968,-0.001804232597351,0.2916046624418564,0.5405,0.4575,0.002,TRIAD_075,B06,B06_GapGuard-ClassStrat_B3000,B,1343723075,R1,cross_machine,False
normal,tail_gap,calibrated,10000,-0.0207791342268884,-0.0110898420367657,0.1813149171021804,0.547,0.453,0.0,TRIAD_075,B06,B06_GapGuard-ClassStrat_B3000,B,1343723075,R1,cross_machine,False
defect,all,raw,20000,0.0004276617293821,3.5762786876336605e-07,0.0957255229019515,0.58395,0.23965,0.1764,TRIAD_075,B06,B06_GapGuard-ClassStrat_B3000,B,1343723075,R1,cross_machine,False
defect,all,calibrated,20000,0.00135946511876,-0.0017177624020368,0.0705011725382092,0.39205,0.60795,0.0,TRIAD_075,B06,B06_GapGuard-ClassStrat_B3000,B,1343723075,R1,cross_machine,False
defect,operational,raw,95,-7.093063223268221e-05,-1.9048848940883545e-05,0.0006386240912117,0.2526315789473684,0.7473684210526316,0.0,TRIAD_075,B06,B06_GapGuard-ClassStrat_B3000,B,1343723075,R1,cross_machine,False
defect,operational,calibrated,95,0.0016663296182187,-0.0005243120036605,0.0241651278529661,0.4736842105263157,0.5263157894736842,0.0,TRIAD_075,B06,B06_GapGuard-ClassStrat_B3000,B,1343723075,R1,cross_machine,False
defect,tail_gap,raw,1000,-0.0041512655865943,-0.0005769940671597,0.2841732883044904,0.388,0.612,0.0,TRIAD_075,B06,B06_GapGuard-ClassStrat_B3000,B,1343723075,R1,cross_machine,False
defect,tail_gap,calibrated,1000,0.0027732927563896,-0.0024634802681779,0.1707553276956699,0.482,0.518,0.0,TRIAD_075,B06,B06_GapGuard-ClassStrat_B3000,B,1343723075,R1,cross_machine,False
normal,all,raw,100000,-0.0038880738033957,-4.6962332689304286e-07,0.0963517656120139,0.64484,0.35492,0.00024,TRIAD_075,B06,B06_GapGuard-ClassStrat_B3000,B,1343723075,R2,cross_machine,False
normal,all,calibrated,100000,-0.0017241851479163,0.0015523292923904,0.0684642082202576,0.38966,0.61034,0.0,TRIAD_075,B06,B06_GapGuard-ClassStrat_B3000,B,1343723075,R2,cross_machine,False
normal,operational,raw,31747,-0.0122115503081844,-0.0003294656580691,0.1706263883650399,0.6264843922260371,0.3727596308312596,0.0007559769427032,TRIAD_075,B06,B06_GapGuard-ClassStrat_B3000,B,1343723075,R2,cross_machine,False
normal,operational,calibrated,31747,-0.0082022935201156,-0.0040250127638888,0.1198930962520481,0.5341922071376823,0.4658077928623177,0.0,TRIAD_075,B06,B06_GapGuard-ClassStrat_B3000,B,1343723075,R2,cross_machine,False
normal,tail_gap,raw,10000,-0.0302384587705811,-0.000552862882614,0.2873365891228765,0.5318,0.4658,0.0024,TRIAD_075,B06,B06_GapGuard-ClassStrat_B3000,B,1343723075,R2,cross_machine,False
normal,tail_gap,calibrated,10000,-0.0139679550055152,-0.0068283908177762,0.1768186815747707,0.5336,0.4664,0.0,TRIAD_075,B06,B06_GapGuard-ClassStrat_B3000,B,1343723075,R2,cross_machine,False
defect,all,raw,20000,0.0003169517153957,1.1920928955078125e-07,0.0973440043427344,0.53635,0.26505,0.1986,TRIAD_075,B06,B06_GapGuard-ClassStrat_B3000,B,1343723075,R2,cross_machine,False
defect,all,calibrated,20000,0.0010720997709174,-0.001487020881333,0.0702511738819926,0.38075,0.61925,0.0,TRIAD_075,B06,B06_GapGuard-ClassStrat_B3000,B,1343723075,R2,cross_machine,False
defect,operational,raw,95,-0.0002302651955611,-1.5117564544198103e-05,0.0010884760631252,0.3052631578947368,0.6947368421052632,0.0,TRIAD_075,B06,B06_GapGuard-ClassStrat_B3000,B,1343723075,R2,cross_machine,False
defect,operational,calibrated,95,-0.0029491076090225,-0.0017250939488709,0.0285942223293176,0.4421052631578947,0.5578947368421052,0.0,TRIAD_075,B06,B06_GapGuard-ClassStrat_B3000,B,1343723075,R2,cross_machine,False
defect,tail_gap,raw,1000,-0.0060414224701599,-0.0003459380832282,0.2845362870372177,0.425,0.575,0.0,TRIAD_075,B06,B06_GapGuard-ClassStrat_B3000,B,1343723075,R2,cross_machine,False
defect,tail_gap,calibrated,1000,0.0015273677618251,-0.0001142881244978,0.1702826261392725,0.499,0.501,0.0,TRIAD_075,B06,B06_GapGuard-ClassStrat_B3000,B,1343723075,R2,cross_machine,False
normal,all,raw,100000,-0.0016809544697906,-3.4235374535285237e-09,0.1026772539543811,0.51955,0.4802,0.00025,TRIAD_076,A02,C_A02_GapCritical-Strict_B3000,C,440790218,R1,cross_machine,False
normal,all,calibrated,100000,-0.0017990003454565,0.0002861004492168,0.0726546561071879,0.42227,0.57773,0.0,TRIAD_076,A02,C_A02_GapCritical-Strict_B3000,C,440790218,R1,cross_machine,False
normal,operational,raw,31747,-0.0053018483014772,-3.750124233192764e-05,0.182173619588002,0.5383500803225502,0.4608624436954673,0.0007874759819825,TRIAD_076,A02,C_A02_GapCritical-Strict_B3000,C,440790218,R1,cross_machine,False
normal,operational,calibrated,31747,-0.0061836890893153,-0.0034944203009827,0.1273323116929034,0.5276719060068668,0.4723280939931332,0.0,TRIAD_076,A02,C_A02_GapCritical-Strict_B3000,C,440790218,R1,cross_machine,False
normal,tail_gap,raw,10000,-0.0144837569904554,-1.0669231414794922e-05,0.3091748407121156,0.5141,0.4834,0.0025,TRIAD_076,A02,C_A02_GapCritical-Strict_B3000,C,440790218,R1,cross_machine,False
normal,tail_gap,calibrated,10000,-0.0091810454997091,-0.0027842916322773,0.1889396812235091,0.5175,0.4825,0.0,TRIAD_076,A02,C_A02_GapCritical-Strict_B3000,C,440790218,R1,cross_machine,False
defect,all,raw,20000,-0.000474094695914,0.0,0.1035757932416175,0.3895,0.35695,0.25355,TRIAD_076,A02,C_A02_GapCritical-Strict_B3000,C,440790218,R1,cross_machine,False
defect,all,calibrated,20000,0.0003149402414463,-0.0002872636152519,0.0746005201047965,0.35225,0.64775,0.0,TRIAD_076,A02,C_A02_GapCritical-Strict_B3000,C,440790218,R1,cross_machine,False
defect,operational,raw,95,-0.0007135890617978,4.298942712921395e-08,0.0072849287604656,0.5157894736842106,0.4842105263157895,0.0,TRIAD_076,A02,C_A02_GapCritical-Strict_B3000,C,440790218,R1,cross_machine,False
defect,operational,calibrated,95,-0.0002542053396193,0.0010071399410785,0.032349953585796,0.5578947368421052,0.4421052631578947,0.0,TRIAD_076,A02,C_A02_GapCritical-Strict_B3000,C,440790218,R1,cross_machine,False
defect,tail_gap,raw,1000,0.0090083950684932,-1.054850553572349e-06,0.294279903564524,0.492,0.508,0.0,TRIAD_076,A02,C_A02_GapCritical-Strict_B3000,C,440790218,R1,cross_machine,False
defect,tail_gap,calibrated,1000,0.0019778650951564,0.0002861004492168,0.1762332227704556,0.503,0.497,0.0,TRIAD_076,A02,C_A02_GapCritical-Strict_B3000,C,440790218,R1,cross_machine,False
normal,all,raw,100000,-0.0001655800749239,5.8990159423899596e-09,0.1009977423920542,0.47134,0.52829,0.00037,TRIAD_076,A02,C_A02_GapCritical-Strict_B3000,C,440790218,R2,cross_machine,False
normal,all,calibrated,100000,-0.0002512078960709,-3.285430023939988e-05,0.0715458148021171,0.55831,0.44169,0.0,TRIAD_076,A02,C_A02_GapCritical-Strict_B3000,C,440790218,R2,cross_machine,False
normal,operational,raw,31747,-0.0005042186534437,2.050292096100761e-06,0.1791913214278702,0.4934324503102655,0.5054020852364003,0.0011654644533341,TRIAD_076,A02,C_A02_GapCritical-Strict_B3000,C,440790218,R2,cross_machine,False
normal,operational,calibrated,31747,-0.0015386311305162,-0.0001426123178537,0.1254154931056203,0.5025671717012631,0.4974328282987368,0.0,TRIAD_076,A02,C_A02_GapCritical-Strict_B3000,C,440790218,R2,cross_machine,False
normal,tail_gap,raw,10000,-0.0024265480485491,0.0,0.3041445396291168,0.4969,0.4994,0.0037,TRIAD_076,A02,C_A02_GapCritical-Strict_B3000,C,440790218,R2,cross_machine,False
normal,tail_gap,calibrated,10000,-0.004310255609969,-0.0011674808757848,0.1863896662728636,0.5091,0.4909,0.0,TRIAD_076,A02,C_A02_GapCritical-Strict_B3000,C,440790218,R2,cross_machine,False
defect,all,raw,20000,-2.964481802049619e-05,0.0,0.1062331440038646,0.4038,0.34525,0.25095,TRIAD_076,A02,C_A02_GapCritical-Strict_B3000,C,440790218,R2,cross_machine,False
defect,all,calibrated,20000,0.000483288320528,-0.0001072222214257,0.0750893509352506,0.40025,0.59975,0.0,TRIAD_076,A02,C_A02_GapCritical-Strict_B3000,C,440790218,R2,cross_machine,False
defect,operational,raw,95,-6.913056719598342e-05,-4.919363227884333e-08,0.0005687799308358,0.4947368421052631,0.5052631578947369,0.0,TRIAD_076,A02,C_A02_GapCritical-Strict_B3000,C,440790218,R2,cross_machine,False
defect,operational,calibrated,95,-0.0021888356645319,-3.285430023939988e-05,0.0260110961502531,0.4842105263157895,0.5157894736842106,0.0,TRIAD_076,A02,C_A02_GapCritical-Strict_B3000,C,440790218,R2,cross_machine,False
defect,tail_gap,raw,1000,0.0051051712648761,4.238734618411398e-06,0.3101972668768659,0.516,0.484,0.0,TRIAD_076,A02,C_A02_GapCritical-Strict_B3000,C,440790218,R2,cross_machine,False
defect,tail_gap,calibrated,1000,-0.0012723807897484,0.0007968146059312,0.1837852293575332,0.504,0.496,0.0,TRIAD_076,A02,C_A02_GapCritical-Strict_B3000,C,440790218,R2,cross_machine,False
normal,all,raw,100000,0.0025775405510421,8.891215417250464e-07,0.0989236674719507,0.31919,0.68069,0.00012,TRIAD_077,A02,C_A02_GapCritical-Strict_B3000,C,1625332720,R1,cross_machine,False
normal,all,calibrated,100000,-0.0001114683688672,-0.0014761749082198,0.0700223298649442,0.61432,0.38568,0.0,TRIAD_077,A02,C_A02_GapCritical-Strict_B3000,C,1625332720,R1,cross_machine,False
normal,operational,raw,31747,0.0080352026206953,0.0004180009418633,0.1752815790849714,0.3909975745739755,0.6086244369546728,0.0003779884713516,TRIAD_077,A02,C_A02_GapCritical-Strict_B3000,C,1625332720,R1,cross_machine,False
normal,operational,calibrated,31747,0.0027573886486522,0.0010890626761485,0.1227406182951595,0.4910070242857592,0.5089929757142407,0.0,TRIAD_077,A02,C_A02_GapCritical-Strict_B3000,C,1625332720,R1,cross_machine,False
normal,tail_gap,raw,10000,0.018921514197948,2.3245811461847232e-06,0.2939927195461563,0.4963,0.5025,0.0012,TRIAD_077,A02,C_A02_GapCritical-Strict_B3000,C,1625332720,R1,cross_machine,False
normal,tail_gap,calibrated,10000,0.0074262824393038,0.0035529021686442,0.1799199141349943,0.4811,0.5189,0.0,TRIAD_077,A02,C_A02_GapCritical-Strict_B3000,C,1625332720,R1,cross_machine,False
defect,all,raw,20000,-0.0001547304536741,-2.384185792125848e-07,0.0995307162213726,0.26385,0.5666,0.16955,TRIAD_077,A02,C_A02_GapCritical-Strict_B3000,C,1625332720,R1,cross_machine,False
defect,all,calibrated,20000,-0.0004039225782557,0.0017415466297739,0.0727343453991085,0.62345,0.37655,0.0,TRIAD_077,A02,C_A02_GapCritical-Strict_B3000,C,1625332720,R1,cross_machine,False
defect,operational,raw,95,0.0003956800110537,1.928034907905385e-05,0.0032653359744613,0.7578947368421053,0.2421052631578947,0.0,TRIAD_077,A02,C_A02_GapCritical-Strict_B3000,C,1625332720,R1,cross_machine,False
defect,operational,calibrated,95,-0.0001288326809348,0.0005040440778308,0.0316413630071277,0.5157894736842106,0.4842105263157895,0.0,TRIAD_077,A02,C_A02_GapCritical-Strict_B3000,C,1625332720,R1,cross_machine,False
defect,tail_gap,raw,1000,-0.0101147243882322,0.0002991159189491,0.306629258222539,0.572,0.428,0.0,TRIAD_077,A02,C_A02_GapCritical-Strict_B3000,C,1625332720,R1,cross_machine,False
defect,tail_gap,calibrated,1000,-0.0120819760682126,-0.0017731923849754,0.1799746212869104,0.486,0.514,0.0,TRIAD_077,A02,C_A02_GapCritical-Strict_B3000,C,1625332720,R1,cross_machine,False
normal,all,raw,100000,0.0034151532221567,8.871806613797162e-07,0.0963141056132532,0.31382,0.68601,0.00017,TRIAD_077,A02,C_A02_GapCritical-Strict_B3000,C,1625332720,R2,cross_machine,False
normal,all,calibrated,100000,0.0004699842598638,-0.0010959705225138,0.0682730159441909,0.5895,0.4105,0.0,TRIAD_077,A02,C_A02_GapCritical-Strict_B3000,C,1625332720,R2,cross_machine,False
normal,operational,raw,31747,0.0106557849362653,0.0004137073992751,0.1706031349969903,0.3892966264528932,0.6101678898793587,0.0005354836677481,TRIAD_077,A02,C_A02_GapCritical-Strict_B3000,C,1625332720,R2,cross_machine,False
normal,operational,calibrated,31747,0.0036673938273512,0.00177274798907,0.1196860064072035,0.4842347308407093,0.5157652691592907,0.0,TRIAD_077,A02,C_A02_GapCritical-Strict_B3000,C,1625332720,R2,cross_machine,False
normal,tail_gap,raw,10000,0.0257665880038666,2.518296241760254e-05,0.2860324091131926,0.488,0.5103,0.0017,TRIAD_077,A02,C_A02_GapCritical-Strict_B3000,C,1625332720,R2,cross_machine,False
normal,tail_gap,calibrated,10000,0.0089085756119616,0.0015336746846457,0.175700634674231,0.4903,0.5097,0.0,TRIAD_077,A02,C_A02_GapCritical-Strict_B3000,C,1625332720,R2,cross_machine,False
defect,all,raw,20000,0.0017888950475274,-2.384185792125848e-07,0.0953416661702799,0.2781,0.553,0.1689,TRIAD_077,A02,C_A02_GapCritical-Strict_B3000,C,1625332720,R2,cross_machine,False
defect,all,calibrated,20000,-0.0001558324207208,0.0013421121935047,0.070079493610223,0.6053,0.3947,0.0,TRIAD_077,A02,C_A02_GapCritical-Strict_B3000,C,1625332720,R2,cross_machine,False
defect,operational,raw,95,0.0001894127630835,1.381665060762316e-05,0.0048458084532476,0.6947368421052632,0.3052631578947368,0.0,TRIAD_077,A02,C_A02_GapCritical-Strict_B3000,C,1625332720,R2,cross_machine,False
defect,operational,calibrated,95,0.0009215412110679,-0.0005320260585758,0.0349389654538276,0.4842105263157895,0.5157894736842106,0.0,TRIAD_077,A02,C_A02_GapCritical-Strict_B3000,C,1625332720,R2,cross_machine,False
defect,tail_gap,raw,1000,0.0194304002090677,0.0006938856749911,0.2798611016078758,0.586,0.414,0.0,TRIAD_077,A02,C_A02_GapCritical-Strict_B3000,C,1625332720,R2,cross_machine,False
defect,tail_gap,calibrated,1000,0.0026569295763371,0.0028494017017612,0.1691068632221722,0.522,0.478,0.0,TRIAD_077,A02,C_A02_GapCritical-Strict_B3000,C,1625332720,R2,cross_machine,False
normal,all,raw,100000,-0.0012754126606639,3.633901957122988e-08,0.1000565863515418,0.43926,0.5606,0.00014,TRIAD_078,A02,C_A02_GapCritical-Strict_B3000,C,1024521099,R1,cross_machine,False
normal,all,calibrated,100000,0.0002748066653374,-0.0009390656147259,0.0708810333294982,0.60947,0.39053,0.0,TRIAD_078,A02,C_A02_GapCritical-Strict_B3000,C,1024521099,R1,cross_machine,False
normal,operational,raw,31747,-0.0040158350911052,8.508529572275815e-05,0.1775431429448118,0.4506882540082527,0.548870759441837,0.0004409865499102,TRIAD_078,A02,C_A02_GapCritical-Strict_B3000,C,1024521099,R1,cross_machine,False
normal,operational,calibrated,31747,0.0029880144723329,0.0028715616794346,0.1244201592330633,0.476580464295839,0.523419535704161,0.0,TRIAD_078,A02,C_A02_GapCritical-Strict_B3000,C,1024521099,R1,cross_machine,False
normal,tail_gap,raw,10000,-0.0102358475531701,-9.238719940191098e-05,0.2992158102061338,0.5309,0.4677,0.0014,TRIAD_078,A02,C_A02_GapCritical-Strict_B3000,C,1024521099,R1,cross_machine,False
normal,tail_gap,calibrated,10000,0.0044229808725422,0.0020401968266085,0.1838974665676409,0.4888,0.5112,0.0,TRIAD_078,A02,C_A02_GapCritical-Strict_B3000,C,1024521099,R1,cross_machine,False
defect,all,raw,20000,-0.0015721615762346,-1.1920928955078125e-07,0.1034192412586396,0.27665,0.5238,0.19955,TRIAD_078,A02,C_A02_GapCritical-Strict_B3000,C,1024521099,R1,cross_machine,False
defect,all,calibrated,20000,0.0010207580698041,0.001450793777895,0.0734877976988958,0.63135,0.36865,0.0,TRIAD_078,A02,C_A02_GapCritical-Strict_B3000,C,1024521099,R1,cross_machine,False
defect,operational,raw,95,-0.0001203613729542,5.866177161806265e-06,0.0011862810906225,0.6105263157894737,0.3894736842105263,0.0,TRIAD_078,A02,C_A02_GapCritical-Strict_B3000,C,1024521099,R1,cross_machine,False
defect,operational,calibrated,95,-0.0061939892405132,2.0630490505900437e-05,0.0274764508497877,0.5052631578947369,0.4947368421052631,0.0,TRIAD_078,A02,C_A02_GapCritical-Strict_B3000,C,1024521099,R1,cross_machine,False
defect,tail_gap,raw,1000,-0.0124409286731645,2.8208040930603577e-05,0.302895659618706,0.541,0.459,0.0,TRIAD_078,A02,C_A02_GapCritical-Strict_B3000,C,1024521099,R1,cross_machine,False
defect,tail_gap,calibrated,1000,0.0008768654968573,0.0028857669781454,0.1766539337551111,0.529,0.471,0.0,TRIAD_078,A02,C_A02_GapCritical-Strict_B3000,C,1024521099,R1,cross_machine,False
normal,all,raw,100000,-0.0003245666778045,-7.3497019581481035e-09,0.0931604925079258,0.52426,0.47554,0.0002,TRIAD_078,A02,C_A02_GapCritical-Strict_B3000,C,1024521099,R2,cross_machine,False
normal,all,calibrated,100000,2.7793445242738382e-05,-0.0001415607337115,0.0661219728288648,0.59701,0.40299,0.0,TRIAD_078,A02,C_A02_GapCritical-Strict_B3000,C,1024521099,R2,cross_machine,False
normal,operational,raw,31747,-0.0010068649175263,-1.6769231478974689e-06,0.1653359891504029,0.5023781774655873,0.4969918417488266,0.000629980785586,TRIAD_078,A02,C_A02_GapCritical-Strict_B3000,C,1024521099,R2,cross_machine,False
normal,operational,calibrated,31747,0.001876561093039,0.0003797612699699,0.1160225159386247,0.4961413676882855,0.5038586323117145,0.0,TRIAD_078,A02,C_A02_GapCritical-Strict_B3000,C,1024521099,R2,cross_machine,False
normal,tail_gap,raw,10000,-0.0032722608102252,-6.318092346191406e-06,0.282186587836199,0.5088,0.4892,0.002,TRIAD_078,A02,C_A02_GapCritical-Strict_B3000,C,1024521099,R2,cross_machine,False
normal,tail_gap,calibrated,10000,0.0044102113292926,0.0025647040456135,0.1727130090785363,0.4856,0.5144,0.0,TRIAD_078,A02,C_A02_GapCritical-Strict_B3000,C,1024521099,R2,cross_machine,False
defect,all,raw,20000,-0.0022209882916369,0.0,0.094295430629793,0.3529,0.45855,0.18855,TRIAD_078,A02,C_A02_GapCritical-Strict_B3000,C,1024521099,R2,cross_machine,False
defect,all,calibrated,20000,-0.0012653726133128,0.0003377378325921,0.0682657832500271,0.5995,0.4005,0.0,TRIAD_078,A02,C_A02_GapCritical-Strict_B3000,C,1024521099,R2,cross_machine,False
defect,operational,raw,95,8.348133190241416e-05,6.977373345762323e-08,0.0007137727564969,0.5157894736842106,0.4842105263157895,0.0,TRIAD_078,A02,C_A02_GapCritical-Strict_B3000,C,1024521099,R2,cross_machine,False
defect,operational,calibrated,95,0.0003262751210425,-0.0001415607337115,0.0198443875586678,0.4842105263157895,0.5157894736842106,0.0,TRIAD_078,A02,C_A02_GapCritical-Strict_B3000,C,1024521099,R2,cross_machine,False
defect,tail_gap,raw,1000,-0.0043480846750539,-1.1439611625974068e-05,0.270252139437046,0.487,0.513,0.0,TRIAD_078,A02,C_A02_GapCritical-Strict_B3000,C,1024521099,R2,cross_machine,False
defect,tail_gap,calibrated,1000,0.0006227278343957,-0.0008336077147622,0.1620424097309722,0.495,0.505,0.0,TRIAD_078,A02,C_A02_GapCritical-Strict_B3000,C,1024521099,R2,cross_machine,False
normal,all,raw,100000,-0.0015977300553892,1.1874355054786182e-08,0.10031076318662,0.47005,0.52967,0.00028,TRIAD_079,A02,C_A02_GapCritical-Strict_B3000,C,216172108,R1,cross_machine,False
normal,all,calibrated,100000,-0.0011431439146813,-0.0006946584119209,0.0713647418662901,0.60148,0.39852,0.0,TRIAD_079,A02,C_A02_GapCritical-Strict_B3000,C,216172108,R1,cross_machine,False
normal,operational,raw,31747,-0.005006204656712,3.08261078317e-05,0.1779141659541977,0.4752890036853876,0.523829023214792,0.0008819730998204,TRIAD_079,A02,C_A02_GapCritical-Strict_B3000,C,216172108,R1,cross_machine,False
normal,operational,calibrated,31747,-0.0015919929313927,0.0001995882233911,0.1251954113631849,0.4985352946735124,0.5014647053264876,0.0,TRIAD_079,A02,C_A02_GapCritical-Strict_B3000,C,216172108,R1,cross_machine,False
normal,tail_gap,raw,10000,-0.0145589661984064,-0.0001359283924103,0.3029151340026813,0.5282,0.469,0.0028,TRIAD_079,A02,C_A02_GapCritical-Strict_B3000,C,216172108,R1,cross_machine,False
normal,tail_gap,calibrated,10000,-0.0049908755178486,-0.0021473097692697,0.1853254989314248,0.5075,0.4925,0.0,TRIAD_079,A02,C_A02_GapCritical-Strict_B3000,C,216172108,R1,cross_machine,False
defect,all,raw,20000,-0.0026279053111006,0.0,0.1000312781510014,0.33685,0.4407,0.22245,TRIAD_079,A02,C_A02_GapCritical-Strict_B3000,C,216172108,R1,cross_machine,False
defect,all,calibrated,20000,0.0009477643032406,0.0009195168050624,0.071809489616256,0.65415,0.34585,0.0,TRIAD_079,A02,C_A02_GapCritical-Strict_B3000,C,216172108,R1,cross_machine,False
defect,operational,raw,95,0.0001140561190753,2.807717436326129e-08,0.0010647282985619,0.5157894736842106,0.4842105263157895,0.0,TRIAD_079,A02,C_A02_GapCritical-Strict_B3000,C,216172108,R1,cross_machine,False
defect,operational,calibrated,95,-0.0014305837089541,-0.0024471844374352,0.0291867466598175,0.4105263157894737,0.5894736842105263,0.0,TRIAD_079,A02,C_A02_GapCritical-Strict_B3000,C,216172108,R1,cross_machine,False
defect,tail_gap,raw,1000,-0.0260971512399239,-5.5711794715307406e-06,0.2868863971119905,0.493,0.507,0.0,TRIAD_079,A02,C_A02_GapCritical-Strict_B3000,C,216172108,R1,cross_machine,False
defect,tail_gap,calibrated,1000,-0.0097917996545891,-0.0033397388356062,0.1716424439268725,0.477,0.523,0.0,TRIAD_079,A02,C_A02_GapCritical-Strict_B3000,C,216172108,R1,cross_machine,False
normal,all,raw,100000,-0.0004150696654292,1.773181388387002e-07,0.0962044743735892,0.35748,0.64224,0.00028,TRIAD_079,A02,C_A02_GapCritical-Strict_B3000,C,216172108,R2,cross_machine,False
normal,all,calibrated,100000,0.0005416565410222,-0.001199713598421,0.0686300856353145,0.57965,0.42035,0.0,TRIAD_079,A02,C_A02_GapCritical-Strict_B3000,C,216172108,R2,cross_machine,False
normal,operational,raw,31747,-0.001307159919527,0.0001037403326335,0.1707218226118428,0.4341827574258985,0.5649352694742811,0.0008819730998204,TRIAD_079,A02,C_A02_GapCritical-Strict_B3000,C,216172108,R2,cross_machine,False
normal,operational,calibrated,31747,0.0022621995909666,0.0022462059200017,0.1203762115777986,0.4806438403628689,0.5193561596371311,0.0,TRIAD_079,A02,C_A02_GapCritical-Strict_B3000,C,216172108,R2,cross_machine,False
normal,tail_gap,raw,10000,-0.0063923575624778,-3.135204315191098e-05,0.2906992526639719,0.522,0.4752,0.0028,TRIAD_079,A02,C_A02_GapCritical-Strict_B3000,C,216172108,R2,cross_machine,False
normal,tail_gap,calibrated,10000,0.0002071079408968,0.0002137456660072,0.1783613109468894,0.4992,0.5008,0.0,TRIAD_079,A02,C_A02_GapCritical-Strict_B3000,C,216172108,R2,cross_machine,False
defect,all,raw,20000,-0.0025624627127592,0.0,0.0989569723943633,0.2771,0.48445,0.23845,TRIAD_079,A02,C_A02_GapCritical-Strict_B3000,C,216172108,R2,cross_machine,False
defect,all,calibrated,20000,-0.0002491519830518,0.0014440096595408,0.0713746373891448,0.6522,0.3478,0.0,TRIAD_079,A02,C_A02_GapCritical-Strict_B3000,C,216172108,R2,cross_machine,False
defect,operational,raw,95,-0.0002315366501264,2.542371930758236e-06,0.0036161499813368,0.6105263157894737,0.3894736842105263,0.0,TRIAD_079,A02,C_A02_GapCritical-Strict_B3000,C,216172108,R2,cross_machine,False
defect,operational,calibrated,95,-0.0019402514708839,-0.001199713598421,0.0275265252233417,0.4421052631578947,0.5578947368421052,0.0,TRIAD_079,A02,C_A02_GapCritical-Strict_B3000,C,216172108,R2,cross_machine,False
defect,tail_gap,raw,1000,-0.0130633885756624,5.835104204265917e-06,0.2931515746827504,0.52,0.48,0.0,TRIAD_079,A02,C_A02_GapCritical-Strict_B3000,C,216172108,R2,cross_machine,False
defect,tail_gap,calibrated,1000,-0.0066906475011994,-0.0021943207097443,0.1778797571226337,0.481,0.519,0.0,TRIAD_079,A02,C_A02_GapCritical-Strict_B3000,C,216172108,R2,cross_machine,False
normal,all,raw,100000,0.0001867414416378,5.501693891574178e-07,0.09831773998042,0.37167,0.62821,0.00012,TRIAD_080,A02,C_A02_GapCritical-Strict_B3000,C,53303004,R1,cross_machine,False
normal,all,calibrated,100000,0.000374606740016,-0.0013806683960631,0.0703287624320691,0.60498,0.39502,0.0,TRIAD_080,A02,C_A02_GapCritical-Strict_B3000,C,53303004,R1,cross_machine,False
normal,operational,raw,31747,0.0005501674518678,0.0003160302876494,0.1744806961079584,0.4064006047815541,0.5932214067470942,0.0003779884713516,TRIAD_080,A02,C_A02_GapCritical-Strict_B3000,C,53303004,R1,cross_machine,False
normal,operational,calibrated,31747,0.0040111998804977,0.0036107786596438,0.1233721970021923,0.4715721170504299,0.52842788294957,0.0,TRIAD_080,A02,C_A02_GapCritical-Strict_B3000,C,53303004,R1,cross_machine,False
normal,tail_gap,raw,10000,0.0002550143617708,-2.9563903808371705e-05,0.296319631574534,0.5209,0.4779,0.0012,TRIAD_080,A02,C_A02_GapCritical-Strict_B3000,C,53303004,R1,cross_machine,False
normal,tail_gap,calibrated,10000,0.0075554066921876,0.0041335047274201,0.1837385347075307,0.4805,0.5195,0.0,TRIAD_080,A02,C_A02_GapCritical-Strict_B3000,C,53303004,R1,cross_machine,False
defect,all,raw,20000,-0.0020402702414748,-4.768371583141473e-07,0.0985362524269046,0.22095,0.61245,0.1666,TRIAD_080,A02,C_A02_GapCritical-Strict_B3000,C,53303004,R1,cross_machine,False
defect,all,calibrated,20000,-0.0004647207848462,0.0016451005846984,0.0724509368806727,0.6055,0.3945,0.0,TRIAD_080,A02,C_A02_GapCritical-Strict_B3000,C,53303004,R1,cross_machine,False
defect,operational,raw,95,3.2151489582046155e-06,7.024513251963072e-06,0.0052319222859962,0.6526315789473685,0.3473684210526316,0.0,TRIAD_080,A02,C_A02_GapCritical-Strict_B3000,C,53303004,R1,cross_machine,False
defect,operational,calibrated,95,-0.0047848801783405,-0.0016012649039116,0.0326871745606434,0.431578947368421,0.5684210526315789,0.0,TRIAD_080,A02,C_A02_GapCritical-Strict_B3000,C,53303004,R1,cross_machine,False
defect,tail_gap,raw,1000,-0.0028598975347657,2.104353939103021e-05,0.2801314751028094,0.526,0.474,0.0,TRIAD_080,A02,C_A02_GapCritical-Strict_B3000,C,53303004,R1,cross_machine,False
defect,tail_gap,calibrated,1000,-0.0023502535226947,-0.0050424686431934,0.1729749908717826,0.464,0.536,0.0,TRIAD_080,A02,C_A02_GapCritical-Strict_B3000,C,53303004,R1,cross_machine,False
normal,all,raw,100000,0.0006246443396681,1.1693989843131193e-07,0.0877012252005461,0.43887,0.56105,8e-05,TRIAD_080,A02,C_A02_GapCritical-Strict_B3000,C,53303004,R2,cross_machine,False
normal,all,calibrated,100000,-0.0002497701714795,-0.0001890447576473,0.0640169423644729,0.52306,0.47694,0.0,TRIAD_080,A02,C_A02_GapCritical-Strict_B3000,C,53303004,R2,cross_machine,False
normal,operational,raw,31747,0.0019451276802948,7.852478302090003e-05,0.1556395095609057,0.4695246794972753,0.5302233281884903,0.0002519923142344,TRIAD_080,A02,C_A02_GapCritical-Strict_B3000,C,53303004,R2,cross_machine,False
normal,operational,calibrated,31747,-0.0017605752836421,7.400342801722193e-05,0.1123403266110871,0.4994172677733329,0.500582732226667,0.0,TRIAD_080,A02,C_A02_GapCritical-Strict_B3000,C,53303004,R2,cross_machine,False
normal,tail_gap,raw,10000,0.0055161195805143,6.350874900823422e-05,0.2653195434447419,0.4843,0.5149,0.0008,TRIAD_080,A02,C_A02_GapCritical-Strict_B3000,C,53303004,R2,cross_machine,False
normal,tail_gap,calibrated,10000,-0.0024423881793765,-0.0001762231848406,0.1658769196366444,0.5011,0.4989,0.0,TRIAD_080,A02,C_A02_GapCritical-Strict_B3000,C,53303004,R2,cross_machine,False
defect,all,raw,20000,-1.8371057259947056e-05,0.0,0.089463150929327,0.43315,0.43075,0.1361,TRIAD_080,A02,C_A02_GapCritical-Strict_B3000,C,53303004,R2,cross_machine,False
defect,all,calibrated,20000,-0.0010077025733602,7.039837100841773e-05,0.0647086939658818,0.56905,0.43095,0.0,TRIAD_080,A02,C_A02_GapCritical-Strict_B3000,C,53303004,R2,cross_machine,False
defect,operational,raw,95,0.0004115350351589,4.259334843936813e-06,0.0036239063568267,0.5684210526315789,0.431578947368421,0.0,TRIAD_080,A02,C_A02_GapCritical-Strict_B3000,C,53303004,R2,cross_machine,False
defect,operational,calibrated,95,0.0028084847453501,0.0014038049271152,0.0255600926924112,0.5368421052631579,0.4631578947368421,0.0,TRIAD_080,A02,C_A02_GapCritical-Strict_B3000,C,53303004,R2,cross_machine,False
defect,tail_gap,raw,1000,-0.0029497856936623,1.695026560000201e-06,0.2566491030361283,0.504,0.496,0.0,TRIAD_080,A02,C_A02_GapCritical-Strict_B3000,C,53303004,R2,cross_machine,False
defect,tail_gap,calibrated,1000,-0.0094487015804454,-0.0025511804833145,0.1575072469773136,0.477,0.523,0.0,TRIAD_080,A02,C_A02_GapCritical-Strict_B3000,C,53303004,R2,cross_machine,False
