run_slot,triad_id,condition_id,arm,training_seed,selection_seed,rank,sample_id,y_true,oof_fold,dynamic_bucket,mean_p_defect,correct_rate,std_p_defect,replay_role,source_method
RUN_093,TRIAD_031,A11_EndpointTrend_B600,R2,1829910790,599831945,1,Det/images/normal_train/01038492.png,0,00,learnable_hard,0.076573042,0.965,0.152977999,normal_replay,EndpointTrend
RUN_093,TRIAD_031,A11_EndpointTrend_B600,R2,1829910790,599831945,2,Det/images/normal_train/00784760.png,0,00,learnable_hard,0.0681613778,0.975,0.1302321661,normal_replay,EndpointTrend
RUN_093,TRIAD_031,A11_EndpointTrend_B600,R2,1829910790,599831945,3,Det/images/normal_train/00559184.png,0,03,learnable_hard,0.0799138494,0.975,0.1423450918,normal_replay,EndpointTrend
RUN_093,TRIAD_031,A11_EndpointTrend_B600,R2,1829910790,599831945,4,Det/images/normal_train/00205352.png,0,08,learnable_hard,0.0203656872,0.99,0.084698106,normal_replay,EndpointTrend
RUN_093,TRIAD_031,A11_EndpointTrend_B600,R2,1829910790,599831945,5,Det/images/normal_train/00791679.png,0,06,learnable_hard,0.0959727698,0.96,0.1625328067,normal_replay,EndpointTrend
RUN_093,TRIAD_031,A11_EndpointTrend_B600,R2,1829910790,599831945,6,Det/images/normal_train/00286822.png,0,06,learnable_hard,0.1239321116,0.95,0.1708188829,normal_replay,EndpointTrend
RUN_093,TRIAD_031,A11_EndpointTrend_B600,R2,1829910790,599831945,7,Det/images/normal_train/00591564.png,0,07,learnable_hard,0.1115493975,0.975,0.1569281304,normal_replay,EndpointTrend
RUN_093,TRIAD_031,A11_EndpointTrend_B600,R2,1829910790,599831945,8,Det/images/normal_train/00818382.png,0,02,ordinary,0.1031547431,0.94,0.1792201817,normal_replay,EndpointTrend
RUN_093,TRIAD_031,A11_EndpointTrend_B600,R2,1829910790,599831945,9,Det/images/normal_train/01040389.png,0,06,learnable_hard,0.2418227478,0.975,0.1606454785,normal_replay,EndpointTrend
RUN_093,TRIAD_031,A11_EndpointTrend_B600,R2,1829910790,599831945,10,Det/images/normal_train/00482216.png,0,02,learnable_hard,0.1042745164,0.975,0.1533820868,normal_replay,EndpointTrend
RUN_093,TRIAD_031,A11_EndpointTrend_B600,R2,1829910790,599831945,11,Det/images/normal_train/00584141.png,0,05,learnable_hard,0.1244742613,0.965,0.1528677701,normal_replay,EndpointTrend
RUN_093,TRIAD_031,A11_EndpointTrend_B600,R2,1829910790,599831945,12,Det/images/normal_train/01065358.png,0,08,learnable_hard,0.0266023501,0.985,0.0910803847,normal_replay,EndpointTrend
RUN_093,TRIAD_031,A11_EndpointTrend_B600,R2,1829910790,599831945,13,Det/images/normal_train/00371072.png,0,00,learnable_hard,0.1570961171,0.995,0.1541611342,normal_replay,EndpointTrend
RUN_093,TRIAD_031,A11_EndpointTrend_B600,R2,1829910790,599831945,14,Det/images/normal_train/00256946.png,0,03,learnable_hard,0.2394396732,0.995,0.1228415552,normal_replay,EndpointTrend
RUN_093,TRIAD_031,A11_EndpointTrend_B600,R2,1829910790,599831945,15,Det/images/normal_train/00827069.png,0,09,learnable_hard,0.1017712345,0.985,0.1396674568,normal_replay,EndpointTrend
RUN_093,TRIAD_031,A11_EndpointTrend_B600,R2,1829910790,599831945,16,Det/images/normal_train/00919702.png,0,04,learnable_hard,0.2392208885,0.98,0.1713368273,normal_replay,EndpointTrend
RUN_093,TRIAD_031,A11_EndpointTrend_B600,R2,1829910790,599831945,17,Det/images/normal_train/00479756.png,0,03,learnable_hard,0.1327316091,0.945,0.1809036038,normal_replay,EndpointTrend
RUN_093,TRIAD_031,A11_EndpointTrend_B600,R2,1829910790,599831945,18,Det/images/normal_train/01199113.png,0,03,learnable_hard,0.1275405903,0.955,0.1734078098,normal_replay,EndpointTrend
RUN_093,TRIAD_031,A11_EndpointTrend_B600,R2,1829910790,599831945,19,Det/images/normal_train/00323070.png,0,06,learnable_hard,0.130388153,0.97,0.143665451,normal_replay,EndpointTrend
RUN_093,TRIAD_031,A11_EndpointTrend_B600,R2,1829910790,599831945,20,Det/images/normal_train/00541131.png,0,08,learnable_hard,0.2640055197,0.97,0.1410838517,normal_replay,EndpointTrend
RUN_093,TRIAD_031,A11_EndpointTrend_B600,R2,1829910790,599831945,21,Det/images/normal_train/00583741.png,0,03,ordinary,0.0973517975,0.945,0.1826745377,normal_replay,EndpointTrend
RUN_093,TRIAD_031,A11_EndpointTrend_B600,R2,1829910790,599831945,22,Det/images/normal_train/01280782.png,0,03,learnable_hard,0.1295471339,0.955,0.1794771008,normal_replay,EndpointTrend
RUN_093,TRIAD_031,A11_EndpointTrend_B600,R2,1829910790,599831945,23,Det/images/normal_train/00575111.png,0,00,learnable_hard,0.0396883272,0.99,0.0837761922,normal_replay,EndpointTrend
RUN_093,TRIAD_031,A11_EndpointTrend_B600,R2,1829910790,599831945,24,Det/images/normal_train/01186466.png,0,09,learnable_hard,0.2414041056,0.99,0.1514454773,normal_replay,EndpointTrend
RUN_093,TRIAD_031,A11_EndpointTrend_B600,R2,1829910790,599831945,25,Det/images/normal_train/00347883.png,0,09,learnable_hard,0.263396673,0.965,0.1499917461,normal_replay,EndpointTrend
RUN_093,TRIAD_031,A11_EndpointTrend_B600,R2,1829910790,599831945,26,Det/images/normal_train/00561869.png,0,09,learnable_hard,0.1338093584,0.96,0.1727055252,normal_replay,EndpointTrend
RUN_093,TRIAD_031,A11_EndpointTrend_B600,R2,1829910790,599831945,27,Det/images/normal_train/00518215.png,0,09,ordinary,0.1256098726,0.95,0.1839770329,normal_replay,EndpointTrend
RUN_093,TRIAD_031,A11_EndpointTrend_B600,R2,1829910790,599831945,28,Det/images/normal_train/00321970.png,0,03,learnable_hard,0.0882356761,0.97,0.1427297453,normal_replay,EndpointTrend
RUN_093,TRIAD_031,A11_EndpointTrend_B600,R2,1829910790,599831945,29,Det/images/normal_train/00442998.png,0,07,learnable_hard,0.2343949491,0.975,0.1744598684,normal_replay,EndpointTrend
RUN_093,TRIAD_031,A11_EndpointTrend_B600,R2,1829910790,599831945,30,Det/images/normal_train/00724544.png,0,07,learnable_hard,0.2440379539,0.98,0.1595473546,normal_replay,EndpointTrend
RUN_093,TRIAD_031,A11_EndpointTrend_B600,R2,1829910790,599831945,31,Det/images/normal_train/00283590.png,0,03,learnable_hard,0.1197713814,0.975,0.1490275668,normal_replay,EndpointTrend
RUN_093,TRIAD_031,A11_EndpointTrend_B600,R2,1829910790,599831945,32,Det/images/normal_train/00677204.png,0,01,learnable_hard,0.3571582989,0.565,0.2564124278,normal_replay,EndpointTrend
RUN_093,TRIAD_031,A11_EndpointTrend_B600,R2,1829910790,599831945,33,Det/images/normal_train/00296809.png,0,01,learnable_hard,0.402889046,0.56,0.2493695467,normal_replay,EndpointTrend
RUN_093,TRIAD_031,A11_EndpointTrend_B600,R2,1829910790,599831945,34,Det/images/normal_train/00647415.png,0,01,learnable_hard,0.3930784888,0.525,0.2270651959,normal_replay,EndpointTrend
RUN_093,TRIAD_031,A11_EndpointTrend_B600,R2,1829910790,599831945,35,Det/images/normal_train/00473744.png,0,06,learnable_hard,0.1866633372,0.995,0.1551111535,normal_replay,EndpointTrend
RUN_093,TRIAD_031,A11_EndpointTrend_B600,R2,1829910790,599831945,36,Det/images/normal_train/01283674.png,0,06,learnable_hard,0.1740883625,0.995,0.1545757339,normal_replay,EndpointTrend
RUN_093,TRIAD_031,A11_EndpointTrend_B600,R2,1829910790,599831945,37,Det/images/normal_train/01286100.png,0,00,learnable_hard,0.240774061,0.975,0.1420214519,normal_replay,EndpointTrend
RUN_093,TRIAD_031,A11_EndpointTrend_B600,R2,1829910790,599831945,38,Det/images/normal_train/00857254.png,0,01,learnable_hard,0.0381624079,0.98,0.110237174,normal_replay,EndpointTrend
RUN_093,TRIAD_031,A11_EndpointTrend_B600,R2,1829910790,599831945,39,Det/images/normal_train/00377712.png,0,01,learnable_hard,0.1280621813,0.98,0.1390405155,normal_replay,EndpointTrend
RUN_093,TRIAD_031,A11_EndpointTrend_B600,R2,1829910790,599831945,40,Det/images/normal_train/01039553.png,0,01,learnable_hard,0.0410510771,0.99,0.098587056,normal_replay,EndpointTrend
RUN_093,TRIAD_031,A11_EndpointTrend_B600,R2,1829910790,599831945,41,Det/images/normal_train/00400059.png,0,04,learnable_hard,0.1328885143,0.975,0.1722008272,normal_replay,EndpointTrend
RUN_093,TRIAD_031,A11_EndpointTrend_B600,R2,1829910790,599831945,42,Det/images/normal_train/01086161.png,0,04,learnable_hard,0.1266082511,0.95,0.1551861124,normal_replay,EndpointTrend
RUN_093,TRIAD_031,A11_EndpointTrend_B600,R2,1829910790,599831945,43,Det/images/normal_train/00689247.png,0,04,learnable_hard,0.1037074721,0.965,0.1574806542,normal_replay,EndpointTrend
RUN_093,TRIAD_031,A11_EndpointTrend_B600,R2,1829910790,599831945,44,Det/images/normal_train/00698547.png,0,08,learnable_hard,0.1057237334,0.98,0.1422369372,normal_replay,EndpointTrend
RUN_093,TRIAD_031,A11_EndpointTrend_B600,R2,1829910790,599831945,45,Det/images/normal_train/00384985.png,0,08,learnable_hard,0.1131133531,0.98,0.1434147403,normal_replay,EndpointTrend
RUN_093,TRIAD_031,A11_EndpointTrend_B600,R2,1829910790,599831945,46,Det/images/normal_train/00359652.png,0,05,learnable_hard,0.2463596035,0.97,0.1764407309,normal_replay,EndpointTrend
RUN_093,TRIAD_031,A11_EndpointTrend_B600,R2,1829910790,599831945,47,Det/images/normal_train/00392339.png,0,08,learnable_hard,0.0986745171,0.97,0.1430367318,normal_replay,EndpointTrend
RUN_093,TRIAD_031,A11_EndpointTrend_B600,R2,1829910790,599831945,48,Det/images/normal_train/00694677.png,0,00,learnable_hard,0.0580897655,0.985,0.0993305703,normal_replay,EndpointTrend
RUN_093,TRIAD_031,A11_EndpointTrend_B600,R2,1829910790,599831945,49,Det/images/normal_train/00349355.png,0,00,learnable_hard,0.4043921836,0.51,0.2577119173,normal_replay,EndpointTrend
RUN_093,TRIAD_031,A11_EndpointTrend_B600,R2,1829910790,599831945,50,Det/images/normal_train/00991870.png,0,00,learnable_hard,0.346958151,0.61,0.2384596149,normal_replay,EndpointTrend
RUN_093,TRIAD_031,A11_EndpointTrend_B600,R2,1829910790,599831945,51,Det/images/normal_train/00261873.png,0,00,learnable_hard,0.0562538486,0.985,0.1084400875,normal_replay,EndpointTrend
RUN_093,TRIAD_031,A11_EndpointTrend_B600,R2,1829910790,599831945,52,Det/images/normal_train/00365489.png,0,00,learnable_hard,0.420213065,0.535,0.2907193068,normal_replay,EndpointTrend
RUN_093,TRIAD_031,A11_EndpointTrend_B600,R2,1829910790,599831945,53,Det/images/normal_train/00426949.png,0,00,learnable_hard,0.3072684878,0.58,0.2588892464,normal_replay,EndpointTrend
RUN_093,TRIAD_031,A11_EndpointTrend_B600,R2,1829910790,599831945,54,Det/images/normal_train/00366516.png,0,02,learnable_hard,0.3851142947,0.56,0.2804548862,normal_replay,EndpointTrend
RUN_093,TRIAD_031,A11_EndpointTrend_B600,R2,1829910790,599831945,55,Det/images/normal_train/01170320.png,0,09,learnable_hard,0.0487866915,0.98,0.1106170089,normal_replay,EndpointTrend
RUN_093,TRIAD_031,A11_EndpointTrend_B600,R2,1829910790,599831945,56,Det/images/normal_train/01027182.png,0,08,learnable_hard,0.0385004763,0.98,0.1087131382,normal_replay,EndpointTrend
RUN_093,TRIAD_031,A11_EndpointTrend_B600,R2,1829910790,599831945,57,Det/images/normal_train/00768927.png,0,08,learnable_hard,0.3698331963,0.56,0.24624473,normal_replay,EndpointTrend
RUN_093,TRIAD_031,A11_EndpointTrend_B600,R2,1829910790,599831945,58,Det/images/normal_train/01157012.png,0,06,learnable_hard,0.2464226194,0.98,0.1247366043,normal_replay,EndpointTrend
RUN_093,TRIAD_031,A11_EndpointTrend_B600,R2,1829910790,599831945,59,Det/images/normal_train/00164710.png,0,06,learnable_hard,0.3934675848,0.47,0.23414185,normal_replay,EndpointTrend
RUN_093,TRIAD_031,A11_EndpointTrend_B600,R2,1829910790,599831945,60,Det/images/normal_train/00860383.png,0,03,learnable_hard,0.2538680494,0.99,0.1559933596,normal_replay,EndpointTrend
RUN_093,TRIAD_031,A11_EndpointTrend_B600,R2,1829910790,599831945,61,Det/images/normal_train/00678357.png,0,06,learnable_hard,0.3959635865,0.51,0.2427806364,normal_replay,EndpointTrend
RUN_093,TRIAD_031,A11_EndpointTrend_B600,R2,1829910790,599831945,62,Det/images/normal_train/00237496.png,0,06,learnable_hard,0.3675494608,0.575,0.2250712281,normal_replay,EndpointTrend
RUN_093,TRIAD_031,A11_EndpointTrend_B600,R2,1829910790,599831945,63,Det/images/normal_train/00175714.png,0,06,learnable_hard,0.4130460378,0.54,0.3482764166,normal_replay,EndpointTrend
RUN_093,TRIAD_031,A11_EndpointTrend_B600,R2,1829910790,599831945,64,Det/images/normal_train/01283517.png,0,06,learnable_hard,0.3732034182,0.555,0.3031599573,normal_replay,EndpointTrend
RUN_093,TRIAD_031,A11_EndpointTrend_B600,R2,1829910790,599831945,65,Det/images/normal_train/01256057.png,0,02,learnable_hard,0.1639657774,0.965,0.1610277592,normal_replay,EndpointTrend
RUN_093,TRIAD_031,A11_EndpointTrend_B600,R2,1829910790,599831945,66,Det/images/normal_train/00778748.png,0,02,learnable_hard,0.147911348,0.975,0.14578884,normal_replay,EndpointTrend
RUN_093,TRIAD_031,A11_EndpointTrend_B600,R2,1829910790,599831945,67,Det/images/normal_train/00343221.png,0,02,learnable_hard,0.1784091977,0.985,0.1471573793,normal_replay,EndpointTrend
RUN_093,TRIAD_031,A11_EndpointTrend_B600,R2,1829910790,599831945,68,Det/images/normal_train/01079961.png,0,02,learnable_hard,0.2101862559,0.99,0.1605841752,normal_replay,EndpointTrend
RUN_093,TRIAD_031,A11_EndpointTrend_B600,R2,1829910790,599831945,69,Det/images/normal_train/01212704.png,0,02,learnable_hard,0.1557193439,0.975,0.1390582477,normal_replay,EndpointTrend
RUN_093,TRIAD_031,A11_EndpointTrend_B600,R2,1829910790,599831945,70,Det/images/normal_train/00459337.png,0,02,learnable_hard,0.1663051358,0.98,0.1663100406,normal_replay,EndpointTrend
RUN_093,TRIAD_031,A11_EndpointTrend_B600,R2,1829910790,599831945,71,Det/images/normal_train/00334290.png,0,06,learnable_hard,0.0569755531,0.99,0.0879537449,normal_replay,EndpointTrend
RUN_093,TRIAD_031,A11_EndpointTrend_B600,R2,1829910790,599831945,72,Det/images/normal_train/01258305.png,0,03,learnable_hard,0.3546556607,0.595,0.2906492426,normal_replay,EndpointTrend
RUN_093,TRIAD_031,A11_EndpointTrend_B600,R2,1829910790,599831945,73,Det/images/normal_train/00412191.png,0,06,learnable_hard,0.0587955523,0.985,0.0932805476,normal_replay,EndpointTrend
RUN_093,TRIAD_031,A11_EndpointTrend_B600,R2,1829910790,599831945,74,Det/images/normal_train/00786238.png,0,03,learnable_hard,0.3754121897,0.575,0.2712146605,normal_replay,EndpointTrend
RUN_093,TRIAD_031,A11_EndpointTrend_B600,R2,1829910790,599831945,75,Det/images/normal_train/00693645.png,0,03,learnable_hard,0.4120439937,0.535,0.298025967,normal_replay,EndpointTrend
RUN_093,TRIAD_031,A11_EndpointTrend_B600,R2,1829910790,599831945,76,Det/images/normal_train/00998812.png,0,03,ordinary,0.4006778562,0.555,0.2892735259,normal_replay,EndpointTrend
RUN_093,TRIAD_031,A11_EndpointTrend_B600,R2,1829910790,599831945,77,Det/images/normal_train/00928441.png,0,03,learnable_hard,0.4146026412,0.52,0.2678225266,normal_replay,EndpointTrend
RUN_093,TRIAD_031,A11_EndpointTrend_B600,R2,1829910790,599831945,78,Det/images/normal_train/01080917.png,0,03,learnable_hard,0.3864941741,0.465,0.2594290233,normal_replay,EndpointTrend
RUN_093,TRIAD_031,A11_EndpointTrend_B600,R2,1829910790,599831945,79,Det/images/normal_train/00882470.png,0,03,learnable_hard,0.3797404886,0.58,0.2283928259,normal_replay,EndpointTrend
RUN_093,TRIAD_031,A11_EndpointTrend_B600,R2,1829910790,599831945,80,Det/images/normal_train/00227970.png,0,04,learnable_hard,0.0555754002,0.985,0.1066974023,normal_replay,EndpointTrend
RUN_093,TRIAD_031,A11_EndpointTrend_B600,R2,1829910790,599831945,81,Det/images/normal_train/00920456.png,0,09,learnable_hard,0.390024425,0.595,0.2863457681,normal_replay,EndpointTrend
RUN_093,TRIAD_031,A11_EndpointTrend_B600,R2,1829910790,599831945,82,Det/images/normal_train/00735503.png,0,07,learnable_hard,0.420221846,0.58,0.1913552368,normal_replay,EndpointTrend
RUN_093,TRIAD_031,A11_EndpointTrend_B600,R2,1829910790,599831945,83,Det/images/normal_train/00390225.png,0,09,learnable_hard,0.3806575482,0.585,0.2742238096,normal_replay,EndpointTrend
RUN_093,TRIAD_031,A11_EndpointTrend_B600,R2,1829910790,599831945,84,Det/images/normal_train/01291533.png,0,07,learnable_hard,0.3753392138,0.54,0.2541188743,normal_replay,EndpointTrend
RUN_093,TRIAD_031,A11_EndpointTrend_B600,R2,1829910790,599831945,85,Det/images/normal_train/00591230.png,0,07,learnable_hard,0.399594138,0.49,0.2975534189,normal_replay,EndpointTrend
RUN_093,TRIAD_031,A11_EndpointTrend_B600,R2,1829910790,599831945,86,Det/images/normal_train/00741602.png,0,07,learnable_hard,0.3637699902,0.6,0.2894144749,normal_replay,EndpointTrend
RUN_093,TRIAD_031,A11_EndpointTrend_B600,R2,1829910790,599831945,87,Det/images/normal_train/00591231.png,0,07,learnable_hard,0.3839173506,0.53,0.2829272435,normal_replay,EndpointTrend
RUN_093,TRIAD_031,A11_EndpointTrend_B600,R2,1829910790,599831945,88,Det/images/normal_train/00700783.png,0,09,learnable_hard,0.400373706,0.595,0.2694127544,normal_replay,EndpointTrend
RUN_093,TRIAD_031,A11_EndpointTrend_B600,R2,1829910790,599831945,89,Det/images/normal_train/00766457.png,0,07,learnable_hard,0.3728071067,0.585,0.2252683509,normal_replay,EndpointTrend
RUN_093,TRIAD_031,A11_EndpointTrend_B600,R2,1829910790,599831945,90,Det/images/normal_train/01248686.png,0,06,learnable_hard,0.3497382607,0.93,0.1105596711,normal_replay,EndpointTrend
RUN_093,TRIAD_031,A11_EndpointTrend_B600,R2,1829910790,599831945,91,Det/images/normal_train/00693981.png,0,03,learnable_hard,0.0359487732,0.985,0.1002135285,normal_replay,EndpointTrend
RUN_093,TRIAD_031,A11_EndpointTrend_B600,R2,1829910790,599831945,92,Det/images/normal_train/00571498.png,0,03,learnable_hard,0.0326836828,0.98,0.1127944267,normal_replay,EndpointTrend
RUN_093,TRIAD_031,A11_EndpointTrend_B600,R2,1829910790,599831945,93,Det/images/normal_train/00637758.png,0,05,learnable_hard,0.0651710314,0.975,0.1264108502,normal_replay,EndpointTrend
RUN_093,TRIAD_031,A11_EndpointTrend_B600,R2,1829910790,599831945,94,Det/images/normal_train/00492250.png,0,05,learnable_hard,0.3791525003,0.605,0.2824777754,normal_replay,EndpointTrend
RUN_093,TRIAD_031,A11_EndpointTrend_B600,R2,1829910790,599831945,95,Det/images/normal_train/00657280.png,0,05,learnable_hard,0.3915550739,0.57,0.2466453805,normal_replay,EndpointTrend
RUN_093,TRIAD_031,A11_EndpointTrend_B600,R2,1829910790,599831945,96,Det/images/normal_train/00530419.png,0,01,learnable_hard,0.1372576875,0.98,0.1593159967,normal_replay,EndpointTrend
RUN_093,TRIAD_031,A11_EndpointTrend_B600,R2,1829910790,599831945,97,Det/images/normal_train/01281714.png,0,05,learnable_hard,0.3553028037,0.6,0.264539613,normal_replay,EndpointTrend
RUN_093,TRIAD_031,A11_EndpointTrend_B600,R2,1829910790,599831945,98,Det/images/normal_train/01254064.png,0,05,learnable_hard,0.3834041134,0.515,0.2444472662,normal_replay,EndpointTrend
RUN_093,TRIAD_031,A11_EndpointTrend_B600,R2,1829910790,599831945,99,Det/images/normal_train/00648287.png,0,05,learnable_hard,0.4060259574,0.595,0.3045638644,normal_replay,EndpointTrend
RUN_093,TRIAD_031,A11_EndpointTrend_B600,R2,1829910790,599831945,100,Det/images/normal_train/01287601.png,0,06,learnable_hard,0.16481527,0.99,0.1698445464,normal_replay,EndpointTrend
RUN_093,TRIAD_031,A11_EndpointTrend_B600,R2,1829910790,599831945,101,Det/images/normal_train/00944980.png,0,05,learnable_hard,0.4130531679,0.54,0.2726747596,normal_replay,EndpointTrend
RUN_093,TRIAD_031,A11_EndpointTrend_B600,R2,1829910790,599831945,102,Det/images/normal_train/00487279.png,0,01,learnable_hard,0.1658374456,0.99,0.185042967,normal_replay,EndpointTrend
RUN_093,TRIAD_031,A11_EndpointTrend_B600,R2,1829910790,599831945,103,Det/images/normal_train/00242345.png,0,01,learnable_hard,0.1756940879,0.975,0.1495258435,normal_replay,EndpointTrend
RUN_093,TRIAD_031,A11_EndpointTrend_B600,R2,1829910790,599831945,104,Det/images/normal_train/01139062.png,0,05,learnable_hard,0.3353831016,0.595,0.2455937078,normal_replay,EndpointTrend
RUN_093,TRIAD_031,A11_EndpointTrend_B600,R2,1829910790,599831945,105,Det/images/normal_train/00839345.png,0,06,learnable_hard,0.2290637212,0.985,0.154189075,normal_replay,EndpointTrend
RUN_093,TRIAD_031,A11_EndpointTrend_B600,R2,1829910790,599831945,106,Det/images/normal_train/00491025.png,0,06,learnable_hard,0.1980431691,0.985,0.1481213,normal_replay,EndpointTrend
RUN_093,TRIAD_031,A11_EndpointTrend_B600,R2,1829910790,599831945,107,Det/images/normal_train/01259598.png,0,06,learnable_hard,0.1619664604,0.97,0.1556067944,normal_replay,EndpointTrend
RUN_093,TRIAD_031,A11_EndpointTrend_B600,R2,1829910790,599831945,108,Det/images/normal_train/00547682.png,0,05,learnable_hard,0.4066109979,0.555,0.2305157683,normal_replay,EndpointTrend
RUN_093,TRIAD_031,A11_EndpointTrend_B600,R2,1829910790,599831945,109,Det/images/normal_train/00910845.png,0,05,learnable_hard,0.1599860971,0.98,0.1582846667,normal_replay,EndpointTrend
RUN_093,TRIAD_031,A11_EndpointTrend_B600,R2,1829910790,599831945,110,Det/images/normal_train/00414200.png,0,05,learnable_hard,0.1814747188,0.975,0.1887378647,normal_replay,EndpointTrend
RUN_093,TRIAD_031,A11_EndpointTrend_B600,R2,1829910790,599831945,111,Det/images/normal_train/00577221.png,0,05,learnable_hard,0.1459733101,0.975,0.1498426234,normal_replay,EndpointTrend
RUN_093,TRIAD_031,A11_EndpointTrend_B600,R2,1829910790,599831945,112,Det/images/normal_train/00447162.png,0,05,learnable_hard,0.2099945251,0.99,0.1425818018,normal_replay,EndpointTrend
RUN_093,TRIAD_031,A11_EndpointTrend_B600,R2,1829910790,599831945,113,Det/images/normal_train/00477451.png,0,00,learnable_hard,0.0748347358,0.975,0.1193456483,normal_replay,EndpointTrend
RUN_093,TRIAD_031,A11_EndpointTrend_B600,R2,1829910790,599831945,114,Det/images/normal_train/00282864.png,0,04,learnable_hard,0.3776502951,0.605,0.2083626891,normal_replay,EndpointTrend
RUN_093,TRIAD_031,A11_EndpointTrend_B600,R2,1829910790,599831945,115,Det/images/normal_train/00205256.png,0,08,learnable_hard,0.0462085867,0.985,0.0885202888,normal_replay,EndpointTrend
RUN_093,TRIAD_031,A11_EndpointTrend_B600,R2,1829910790,599831945,116,Det/images/normal_train/00205232.png,0,08,learnable_hard,0.0508866331,0.985,0.0938214987,normal_replay,EndpointTrend
RUN_093,TRIAD_031,A11_EndpointTrend_B600,R2,1829910790,599831945,117,Det/images/normal_train/01027507.png,0,08,learnable_hard,0.0490110119,0.975,0.1293141446,normal_replay,EndpointTrend
RUN_093,TRIAD_031,A11_EndpointTrend_B600,R2,1829910790,599831945,118,Det/images/normal_train/01030090.png,0,04,learnable_hard,0.3904992107,0.515,0.3381174173,normal_replay,EndpointTrend
RUN_093,TRIAD_031,A11_EndpointTrend_B600,R2,1829910790,599831945,119,Det/images/normal_train/01105108.png,0,05,learnable_hard,0.1796935421,0.995,0.1313306307,normal_replay,EndpointTrend
RUN_093,TRIAD_031,A11_EndpointTrend_B600,R2,1829910790,599831945,120,Det/images/normal_train/01281204.png,0,05,learnable_hard,0.1396466737,0.995,0.1203256643,normal_replay,EndpointTrend
RUN_093,TRIAD_031,A11_EndpointTrend_B600,R2,1829910790,599831945,121,Det/images/normal_train/00837442.png,0,02,learnable_hard,0.2020322976,0.995,0.1143874978,normal_replay,EndpointTrend
RUN_093,TRIAD_031,A11_EndpointTrend_B600,R2,1829910790,599831945,122,Det/images/normal_train/00767585.png,0,03,learnable_hard,0.0547794624,0.985,0.1096660055,normal_replay,EndpointTrend
RUN_093,TRIAD_031,A11_EndpointTrend_B600,R2,1829910790,599831945,123,Det/images/normal_train/01030604.png,0,04,learnable_hard,0.1561697958,0.995,0.0801326093,normal_replay,EndpointTrend
RUN_093,TRIAD_031,A11_EndpointTrend_B600,R2,1829910790,599831945,124,Det/images/normal_train/01218223.png,0,03,learnable_hard,0.0587138373,0.98,0.1170270282,normal_replay,EndpointTrend
RUN_093,TRIAD_031,A11_EndpointTrend_B600,R2,1829910790,599831945,125,Det/images/normal_train/00630091.png,0,03,learnable_hard,0.0432885976,0.99,0.1114439862,normal_replay,EndpointTrend
RUN_093,TRIAD_031,A11_EndpointTrend_B600,R2,1829910790,599831945,126,Det/images/normal_train/01280408.png,0,03,learnable_hard,0.0475467976,0.99,0.0977081814,normal_replay,EndpointTrend
RUN_093,TRIAD_031,A11_EndpointTrend_B600,R2,1829910790,599831945,127,Det/images/normal_train/00930386.png,0,09,learnable_hard,0.2949316759,0.955,0.1295355173,normal_replay,EndpointTrend
RUN_093,TRIAD_031,A11_EndpointTrend_B600,R2,1829910790,599831945,128,Det/images/normal_train/01010438.png,0,00,learnable_hard,0.2269153489,0.99,0.1492762318,normal_replay,EndpointTrend
RUN_093,TRIAD_031,A11_EndpointTrend_B600,R2,1829910790,599831945,129,Det/images/normal_train/00694684.png,0,00,learnable_hard,0.2280213885,0.965,0.143088569,normal_replay,EndpointTrend
RUN_093,TRIAD_031,A11_EndpointTrend_B600,R2,1829910790,599831945,130,Det/images/normal_train/00333029.png,0,00,learnable_hard,0.1521335186,0.985,0.1681969841,normal_replay,EndpointTrend
RUN_093,TRIAD_031,A11_EndpointTrend_B600,R2,1829910790,599831945,131,Det/images/normal_train/01289525.png,0,01,learnable_hard,0.2615287812,0.96,0.1302631046,normal_replay,EndpointTrend
RUN_093,TRIAD_031,A11_EndpointTrend_B600,R2,1829910790,599831945,132,Det/images/normal_train/00607175.png,0,09,learnable_hard,0.1694702242,0.995,0.1153338018,normal_replay,EndpointTrend
RUN_093,TRIAD_031,A11_EndpointTrend_B600,R2,1829910790,599831945,133,Det/images/normal_train/00975390.png,0,02,learnable_hard,0.1159737291,0.995,0.0891648334,normal_replay,EndpointTrend
RUN_093,TRIAD_031,A11_EndpointTrend_B600,R2,1829910790,599831945,134,Det/images/normal_train/00702435.png,0,06,learnable_hard,0.1050925977,0.995,0.1051053258,normal_replay,EndpointTrend
RUN_093,TRIAD_031,A11_EndpointTrend_B600,R2,1829910790,599831945,135,Det/images/normal_train/01144143.png,0,05,learnable_hard,0.1271344979,0.995,0.1215539356,normal_replay,EndpointTrend
RUN_093,TRIAD_031,A11_EndpointTrend_B600,R2,1829910790,599831945,136,Det/images/normal_train/00901686.png,0,06,learnable_hard,0.0646711696,0.985,0.10712518,normal_replay,EndpointTrend
RUN_093,TRIAD_031,A11_EndpointTrend_B600,R2,1829910790,599831945,137,Det/images/normal_train/00830574.png,0,06,learnable_hard,0.0684656593,0.985,0.1074589282,normal_replay,EndpointTrend
RUN_093,TRIAD_031,A11_EndpointTrend_B600,R2,1829910790,599831945,138,Det/images/normal_train/00901047.png,0,06,learnable_hard,0.0747962542,0.98,0.1124759554,normal_replay,EndpointTrend
RUN_093,TRIAD_031,A11_EndpointTrend_B600,R2,1829910790,599831945,139,Det/images/normal_train/00901084.png,0,06,learnable_hard,0.0778663351,0.99,0.1164562107,normal_replay,EndpointTrend
RUN_093,TRIAD_031,A11_EndpointTrend_B600,R2,1829910790,599831945,140,Det/images/normal_train/01111453.png,0,07,learnable_hard,0.1622557599,0.975,0.1565555134,normal_replay,EndpointTrend
RUN_093,TRIAD_031,A11_EndpointTrend_B600,R2,1829910790,599831945,141,Det/images/normal_train/00592456.png,0,07,learnable_hard,0.1634567686,0.99,0.155454649,normal_replay,EndpointTrend
RUN_093,TRIAD_031,A11_EndpointTrend_B600,R2,1829910790,599831945,142,Det/images/normal_train/00691208.png,0,07,learnable_hard,0.1456378725,0.985,0.170282209,normal_replay,EndpointTrend
RUN_093,TRIAD_031,A11_EndpointTrend_B600,R2,1829910790,599831945,143,Det/images/normal_train/00346175.png,0,07,learnable_hard,0.1378887831,0.99,0.151874741,normal_replay,EndpointTrend
RUN_093,TRIAD_031,A11_EndpointTrend_B600,R2,1829910790,599831945,144,Det/images/normal_train/00930199.png,0,09,learnable_hard,0.1828977213,0.975,0.164598785,normal_replay,EndpointTrend
RUN_093,TRIAD_031,A11_EndpointTrend_B600,R2,1829910790,599831945,145,Det/images/normal_train/00632215.png,0,09,learnable_hard,0.1951773842,0.97,0.1644849935,normal_replay,EndpointTrend
RUN_093,TRIAD_031,A11_EndpointTrend_B600,R2,1829910790,599831945,146,Det/images/normal_train/01245461.png,0,09,learnable_hard,0.1822040431,0.97,0.1798965927,normal_replay,EndpointTrend
RUN_093,TRIAD_031,A11_EndpointTrend_B600,R2,1829910790,599831945,147,Det/images/normal_train/01232622.png,0,09,learnable_hard,0.2258678461,0.975,0.1886219675,normal_replay,EndpointTrend
RUN_093,TRIAD_031,A11_EndpointTrend_B600,R2,1829910790,599831945,148,Det/images/normal_train/00214581.png,0,09,learnable_hard,0.1800140043,0.985,0.1750790668,normal_replay,EndpointTrend
RUN_093,TRIAD_031,A11_EndpointTrend_B600,R2,1829910790,599831945,149,Det/images/normal_train/00463273.png,0,09,learnable_hard,0.1891436471,0.98,0.1779921118,normal_replay,EndpointTrend
RUN_093,TRIAD_031,A11_EndpointTrend_B600,R2,1829910790,599831945,150,Det/images/normal_train/01030651.png,0,04,learnable_hard,0.218702702,0.99,0.1609868159,normal_replay,EndpointTrend
RUN_093,TRIAD_031,A11_EndpointTrend_B600,R2,1829910790,599831945,151,Det/images/normal_train/00885600.png,0,04,learnable_hard,0.1914819079,0.98,0.1483465409,normal_replay,EndpointTrend
RUN_093,TRIAD_031,A11_EndpointTrend_B600,R2,1829910790,599831945,152,Det/images/normal_train/00595559.png,0,01,learnable_hard,0.0497971408,0.975,0.1129556092,normal_replay,EndpointTrend
RUN_093,TRIAD_031,A11_EndpointTrend_B600,R2,1829910790,599831945,153,Det/images/normal_train/00619310.png,0,04,learnable_hard,0.2136287618,0.97,0.1407906808,normal_replay,EndpointTrend
RUN_093,TRIAD_031,A11_EndpointTrend_B600,R2,1829910790,599831945,154,Det/images/normal_train/00328457.png,0,07,learnable_hard,0.0662337685,0.99,0.1079820787,normal_replay,EndpointTrend
RUN_093,TRIAD_031,A11_EndpointTrend_B600,R2,1829910790,599831945,155,Det/images/normal_train/01039783.png,0,01,learnable_hard,0.047396628,0.975,0.1217801765,normal_replay,EndpointTrend
RUN_093,TRIAD_031,A11_EndpointTrend_B600,R2,1829910790,599831945,156,Det/images/normal_train/00967134.png,0,04,learnable_hard,0.1695946812,0.98,0.143864081,normal_replay,EndpointTrend
RUN_093,TRIAD_031,A11_EndpointTrend_B600,R2,1829910790,599831945,157,Det/images/normal_train/01198933.png,0,03,learnable_hard,0.1808027815,0.895,0.1982940388,normal_replay,EndpointTrend
RUN_093,TRIAD_031,A11_EndpointTrend_B600,R2,1829910790,599831945,158,Det/images/normal_train/00192061.png,0,09,learnable_hard,0.2141186701,0.775,0.2699038886,normal_replay,EndpointTrend
RUN_093,TRIAD_031,A11_EndpointTrend_B600,R2,1829910790,599831945,159,Det/images/normal_train/01204927.png,0,09,learnable_hard,0.1586401962,0.895,0.2264901136,normal_replay,EndpointTrend
RUN_093,TRIAD_031,A11_EndpointTrend_B600,R2,1829910790,599831945,160,Det/images/normal_train/01029797.png,0,09,ordinary,0.1650242485,0.955,0.1440848686,normal_replay,EndpointTrend
RUN_093,TRIAD_031,A11_EndpointTrend_B600,R2,1829910790,599831945,161,Det/images/normal_train/01258620.png,0,03,learnable_hard,0.2048674185,0.865,0.2371995179,normal_replay,EndpointTrend
RUN_093,TRIAD_031,A11_EndpointTrend_B600,R2,1829910790,599831945,162,Det/images/normal_train/01029789.png,0,09,ordinary,0.1821630734,0.95,0.1608788328,normal_replay,EndpointTrend
RUN_093,TRIAD_031,A11_EndpointTrend_B600,R2,1829910790,599831945,163,Det/images/normal_train/00603822.png,0,09,learnable_hard,0.1914319719,0.87,0.223000208,normal_replay,EndpointTrend
RUN_093,TRIAD_031,A11_EndpointTrend_B600,R2,1829910790,599831945,164,Det/images/normal_train/00566412.png,0,07,learnable_hard,0.1736113283,0.95,0.1481009044,normal_replay,EndpointTrend
RUN_093,TRIAD_031,A11_EndpointTrend_B600,R2,1829910790,599831945,165,Det/images/normal_train/00591630.png,0,07,learnable_hard,0.1886164454,0.925,0.2017916284,normal_replay,EndpointTrend
RUN_093,TRIAD_031,A11_EndpointTrend_B600,R2,1829910790,599831945,166,Det/images/normal_train/00655165.png,0,08,learnable_hard,0.2059340526,0.97,0.1836225135,normal_replay,EndpointTrend
RUN_093,TRIAD_031,A11_EndpointTrend_B600,R2,1829910790,599831945,167,Det/images/normal_train/00938481.png,0,08,learnable_hard,0.0802819461,0.975,0.1234095773,normal_replay,EndpointTrend
RUN_093,TRIAD_031,A11_EndpointTrend_B600,R2,1829910790,599831945,168,Det/images/normal_train/00913566.png,0,07,learnable_hard,0.2047936195,0.945,0.1811816735,normal_replay,EndpointTrend
RUN_093,TRIAD_031,A11_EndpointTrend_B600,R2,1829910790,599831945,169,Det/images/normal_train/00900025.png,0,07,learnable_hard,0.2049975688,0.925,0.1927463217,normal_replay,EndpointTrend
RUN_093,TRIAD_031,A11_EndpointTrend_B600,R2,1829910790,599831945,170,Det/images/normal_train/00807758.png,0,08,learnable_hard,0.1498533187,0.965,0.1761006018,normal_replay,EndpointTrend
RUN_093,TRIAD_031,A11_EndpointTrend_B600,R2,1829910790,599831945,171,Det/images/normal_train/00530464.png,0,01,learnable_hard,0.1908534862,0.9,0.2297119033,normal_replay,EndpointTrend
RUN_093,TRIAD_031,A11_EndpointTrend_B600,R2,1829910790,599831945,172,Det/images/normal_train/00647518.png,0,01,learnable_hard,0.2192025375,0.9,0.1923978406,normal_replay,EndpointTrend
RUN_093,TRIAD_031,A11_EndpointTrend_B600,R2,1829910790,599831945,173,Det/images/normal_train/00773485.png,0,01,learnable_hard,0.1899872391,0.94,0.1730598513,normal_replay,EndpointTrend
RUN_093,TRIAD_031,A11_EndpointTrend_B600,R2,1829910790,599831945,174,Det/images/normal_train/00718879.png,0,01,learnable_hard,0.1591432904,0.87,0.2223371661,normal_replay,EndpointTrend
RUN_093,TRIAD_031,A11_EndpointTrend_B600,R2,1829910790,599831945,175,Det/images/normal_train/01039816.png,0,01,learnable_hard,0.1457744931,0.945,0.165238686,normal_replay,EndpointTrend
RUN_093,TRIAD_031,A11_EndpointTrend_B600,R2,1829910790,599831945,176,Det/images/normal_train/00275327.png,0,01,learnable_hard,0.2159757272,0.935,0.1505124052,normal_replay,EndpointTrend
RUN_093,TRIAD_031,A11_EndpointTrend_B600,R2,1829910790,599831945,177,Det/images/normal_train/01189824.png,0,05,learnable_hard,0.0897317543,0.98,0.1197115864,normal_replay,EndpointTrend
RUN_093,TRIAD_031,A11_EndpointTrend_B600,R2,1829910790,599831945,178,Det/images/normal_train/00211209.png,0,06,learnable_hard,0.1541228187,0.985,0.1327873868,normal_replay,EndpointTrend
RUN_093,TRIAD_031,A11_EndpointTrend_B600,R2,1829910790,599831945,179,Det/images/normal_train/00372709.png,0,05,learnable_hard,0.1024339371,0.99,0.1079508522,normal_replay,EndpointTrend
RUN_093,TRIAD_031,A11_EndpointTrend_B600,R2,1829910790,599831945,180,Det/images/normal_train/00830268.png,0,06,learnable_hard,0.1677828208,0.99,0.1373199986,normal_replay,EndpointTrend
RUN_093,TRIAD_031,A11_EndpointTrend_B600,R2,1829910790,599831945,181,Det/images/normal_train/00429165.png,0,01,learnable_hard,0.071928082,0.98,0.1161800233,normal_replay,EndpointTrend
RUN_093,TRIAD_031,A11_EndpointTrend_B600,R2,1829910790,599831945,182,Det/images/normal_train/01204763.png,0,09,learnable_hard,0.1264250006,0.995,0.1237212397,normal_replay,EndpointTrend
RUN_093,TRIAD_031,A11_EndpointTrend_B600,R2,1829910790,599831945,183,Det/images/normal_train/00968908.png,0,09,learnable_hard,0.1108711357,0.995,0.1073044417,normal_replay,EndpointTrend
RUN_093,TRIAD_031,A11_EndpointTrend_B600,R2,1829910790,599831945,184,Det/images/normal_train/01039246.png,0,01,learnable_hard,0.0742186915,0.975,0.1277624721,normal_replay,EndpointTrend
RUN_093,TRIAD_031,A11_EndpointTrend_B600,R2,1829910790,599831945,185,Det/images/normal_train/00171776.png,0,02,learnable_hard,0.1275936632,0.98,0.1339028875,normal_replay,EndpointTrend
RUN_093,TRIAD_031,A11_EndpointTrend_B600,R2,1829910790,599831945,186,Det/images/normal_train/01237914.png,0,05,learnable_hard,0.1403471322,0.96,0.1884735553,normal_replay,EndpointTrend
RUN_093,TRIAD_031,A11_EndpointTrend_B600,R2,1829910790,599831945,187,Det/images/normal_train/01146347.png,0,05,learnable_hard,0.2121633014,0.825,0.2259467796,normal_replay,EndpointTrend
RUN_093,TRIAD_031,A11_EndpointTrend_B600,R2,1829910790,599831945,188,Det/images/normal_train/01146146.png,0,05,ordinary,0.1806408561,0.86,0.2546586187,normal_replay,EndpointTrend
RUN_093,TRIAD_031,A11_EndpointTrend_B600,R2,1829910790,599831945,189,Det/images/normal_train/01207857.png,0,02,learnable_hard,0.0948841029,0.985,0.1160404635,normal_replay,EndpointTrend
RUN_093,TRIAD_031,A11_EndpointTrend_B600,R2,1829910790,599831945,190,Det/images/normal_train/00312454.png,0,02,learnable_hard,0.1149942278,0.99,0.1199707915,normal_replay,EndpointTrend
RUN_093,TRIAD_031,A11_EndpointTrend_B600,R2,1829910790,599831945,191,Det/images/normal_train/00416590.png,0,05,learnable_hard,0.172908783,0.97,0.1342824675,normal_replay,EndpointTrend
RUN_093,TRIAD_031,A11_EndpointTrend_B600,R2,1829910790,599831945,192,Det/images/normal_train/00633196.png,0,02,learnable_hard,0.1684216108,0.94,0.1834717176,normal_replay,EndpointTrend
RUN_093,TRIAD_031,A11_EndpointTrend_B600,R2,1829910790,599831945,193,Det/images/normal_train/00282397.png,0,04,learnable_hard,0.1890147511,0.815,0.2298016037,normal_replay,EndpointTrend
RUN_093,TRIAD_031,A11_EndpointTrend_B600,R2,1829910790,599831945,194,Det/images/normal_train/00717607.png,0,00,learnable_hard,0.2311044257,0.82,0.2201443748,normal_replay,EndpointTrend
RUN_093,TRIAD_031,A11_EndpointTrend_B600,R2,1829910790,599831945,195,Det/images/normal_train/01014659.png,0,04,learnable_hard,0.1801065706,0.89,0.208467021,normal_replay,EndpointTrend
RUN_093,TRIAD_031,A11_EndpointTrend_B600,R2,1829910790,599831945,196,Det/images/normal_train/00358011.png,0,04,learnable_hard,0.2020924588,0.825,0.2177688671,normal_replay,EndpointTrend
RUN_093,TRIAD_031,A11_EndpointTrend_B600,R2,1829910790,599831945,197,Det/images/normal_train/00845209.png,0,04,learnable_hard,0.1523762548,0.94,0.177641999,normal_replay,EndpointTrend
RUN_093,TRIAD_031,A11_EndpointTrend_B600,R2,1829910790,599831945,198,Det/images/normal_train/01148857.png,0,04,learnable_hard,0.2283662094,0.805,0.229080166,normal_replay,EndpointTrend
RUN_093,TRIAD_031,A11_EndpointTrend_B600,R2,1829910790,599831945,199,Det/images/normal_train/00164806.png,0,06,learnable_hard,0.1940376758,0.94,0.1916620503,normal_replay,EndpointTrend
RUN_093,TRIAD_031,A11_EndpointTrend_B600,R2,1829910790,599831945,200,Det/images/normal_train/00874072.png,0,06,learnable_hard,0.1555886413,0.96,0.1762846712,normal_replay,EndpointTrend
RUN_093,TRIAD_031,A11_EndpointTrend_B600,R2,1829910790,599831945,201,Det/images/normal_train/00797107.png,0,06,learnable_hard,0.2071722582,0.96,0.1733652122,normal_replay,EndpointTrend
RUN_093,TRIAD_031,A11_EndpointTrend_B600,R2,1829910790,599831945,202,Det/images/normal_train/00791683.png,0,06,learnable_hard,0.1417104278,0.955,0.1612404283,normal_replay,EndpointTrend
RUN_093,TRIAD_031,A11_EndpointTrend_B600,R2,1829910790,599831945,203,Det/images/normal_train/00702993.png,0,06,learnable_hard,0.1886054192,0.925,0.1945671506,normal_replay,EndpointTrend
RUN_093,TRIAD_031,A11_EndpointTrend_B600,R2,1829910790,599831945,204,Det/images/normal_train/01197746.png,0,06,learnable_hard,0.1998057114,0.935,0.1795512917,normal_replay,EndpointTrend
RUN_093,TRIAD_031,A11_EndpointTrend_B600,R2,1829910790,599831945,205,Det/images/normal_train/01076767.png,0,06,learnable_hard,0.2171091252,0.9,0.1975393707,normal_replay,EndpointTrend
RUN_093,TRIAD_031,A11_EndpointTrend_B600,R2,1829910790,599831945,206,Det/images/normal_train/00228647.png,0,06,learnable_hard,0.2210901418,0.96,0.1816679705,normal_replay,EndpointTrend
RUN_093,TRIAD_031,A11_EndpointTrend_B600,R2,1829910790,599831945,207,Det/images/normal_train/00197778.png,0,06,learnable_hard,0.2253406276,0.915,0.1825115337,normal_replay,EndpointTrend
RUN_093,TRIAD_031,A11_EndpointTrend_B600,R2,1829910790,599831945,208,Det/images/normal_train/00234018.png,0,06,ordinary,0.1696519735,0.92,0.2140694435,normal_replay,EndpointTrend
RUN_093,TRIAD_031,A11_EndpointTrend_B600,R2,1829910790,599831945,209,Det/images/normal_train/01248458.png,0,06,ordinary,0.2050946527,0.92,0.1969446584,normal_replay,EndpointTrend
RUN_093,TRIAD_031,A11_EndpointTrend_B600,R2,1829910790,599831945,210,Det/images/normal_train/00901048.png,0,06,learnable_hard,0.2083705347,0.92,0.1837294829,normal_replay,EndpointTrend
RUN_093,TRIAD_031,A11_EndpointTrend_B600,R2,1829910790,599831945,211,Det/images/normal_train/00760628.png,0,04,learnable_hard,0.0765728249,0.97,0.1224503877,normal_replay,EndpointTrend
RUN_093,TRIAD_031,A11_EndpointTrend_B600,R2,1829910790,599831945,212,Det/images/normal_train/00967771.png,0,04,learnable_hard,0.0857170681,0.98,0.1203392897,normal_replay,EndpointTrend
RUN_093,TRIAD_031,A11_EndpointTrend_B600,R2,1829910790,599831945,213,Det/images/normal_train/00552939.png,0,07,learnable_hard,0.113026848,0.985,0.1278427204,normal_replay,EndpointTrend
RUN_093,TRIAD_031,A11_EndpointTrend_B600,R2,1829910790,599831945,214,Det/images/normal_train/00948853.png,0,07,learnable_hard,0.0948378824,0.99,0.1061551677,normal_replay,EndpointTrend
RUN_093,TRIAD_031,A11_EndpointTrend_B600,R2,1829910790,599831945,215,Det/images/normal_train/00532165.png,0,07,learnable_hard,0.0962783441,0.98,0.1261898644,normal_replay,EndpointTrend
RUN_093,TRIAD_031,A11_EndpointTrend_B600,R2,1829910790,599831945,216,Det/images/normal_train/00555437.png,0,07,learnable_hard,0.1098918572,0.985,0.1147189845,normal_replay,EndpointTrend
RUN_093,TRIAD_031,A11_EndpointTrend_B600,R2,1829910790,599831945,217,Det/images/normal_train/01112454.png,0,07,learnable_hard,0.122888731,0.99,0.1114897448,normal_replay,EndpointTrend
RUN_093,TRIAD_031,A11_EndpointTrend_B600,R2,1829910790,599831945,218,Det/images/normal_train/01132116.png,0,07,learnable_hard,0.0982766984,0.99,0.1051543486,normal_replay,EndpointTrend
RUN_093,TRIAD_031,A11_EndpointTrend_B600,R2,1829910790,599831945,219,Det/images/normal_train/00527694.png,0,07,learnable_hard,0.1273061406,0.98,0.1216120397,normal_replay,EndpointTrend
RUN_093,TRIAD_031,A11_EndpointTrend_B600,R2,1829910790,599831945,220,Det/images/normal_train/01118080.png,0,02,learnable_hard,0.1499315499,0.985,0.1083773482,normal_replay,EndpointTrend
RUN_093,TRIAD_031,A11_EndpointTrend_B600,R2,1829910790,599831945,221,Det/images/normal_train/01040695.png,0,06,learnable_hard,0.1269031434,0.99,0.0874172091,normal_replay,EndpointTrend
RUN_093,TRIAD_031,A11_EndpointTrend_B600,R2,1829910790,599831945,222,Det/images/normal_train/01126840.png,0,06,learnable_hard,0.099420795,0.985,0.0977550891,normal_replay,EndpointTrend
RUN_093,TRIAD_031,A11_EndpointTrend_B600,R2,1829910790,599831945,223,Det/images/normal_train/00256153.png,0,03,learnable_hard,0.1937399872,0.98,0.1280797816,normal_replay,EndpointTrend
RUN_093,TRIAD_031,A11_EndpointTrend_B600,R2,1829910790,599831945,224,Det/images/normal_train/00788281.png,0,03,learnable_hard,0.1412193065,0.99,0.1010488866,normal_replay,EndpointTrend
RUN_093,TRIAD_031,A11_EndpointTrend_B600,R2,1829910790,599831945,225,Det/images/normal_train/01000679.png,0,04,learnable_hard,0.1172300764,0.99,0.1318018523,normal_replay,EndpointTrend
RUN_093,TRIAD_031,A11_EndpointTrend_B600,R2,1829910790,599831945,226,Det/images/normal_train/00760632.png,0,04,learnable_hard,0.1289619632,0.985,0.136724868,normal_replay,EndpointTrend
RUN_093,TRIAD_031,A11_EndpointTrend_B600,R2,1829910790,599831945,227,Det/images/normal_train/00152072.png,0,04,learnable_hard,0.1001822278,0.98,0.1255522505,normal_replay,EndpointTrend
RUN_093,TRIAD_031,A11_EndpointTrend_B600,R2,1829910790,599831945,228,Det/images/normal_train/00751421.png,0,09,learnable_hard,0.1266232984,0.98,0.1150422241,normal_replay,EndpointTrend
RUN_093,TRIAD_031,A11_EndpointTrend_B600,R2,1829910790,599831945,229,Det/images/normal_train/01241187.png,0,09,learnable_hard,0.1053861802,0.975,0.128702231,normal_replay,EndpointTrend
RUN_093,TRIAD_031,A11_EndpointTrend_B600,R2,1829910790,599831945,230,Det/images/normal_train/00665002.png,0,09,learnable_hard,0.1198995162,0.975,0.1334023171,normal_replay,EndpointTrend
RUN_093,TRIAD_031,A11_EndpointTrend_B600,R2,1829910790,599831945,231,Det/images/normal_train/00219788.png,0,09,learnable_hard,0.1093874055,0.98,0.1254052632,normal_replay,EndpointTrend
RUN_093,TRIAD_031,A11_EndpointTrend_B600,R2,1829910790,599831945,232,Det/images/normal_train/00457334.png,0,09,learnable_hard,0.1032629296,0.975,0.1367181982,normal_replay,EndpointTrend
RUN_093,TRIAD_031,A11_EndpointTrend_B600,R2,1829910790,599831945,233,Det/images/normal_train/00810359.png,0,09,learnable_hard,0.1040567842,0.97,0.130863814,normal_replay,EndpointTrend
RUN_093,TRIAD_031,A11_EndpointTrend_B600,R2,1829910790,599831945,234,Det/images/normal_train/00493722.png,0,03,learnable_hard,0.0773027132,0.985,0.1037481423,normal_replay,EndpointTrend
RUN_093,TRIAD_031,A11_EndpointTrend_B600,R2,1829910790,599831945,235,Det/images/normal_train/00965865.png,0,03,learnable_hard,0.0794514892,0.98,0.1239217653,normal_replay,EndpointTrend
RUN_093,TRIAD_031,A11_EndpointTrend_B600,R2,1829910790,599831945,236,Det/images/normal_train/00229542.png,0,03,learnable_hard,0.0786537973,0.99,0.0993981391,normal_replay,EndpointTrend
RUN_093,TRIAD_031,A11_EndpointTrend_B600,R2,1829910790,599831945,237,Det/images/normal_train/00290896.png,0,00,learnable_hard,0.1149251428,0.99,0.1187283402,normal_replay,EndpointTrend
RUN_093,TRIAD_031,A11_EndpointTrend_B600,R2,1829910790,599831945,238,Det/images/normal_train/00332951.png,0,00,learnable_hard,0.1208162044,0.985,0.1309743176,normal_replay,EndpointTrend
RUN_093,TRIAD_031,A11_EndpointTrend_B600,R2,1829910790,599831945,239,Det/images/normal_train/00772538.png,0,01,learnable_hard,0.138615277,0.98,0.1244633759,normal_replay,EndpointTrend
RUN_093,TRIAD_031,A11_EndpointTrend_B600,R2,1829910790,599831945,240,Det/images/normal_train/00284574.png,0,01,learnable_hard,0.1048390441,0.975,0.1380136149,normal_replay,EndpointTrend
RUN_093,TRIAD_031,A11_EndpointTrend_B600,R2,1829910790,599831945,241,Det/images/normal_train/00583643.png,0,03,learnable_hard,0.1735944942,0.97,0.1554345895,normal_replay,EndpointTrend
RUN_093,TRIAD_031,A11_EndpointTrend_B600,R2,1829910790,599831945,242,Det/images/normal_train/01209422.png,0,08,learnable_hard,0.2157465102,0.85,0.2271849813,normal_replay,EndpointTrend
RUN_093,TRIAD_031,A11_EndpointTrend_B600,R2,1829910790,599831945,243,Det/images/normal_train/00571782.png,0,03,learnable_hard,0.1717495091,0.98,0.1604483123,normal_replay,EndpointTrend
RUN_093,TRIAD_031,A11_EndpointTrend_B600,R2,1829910790,599831945,244,Det/images/normal_train/00716212.png,0,08,learnable_hard,0.1163493534,0.99,0.1346481235,normal_replay,EndpointTrend
RUN_093,TRIAD_031,A11_EndpointTrend_B600,R2,1829910790,599831945,245,Det/images/normal_train/00413285.png,0,08,learnable_hard,0.1535063964,0.885,0.2006435792,normal_replay,EndpointTrend
RUN_093,TRIAD_031,A11_EndpointTrend_B600,R2,1829910790,599831945,246,Det/images/normal_train/00656085.png,0,08,ordinary,0.1966582465,0.86,0.2606596468,normal_replay,EndpointTrend
RUN_093,TRIAD_031,A11_EndpointTrend_B600,R2,1829910790,599831945,247,Det/images/normal_train/01264915.png,0,08,learnable_hard,0.1233781085,0.99,0.100440352,normal_replay,EndpointTrend
RUN_093,TRIAD_031,A11_EndpointTrend_B600,R2,1829910790,599831945,248,Det/images/normal_train/00213013.png,0,03,learnable_hard,0.1620167213,0.99,0.1430020982,normal_replay,EndpointTrend
RUN_093,TRIAD_031,A11_EndpointTrend_B600,R2,1829910790,599831945,249,Det/images/normal_train/01227853.png,0,08,ordinary,0.2009685341,0.84,0.2484353618,normal_replay,EndpointTrend
RUN_093,TRIAD_031,A11_EndpointTrend_B600,R2,1829910790,599831945,250,Det/images/normal_train/00205616.png,0,08,learnable_hard,0.0924900207,0.975,0.1287858785,normal_replay,EndpointTrend
RUN_093,TRIAD_031,A11_EndpointTrend_B600,R2,1829910790,599831945,251,Det/images/normal_train/00315449.png,0,03,learnable_hard,0.1416260989,0.97,0.1402280558,normal_replay,EndpointTrend
RUN_093,TRIAD_031,A11_EndpointTrend_B600,R2,1829910790,599831945,252,Det/images/normal_train/00930297.png,0,09,learnable_hard,0.1415797968,0.97,0.1103895936,normal_replay,EndpointTrend
RUN_093,TRIAD_031,A11_EndpointTrend_B600,R2,1829910790,599831945,253,Det/images/normal_train/01069410.png,0,09,learnable_hard,0.2066542377,0.99,0.1228376564,normal_replay,EndpointTrend
RUN_093,TRIAD_031,A11_EndpointTrend_B600,R2,1829910790,599831945,254,Det/images/normal_train/01159073.png,0,04,learnable_hard,0.1743096245,0.99,0.1018833551,normal_replay,EndpointTrend
RUN_093,TRIAD_031,A11_EndpointTrend_B600,R2,1829910790,599831945,255,Det/images/normal_train/01116611.png,0,04,learnable_hard,0.1572701338,0.985,0.1000311796,normal_replay,EndpointTrend
RUN_093,TRIAD_031,A11_EndpointTrend_B600,R2,1829910790,599831945,256,Det/images/normal_train/01114474.png,0,04,learnable_hard,0.2072032991,0.985,0.1346237917,normal_replay,EndpointTrend
RUN_093,TRIAD_031,A11_EndpointTrend_B600,R2,1829910790,599831945,257,Det/images/normal_train/00786240.png,0,03,learnable_hard,0.105072226,0.975,0.1331485573,normal_replay,EndpointTrend
RUN_093,TRIAD_031,A11_EndpointTrend_B600,R2,1829910790,599831945,258,Det/images/normal_train/00236480.png,0,03,learnable_hard,0.0907875396,0.975,0.1317111047,normal_replay,EndpointTrend
RUN_093,TRIAD_031,A11_EndpointTrend_B600,R2,1829910790,599831945,259,Det/images/normal_train/01261507.png,0,00,learnable_hard,0.3147980015,0.895,0.1873673661,normal_replay,EndpointTrend
RUN_093,TRIAD_031,A11_EndpointTrend_B600,R2,1829910790,599831945,260,Det/images/normal_train/00150171.png,0,00,learnable_hard,0.3173578703,0.775,0.1985229842,normal_replay,EndpointTrend
RUN_093,TRIAD_031,A11_EndpointTrend_B600,R2,1829910790,599831945,261,Det/images/normal_train/00897196.png,0,00,ordinary,0.3661291375,0.795,0.1872233353,normal_replay,EndpointTrend
RUN_093,TRIAD_031,A11_EndpointTrend_B600,R2,1829910790,599831945,262,Det/images/normal_train/01226522.png,0,00,learnable_hard,0.3169926527,0.81,0.2103816637,normal_replay,EndpointTrend
RUN_093,TRIAD_031,A11_EndpointTrend_B600,R2,1829910790,599831945,263,Det/images/normal_train/01140353.png,0,00,learnable_hard,0.2574294533,0.815,0.2113005894,normal_replay,EndpointTrend
RUN_093,TRIAD_031,A11_EndpointTrend_B600,R2,1829910790,599831945,264,Det/images/normal_train/00333275.png,0,00,ordinary,0.2746841651,0.82,0.2404171031,normal_replay,EndpointTrend
RUN_093,TRIAD_031,A11_EndpointTrend_B600,R2,1829910790,599831945,265,Det/images/normal_train/01012625.png,0,00,learnable_hard,0.2863972047,0.95,0.1569485923,normal_replay,EndpointTrend
RUN_093,TRIAD_031,A11_EndpointTrend_B600,R2,1829910790,599831945,266,Det/images/normal_train/00682928.png,0,00,ordinary,0.2684323484,0.88,0.1923357044,normal_replay,EndpointTrend
RUN_093,TRIAD_031,A11_EndpointTrend_B600,R2,1829910790,599831945,267,Det/images/normal_train/00606898.png,0,00,learnable_hard,0.2920561736,0.76,0.2108755985,normal_replay,EndpointTrend
RUN_093,TRIAD_031,A11_EndpointTrend_B600,R2,1829910790,599831945,268,Det/images/normal_train/00333636.png,0,00,learnable_hard,0.2975820501,0.84,0.1932817691,normal_replay,EndpointTrend
RUN_093,TRIAD_031,A11_EndpointTrend_B600,R2,1829910790,599831945,269,Det/images/normal_train/01156908.png,0,00,learnable_hard,0.3108139778,0.905,0.1415643374,normal_replay,EndpointTrend
RUN_093,TRIAD_031,A11_EndpointTrend_B600,R2,1829910790,599831945,270,Det/images/normal_train/00376976.png,0,00,ordinary,0.2841972565,0.82,0.2201982183,normal_replay,EndpointTrend
RUN_093,TRIAD_031,A11_EndpointTrend_B600,R2,1829910790,599831945,271,Det/images/normal_train/00897569.png,0,00,learnable_hard,0.2496975642,0.9,0.1776855653,normal_replay,EndpointTrend
RUN_093,TRIAD_031,A11_EndpointTrend_B600,R2,1829910790,599831945,272,Det/images/normal_train/01289078.png,0,01,learnable_hard,0.3436280262,0.66,0.234435884,normal_replay,EndpointTrend
RUN_093,TRIAD_031,A11_EndpointTrend_B600,R2,1829910790,599831945,273,Det/images/normal_train/01289448.png,0,01,unstable_boundary,0.3823643324,0.855,0.1542727195,normal_replay,EndpointTrend
RUN_093,TRIAD_031,A11_EndpointTrend_B600,R2,1829910790,599831945,274,Det/images/normal_train/00530461.png,0,01,learnable_hard,0.3470402735,0.685,0.2529146372,normal_replay,EndpointTrend
RUN_093,TRIAD_031,A11_EndpointTrend_B600,R2,1829910790,599831945,275,Det/images/normal_train/01289324.png,0,01,ordinary,0.3985112311,0.695,0.2058938452,normal_replay,EndpointTrend
RUN_093,TRIAD_031,A11_EndpointTrend_B600,R2,1829910790,599831945,276,Det/images/normal_train/01289003.png,0,01,learnable_hard,0.2473836309,0.865,0.2003144341,normal_replay,EndpointTrend
RUN_093,TRIAD_031,A11_EndpointTrend_B600,R2,1829910790,599831945,277,Det/images/normal_train/00918705.png,0,01,learnable_hard,0.3497545365,0.67,0.222478459,normal_replay,EndpointTrend
RUN_093,TRIAD_031,A11_EndpointTrend_B600,R2,1829910790,599831945,278,Det/images/normal_train/00934677.png,0,01,learnable_hard,0.3306784345,0.65,0.2720290097,normal_replay,EndpointTrend
RUN_093,TRIAD_031,A11_EndpointTrend_B600,R2,1829910790,599831945,279,Det/images/normal_train/01131825.png,0,01,learnable_hard,0.3124023517,0.75,0.2212786577,normal_replay,EndpointTrend
RUN_093,TRIAD_031,A11_EndpointTrend_B600,R2,1829910790,599831945,280,Det/images/normal_train/00530174.png,0,01,learnable_hard,0.3869878262,0.7,0.2304156182,normal_replay,EndpointTrend
RUN_093,TRIAD_031,A11_EndpointTrend_B600,R2,1829910790,599831945,281,Det/images/normal_train/00918540.png,0,01,learnable_hard,0.2912415698,0.71,0.2232514495,normal_replay,EndpointTrend
RUN_093,TRIAD_031,A11_EndpointTrend_B600,R2,1829910790,599831945,282,Det/images/normal_train/00783903.png,0,01,learnable_hard,0.3058047503,0.855,0.166289522,normal_replay,EndpointTrend
RUN_093,TRIAD_031,A11_EndpointTrend_B600,R2,1829910790,599831945,283,Det/images/normal_train/00647183.png,0,01,learnable_hard,0.3216028329,0.82,0.1781848227,normal_replay,EndpointTrend
RUN_093,TRIAD_031,A11_EndpointTrend_B600,R2,1829910790,599831945,284,Det/images/normal_train/00320947.png,0,01,learnable_hard,0.3852105687,0.65,0.2593855506,normal_replay,EndpointTrend
RUN_093,TRIAD_031,A11_EndpointTrend_B600,R2,1829910790,599831945,285,Det/images/normal_train/00886205.png,0,09,learnable_hard,0.2596837166,0.705,0.2711736661,normal_replay,EndpointTrend
RUN_093,TRIAD_031,A11_EndpointTrend_B600,R2,1829910790,599831945,286,Det/images/normal_train/01110597.png,0,09,learnable_hard,0.2666688501,0.83,0.2066436815,normal_replay,EndpointTrend
RUN_093,TRIAD_031,A11_EndpointTrend_B600,R2,1829910790,599831945,287,Det/images/normal_train/00518723.png,0,09,learnable_hard,0.3711403165,0.83,0.1854322029,normal_replay,EndpointTrend
RUN_093,TRIAD_031,A11_EndpointTrend_B600,R2,1829910790,599831945,288,Det/images/normal_train/00977968.png,0,09,ordinary,0.3786622013,0.67,0.2149086252,normal_replay,EndpointTrend
RUN_093,TRIAD_031,A11_EndpointTrend_B600,R2,1829910790,599831945,289,Det/images/normal_train/00390228.png,0,09,learnable_hard,0.3584664648,0.65,0.261618869,normal_replay,EndpointTrend
RUN_093,TRIAD_031,A11_EndpointTrend_B600,R2,1829910790,599831945,290,Det/images/normal_train/01170261.png,0,09,ordinary,0.2829138979,0.805,0.3106854089,normal_replay,EndpointTrend
RUN_093,TRIAD_031,A11_EndpointTrend_B600,R2,1829910790,599831945,291,Det/images/normal_train/01005562.png,0,09,learnable_hard,0.2572535311,0.875,0.2156295356,normal_replay,EndpointTrend
RUN_093,TRIAD_031,A11_EndpointTrend_B600,R2,1829910790,599831945,292,Det/images/normal_train/00968825.png,0,09,learnable_hard,0.2800646419,0.705,0.2494419901,normal_replay,EndpointTrend
RUN_093,TRIAD_031,A11_EndpointTrend_B600,R2,1829910790,599831945,293,Det/images/normal_train/01133765.png,0,09,learnable_hard,0.2644714438,0.76,0.2407226718,normal_replay,EndpointTrend
RUN_093,TRIAD_031,A11_EndpointTrend_B600,R2,1829910790,599831945,294,Det/images/normal_train/00895398.png,0,09,learnable_hard,0.3287816316,0.865,0.1849348814,normal_replay,EndpointTrend
RUN_093,TRIAD_031,A11_EndpointTrend_B600,R2,1829910790,599831945,295,Det/images/normal_train/00239038.png,0,09,learnable_hard,0.3142707531,0.645,0.2485285724,normal_replay,EndpointTrend
RUN_093,TRIAD_031,A11_EndpointTrend_B600,R2,1829910790,599831945,296,Det/images/normal_train/01031651.png,0,09,learnable_hard,0.2492056721,0.94,0.1779441172,normal_replay,EndpointTrend
RUN_093,TRIAD_031,A11_EndpointTrend_B600,R2,1829910790,599831945,297,Det/images/normal_train/00879444.png,0,09,learnable_hard,0.3768173205,0.63,0.2084952825,normal_replay,EndpointTrend
RUN_093,TRIAD_031,A11_EndpointTrend_B600,R2,1829910790,599831945,298,Det/images/normal_train/01031252.png,0,09,learnable_hard,0.3039530187,0.82,0.2108569142,normal_replay,EndpointTrend
RUN_093,TRIAD_031,A11_EndpointTrend_B600,R2,1829910790,599831945,299,Det/images/normal_train/00506795.png,0,09,ordinary,0.3932228737,0.725,0.2346512897,normal_replay,EndpointTrend
RUN_093,TRIAD_031,A11_EndpointTrend_B600,R2,1829910790,599831945,300,Det/images/normal_train/00565258.png,0,04,learnable_hard,0.3219093086,0.645,0.2403009143,normal_replay,EndpointTrend
RUN_093,TRIAD_031,A11_EndpointTrend_B600,R2,1829910790,599831945,301,Det/images/normal_train/00259412.png,0,08,learnable_hard,0.2802159961,0.955,0.1668966094,normal_replay,EndpointTrend
RUN_093,TRIAD_031,A11_EndpointTrend_B600,R2,1829910790,599831945,302,Det/images/normal_train/01014840.png,0,04,learnable_hard,0.2575253241,0.815,0.2277940199,normal_replay,EndpointTrend
RUN_093,TRIAD_031,A11_EndpointTrend_B600,R2,1829910790,599831945,303,Det/images/normal_train/00997804.png,0,08,learnable_hard,0.3392986837,0.725,0.2191337014,normal_replay,EndpointTrend
RUN_093,TRIAD_031,A11_EndpointTrend_B600,R2,1829910790,599831945,304,Det/images/normal_train/00759418.png,0,08,learnable_hard,0.2862266041,0.93,0.1405403807,normal_replay,EndpointTrend
RUN_093,TRIAD_031,A11_EndpointTrend_B600,R2,1829910790,599831945,305,Det/images/normal_train/00541013.png,0,08,learnable_hard,0.2692582383,0.925,0.1780878717,normal_replay,EndpointTrend
RUN_093,TRIAD_031,A11_EndpointTrend_B600,R2,1829910790,599831945,306,Det/images/normal_train/00392378.png,0,08,learnable_hard,0.2680396942,0.785,0.2541771821,normal_replay,EndpointTrend
RUN_093,TRIAD_031,A11_EndpointTrend_B600,R2,1829910790,599831945,307,Det/images/normal_train/00509903.png,0,08,learnable_hard,0.2517010628,0.74,0.2556838655,normal_replay,EndpointTrend
RUN_093,TRIAD_031,A11_EndpointTrend_B600,R2,1829910790,599831945,308,Det/images/normal_train/00542999.png,0,04,learnable_hard,0.3955003311,0.705,0.225242687,normal_replay,EndpointTrend
RUN_093,TRIAD_031,A11_EndpointTrend_B600,R2,1829910790,599831945,309,Det/images/normal_train/00507921.png,0,04,learnable_hard,0.3006356686,0.65,0.2699815163,normal_replay,EndpointTrend
RUN_093,TRIAD_031,A11_EndpointTrend_B600,R2,1829910790,599831945,310,Det/images/normal_train/00191074.png,0,08,ordinary,0.3938712862,0.635,0.2098143277,normal_replay,EndpointTrend
RUN_093,TRIAD_031,A11_EndpointTrend_B600,R2,1829910790,599831945,311,Det/images/normal_train/00666316.png,0,08,learnable_hard,0.2805065364,0.775,0.2388148975,normal_replay,EndpointTrend
RUN_093,TRIAD_031,A11_EndpointTrend_B600,R2,1829910790,599831945,312,Det/images/normal_train/00226422.png,0,08,learnable_hard,0.2772107274,0.915,0.1853177454,normal_replay,EndpointTrend
RUN_093,TRIAD_031,A11_EndpointTrend_B600,R2,1829910790,599831945,313,Det/images/normal_train/00992152.png,0,08,learnable_hard,0.3274905087,0.7,0.2360797361,normal_replay,EndpointTrend
RUN_093,TRIAD_031,A11_EndpointTrend_B600,R2,1829910790,599831945,314,Det/images/normal_train/01093306.png,0,04,ordinary,0.2722150922,0.83,0.2847674406,normal_replay,EndpointTrend
RUN_093,TRIAD_031,A11_EndpointTrend_B600,R2,1829910790,599831945,315,Det/images/normal_train/00282467.png,0,04,learnable_hard,0.2701028634,0.915,0.1849078996,normal_replay,EndpointTrend
RUN_093,TRIAD_031,A11_EndpointTrend_B600,R2,1829910790,599831945,316,Det/images/normal_train/00758004.png,0,04,learnable_hard,0.3010683434,0.9,0.1618733545,normal_replay,EndpointTrend
RUN_093,TRIAD_031,A11_EndpointTrend_B600,R2,1829910790,599831945,317,Det/images/normal_train/00495848.png,0,08,learnable_hard,0.251089463,0.785,0.2395388901,normal_replay,EndpointTrend
RUN_093,TRIAD_031,A11_EndpointTrend_B600,R2,1829910790,599831945,318,Det/images/normal_train/00938720.png,0,08,learnable_hard,0.3323547469,0.655,0.2379030545,normal_replay,EndpointTrend
RUN_093,TRIAD_031,A11_EndpointTrend_B600,R2,1829910790,599831945,319,Det/images/normal_train/00914717.png,0,04,learnable_hard,0.2601930411,0.795,0.237170278,normal_replay,EndpointTrend
RUN_093,TRIAD_031,A11_EndpointTrend_B600,R2,1829910790,599831945,320,Det/images/normal_train/00759179.png,0,08,learnable_hard,0.3173491915,0.81,0.1955570509,normal_replay,EndpointTrend
RUN_093,TRIAD_031,A11_EndpointTrend_B600,R2,1829910790,599831945,321,Det/images/normal_train/00976625.png,0,04,learnable_hard,0.2843413055,0.785,0.2195217488,normal_replay,EndpointTrend
RUN_093,TRIAD_031,A11_EndpointTrend_B600,R2,1829910790,599831945,322,Det/images/normal_train/01265879.png,0,08,learnable_hard,0.2496363476,0.81,0.2356373097,normal_replay,EndpointTrend
RUN_093,TRIAD_031,A11_EndpointTrend_B600,R2,1829910790,599831945,323,Det/images/normal_train/00796488.png,0,04,learnable_hard,0.3457508073,0.64,0.297881158,normal_replay,EndpointTrend
RUN_093,TRIAD_031,A11_EndpointTrend_B600,R2,1829910790,599831945,324,Det/images/normal_train/00923207.png,0,08,learnable_hard,0.3408372819,0.66,0.2530600105,normal_replay,EndpointTrend
RUN_093,TRIAD_031,A11_EndpointTrend_B600,R2,1829910790,599831945,325,Det/images/normal_train/01083935.png,0,04,ordinary,0.2744778943,0.925,0.1707462148,normal_replay,EndpointTrend
RUN_093,TRIAD_031,A11_EndpointTrend_B600,R2,1829910790,599831945,326,Det/images/normal_train/00618371.png,0,04,learnable_hard,0.351816632,0.63,0.2621870552,normal_replay,EndpointTrend
RUN_093,TRIAD_031,A11_EndpointTrend_B600,R2,1829910790,599831945,327,Det/images/normal_train/00777767.png,0,08,learnable_hard,0.2941783426,0.89,0.1783837439,normal_replay,EndpointTrend
RUN_093,TRIAD_031,A11_EndpointTrend_B600,R2,1829910790,599831945,328,Det/images/normal_train/00146228.png,0,04,ordinary,0.2999473889,0.79,0.2887546652,normal_replay,EndpointTrend
RUN_093,TRIAD_031,A11_EndpointTrend_B600,R2,1829910790,599831945,329,Det/images/normal_train/01293697.png,0,08,learnable_hard,0.2852470943,0.93,0.192409959,normal_replay,EndpointTrend
RUN_093,TRIAD_031,A11_EndpointTrend_B600,R2,1829910790,599831945,330,Det/images/normal_train/00532844.png,0,07,learnable_hard,0.6558546211,0.225,0.2939297759,normal_replay,EndpointTrend
RUN_093,TRIAD_031,A11_EndpointTrend_B600,R2,1829910790,599831945,331,Det/images/normal_train/00529708.png,0,03,learnable_hard,0.2690304151,0.905,0.2108180195,normal_replay,EndpointTrend
RUN_093,TRIAD_031,A11_EndpointTrend_B600,R2,1829910790,599831945,332,Det/images/normal_train/01073355.png,0,07,learnable_hard,0.6383543982,0.29,0.2837468266,normal_replay,EndpointTrend
RUN_093,TRIAD_031,A11_EndpointTrend_B600,R2,1829910790,599831945,333,Det/images/normal_train/00337473.png,0,07,learnable_hard,0.5701352926,0.365,0.2778514741,normal_replay,EndpointTrend
RUN_093,TRIAD_031,A11_EndpointTrend_B600,R2,1829910790,599831945,334,Det/images/normal_train/01187693.png,0,07,persistent_hard,0.610973808,0.305,0.2015639539,normal_replay,EndpointTrend
RUN_093,TRIAD_031,A11_EndpointTrend_B600,R2,1829910790,599831945,335,Det/images/normal_train/00240267.png,0,07,learnable_hard,0.612036355,0.28,0.3227654128,normal_replay,EndpointTrend
RUN_093,TRIAD_031,A11_EndpointTrend_B600,R2,1829910790,599831945,336,Det/images/normal_train/00493600.png,0,03,learnable_hard,0.2903812692,0.92,0.1616587017,normal_replay,EndpointTrend
RUN_093,TRIAD_031,A11_EndpointTrend_B600,R2,1829910790,599831945,337,Det/images/normal_train/00532387.png,0,07,learnable_hard,0.5528826717,0.365,0.345484002,normal_replay,EndpointTrend
RUN_093,TRIAD_031,A11_EndpointTrend_B600,R2,1829910790,599831945,338,Det/images/normal_train/01291504.png,0,07,learnable_hard,0.73644003,0.185,0.2345416792,normal_replay,EndpointTrend
RUN_093,TRIAD_031,A11_EndpointTrend_B600,R2,1829910790,599831945,339,Det/images/normal_train/00293026.png,0,07,persistent_hard,0.7200208522,0.22,0.2429650162,normal_replay,EndpointTrend
RUN_093,TRIAD_031,A11_EndpointTrend_B600,R2,1829910790,599831945,340,Det/images/normal_train/01296491.png,0,07,persistent_hard,0.7095703565,0.12,0.2054128405,normal_replay,EndpointTrend
RUN_093,TRIAD_031,A11_EndpointTrend_B600,R2,1829910790,599831945,341,Det/images/normal_train/00554078.png,0,03,learnable_hard,0.3630856253,0.785,0.2095155166,normal_replay,EndpointTrend
RUN_093,TRIAD_031,A11_EndpointTrend_B600,R2,1829910790,599831945,342,Det/images/normal_train/01092303.png,0,03,learnable_hard,0.25769519,0.865,0.2161255906,normal_replay,EndpointTrend
RUN_093,TRIAD_031,A11_EndpointTrend_B600,R2,1829910790,599831945,343,Det/images/normal_train/00593056.png,0,03,learnable_hard,0.2521390926,0.755,0.2820007951,normal_replay,EndpointTrend
RUN_093,TRIAD_031,A11_EndpointTrend_B600,R2,1829910790,599831945,344,Det/images/normal_train/00990320.png,0,03,ordinary,0.2326219404,0.91,0.1744259502,normal_replay,EndpointTrend
RUN_093,TRIAD_031,A11_EndpointTrend_B600,R2,1829910790,599831945,345,Det/images/normal_train/00508953.png,0,03,learnable_hard,0.2337984882,0.89,0.218023634,normal_replay,EndpointTrend
RUN_093,TRIAD_031,A11_EndpointTrend_B600,R2,1829910790,599831945,346,Det/images/normal_train/01015319.png,0,03,ordinary,0.2487671888,0.86,0.2178503261,normal_replay,EndpointTrend
RUN_093,TRIAD_031,A11_EndpointTrend_B600,R2,1829910790,599831945,347,Det/images/normal_train/00965027.png,0,03,ordinary,0.3677608727,0.83,0.2000046209,normal_replay,EndpointTrend
RUN_093,TRIAD_031,A11_EndpointTrend_B600,R2,1829910790,599831945,348,Det/images/normal_train/00589137.png,0,03,learnable_hard,0.3492839957,0.66,0.2754381287,normal_replay,EndpointTrend
RUN_093,TRIAD_031,A11_EndpointTrend_B600,R2,1829910790,599831945,349,Det/images/normal_train/00254304.png,0,03,learnable_hard,0.2693749176,0.925,0.176815276,normal_replay,EndpointTrend
RUN_093,TRIAD_031,A11_EndpointTrend_B600,R2,1829910790,599831945,350,Det/images/normal_train/01011122.png,0,07,learnable_hard,0.5344569427,0.435,0.3186092458,normal_replay,EndpointTrend
RUN_093,TRIAD_031,A11_EndpointTrend_B600,R2,1829910790,599831945,351,Det/images/normal_train/01147064.png,0,07,learnable_hard,0.6476962822,0.215,0.2791865872,normal_replay,EndpointTrend
RUN_093,TRIAD_031,A11_EndpointTrend_B600,R2,1829910790,599831945,352,Det/images/normal_train/00417103.png,0,07,learnable_hard,0.4572287254,0.51,0.3087360712,normal_replay,EndpointTrend
RUN_093,TRIAD_031,A11_EndpointTrend_B600,R2,1829910790,599831945,353,Det/images/normal_train/00240263.png,0,07,persistent_hard,0.652462666,0.155,0.1948485834,normal_replay,EndpointTrend
RUN_093,TRIAD_031,A11_EndpointTrend_B600,R2,1829910790,599831945,354,Det/images/normal_train/00988992.png,0,07,learnable_hard,0.5458245623,0.335,0.2574269403,normal_replay,EndpointTrend
RUN_093,TRIAD_031,A11_EndpointTrend_B600,R2,1829910790,599831945,355,Det/images/normal_train/00403928.png,0,03,learnable_hard,0.29058306,0.845,0.1993275243,normal_replay,EndpointTrend
RUN_093,TRIAD_031,A11_EndpointTrend_B600,R2,1829910790,599831945,356,Det/images/normal_train/00166068.png,0,03,learnable_hard,0.2915181689,0.775,0.2289537616,normal_replay,EndpointTrend
RUN_093,TRIAD_031,A11_EndpointTrend_B600,R2,1829910790,599831945,357,Det/images/normal_train/00798927.png,0,03,learnable_hard,0.2921456038,0.95,0.1890699299,normal_replay,EndpointTrend
RUN_093,TRIAD_031,A11_EndpointTrend_B600,R2,1829910790,599831945,358,Det/images/normal_train/00903121.png,0,07,ordinary,0.4904741447,0.595,0.3534481897,normal_replay,EndpointTrend
RUN_093,TRIAD_031,A11_EndpointTrend_B600,R2,1829910790,599831945,359,Det/images/normal_train/00630647.png,0,03,learnable_hard,0.254901764,0.89,0.182489964,normal_replay,EndpointTrend
RUN_093,TRIAD_031,A11_EndpointTrend_B600,R2,1829910790,599831945,360,Det/images/normal_train/01258298.png,0,03,ordinary,0.3901315931,0.665,0.1974296909,normal_replay,EndpointTrend
RUN_093,TRIAD_031,A11_EndpointTrend_B600,R2,1829910790,599831945,361,Det/images/normal_train/00529652.png,0,03,learnable_hard,0.2322521578,0.925,0.1851610003,normal_replay,EndpointTrend
RUN_093,TRIAD_031,A11_EndpointTrend_B600,R2,1829910790,599831945,362,Det/images/normal_train/00733227.png,0,07,learnable_hard,0.5666789836,0.27,0.2687477749,normal_replay,EndpointTrend
RUN_093,TRIAD_031,A11_EndpointTrend_B600,R2,1829910790,599831945,363,Det/images/normal_train/00735270.png,0,07,learnable_hard,0.4705611895,0.385,0.235856723,normal_replay,EndpointTrend
RUN_093,TRIAD_031,A11_EndpointTrend_B600,R2,1829910790,599831945,364,Det/images/normal_train/00213614.png,0,03,learnable_hard,0.2489591434,0.885,0.2044964924,normal_replay,EndpointTrend
RUN_093,TRIAD_031,A11_EndpointTrend_B600,R2,1829910790,599831945,365,Det/images/normal_train/00545258.png,0,07,ordinary,0.2466532762,0.91,0.1735975331,normal_replay,EndpointTrend
RUN_093,TRIAD_031,A11_EndpointTrend_B600,R2,1829910790,599831945,366,Det/images/normal_train/01179785.png,0,07,ordinary,0.2799461946,0.88,0.1864244605,normal_replay,EndpointTrend
RUN_093,TRIAD_031,A11_EndpointTrend_B600,R2,1829910790,599831945,367,Det/images/normal_train/00741208.png,0,07,learnable_hard,0.2839644707,0.715,0.237621936,normal_replay,EndpointTrend
RUN_093,TRIAD_031,A11_EndpointTrend_B600,R2,1829910790,599831945,368,Det/images/normal_train/00900975.png,0,07,learnable_hard,0.3904364372,0.76,0.1794307466,normal_replay,EndpointTrend
RUN_093,TRIAD_031,A11_EndpointTrend_B600,R2,1829910790,599831945,369,Det/images/normal_train/00741235.png,0,07,learnable_hard,0.2967660091,0.81,0.2193543854,normal_replay,EndpointTrend
RUN_093,TRIAD_031,A11_EndpointTrend_B600,R2,1829910790,599831945,370,Det/images/normal_train/01288350.png,0,07,learnable_hard,0.255482323,0.89,0.2082393903,normal_replay,EndpointTrend
RUN_093,TRIAD_031,A11_EndpointTrend_B600,R2,1829910790,599831945,371,Det/images/normal_train/00484971.png,0,07,learnable_hard,0.3092050806,0.715,0.2212171306,normal_replay,EndpointTrend
RUN_093,TRIAD_031,A11_EndpointTrend_B600,R2,1829910790,599831945,372,Det/images/normal_train/01292347.png,0,07,learnable_hard,0.2932518796,0.835,0.197552824,normal_replay,EndpointTrend
RUN_093,TRIAD_031,A11_EndpointTrend_B600,R2,1829910790,599831945,373,Det/images/normal_train/00215477.png,0,07,learnable_hard,0.2366544722,0.795,0.2301531567,normal_replay,EndpointTrend
RUN_093,TRIAD_031,A11_EndpointTrend_B600,R2,1829910790,599831945,374,Det/images/normal_train/01222708.png,0,07,ordinary,0.388426376,0.665,0.2071765207,normal_replay,EndpointTrend
RUN_093,TRIAD_031,A11_EndpointTrend_B600,R2,1829910790,599831945,375,Det/images/normal_train/01142322.png,0,07,learnable_hard,0.2729736755,0.92,0.188756123,normal_replay,EndpointTrend
RUN_093,TRIAD_031,A11_EndpointTrend_B600,R2,1829910790,599831945,376,Det/images/normal_train/01217758.png,0,06,learnable_hard,0.2654370067,0.73,0.2309545507,normal_replay,EndpointTrend
RUN_093,TRIAD_031,A11_EndpointTrend_B600,R2,1829910790,599831945,377,Det/images/normal_train/00908153.png,0,06,learnable_hard,0.3240869085,0.64,0.2376991319,normal_replay,EndpointTrend
RUN_093,TRIAD_031,A11_EndpointTrend_B600,R2,1829910790,599831945,378,Det/images/normal_train/01096088.png,0,06,learnable_hard,0.3769487245,0.67,0.2689272247,normal_replay,EndpointTrend
RUN_093,TRIAD_031,A11_EndpointTrend_B600,R2,1829910790,599831945,379,Det/images/normal_train/00558889.png,0,06,learnable_hard,0.2763297456,0.795,0.2262219222,normal_replay,EndpointTrend
RUN_093,TRIAD_031,A11_EndpointTrend_B600,R2,1829910790,599831945,380,Det/images/normal_train/00891908.png,0,06,learnable_hard,0.238434119,0.95,0.1554127565,normal_replay,EndpointTrend
RUN_093,TRIAD_031,A11_EndpointTrend_B600,R2,1829910790,599831945,381,Det/images/normal_train/00874895.png,0,06,ordinary,0.243631464,0.835,0.2400345405,normal_replay,EndpointTrend
RUN_093,TRIAD_031,A11_EndpointTrend_B600,R2,1829910790,599831945,382,Det/images/normal_train/00164651.png,0,06,learnable_hard,0.3837720471,0.675,0.1981082607,normal_replay,EndpointTrend
RUN_093,TRIAD_031,A11_EndpointTrend_B600,R2,1829910790,599831945,383,Det/images/normal_train/00929472.png,0,06,learnable_hard,0.3273751549,0.63,0.2441547118,normal_replay,EndpointTrend
RUN_093,TRIAD_031,A11_EndpointTrend_B600,R2,1829910790,599831945,384,Det/images/normal_train/01040277.png,0,06,learnable_hard,0.2509488936,0.905,0.2127013411,normal_replay,EndpointTrend
RUN_093,TRIAD_031,A11_EndpointTrend_B600,R2,1829910790,599831945,385,Det/images/normal_train/00539066.png,0,06,learnable_hard,0.2806633559,0.815,0.1902522122,normal_replay,EndpointTrend
RUN_093,TRIAD_031,A11_EndpointTrend_B600,R2,1829910790,599831945,386,Det/images/normal_train/00452992.png,0,06,learnable_hard,0.3476905823,0.78,0.1864487852,normal_replay,EndpointTrend
RUN_093,TRIAD_031,A11_EndpointTrend_B600,R2,1829910790,599831945,387,Det/images/normal_train/00791588.png,0,06,learnable_hard,0.3490783083,0.72,0.2352064861,normal_replay,EndpointTrend
RUN_093,TRIAD_031,A11_EndpointTrend_B600,R2,1829910790,599831945,388,Det/images/normal_train/00936876.png,0,06,learnable_hard,0.2755885129,0.72,0.234563905,normal_replay,EndpointTrend
RUN_093,TRIAD_031,A11_EndpointTrend_B600,R2,1829910790,599831945,389,Det/images/normal_train/00164647.png,0,06,learnable_hard,0.3518012836,0.64,0.2248498128,normal_replay,EndpointTrend
RUN_093,TRIAD_031,A11_EndpointTrend_B600,R2,1829910790,599831945,390,Det/images/normal_train/00801668.png,0,06,ordinary,0.3256958469,0.865,0.2139857909,normal_replay,EndpointTrend
RUN_093,TRIAD_031,A11_EndpointTrend_B600,R2,1829910790,599831945,391,Det/images/normal_train/01120511.png,0,06,learnable_hard,0.2958444698,0.86,0.2163136739,normal_replay,EndpointTrend
RUN_093,TRIAD_031,A11_EndpointTrend_B600,R2,1829910790,599831945,392,Det/images/normal_train/00345614.png,0,05,learnable_hard,0.2709864271,0.77,0.2246783523,normal_replay,EndpointTrend
RUN_093,TRIAD_031,A11_EndpointTrend_B600,R2,1829910790,599831945,393,Det/images/normal_train/00883854.png,0,05,learnable_hard,0.4057042909,0.63,0.2082300496,normal_replay,EndpointTrend
RUN_093,TRIAD_031,A11_EndpointTrend_B600,R2,1829910790,599831945,394,Det/images/normal_train/00657271.png,0,05,ordinary,0.2856919524,0.81,0.2384496716,normal_replay,EndpointTrend
RUN_093,TRIAD_031,A11_EndpointTrend_B600,R2,1829910790,599831945,395,Det/images/normal_train/00396576.png,0,05,learnable_hard,0.3473322261,0.615,0.2248504947,normal_replay,EndpointTrend
RUN_093,TRIAD_031,A11_EndpointTrend_B600,R2,1829910790,599831945,396,Det/images/normal_train/00674278.png,0,05,ordinary,0.2800094672,0.88,0.2059490696,normal_replay,EndpointTrend
RUN_093,TRIAD_031,A11_EndpointTrend_B600,R2,1829910790,599831945,397,Det/images/normal_train/00688701.png,0,05,unstable_boundary,0.3783233158,0.76,0.1775962171,normal_replay,EndpointTrend
RUN_093,TRIAD_031,A11_EndpointTrend_B600,R2,1829910790,599831945,398,Det/images/normal_train/01260641.png,0,05,learnable_hard,0.2523638009,0.865,0.2202920216,normal_replay,EndpointTrend
RUN_093,TRIAD_031,A11_EndpointTrend_B600,R2,1829910790,599831945,399,Det/images/normal_train/00584326.png,0,05,learnable_hard,0.363442237,0.695,0.1986512089,normal_replay,EndpointTrend
RUN_093,TRIAD_031,A11_EndpointTrend_B600,R2,1829910790,599831945,400,Det/images/normal_train/00610793.png,0,05,learnable_hard,0.3115680989,0.645,0.2525302666,normal_replay,EndpointTrend
RUN_093,TRIAD_031,A11_EndpointTrend_B600,R2,1829910790,599831945,401,Det/images/normal_train/00184820.png,0,05,learnable_hard,0.2872287734,0.65,0.2678984366,normal_replay,EndpointTrend
RUN_093,TRIAD_031,A11_EndpointTrend_B600,R2,1829910790,599831945,402,Det/images/normal_train/00172913.png,0,05,learnable_hard,0.3823551549,0.685,0.1775462903,normal_replay,EndpointTrend
RUN_093,TRIAD_031,A11_EndpointTrend_B600,R2,1829910790,599831945,403,Det/images/normal_train/01006152.png,0,05,learnable_hard,0.2598967906,0.92,0.1894604201,normal_replay,EndpointTrend
RUN_093,TRIAD_031,A11_EndpointTrend_B600,R2,1829910790,599831945,404,Det/images/normal_train/00345818.png,0,05,learnable_hard,0.2802273432,0.725,0.2689051884,normal_replay,EndpointTrend
RUN_093,TRIAD_031,A11_EndpointTrend_B600,R2,1829910790,599831945,405,Det/images/normal_train/00584220.png,0,05,learnable_hard,0.3078809035,0.715,0.2384185867,normal_replay,EndpointTrend
RUN_093,TRIAD_031,A11_EndpointTrend_B600,R2,1829910790,599831945,406,Det/images/normal_train/01294677.png,0,05,learnable_hard,0.291027018,0.91,0.1873040942,normal_replay,EndpointTrend
RUN_093,TRIAD_031,A11_EndpointTrend_B600,R2,1829910790,599831945,407,Det/images/normal_train/00500403.png,0,05,learnable_hard,0.2407796912,0.92,0.1796768285,normal_replay,EndpointTrend
RUN_093,TRIAD_031,A11_EndpointTrend_B600,R2,1829910790,599831945,408,Det/images/normal_train/01250976.png,0,01,learnable_hard,0.5304372588,0.37,0.2835378219,normal_replay,EndpointTrend
RUN_093,TRIAD_031,A11_EndpointTrend_B600,R2,1829910790,599831945,409,Det/images/normal_train/01230103.png,0,01,learnable_hard,0.5554449994,0.36,0.3600971891,normal_replay,EndpointTrend
RUN_093,TRIAD_031,A11_EndpointTrend_B600,R2,1829910790,599831945,410,Det/images/normal_train/01173726.png,0,01,learnable_hard,0.6348869565,0.285,0.3093633306,normal_replay,EndpointTrend
RUN_093,TRIAD_031,A11_EndpointTrend_B600,R2,1829910790,599831945,411,Det/images/normal_train/00311266.png,0,01,persistent_hard,0.7487919738,0.17,0.2143283604,normal_replay,EndpointTrend
RUN_093,TRIAD_031,A11_EndpointTrend_B600,R2,1829910790,599831945,412,Det/images/normal_train/01039589.png,0,01,learnable_hard,0.730613267,0.095,0.1776355371,normal_replay,EndpointTrend
RUN_093,TRIAD_031,A11_EndpointTrend_B600,R2,1829910790,599831945,413,Det/images/normal_train/00526325.png,0,01,learnable_hard,0.4625153614,0.44,0.2351133849,normal_replay,EndpointTrend
RUN_093,TRIAD_031,A11_EndpointTrend_B600,R2,1829910790,599831945,414,Det/images/normal_train/01230314.png,0,01,learnable_hard,0.4710415098,0.39,0.3163227668,normal_replay,EndpointTrend
RUN_093,TRIAD_031,A11_EndpointTrend_B600,R2,1829910790,599831945,415,Det/images/normal_train/00296517.png,0,01,learnable_hard,0.8414681288,0.06,0.1709149655,normal_replay,EndpointTrend
RUN_093,TRIAD_031,A11_EndpointTrend_B600,R2,1829910790,599831945,416,Det/images/normal_train/00478647.png,0,01,learnable_hard,0.5388408695,0.335,0.240169708,normal_replay,EndpointTrend
RUN_093,TRIAD_031,A11_EndpointTrend_B600,R2,1829910790,599831945,417,Det/images/normal_train/00393366.png,0,01,learnable_hard,0.679584567,0.165,0.2385051841,normal_replay,EndpointTrend
RUN_093,TRIAD_031,A11_EndpointTrend_B600,R2,1829910790,599831945,418,Det/images/normal_train/00242715.png,0,01,learnable_hard,0.4736091955,0.455,0.3477714566,normal_replay,EndpointTrend
RUN_093,TRIAD_031,A11_EndpointTrend_B600,R2,1829910790,599831945,419,Det/images/normal_train/00284577.png,0,01,persistent_hard,0.736264594,0.22,0.2798247172,normal_replay,EndpointTrend
RUN_093,TRIAD_031,A11_EndpointTrend_B600,R2,1829910790,599831945,420,Det/images/normal_train/00311826.png,0,01,ordinary,0.4750171641,0.525,0.2083422805,normal_replay,EndpointTrend
RUN_093,TRIAD_031,A11_EndpointTrend_B600,R2,1829910790,599831945,421,Det/images/normal_train/01230092.png,0,01,learnable_hard,0.5975349216,0.165,0.1677509511,normal_replay,EndpointTrend
RUN_093,TRIAD_031,A11_EndpointTrend_B600,R2,1829910790,599831945,422,Det/images/normal_train/00313892.png,0,01,persistent_hard,0.713728506,0.305,0.2898094753,normal_replay,EndpointTrend
RUN_093,TRIAD_031,A11_EndpointTrend_B600,R2,1829910790,599831945,423,Det/images/normal_train/00688062.png,0,05,learnable_hard,0.7828276751,0.215,0.315238371,normal_replay,EndpointTrend
RUN_093,TRIAD_031,A11_EndpointTrend_B600,R2,1829910790,599831945,424,Det/images/normal_train/00958852.png,0,05,learnable_hard,0.614386441,0.27,0.3274009991,normal_replay,EndpointTrend
RUN_093,TRIAD_031,A11_EndpointTrend_B600,R2,1829910790,599831945,425,Det/images/normal_train/01001261.png,0,05,learnable_hard,0.504208773,0.34,0.2500842468,normal_replay,EndpointTrend
RUN_093,TRIAD_031,A11_EndpointTrend_B600,R2,1829910790,599831945,426,Det/images/normal_train/00447968.png,0,05,learnable_hard,0.5517592498,0.42,0.3600704572,normal_replay,EndpointTrend
RUN_093,TRIAD_031,A11_EndpointTrend_B600,R2,1829910790,599831945,427,Det/images/normal_train/00981669.png,0,05,learnable_hard,0.5856691134,0.255,0.223838725,normal_replay,EndpointTrend
RUN_093,TRIAD_031,A11_EndpointTrend_B600,R2,1829910790,599831945,428,Det/images/normal_train/00964805.png,0,05,learnable_hard,0.4496034152,0.525,0.2110133497,normal_replay,EndpointTrend
RUN_093,TRIAD_031,A11_EndpointTrend_B600,R2,1829910790,599831945,429,Det/images/normal_train/00457310.png,0,09,learnable_hard,0.5807125164,0.31,0.3276416244,normal_replay,EndpointTrend
RUN_093,TRIAD_031,A11_EndpointTrend_B600,R2,1829910790,599831945,430,Det/images/normal_train/00464580.png,0,05,learnable_hard,0.8484831689,0.06,0.1663745404,normal_replay,EndpointTrend
RUN_093,TRIAD_031,A11_EndpointTrend_B600,R2,1829910790,599831945,431,Det/images/normal_train/00505839.png,0,05,learnable_hard,0.5203451162,0.365,0.2428392799,normal_replay,EndpointTrend
RUN_093,TRIAD_031,A11_EndpointTrend_B600,R2,1829910790,599831945,432,Det/images/normal_train/01245458.png,0,09,learnable_hard,0.6536550007,0.255,0.3272024965,normal_replay,EndpointTrend
RUN_093,TRIAD_031,A11_EndpointTrend_B600,R2,1829910790,599831945,433,Det/images/normal_train/00488119.png,0,05,learnable_hard,0.6209240966,0.335,0.3103744807,normal_replay,EndpointTrend
RUN_093,TRIAD_031,A11_EndpointTrend_B600,R2,1829910790,599831945,434,Det/images/normal_train/00610417.png,0,05,learnable_hard,0.7345979596,0.155,0.2713909991,normal_replay,EndpointTrend
RUN_093,TRIAD_031,A11_EndpointTrend_B600,R2,1829910790,599831945,435,Det/images/normal_train/00657325.png,0,05,persistent_hard,0.7300851642,0.145,0.1853369354,normal_replay,EndpointTrend
RUN_093,TRIAD_031,A11_EndpointTrend_B600,R2,1829910790,599831945,436,Det/images/normal_train/00981631.png,0,05,learnable_hard,0.4751625205,0.4,0.2524292925,normal_replay,EndpointTrend
RUN_093,TRIAD_031,A11_EndpointTrend_B600,R2,1829910790,599831945,437,Det/images/normal_train/01281702.png,0,05,learnable_hard,0.6839984132,0.245,0.2417652023,normal_replay,EndpointTrend
RUN_093,TRIAD_031,A11_EndpointTrend_B600,R2,1829910790,599831945,438,Det/images/normal_train/00577918.png,0,05,learnable_hard,0.7851856817,0.11,0.2285564176,normal_replay,EndpointTrend
RUN_093,TRIAD_031,A11_EndpointTrend_B600,R2,1829910790,599831945,439,Det/images/normal_train/00674900.png,0,05,learnable_hard,0.4765866112,0.435,0.2830585984,normal_replay,EndpointTrend
RUN_093,TRIAD_031,A11_EndpointTrend_B600,R2,1829910790,599831945,440,Det/images/normal_train/00372355.png,0,05,learnable_hard,0.6490777715,0.15,0.1916731406,normal_replay,EndpointTrend
RUN_093,TRIAD_031,A11_EndpointTrend_B600,R2,1829910790,599831945,441,Det/images/normal_train/00577887.png,0,05,learnable_hard,0.5083670663,0.495,0.4049602383,normal_replay,EndpointTrend
RUN_093,TRIAD_031,A11_EndpointTrend_B600,R2,1829910790,599831945,442,Det/images/normal_train/00626220.png,0,05,learnable_hard,0.5393931416,0.375,0.334796348,normal_replay,EndpointTrend
RUN_093,TRIAD_031,A11_EndpointTrend_B600,R2,1829910790,599831945,443,Det/images/normal_train/00894563.png,0,05,learnable_hard,0.4680897429,0.51,0.2644551137,normal_replay,EndpointTrend
RUN_093,TRIAD_031,A11_EndpointTrend_B600,R2,1829910790,599831945,444,Det/images/normal_train/00414025.png,0,05,learnable_hard,0.774085355,0.15,0.2346095604,normal_replay,EndpointTrend
RUN_093,TRIAD_031,A11_EndpointTrend_B600,R2,1829910790,599831945,445,Det/images/normal_train/00577555.png,0,05,learnable_hard,0.4695566517,0.415,0.2347034742,normal_replay,EndpointTrend
RUN_093,TRIAD_031,A11_EndpointTrend_B600,R2,1829910790,599831945,446,Det/images/normal_train/00577752.png,0,05,learnable_hard,0.4813351181,0.42,0.289983118,normal_replay,EndpointTrend
RUN_093,TRIAD_031,A11_EndpointTrend_B600,R2,1829910790,599831945,447,Det/images/normal_train/01067620.png,0,09,learnable_hard,0.6604486011,0.255,0.2374998866,normal_replay,EndpointTrend
RUN_093,TRIAD_031,A11_EndpointTrend_B600,R2,1829910790,599831945,448,Det/images/normal_train/00906893.png,0,05,learnable_hard,0.6072231452,0.285,0.297683766,normal_replay,EndpointTrend
RUN_093,TRIAD_031,A11_EndpointTrend_B600,R2,1829910790,599831945,449,Det/images/normal_train/00799285.png,0,09,learnable_hard,0.7250712705,0.16,0.2748002565,normal_replay,EndpointTrend
RUN_093,TRIAD_031,A11_EndpointTrend_B600,R2,1829910790,599831945,450,Det/images/normal_train/00492966.png,0,05,learnable_hard,0.803309256,0.13,0.2417442742,normal_replay,EndpointTrend
RUN_093,TRIAD_031,A11_EndpointTrend_B600,R2,1829910790,599831945,451,Det/images/normal_train/00547796.png,0,05,learnable_hard,0.6041611269,0.335,0.3333104804,normal_replay,EndpointTrend
RUN_093,TRIAD_031,A11_EndpointTrend_B600,R2,1829910790,599831945,452,Det/images/normal_train/00925200.png,0,09,learnable_hard,0.4368744297,0.465,0.2744849046,normal_replay,EndpointTrend
RUN_093,TRIAD_031,A11_EndpointTrend_B600,R2,1829910790,599831945,453,Det/images/normal_train/00970026.png,0,05,learnable_hard,0.6796234788,0.235,0.236115783,normal_replay,EndpointTrend
RUN_093,TRIAD_031,A11_EndpointTrend_B600,R2,1829910790,599831945,454,Det/images/normal_train/00274711.png,0,05,learnable_hard,0.5256308833,0.43,0.3034959333,normal_replay,EndpointTrend
RUN_093,TRIAD_031,A11_EndpointTrend_B600,R2,1829910790,599831945,455,Det/images/normal_train/01170250.png,0,09,learnable_hard,0.6111150455,0.33,0.3067706652,normal_replay,EndpointTrend
RUN_093,TRIAD_031,A11_EndpointTrend_B600,R2,1829910790,599831945,456,Det/images/normal_train/00937146.png,0,05,learnable_hard,0.6458829991,0.225,0.3014758969,normal_replay,EndpointTrend
RUN_093,TRIAD_031,A11_EndpointTrend_B600,R2,1829910790,599831945,457,Det/images/normal_train/00458440.png,0,05,learnable_hard,0.6538240581,0.22,0.2664717016,normal_replay,EndpointTrend
RUN_093,TRIAD_031,A11_EndpointTrend_B600,R2,1829910790,599831945,458,Det/images/normal_train/00294209.png,0,05,persistent_hard,0.7866153303,0.135,0.2230886818,normal_replay,EndpointTrend
RUN_093,TRIAD_031,A11_EndpointTrend_B600,R2,1829910790,599831945,459,Det/images/normal_train/00657808.png,0,05,learnable_hard,0.526397446,0.305,0.2020833084,normal_replay,EndpointTrend
RUN_093,TRIAD_031,A11_EndpointTrend_B600,R2,1829910790,599831945,460,Det/images/normal_train/00241601.png,0,05,persistent_hard,0.7020826551,0.2,0.2257711271,normal_replay,EndpointTrend
RUN_093,TRIAD_031,A11_EndpointTrend_B600,R2,1829910790,599831945,461,Det/images/normal_train/00250998.png,0,09,learnable_hard,0.7952067493,0.145,0.2649763523,normal_replay,EndpointTrend
RUN_093,TRIAD_031,A11_EndpointTrend_B600,R2,1829910790,599831945,462,Det/images/normal_train/00436129.png,0,09,learnable_hard,0.5732631412,0.3,0.2515546546,normal_replay,EndpointTrend
RUN_093,TRIAD_031,A11_EndpointTrend_B600,R2,1829910790,599831945,463,Det/images/normal_train/00755677.png,0,05,learnable_hard,0.6612099543,0.195,0.248607865,normal_replay,EndpointTrend
RUN_093,TRIAD_031,A11_EndpointTrend_B600,R2,1829910790,599831945,464,Det/images/normal_train/01001416.png,0,05,learnable_hard,0.6105290823,0.25,0.2689815795,normal_replay,EndpointTrend
RUN_093,TRIAD_031,A11_EndpointTrend_B600,R2,1829910790,599831945,465,Det/images/normal_train/00577909.png,0,05,learnable_hard,0.4463461491,0.51,0.310531324,normal_replay,EndpointTrend
RUN_093,TRIAD_031,A11_EndpointTrend_B600,R2,1829910790,599831945,466,Det/images/normal_train/00920077.png,0,09,learnable_hard,0.545687091,0.305,0.1937799522,normal_replay,EndpointTrend
RUN_093,TRIAD_031,A11_EndpointTrend_B600,R2,1829910790,599831945,467,Det/images/normal_train/01215533.png,0,02,ordinary,0.3008205239,0.905,0.1387545337,normal_replay,EndpointTrend
RUN_093,TRIAD_031,A11_EndpointTrend_B600,R2,1829910790,599831945,468,Det/images/normal_train/00646315.png,0,02,learnable_hard,0.3269446755,0.63,0.2802679504,normal_replay,EndpointTrend
RUN_093,TRIAD_031,A11_EndpointTrend_B600,R2,1829910790,599831945,469,Det/images/normal_train/00922382.png,0,02,learnable_hard,0.3250438258,0.735,0.2185881347,normal_replay,EndpointTrend
RUN_093,TRIAD_031,A11_EndpointTrend_B600,R2,1829910790,599831945,470,Det/images/normal_train/00482457.png,0,02,learnable_hard,0.2484089622,0.89,0.1730418702,normal_replay,EndpointTrend
RUN_093,TRIAD_031,A11_EndpointTrend_B600,R2,1829910790,599831945,471,Det/images/normal_train/01168083.png,0,02,ordinary,0.3378873423,0.71,0.2703089073,normal_replay,EndpointTrend
RUN_093,TRIAD_031,A11_EndpointTrend_B600,R2,1829910790,599831945,472,Det/images/normal_train/01032232.png,0,02,ordinary,0.2506803616,0.78,0.2865982981,normal_replay,EndpointTrend
RUN_093,TRIAD_031,A11_EndpointTrend_B600,R2,1829910790,599831945,473,Det/images/normal_train/00171046.png,0,02,ordinary,0.2666353692,0.895,0.217930561,normal_replay,EndpointTrend
RUN_093,TRIAD_031,A11_EndpointTrend_B600,R2,1829910790,599831945,474,Det/images/normal_train/00342664.png,0,02,ordinary,0.377247514,0.655,0.3369346216,normal_replay,EndpointTrend
RUN_093,TRIAD_031,A11_EndpointTrend_B600,R2,1829910790,599831945,475,Det/images/normal_train/00511089.png,0,02,learnable_hard,0.2389773834,0.95,0.1824440774,normal_replay,EndpointTrend
RUN_093,TRIAD_031,A11_EndpointTrend_B600,R2,1829910790,599831945,476,Det/images/normal_train/00164444.png,0,06,learnable_hard,0.633863454,0.285,0.2952221856,normal_replay,EndpointTrend
RUN_093,TRIAD_031,A11_EndpointTrend_B600,R2,1829910790,599831945,477,Det/images/normal_train/00639548.png,0,06,learnable_hard,0.5929918492,0.32,0.3543294856,normal_replay,EndpointTrend
RUN_093,TRIAD_031,A11_EndpointTrend_B600,R2,1829910790,599831945,478,Det/images/normal_train/00452847.png,0,06,learnable_hard,0.4292434853,0.565,0.286430483,normal_replay,EndpointTrend
RUN_093,TRIAD_031,A11_EndpointTrend_B600,R2,1829910790,599831945,479,Det/images/normal_train/00791667.png,0,06,learnable_hard,0.6260931101,0.265,0.2850456207,normal_replay,EndpointTrend
RUN_093,TRIAD_031,A11_EndpointTrend_B600,R2,1829910790,599831945,480,Det/images/normal_train/00243558.png,0,06,learnable_hard,0.5423216325,0.365,0.272931682,normal_replay,EndpointTrend
RUN_093,TRIAD_031,A11_EndpointTrend_B600,R2,1829910790,599831945,481,Det/images/normal_train/00702143.png,0,06,persistent_hard,0.6777786519,0.25,0.2778523531,normal_replay,EndpointTrend
RUN_093,TRIAD_031,A11_EndpointTrend_B600,R2,1829910790,599831945,482,Det/images/normal_train/01127316.png,0,06,learnable_hard,0.61816451,0.265,0.3265248524,normal_replay,EndpointTrend
RUN_093,TRIAD_031,A11_EndpointTrend_B600,R2,1829910790,599831945,483,Det/images/normal_train/01162946.png,0,06,learnable_hard,0.4572544518,0.405,0.2867095255,normal_replay,EndpointTrend
RUN_093,TRIAD_031,A11_EndpointTrend_B600,R2,1829910790,599831945,484,Det/images/normal_train/00713168.png,0,06,learnable_hard,0.6445494808,0.31,0.3658634033,normal_replay,EndpointTrend
RUN_093,TRIAD_031,A11_EndpointTrend_B600,R2,1829910790,599831945,485,Det/images/normal_train/00797869.png,0,06,learnable_hard,0.439659577,0.46,0.2963758764,normal_replay,EndpointTrend
RUN_093,TRIAD_031,A11_EndpointTrend_B600,R2,1829910790,599831945,486,Det/images/normal_train/00411950.png,0,06,learnable_hard,0.4307648126,0.475,0.3271184214,normal_replay,EndpointTrend
RUN_093,TRIAD_031,A11_EndpointTrend_B600,R2,1829910790,599831945,487,Det/images/normal_train/00374247.png,0,06,learnable_hard,0.6091738825,0.285,0.3429329388,normal_replay,EndpointTrend
RUN_093,TRIAD_031,A11_EndpointTrend_B600,R2,1829910790,599831945,488,Det/images/normal_train/00891732.png,0,06,learnable_hard,0.8072697982,0.105,0.1994702496,normal_replay,EndpointTrend
RUN_093,TRIAD_031,A11_EndpointTrend_B600,R2,1829910790,599831945,489,Det/images/normal_train/00714113.png,0,06,learnable_hard,0.4697181004,0.365,0.2751090121,normal_replay,EndpointTrend
RUN_093,TRIAD_031,A11_EndpointTrend_B600,R2,1829910790,599831945,490,Det/images/normal_train/01126302.png,0,06,learnable_hard,0.4771961829,0.415,0.3137323512,normal_replay,EndpointTrend
RUN_093,TRIAD_031,A11_EndpointTrend_B600,R2,1829910790,599831945,491,Det/images/normal_train/00164822.png,0,06,learnable_hard,0.4650306238,0.47,0.2416617223,normal_replay,EndpointTrend
RUN_093,TRIAD_031,A11_EndpointTrend_B600,R2,1829910790,599831945,492,Det/images/normal_train/00843324.png,0,06,learnable_hard,0.4542129092,0.51,0.3152055439,normal_replay,EndpointTrend
RUN_093,TRIAD_031,A11_EndpointTrend_B600,R2,1829910790,599831945,493,Det/images/normal_train/00384476.png,0,08,learnable_hard,0.5072763081,0.32,0.2474539271,normal_replay,EndpointTrend
RUN_093,TRIAD_031,A11_EndpointTrend_B600,R2,1829910790,599831945,494,Det/images/normal_train/00245261.png,0,08,learnable_hard,0.7327644281,0.21,0.2649503731,normal_replay,EndpointTrend
RUN_093,TRIAD_031,A11_EndpointTrend_B600,R2,1829910790,599831945,495,Det/images/normal_train/00252884.png,0,08,learnable_hard,0.5799635991,0.255,0.2489883303,normal_replay,EndpointTrend
RUN_093,TRIAD_031,A11_EndpointTrend_B600,R2,1829910790,599831945,496,Det/images/normal_train/00807230.png,0,08,learnable_hard,0.5502561765,0.33,0.2891538646,normal_replay,EndpointTrend
RUN_093,TRIAD_031,A11_EndpointTrend_B600,R2,1829910790,599831945,497,Det/images/normal_train/00205191.png,0,08,persistent_hard,0.7504724172,0.21,0.248050354,normal_replay,EndpointTrend
RUN_093,TRIAD_031,A11_EndpointTrend_B600,R2,1829910790,599831945,498,Det/images/normal_train/01166913.png,0,08,learnable_hard,0.6242791343,0.255,0.2590666208,normal_replay,EndpointTrend
RUN_093,TRIAD_031,A11_EndpointTrend_B600,R2,1829910790,599831945,499,Det/images/normal_train/00685900.png,0,08,learnable_hard,0.4264098224,0.485,0.3118106487,normal_replay,EndpointTrend
RUN_093,TRIAD_031,A11_EndpointTrend_B600,R2,1829910790,599831945,500,Det/images/normal_train/00752583.png,0,08,learnable_hard,0.436837727,0.47,0.3242380673,normal_replay,EndpointTrend
RUN_093,TRIAD_031,A11_EndpointTrend_B600,R2,1829910790,599831945,501,Det/images/normal_train/00509029.png,0,08,learnable_hard,0.4894524395,0.42,0.3784687222,normal_replay,EndpointTrend
RUN_093,TRIAD_031,A11_EndpointTrend_B600,R2,1829910790,599831945,502,Det/images/normal_train/00661691.png,0,08,persistent_hard,0.762320753,0.11,0.2001951041,normal_replay,EndpointTrend
RUN_093,TRIAD_031,A11_EndpointTrend_B600,R2,1829910790,599831945,503,Det/images/normal_train/00815685.png,0,08,learnable_hard,0.5189196679,0.41,0.263763864,normal_replay,EndpointTrend
RUN_093,TRIAD_031,A11_EndpointTrend_B600,R2,1829910790,599831945,504,Det/images/normal_train/00752788.png,0,08,learnable_hard,0.6628002113,0.31,0.3038568598,normal_replay,EndpointTrend
RUN_093,TRIAD_031,A11_EndpointTrend_B600,R2,1829910790,599831945,505,Det/images/normal_train/00779659.png,0,08,learnable_hard,0.4339217412,0.525,0.2520300232,normal_replay,EndpointTrend
RUN_093,TRIAD_031,A11_EndpointTrend_B600,R2,1829910790,599831945,506,Det/images/normal_train/00834077.png,0,08,learnable_hard,0.8166038359,0.09,0.2083832774,normal_replay,EndpointTrend
RUN_093,TRIAD_031,A11_EndpointTrend_B600,R2,1829910790,599831945,507,Det/images/normal_train/00399028.png,0,08,learnable_hard,0.7633086018,0.08,0.1676348527,normal_replay,EndpointTrend
RUN_093,TRIAD_031,A11_EndpointTrend_B600,R2,1829910790,599831945,508,Det/images/normal_train/01293959.png,0,08,learnable_hard,0.5751857044,0.295,0.232020726,normal_replay,EndpointTrend
RUN_093,TRIAD_031,A11_EndpointTrend_B600,R2,1829910790,599831945,509,Det/images/normal_train/00364393.png,0,08,learnable_hard,0.619909905,0.225,0.293716909,normal_replay,EndpointTrend
RUN_093,TRIAD_031,A11_EndpointTrend_B600,R2,1829910790,599831945,510,Det/images/normal_train/00764069.png,0,08,learnable_hard,0.5579891141,0.295,0.23546005,normal_replay,EndpointTrend
RUN_093,TRIAD_031,A11_EndpointTrend_B600,R2,1829910790,599831945,511,Det/images/normal_train/00392586.png,0,08,learnable_hard,0.5003591143,0.41,0.3196986462,normal_replay,EndpointTrend
RUN_093,TRIAD_031,A11_EndpointTrend_B600,R2,1829910790,599831945,512,Det/images/normal_train/01199402.png,0,03,learnable_hard,0.6841716989,0.26,0.3228897207,normal_replay,EndpointTrend
RUN_093,TRIAD_031,A11_EndpointTrend_B600,R2,1829910790,599831945,513,Det/images/normal_train/00187946.png,0,03,learnable_hard,0.827457883,0.135,0.257536575,normal_replay,EndpointTrend
RUN_093,TRIAD_031,A11_EndpointTrend_B600,R2,1829910790,599831945,514,Det/images/normal_train/00403865.png,0,03,learnable_hard,0.562941133,0.355,0.3328845094,normal_replay,EndpointTrend
RUN_093,TRIAD_031,A11_EndpointTrend_B600,R2,1829910790,599831945,515,Det/images/normal_train/00261820.png,0,00,learnable_hard,0.5845075465,0.27,0.2592543878,normal_replay,EndpointTrend
RUN_093,TRIAD_031,A11_EndpointTrend_B600,R2,1829910790,599831945,516,Det/images/normal_train/00784433.png,0,00,persistent_hard,0.6379750816,0.315,0.2403336753,normal_replay,EndpointTrend
RUN_093,TRIAD_031,A11_EndpointTrend_B600,R2,1829910790,599831945,517,Det/images/normal_train/00292883.png,0,00,learnable_hard,0.5147084822,0.375,0.2212860598,normal_replay,EndpointTrend
RUN_093,TRIAD_031,A11_EndpointTrend_B600,R2,1829910790,599831945,518,Det/images/normal_train/01015627.png,0,03,persistent_hard,0.7943080375,0.155,0.2100598831,normal_replay,EndpointTrend
RUN_093,TRIAD_031,A11_EndpointTrend_B600,R2,1829910790,599831945,519,Det/images/normal_train/00798584.png,0,03,learnable_hard,0.5628917385,0.28,0.1839994824,normal_replay,EndpointTrend
RUN_093,TRIAD_031,A11_EndpointTrend_B600,R2,1829910790,599831945,520,Det/images/normal_train/00290345.png,0,00,learnable_hard,0.4516575172,0.52,0.2205375437,normal_replay,EndpointTrend
RUN_093,TRIAD_031,A11_EndpointTrend_B600,R2,1829910790,599831945,521,Det/images/normal_train/00954239.png,0,03,learnable_hard,0.4662400061,0.435,0.2620017556,normal_replay,EndpointTrend
RUN_093,TRIAD_031,A11_EndpointTrend_B600,R2,1829910790,599831945,522,Det/images/normal_train/00426929.png,0,00,learnable_hard,0.7164720194,0.22,0.3161429652,normal_replay,EndpointTrend
RUN_093,TRIAD_031,A11_EndpointTrend_B600,R2,1829910790,599831945,523,Det/images/normal_train/00268588.png,0,03,learnable_hard,0.8293434137,0.145,0.2520600666,normal_replay,EndpointTrend
RUN_093,TRIAD_031,A11_EndpointTrend_B600,R2,1829910790,599831945,524,Det/images/normal_train/00344835.png,0,00,learnable_hard,0.6717621586,0.17,0.2156549736,normal_replay,EndpointTrend
RUN_093,TRIAD_031,A11_EndpointTrend_B600,R2,1829910790,599831945,525,Det/images/normal_train/01199289.png,0,03,learnable_hard,0.6879384205,0.275,0.3170448699,normal_replay,EndpointTrend
RUN_093,TRIAD_031,A11_EndpointTrend_B600,R2,1829910790,599831945,526,Det/images/normal_train/00774102.png,0,00,learnable_hard,0.4947437765,0.475,0.3040877764,normal_replay,EndpointTrend
RUN_093,TRIAD_031,A11_EndpointTrend_B600,R2,1829910790,599831945,527,Det/images/normal_train/00329984.png,0,03,learnable_hard,0.7335230456,0.18,0.2406935827,normal_replay,EndpointTrend
RUN_093,TRIAD_031,A11_EndpointTrend_B600,R2,1829910790,599831945,528,Det/images/normal_train/00285465.png,0,00,learnable_hard,0.4376519894,0.465,0.2688090065,normal_replay,EndpointTrend
RUN_093,TRIAD_031,A11_EndpointTrend_B600,R2,1829910790,599831945,529,Det/images/normal_train/00983086.png,0,03,learnable_hard,0.8182192285,0.13,0.1969639864,normal_replay,EndpointTrend
RUN_093,TRIAD_031,A11_EndpointTrend_B600,R2,1829910790,599831945,530,Det/images/normal_train/00268610.png,0,03,learnable_hard,0.6864891902,0.2,0.2830936661,normal_replay,EndpointTrend
RUN_093,TRIAD_031,A11_EndpointTrend_B600,R2,1829910790,599831945,531,Det/images/normal_train/00682195.png,0,00,ordinary,0.5090713106,0.525,0.3856532415,normal_replay,EndpointTrend
RUN_093,TRIAD_031,A11_EndpointTrend_B600,R2,1829910790,599831945,532,Det/images/normal_train/00808571.png,0,03,learnable_hard,0.7425722966,0.195,0.2330189143,normal_replay,EndpointTrend
RUN_093,TRIAD_031,A11_EndpointTrend_B600,R2,1829910790,599831945,533,Det/images/normal_train/01199209.png,0,03,learnable_hard,0.4880160302,0.385,0.2165178647,normal_replay,EndpointTrend
RUN_093,TRIAD_031,A11_EndpointTrend_B600,R2,1829910790,599831945,534,Det/images/normal_train/00574849.png,0,03,learnable_hard,0.615767128,0.235,0.2411214482,normal_replay,EndpointTrend
RUN_093,TRIAD_031,A11_EndpointTrend_B600,R2,1829910790,599831945,535,Det/images/normal_train/01286479.png,0,00,learnable_hard,0.6939491905,0.24,0.2453322548,normal_replay,EndpointTrend
RUN_093,TRIAD_031,A11_EndpointTrend_B600,R2,1829910790,599831945,536,Det/images/normal_train/01023958.png,0,00,learnable_hard,0.6066347957,0.225,0.247500574,normal_replay,EndpointTrend
RUN_093,TRIAD_031,A11_EndpointTrend_B600,R2,1829910790,599831945,537,Det/images/normal_train/01261381.png,0,00,learnable_hard,0.5657240114,0.35,0.3481514119,normal_replay,EndpointTrend
RUN_093,TRIAD_031,A11_EndpointTrend_B600,R2,1829910790,599831945,538,Det/images/normal_train/00254520.png,0,03,learnable_hard,0.7263493615,0.19,0.2326377961,normal_replay,EndpointTrend
RUN_093,TRIAD_031,A11_EndpointTrend_B600,R2,1829910790,599831945,539,Det/images/normal_train/01199314.png,0,03,learnable_hard,0.5285710268,0.37,0.3800264347,normal_replay,EndpointTrend
RUN_093,TRIAD_031,A11_EndpointTrend_B600,R2,1829910790,599831945,540,Det/images/normal_train/01115512.png,0,00,learnable_hard,0.7463158166,0.135,0.2635835315,normal_replay,EndpointTrend
RUN_093,TRIAD_031,A11_EndpointTrend_B600,R2,1829910790,599831945,541,Det/images/normal_train/01201052.png,0,00,learnable_hard,0.5695844172,0.385,0.3675991261,normal_replay,EndpointTrend
RUN_093,TRIAD_031,A11_EndpointTrend_B600,R2,1829910790,599831945,542,Det/images/normal_train/00388276.png,0,00,learnable_hard,0.6351687076,0.315,0.3017308412,normal_replay,EndpointTrend
RUN_093,TRIAD_031,A11_EndpointTrend_B600,R2,1829910790,599831945,543,Det/images/normal_train/01286951.png,0,00,learnable_hard,0.5591918773,0.245,0.2133021407,normal_replay,EndpointTrend
RUN_093,TRIAD_031,A11_EndpointTrend_B600,R2,1829910790,599831945,544,Det/images/normal_train/01156993.png,0,00,learnable_hard,0.7072293488,0.14,0.2413647528,normal_replay,EndpointTrend
RUN_093,TRIAD_031,A11_EndpointTrend_B600,R2,1829910790,599831945,545,Det/images/normal_train/00338848.png,0,00,learnable_hard,0.5104344288,0.395,0.3207285815,normal_replay,EndpointTrend
RUN_093,TRIAD_031,A11_EndpointTrend_B600,R2,1829910790,599831945,546,Det/images/normal_train/00150766.png,0,00,learnable_hard,0.4510035892,0.45,0.34558357,normal_replay,EndpointTrend
RUN_093,TRIAD_031,A11_EndpointTrend_B600,R2,1829910790,599831945,547,Det/images/normal_train/00382906.png,0,00,learnable_hard,0.4548846646,0.49,0.2552060117,normal_replay,EndpointTrend
RUN_093,TRIAD_031,A11_EndpointTrend_B600,R2,1829910790,599831945,548,Det/images/normal_train/00254225.png,0,03,learnable_hard,0.6999118063,0.235,0.3016611645,normal_replay,EndpointTrend
RUN_093,TRIAD_031,A11_EndpointTrend_B600,R2,1829910790,599831945,549,Det/images/normal_train/01258615.png,0,03,learnable_hard,0.6905786825,0.12,0.2058351996,normal_replay,EndpointTrend
RUN_093,TRIAD_031,A11_EndpointTrend_B600,R2,1829910790,599831945,550,Det/images/normal_train/00559854.png,0,03,learnable_hard,0.4828945964,0.46,0.2886687408,normal_replay,EndpointTrend
RUN_093,TRIAD_031,A11_EndpointTrend_B600,R2,1829910790,599831945,551,Det/images/normal_train/01151316.png,0,00,learnable_hard,0.6107937755,0.245,0.2141740589,normal_replay,EndpointTrend
RUN_093,TRIAD_031,A11_EndpointTrend_B600,R2,1829910790,599831945,552,Det/images/normal_train/00388182.png,0,00,learnable_hard,0.6252358232,0.155,0.1928527396,normal_replay,EndpointTrend
RUN_093,TRIAD_031,A11_EndpointTrend_B600,R2,1829910790,599831945,553,Det/images/normal_train/01199387.png,0,03,learnable_hard,0.5870300682,0.295,0.3048139954,normal_replay,EndpointTrend
RUN_093,TRIAD_031,A11_EndpointTrend_B600,R2,1829910790,599831945,554,Det/images/normal_train/01023837.png,0,00,learnable_hard,0.4611835585,0.505,0.3100856167,normal_replay,EndpointTrend
RUN_093,TRIAD_031,A11_EndpointTrend_B600,R2,1829910790,599831945,555,Det/images/normal_train/00248283.png,0,00,learnable_hard,0.7685341093,0.165,0.2439763994,normal_replay,EndpointTrend
RUN_093,TRIAD_031,A11_EndpointTrend_B600,R2,1829910790,599831945,556,Det/images/normal_train/00816804.png,0,00,learnable_hard,0.6821015519,0.165,0.2325192694,normal_replay,EndpointTrend
RUN_093,TRIAD_031,A11_EndpointTrend_B600,R2,1829910790,599831945,557,Det/images/normal_train/00786338.png,0,03,learnable_hard,0.6949851422,0.205,0.2929376476,normal_replay,EndpointTrend
RUN_093,TRIAD_031,A11_EndpointTrend_B600,R2,1829910790,599831945,558,Det/images/normal_train/00982106.png,0,00,learnable_hard,0.4520536055,0.46,0.2644521841,normal_replay,EndpointTrend
RUN_093,TRIAD_031,A11_EndpointTrend_B600,R2,1829910790,599831945,559,Det/images/normal_train/01201043.png,0,00,learnable_hard,0.5271908318,0.315,0.2632222075,normal_replay,EndpointTrend
RUN_093,TRIAD_031,A11_EndpointTrend_B600,R2,1829910790,599831945,560,Det/images/normal_train/00410737.png,0,00,persistent_hard,0.7172754396,0.13,0.2144844518,normal_replay,EndpointTrend
RUN_093,TRIAD_031,A11_EndpointTrend_B600,R2,1829910790,599831945,561,Det/images/normal_train/00403545.png,0,03,learnable_hard,0.4464003645,0.45,0.2673195009,normal_replay,EndpointTrend
RUN_093,TRIAD_031,A11_EndpointTrend_B600,R2,1829910790,599831945,562,Det/images/normal_train/00529011.png,0,03,learnable_hard,0.606172345,0.255,0.2829921463,normal_replay,EndpointTrend
RUN_093,TRIAD_031,A11_EndpointTrend_B600,R2,1829910790,599831945,563,Det/images/normal_train/01012588.png,0,00,learnable_hard,0.6460877436,0.28,0.3413127775,normal_replay,EndpointTrend
RUN_093,TRIAD_031,A11_EndpointTrend_B600,R2,1829910790,599831945,564,Det/images/normal_train/00991629.png,0,00,learnable_hard,0.535087686,0.33,0.2807662217,normal_replay,EndpointTrend
RUN_093,TRIAD_031,A11_EndpointTrend_B600,R2,1829910790,599831945,565,Det/images/normal_train/00737784.png,0,02,learnable_hard,0.7137874377,0.175,0.2994667267,normal_replay,EndpointTrend
RUN_093,TRIAD_031,A11_EndpointTrend_B600,R2,1829910790,599831945,566,Det/images/normal_train/01256130.png,0,02,learnable_hard,0.4664923973,0.55,0.2725381404,normal_replay,EndpointTrend
RUN_093,TRIAD_031,A11_EndpointTrend_B600,R2,1829910790,599831945,567,Det/images/normal_train/01032188.png,0,02,learnable_hard,0.7598516649,0.235,0.2804434407,normal_replay,EndpointTrend
RUN_093,TRIAD_031,A11_EndpointTrend_B600,R2,1829910790,599831945,568,Det/images/normal_train/00200411.png,0,02,learnable_hard,0.5796944131,0.335,0.3194922424,normal_replay,EndpointTrend
RUN_093,TRIAD_031,A11_EndpointTrend_B600,R2,1829910790,599831945,569,Det/images/normal_train/00957536.png,0,02,learnable_hard,0.4730974118,0.525,0.2719672086,normal_replay,EndpointTrend
RUN_093,TRIAD_031,A11_EndpointTrend_B600,R2,1829910790,599831945,570,Det/images/normal_train/01168917.png,0,02,learnable_hard,0.5078811384,0.345,0.2676107853,normal_replay,EndpointTrend
RUN_093,TRIAD_031,A11_EndpointTrend_B600,R2,1829910790,599831945,571,Det/images/normal_train/00653018.png,0,02,learnable_hard,0.623872749,0.2,0.2391914131,normal_replay,EndpointTrend
RUN_093,TRIAD_031,A11_EndpointTrend_B600,R2,1829910790,599831945,572,Det/images/normal_train/00959900.png,0,02,persistent_hard,0.5064846332,0.485,0.1989484708,normal_replay,EndpointTrend
RUN_093,TRIAD_031,A11_EndpointTrend_B600,R2,1829910790,599831945,573,Det/images/normal_train/00640831.png,0,02,learnable_hard,0.5858589816,0.3,0.2819285329,normal_replay,EndpointTrend
RUN_093,TRIAD_031,A11_EndpointTrend_B600,R2,1829910790,599831945,574,Det/images/normal_train/00425093.png,0,02,learnable_hard,0.7505213666,0.18,0.3158376514,normal_replay,EndpointTrend
RUN_093,TRIAD_031,A11_EndpointTrend_B600,R2,1829910790,599831945,575,Det/images/normal_train/00957246.png,0,02,learnable_hard,0.4321501457,0.6,0.2192733733,normal_replay,EndpointTrend
RUN_093,TRIAD_031,A11_EndpointTrend_B600,R2,1829910790,599831945,576,Det/images/normal_train/00975260.png,0,02,learnable_hard,0.7997515077,0.105,0.2243881559,normal_replay,EndpointTrend
RUN_093,TRIAD_031,A11_EndpointTrend_B600,R2,1829910790,599831945,577,Det/images/normal_train/01020642.png,0,02,persistent_hard,0.7286256012,0.115,0.1889656561,normal_replay,EndpointTrend
RUN_093,TRIAD_031,A11_EndpointTrend_B600,R2,1829910790,599831945,578,Det/images/normal_train/00651388.png,0,02,learnable_hard,0.5672230673,0.345,0.3524990047,normal_replay,EndpointTrend
RUN_093,TRIAD_031,A11_EndpointTrend_B600,R2,1829910790,599831945,579,Det/images/normal_train/01242176.png,0,02,learnable_hard,0.5344805773,0.38,0.2722803701,normal_replay,EndpointTrend
RUN_093,TRIAD_031,A11_EndpointTrend_B600,R2,1829910790,599831945,580,Det/images/normal_train/00640897.png,0,02,persistent_hard,0.7831274617,0.23,0.2650678436,normal_replay,EndpointTrend
RUN_093,TRIAD_031,A11_EndpointTrend_B600,R2,1829910790,599831945,581,Det/images/normal_train/00511269.png,0,02,learnable_hard,0.6273807411,0.305,0.2857872455,normal_replay,EndpointTrend
RUN_093,TRIAD_031,A11_EndpointTrend_B600,R2,1829910790,599831945,582,Det/images/normal_train/00962402.png,0,04,learnable_hard,0.4703472614,0.34,0.2425086315,normal_replay,EndpointTrend
RUN_093,TRIAD_031,A11_EndpointTrend_B600,R2,1829910790,599831945,583,Det/images/normal_train/00375366.png,0,04,persistent_hard,0.7484222014,0.13,0.223903432,normal_replay,EndpointTrend
RUN_093,TRIAD_031,A11_EndpointTrend_B600,R2,1829910790,599831945,584,Det/images/normal_train/00282087.png,0,04,learnable_hard,0.4877760806,0.405,0.3258118446,normal_replay,EndpointTrend
RUN_093,TRIAD_031,A11_EndpointTrend_B600,R2,1829910790,599831945,585,Det/images/normal_train/00876003.png,0,04,learnable_hard,0.5477941026,0.325,0.3004392205,normal_replay,EndpointTrend
RUN_093,TRIAD_031,A11_EndpointTrend_B600,R2,1829910790,599831945,586,Det/images/normal_train/01267857.png,0,04,learnable_hard,0.4928321389,0.365,0.2651797456,normal_replay,EndpointTrend
RUN_093,TRIAD_031,A11_EndpointTrend_B600,R2,1829910790,599831945,587,Det/images/normal_train/01014831.png,0,04,learnable_hard,0.5962682466,0.295,0.356304517,normal_replay,EndpointTrend
RUN_093,TRIAD_031,A11_EndpointTrend_B600,R2,1829910790,599831945,588,Det/images/normal_train/00282058.png,0,04,learnable_hard,0.721970233,0.185,0.2948054223,normal_replay,EndpointTrend
RUN_093,TRIAD_031,A11_EndpointTrend_B600,R2,1829910790,599831945,589,Det/images/normal_train/01000903.png,0,04,learnable_hard,0.591139277,0.31,0.2678517825,normal_replay,EndpointTrend
RUN_093,TRIAD_031,A11_EndpointTrend_B600,R2,1829910790,599831945,590,Det/images/normal_train/00542007.png,0,04,learnable_hard,0.6771697556,0.195,0.2605691798,normal_replay,EndpointTrend
RUN_093,TRIAD_031,A11_EndpointTrend_B600,R2,1829910790,599831945,591,Det/images/normal_train/01180569.png,0,04,learnable_hard,0.5350745627,0.39,0.2802997093,normal_replay,EndpointTrend
RUN_093,TRIAD_031,A11_EndpointTrend_B600,R2,1829910790,599831945,592,Det/images/normal_train/00919382.png,0,04,learnable_hard,0.7467974088,0.155,0.2048061359,normal_replay,EndpointTrend
RUN_093,TRIAD_031,A11_EndpointTrend_B600,R2,1829910790,599831945,593,Det/images/normal_train/00877861.png,0,04,learnable_hard,0.4969013437,0.42,0.3147268683,normal_replay,EndpointTrend
RUN_093,TRIAD_031,A11_EndpointTrend_B600,R2,1829910790,599831945,594,Det/images/normal_train/00282071.png,0,04,learnable_hard,0.4657827978,0.415,0.3223993121,normal_replay,EndpointTrend
RUN_093,TRIAD_031,A11_EndpointTrend_B600,R2,1829910790,599831945,595,Det/images/normal_train/00785049.png,0,04,learnable_hard,0.7908634851,0.07,0.1510962345,normal_replay,EndpointTrend
RUN_093,TRIAD_031,A11_EndpointTrend_B600,R2,1829910790,599831945,596,Det/images/normal_train/00969009.png,0,04,learnable_hard,0.5866888825,0.34,0.2738684908,normal_replay,EndpointTrend
RUN_093,TRIAD_031,A11_EndpointTrend_B600,R2,1829910790,599831945,597,Det/images/normal_train/01074992.png,0,04,learnable_hard,0.4216702642,0.58,0.2234967305,normal_replay,EndpointTrend
RUN_093,TRIAD_031,A11_EndpointTrend_B600,R2,1829910790,599831945,598,Det/images/normal_train/00785223.png,0,04,learnable_hard,0.6977170009,0.215,0.2510159193,normal_replay,EndpointTrend
RUN_093,TRIAD_031,A11_EndpointTrend_B600,R2,1829910790,599831945,599,Det/images/normal_train/00785456.png,0,04,learnable_hard,0.6081723195,0.215,0.2244170412,normal_replay,EndpointTrend
RUN_093,TRIAD_031,A11_EndpointTrend_B600,R2,1829910790,599831945,600,Det/images/normal_train/00643235.png,0,04,learnable_hard,0.5216515216,0.315,0.2838691211,normal_replay,EndpointTrend
