row_id,img_id,split,gt_label,gt_index,img_rel_path,img_path,pred_label,pred_index,correct,top5_correct,top1_prob,top2_label,top2_prob,top3_label,top3_prob,margin,entropy,entropy_norm,p_normal,p_abnormal,abnormal_conf,width,height,aspect_ratio,embedding_index,top5_labels_json,top5_probs_json,probs_json
474,00507781,val,Normal,3,val/Normal/00507781.png,C:\Users\ASUS\Desktop\YOLOv11\sewerml_cls6_train7200\val\Normal\00507781.png,Deformation,0,0,1,0.9999058246612549,Normal,9.398317342856899e-05,WallDamage,1.1231701790848092e-07,0.9998118414878263,0.0009679380368477584,0.0005402165042078866,9.398317342856899e-05,0.9999060168265714,0.9999060168265714,480,576,0.833333,474,"[""Deformation"", ""Normal"", ""WallDamage"", ""DepositAttachment"", ""JointAnomaly""]","[0.9999058246612549, 9.398317342856899e-05, 1.1231701790848092e-07, 2.7878465758135462e-08, 1.332265520126441e-09]","{""Deformation"": 0.9999058246612549, ""DepositAttachment"": 2.7878465758135462e-08, ""JointAnomaly"": 1.332265520126441e-09, ""Normal"": 9.398317342856899e-05, ""Roots"": 3.9584574507145476e-10, ""WallDamage"": 1.1231701790848092e-07}"
74,00373526,val,Deformation,0,val/Deformation/00373526.png,C:\Users\ASUS\Desktop\YOLOv11\sewerml_cls6_train7200\val\Deformation\00373526.png,DepositAttachment,1,0,1,0.9992172718048096,Deformation,0.0007431156118400395,Normal,2.0678438886534423e-05,0.9984741561929695,0.006568752247669333,0.003666090432606645,2.0678438886534423e-05,0.9999793215611135,0.9999793215611135,352,288,1.222222,74,"[""DepositAttachment"", ""Deformation"", ""Normal"", ""JointAnomaly"", ""Roots""]","[0.9992172718048096, 0.0007431156118400395, 2.0678438886534423e-05, 1.8183271095040254e-05, 5.950686841060815e-07]","{""Deformation"": 0.0007431156118400395, ""DepositAttachment"": 0.9992172718048096, ""JointAnomaly"": 1.8183271095040254e-05, ""Normal"": 2.0678438886534423e-05, ""Roots"": 5.950686841060815e-07, ""WallDamage"": 1.5218385840398696e-07}"
258,00041477,val,JointAnomaly,2,val/JointAnomaly/00041477.png,C:\Users\ASUS\Desktop\YOLOv11\sewerml_cls6_train7200\val\JointAnomaly\00041477.png,Roots,4,0,1,0.9991151690483093,JointAnomaly,0.0005822384264320135,Deformation,0.0002992736699525267,0.9985329306218773,0.007694803114053546,0.004294551387172913,1.6821569204239495e-07,0.999999831784308,0.999999831784308,720,576,1.25,258,"[""Roots"", ""JointAnomaly"", ""Deformation"", ""DepositAttachment"", ""WallDamage""]","[0.9991151690483093, 0.0005822384264320135, 0.0002992736699525267, 2.36931941799412e-06, 8.452243491774425e-07]","{""Deformation"": 0.0002992736699525267, ""DepositAttachment"": 2.36931941799412e-06, ""JointAnomaly"": 0.0005822384264320135, ""Normal"": 1.6821569204239495e-07, ""Roots"": 0.9991151690483093, ""WallDamage"": 8.452243491774425e-07}"
718,00508893,val,WallDamage,5,val/WallDamage/00508893.png,C:\Users\ASUS\Desktop\YOLOv11\sewerml_cls6_train7200\val\WallDamage\00508893.png,DepositAttachment,1,0,1,0.9988711476325989,WallDamage,0.0005842530517838895,Deformation,0.0003218797210138291,0.998286894580815,0.009958796544758534,0.005558110179291582,4.047669790452346e-06,0.9999959523302095,0.9999959523302095,480,576,0.833333,718,"[""DepositAttachment"", ""WallDamage"", ""Deformation"", ""Roots"", ""Normal""]","[0.9988711476325989, 0.0005842530517838895, 0.0003218797210138291, 0.0002185404155170545, 4.047669790452346e-06]","{""Deformation"": 0.0003218797210138291, ""DepositAttachment"": 0.9988711476325989, ""JointAnomaly"": 7.183764694218553e-09, ""Normal"": 4.047669790452346e-06, ""Roots"": 0.0002185404155170545, ""WallDamage"": 0.0005842530517838895}"
2,00004815,val,Deformation,0,val/Deformation/00004815.png,C:\Users\ASUS\Desktop\YOLOv11\sewerml_cls6_train7200\val\Deformation\00004815.png,Normal,3,0,1,0.9988517761230469,Deformation,0.0011079132091253996,DepositAttachment,1.9896873709512874e-05,0.9977438629139215,0.0091322061257536,0.00509678128263948,0.9988517761230469,0.001148223876953125,0.001148223876953125,720,576,1.25,2,"[""Normal"", ""Deformation"", ""DepositAttachment"", ""WallDamage"", ""JointAnomaly""]","[0.9988517761230469, 0.0011079132091253996, 1.9896873709512874e-05, 1.7633301467867568e-05, 2.761599716905039e-06]","{""Deformation"": 0.0011079132091253996, ""DepositAttachment"": 1.9896873709512874e-05, ""JointAnomaly"": 2.761599716905039e-06, ""Normal"": 0.9988517761230469, ""Roots"": 7.600619511549667e-08, ""WallDamage"": 1.7633301467867568e-05}"
601,00000597,val,WallDamage,5,val/WallDamage/00000597.png,C:\Users\ASUS\Desktop\YOLOv11\sewerml_cls6_train7200\val\WallDamage\00000597.png,DepositAttachment,1,0,1,0.9987204074859619,WallDamage,0.0010497767943888903,JointAnomaly,0.00015147594967857003,0.997670630691573,0.010569759940243529,0.00589909534274559,7.443172944476828e-05,0.9999255682705552,0.9999255682705552,352,288,1.222222,601,"[""DepositAttachment"", ""WallDamage"", ""JointAnomaly"", ""Normal"", ""Roots""]","[0.9987204074859619, 0.0010497767943888903, 0.00015147594967857003, 7.443172944476828e-05, 3.926024419342866e-06]","{""Deformation"": 1.0891248791722319e-07, ""DepositAttachment"": 0.9987204074859619, ""JointAnomaly"": 0.00015147594967857003, ""Normal"": 7.443172944476828e-05, ""Roots"": 3.926024419342866e-06, ""WallDamage"": 0.0010497767943888903}"
435,00404389,val,Normal,3,val/Normal/00404389.png,C:\Users\ASUS\Desktop\YOLOv11\sewerml_cls6_train7200\val\Normal\00404389.png,JointAnomaly,2,0,1,0.9985200762748718,WallDamage,0.0010530527215451002,Normal,0.00020128977485001087,0.9974670235533267,0.012410407364019993,0.006926380229689411,0.00020128977485001087,0.99979871022515,0.99979871022515,352,288,1.222222,435,"[""JointAnomaly"", ""WallDamage"", ""Normal"", ""Roots"", ""DepositAttachment""]","[0.9985200762748718, 0.0010530527215451002, 0.00020128977485001087, 0.0001938672357937321, 2.713933827180881e-05]","{""Deformation"": 4.55779445474036e-06, ""DepositAttachment"": 2.713933827180881e-05, ""JointAnomaly"": 0.9985200762748718, ""Normal"": 0.00020128977485001087, ""Roots"": 0.0001938672357937321, ""WallDamage"": 0.0010530527215451002}"
707,00467724,val,WallDamage,5,val/WallDamage/00467724.png,C:\Users\ASUS\Desktop\YOLOv11\sewerml_cls6_train7200\val\WallDamage\00467724.png,DepositAttachment,1,0,1,0.9984772801399231,Deformation,0.0007567298598587513,JointAnomaly,0.0004554819024633616,0.9977205502800643,0.013032061310784503,0.007273331903416208,4.4770214913114614e-07,0.9999995522978509,0.9999995522978509,352,288,1.222222,707,"[""DepositAttachment"", ""Deformation"", ""JointAnomaly"", ""WallDamage"", ""Roots""]","[0.9984772801399231, 0.0007567298598587513, 0.0004554819024633616, 0.00029600015841424465, 1.3965577636554372e-05]","{""Deformation"": 0.0007567298598587513, ""DepositAttachment"": 0.9984772801399231, ""JointAnomaly"": 0.0004554819024633616, ""Normal"": 4.4770214913114614e-07, ""Roots"": 1.3965577636554372e-05, ""WallDamage"": 0.00029600015841424465}"
406,00335759,val,Normal,3,val/Normal/00335759.png,C:\Users\ASUS\Desktop\YOLOv11\sewerml_cls6_train7200\val\Normal\00335759.png,Deformation,0,0,1,0.9976931214332581,Normal,0.002255378756672144,Roots,2.9206707040430047e-05,0.9954377426765859,0.01661559613660383,0.009273340770322446,0.002255378756672144,0.9977446212433279,0.9977446212433279,480,576,0.833333,406,"[""Deformation"", ""Normal"", ""Roots"", ""DepositAttachment"", ""JointAnomaly""]","[0.9976931214332581, 0.002255378756672144, 2.9206707040430047e-05, 1.039234393829247e-05, 7.874135917518288e-06]","{""Deformation"": 0.9976931214332581, ""DepositAttachment"": 1.039234393829247e-05, ""JointAnomaly"": 7.874135917518288e-06, ""Normal"": 0.002255378756672144, ""Roots"": 2.9206707040430047e-05, ""WallDamage"": 3.970780198869761e-06}"
301,00387317,val,JointAnomaly,2,val/JointAnomaly/00387317.png,C:\Users\ASUS\Desktop\YOLOv11\sewerml_cls6_train7200\val\JointAnomaly\00387317.png,Roots,4,0,1,0.9975535273551941,JointAnomaly,0.0022426433861255646,WallDamage,0.00019895976583939046,0.9953108839690685,0.01787892217558839,0.009978416457478625,1.4524421665385034e-08,0.9999999854755783,0.9999999854755783,352,288,1.222222,301,"[""Roots"", ""JointAnomaly"", ""WallDamage"", ""DepositAttachment"", ""Normal""]","[0.9975535273551941, 0.0022426433861255646, 0.00019895976583939046, 4.838432687392924e-06, 1.4524421665385034e-08]","{""Deformation"": 2.1534789468140303e-13, ""DepositAttachment"": 4.838432687392924e-06, ""JointAnomaly"": 0.0022426433861255646, ""Normal"": 1.4524421665385034e-08, ""Roots"": 0.9975535273551941, ""WallDamage"": 0.00019895976583939046}"
663,00397645,val,WallDamage,5,val/WallDamage/00397645.png,C:\Users\ASUS\Desktop\YOLOv11\sewerml_cls6_train7200\val\WallDamage\00397645.png,DepositAttachment,1,0,1,0.997068464756012,WallDamage,0.0022263647988438606,JointAnomaly,0.00042433838825672865,0.9948420999571681,0.022157606737463628,0.012366395779121964,0.0002723994548432529,0.9997276005451567,0.9997276005451567,352,288,1.222222,663,"[""DepositAttachment"", ""WallDamage"", ""JointAnomaly"", ""Normal"", ""Roots""]","[0.997068464756012, 0.0022263647988438606, 0.00042433838825672865, 0.0002723994548432529, 7.170516710175434e-06]","{""Deformation"": 1.2720192898996174e-06, ""DepositAttachment"": 0.997068464756012, ""JointAnomaly"": 0.00042433838825672865, ""Normal"": 0.0002723994548432529, ""Roots"": 7.170516710175434e-06, ""WallDamage"": 0.0022263647988438606}"
352,00500773,val,JointAnomaly,2,val/JointAnomaly/00500773.png,C:\Users\ASUS\Desktop\YOLOv11\sewerml_cls6_train7200\val\JointAnomaly\00500773.png,DepositAttachment,1,0,1,0.9969143867492676,Roots,0.0030345453415066004,JointAnomaly,3.189430572092533e-05,0.993879841407761,0.021223208291208745,0.01184489807683414,1.4357830877997912e-05,0.999985642169122,0.999985642169122,352,288,1.222222,352,"[""DepositAttachment"", ""Roots"", ""JointAnomaly"", ""Normal"", ""WallDamage""]","[0.9969143867492676, 0.0030345453415066004, 3.189430572092533e-05, 1.4357830877997912e-05, 4.661216280510416e-06]","{""Deformation"": 9.014313206989755e-08, ""DepositAttachment"": 0.9969143867492676, ""JointAnomaly"": 3.189430572092533e-05, ""Normal"": 1.4357830877997912e-05, ""Roots"": 0.0030345453415066004, ""WallDamage"": 4.661216280510416e-06}"
433,00393811,val,Normal,3,val/Normal/00393811.png,C:\Users\ASUS\Desktop\YOLOv11\sewerml_cls6_train7200\val\Normal\00393811.png,WallDamage,5,0,1,0.9965457320213318,Normal,0.003249481553211808,JointAnomaly,0.00014791979629080743,0.99329625046812,0.023955587611456504,0.013369868011233287,0.003249481553211808,0.9967505184467882,0.9967505184467882,352,288,1.222222,433,"[""WallDamage"", ""Normal"", ""JointAnomaly"", ""DepositAttachment"", ""Deformation""]","[0.9965457320213318, 0.003249481553211808, 0.00014791979629080743, 4.8636909923516214e-05, 4.232776518620085e-06]","{""Deformation"": 4.232776518620085e-06, ""DepositAttachment"": 4.8636909923516214e-05, ""JointAnomaly"": 0.00014791979629080743, ""Normal"": 0.003249481553211808, ""Roots"": 4.0508130041416734e-06, ""WallDamage"": 0.9965457320213318}"
283,00303250,val,JointAnomaly,2,val/JointAnomaly/00303250.png,C:\Users\ASUS\Desktop\YOLOv11\sewerml_cls6_train7200\val\JointAnomaly\00303250.png,WallDamage,5,0,1,0.9962326884269714,JointAnomaly,0.0037252737674862146,Roots,4.196694499114528e-05,0.9925074146594852,0.025018919762751633,0.013963324984424697,9.733472916551023e-10,0.9999999990266527,0.9999999990266527,352,288,1.222222,283,"[""WallDamage"", ""JointAnomaly"", ""Roots"", ""DepositAttachment"", ""Normal""]","[0.9962326884269714, 0.0037252737674862146, 4.196694499114528e-05, 1.0599627842111659e-07, 9.733472916551023e-10]","{""Deformation"": 1.858910703318728e-13, ""DepositAttachment"": 1.0599627842111659e-07, ""JointAnomaly"": 0.0037252737674862146, ""Normal"": 9.733472916551023e-10, ""Roots"": 4.196694499114528e-05, ""WallDamage"": 0.9962326884269714}"
143,00147722,val,DepositAttachment,1,val/DepositAttachment/00147722.png,C:\Users\ASUS\Desktop\YOLOv11\sewerml_cls6_train7200\val\DepositAttachment\00147722.png,Normal,3,0,1,0.9958452582359314,Deformation,0.002201080322265625,DepositAttachment,0.001753197400830686,0.9936441779136658,0.030487785617103975,0.017015557132922004,0.9958452582359314,0.0041547417640686035,0.0041547417640686035,720,576,1.25,143,"[""Normal"", ""Deformation"", ""DepositAttachment"", ""WallDamage"", ""JointAnomaly""]","[0.9958452582359314, 0.002201080322265625, 0.001753197400830686, 0.00019057629106100649, 9.529777344141621e-06]","{""Deformation"": 0.002201080322265625, ""DepositAttachment"": 0.001753197400830686, ""JointAnomaly"": 9.529777344141621e-06, ""Normal"": 0.9958452582359314, ""Roots"": 3.218914059743838e-07, ""WallDamage"": 0.00019057629106100649}"
204,00406821,val,DepositAttachment,1,val/DepositAttachment/00406821.png,C:\Users\ASUS\Desktop\YOLOv11\sewerml_cls6_train7200\val\DepositAttachment\00406821.png,WallDamage,5,0,1,0.9954835176467896,JointAnomaly,0.0043810149654746056,Roots,0.00011850531154777855,0.991102502681315,0.029562195121052293,0.01649897524124072,2.7491025775816524e-06,0.9999972508974224,0.9999972508974224,352,288,1.222222,204,"[""WallDamage"", ""JointAnomaly"", ""Roots"", ""DepositAttachment"", ""Normal""]","[0.9954835176467896, 0.0043810149654746056, 0.00011850531154777855, 1.4081090739637148e-05, 2.7491025775816524e-06]","{""Deformation"": 6.571881527861478e-08, ""DepositAttachment"": 1.4081090739637148e-05, ""JointAnomaly"": 0.0043810149654746056, ""Normal"": 2.7491025775816524e-06, ""Roots"": 0.00011850531154777855, ""WallDamage"": 0.9954835176467896}"
571,00429339,val,Roots,4,val/Roots/00429339.png,C:\Users\ASUS\Desktop\YOLOv11\sewerml_cls6_train7200\val\Roots\00429339.png,JointAnomaly,2,0,1,0.9952108263969421,Roots,0.004726037848740816,DepositAttachment,4.376557990326546e-05,0.9904847885482013,0.030733297726496307,0.017152580050120877,2.668568033215024e-09,0.999999997331432,0.999999997331432,352,288,1.222222,571,"[""JointAnomaly"", ""Roots"", ""DepositAttachment"", ""WallDamage"", ""Normal""]","[0.9952108263969421, 0.004726037848740816, 4.376557990326546e-05, 1.9342043742653914e-05, 2.668568033215024e-09]","{""Deformation"": 4.5593245845410024e-10, ""DepositAttachment"": 4.376557990326546e-05, ""JointAnomaly"": 0.9952108263969421, ""Normal"": 2.668568033215024e-09, ""Roots"": 0.004726037848740816, ""WallDamage"": 1.9342043742653914e-05}"
298,00383441,val,JointAnomaly,2,val/JointAnomaly/00383441.png,C:\Users\ASUS\Desktop\YOLOv11\sewerml_cls6_train7200\val\JointAnomaly\00383441.png,DepositAttachment,1,0,1,0.9950423240661621,Normal,0.004530110862106085,Deformation,0.00036740736686624587,0.990512213204056,0.03290369737923638,0.01836390316017825,0.004530110862106085,0.9954698891378939,0.9954698891378939,352,288,1.222222,298,"[""DepositAttachment"", ""Normal"", ""Deformation"", ""WallDamage"", ""JointAnomaly""]","[0.9950423240661621, 0.004530110862106085, 0.00036740736686624587, 5.494039578479715e-05, 4.492136213229969e-06]","{""Deformation"": 0.00036740736686624587, ""DepositAttachment"": 0.9950423240661621, ""JointAnomaly"": 4.492136213229969e-06, ""Normal"": 0.004530110862106085, ""Roots"": 6.459222277044319e-07, ""WallDamage"": 5.494039578479715e-05}"
77,00381217,val,Deformation,0,val/Deformation/00381217.png,C:\Users\ASUS\Desktop\YOLOv11\sewerml_cls6_train7200\val\Deformation\00381217.png,Normal,3,0,1,0.9948599338531494,Deformation,0.0050553325563669205,DepositAttachment,8.378302300116047e-05,0.9898046012967825,0.03265705735107069,0.01822625073952608,0.9948599338531494,0.005140066146850586,0.005140066146850586,352,288,1.222222,77,"[""Normal"", ""Deformation"", ""DepositAttachment"", ""WallDamage"", ""JointAnomaly""]","[0.9948599338531494, 0.0050553325563669205, 8.378302300116047e-05, 1.0556225333857583e-06, 3.3540556998445936e-09]","{""Deformation"": 0.0050553325563669205, ""DepositAttachment"": 8.378302300116047e-05, ""JointAnomaly"": 3.3540556998445936e-09, ""Normal"": 0.9948599338531494, ""Roots"": 8.816233298958309e-10, ""WallDamage"": 1.0556225333857583e-06}"
642,00309016,val,WallDamage,5,val/WallDamage/00309016.png,C:\Users\ASUS\Desktop\YOLOv11\sewerml_cls6_train7200\val\WallDamage\00309016.png,Normal,3,0,1,0.9940113425254822,WallDamage,0.003988779149949551,JointAnomaly,0.001866644830442965,0.9900225633755326,0.04099177480709289,0.022877945121034245,0.9940113425254822,0.005988657474517822,0.005988657474517822,352,288,1.222222,642,"[""Normal"", ""WallDamage"", ""JointAnomaly"", ""DepositAttachment"", ""Roots""]","[0.9940113425254822, 0.003988779149949551, 0.001866644830442965, 0.00010836739238584414, 2.4314036636496894e-05]","{""Deformation"": 6.306092927843565e-07, ""DepositAttachment"": 0.00010836739238584414, ""JointAnomaly"": 0.001866644830442965, ""Normal"": 0.9940113425254822, ""Roots"": 2.4314036636496894e-05, ""WallDamage"": 0.003988779149949551}"
286,00309083,val,JointAnomaly,2,val/JointAnomaly/00309083.png,C:\Users\ASUS\Desktop\YOLOv11\sewerml_cls6_train7200\val\JointAnomaly\00309083.png,WallDamage,5,0,1,0.9918923377990723,JointAnomaly,0.006259002257138491,Roots,0.0018354295752942562,0.9856333355419338,0.0515440430513455,0.028767278162370902,9.476551099396602e-09,0.9999999905234489,0.9999999905234489,352,288,1.222222,286,"[""WallDamage"", ""JointAnomaly"", ""Roots"", ""DepositAttachment"", ""Normal""]","[0.9918923377990723, 0.006259002257138491, 0.0018354295752942562, 1.322473690379411e-05, 9.476551099396602e-09]","{""Deformation"": 2.756632977440887e-10, ""DepositAttachment"": 1.322473690379411e-05, ""JointAnomaly"": 0.006259002257138491, ""Normal"": 9.476551099396602e-09, ""Roots"": 0.0018354295752942562, ""WallDamage"": 0.9918923377990723}"
519,00160942,val,Roots,4,val/Roots/00160942.png,C:\Users\ASUS\Desktop\YOLOv11\sewerml_cls6_train7200\val\Roots\00160942.png,JointAnomaly,2,0,1,0.991172730922699,Roots,0.008625343441963196,WallDamage,0.00019624356355052441,0.9825473874807358,0.05153141617346179,0.028760230967643838,4.834504579775967e-06,0.9999951654954202,0.9999951654954202,720,576,1.25,519,"[""JointAnomaly"", ""Roots"", ""WallDamage"", ""Normal"", ""DepositAttachment""]","[0.991172730922699, 0.008625343441963196, 0.00019624356355052441, 4.834504579775967e-06, 4.979258960702282e-07]","{""Deformation"": 3.3287656719949155e-07, ""DepositAttachment"": 4.979258960702282e-07, ""JointAnomaly"": 0.991172730922699, ""Normal"": 4.834504579775967e-06, ""Roots"": 0.008625343441963196, ""WallDamage"": 0.00019624356355052441}"
667,00403764,val,WallDamage,5,val/WallDamage/00403764.png,C:\Users\ASUS\Desktop\YOLOv11\sewerml_cls6_train7200\val\WallDamage\00403764.png,JointAnomaly,2,0,1,0.9910305738449097,Roots,0.00865253247320652,WallDamage,0.0003166658279951662,0.9823780413717031,0.05258173897070244,0.029346427282092875,4.701072597868006e-08,0.999999952989274,0.999999952989274,352,288,1.222222,667,"[""JointAnomaly"", ""Roots"", ""WallDamage"", ""DepositAttachment"", ""Normal""]","[0.9910305738449097, 0.00865253247320652, 0.0003166658279951662, 9.800025679851387e-08, 4.701072597868006e-08]","{""Deformation"": 2.505171070588119e-10, ""DepositAttachment"": 9.800025679851387e-08, ""JointAnomaly"": 0.9910305738449097, ""Normal"": 4.701072597868006e-08, ""Roots"": 0.00865253247320652, ""WallDamage"": 0.0003166658279951662}"
574,00432581,val,Roots,4,val/Roots/00432581.png,C:\Users\ASUS\Desktop\YOLOv11\sewerml_cls6_train7200\val\Roots\00432581.png,JointAnomaly,2,0,1,0.9893202781677246,Roots,0.010549337603151798,WallDamage,0.00012871998478658497,0.9787709405645728,0.059814997129798306,0.03338338552527279,1.364244610613241e-07,0.9999998635755389,0.9999998635755389,352,288,1.222222,574,"[""JointAnomaly"", ""Roots"", ""WallDamage"", ""DepositAttachment"", ""Normal""]","[0.9893202781677246, 0.010549337603151798, 0.00012871998478658497, 1.4869650613036356e-06, 1.364244610613241e-07]","{""Deformation"": 1.3433544554519727e-10, ""DepositAttachment"": 1.4869650613036356e-06, ""JointAnomaly"": 0.9893202781677246, ""Normal"": 1.364244610613241e-07, ""Roots"": 0.010549337603151798, ""WallDamage"": 0.00012871998478658497}"
150,00153895,val,DepositAttachment,1,val/DepositAttachment/00153895.png,C:\Users\ASUS\Desktop\YOLOv11\sewerml_cls6_train7200\val\DepositAttachment\00153895.png,JointAnomaly,2,0,1,0.9890443086624146,DepositAttachment,0.009236066602170467,WallDamage,0.0013830838724970818,0.9798082420602441,0.06600838830730948,0.03683998295583052,1.567725576023804e-07,0.9999998432274424,0.9999998432274424,768,576,1.333333,150,"[""JointAnomaly"", ""DepositAttachment"", ""WallDamage"", ""Roots"", ""Deformation""]","[0.9890443086624146, 0.009236066602170467, 0.0013830838724970818, 0.0003257780335843563, 1.061902912624646e-05]","{""Deformation"": 1.061902912624646e-05, ""DepositAttachment"": 0.009236066602170467, ""JointAnomaly"": 0.9890443086624146, ""Normal"": 1.567725576023804e-07, ""Roots"": 0.0003257780335843563, ""WallDamage"": 0.0013830838724970818}"
647,00320226,val,WallDamage,5,val/WallDamage/00320226.png,C:\Users\ASUS\Desktop\YOLOv11\sewerml_cls6_train7200\val\WallDamage\00320226.png,Normal,3,0,1,0.988980770111084,Deformation,0.009167106822133064,Roots,0.0011565735330805182,0.9798136632889509,0.06692373410923,0.03735084717485143,0.988980770111084,0.011019229888916016,0.011019229888916016,480,576,0.833333,647,"[""Normal"", ""Deformation"", ""Roots"", ""WallDamage"", ""JointAnomaly""]","[0.988980770111084, 0.009167106822133064, 0.0011565735330805182, 0.0006823113653808832, 1.014244116959162e-05]","{""Deformation"": 0.009167106822133064, ""DepositAttachment"": 3.1898084671411198e-06, ""JointAnomaly"": 1.014244116959162e-05, ""Normal"": 0.988980770111084, ""Roots"": 0.0011565735330805182, ""WallDamage"": 0.0006823113653808832}"
666,00402004,val,WallDamage,5,val/WallDamage/00402004.png,C:\Users\ASUS\Desktop\YOLOv11\sewerml_cls6_train7200\val\WallDamage\00402004.png,JointAnomaly,2,0,1,0.9884110689163208,WallDamage,0.010551081970334053,DepositAttachment,0.0008346791728399694,0.9778599869459867,0.06734824253005339,0.03758776983557346,4.2827123252209276e-05,0.9999571728767478,0.9999571728767478,352,288,1.222222,666,"[""JointAnomaly"", ""WallDamage"", ""DepositAttachment"", ""Roots"", ""Normal""]","[0.9884110689163208, 0.010551081970334053, 0.0008346791728399694, 0.0001433628349332139, 4.2827123252209276e-05]","{""Deformation"": 1.7035030396073125e-05, ""DepositAttachment"": 0.0008346791728399694, ""JointAnomaly"": 0.9884110689163208, ""Normal"": 4.2827123252209276e-05, ""Roots"": 0.0001433628349332139, ""WallDamage"": 0.010551081970334053}"
145,00147814,val,DepositAttachment,1,val/DepositAttachment/00147814.png,C:\Users\ASUS\Desktop\YOLOv11\sewerml_cls6_train7200\val\DepositAttachment\00147814.png,Deformation,0,0,1,0.9873579740524292,JointAnomaly,0.0051680030301213264,DepositAttachment,0.004713242873549461,0.9821899710223079,0.08347640041214158,0.04658906613626313,7.717879634583369e-05,0.9999228212036542,0.9999228212036542,720,576,1.25,145,"[""Deformation"", ""JointAnomaly"", ""DepositAttachment"", ""Roots"", ""WallDamage""]","[0.9873579740524292, 0.0051680030301213264, 0.004713242873549461, 0.001531476154923439, 0.0011522095883265138]","{""Deformation"": 0.9873579740524292, ""DepositAttachment"": 0.004713242873549461, ""JointAnomaly"": 0.0051680030301213264, ""Normal"": 7.717879634583369e-05, ""Roots"": 0.001531476154923439, ""WallDamage"": 0.0011522095883265138}"
429,00387823,val,Normal,3,val/Normal/00387823.png,C:\Users\ASUS\Desktop\YOLOv11\sewerml_cls6_train7200\val\Normal\00387823.png,Deformation,0,0,1,0.9872779846191406,Normal,0.011227769777178764,DepositAttachment,0.000899795675650239,0.9760502148419619,0.07438201360279253,0.04151339221599794,0.011227769777178764,0.9887722302228212,0.9887722302228212,352,288,1.222222,429,"[""Deformation"", ""Normal"", ""DepositAttachment"", ""Roots"", ""JointAnomaly""]","[0.9872779846191406, 0.011227769777178764, 0.000899795675650239, 0.00027471737121231854, 0.00021897577971685678]","{""Deformation"": 0.9872779846191406, ""DepositAttachment"": 0.000899795675650239, ""JointAnomaly"": 0.00021897577971685678, ""Normal"": 0.011227769777178764, ""Roots"": 0.00027471737121231854, ""WallDamage"": 0.00010076425678562373}"
440,00414220,val,Normal,3,val/Normal/00414220.png,C:\Users\ASUS\Desktop\YOLOv11\sewerml_cls6_train7200\val\Normal\00414220.png,DepositAttachment,1,0,1,0.9865076541900635,Deformation,0.006193551234900951,WallDamage,0.005677906796336174,0.9803141029551625,0.08489524636110196,0.04738093913781711,0.001577601651661098,0.9984223983483389,0.9984223983483389,352,288,1.222222,440,"[""DepositAttachment"", ""Deformation"", ""WallDamage"", ""Normal"", ""JointAnomaly""]","[0.9865076541900635, 0.006193551234900951, 0.005677906796336174, 0.001577601651661098, 2.207549005106557e-05]","{""Deformation"": 0.006193551234900951, ""DepositAttachment"": 0.9865076541900635, ""JointAnomaly"": 2.207549005106557e-05, ""Normal"": 0.001577601651661098, ""Roots"": 2.120935096172616e-05, ""WallDamage"": 0.005677906796336174}"
155,00160683,val,DepositAttachment,1,val/DepositAttachment/00160683.png,C:\Users\ASUS\Desktop\YOLOv11\sewerml_cls6_train7200\val\DepositAttachment\00160683.png,Deformation,0,0,1,0.9799164533615112,DepositAttachment,0.019431838765740395,Normal,0.000608775531873107,0.9604846145957708,0.10141604004599036,0.056601369652414066,0.000608775531873107,0.9993912244681269,0.9993912244681269,720,576,1.25,155,"[""Deformation"", ""DepositAttachment"", ""Normal"", ""Roots"", ""WallDamage""]","[0.9799164533615112, 0.019431838765740395, 0.000608775531873107, 3.7443620385602117e-05, 3.293727104392019e-06]","{""Deformation"": 0.9799164533615112, ""DepositAttachment"": 0.019431838765740395, ""JointAnomaly"": 2.068814410449704e-06, ""Normal"": 0.000608775531873107, ""Roots"": 3.7443620385602117e-05, ""WallDamage"": 3.293727104392019e-06}"
497,00040134,val,Roots,4,val/Roots/00040134.png,C:\Users\ASUS\Desktop\YOLOv11\sewerml_cls6_train7200\val\Roots\00040134.png,DepositAttachment,1,0,1,0.9794397950172424,JointAnomaly,0.010870522819459438,Roots,0.009477478452026844,0.968569272197783,0.11562107825471879,0.0645293524272719,9.247141133528203e-05,0.9999075285886647,0.9999075285886647,720,576,1.25,497,"[""DepositAttachment"", ""JointAnomaly"", ""Roots"", ""Deformation"", ""Normal""]","[0.9794397950172424, 0.010870522819459438, 0.009477478452026844, 0.00011313259165035561, 9.247141133528203e-05]","{""Deformation"": 0.00011313259165035561, ""DepositAttachment"": 0.9794397950172424, ""JointAnomaly"": 0.010870522819459438, ""Normal"": 9.247141133528203e-05, ""Roots"": 0.009477478452026844, ""WallDamage"": 6.667160505458014e-06}"
175,00318025,val,DepositAttachment,1,val/DepositAttachment/00318025.png,C:\Users\ASUS\Desktop\YOLOv11\sewerml_cls6_train7200\val\DepositAttachment\00318025.png,JointAnomaly,2,0,1,0.9793696999549866,WallDamage,0.018982939422130585,DepositAttachment,0.0008558465051464736,0.960386760532856,0.10773928835416216,0.06013044172752694,0.00012870745558757335,0.9998712925444124,0.9998712925444124,352,288,1.222222,175,"[""JointAnomaly"", ""WallDamage"", ""DepositAttachment"", ""Roots"", ""Normal""]","[0.9793696999549866, 0.018982939422130585, 0.0008558465051464736, 0.0006592515273950994, 0.00012870745558757335]","{""Deformation"": 3.506070015646401e-06, ""DepositAttachment"": 0.0008558465051464736, ""JointAnomaly"": 0.9793696999549866, ""Normal"": 0.00012870745558757335, ""Roots"": 0.0006592515273950994, ""WallDamage"": 0.018982939422130585}"
201,00396366,val,DepositAttachment,1,val/DepositAttachment/00396366.png,C:\Users\ASUS\Desktop\YOLOv11\sewerml_cls6_train7200\val\DepositAttachment\00396366.png,WallDamage,5,0,1,0.97773277759552,JointAnomaly,0.021066272631287575,DepositAttachment,0.000892581301741302,0.9566665049642324,0.11211867580812394,0.06257462440336822,4.506383902480593e-06,0.9999954936160975,0.9999954936160975,352,288,1.222222,201,"[""WallDamage"", ""JointAnomaly"", ""DepositAttachment"", ""Roots"", ""Normal""]","[0.97773277759552, 0.021066272631287575, 0.000892581301741302, 0.0003037939313799143, 4.506383902480593e-06]","{""Deformation"": 3.346641719303989e-08, ""DepositAttachment"": 0.000892581301741302, ""JointAnomaly"": 0.021066272631287575, ""Normal"": 4.506383902480593e-06, ""Roots"": 0.0003037939313799143, ""WallDamage"": 0.97773277759552}"
274,00281719,val,JointAnomaly,2,val/JointAnomaly/00281719.png,C:\Users\ASUS\Desktop\YOLOv11\sewerml_cls6_train7200\val\JointAnomaly\00281719.png,WallDamage,5,0,1,0.9776912927627563,JointAnomaly,0.014157363213598728,DepositAttachment,0.006451122462749481,0.9635339295491576,0.12596847969837124,0.07030434713016605,3.360845585120842e-05,0.9999663915441488,0.9999663915441488,352,288,1.222222,274,"[""WallDamage"", ""JointAnomaly"", ""DepositAttachment"", ""Roots"", ""Normal""]","[0.9776912927627563, 0.014157363213598728, 0.006451122462749481, 0.0016503669321537018, 3.360845585120842e-05]","{""Deformation"": 1.6258809409919195e-05, ""DepositAttachment"": 0.006451122462749481, ""JointAnomaly"": 0.014157363213598728, ""Normal"": 3.360845585120842e-05, ""Roots"": 0.0016503669321537018, ""WallDamage"": 0.9776912927627563}"
629,00285207,val,WallDamage,5,val/WallDamage/00285207.png,C:\Users\ASUS\Desktop\YOLOv11\sewerml_cls6_train7200\val\WallDamage\00285207.png,Deformation,0,0,1,0.9760125279426575,WallDamage,0.023957092314958572,Normal,1.590683496033307e-05,0.9520554356276989,0.11344403366965339,0.06331432070987104,1.590683496033307e-05,0.9999840931650397,0.9999840931650397,480,576,0.833333,629,"[""Deformation"", ""WallDamage"", ""Normal"", ""Roots"", ""DepositAttachment""]","[0.9760125279426575, 0.023957092314958572, 1.590683496033307e-05, 6.916084203112405e-06, 6.451462922996143e-06]","{""Deformation"": 0.9760125279426575, ""DepositAttachment"": 6.451462922996143e-06, ""JointAnomaly"": 1.1628598031165893e-06, ""Normal"": 1.590683496033307e-05, ""Roots"": 6.916084203112405e-06, ""WallDamage"": 0.023957092314958572}"
197,00383542,val,DepositAttachment,1,val/DepositAttachment/00383542.png,C:\Users\ASUS\Desktop\YOLOv11\sewerml_cls6_train7200\val\DepositAttachment\00383542.png,Normal,3,0,1,0.9743742346763611,DepositAttachment,0.012260152027010918,JointAnomaly,0.0061854771338403225,0.9621140826493502,0.1517259163858999,0.08467984625819676,0.9743742346763611,0.025625765323638916,0.025625765323638916,352,288,1.222222,197,"[""Normal"", ""DepositAttachment"", ""JointAnomaly"", ""Roots"", ""Deformation""]","[0.9743742346763611, 0.012260152027010918, 0.0061854771338403225, 0.005215540993958712, 0.001060953945852816]","{""Deformation"": 0.001060953945852816, ""DepositAttachment"": 0.012260152027010918, ""JointAnomaly"": 0.0061854771338403225, ""Normal"": 0.9743742346763611, ""Roots"": 0.005215540993958712, ""WallDamage"": 0.0009035962866619229}"
578,00436015,val,Roots,4,val/Roots/00436015.png,C:\Users\ASUS\Desktop\YOLOv11\sewerml_cls6_train7200\val\Roots\00436015.png,JointAnomaly,2,0,1,0.9735398292541504,Roots,0.022700946778059006,WallDamage,0.0035543576814234257,0.9508388824760914,0.13392003628441157,0.0747421953584587,0.00016791941015981138,0.9998320805898402,0.9998320805898402,352,288,1.222222,578,"[""JointAnomaly"", ""Roots"", ""WallDamage"", ""Normal"", ""DepositAttachment""]","[0.9735398292541504, 0.022700946778059006, 0.0035543576814234257, 0.00016791941015981138, 3.6967328924220055e-05]","{""Deformation"": 8.045996757743978e-09, ""DepositAttachment"": 3.6967328924220055e-05, ""JointAnomaly"": 0.9735398292541504, ""Normal"": 0.00016791941015981138, ""Roots"": 0.022700946778059006, ""WallDamage"": 0.0035543576814234257}"
475,00508667,val,Normal,3,val/Normal/00508667.png,C:\Users\ASUS\Desktop\YOLOv11\sewerml_cls6_train7200\val\Normal\00508667.png,DepositAttachment,1,0,1,0.9711554646492004,JointAnomaly,0.02436169423162937,WallDamage,0.0042747613042593,0.9467937704175711,0.14417674943950137,0.0804665759638023,0.0001380323083139956,0.999861967691686,0.999861967691686,352,288,1.222222,475,"[""DepositAttachment"", ""JointAnomaly"", ""WallDamage"", ""Normal"", ""Roots""]","[0.9711554646492004, 0.02436169423162937, 0.0042747613042593, 0.0001380323083139956, 5.320304990164004e-05]","{""Deformation"": 1.687703661445994e-05, ""DepositAttachment"": 0.9711554646492004, ""JointAnomaly"": 0.02436169423162937, ""Normal"": 0.0001380323083139956, ""Roots"": 5.320304990164004e-05, ""WallDamage"": 0.0042747613042593}"
157,00161427,val,DepositAttachment,1,val/DepositAttachment/00161427.png,C:\Users\ASUS\Desktop\YOLOv11\sewerml_cls6_train7200\val\DepositAttachment\00161427.png,WallDamage,5,0,1,0.9705498814582825,Roots,0.019699852913618088,JointAnomaly,0.007024007849395275,0.9508500285446644,0.15812301036771076,0.08825013238849241,0.00012550292012747377,0.9998744970798725,0.9998744970798725,720,576,1.25,157,"[""WallDamage"", ""Roots"", ""JointAnomaly"", ""DepositAttachment"", ""Normal""]","[0.9705498814582825, 0.019699852913618088, 0.007024007849395275, 0.0025333967059850693, 0.00012550292012747377]","{""Deformation"": 6.725994899170473e-05, ""DepositAttachment"": 0.0025333967059850693, ""JointAnomaly"": 0.007024007849395275, ""Normal"": 0.00012550292012747377, ""Roots"": 0.019699852913618088, ""WallDamage"": 0.9705498814582825}"
190,00361697,val,DepositAttachment,1,val/DepositAttachment/00361697.png,C:\Users\ASUS\Desktop\YOLOv11\sewerml_cls6_train7200\val\DepositAttachment\00361697.png,JointAnomaly,2,0,1,0.9705443382263184,Roots,0.018876653164625168,WallDamage,0.0052923960611224174,0.9516676850616932,0.1627046553737251,0.09080719715343448,0.0037966808304190636,0.9962033191695809,0.9962033191695809,352,288,1.222222,190,"[""JointAnomaly"", ""Roots"", ""WallDamage"", ""Normal"", ""DepositAttachment""]","[0.9705443382263184, 0.018876653164625168, 0.0052923960611224174, 0.0037966808304190636, 0.001459025777876377]","{""Deformation"": 3.094664862146601e-05, ""DepositAttachment"": 0.001459025777876377, ""JointAnomaly"": 0.9705443382263184, ""Normal"": 0.0037966808304190636, ""Roots"": 0.018876653164625168, ""WallDamage"": 0.0052923960611224174}"
547,00330822,val,Roots,4,val/Roots/00330822.png,C:\Users\ASUS\Desktop\YOLOv11\sewerml_cls6_train7200\val\Roots\00330822.png,JointAnomaly,2,0,1,0.9695907235145569,Roots,0.02542167156934738,DepositAttachment,0.00485478900372982,0.9441690519452095,0.15048237506548146,0.08398581263271565,4.706387335318141e-05,0.9999529361266468,0.9999529361266468,352,288,1.222222,547,"[""JointAnomaly"", ""Roots"", ""DepositAttachment"", ""WallDamage"", ""Normal""]","[0.9695907235145569, 0.02542167156934738, 0.00485478900372982, 6.164150545373559e-05, 4.706387335318141e-05]","{""Deformation"": 2.40876051975647e-05, ""DepositAttachment"": 0.00485478900372982, ""JointAnomaly"": 0.9695907235145569, ""Normal"": 4.706387335318141e-05, ""Roots"": 0.02542167156934738, ""WallDamage"": 6.164150545373559e-05}"
552,00362635,val,Roots,4,val/Roots/00362635.png,C:\Users\ASUS\Desktop\YOLOv11\sewerml_cls6_train7200\val\Roots\00362635.png,JointAnomaly,2,0,1,0.9685012698173523,DepositAttachment,0.024002010002732277,Roots,0.006171719636768103,0.94449925981462,0.16126313784558718,0.09000267090262082,0.00017891284369397908,0.999821087156306,0.999821087156306,352,288,1.222222,552,"[""JointAnomaly"", ""DepositAttachment"", ""Roots"", ""WallDamage"", ""Normal""]","[0.9685012698173523, 0.024002010002732277, 0.006171719636768103, 0.0011388706043362617, 0.00017891284369397908]","{""Deformation"": 7.121987437130883e-06, ""DepositAttachment"": 0.024002010002732277, ""JointAnomaly"": 0.9685012698173523, ""Normal"": 0.00017891284369397908, ""Roots"": 0.006171719636768103, ""WallDamage"": 0.0011388706043362617}"
296,00353781,val,JointAnomaly,2,val/JointAnomaly/00353781.png,C:\Users\ASUS\Desktop\YOLOv11\sewerml_cls6_train7200\val\JointAnomaly\00353781.png,DepositAttachment,1,0,1,0.9666441082954407,WallDamage,0.02941007912158966,JointAnomaly,0.003514462150633335,0.937234029173851,0.1597457574381937,0.08915580477273385,6.494690296676708e-06,0.9999935053097033,0.9999935053097033,352,288,1.222222,296,"[""DepositAttachment"", ""WallDamage"", ""JointAnomaly"", ""Roots"", ""Normal""]","[0.9666441082954407, 0.02941007912158966, 0.003514462150633335, 0.0004243542207404971, 6.494690296676708e-06]","{""Deformation"": 5.412719588093751e-07, ""DepositAttachment"": 0.9666441082954407, ""JointAnomaly"": 0.003514462150633335, ""Normal"": 6.494690296676708e-06, ""Roots"": 0.0004243542207404971, ""WallDamage"": 0.02941007912158966}"
447,00439924,val,Normal,3,val/Normal/00439924.png,C:\Users\ASUS\Desktop\YOLOv11\sewerml_cls6_train7200\val\Normal\00439924.png,Roots,4,0,1,0.9662267565727234,JointAnomaly,0.0257162656635046,Normal,0.005331183783710003,0.9405104909092188,0.17280188506153413,0.09644256834092943,0.005331183783710003,0.99466881621629,0.99466881621629,352,288,1.222222,447,"[""Roots"", ""JointAnomaly"", ""Normal"", ""DepositAttachment"", ""WallDamage""]","[0.9662267565727234, 0.0257162656635046, 0.005331183783710003, 0.002106033032760024, 0.0006188717670738697]","{""Deformation"": 8.567685085836274e-07, ""DepositAttachment"": 0.002106033032760024, ""JointAnomaly"": 0.0257162656635046, ""Normal"": 0.005331183783710003, ""Roots"": 0.9662267565727234, ""WallDamage"": 0.0006188717670738697}"
276,00287516,val,JointAnomaly,2,val/JointAnomaly/00287516.png,C:\Users\ASUS\Desktop\YOLOv11\sewerml_cls6_train7200\val\JointAnomaly\00287516.png,Normal,3,0,1,0.9651063680648804,JointAnomaly,0.02022372931241989,Roots,0.00687022041529417,0.9448826387524605,0.19113963647958895,0.10667706227440103,0.9651063680648804,0.03489363193511963,0.03489363193511963,352,288,1.222222,276,"[""Normal"", ""JointAnomaly"", ""Roots"", ""DepositAttachment"", ""WallDamage""]","[0.9651063680648804, 0.02022372931241989, 0.00687022041529417, 0.005748750641942024, 0.0011608449276536703]","{""Deformation"": 0.0008899879176169634, ""DepositAttachment"": 0.005748750641942024, ""JointAnomaly"": 0.02022372931241989, ""Normal"": 0.9651063680648804, ""Roots"": 0.00687022041529417, ""WallDamage"": 0.0011608449276536703}"
576,00434127,val,Roots,4,val/Roots/00434127.png,C:\Users\ASUS\Desktop\YOLOv11\sewerml_cls6_train7200\val\Roots\00434127.png,JointAnomaly,2,0,1,0.9650436043739319,DepositAttachment,0.018195053562521935,WallDamage,0.012853364460170269,0.94684855081141,0.1857184606178607,0.10365144641756738,0.00021759103401564062,0.9997824089659844,0.9997824089659844,352,288,1.222222,576,"[""JointAnomaly"", ""DepositAttachment"", ""WallDamage"", ""Roots"", ""Normal""]","[0.9650436043739319, 0.018195053562521935, 0.012853364460170269, 0.003689619479700923, 0.00021759103401564062]","{""Deformation"": 6.594733577003353e-07, ""DepositAttachment"": 0.018195053562521935, ""JointAnomaly"": 0.9650436043739319, ""Normal"": 0.00021759103401564062, ""Roots"": 0.003689619479700923, ""WallDamage"": 0.012853364460170269}"
472,00498582,val,Normal,3,val/Normal/00498582.png,C:\Users\ASUS\Desktop\YOLOv11\sewerml_cls6_train7200\val\Normal\00498582.png,Deformation,0,0,1,0.9643955826759338,JointAnomaly,0.023852169513702393,Normal,0.011245652101933956,0.9405434131622314,0.17883650291263442,0.09981055269080435,0.011245652101933956,0.988754347898066,0.988754347898066,352,288,1.222222,472,"[""Deformation"", ""JointAnomaly"", ""Normal"", ""DepositAttachment"", ""Roots""]","[0.9643955826759338, 0.023852169513702393, 0.011245652101933956, 0.00030990777304396033, 0.000144197212648578]","{""Deformation"": 0.9643955826759338, ""DepositAttachment"": 0.00030990777304396033, ""JointAnomaly"": 0.023852169513702393, ""Normal"": 0.011245652101933956, ""Roots"": 0.000144197212648578, ""WallDamage"": 5.253137351246551e-05}"
306,00398068,val,JointAnomaly,2,val/JointAnomaly/00398068.png,C:\Users\ASUS\Desktop\YOLOv11\sewerml_cls6_train7200\val\JointAnomaly\00398068.png,WallDamage,5,0,1,0.9547872543334961,JointAnomaly,0.04434020444750786,Roots,0.000669242290314287,0.9104470498859882,0.1890389831670809,0.1055046653379902,0.0001805960782803595,0.9998194039217196,0.9998194039217196,352,288,1.222222,306,"[""WallDamage"", ""JointAnomaly"", ""Roots"", ""Normal"", ""DepositAttachment""]","[0.9547872543334961, 0.04434020444750786, 0.000669242290314287, 0.0001805960782803595, 1.2973004231753293e-05]","{""Deformation"": 9.679429240350146e-06, ""DepositAttachment"": 1.2973004231753293e-05, ""JointAnomaly"": 0.04434020444750786, ""Normal"": 0.0001805960782803595, ""Roots"": 0.000669242290314287, ""WallDamage"": 0.9547872543334961}"
434,00395167,val,Normal,3,val/Normal/00395167.png,C:\Users\ASUS\Desktop\YOLOv11\sewerml_cls6_train7200\val\Normal\00395167.png,WallDamage,5,0,1,0.9531945586204529,JointAnomaly,0.026888011023402214,DepositAttachment,0.01213251892477274,0.9263065475970507,0.2397118275515351,0.1337857182665318,0.0038640915881842375,0.9961359084118158,0.9961359084118158,352,288,1.222222,434,"[""WallDamage"", ""JointAnomaly"", ""DepositAttachment"", ""Roots"", ""Normal""]","[0.9531945586204529, 0.026888011023402214, 0.01213251892477274, 0.003911254927515984, 0.0038640915881842375]","{""Deformation"": 9.566171684127767e-06, ""DepositAttachment"": 0.01213251892477274, ""JointAnomaly"": 0.026888011023402214, ""Normal"": 0.0038640915881842375, ""Roots"": 0.003911254927515984, ""WallDamage"": 0.9531945586204529}"
610,00024387,val,WallDamage,5,val/WallDamage/00024387.png,C:\Users\ASUS\Desktop\YOLOv11\sewerml_cls6_train7200\val\WallDamage\00024387.png,DepositAttachment,1,0,1,0.9524746537208557,Deformation,0.04498375207185745,WallDamage,0.0021615936420857906,0.9074909016489983,0.20249867972931634,0.1130166650195291,0.000101814694062341,0.9998981853059377,0.9998981853059377,720,576,1.25,610,"[""DepositAttachment"", ""Deformation"", ""WallDamage"", ""Roots"", ""Normal""]","[0.9524746537208557, 0.04498375207185745, 0.0021615936420857906, 0.00023026781855151057, 0.000101814694062341]","{""Deformation"": 0.04498375207185745, ""DepositAttachment"": 0.9524746537208557, ""JointAnomaly"": 4.782378164236434e-05, ""Normal"": 0.000101814694062341, ""Roots"": 0.00023026781855151057, ""WallDamage"": 0.0021615936420857906}"
230,00476768,val,DepositAttachment,1,val/DepositAttachment/00476768.png,C:\Users\ASUS\Desktop\YOLOv11\sewerml_cls6_train7200\val\DepositAttachment\00476768.png,JointAnomaly,2,0,1,0.952008843421936,Roots,0.04640736058354378,DepositAttachment,0.0015836766688153148,0.9056014828383923,0.1995168049396686,0.11135244901238144,1.9542025775365346e-09,0.9999999980457974,0.9999999980457974,720,576,1.25,230,"[""JointAnomaly"", ""Roots"", ""DepositAttachment"", ""WallDamage"", ""Deformation""]","[0.952008843421936, 0.04640736058354378, 0.0015836766688153148, 3.772310464000839e-09, 2.1276325146146746e-09]","{""Deformation"": 2.1276325146146746e-09, ""DepositAttachment"": 0.0015836766688153148, ""JointAnomaly"": 0.952008843421936, ""Normal"": 1.9542025775365346e-09, ""Roots"": 0.04640736058354378, ""WallDamage"": 3.772310464000839e-09}"
616,00149318,val,WallDamage,5,val/WallDamage/00149318.png,C:\Users\ASUS\Desktop\YOLOv11\sewerml_cls6_train7200\val\WallDamage\00149318.png,JointAnomaly,2,0,1,0.9470490217208862,WallDamage,0.03176642954349518,Roots,0.020211391150951385,0.915282592177391,0.2471089243810064,0.13791411661268826,0.0001336207933491096,0.9998663792066509,0.9998663792066509,720,576,1.25,616,"[""JointAnomaly"", ""WallDamage"", ""Roots"", ""DepositAttachment"", ""Normal""]","[0.9470490217208862, 0.03176642954349518, 0.020211391150951385, 0.0008368353010155261, 0.0001336207933491096]","{""Deformation"": 2.7561206934478832e-06, ""DepositAttachment"": 0.0008368353010155261, ""JointAnomaly"": 0.9470490217208862, ""Normal"": 0.0001336207933491096, ""Roots"": 0.020211391150951385, ""WallDamage"": 0.03176642954349518}"
375,00155501,val,Normal,3,val/Normal/00155501.png,C:\Users\ASUS\Desktop\YOLOv11\sewerml_cls6_train7200\val\Normal\00155501.png,Roots,4,0,0,0.9444345235824585,JointAnomaly,0.02032371424138546,Deformation,0.01920928806066513,0.924110809341073,0.2924230585338054,0.16320441641633418,0.0035294638946652412,0.9964705361053348,0.9964705361053348,720,576,1.25,375,"[""Roots"", ""JointAnomaly"", ""Deformation"", ""DepositAttachment"", ""WallDamage""]","[0.9444345235824585, 0.02032371424138546, 0.01920928806066513, 0.006827424746006727, 0.005675557069480419]","{""Deformation"": 0.01920928806066513, ""DepositAttachment"": 0.006827424746006727, ""JointAnomaly"": 0.02032371424138546, ""Normal"": 0.0035294638946652412, ""Roots"": 0.9444345235824585, ""WallDamage"": 0.005675557069480419}"
674,00417075,val,WallDamage,5,val/WallDamage/00417075.png,C:\Users\ASUS\Desktop\YOLOv11\sewerml_cls6_train7200\val\WallDamage\00417075.png,JointAnomaly,2,0,1,0.9434193968772888,DepositAttachment,0.02691873162984848,WallDamage,0.013828414492309093,0.9165006652474403,0.284421752794547,0.1587388026569686,0.0006683038081973791,0.9993316961918026,0.9993316961918026,352,288,1.222222,674,"[""JointAnomaly"", ""DepositAttachment"", ""WallDamage"", ""Roots"", ""Deformation""]","[0.9434193968772888, 0.02691873162984848, 0.013828414492309093, 0.013814732432365417, 0.0013504537055268884]","{""Deformation"": 0.0013504537055268884, ""DepositAttachment"": 0.02691873162984848, ""JointAnomaly"": 0.9434193968772888, ""Normal"": 0.0006683038081973791, ""Roots"": 0.013814732432365417, ""WallDamage"": 0.013828414492309093}"
494,00033057,val,Roots,4,val/Roots/00033057.png,C:\Users\ASUS\Desktop\YOLOv11\sewerml_cls6_train7200\val\Roots\00033057.png,DepositAttachment,1,0,1,0.9387568235397339,Deformation,0.053015172481536865,Roots,0.007900865748524666,0.885741651058197,0.2560609976679461,0.14291036384379485,2.4890950953704305e-05,0.9999751090490463,0.9999751090490463,720,576,1.25,494,"[""DepositAttachment"", ""Deformation"", ""Roots"", ""JointAnomaly"", ""Normal""]","[0.9387568235397339, 0.053015172481536865, 0.007900865748524666, 0.0002878708182834089, 2.4890950953704305e-05]","{""Deformation"": 0.053015172481536865, ""DepositAttachment"": 0.9387568235397339, ""JointAnomaly"": 0.0002878708182834089, ""Normal"": 2.4890950953704305e-05, ""Roots"": 0.007900865748524666, ""WallDamage"": 1.4394378922588658e-05}"
311,00421566,val,JointAnomaly,2,val/JointAnomaly/00421566.png,C:\Users\ASUS\Desktop\YOLOv11\sewerml_cls6_train7200\val\JointAnomaly\00421566.png,DepositAttachment,1,0,1,0.9385517835617065,JointAnomaly,0.04215988144278526,WallDamage,0.01034702081233263,0.8963919021189213,0.29140664841637975,0.16263714712886473,0.004891590215265751,0.9951084097847342,0.9951084097847342,352,288,1.222222,311,"[""DepositAttachment"", ""JointAnomaly"", ""WallDamage"", ""Normal"", ""Roots""]","[0.9385517835617065, 0.04215988144278526, 0.01034702081233263, 0.004891590215265751, 0.0023179673589766026]","{""Deformation"": 0.001731746830046177, ""DepositAttachment"": 0.9385517835617065, ""JointAnomaly"": 0.04215988144278526, ""Normal"": 0.004891590215265751, ""Roots"": 0.0023179673589766026, ""WallDamage"": 0.01034702081233263}"
195,00383415,val,DepositAttachment,1,val/DepositAttachment/00383415.png,C:\Users\ASUS\Desktop\YOLOv11\sewerml_cls6_train7200\val\DepositAttachment\00383415.png,JointAnomaly,2,0,1,0.938227117061615,DepositAttachment,0.048484575003385544,WallDamage,0.009041080251336098,0.8897425420582294,0.27321278003103133,0.152482955844927,0.00020510047033894807,0.999794899529661,0.999794899529661,352,288,1.222222,195,"[""JointAnomaly"", ""DepositAttachment"", ""WallDamage"", ""Roots"", ""Normal""]","[0.938227117061615, 0.048484575003385544, 0.009041080251336098, 0.004029609262943268, 0.00020510047033894807]","{""Deformation"": 1.2480237273848616e-05, ""DepositAttachment"": 0.048484575003385544, ""JointAnomaly"": 0.938227117061615, ""Normal"": 0.00020510047033894807, ""Roots"": 0.004029609262943268, ""WallDamage"": 0.009041080251336098}"
50,00169399,val,Deformation,0,val/Deformation/00169399.png,C:\Users\ASUS\Desktop\YOLOv11\sewerml_cls6_train7200\val\Deformation\00169399.png,Normal,3,0,1,0.9375162124633789,DepositAttachment,0.05029094219207764,Deformation,0.01176379807293415,0.8872252702713013,0.266557001497041,0.1487682951171353,0.9375162124633789,0.062483787536621094,0.062483787536621094,720,576,1.25,50,"[""Normal"", ""DepositAttachment"", ""Deformation"", ""WallDamage"", ""JointAnomaly""]","[0.9375162124633789, 0.05029094219207764, 0.01176379807293415, 0.00040085078217089176, 2.6332572815590538e-05]","{""Deformation"": 0.01176379807293415, ""DepositAttachment"": 0.05029094219207764, ""JointAnomaly"": 2.6332572815590538e-05, ""Normal"": 0.9375162124633789, ""Roots"": 1.8515997908252757e-06, ""WallDamage"": 0.00040085078217089176}"
177,00323612,val,DepositAttachment,1,val/DepositAttachment/00323612.png,C:\Users\ASUS\Desktop\YOLOv11\sewerml_cls6_train7200\val\DepositAttachment\00323612.png,Deformation,0,0,1,0.9368259906768799,Normal,0.044643137603998184,DepositAttachment,0.010357403196394444,0.8921828530728817,0.29006925153875535,0.1618907317195461,0.044643137603998184,0.9553568623960018,0.9553568623960018,480,576,0.833333,177,"[""Deformation"", ""Normal"", ""DepositAttachment"", ""WallDamage"", ""Roots""]","[0.9368259906768799, 0.044643137603998184, 0.010357403196394444, 0.007162040565162897, 0.0008440162055194378]","{""Deformation"": 0.9368259906768799, ""DepositAttachment"": 0.010357403196394444, ""JointAnomaly"": 0.00016743753803893924, ""Normal"": 0.044643137603998184, ""Roots"": 0.0008440162055194378, ""WallDamage"": 0.007162040565162897}"
594,00501781,val,Roots,4,val/Roots/00501781.png,C:\Users\ASUS\Desktop\YOLOv11\sewerml_cls6_train7200\val\Roots\00501781.png,JointAnomaly,2,0,1,0.9364138841629028,Roots,0.06127745658159256,WallDamage,0.0021911344956606627,0.8751364275813103,0.24719018778043264,0.13795947057945773,3.860736978822388e-05,0.9999613926302118,0.9999613926302118,352,288,1.222222,594,"[""JointAnomaly"", ""Roots"", ""WallDamage"", ""DepositAttachment"", ""Normal""]","[0.9364138841629028, 0.06127745658159256, 0.0021911344956606627, 7.724908937234432e-05, 3.860736978822388e-05]","{""Deformation"": 1.6060159850894706e-06, ""DepositAttachment"": 7.724908937234432e-05, ""JointAnomaly"": 0.9364138841629028, ""Normal"": 3.860736978822388e-05, ""Roots"": 0.06127745658159256, ""WallDamage"": 0.0021911344956606627}"
673,00417046,val,WallDamage,5,val/WallDamage/00417046.png,C:\Users\ASUS\Desktop\YOLOv11\sewerml_cls6_train7200\val\WallDamage\00417046.png,DepositAttachment,1,0,1,0.9343498349189758,JointAnomaly,0.035248052328825,Roots,0.021145334467291832,0.8991017825901508,0.31157078003477406,0.1738909632602686,0.00698765367269516,0.9930123463273048,0.9930123463273048,352,288,1.222222,673,"[""DepositAttachment"", ""JointAnomaly"", ""Roots"", ""Normal"", ""WallDamage""]","[0.9343498349189758, 0.035248052328825, 0.021145334467291832, 0.00698765367269516, 0.002237766282632947]","{""Deformation"": 3.1283547286875546e-05, ""DepositAttachment"": 0.9343498349189758, ""JointAnomaly"": 0.035248052328825, ""Normal"": 0.00698765367269516, ""Roots"": 0.021145334467291832, ""WallDamage"": 0.002237766282632947}"
263,00140251,val,JointAnomaly,2,val/JointAnomaly/00140251.png,C:\Users\ASUS\Desktop\YOLOv11\sewerml_cls6_train7200\val\JointAnomaly\00140251.png,DepositAttachment,1,0,1,0.9333978295326233,Deformation,0.06524094939231873,Normal,0.0009253910393454134,0.8681568801403046,0.25227634057409426,0.14079810650186358,0.0009253910393454134,0.9990746089606546,0.9990746089606546,720,576,1.25,263,"[""DepositAttachment"", ""Deformation"", ""Normal"", ""JointAnomaly"", ""Roots""]","[0.9333978295326233, 0.06524094939231873, 0.0009253910393454134, 0.00043227922287769616, 3.460437483226997e-06]","{""Deformation"": 0.06524094939231873, ""DepositAttachment"": 0.9333978295326233, ""JointAnomaly"": 0.00043227922287769616, ""Normal"": 0.0009253910393454134, ""Roots"": 3.460437483226997e-06, ""WallDamage"": 3.797521230808343e-08}"
401,00326802,val,Normal,3,val/Normal/00326802.png,C:\Users\ASUS\Desktop\YOLOv11\sewerml_cls6_train7200\val\Normal\00326802.png,WallDamage,5,0,1,0.9309970140457153,JointAnomaly,0.0428512804210186,Roots,0.022137204185128212,0.8881457336246967,0.30878667147306355,0.17233712268650564,0.0038491992745548487,0.9961508007254452,0.9961508007254452,352,288,1.222222,401,"[""WallDamage"", ""JointAnomaly"", ""Roots"", ""Normal"", ""DepositAttachment""]","[0.9309970140457153, 0.0428512804210186, 0.022137204185128212, 0.0038491992745548487, 0.00015248346608132124]","{""Deformation"": 1.276074726774823e-05, ""DepositAttachment"": 0.00015248346608132124, ""JointAnomaly"": 0.0428512804210186, ""Normal"": 0.0038491992745548487, ""Roots"": 0.022137204185128212, ""WallDamage"": 0.9309970140457153}"
482,00005720,val,Roots,4,val/Roots/00005720.png,C:\Users\ASUS\Desktop\YOLOv11\sewerml_cls6_train7200\val\Roots\00005720.png,JointAnomaly,2,0,1,0.9263121485710144,Roots,0.06867576390504837,DepositAttachment,0.002469437662512064,0.857636384665966,0.28563895059548056,0.15941813368428442,0.00014446447312366217,0.9998555355268763,0.9998555355268763,720,576,1.25,482,"[""JointAnomaly"", ""Roots"", ""DepositAttachment"", ""WallDamage"", ""Normal""]","[0.9263121485710144, 0.06867576390504837, 0.002469437662512064, 0.0023526488803327084, 0.00014446447312366217]","{""Deformation"": 4.549796358332969e-05, ""DepositAttachment"": 0.002469437662512064, ""JointAnomaly"": 0.9263121485710144, ""Normal"": 0.00014446447312366217, ""Roots"": 0.06867576390504837, ""WallDamage"": 0.0023526488803327084}"
431,00390345,val,Normal,3,val/Normal/00390345.png,C:\Users\ASUS\Desktop\YOLOv11\sewerml_cls6_train7200\val\Normal\00390345.png,Deformation,0,0,1,0.9261703491210938,Normal,0.06693510711193085,WallDamage,0.003744823858141899,0.8592352420091629,0.29301435018980637,0.1635344225729394,0.06693510711193085,0.9330648928880692,0.9330648928880692,352,288,1.222222,431,"[""Deformation"", ""Normal"", ""WallDamage"", ""DepositAttachment"", ""Roots""]","[0.9261703491210938, 0.06693510711193085, 0.003744823858141899, 0.002421051962301135, 0.0006659274804405868]","{""Deformation"": 0.9261703491210938, ""DepositAttachment"": 0.002421051962301135, ""JointAnomaly"": 6.275290797930211e-05, ""Normal"": 0.06693510711193085, ""Roots"": 0.0006659274804405868, ""WallDamage"": 0.003744823858141899}"
717,00505308,val,WallDamage,5,val/WallDamage/00505308.png,C:\Users\ASUS\Desktop\YOLOv11\sewerml_cls6_train7200\val\WallDamage\00505308.png,DepositAttachment,1,0,1,0.9256585240364075,WallDamage,0.06818576157093048,JointAnomaly,0.00387986795976758,0.857472762465477,0.2915894751758652,0.16273918468615148,0.0010766151826828718,0.9989233848173171,0.9989233848173171,352,288,1.222222,717,"[""DepositAttachment"", ""WallDamage"", ""JointAnomaly"", ""Roots"", ""Normal""]","[0.9256585240364075, 0.06818576157093048, 0.00387986795976758, 0.0011986515019088984, 0.0010766151826828718]","{""Deformation"": 4.893835807706637e-07, ""DepositAttachment"": 0.9256585240364075, ""JointAnomaly"": 0.00387986795976758, ""Normal"": 0.0010766151826828718, ""Roots"": 0.0011986515019088984, ""WallDamage"": 0.06818576157093048}"
575,00433487,val,Roots,4,val/Roots/00433487.png,C:\Users\ASUS\Desktop\YOLOv11\sewerml_cls6_train7200\val\Roots\00433487.png,JointAnomaly,2,0,1,0.9229609966278076,Roots,0.06419748812913895,WallDamage,0.009825392626225948,0.8587635084986687,0.31561694697957665,0.17614917202896332,0.0012325466377660632,0.9987674533622339,0.9987674533622339,352,288,1.222222,575,"[""JointAnomaly"", ""Roots"", ""WallDamage"", ""DepositAttachment"", ""Normal""]","[0.9229609966278076, 0.06419748812913895, 0.009825392626225948, 0.0016832879045978189, 0.0012325466377660632]","{""Deformation"": 0.00010030729754362255, ""DepositAttachment"": 0.0016832879045978189, ""JointAnomaly"": 0.9229609966278076, ""Normal"": 0.0012325466377660632, ""Roots"": 0.06419748812913895, ""WallDamage"": 0.009825392626225948}"
180,00329491,val,DepositAttachment,1,val/DepositAttachment/00329491.png,C:\Users\ASUS\Desktop\YOLOv11\sewerml_cls6_train7200\val\DepositAttachment\00329491.png,JointAnomaly,2,0,1,0.9216620922088623,DepositAttachment,0.06896405667066574,WallDamage,0.00876782089471817,0.8526980355381966,0.305659362248084,0.1705917381755328,3.124656018371752e-07,0.9999996875343982,0.9999996875343982,352,288,1.222222,180,"[""JointAnomaly"", ""DepositAttachment"", ""WallDamage"", ""Deformation"", ""Roots""]","[0.9216620922088623, 0.06896405667066574, 0.00876782089471817, 0.0006006871117278934, 5.015208444092423e-06]","{""Deformation"": 0.0006006871117278934, ""DepositAttachment"": 0.06896405667066574, ""JointAnomaly"": 0.9216620922088623, ""Normal"": 3.124656018371752e-07, ""Roots"": 5.015208444092423e-06, ""WallDamage"": 0.00876782089471817}"
200,00393409,val,DepositAttachment,1,val/DepositAttachment/00393409.png,C:\Users\ASUS\Desktop\YOLOv11\sewerml_cls6_train7200\val\DepositAttachment\00393409.png,Normal,3,0,1,0.9199426174163818,Roots,0.05456574633717537,JointAnomaly,0.015532265417277813,0.8653768710792065,0.3503643794963347,0.19554208336193832,0.9199426174163818,0.08005738258361816,0.08005738258361816,352,288,1.222222,200,"[""Normal"", ""Roots"", ""JointAnomaly"", ""DepositAttachment"", ""Deformation""]","[0.9199426174163818, 0.05456574633717537, 0.015532265417277813, 0.00873527955263853, 0.0009896475821733475]","{""Deformation"": 0.0009896475821733475, ""DepositAttachment"": 0.00873527955263853, ""JointAnomaly"": 0.015532265417277813, ""Normal"": 0.9199426174163818, ""Roots"": 0.05456574633717537, ""WallDamage"": 0.0002345054963370785}"
430,00389803,val,Normal,3,val/Normal/00389803.png,C:\Users\ASUS\Desktop\YOLOv11\sewerml_cls6_train7200\val\Normal\00389803.png,Deformation,0,0,1,0.9183064103126526,Normal,0.052392877638339996,DepositAttachment,0.025395821779966354,0.8659135326743126,0.34838598702354423,0.19443792149938496,0.052392877638339996,0.94760712236166,0.94760712236166,352,288,1.222222,430,"[""Deformation"", ""Normal"", ""DepositAttachment"", ""JointAnomaly"", ""WallDamage""]","[0.9183064103126526, 0.052392877638339996, 0.025395821779966354, 0.0037424652837216854, 0.0001616600638953969]","{""Deformation"": 0.9183064103126526, ""DepositAttachment"": 0.025395821779966354, ""JointAnomaly"": 0.0037424652837216854, ""Normal"": 0.052392877638339996, ""Roots"": 7.733968345746689e-07, ""WallDamage"": 0.0001616600638953969}"
624,00167290,val,WallDamage,5,val/WallDamage/00167290.png,C:\Users\ASUS\Desktop\YOLOv11\sewerml_cls6_train7200\val\WallDamage\00167290.png,Roots,4,0,1,0.9168052673339844,JointAnomaly,0.05361943319439888,DepositAttachment,0.024704618379473686,0.8631858341395855,0.35458043289500774,0.19789510756584525,0.00011009891022695228,0.999889901089773,0.999889901089773,720,576,1.25,624,"[""Roots"", ""JointAnomaly"", ""DepositAttachment"", ""WallDamage"", ""Normal""]","[0.9168052673339844, 0.05361943319439888, 0.024704618379473686, 0.00473115174099803, 0.00011009891022695228]","{""Deformation"": 2.9360086045926437e-05, ""DepositAttachment"": 0.024704618379473686, ""JointAnomaly"": 0.05361943319439888, ""Normal"": 0.00011009891022695228, ""Roots"": 0.9168052673339844, ""WallDamage"": 0.00473115174099803}"
339,00470841,val,JointAnomaly,2,val/JointAnomaly/00470841.png,C:\Users\ASUS\Desktop\YOLOv11\sewerml_cls6_train7200\val\JointAnomaly\00470841.png,Roots,4,0,1,0.9144983291625977,JointAnomaly,0.07564558833837509,WallDamage,0.00957898423075676,0.8388527408242226,0.3239505498861819,0.18080024436859807,3.285064667579718e-05,0.9999671493533242,0.9999671493533242,352,288,1.222222,339,"[""Roots"", ""JointAnomaly"", ""WallDamage"", ""DepositAttachment"", ""Normal""]","[0.9144983291625977, 0.07564558833837509, 0.00957898423075676, 0.00023954518837854266, 3.285064667579718e-05]","{""Deformation"": 4.734597496280912e-06, ""DepositAttachment"": 0.00023954518837854266, ""JointAnomaly"": 0.07564558833837509, ""Normal"": 3.285064667579718e-05, ""Roots"": 0.9144983291625977, ""WallDamage"": 0.00957898423075676}"
266,00150728,val,JointAnomaly,2,val/JointAnomaly/00150728.png,C:\Users\ASUS\Desktop\YOLOv11\sewerml_cls6_train7200\val\JointAnomaly\00150728.png,DepositAttachment,1,0,1,0.9083119630813599,WallDamage,0.07597257196903229,Normal,0.00587924150750041,0.8323393911123276,0.36570965989561915,0.20410644742018755,0.00587924150750041,0.9941207584924996,0.9941207584924996,720,576,1.25,266,"[""DepositAttachment"", ""WallDamage"", ""Normal"", ""JointAnomaly"", ""Roots""]","[0.9083119630813599, 0.07597257196903229, 0.00587924150750041, 0.005523315165191889, 0.004288855940103531]","{""Deformation"": 2.4006571038626134e-05, ""DepositAttachment"": 0.9083119630813599, ""JointAnomaly"": 0.005523315165191889, ""Normal"": 0.00587924150750041, ""Roots"": 0.004288855940103531, ""WallDamage"": 0.07597257196903229}"
543,00321928,val,Roots,4,val/Roots/00321928.png,C:\Users\ASUS\Desktop\YOLOv11\sewerml_cls6_train7200\val\Roots\00321928.png,JointAnomaly,2,0,1,0.9082977175712585,Roots,0.0844060480594635,Normal,0.004459051880985498,0.823891669511795,0.337980457890586,0.1886304851153924,0.004459051880985498,0.9955409481190145,0.9955409481190145,352,288,1.222222,543,"[""JointAnomaly"", ""Roots"", ""Normal"", ""WallDamage"", ""DepositAttachment""]","[0.9082977175712585, 0.0844060480594635, 0.004459051880985498, 0.002427200321108103, 0.0004089514841325581]","{""Deformation"": 1.1064046248066006e-06, ""DepositAttachment"": 0.0004089514841325581, ""JointAnomaly"": 0.9082977175712585, ""Normal"": 0.004459051880985498, ""Roots"": 0.0844060480594635, ""WallDamage"": 0.002427200321108103}"
600,00000369,val,WallDamage,5,val/WallDamage/00000369.png,C:\Users\ASUS\Desktop\YOLOv11\sewerml_cls6_train7200\val\WallDamage\00000369.png,Roots,4,0,1,0.9082829356193542,WallDamage,0.05472661927342415,DepositAttachment,0.024164240807294846,0.8535563163459301,0.3963331569428394,0.2211977465444019,0.0012117901351302862,0.9987882098648697,0.9987882098648697,352,288,1.222222,600,"[""Roots"", ""WallDamage"", ""DepositAttachment"", ""JointAnomaly"", ""Normal""]","[0.9082829356193542, 0.05472661927342415, 0.024164240807294846, 0.011600404046475887, 0.0012117901351302862]","{""Deformation"": 1.3921307072450873e-05, ""DepositAttachment"": 0.024164240807294846, ""JointAnomaly"": 0.011600404046475887, ""Normal"": 0.0012117901351302862, ""Roots"": 0.9082829356193542, ""WallDamage"": 0.05472661927342415}"
595,00502225,val,Roots,4,val/Roots/00502225.png,C:\Users\ASUS\Desktop\YOLOv11\sewerml_cls6_train7200\val\Roots\00502225.png,JointAnomaly,2,0,1,0.9081252217292786,Roots,0.08794388175010681,WallDamage,0.0027047009207308292,0.8201813399791718,0.3261398555080023,0.1820221191009044,6.104444764787331e-05,0.9999389555523521,0.9999389555523521,352,288,1.222222,595,"[""JointAnomaly"", ""Roots"", ""WallDamage"", ""DepositAttachment"", ""Deformation""]","[0.9081252217292786, 0.08794388175010681, 0.0027047009207308292, 0.0010525764664635062, 0.00011250278475927189]","{""Deformation"": 0.00011250278475927189, ""DepositAttachment"": 0.0010525764664635062, ""JointAnomaly"": 0.9081252217292786, ""Normal"": 6.104444764787331e-05, ""Roots"": 0.08794388175010681, ""WallDamage"": 0.0027047009207308292}"
52,00282390,val,Deformation,0,val/Deformation/00282390.png,C:\Users\ASUS\Desktop\YOLOv11\sewerml_cls6_train7200\val\Deformation\00282390.png,WallDamage,5,0,0,0.9070551991462708,DepositAttachment,0.09221943467855453,JointAnomaly,0.0002908497699536383,0.8148357644677162,0.3144138309543727,0.17547770019032288,0.00021825957810506225,0.9997817404218949,0.9997817404218949,352,288,1.222222,52,"[""WallDamage"", ""DepositAttachment"", ""JointAnomaly"", ""Normal"", ""Roots""]","[0.9070551991462708, 0.09221943467855453, 0.0002908497699536383, 0.00021825957810506225, 0.00018802148406393826]","{""Deformation"": 2.8131807994213887e-05, ""DepositAttachment"": 0.09221943467855453, ""JointAnomaly"": 0.0002908497699536383, ""Normal"": 0.00021825957810506225, ""Roots"": 0.00018802148406393826, ""WallDamage"": 0.9070551991462708}"
215,00426326,val,DepositAttachment,1,val/DepositAttachment/00426326.png,C:\Users\ASUS\Desktop\YOLOv11\sewerml_cls6_train7200\val\DepositAttachment\00426326.png,JointAnomaly,2,0,1,0.9065659642219543,Roots,0.06674478948116302,WallDamage,0.025153644382953644,0.8398211747407913,0.37256033729818405,0.2079298832776335,0.00010000004840549082,0.9998999999515945,0.9998999999515945,352,288,1.222222,215,"[""JointAnomaly"", ""Roots"", ""WallDamage"", ""DepositAttachment"", ""Normal""]","[0.9065659642219543, 0.06674478948116302, 0.025153644382953644, 0.0014341500354930758, 0.00010000004840549082]","{""Deformation"": 1.3736519122176105e-06, ""DepositAttachment"": 0.0014341500354930758, ""JointAnomaly"": 0.9065659642219543, ""Normal"": 0.00010000004840549082, ""Roots"": 0.06674478948116302, ""WallDamage"": 0.025153644382953644}"
305,00398058,val,JointAnomaly,2,val/JointAnomaly/00398058.png,C:\Users\ASUS\Desktop\YOLOv11\sewerml_cls6_train7200\val\JointAnomaly\00398058.png,WallDamage,5,0,1,0.9058430790901184,JointAnomaly,0.0817592665553093,DepositAttachment,0.00976633932441473,0.8240838125348091,0.35628497825420796,0.1988464324442535,0.0022804297041147947,0.9977195702958852,0.9977195702958852,352,288,1.222222,305,"[""WallDamage"", ""JointAnomaly"", ""DepositAttachment"", ""Normal"", ""Roots""]","[0.9058430790901184, 0.0817592665553093, 0.00976633932441473, 0.0022804297041147947, 0.00031622484675608575]","{""Deformation"": 3.4649070585146546e-05, ""DepositAttachment"": 0.00976633932441473, ""JointAnomaly"": 0.0817592665553093, ""Normal"": 0.0022804297041147947, ""Roots"": 0.00031622484675608575, ""WallDamage"": 0.9058430790901184}"
587,00464441,val,Roots,4,val/Roots/00464441.png,C:\Users\ASUS\Desktop\YOLOv11\sewerml_cls6_train7200\val\Roots\00464441.png,DepositAttachment,1,0,1,0.9049431681632996,WallDamage,0.06930292397737503,JointAnomaly,0.023524194955825806,0.8356402441859245,0.3786273464912828,0.21131594557968605,0.0005372976302169263,0.9994627023697831,0.9994627023697831,352,288,1.222222,587,"[""DepositAttachment"", ""WallDamage"", ""JointAnomaly"", ""Roots"", ""Normal""]","[0.9049431681632996, 0.06930292397737503, 0.023524194955825806, 0.0016504067461937666, 0.0005372976302169263]","{""Deformation"": 4.190506297163665e-05, ""DepositAttachment"": 0.9049431681632996, ""JointAnomaly"": 0.023524194955825806, ""Normal"": 0.0005372976302169263, ""Roots"": 0.0016504067461937666, ""WallDamage"": 0.06930292397737503}"
505,00144326,val,Roots,4,val/Roots/00144326.png,C:\Users\ASUS\Desktop\YOLOv11\sewerml_cls6_train7200\val\Roots\00144326.png,JointAnomaly,2,0,1,0.9034662246704102,DepositAttachment,0.047845713794231415,Roots,0.039975881576538086,0.8556205108761787,0.4128984189287312,0.23044299529033355,0.000369102752301842,0.9996308972476982,0.9996308972476982,720,576,1.25,505,"[""JointAnomaly"", ""DepositAttachment"", ""Roots"", ""Deformation"", ""WallDamage""]","[0.9034662246704102, 0.047845713794231415, 0.039975881576538086, 0.006663841661065817, 0.0016792725073173642]","{""Deformation"": 0.006663841661065817, ""DepositAttachment"": 0.047845713794231415, ""JointAnomaly"": 0.9034662246704102, ""Normal"": 0.000369102752301842, ""Roots"": 0.039975881576538086, ""WallDamage"": 0.0016792725073173642}"
686,00453410,val,WallDamage,5,val/WallDamage/00453410.png,C:\Users\ASUS\Desktop\YOLOv11\sewerml_cls6_train7200\val\WallDamage\00453410.png,JointAnomaly,2,0,1,0.9003753662109375,WallDamage,0.09185785055160522,DepositAttachment,0.005489138420671225,0.8085175156593323,0.35638980704599,0.1989049385069156,1.2965637097295257e-06,0.9999987034362903,0.9999987034362903,352,288,1.222222,686,"[""JointAnomaly"", ""WallDamage"", ""DepositAttachment"", ""Roots"", ""Deformation""]","[0.9003753662109375, 0.09185785055160522, 0.005489138420671225, 0.002248810837045312, 2.7541193048818968e-05]","{""Deformation"": 2.7541193048818968e-05, ""DepositAttachment"": 0.005489138420671225, ""JointAnomaly"": 0.9003753662109375, ""Normal"": 1.2965637097295257e-06, ""Roots"": 0.002248810837045312, ""WallDamage"": 0.09185785055160522}"
134,00141003,val,DepositAttachment,1,val/DepositAttachment/00141003.png,C:\Users\ASUS\Desktop\YOLOv11\sewerml_cls6_train7200\val\DepositAttachment\00141003.png,Normal,3,0,1,0.8930848240852356,DepositAttachment,0.08357110619544983,Deformation,0.023314576596021652,0.8095137178897858,0.39638035003562333,0.22122408551098444,0.8930848240852356,0.1069151759147644,0.1069151759147644,720,576,1.25,134,"[""Normal"", ""DepositAttachment"", ""Deformation"", ""WallDamage"", ""Roots""]","[0.8930848240852356, 0.08357110619544983, 0.023314576596021652, 1.5618563338648528e-05, 1.0509605090192053e-05]","{""Deformation"": 0.023314576596021652, ""DepositAttachment"": 0.08357110619544983, ""JointAnomaly"": 3.3617955068621086e-06, ""Normal"": 0.8930848240852356, ""Roots"": 1.0509605090192053e-05, ""WallDamage"": 1.5618563338648528e-05}"
319,00428836,val,JointAnomaly,2,val/JointAnomaly/00428836.png,C:\Users\ASUS\Desktop\YOLOv11\sewerml_cls6_train7200\val\JointAnomaly\00428836.png,Roots,4,0,1,0.8886440396308899,JointAnomaly,0.10932733863592148,DepositAttachment,0.0009827075991779566,0.7793167009949684,0.36156746191960903,0.20179464271249722,0.0003797581885010004,0.999620241811499,0.999620241811499,352,288,1.222222,319,"[""Roots"", ""JointAnomaly"", ""DepositAttachment"", ""WallDamage"", ""Normal""]","[0.8886440396308899, 0.10932733863592148, 0.0009827075991779566, 0.0006661411607638001, 0.0003797581885010004]","{""Deformation"": 4.66235476892507e-08, ""DepositAttachment"": 0.0009827075991779566, ""JointAnomaly"": 0.10932733863592148, ""Normal"": 0.0003797581885010004, ""Roots"": 0.8886440396308899, ""WallDamage"": 0.0006661411607638001}"
651,00354515,val,WallDamage,5,val/WallDamage/00354515.png,C:\Users\ASUS\Desktop\YOLOv11\sewerml_cls6_train7200\val\WallDamage\00354515.png,JointAnomaly,2,0,1,0.8879590034484863,WallDamage,0.07446575909852982,Normal,0.0370776504278183,0.8134932443499565,0.4252279680985077,0.23732424770257193,0.0370776504278183,0.9629223495721817,0.9629223495721817,352,288,1.222222,651,"[""JointAnomaly"", ""WallDamage"", ""Normal"", ""DepositAttachment"", ""Roots""]","[0.8879590034484863, 0.07446575909852982, 0.0370776504278183, 0.00026650214567780495, 0.00023055482597555965]","{""Deformation"": 5.567477501244866e-07, ""DepositAttachment"": 0.00026650214567780495, ""JointAnomaly"": 0.8879590034484863, ""Normal"": 0.0370776504278183, ""Roots"": 0.00023055482597555965, ""WallDamage"": 0.07446575909852982}"
443,00429268,val,Normal,3,val/Normal/00429268.png,C:\Users\ASUS\Desktop\YOLOv11\sewerml_cls6_train7200\val\Normal\00429268.png,Deformation,0,0,1,0.8869165182113647,Normal,0.0570494681596756,DepositAttachment,0.04328598082065582,0.8298670500516891,0.4617545501708383,0.2577101213087359,0.0570494681596756,0.9429505318403244,0.9429505318403244,352,288,1.222222,443,"[""Deformation"", ""Normal"", ""DepositAttachment"", ""JointAnomaly"", ""Roots""]","[0.8869165182113647, 0.0570494681596756, 0.04328598082065582, 0.012683838605880737, 6.182316428748891e-05]","{""Deformation"": 0.8869165182113647, ""DepositAttachment"": 0.04328598082065582, ""JointAnomaly"": 0.012683838605880737, ""Normal"": 0.0570494681596756, ""Roots"": 6.182316428748891e-05, ""WallDamage"": 2.363894964219071e-06}"
275,00285701,val,JointAnomaly,2,val/JointAnomaly/00285701.png,C:\Users\ASUS\Desktop\YOLOv11\sewerml_cls6_train7200\val\JointAnomaly\00285701.png,WallDamage,5,0,1,0.8864779472351074,JointAnomaly,0.09611105173826218,DepositAttachment,0.0155702019110322,0.7903668954968452,0.40870581189855837,0.22810305675384063,5.927910024183802e-05,0.9999407208997582,0.9999407208997582,352,288,1.222222,275,"[""WallDamage"", ""JointAnomaly"", ""DepositAttachment"", ""Roots"", ""Normal""]","[0.8864779472351074, 0.09611105173826218, 0.0155702019110322, 0.0017624682513996959, 5.927910024183802e-05]","{""Deformation"": 1.9112829249934293e-05, ""DepositAttachment"": 0.0155702019110322, ""JointAnomaly"": 0.09611105173826218, ""Normal"": 5.927910024183802e-05, ""Roots"": 0.0017624682513996959, ""WallDamage"": 0.8864779472351074}"
493,00032651,val,Roots,4,val/Roots/00032651.png,C:\Users\ASUS\Desktop\YOLOv11\sewerml_cls6_train7200\val\Roots\00032651.png,JointAnomaly,2,0,1,0.8776034116744995,Roots,0.07981100678443909,DepositAttachment,0.042323268949985504,0.7977924048900604,0.45257079059159233,0.25258456749586694,0.0001289399224333465,0.9998710600775667,0.9998710600775667,720,576,1.25,493,"[""JointAnomaly"", ""Roots"", ""DepositAttachment"", ""Normal"", ""WallDamage""]","[0.8776034116744995, 0.07981100678443909, 0.042323268949985504, 0.0001289399224333465, 0.00012474578397814184]","{""Deformation"": 8.636352504254319e-06, ""DepositAttachment"": 0.042323268949985504, ""JointAnomaly"": 0.8776034116744995, ""Normal"": 0.0001289399224333465, ""Roots"": 0.07981100678443909, ""WallDamage"": 0.00012474578397814184}"
391,00315236,val,Normal,3,val/Normal/00315236.png,C:\Users\ASUS\Desktop\YOLOv11\sewerml_cls6_train7200\val\Normal\00315236.png,WallDamage,5,0,1,0.8697311878204346,Normal,0.10502773523330688,DepositAttachment,0.02207561582326889,0.7647034525871277,0.4612782660621104,0.2574443020863974,0.10502773523330688,0.8949722647666931,0.8949722647666931,352,288,1.222222,391,"[""WallDamage"", ""Normal"", ""DepositAttachment"", ""JointAnomaly"", ""Deformation""]","[0.8697311878204346, 0.10502773523330688, 0.02207561582326889, 0.0029641781002283096, 0.00018410135817248374]","{""Deformation"": 0.00018410135817248374, ""DepositAttachment"": 0.02207561582326889, ""JointAnomaly"": 0.0029641781002283096, ""Normal"": 0.10502773523330688, ""Roots"": 1.7023725376930088e-05, ""WallDamage"": 0.8697311878204346}"
144,00147796,val,DepositAttachment,1,val/DepositAttachment/00147796.png,C:\Users\ASUS\Desktop\YOLOv11\sewerml_cls6_train7200\val\DepositAttachment\00147796.png,Deformation,0,0,1,0.8625474572181702,DepositAttachment,0.13648608326911926,Normal,0.0009657641057856381,0.7260613739490509,0.40607239463931527,0.2266333185973136,0.0009657641057856381,0.9990342358942144,0.9990342358942144,720,576,1.25,144,"[""Deformation"", ""DepositAttachment"", ""Normal"", ""JointAnomaly"", ""WallDamage""]","[0.8625474572181702, 0.13648608326911926, 0.0009657641057856381, 6.134860086604021e-07, 6.368282612356779e-08]","{""Deformation"": 0.8625474572181702, ""DepositAttachment"": 0.13648608326911926, ""JointAnomaly"": 6.134860086604021e-07, ""Normal"": 0.0009657641057856381, ""Roots"": 2.866842407911463e-08, ""WallDamage"": 6.368282612356779e-08}"
486,00011498,val,Roots,4,val/Roots/00011498.png,C:\Users\ASUS\Desktop\YOLOv11\sewerml_cls6_train7200\val\Roots\00011498.png,JointAnomaly,2,0,1,0.8575834035873413,Roots,0.09851543605327606,DepositAttachment,0.029604095965623856,0.7590679675340652,0.5347154614067468,0.2984303811923587,0.009696765802800655,0.9903032341971993,0.9903032341971993,720,576,1.25,486,"[""JointAnomaly"", ""Roots"", ""DepositAttachment"", ""Normal"", ""Deformation""]","[0.8575834035873413, 0.09851543605327606, 0.029604095965623856, 0.009696765802800655, 0.004428741056472063]","{""Deformation"": 0.004428741056472063, ""DepositAttachment"": 0.029604095965623856, ""JointAnomaly"": 0.8575834035873413, ""Normal"": 0.009696765802800655, ""Roots"": 0.09851543605327606, ""WallDamage"": 0.00017157089314423501}"
207,00415055,val,DepositAttachment,1,val/DepositAttachment/00415055.png,C:\Users\ASUS\Desktop\YOLOv11\sewerml_cls6_train7200\val\DepositAttachment\00415055.png,WallDamage,5,0,1,0.855383574962616,DepositAttachment,0.06902287900447845,Roots,0.038010504096746445,0.7863606959581375,0.5684352550952392,0.317249756375022,0.00048081768909469247,0.9995191823109053,0.9995191823109053,352,288,1.222222,207,"[""WallDamage"", ""DepositAttachment"", ""Roots"", ""JointAnomaly"", ""Normal""]","[0.855383574962616, 0.06902287900447845, 0.038010504096746445, 0.037089042365550995, 0.00048081768909469247]","{""Deformation"": 1.3233289791969582e-05, ""DepositAttachment"": 0.06902287900447845, ""JointAnomaly"": 0.037089042365550995, ""Normal"": 0.00048081768909469247, ""Roots"": 0.038010504096746445, ""WallDamage"": 0.855383574962616}"
70,00331860,val,Deformation,0,val/Deformation/00331860.png,C:\Users\ASUS\Desktop\YOLOv11\sewerml_cls6_train7200\val\Deformation\00331860.png,Normal,3,0,1,0.8530625700950623,DepositAttachment,0.06988557428121567,Deformation,0.05178255960345268,0.7831769958138466,0.5707884554266357,0.3185631024863783,0.8530625700950623,0.14693742990493774,0.14693742990493774,720,576,1.25,70,"[""Normal"", ""DepositAttachment"", ""Deformation"", ""WallDamage"", ""JointAnomaly""]","[0.8530625700950623, 0.06988557428121567, 0.05178255960345268, 0.024719083681702614, 0.00036344939144328237]","{""Deformation"": 0.05178255960345268, ""DepositAttachment"": 0.06988557428121567, ""JointAnomaly"": 0.00036344939144328237, ""Normal"": 0.8530625700950623, ""Roots"": 0.0001867290702648461, ""WallDamage"": 0.024719083681702614}"
716,00501439,val,WallDamage,5,val/WallDamage/00501439.png,C:\Users\ASUS\Desktop\YOLOv11\sewerml_cls6_train7200\val\WallDamage\00501439.png,JointAnomaly,2,0,1,0.8519383072853088,Roots,0.07970446348190308,DepositAttachment,0.03750062733888626,0.7722338438034058,0.5690356824642253,0.31758486127012536,9.067723112821113e-06,0.9999909322768872,0.9999909322768872,352,288,1.222222,716,"[""JointAnomaly"", ""Roots"", ""DepositAttachment"", ""WallDamage"", ""Deformation""]","[0.8519383072853088, 0.07970446348190308, 0.03750062733888626, 0.030797811225056648, 4.9702499381965026e-05]","{""Deformation"": 4.9702499381965026e-05, ""DepositAttachment"": 0.03750062733888626, ""JointAnomaly"": 0.8519383072853088, ""Normal"": 9.067723112821113e-06, ""Roots"": 0.07970446348190308, ""WallDamage"": 0.030797811225056648}"
118,00513530,val,Deformation,0,val/Deformation/00513530.png,C:\Users\ASUS\Desktop\YOLOv11\sewerml_cls6_train7200\val\Deformation\00513530.png,Normal,3,0,1,0.8507328033447266,Deformation,0.1263609230518341,DepositAttachment,0.018629051744937897,0.7243718802928925,0.49747254623728937,0.2776447144725379,0.8507328033447266,0.14926719665527344,0.14926719665527344,352,288,1.222222,118,"[""Normal"", ""Deformation"", ""DepositAttachment"", ""Roots"", ""JointAnomaly""]","[0.8507328033447266, 0.1263609230518341, 0.018629051744937897, 0.004055974073708057, 0.000116601528134197]","{""Deformation"": 0.1263609230518341, ""DepositAttachment"": 0.018629051744937897, ""JointAnomaly"": 0.000116601528134197, ""Normal"": 0.8507328033447266, ""Roots"": 0.004055974073708057, ""WallDamage"": 0.00010462923819432035}"
688,00463949,val,WallDamage,5,val/WallDamage/00463949.png,C:\Users\ASUS\Desktop\YOLOv11\sewerml_cls6_train7200\val\WallDamage\00463949.png,DepositAttachment,1,0,1,0.8427353501319885,WallDamage,0.14051128923892975,JointAnomaly,0.012260171584784985,0.7022240608930588,0.49976079330264644,0.2789218094758884,0.003993398509919643,0.9960066014900804,0.9960066014900804,352,288,1.222222,688,"[""DepositAttachment"", ""WallDamage"", ""JointAnomaly"", ""Normal"", ""Roots""]","[0.8427353501319885, 0.14051128923892975, 0.012260171584784985, 0.003993398509919643, 0.0004997743526473641]","{""Deformation"": 6.889801085208092e-08, ""DepositAttachment"": 0.8427353501319885, ""JointAnomaly"": 0.012260171584784985, ""Normal"": 0.003993398509919643, ""Roots"": 0.0004997743526473641, ""WallDamage"": 0.14051128923892975}"
7,00021450,val,Deformation,0,val/Deformation/00021450.png,C:\Users\ASUS\Desktop\YOLOv11\sewerml_cls6_train7200\val\Deformation\00021450.png,DepositAttachment,1,0,1,0.8366747498512268,WallDamage,0.09975133091211319,Normal,0.031183872371912003,0.7369234189391136,0.6153168298296675,0.34341486142376293,0.031183872371912003,0.968816127628088,0.968816127628088,720,576,1.25,7,"[""DepositAttachment"", ""WallDamage"", ""Normal"", ""Deformation"", ""JointAnomaly""]","[0.8366747498512268, 0.09975133091211319, 0.031183872371912003, 0.026614395901560783, 0.005247743800282478]","{""Deformation"": 0.026614395901560783, ""DepositAttachment"": 0.8366747498512268, ""JointAnomaly"": 0.005247743800282478, ""Normal"": 0.031183872371912003, ""Roots"": 0.0005278292810544372, ""WallDamage"": 0.09975133091211319}"
299,00383962,val,JointAnomaly,2,val/JointAnomaly/00383962.png,C:\Users\ASUS\Desktop\YOLOv11\sewerml_cls6_train7200\val\JointAnomaly\00383962.png,Roots,4,0,1,0.8347228169441223,JointAnomaly,0.10202160477638245,DepositAttachment,0.050777122378349304,0.7327012121677399,0.5906407205426143,0.3296428626087186,0.00017250917153432965,0.9998274908284657,0.9998274908284657,352,288,1.222222,299,"[""Roots"", ""JointAnomaly"", ""DepositAttachment"", ""WallDamage"", ""Normal""]","[0.8347228169441223, 0.10202160477638245, 0.050777122378349304, 0.01230293046683073, 0.00017250917153432965]","{""Deformation"": 3.009505917361821e-06, ""DepositAttachment"": 0.050777122378349304, ""JointAnomaly"": 0.10202160477638245, ""Normal"": 0.00017250917153432965, ""Roots"": 0.8347228169441223, ""WallDamage"": 0.01230293046683073}"
432,00392218,val,Normal,3,val/Normal/00392218.png,C:\Users\ASUS\Desktop\YOLOv11\sewerml_cls6_train7200\val\Normal\00392218.png,Deformation,0,0,1,0.8217586874961853,Normal,0.17600153386592865,DepositAttachment,0.0008081142441369593,0.6457571536302567,0.48365922779885284,0.26993535466411017,0.17600153386592865,0.8239984661340714,0.8239984661340714,352,288,1.222222,432,"[""Deformation"", ""Normal"", ""DepositAttachment"", ""WallDamage"", ""JointAnomaly""]","[0.8217586874961853, 0.17600153386592865, 0.0008081142441369593, 0.000709870713762939, 0.0004841565096285194]","{""Deformation"": 0.8217586874961853, ""DepositAttachment"": 0.0008081142441369593, ""JointAnomaly"": 0.0004841565096285194, ""Normal"": 0.17600153386592865, ""Roots"": 0.0002376651536906138, ""WallDamage"": 0.000709870713762939}"
676,00418088,val,WallDamage,5,val/WallDamage/00418088.png,C:\Users\ASUS\Desktop\YOLOv11\sewerml_cls6_train7200\val\WallDamage\00418088.png,Roots,4,0,1,0.8158383369445801,JointAnomaly,0.17648202180862427,DepositAttachment,0.0066182236187160015,0.6393563151359558,0.5132017809471274,0.28642336751161723,0.0002206432109232992,0.9997793567890767,0.9997793567890767,352,288,1.222222,676,"[""Roots"", ""JointAnomaly"", ""DepositAttachment"", ""WallDamage"", ""Normal""]","[0.8158383369445801, 0.17648202180862427, 0.0066182236187160015, 0.0008392516756430268, 0.0002206432109232992]","{""Deformation"": 1.5364602177214692e-06, ""DepositAttachment"": 0.0066182236187160015, ""JointAnomaly"": 0.17648202180862427, ""Normal"": 0.0002206432109232992, ""Roots"": 0.8158383369445801, ""WallDamage"": 0.0008392516756430268}"
569,00427146,val,Roots,4,val/Roots/00427146.png,C:\Users\ASUS\Desktop\YOLOv11\sewerml_cls6_train7200\val\Roots\00427146.png,JointAnomaly,2,0,1,0.8126131296157837,WallDamage,0.1020292341709137,Roots,0.08140528202056885,0.71058389544487,0.6299240820171913,0.3515673240943339,0.0006283188122324646,0.9993716811877675,0.9993716811877675,352,288,1.222222,569,"[""JointAnomaly"", ""WallDamage"", ""Roots"", ""Deformation"", ""Normal""]","[0.8126131296157837, 0.1020292341709137, 0.08140528202056885, 0.003166460432112217, 0.0006283188122324646]","{""Deformation"": 0.003166460432112217, ""DepositAttachment"": 0.00015757362416479737, ""JointAnomaly"": 0.8126131296157837, ""Normal"": 0.0006283188122324646, ""Roots"": 0.08140528202056885, ""WallDamage"": 0.1020292341709137}"
184,00339967,val,DepositAttachment,1,val/DepositAttachment/00339967.png,C:\Users\ASUS\Desktop\YOLOv11\sewerml_cls6_train7200\val\DepositAttachment\00339967.png,WallDamage,5,0,1,0.8106353878974915,DepositAttachment,0.18794652819633484,Normal,0.0012745028361678123,0.6226888597011566,0.49413880441757585,0.27578411773677747,0.0012745028361678123,0.9987254971638322,0.9987254971638322,352,288,1.222222,184,"[""WallDamage"", ""DepositAttachment"", ""Normal"", ""JointAnomaly"", ""Deformation""]","[0.8106353878974915, 0.18794652819633484, 0.0012745028361678123, 0.00013977551134303212, 2.3477746253774967e-06]","{""Deformation"": 2.3477746253774967e-06, ""DepositAttachment"": 0.18794652819633484, ""JointAnomaly"": 0.00013977551134303212, ""Normal"": 0.0012745028361678123, ""Roots"": 1.4662715557278716e-06, ""WallDamage"": 0.8106353878974915}"
166,00281869,val,DepositAttachment,1,val/DepositAttachment/00281869.png,C:\Users\ASUS\Desktop\YOLOv11\sewerml_cls6_train7200\val\DepositAttachment\00281869.png,Normal,3,0,1,0.8087848424911499,WallDamage,0.18042317032814026,DepositAttachment,0.010251399129629135,0.6283616721630096,0.5320518748299001,0.29694380521908137,0.8087848424911499,0.1912151575088501,0.1912151575088501,352,288,1.222222,166,"[""Normal"", ""WallDamage"", ""DepositAttachment"", ""Roots"", ""Deformation""]","[0.8087848424911499, 0.18042317032814026, 0.010251399129629135, 0.00037663616240024567, 0.00012434057134669274]","{""Deformation"": 0.00012434057134669274, ""DepositAttachment"": 0.010251399129629135, ""JointAnomaly"": 3.960187314078212e-05, ""Normal"": 0.8087848424911499, ""Roots"": 0.00037663616240024567, ""WallDamage"": 0.18042317032814026}"
605,00016784,val,WallDamage,5,val/WallDamage/00016784.png,C:\Users\ASUS\Desktop\YOLOv11\sewerml_cls6_train7200\val\WallDamage\00016784.png,DepositAttachment,1,0,1,0.8065353631973267,WallDamage,0.1910007745027542,Normal,0.0013000890612602234,0.6155345886945724,0.5069687891931808,0.28294466857853334,0.0013000890612602234,0.9986999109387398,0.9986999109387398,720,576,1.25,605,"[""DepositAttachment"", ""WallDamage"", ""Normal"", ""Deformation"", ""JointAnomaly""]","[0.8065353631973267, 0.1910007745027542, 0.0013000890612602234, 0.0006552484119310975, 0.0004954149480909109]","{""Deformation"": 0.0006552484119310975, ""DepositAttachment"": 0.8065353631973267, ""JointAnomaly"": 0.0004954149480909109, ""Normal"": 0.0013000890612602234, ""Roots"": 1.3081868019071408e-05, ""WallDamage"": 0.1910007745027542}"
483,00005935,val,Roots,4,val/Roots/00005935.png,C:\Users\ASUS\Desktop\YOLOv11\sewerml_cls6_train7200\val\Roots\00005935.png,JointAnomaly,2,0,1,0.8057732582092285,Roots,0.17476746439933777,WallDamage,0.019166894257068634,0.6310057938098907,0.5570565480868105,0.3108991790772048,4.730988621304277e-06,0.9999952690113787,0.9999952690113787,720,576,1.25,483,"[""JointAnomaly"", ""Roots"", ""WallDamage"", ""DepositAttachment"", ""Normal""]","[0.8057732582092285, 0.17476746439933777, 0.019166894257068634, 0.0002875078935176134, 4.730988621304277e-06]","{""Deformation"": 9.345237117486249e-08, ""DepositAttachment"": 0.0002875078935176134, ""JointAnomaly"": 0.8057732582092285, ""Normal"": 4.730988621304277e-06, ""Roots"": 0.17476746439933777, ""WallDamage"": 0.019166894257068634}"
217,00436297,val,DepositAttachment,1,val/DepositAttachment/00436297.png,C:\Users\ASUS\Desktop\YOLOv11\sewerml_cls6_train7200\val\DepositAttachment\00436297.png,Roots,4,0,1,0.7996826171875,JointAnomaly,0.12178589403629303,DepositAttachment,0.07768113911151886,0.677896723151207,0.6397761139264222,0.35706584779599765,1.8905247998191044e-05,0.9999810947520018,0.9999810947520018,352,288,1.222222,217,"[""Roots"", ""JointAnomaly"", ""DepositAttachment"", ""WallDamage"", ""Normal""]","[0.7996826171875, 0.12178589403629303, 0.07768113911151886, 0.0008307270472869277, 1.8905247998191044e-05]","{""Deformation"": 7.948862048579031e-07, ""DepositAttachment"": 0.07768113911151886, ""JointAnomaly"": 0.12178589403629303, ""Normal"": 1.8905247998191044e-05, ""Roots"": 0.7996826171875, ""WallDamage"": 0.0008307270472869277}"
683,00437324,val,WallDamage,5,val/WallDamage/00437324.png,C:\Users\ASUS\Desktop\YOLOv11\sewerml_cls6_train7200\val\WallDamage\00437324.png,Roots,4,0,1,0.7994204163551331,JointAnomaly,0.09982644021511078,DepositAttachment,0.07885168492794037,0.6995939761400223,0.7033828303888028,0.3925654321736844,0.018063822761178017,0.981936177238822,0.981936177238822,352,288,1.222222,683,"[""Roots"", ""JointAnomaly"", ""DepositAttachment"", ""Normal"", ""WallDamage""]","[0.7994204163551331, 0.09982644021511078, 0.07885168492794037, 0.018063822761178017, 0.0037950328551232815]","{""Deformation"": 4.258251647115685e-05, ""DepositAttachment"": 0.07885168492794037, ""JointAnomaly"": 0.09982644021511078, ""Normal"": 0.018063822761178017, ""Roots"": 0.7994204163551331, ""WallDamage"": 0.0037950328551232815}"
291,00335511,val,JointAnomaly,2,val/JointAnomaly/00335511.png,C:\Users\ASUS\Desktop\YOLOv11\sewerml_cls6_train7200\val\JointAnomaly\00335511.png,Roots,4,0,1,0.7985163331031799,JointAnomaly,0.19449810683727264,WallDamage,0.006747397128492594,0.6040182262659073,0.5339002588997739,0.29797540801042594,1.687178883003071e-05,0.99998312821117,0.99998312821117,352,288,1.222222,291,"[""Roots"", ""JointAnomaly"", ""WallDamage"", ""DepositAttachment"", ""Normal""]","[0.7985163331031799, 0.19449810683727264, 0.006747397128492594, 0.00022128310229163617, 1.687178883003071e-05]","{""Deformation"": 4.603037595529713e-08, ""DepositAttachment"": 0.00022128310229163617, ""JointAnomaly"": 0.19449810683727264, ""Normal"": 1.687178883003071e-05, ""Roots"": 0.7985163331031799, ""WallDamage"": 0.006747397128492594}"
199,00385364,val,DepositAttachment,1,val/DepositAttachment/00385364.png,C:\Users\ASUS\Desktop\YOLOv11\sewerml_cls6_train7200\val\DepositAttachment\00385364.png,JointAnomaly,2,0,1,0.7979540228843689,Roots,0.08749709278345108,WallDamage,0.059675902128219604,0.7104569301009178,0.7538853426524132,0.4207514209355401,0.007311390712857246,0.9926886092871428,0.9926886092871428,352,288,1.222222,199,"[""JointAnomaly"", ""Roots"", ""WallDamage"", ""DepositAttachment"", ""Normal""]","[0.7979540228843689, 0.08749709278345108, 0.059675902128219604, 0.04441248998045921, 0.007311390712857246]","{""Deformation"": 0.003149125026538968, ""DepositAttachment"": 0.04441248998045921, ""JointAnomaly"": 0.7979540228843689, ""Normal"": 0.007311390712857246, ""Roots"": 0.08749709278345108, ""WallDamage"": 0.059675902128219604}"
395,00322100,val,Normal,3,val/Normal/00322100.png,C:\Users\ASUS\Desktop\YOLOv11\sewerml_cls6_train7200\val\Normal\00322100.png,Deformation,0,0,1,0.7976444959640503,Normal,0.20232126116752625,DepositAttachment,2.1936748453299515e-05,0.595323234796524,0.5040125101297053,0.28129473781815667,0.20232126116752625,0.7976787388324738,0.7976787388324738,480,576,0.833333,395,"[""Deformation"", ""Normal"", ""DepositAttachment"", ""WallDamage"", ""Roots""]","[0.7976444959640503, 0.20232126116752625, 2.1936748453299515e-05, 9.902078090817668e-06, 1.2393205679472885e-06]","{""Deformation"": 0.7976444959640503, ""DepositAttachment"": 2.1936748453299515e-05, ""JointAnomaly"": 1.1830146604552283e-06, ""Normal"": 0.20232126116752625, ""Roots"": 1.2393205679472885e-06, ""WallDamage"": 9.902078090817668e-06}"
235,00508632,val,DepositAttachment,1,val/DepositAttachment/00508632.png,C:\Users\ASUS\Desktop\YOLOv11\sewerml_cls6_train7200\val\DepositAttachment\00508632.png,JointAnomaly,2,0,1,0.7960307598114014,Roots,0.1384201943874359,DepositAttachment,0.04790443181991577,0.6576105654239655,0.6890421790219167,0.3845617622541586,0.005005658138543367,0.9949943418614566,0.9949943418614566,352,288,1.222222,235,"[""JointAnomaly"", ""Roots"", ""DepositAttachment"", ""Deformation"", ""Normal""]","[0.7960307598114014, 0.1384201943874359, 0.04790443181991577, 0.01004705484956503, 0.005005658138543367]","{""Deformation"": 0.01004705484956503, ""DepositAttachment"": 0.04790443181991577, ""JointAnomaly"": 0.7960307598114014, ""Normal"": 0.005005658138543367, ""Roots"": 0.1384201943874359, ""WallDamage"": 0.0025919736362993717}"
690,00464555,val,WallDamage,5,val/WallDamage/00464555.png,C:\Users\ASUS\Desktop\YOLOv11\sewerml_cls6_train7200\val\WallDamage\00464555.png,JointAnomaly,2,0,1,0.7949149012565613,Roots,0.17018087208271027,WallDamage,0.03331639617681503,0.624734029173851,0.608057233201366,0.3393632034010322,0.0013524818932637572,0.9986475181067362,0.9986475181067362,352,288,1.222222,690,"[""JointAnomaly"", ""Roots"", ""WallDamage"", ""Normal"", ""DepositAttachment""]","[0.7949149012565613, 0.17018087208271027, 0.03331639617681503, 0.0013524818932637572, 0.00023498813970945776]","{""Deformation"": 3.8108905187073105e-07, ""DepositAttachment"": 0.00023498813970945776, ""JointAnomaly"": 0.7949149012565613, ""Normal"": 0.0013524818932637572, ""Roots"": 0.17018087208271027, ""WallDamage"": 0.03331639617681503}"
649,00338050,val,WallDamage,5,val/WallDamage/00338050.png,C:\Users\ASUS\Desktop\YOLOv11\sewerml_cls6_train7200\val\WallDamage\00338050.png,JointAnomaly,2,0,1,0.7942646145820618,WallDamage,0.1997423768043518,DepositAttachment,0.005777521524578333,0.59452223777771,0.5364242953329925,0.29938409956560774,8.496683585690334e-05,0.9999150331641431,0.9999150331641431,352,288,1.222222,649,"[""JointAnomaly"", ""WallDamage"", ""DepositAttachment"", ""Roots"", ""Normal""]","[0.7942646145820618, 0.1997423768043518, 0.005777521524578333, 0.0001296624104725197, 8.496683585690334e-05]","{""Deformation"": 7.849136522963818e-07, ""DepositAttachment"": 0.005777521524578333, ""JointAnomaly"": 0.7942646145820618, ""Normal"": 8.496683585690334e-05, ""Roots"": 0.0001296624104725197, ""WallDamage"": 0.1997423768043518}"
684,00445839,val,WallDamage,5,val/WallDamage/00445839.png,C:\Users\ASUS\Desktop\YOLOv11\sewerml_cls6_train7200\val\WallDamage\00445839.png,Roots,4,0,1,0.7923318147659302,WallDamage,0.1954629272222519,DepositAttachment,0.009691834449768066,0.5968688875436783,0.5652963117609614,0.31549787874401936,0.001679380889981985,0.998320619110018,0.998320619110018,352,288,1.222222,684,"[""Roots"", ""WallDamage"", ""DepositAttachment"", ""Normal"", ""JointAnomaly""]","[0.7923318147659302, 0.1954629272222519, 0.009691834449768066, 0.001679380889981985, 0.0007754716789349914]","{""Deformation"": 5.854993287357502e-05, ""DepositAttachment"": 0.009691834449768066, ""JointAnomaly"": 0.0007754716789349914, ""Normal"": 0.001679380889981985, ""Roots"": 0.7923318147659302, ""WallDamage"": 0.1954629272222519}"
701,00467230,val,WallDamage,5,val/WallDamage/00467230.png,C:\Users\ASUS\Desktop\YOLOv11\sewerml_cls6_train7200\val\WallDamage\00467230.png,DepositAttachment,1,0,1,0.7922952175140381,WallDamage,0.1980573832988739,Roots,0.006169982720166445,0.5942378342151642,0.5586420372901435,0.3117840574498672,0.0018495868425816298,0.9981504131574184,0.9981504131574184,352,288,1.222222,701,"[""DepositAttachment"", ""WallDamage"", ""Roots"", ""Normal"", ""JointAnomaly""]","[0.7922952175140381, 0.1980573832988739, 0.006169982720166445, 0.0018495868425816298, 0.001627759775146842]","{""Deformation"": 7.799035017796996e-08, ""DepositAttachment"": 0.7922952175140381, ""JointAnomaly"": 0.001627759775146842, ""Normal"": 0.0018495868425816298, ""Roots"": 0.006169982720166445, ""WallDamage"": 0.1980573832988739}"
457,00464860,val,Normal,3,val/Normal/00464860.png,C:\Users\ASUS\Desktop\YOLOv11\sewerml_cls6_train7200\val\Normal\00464860.png,WallDamage,5,0,1,0.7907647490501404,JointAnomaly,0.1881597340106964,DepositAttachment,0.018298856914043427,0.602605015039444,0.5915383985344749,0.3301438662351972,0.0012229535495862365,0.9987770464504138,0.9987770464504138,352,288,1.222222,457,"[""WallDamage"", ""JointAnomaly"", ""DepositAttachment"", ""Roots"", ""Normal""]","[0.7907647490501404, 0.1881597340106964, 0.018298856914043427, 0.0015291059389710426, 0.0012229535495862365]","{""Deformation"": 2.4624681827845052e-05, ""DepositAttachment"": 0.018298856914043427, ""JointAnomaly"": 0.1881597340106964, ""Normal"": 0.0012229535495862365, ""Roots"": 0.0015291059389710426, ""WallDamage"": 0.7907647490501404}"
622,00165789,val,WallDamage,5,val/WallDamage/00165789.png,C:\Users\ASUS\Desktop\YOLOv11\sewerml_cls6_train7200\val\WallDamage\00165789.png,DepositAttachment,1,0,1,0.7882625460624695,WallDamage,0.16901907324790955,Roots,0.02211720496416092,0.6192434728145599,0.6532227097320671,0.36457053580606746,0.00011638535943347961,0.9998836146405665,0.9998836146405665,720,576,1.25,622,"[""DepositAttachment"", ""WallDamage"", ""Roots"", ""JointAnomaly"", ""Normal""]","[0.7882625460624695, 0.16901907324790955, 0.02211720496416092, 0.020457910373806953, 0.00011638535943347961]","{""Deformation"": 2.6890782464761287e-05, ""DepositAttachment"": 0.7882625460624695, ""JointAnomaly"": 0.020457910373806953, ""Normal"": 0.00011638535943347961, ""Roots"": 0.02211720496416092, ""WallDamage"": 0.16901907324790955}"
445,00432761,val,Normal,3,val/Normal/00432761.png,C:\Users\ASUS\Desktop\YOLOv11\sewerml_cls6_train7200\val\Normal\00432761.png,DepositAttachment,1,0,1,0.7877881526947021,JointAnomaly,0.18325839936733246,WallDamage,0.01527311746031046,0.6045297533273697,0.6307142311097701,0.352008314699462,0.00443539721891284,0.9955646027810872,0.9955646027810872,352,288,1.222222,445,"[""DepositAttachment"", ""JointAnomaly"", ""WallDamage"", ""Roots"", ""Normal""]","[0.7877881526947021, 0.18325839936733246, 0.01527311746031046, 0.009124107658863068, 0.00443539721891284]","{""Deformation"": 0.00012078938743798062, ""DepositAttachment"": 0.7877881526947021, ""JointAnomaly"": 0.18325839936733246, ""Normal"": 0.00443539721891284, ""Roots"": 0.009124107658863068, ""WallDamage"": 0.01527311746031046}"
626,00280609,val,WallDamage,5,val/WallDamage/00280609.png,C:\Users\ASUS\Desktop\YOLOv11\sewerml_cls6_train7200\val\WallDamage\00280609.png,DepositAttachment,1,0,1,0.782943606376648,JointAnomaly,0.11065541952848434,WallDamage,0.059195615351200104,0.6722881868481636,0.7478784913261587,0.41739893337824396,2.75775291811442e-05,0.9999724224708189,0.9999724224708189,352,288,1.222222,626,"[""DepositAttachment"", ""JointAnomaly"", ""WallDamage"", ""Roots"", ""Deformation""]","[0.782943606376648, 0.11065541952848434, 0.059195615351200104, 0.047029443085193634, 0.00014845249825157225]","{""Deformation"": 0.00014845249825157225, ""DepositAttachment"": 0.782943606376648, ""JointAnomaly"": 0.11065541952848434, ""Normal"": 2.75775291811442e-05, ""Roots"": 0.047029443085193634, ""WallDamage"": 0.059195615351200104}"
668,00406068,val,WallDamage,5,val/WallDamage/00406068.png,C:\Users\ASUS\Desktop\YOLOv11\sewerml_cls6_train7200\val\WallDamage\00406068.png,Roots,4,0,1,0.7759745717048645,JointAnomaly,0.11564462631940842,WallDamage,0.058393802493810654,0.6603299453854561,0.8129093005080565,0.4536933190358876,0.026308611035346985,0.973691388964653,0.973691388964653,352,288,1.222222,668,"[""Roots"", ""JointAnomaly"", ""WallDamage"", ""Normal"", ""DepositAttachment""]","[0.7759745717048645, 0.11564462631940842, 0.058393802493810654, 0.026308611035346985, 0.011860894039273262]","{""Deformation"": 0.011817357502877712, ""DepositAttachment"": 0.011860894039273262, ""JointAnomaly"": 0.11564462631940842, ""Normal"": 0.026308611035346985, ""Roots"": 0.7759745717048645, ""WallDamage"": 0.058393802493810654}"
583,00443329,val,Roots,4,val/Roots/00443329.png,C:\Users\ASUS\Desktop\YOLOv11\sewerml_cls6_train7200\val\Roots\00443329.png,WallDamage,5,0,1,0.7744064927101135,JointAnomaly,0.1928560435771942,Roots,0.02822284772992134,0.5815504491329193,0.6436088084795877,0.3592049153544444,0.0023868016432970762,0.9976131983567029,0.9976131983567029,352,288,1.222222,583,"[""WallDamage"", ""JointAnomaly"", ""Roots"", ""Normal"", ""DepositAttachment""]","[0.7744064927101135, 0.1928560435771942, 0.02822284772992134, 0.0023868016432970762, 0.0021237542387098074]","{""Deformation"": 4.0552549762651324e-06, ""DepositAttachment"": 0.0021237542387098074, ""JointAnomaly"": 0.1928560435771942, ""Normal"": 0.0023868016432970762, ""Roots"": 0.02822284772992134, ""WallDamage"": 0.7744064927101135}"
518,00160941,val,Roots,4,val/Roots/00160941.png,C:\Users\ASUS\Desktop\YOLOv11\sewerml_cls6_train7200\val\Roots\00160941.png,JointAnomaly,2,0,1,0.7693436145782471,WallDamage,0.18410524725914001,DepositAttachment,0.028111610561609268,0.5852383673191071,0.6943976781820069,0.38755072324589124,0.0019012774573639035,0.9980987225426361,0.9980987225426361,720,576,1.25,518,"[""JointAnomaly"", ""WallDamage"", ""DepositAttachment"", ""Roots"", ""Normal""]","[0.7693436145782471, 0.18410524725914001, 0.028111610561609268, 0.016366587951779366, 0.0019012774573639035]","{""Deformation"": 0.00017164451128337532, ""DepositAttachment"": 0.028111610561609268, ""JointAnomaly"": 0.7693436145782471, ""Normal"": 0.0019012774573639035, ""Roots"": 0.016366587951779366, ""WallDamage"": 0.18410524725914001}"
209,00417402,val,DepositAttachment,1,val/DepositAttachment/00417402.png,C:\Users\ASUS\Desktop\YOLOv11\sewerml_cls6_train7200\val\DepositAttachment\00417402.png,WallDamage,5,0,1,0.7628949284553528,JointAnomaly,0.12605158984661102,DepositAttachment,0.10952447354793549,0.6368433386087418,0.720883944279918,0.40233298981279947,0.0005620260490104556,0.9994379739509895,0.9994379739509895,352,288,1.222222,209,"[""WallDamage"", ""JointAnomaly"", ""DepositAttachment"", ""Roots"", ""Normal""]","[0.7628949284553528, 0.12605158984661102, 0.10952447354793549, 0.0009110489627346396, 0.0005620260490104556]","{""Deformation"": 5.59162835997995e-05, ""DepositAttachment"": 0.10952447354793549, ""JointAnomaly"": 0.12605158984661102, ""Normal"": 0.0005620260490104556, ""Roots"": 0.0009110489627346396, ""WallDamage"": 0.7628949284553528}"
309,00419658,val,JointAnomaly,2,val/JointAnomaly/00419658.png,C:\Users\ASUS\Desktop\YOLOv11\sewerml_cls6_train7200\val\JointAnomaly\00419658.png,WallDamage,5,0,1,0.761769711971283,JointAnomaly,0.23463833332061768,Roots,0.003458322025835514,0.5271313786506653,0.5683253500767705,0.31718841721630336,7.647919119335711e-05,0.9999235208088066,0.9999235208088066,352,288,1.222222,309,"[""WallDamage"", ""JointAnomaly"", ""Roots"", ""Normal"", ""DepositAttachment""]","[0.761769711971283, 0.23463833332061768, 0.003458322025835514, 7.647919119335711e-05, 5.7200351875508204e-05]","{""Deformation"": 3.5286365496212113e-10, ""DepositAttachment"": 5.7200351875508204e-05, ""JointAnomaly"": 0.23463833332061768, ""Normal"": 7.647919119335711e-05, ""Roots"": 0.003458322025835514, ""WallDamage"": 0.761769711971283}"
653,00376545,val,WallDamage,5,val/WallDamage/00376545.png,C:\Users\ASUS\Desktop\YOLOv11\sewerml_cls6_train7200\val\WallDamage\00376545.png,DepositAttachment,1,0,0,0.7605469822883606,Deformation,0.08800441026687622,Roots,0.08546092361211777,0.6725425720214844,0.8614371564470463,0.48077723111918585,0.04718989506363869,0.9528101049363613,0.9528101049363613,480,576,0.833333,653,"[""DepositAttachment"", ""Deformation"", ""Roots"", ""Normal"", ""JointAnomaly""]","[0.7605469822883606, 0.08800441026687622, 0.08546092361211777, 0.04718989506363869, 0.014276019297540188]","{""Deformation"": 0.08800441026687622, ""DepositAttachment"": 0.7605469822883606, ""JointAnomaly"": 0.014276019297540188, ""Normal"": 0.04718989506363869, ""Roots"": 0.08546092361211777, ""WallDamage"": 0.004521685186773539}"
35,00143274,val,Deformation,0,val/Deformation/00143274.png,C:\Users\ASUS\Desktop\YOLOv11\sewerml_cls6_train7200\val\Deformation\00143274.png,DepositAttachment,1,0,1,0.7594358325004578,Deformation,0.23927949368953705,Normal,0.0012783912243321538,0.5201563388109207,0.5597775279027376,0.3124177868271052,0.0012783912243321538,0.9987216087756678,0.9987216087756678,720,576,1.25,35,"[""DepositAttachment"", ""Deformation"", ""Normal"", ""Roots"", ""JointAnomaly""]","[0.7594358325004578, 0.23927949368953705, 0.0012783912243321538, 3.90832838093047e-06, 2.1263037979224464e-06]","{""Deformation"": 0.23927949368953705, ""DepositAttachment"": 0.7594358325004578, ""JointAnomaly"": 2.1263037979224464e-06, ""Normal"": 0.0012783912243321538, ""Roots"": 3.90832838093047e-06, ""WallDamage"": 2.651402439823869e-07}"
227,00455280,val,DepositAttachment,1,val/DepositAttachment/00455280.png,C:\Users\ASUS\Desktop\YOLOv11\sewerml_cls6_train7200\val\DepositAttachment\00455280.png,JointAnomaly,2,0,1,0.7567766904830933,DepositAttachment,0.1125362366437912,WallDamage,0.07457374036312103,0.6442404538393021,0.8179564965814986,0.4565102127987633,0.0012358046369627118,0.9987641953630373,0.9987641953630373,352,288,1.222222,227,"[""JointAnomaly"", ""DepositAttachment"", ""WallDamage"", ""Roots"", ""Normal""]","[0.7567766904830933, 0.1125362366437912, 0.07457374036312103, 0.054871171712875366, 0.0012358046369627118]","{""Deformation"": 6.285549716267269e-06, ""DepositAttachment"": 0.1125362366437912, ""JointAnomaly"": 0.7567766904830933, ""Normal"": 0.0012358046369627118, ""Roots"": 0.054871171712875366, ""WallDamage"": 0.07457374036312103}"
501,00138122,val,Roots,4,val/Roots/00138122.png,C:\Users\ASUS\Desktop\YOLOv11\sewerml_cls6_train7200\val\Roots\00138122.png,WallDamage,5,0,1,0.7551760673522949,DepositAttachment,0.16149605810642242,JointAnomaly,0.06797749549150467,0.5936800092458725,0.7662275008764199,0.42763971059493505,0.004359130281955004,0.995640869718045,0.995640869718045,720,576,1.25,501,"[""WallDamage"", ""DepositAttachment"", ""JointAnomaly"", ""Roots"", ""Normal""]","[0.7551760673522949, 0.16149605810642242, 0.06797749549150467, 0.009840770624577999, 0.004359130281955004]","{""Deformation"": 0.0011504740687087178, ""DepositAttachment"": 0.16149605810642242, ""JointAnomaly"": 0.06797749549150467, ""Normal"": 0.004359130281955004, ""Roots"": 0.009840770624577999, ""WallDamage"": 0.7551760673522949}"
325,00436708,val,JointAnomaly,2,val/JointAnomaly/00436708.png,C:\Users\ASUS\Desktop\YOLOv11\sewerml_cls6_train7200\val\JointAnomaly\00436708.png,WallDamage,5,0,1,0.7523493766784668,JointAnomaly,0.10721997171640396,DepositAttachment,0.09253983944654465,0.6451294049620628,0.8525698160574928,0.47582827421852897,0.02376065030694008,0.9762393496930599,0.9762393496930599,352,288,1.222222,325,"[""WallDamage"", ""JointAnomaly"", ""DepositAttachment"", ""Roots"", ""Normal""]","[0.7523493766784668, 0.10721997171640396, 0.09253983944654465, 0.0241192989051342, 0.02376065030694008]","{""Deformation"": 1.0929556083283387e-05, ""DepositAttachment"": 0.09253983944654465, ""JointAnomaly"": 0.10721997171640396, ""Normal"": 0.02376065030694008, ""Roots"": 0.0241192989051342, ""WallDamage"": 0.7523493766784668}"
376,00161450,val,Normal,3,val/Normal/00161450.png,C:\Users\ASUS\Desktop\YOLOv11\sewerml_cls6_train7200\val\Normal\00161450.png,JointAnomaly,2,0,1,0.752005398273468,Normal,0.19606226682662964,Deformation,0.037063322961330414,0.5559431314468384,0.726048555570564,0.40521541425611557,0.19606226682662964,0.8039377331733704,0.8039377331733704,720,576,1.25,376,"[""JointAnomaly"", ""Normal"", ""Deformation"", ""DepositAttachment"", ""Roots""]","[0.752005398273468, 0.19606226682662964, 0.037063322961330414, 0.011869546957314014, 0.0029854991007596254]","{""Deformation"": 0.037063322961330414, ""DepositAttachment"": 0.011869546957314014, ""JointAnomaly"": 0.752005398273468, ""Normal"": 0.19606226682662964, ""Roots"": 0.0029854991007596254, ""WallDamage"": 1.3995542758493684e-05}"
367,00022696,val,Normal,3,val/Normal/00022696.png,C:\Users\ASUS\Desktop\YOLOv11\sewerml_cls6_train7200\val\Normal\00022696.png,Roots,4,0,1,0.7511102557182312,JointAnomaly,0.248529851436615,DepositAttachment,0.00021200173068791628,0.5025804042816162,0.564131592363907,0.31484783647157294,1.610341132618487e-05,0.9999838965886738,0.9999838965886738,720,576,1.25,367,"[""Roots"", ""JointAnomaly"", ""DepositAttachment"", ""Deformation"", ""Normal""]","[0.7511102557182312, 0.248529851436615, 0.00021200173068791628, 0.00012947114009875804, 1.610341132618487e-05]","{""Deformation"": 0.00012947114009875804, ""DepositAttachment"": 0.00021200173068791628, ""JointAnomaly"": 0.248529851436615, ""Normal"": 1.610341132618487e-05, ""Roots"": 0.7511102557182312, ""WallDamage"": 2.3370103008346632e-06}"
389,00303166,val,Normal,3,val/Normal/00303166.png,C:\Users\ASUS\Desktop\YOLOv11\sewerml_cls6_train7200\val\Normal\00303166.png,Deformation,0,0,1,0.7497922778129578,Normal,0.25009289383888245,WallDamage,6.596454477403313e-05,0.4996993839740753,0.5636666835771603,0.3145883659373126,0.25009289383888245,0.7499071061611176,0.7499071061611176,480,576,0.833333,389,"[""Deformation"", ""Normal"", ""WallDamage"", ""Roots"", ""DepositAttachment""]","[0.7497922778129578, 0.25009289383888245, 6.596454477403313e-05, 3.756564547074959e-05, 1.1032993825210724e-05]","{""Deformation"": 0.7497922778129578, ""DepositAttachment"": 1.1032993825210724e-05, ""JointAnomaly"": 2.6592644530865073e-07, ""Normal"": 0.25009289383888245, ""Roots"": 3.756564547074959e-05, ""WallDamage"": 6.596454477403313e-05}"
316,00426154,val,JointAnomaly,2,val/JointAnomaly/00426154.png,C:\Users\ASUS\Desktop\YOLOv11\sewerml_cls6_train7200\val\JointAnomaly\00426154.png,DepositAttachment,1,0,1,0.7453168034553528,JointAnomaly,0.2336176633834839,WallDamage,0.014422785490751266,0.5116991400718689,0.6573750958160045,0.3668880266050565,0.0021010779310017824,0.9978989220689982,0.9978989220689982,352,288,1.222222,316,"[""DepositAttachment"", ""JointAnomaly"", ""WallDamage"", ""Roots"", ""Normal""]","[0.7453168034553528, 0.2336176633834839, 0.014422785490751266, 0.004541127011179924, 0.0021010779310017824]","{""Deformation"": 5.034755758970277e-07, ""DepositAttachment"": 0.7453168034553528, ""JointAnomaly"": 0.2336176633834839, ""Normal"": 0.0021010779310017824, ""Roots"": 0.004541127011179924, ""WallDamage"": 0.014422785490751266}"
127,00039777,val,DepositAttachment,1,val/DepositAttachment/00039777.png,C:\Users\ASUS\Desktop\YOLOv11\sewerml_cls6_train7200\val\DepositAttachment\00039777.png,Normal,3,0,1,0.7449821829795837,Deformation,0.2361914962530136,DepositAttachment,0.018702281638979912,0.5087906867265701,0.6358092499990518,0.3548518988840494,0.7449821829795837,0.25501781702041626,0.25501781702041626,720,576,1.25,127,"[""Normal"", ""Deformation"", ""DepositAttachment"", ""Roots"", ""JointAnomaly""]","[0.7449821829795837, 0.2361914962530136, 0.018702281638979912, 8.21725552668795e-05, 2.850517375918571e-05]","{""Deformation"": 0.2361914962530136, ""DepositAttachment"": 0.018702281638979912, ""JointAnomaly"": 2.850517375918571e-05, ""Normal"": 0.7449821829795837, ""Roots"": 8.21725552668795e-05, ""WallDamage"": 1.3330832189240027e-05}"
619,00163825,val,WallDamage,5,val/WallDamage/00163825.png,C:\Users\ASUS\Desktop\YOLOv11\sewerml_cls6_train7200\val\WallDamage\00163825.png,JointAnomaly,2,0,1,0.7334239482879639,DepositAttachment,0.1176125630736351,Deformation,0.08169623464345932,0.6158113852143288,0.917328521270621,0.5119707957596754,0.0013399177696555853,0.9986600822303444,0.9986600822303444,720,576,1.25,619,"[""JointAnomaly"", ""DepositAttachment"", ""Deformation"", ""WallDamage"", ""Roots""]","[0.7334239482879639, 0.1176125630736351, 0.08169623464345932, 0.035823844373226166, 0.030103545635938644]","{""Deformation"": 0.08169623464345932, ""DepositAttachment"": 0.1176125630736351, ""JointAnomaly"": 0.7334239482879639, ""Normal"": 0.0013399177696555853, ""Roots"": 0.030103545635938644, ""WallDamage"": 0.035823844373226166}"
203,00403711,val,DepositAttachment,1,val/DepositAttachment/00403711.png,C:\Users\ASUS\Desktop\YOLOv11\sewerml_cls6_train7200\val\DepositAttachment\00403711.png,WallDamage,5,0,1,0.7326236963272095,JointAnomaly,0.20124036073684692,DepositAttachment,0.0429522767663002,0.5313833355903625,0.7731836198899997,0.4315219945359692,0.0231684111058712,0.9768315888941288,0.9768315888941288,352,288,1.222222,203,"[""WallDamage"", ""JointAnomaly"", ""DepositAttachment"", ""Normal"", ""Deformation""]","[0.7326236963272095, 0.20124036073684692, 0.0429522767663002, 0.0231684111058712, 9.245676665159408e-06]","{""Deformation"": 9.245676665159408e-06, ""DepositAttachment"": 0.0429522767663002, ""JointAnomaly"": 0.20124036073684692, ""Normal"": 0.0231684111058712, ""Roots"": 6.074697012081742e-06, ""WallDamage"": 0.7326236963272095}"
602,00013609,val,WallDamage,5,val/WallDamage/00013609.png,C:\Users\ASUS\Desktop\YOLOv11\sewerml_cls6_train7200\val\WallDamage\00013609.png,DepositAttachment,1,0,1,0.7307851910591125,JointAnomaly,0.24416762590408325,Roots,0.0160666536539793,0.4866175651550293,0.6877779470154299,0.38385618093691215,0.0008366303518414497,0.9991633696481586,0.9991633696481586,720,576,1.25,602,"[""DepositAttachment"", ""JointAnomaly"", ""Roots"", ""Deformation"", ""WallDamage""]","[0.7307851910591125, 0.24416762590408325, 0.0160666536539793, 0.0072347912937402725, 0.000909087888430804]","{""Deformation"": 0.0072347912937402725, ""DepositAttachment"": 0.7307851910591125, ""JointAnomaly"": 0.24416762590408325, ""Normal"": 0.0008366303518414497, ""Roots"": 0.0160666536539793, ""WallDamage"": 0.000909087888430804}"
677,00418502,val,WallDamage,5,val/WallDamage/00418502.png,C:\Users\ASUS\Desktop\YOLOv11\sewerml_cls6_train7200\val\WallDamage\00418502.png,JointAnomaly,2,0,1,0.7271190285682678,WallDamage,0.2594537138938904,DepositAttachment,0.008841483853757381,0.46766531467437744,0.6486943280551005,0.3620431978710725,6.798293179599568e-05,0.999932017068204,0.999932017068204,352,288,1.222222,677,"[""JointAnomaly"", ""WallDamage"", ""DepositAttachment"", ""Roots"", ""Normal""]","[0.7271190285682678, 0.2594537138938904, 0.008841483853757381, 0.004505478776991367, 6.798293179599568e-05]","{""Deformation"": 1.2357667401374783e-05, ""DepositAttachment"": 0.008841483853757381, ""JointAnomaly"": 0.7271190285682678, ""Normal"": 6.798293179599568e-05, ""Roots"": 0.004505478776991367, ""WallDamage"": 0.2594537138938904}"
687,00463704,val,WallDamage,5,val/WallDamage/00463704.png,C:\Users\ASUS\Desktop\YOLOv11\sewerml_cls6_train7200\val\WallDamage\00463704.png,JointAnomaly,2,0,1,0.7237587571144104,DepositAttachment,0.14424677193164825,WallDamage,0.07254112511873245,0.5795119851827621,0.9111119350834554,0.5085012529477466,0.021356850862503052,0.978643149137497,0.978643149137497,352,288,1.222222,687,"[""JointAnomaly"", ""DepositAttachment"", ""WallDamage"", ""Roots"", ""Normal""]","[0.7237587571144104, 0.14424677193164825, 0.07254112511873245, 0.037964943796396255, 0.021356850862503052]","{""Deformation"": 0.00013153608597349375, ""DepositAttachment"": 0.14424677193164825, ""JointAnomaly"": 0.7237587571144104, ""Normal"": 0.021356850862503052, ""Roots"": 0.037964943796396255, ""WallDamage"": 0.07254112511873245}"
582,00442596,val,Roots,4,val/Roots/00442596.png,C:\Users\ASUS\Desktop\YOLOv11\sewerml_cls6_train7200\val\Roots\00442596.png,JointAnomaly,2,0,1,0.7194591164588928,DepositAttachment,0.16233593225479126,WallDamage,0.0830439031124115,0.5571231842041016,0.8566274566254434,0.47809288653822757,1.3647667401528452e-05,0.9999863523325985,0.9999863523325985,352,288,1.222222,582,"[""JointAnomaly"", ""DepositAttachment"", ""WallDamage"", ""Roots"", ""Deformation""]","[0.7194591164588928, 0.16233593225479126, 0.0830439031124115, 0.03513350337743759, 1.3797168321616482e-05]","{""Deformation"": 1.3797168321616482e-05, ""DepositAttachment"": 0.16233593225479126, ""JointAnomaly"": 0.7194591164588928, ""Normal"": 1.3647667401528452e-05, ""Roots"": 0.03513350337743759, ""WallDamage"": 0.0830439031124115}"
675,00417082,val,WallDamage,5,val/WallDamage/00417082.png,C:\Users\ASUS\Desktop\YOLOv11\sewerml_cls6_train7200\val\WallDamage\00417082.png,DepositAttachment,1,0,1,0.7161872982978821,JointAnomaly,0.24736782908439636,Normal,0.016214214265346527,0.4688194692134857,0.7463344415761753,0.41653718280485447,0.016214214265346527,0.9837857857346535,0.9837857857346535,352,288,1.222222,675,"[""DepositAttachment"", ""JointAnomaly"", ""Normal"", ""Roots"", ""WallDamage""]","[0.7161872982978821, 0.24736782908439636, 0.016214214265346527, 0.012067250907421112, 0.007487390656024218]","{""Deformation"": 0.0006759788957424462, ""DepositAttachment"": 0.7161872982978821, ""JointAnomaly"": 0.24736782908439636, ""Normal"": 0.016214214265346527, ""Roots"": 0.012067250907421112, ""WallDamage"": 0.007487390656024218}"
187,00351345,val,DepositAttachment,1,val/DepositAttachment/00351345.png,C:\Users\ASUS\Desktop\YOLOv11\sewerml_cls6_train7200\val\DepositAttachment\00351345.png,JointAnomaly,2,0,1,0.7122564911842346,DepositAttachment,0.21178434789180756,Roots,0.049407992511987686,0.5004721432924271,0.8196021969669385,0.4574286956719968,0.0009949166560545564,0.9990050833439454,0.9990050833439454,352,288,1.222222,187,"[""JointAnomaly"", ""DepositAttachment"", ""Roots"", ""WallDamage"", ""Normal""]","[0.7122564911842346, 0.21178434789180756, 0.049407992511987686, 0.025556081905961037, 0.0009949166560545564]","{""Deformation"": 1.3017238131851627e-07, ""DepositAttachment"": 0.21178434789180756, ""JointAnomaly"": 0.7122564911842346, ""Normal"": 0.0009949166560545564, ""Roots"": 0.049407992511987686, ""WallDamage"": 0.025556081905961037}"
633,00299142,val,WallDamage,5,val/WallDamage/00299142.png,C:\Users\ASUS\Desktop\YOLOv11\sewerml_cls6_train7200\val\WallDamage\00299142.png,JointAnomaly,2,0,1,0.7015153169631958,DepositAttachment,0.21751359105110168,WallDamage,0.06811930239200592,0.4840017259120941,0.8274602779042199,0.4618143741473934,0.0004835241416003555,0.9995164758583996,0.9995164758583996,352,288,1.222222,633,"[""JointAnomaly"", ""DepositAttachment"", ""WallDamage"", ""Roots"", ""Deformation""]","[0.7015153169631958, 0.21751359105110168, 0.06811930239200592, 0.010078230872750282, 0.0022900511976331472]","{""Deformation"": 0.0022900511976331472, ""DepositAttachment"": 0.21751359105110168, ""JointAnomaly"": 0.7015153169631958, ""Normal"": 0.0004835241416003555, ""Roots"": 0.010078230872750282, ""WallDamage"": 0.06811930239200592}"
464,00480857,val,Normal,3,val/Normal/00480857.png,C:\Users\ASUS\Desktop\YOLOv11\sewerml_cls6_train7200\val\Normal\00480857.png,Deformation,0,0,1,0.6943092346191406,Normal,0.30025196075439453,DepositAttachment,0.005069303791970015,0.3940572738647461,0.6445365973573899,0.3597227241863418,0.30025196075439453,0.6997480392456055,0.6997480392456055,352,288,1.222222,464,"[""Deformation"", ""Normal"", ""DepositAttachment"", ""JointAnomaly"", ""Roots""]","[0.6943092346191406, 0.30025196075439453, 0.005069303791970015, 0.0002652457042131573, 8.161058940459043e-05]","{""Deformation"": 0.6943092346191406, ""DepositAttachment"": 0.005069303791970015, ""JointAnomaly"": 0.0002652457042131573, ""Normal"": 0.30025196075439453, ""Roots"": 8.161058940459043e-05, ""WallDamage"": 2.259200846310705e-05}"
4,00015816,val,Deformation,0,val/Deformation/00015816.png,C:\Users\ASUS\Desktop\YOLOv11\sewerml_cls6_train7200\val\Deformation\00015816.png,Roots,4,0,1,0.6905046701431274,DepositAttachment,0.18892961740493774,Deformation,0.06504761427640915,0.5015750527381897,0.9114682051402467,0.5087000910523639,0.0002688711101654917,0.9997311288898345,0.9997311288898345,720,576,1.25,4,"[""Roots"", ""DepositAttachment"", ""Deformation"", ""JointAnomaly"", ""Normal""]","[0.6905046701431274, 0.18892961740493774, 0.06504761427640915, 0.055111151188611984, 0.0002688711101654917]","{""Deformation"": 0.06504761427640915, ""DepositAttachment"": 0.18892961740493774, ""JointAnomaly"": 0.055111151188611984, ""Normal"": 0.0002688711101654917, ""Roots"": 0.6905046701431274, ""WallDamage"": 0.0001380462053930387}"
257,00034675,val,JointAnomaly,2,val/JointAnomaly/00034675.png,C:\Users\ASUS\Desktop\YOLOv11\sewerml_cls6_train7200\val\JointAnomaly\00034675.png,Normal,3,0,1,0.6899124979972839,DepositAttachment,0.24556201696395874,WallDamage,0.06048131734132767,0.4443504810333252,0.7953898365207455,0.4439155200130874,0.6899124979972839,0.31008750200271606,0.31008750200271606,720,576,1.25,257,"[""Normal"", ""DepositAttachment"", ""WallDamage"", ""Roots"", ""JointAnomaly""]","[0.6899124979972839, 0.24556201696395874, 0.06048131734132767, 0.0029862569645047188, 0.0010096693877130747]","{""Deformation"": 4.825320502277464e-05, ""DepositAttachment"": 0.24556201696395874, ""JointAnomaly"": 0.0010096693877130747, ""Normal"": 0.6899124979972839, ""Roots"": 0.0029862569645047188, ""WallDamage"": 0.06048131734132767}"
606,00016867,val,WallDamage,5,val/WallDamage/00016867.png,C:\Users\ASUS\Desktop\YOLOv11\sewerml_cls6_train7200\val\WallDamage\00016867.png,DepositAttachment,1,0,1,0.6838788986206055,WallDamage,0.23569966852664948,Normal,0.07872828096151352,0.448179230093956,0.8122911695210309,0.45334833356342796,0.07872828096151352,0.9212717190384865,0.9212717190384865,720,576,1.25,606,"[""DepositAttachment"", ""WallDamage"", ""Normal"", ""JointAnomaly"", ""Deformation""]","[0.6838788986206055, 0.23569966852664948, 0.07872828096151352, 0.0013750563375651836, 0.00029880728106945753]","{""Deformation"": 0.00029880728106945753, ""DepositAttachment"": 0.6838788986206055, ""JointAnomaly"": 0.0013750563375651836, ""Normal"": 0.07872828096151352, ""Roots"": 1.922636329254601e-05, ""WallDamage"": 0.23569966852664948}"
165,00276656,val,DepositAttachment,1,val/DepositAttachment/00276656.png,C:\Users\ASUS\Desktop\YOLOv11\sewerml_cls6_train7200\val\DepositAttachment\00276656.png,JointAnomaly,2,0,1,0.6824872493743896,WallDamage,0.26136887073516846,DepositAttachment,0.04889468103647232,0.4211183786392212,0.7950055901268094,0.44370106801741765,4.8020163376349956e-05,0.9999519798366237,0.9999519798366237,352,288,1.222222,165,"[""JointAnomaly"", ""WallDamage"", ""DepositAttachment"", ""Roots"", ""Normal""]","[0.6824872493743896, 0.26136887073516846, 0.04889468103647232, 0.007200728170573711, 4.8020163376349956e-05]","{""Deformation"": 3.9296318732340296e-07, ""DepositAttachment"": 0.04889468103647232, ""JointAnomaly"": 0.6824872493743896, ""Normal"": 4.8020163376349956e-05, ""Roots"": 0.007200728170573711, ""WallDamage"": 0.26136887073516846}"
359,00511165,val,JointAnomaly,2,val/JointAnomaly/00511165.png,C:\Users\ASUS\Desktop\YOLOv11\sewerml_cls6_train7200\val\JointAnomaly\00511165.png,DepositAttachment,1,0,1,0.673186719417572,Deformation,0.29337841272354126,Normal,0.02644033543765545,0.37980830669403076,0.7584071349274444,0.4232750812552923,0.02644033543765545,0.9735596645623446,0.9735596645623446,352,288,1.222222,359,"[""DepositAttachment"", ""Deformation"", ""Normal"", ""JointAnomaly"", ""Roots""]","[0.673186719417572, 0.29337841272354126, 0.02644033543765545, 0.006630324758589268, 0.0003553795104380697]","{""Deformation"": 0.29337841272354126, ""DepositAttachment"": 0.673186719417572, ""JointAnomaly"": 0.006630324758589268, ""Normal"": 0.02644033543765545, ""Roots"": 0.0003553795104380697, ""WallDamage"": 8.811788575258106e-06}"
630,00286595,val,WallDamage,5,val/WallDamage/00286595.png,C:\Users\ASUS\Desktop\YOLOv11\sewerml_cls6_train7200\val\WallDamage\00286595.png,Roots,4,0,1,0.6715589165687561,Normal,0.30558210611343384,JointAnomaly,0.016396893188357353,0.36597681045532227,0.731408538725048,0.4082068778127687,0.30558210611343384,0.6944178938865662,0.6944178938865662,352,288,1.222222,630,"[""Roots"", ""Normal"", ""JointAnomaly"", ""WallDamage"", ""DepositAttachment""]","[0.6715589165687561, 0.30558210611343384, 0.016396893188357353, 0.0060645765624940395, 0.00022880465257912874]","{""Deformation"": 0.00016858000890351832, ""DepositAttachment"": 0.00022880465257912874, ""JointAnomaly"": 0.016396893188357353, ""Normal"": 0.30558210611343384, ""Roots"": 0.6715589165687561, ""WallDamage"": 0.0060645765624940395}"
128,00133265,val,DepositAttachment,1,val/DepositAttachment/00133265.png,C:\Users\ASUS\Desktop\YOLOv11\sewerml_cls6_train7200\val\DepositAttachment\00133265.png,JointAnomaly,2,0,1,0.6709098219871521,DepositAttachment,0.32304733991622925,WallDamage,0.005382445175200701,0.34786248207092285,0.6662198375325743,0.3718243709461752,8.886532896212884e-07,0.9999991113467104,0.9999991113467104,720,576,1.25,128,"[""JointAnomaly"", ""DepositAttachment"", ""WallDamage"", ""Roots"", ""Deformation""]","[0.6709098219871521, 0.32304733991622925, 0.005382445175200701, 0.00036762646050192416, 0.0002918727113865316]","{""Deformation"": 0.0002918727113865316, ""DepositAttachment"": 0.32304733991622925, ""JointAnomaly"": 0.6709098219871521, ""Normal"": 8.886532896212884e-07, ""Roots"": 0.00036762646050192416, ""WallDamage"": 0.005382445175200701}"
329,00440281,val,JointAnomaly,2,val/JointAnomaly/00440281.png,C:\Users\ASUS\Desktop\YOLOv11\sewerml_cls6_train7200\val\JointAnomaly\00440281.png,Roots,4,0,1,0.6686980724334717,JointAnomaly,0.3312610387802124,WallDamage,3.910321174771525e-05,0.3374370336532593,0.6355143588989894,0.3546873170274292,1.5393575267808046e-06,0.9999984606424732,0.9999984606424732,352,288,1.222222,329,"[""Roots"", ""JointAnomaly"", ""WallDamage"", ""Normal"", ""DepositAttachment""]","[0.6686980724334717, 0.3312610387802124, 3.910321174771525e-05, 1.5393575267808046e-06, 1.584896835993277e-07]","{""Deformation"": 1.176872430619369e-07, ""DepositAttachment"": 1.584896835993277e-07, ""JointAnomaly"": 0.3312610387802124, ""Normal"": 1.5393575267808046e-06, ""Roots"": 0.6686980724334717, ""WallDamage"": 3.910321174771525e-05}"
691,00464595,val,WallDamage,5,val/WallDamage/00464595.png,C:\Users\ASUS\Desktop\YOLOv11\sewerml_cls6_train7200\val\WallDamage\00464595.png,JointAnomaly,2,0,1,0.6648027300834656,WallDamage,0.11963354796171188,DepositAttachment,0.11122369766235352,0.5451691821217537,1.082243233804601,0.6040114492995339,0.00783367920666933,0.9921663207933307,0.9921663207933307,352,288,1.222222,691,"[""JointAnomaly"", ""WallDamage"", ""DepositAttachment"", ""Roots"", ""Deformation""]","[0.6648027300834656, 0.11963354796171188, 0.11122369766235352, 0.0767601951956749, 0.01974610425531864]","{""Deformation"": 0.01974610425531864, ""DepositAttachment"": 0.11122369766235352, ""JointAnomaly"": 0.6648027300834656, ""Normal"": 0.00783367920666933, ""Roots"": 0.0767601951956749, ""WallDamage"": 0.11963354796171188}"
208,00417228,val,DepositAttachment,1,val/DepositAttachment/00417228.png,C:\Users\ASUS\Desktop\YOLOv11\sewerml_cls6_train7200\val\DepositAttachment\00417228.png,WallDamage,5,0,1,0.6605907678604126,JointAnomaly,0.23007750511169434,DepositAttachment,0.10700491070747375,0.43051326274871826,0.8660625822768717,0.483358730427136,0.0002708439715206623,0.9997291560284793,0.9997291560284793,352,288,1.222222,208,"[""WallDamage"", ""JointAnomaly"", ""DepositAttachment"", ""Roots"", ""Normal""]","[0.6605907678604126, 0.23007750511169434, 0.10700491070747375, 0.002053644275292754, 0.0002708439715206623]","{""Deformation"": 2.307638851561933e-06, ""DepositAttachment"": 0.10700491070747375, ""JointAnomaly"": 0.23007750511169434, ""Normal"": 0.0002708439715206623, ""Roots"": 0.002053644275292754, ""WallDamage"": 0.6605907678604126}"
608,00017532,val,WallDamage,5,val/WallDamage/00017532.png,C:\Users\ASUS\Desktop\YOLOv11\sewerml_cls6_train7200\val\WallDamage\00017532.png,JointAnomaly,2,0,1,0.6581728458404541,DepositAttachment,0.1989729255437851,Roots,0.11298634111881256,0.459199920296669,0.9585523854397262,0.5349782724199582,0.002429421991109848,0.9975705780088902,0.9975705780088902,720,576,1.25,608,"[""JointAnomaly"", ""DepositAttachment"", ""Roots"", ""WallDamage"", ""Normal""]","[0.6581728458404541, 0.1989729255437851, 0.11298634111881256, 0.02697928063571453, 0.002429421991109848]","{""Deformation"": 0.00045918740215711296, ""DepositAttachment"": 0.1989729255437851, ""JointAnomaly"": 0.6581728458404541, ""Normal"": 0.002429421991109848, ""Roots"": 0.11298634111881256, ""WallDamage"": 0.02697928063571453}"
573,00431562,val,Roots,4,val/Roots/00431562.png,C:\Users\ASUS\Desktop\YOLOv11\sewerml_cls6_train7200\val\Roots\00431562.png,JointAnomaly,2,0,1,0.6573446393013,WallDamage,0.18165656924247742,Roots,0.15708668529987335,0.47568807005882263,0.8999656238434326,0.5022803781978423,0.0031792218796908855,0.9968207781203091,0.9968207781203091,352,288,1.222222,573,"[""JointAnomaly"", ""WallDamage"", ""Roots"", ""Normal"", ""DepositAttachment""]","[0.6573446393013, 0.18165656924247742, 0.15708668529987335, 0.0031792218796908855, 0.0007325684418901801]","{""Deformation"": 3.5661136621456535e-07, ""DepositAttachment"": 0.0007325684418901801, ""JointAnomaly"": 0.6573446393013, ""Normal"": 0.0031792218796908855, ""Roots"": 0.15708668529987335, ""WallDamage"": 0.18165656924247742}"
671,00414217,val,WallDamage,5,val/WallDamage/00414217.png,C:\Users\ASUS\Desktop\YOLOv11\sewerml_cls6_train7200\val\WallDamage\00414217.png,Normal,3,0,1,0.6562767028808594,Roots,0.22998468577861786,WallDamage,0.03892970085144043,0.4262920171022415,1.0143623677265425,0.5661264166018674,0.6562767028808594,0.3437232971191406,0.3437232971191406,352,288,1.222222,671,"[""Normal"", ""Roots"", ""WallDamage"", ""Deformation"", ""JointAnomaly""]","[0.6562767028808594, 0.22998468577861786, 0.03892970085144043, 0.032964080572128296, 0.024801623076200485]","{""Deformation"": 0.032964080572128296, ""DepositAttachment"": 0.017043257132172585, ""JointAnomaly"": 0.024801623076200485, ""Normal"": 0.6562767028808594, ""Roots"": 0.22998468577861786, ""WallDamage"": 0.03892970085144043}"
348,00499579,val,JointAnomaly,2,val/JointAnomaly/00499579.png,C:\Users\ASUS\Desktop\YOLOv11\sewerml_cls6_train7200\val\JointAnomaly\00499579.png,Deformation,0,0,1,0.6496788859367371,Normal,0.19290831685066223,WallDamage,0.1518586277961731,0.45677056908607483,0.9163686053342235,0.5114350564749761,0.19290831685066223,0.8070916831493378,0.8070916831493378,352,288,1.222222,348,"[""Deformation"", ""Normal"", ""WallDamage"", ""JointAnomaly"", ""Roots""]","[0.6496788859367371, 0.19290831685066223, 0.1518586277961731, 0.0035224033053964376, 0.0020285705104470253]","{""Deformation"": 0.6496788859367371, ""DepositAttachment"": 3.1563458833261393e-06, ""JointAnomaly"": 0.0035224033053964376, ""Normal"": 0.19290831685066223, ""Roots"": 0.0020285705104470253, ""WallDamage"": 0.1518586277961731}"
591,00481761,val,Roots,4,val/Roots/00481761.png,C:\Users\ASUS\Desktop\YOLOv11\sewerml_cls6_train7200\val\Roots\00481761.png,JointAnomaly,2,0,1,0.6495698690414429,Roots,0.12879678606987,Normal,0.12876951694488525,0.5207730829715729,1.0330745067035836,0.5765698602104578,0.12876951694488525,0.8712304830551147,0.8712304830551147,352,288,1.222222,591,"[""JointAnomaly"", ""Roots"", ""Normal"", ""WallDamage"", ""DepositAttachment""]","[0.6495698690414429, 0.12879678606987, 0.12876951694488525, 0.09218895435333252, 0.0006119583267718554]","{""Deformation"": 6.285443669185042e-05, ""DepositAttachment"": 0.0006119583267718554, ""JointAnomaly"": 0.6495698690414429, ""Normal"": 0.12876951694488525, ""Roots"": 0.12879678606987, ""WallDamage"": 0.09218895435333252}"
700,00467202,val,WallDamage,5,val/WallDamage/00467202.png,C:\Users\ASUS\Desktop\YOLOv11\sewerml_cls6_train7200\val\WallDamage\00467202.png,JointAnomaly,2,0,1,0.6471271514892578,WallDamage,0.22125069797039032,DepositAttachment,0.13106971979141235,0.4258764535188675,0.8859614317357474,0.49446448976627805,1.9132143279421143e-05,0.9999808678567206,0.9999808678567206,352,288,1.222222,700,"[""JointAnomaly"", ""WallDamage"", ""DepositAttachment"", ""Roots"", ""Normal""]","[0.6471271514892578, 0.22125069797039032, 0.13106971979141235, 0.0005314730224199593, 1.9132143279421143e-05]","{""Deformation"": 1.8073441196975182e-06, ""DepositAttachment"": 0.13106971979141235, ""JointAnomaly"": 0.6471271514892578, ""Normal"": 1.9132143279421143e-05, ""Roots"": 0.0005314730224199593, ""WallDamage"": 0.22125069797039032}"
179,00329490,val,DepositAttachment,1,val/DepositAttachment/00329490.png,C:\Users\ASUS\Desktop\YOLOv11\sewerml_cls6_train7200\val\DepositAttachment\00329490.png,Deformation,0,0,1,0.6443970799446106,DepositAttachment,0.35218721628189087,JointAnomaly,0.0017381446668878198,0.2922098636627197,0.6741733662229333,0.3762633198268448,0.0002931089256890118,0.999706891074311,0.999706891074311,352,288,1.222222,179,"[""Deformation"", ""DepositAttachment"", ""JointAnomaly"", ""Roots"", ""WallDamage""]","[0.6443970799446106, 0.35218721628189087, 0.0017381446668878198, 0.0008646416245028377, 0.0005198054714128375]","{""Deformation"": 0.6443970799446106, ""DepositAttachment"": 0.35218721628189087, ""JointAnomaly"": 0.0017381446668878198, ""Normal"": 0.0002931089256890118, ""Roots"": 0.0008646416245028377, ""WallDamage"": 0.0005198054714128375}"
444,00430291,val,Normal,3,val/Normal/00430291.png,C:\Users\ASUS\Desktop\YOLOv11\sewerml_cls6_train7200\val\Normal\00430291.png,JointAnomaly,2,0,0,0.6386494636535645,Roots,0.36132559180259705,WallDamage,1.8216978787677363e-05,0.2773238718509674,0.65447027479288,0.36526681512382125,4.289416466463081e-08,0.9999999571058353,0.9999999571058353,352,288,1.222222,444,"[""JointAnomaly"", ""Roots"", ""WallDamage"", ""Deformation"", ""DepositAttachment""]","[0.6386494636535645, 0.36132559180259705, 1.8216978787677363e-05, 6.626279628108023e-06, 5.2887571655446663e-08]","{""Deformation"": 6.626279628108023e-06, ""DepositAttachment"": 5.2887571655446663e-08, ""JointAnomaly"": 0.6386494636535645, ""Normal"": 4.289416466463081e-08, ""Roots"": 0.36132559180259705, ""WallDamage"": 1.8216978787677363e-05}"
715,00498738,val,WallDamage,5,val/WallDamage/00498738.png,C:\Users\ASUS\Desktop\YOLOv11\sewerml_cls6_train7200\val\WallDamage\00498738.png,JointAnomaly,2,0,1,0.6359876394271851,WallDamage,0.36392340064048767,Roots,5.713806604035199e-05,0.2720642387866974,0.6565812331267691,0.36644496340217164,3.740257454865059e-07,0.9999996259742545,0.9999996259742545,352,288,1.222222,715,"[""JointAnomaly"", ""WallDamage"", ""Roots"", ""DepositAttachment"", ""Normal""]","[0.6359876394271851, 0.36392340064048767, 5.713806604035199e-05, 3.142553396173753e-05, 3.740257454865059e-07]","{""Deformation"": 4.1720632282249426e-08, ""DepositAttachment"": 3.142553396173753e-05, ""JointAnomaly"": 0.6359876394271851, ""Normal"": 3.740257454865059e-07, ""Roots"": 5.713806604035199e-05, ""WallDamage"": 0.36392340064048767}"
611,00040357,val,WallDamage,5,val/WallDamage/00040357.png,C:\Users\ASUS\Desktop\YOLOv11\sewerml_cls6_train7200\val\WallDamage\00040357.png,Deformation,0,0,0,0.6356152892112732,Normal,0.2980175316333771,DepositAttachment,0.042794518172740936,0.3375977575778961,0.8800815896274319,0.49118288740318367,0.2980175316333771,0.7019824683666229,0.7019824683666229,720,576,1.25,611,"[""Deformation"", ""Normal"", ""DepositAttachment"", ""Roots"", ""JointAnomaly""]","[0.6356152892112732, 0.2980175316333771, 0.042794518172740936, 0.021621204912662506, 0.0011216794373467565]","{""Deformation"": 0.6356152892112732, ""DepositAttachment"": 0.042794518172740936, ""JointAnomaly"": 0.0011216794373467565, ""Normal"": 0.2980175316333771, ""Roots"": 0.021621204912662506, ""WallDamage"": 0.0008298022439703345}"
250,00027403,val,JointAnomaly,2,val/JointAnomaly/00027403.png,C:\Users\ASUS\Desktop\YOLOv11\sewerml_cls6_train7200\val\JointAnomaly\00027403.png,Roots,4,0,1,0.6350176334381104,DepositAttachment,0.17677101492881775,JointAnomaly,0.1745375245809555,0.4582466185092926,0.9597142611740876,0.5356267276140374,0.00032771294354461133,0.9996722870564554,0.9996722870564554,720,576,1.25,250,"[""Roots"", ""DepositAttachment"", ""JointAnomaly"", ""Deformation"", ""Normal""]","[0.6350176334381104, 0.17677101492881775, 0.1745375245809555, 0.01333207543939352, 0.00032771294354461133]","{""Deformation"": 0.01333207543939352, ""DepositAttachment"": 0.17677101492881775, ""JointAnomaly"": 0.1745375245809555, ""Normal"": 0.00032771294354461133, ""Roots"": 0.6350176334381104, ""WallDamage"": 1.4105398804531433e-05}"
272,00168393,val,JointAnomaly,2,val/JointAnomaly/00168393.png,C:\Users\ASUS\Desktop\YOLOv11\sewerml_cls6_train7200\val\JointAnomaly\00168393.png,Roots,4,0,1,0.6347017288208008,JointAnomaly,0.31465959548950195,DepositAttachment,0.03561229631304741,0.32004213333129883,0.836323578690316,0.46676107650243365,0.00031777285039424896,0.9996822271496058,0.9996822271496058,720,576,1.25,272,"[""Roots"", ""JointAnomaly"", ""DepositAttachment"", ""WallDamage"", ""Normal""]","[0.6347017288208008, 0.31465959548950195, 0.03561229631304741, 0.014614487998187542, 0.00031777285039424896]","{""Deformation"": 9.415020031156018e-05, ""DepositAttachment"": 0.03561229631304741, ""JointAnomaly"": 0.31465959548950195, ""Normal"": 0.00031777285039424896, ""Roots"": 0.6347017288208008, ""WallDamage"": 0.014614487998187542}"
546,00329704,val,Roots,4,val/Roots/00329704.png,C:\Users\ASUS\Desktop\YOLOv11\sewerml_cls6_train7200\val\Roots\00329704.png,WallDamage,5,0,1,0.6320130228996277,JointAnomaly,0.20485208928585052,Normal,0.0932355597615242,0.42716093361377716,1.0616494601198003,0.5925178453652552,0.0932355597615242,0.9067644402384758,0.9067644402384758,352,288,1.222222,546,"[""WallDamage"", ""JointAnomaly"", ""Normal"", ""DepositAttachment"", ""Roots""]","[0.6320130228996277, 0.20485208928585052, 0.0932355597615242, 0.0567178837954998, 0.011051121167838573]","{""Deformation"": 0.002130347304046154, ""DepositAttachment"": 0.0567178837954998, ""JointAnomaly"": 0.20485208928585052, ""Normal"": 0.0932355597615242, ""Roots"": 0.011051121167838573, ""WallDamage"": 0.6320130228996277}"
172,00307245,val,DepositAttachment,1,val/DepositAttachment/00307245.png,C:\Users\ASUS\Desktop\YOLOv11\sewerml_cls6_train7200\val\DepositAttachment\00307245.png,Roots,4,0,1,0.6256721019744873,JointAnomaly,0.3741407096385956,WallDamage,0.00018252508016303182,0.2515313923358917,0.6628502812144239,0.3699437857582526,3.315500762823831e-08,0.9999999668449924,0.9999999668449924,352,288,1.222222,172,"[""Roots"", ""JointAnomaly"", ""WallDamage"", ""DepositAttachment"", ""Normal""]","[0.6256721019744873, 0.3741407096385956, 0.00018252508016303182, 4.571408680931199e-06, 3.315500762823831e-08]","{""Deformation"": 2.9915638855015914e-09, ""DepositAttachment"": 4.571408680931199e-06, ""JointAnomaly"": 0.3741407096385956, ""Normal"": 3.315500762823831e-08, ""Roots"": 0.6256721019744873, ""WallDamage"": 0.00018252508016303182}"
453,00458372,val,Normal,3,val/Normal/00458372.png,C:\Users\ASUS\Desktop\YOLOv11\sewerml_cls6_train7200\val\Normal\00458372.png,Deformation,0,0,1,0.6215130090713501,Normal,0.3774760961532593,DepositAttachment,0.0006219695205800235,0.24403691291809082,0.6710827000496392,0.37453838619240687,0.3774760961532593,0.6225239038467407,0.6225239038467407,352,288,1.222222,453,"[""Deformation"", ""Normal"", ""DepositAttachment"", ""JointAnomaly"", ""Roots""]","[0.6215130090713501, 0.3774760961532593, 0.0006219695205800235, 0.0003668456629384309, 2.060695805994328e-05]","{""Deformation"": 0.6215130090713501, ""DepositAttachment"": 0.0006219695205800235, ""JointAnomaly"": 0.0003668456629384309, ""Normal"": 0.3774760961532593, ""Roots"": 2.060695805994328e-05, ""WallDamage"": 1.5448674730578205e-06}"
121,00009048,val,DepositAttachment,1,val/DepositAttachment/00009048.png,C:\Users\ASUS\Desktop\YOLOv11\sewerml_cls6_train7200\val\DepositAttachment\00009048.png,WallDamage,5,0,1,0.6202820539474487,JointAnomaly,0.31654953956604004,Normal,0.055285558104515076,0.3037325143814087,0.864417975645076,0.4824408579894342,0.055285558104515076,0.9447144418954849,0.9447144418954849,720,576,1.25,121,"[""WallDamage"", ""JointAnomaly"", ""Normal"", ""DepositAttachment"", ""Roots""]","[0.6202820539474487, 0.31654953956604004, 0.055285558104515076, 0.004129296634346247, 0.0036788489669561386]","{""Deformation"": 7.470158016076311e-05, ""DepositAttachment"": 0.004129296634346247, ""JointAnomaly"": 0.31654953956604004, ""Normal"": 0.055285558104515076, ""Roots"": 0.0036788489669561386, ""WallDamage"": 0.6202820539474487}"
712,00487917,val,WallDamage,5,val/WallDamage/00487917.png,C:\Users\ASUS\Desktop\YOLOv11\sewerml_cls6_train7200\val\WallDamage\00487917.png,JointAnomaly,2,0,1,0.6200085282325745,Roots,0.19523964822292328,DepositAttachment,0.1808650940656662,0.4247688800096512,0.9491361574756321,0.5297229755311683,0.00013429847604129463,0.9998657015239587,0.9998657015239587,352,288,1.222222,712,"[""JointAnomaly"", ""Roots"", ""DepositAttachment"", ""Deformation"", ""WallDamage""]","[0.6200085282325745, 0.19523964822292328, 0.1808650940656662, 0.002495057648047805, 0.0012573894346132874]","{""Deformation"": 0.002495057648047805, ""DepositAttachment"": 0.1808650940656662, ""JointAnomaly"": 0.6200085282325745, ""Normal"": 0.00013429847604129463, ""Roots"": 0.19523964822292328, ""WallDamage"": 0.0012573894346132874}"
407,00339297,val,Normal,3,val/Normal/00339297.png,C:\Users\ASUS\Desktop\YOLOv11\sewerml_cls6_train7200\val\Normal\00339297.png,WallDamage,5,0,1,0.618683934211731,JointAnomaly,0.3400390148162842,Normal,0.022262947633862495,0.2786449193954468,0.8295667816665135,0.46299003628199964,0.022262947633862495,0.9777370523661375,0.9777370523661375,352,288,1.222222,407,"[""WallDamage"", ""JointAnomaly"", ""Normal"", ""Roots"", ""DepositAttachment""]","[0.618683934211731, 0.3400390148162842, 0.022262947633862495, 0.01744978129863739, 0.001507416134700179]","{""Deformation"": 5.6827033404260874e-05, ""DepositAttachment"": 0.001507416134700179, ""JointAnomaly"": 0.3400390148162842, ""Normal"": 0.022262947633862495, ""Roots"": 0.01744978129863739, ""WallDamage"": 0.618683934211731}"
579,00436837,val,Roots,4,val/Roots/00436837.png,C:\Users\ASUS\Desktop\YOLOv11\sewerml_cls6_train7200\val\Roots\00436837.png,JointAnomaly,2,0,1,0.6146130561828613,Roots,0.38243475556373596,DepositAttachment,0.002580131171271205,0.23217830061912537,0.6851924386075204,0.38241318121942025,9.094776032725349e-06,0.9999909052239673,0.9999909052239673,352,288,1.222222,579,"[""JointAnomaly"", ""Roots"", ""DepositAttachment"", ""WallDamage"", ""Deformation""]","[0.6146130561828613, 0.38243475556373596, 0.002580131171271205, 0.0003458796127233654, 1.706085640762467e-05]","{""Deformation"": 1.706085640762467e-05, ""DepositAttachment"": 0.002580131171271205, ""JointAnomaly"": 0.6146130561828613, ""Normal"": 9.094776032725349e-06, ""Roots"": 0.38243475556373596, ""WallDamage"": 0.0003458796127233654}"
705,00467617,val,WallDamage,5,val/WallDamage/00467617.png,C:\Users\ASUS\Desktop\YOLOv11\sewerml_cls6_train7200\val\WallDamage\00467617.png,JointAnomaly,2,0,1,0.6073781251907349,WallDamage,0.38916411995887756,DepositAttachment,0.001834415947087109,0.2182140052318573,0.6927663778840312,0.3866402772144948,0.0014522916171699762,0.99854770838283,0.99854770838283,352,288,1.222222,705,"[""JointAnomaly"", ""WallDamage"", ""DepositAttachment"", ""Normal"", ""Roots""]","[0.6073781251907349, 0.38916411995887756, 0.001834415947087109, 0.0014522916171699762, 9.139405301539227e-05]","{""Deformation"": 7.959521462908015e-05, ""DepositAttachment"": 0.001834415947087109, ""JointAnomaly"": 0.6073781251907349, ""Normal"": 0.0014522916171699762, ""Roots"": 9.139405301539227e-05, ""WallDamage"": 0.38916411995887756}"
156,00160698,val,DepositAttachment,1,val/DepositAttachment/00160698.png,C:\Users\ASUS\Desktop\YOLOv11\sewerml_cls6_train7200\val\DepositAttachment\00160698.png,JointAnomaly,2,0,1,0.6072500348091125,DepositAttachment,0.33629995584487915,WallDamage,0.05568179115653038,0.2709500789642334,0.8360871505717538,0.4666291234570485,8.062273991527036e-05,0.9999193772600847,0.9999193772600847,720,576,1.25,156,"[""JointAnomaly"", ""DepositAttachment"", ""WallDamage"", ""Roots"", ""Normal""]","[0.6072500348091125, 0.33629995584487915, 0.05568179115653038, 0.0006596377934329212, 8.062273991527036e-05]","{""Deformation"": 2.791867700580042e-05, ""DepositAttachment"": 0.33629995584487915, ""JointAnomaly"": 0.6072500348091125, ""Normal"": 8.062273991527036e-05, ""Roots"": 0.0006596377934329212, ""WallDamage"": 0.05568179115653038}"
310,00421026,val,JointAnomaly,2,val/JointAnomaly/00421026.png,C:\Users\ASUS\Desktop\YOLOv11\sewerml_cls6_train7200\val\JointAnomaly\00421026.png,WallDamage,5,0,1,0.5914115309715271,JointAnomaly,0.364223450422287,DepositAttachment,0.03365866839885712,0.2271880805492401,0.8494030073538474,0.47406084462876946,0.005334235727787018,0.994665764272213,0.994665764272213,352,288,1.222222,310,"[""WallDamage"", ""JointAnomaly"", ""DepositAttachment"", ""Normal"", ""Roots""]","[0.5914115309715271, 0.364223450422287, 0.03365866839885712, 0.005334235727787018, 0.0052006845362484455]","{""Deformation"": 0.00017143177683465183, ""DepositAttachment"": 0.03365866839885712, ""JointAnomaly"": 0.364223450422287, ""Normal"": 0.005334235727787018, ""Roots"": 0.0052006845362484455, ""WallDamage"": 0.5914115309715271}"
710,00471239,val,WallDamage,5,val/WallDamage/00471239.png,C:\Users\ASUS\Desktop\YOLOv11\sewerml_cls6_train7200\val\WallDamage\00471239.png,DepositAttachment,1,0,1,0.5882641077041626,WallDamage,0.29415521025657654,Normal,0.11277337372303009,0.29410889744758606,0.9475601605348745,0.5288433948911192,0.11277337372303009,0.8872266262769699,0.8872266262769699,352,288,1.222222,710,"[""DepositAttachment"", ""WallDamage"", ""Normal"", ""Deformation"", ""JointAnomaly""]","[0.5882641077041626, 0.29415521025657654, 0.11277337372303009, 0.003384991781786084, 0.0010629836469888687]","{""Deformation"": 0.003384991781786084, ""DepositAttachment"": 0.5882641077041626, ""JointAnomaly"": 0.0010629836469888687, ""Normal"": 0.11277337372303009, ""Roots"": 0.0003593625733628869, ""WallDamage"": 0.29415521025657654}"
255,00034447,val,JointAnomaly,2,val/JointAnomaly/00034447.png,C:\Users\ASUS\Desktop\YOLOv11\sewerml_cls6_train7200\val\JointAnomaly\00034447.png,Roots,4,0,1,0.5829452872276306,JointAnomaly,0.41469645500183105,WallDamage,0.0008812474552541971,0.16824883222579956,0.6964731365683126,0.3887090586262533,0.0007659185794182122,0.9992340814205818,0.9992340814205818,720,576,1.25,255,"[""Roots"", ""JointAnomaly"", ""WallDamage"", ""Normal"", ""DepositAttachment""]","[0.5829452872276306, 0.41469645500183105, 0.0008812474552541971, 0.0007659185794182122, 0.000709306972566992]","{""Deformation"": 1.7501813545095501e-06, ""DepositAttachment"": 0.000709306972566992, ""JointAnomaly"": 0.41469645500183105, ""Normal"": 0.0007659185794182122, ""Roots"": 0.5829452872276306, ""WallDamage"": 0.0008812474552541971}"
527,00280409,val,Roots,4,val/Roots/00280409.png,C:\Users\ASUS\Desktop\YOLOv11\sewerml_cls6_train7200\val\Roots\00280409.png,JointAnomaly,2,0,1,0.5819045901298523,Roots,0.41681843996047974,WallDamage,0.0011822136584669352,0.16508615016937256,0.6887175255496073,0.38438056970131596,8.720418009033892e-06,0.999991279581991,0.999991279581991,352,288,1.222222,527,"[""JointAnomaly"", ""Roots"", ""WallDamage"", ""DepositAttachment"", ""Normal""]","[0.5819045901298523, 0.41681843996047974, 0.0011822136584669352, 8.386508125113323e-05, 8.720418009033892e-06]","{""Deformation"": 2.2246067601372488e-06, ""DepositAttachment"": 8.386508125113323e-05, ""JointAnomaly"": 0.5819045901298523, ""Normal"": 8.720418009033892e-06, ""Roots"": 0.41681843996047974, ""WallDamage"": 0.0011822136584669352}"
628,00283734,val,WallDamage,5,val/WallDamage/00283734.png,C:\Users\ASUS\Desktop\YOLOv11\sewerml_cls6_train7200\val\WallDamage\00283734.png,DepositAttachment,1,0,1,0.5812186598777771,WallDamage,0.3484751880168915,JointAnomaly,0.06249594688415527,0.23274347186088562,0.8992648784190931,0.5018892847300113,0.0029637650586664677,0.9970362349413335,0.9970362349413335,480,576,0.833333,628,"[""DepositAttachment"", ""WallDamage"", ""JointAnomaly"", ""Roots"", ""Normal""]","[0.5812186598777771, 0.3484751880168915, 0.06249594688415527, 0.004821048118174076, 0.0029637650586664677]","{""Deformation"": 2.5431863832636736e-05, ""DepositAttachment"": 0.5812186598777771, ""JointAnomaly"": 0.06249594688415527, ""Normal"": 0.0029637650586664677, ""Roots"": 0.004821048118174076, ""WallDamage"": 0.3484751880168915}"
237,00510893,val,DepositAttachment,1,val/DepositAttachment/00510893.png,C:\Users\ASUS\Desktop\YOLOv11\sewerml_cls6_train7200\val\DepositAttachment\00510893.png,JointAnomaly,2,0,1,0.5804857015609741,DepositAttachment,0.39089256525039673,WallDamage,0.022417863830924034,0.1895931363105774,0.7998712850800058,0.4464166640763534,4.809321035281755e-05,0.9999519067896472,0.9999519067896472,352,288,1.222222,237,"[""JointAnomaly"", ""DepositAttachment"", ""WallDamage"", ""Roots"", ""Normal""]","[0.5804857015609741, 0.39089256525039673, 0.022417863830924034, 0.0061531513929367065, 4.809321035281755e-05]","{""Deformation"": 2.5929955427272944e-06, ""DepositAttachment"": 0.39089256525039673, ""JointAnomaly"": 0.5804857015609741, ""Normal"": 4.809321035281755e-05, ""Roots"": 0.0061531513929367065, ""WallDamage"": 0.022417863830924034}"
6,00020415,val,Deformation,0,val/Deformation/00020415.png,C:\Users\ASUS\Desktop\YOLOv11\sewerml_cls6_train7200\val\Deformation\00020415.png,Normal,3,0,1,0.5803354382514954,Deformation,0.23186397552490234,WallDamage,0.1633947193622589,0.348471462726593,1.0511838737667047,0.5866768904085028,0.5803354382514954,0.41966456174850464,0.41966456174850464,720,576,1.25,6,"[""Normal"", ""Deformation"", ""WallDamage"", ""DepositAttachment"", ""Roots""]","[0.5803354382514954, 0.23186397552490234, 0.1633947193622589, 0.021684320643544197, 0.0021881316788494587]","{""Deformation"": 0.23186397552490234, ""DepositAttachment"": 0.021684320643544197, ""JointAnomaly"": 0.0005334217566996813, ""Normal"": 0.5803354382514954, ""Roots"": 0.0021881316788494587, ""WallDamage"": 0.1633947193622589}"
528,00291426,val,Roots,4,val/Roots/00291426.png,C:\Users\ASUS\Desktop\YOLOv11\sewerml_cls6_train7200\val\Roots\00291426.png,WallDamage,5,0,1,0.5795000791549683,Roots,0.28072458505630493,JointAnomaly,0.13041239976882935,0.29877549409866333,0.985301499853011,0.5499072374248476,0.0006679444340988994,0.9993320555659011,0.9993320555659011,480,576,0.833333,528,"[""WallDamage"", ""Roots"", ""JointAnomaly"", ""DepositAttachment"", ""Normal""]","[0.5795000791549683, 0.28072458505630493, 0.13041239976882935, 0.008557364344596863, 0.0006679444340988994]","{""Deformation"": 0.00013757566921412945, ""DepositAttachment"": 0.008557364344596863, ""JointAnomaly"": 0.13041239976882935, ""Normal"": 0.0006679444340988994, ""Roots"": 0.28072458505630493, ""WallDamage"": 0.5795000791549683}"
714,00497978,val,WallDamage,5,val/WallDamage/00497978.png,C:\Users\ASUS\Desktop\YOLOv11\sewerml_cls6_train7200\val\WallDamage\00497978.png,JointAnomaly,2,0,1,0.5779099464416504,WallDamage,0.2758398652076721,Roots,0.08108673989772797,0.30207008123397827,1.0897220520497701,0.6081854572362081,0.00456229317933321,0.9954377068206668,0.9954377068206668,352,288,1.222222,714,"[""JointAnomaly"", ""WallDamage"", ""Roots"", ""DepositAttachment"", ""Deformation""]","[0.5779099464416504, 0.2758398652076721, 0.08108673989772797, 0.05468711256980896, 0.005914053414016962]","{""Deformation"": 0.005914053414016962, ""DepositAttachment"": 0.05468711256980896, ""JointAnomaly"": 0.5779099464416504, ""Normal"": 0.00456229317933321, ""Roots"": 0.08108673989772797, ""WallDamage"": 0.2758398652076721}"
467,00489534,val,Normal,3,val/Normal/00489534.png,C:\Users\ASUS\Desktop\YOLOv11\sewerml_cls6_train7200\val\Normal\00489534.png,JointAnomaly,2,0,1,0.5761208534240723,Normal,0.40502145886421204,Roots,0.013192819431424141,0.17109939455986023,0.770726750340388,0.43015078953228064,0.40502145886421204,0.594978541135788,0.594978541135788,352,288,1.222222,467,"[""JointAnomaly"", ""Normal"", ""Roots"", ""WallDamage"", ""DepositAttachment""]","[0.5761208534240723, 0.40502145886421204, 0.013192819431424141, 0.005554238799959421, 0.00010706554166972637]","{""Deformation"": 3.563722430044436e-06, ""DepositAttachment"": 0.00010706554166972637, ""JointAnomaly"": 0.5761208534240723, ""Normal"": 0.40502145886421204, ""Roots"": 0.013192819431424141, ""WallDamage"": 0.005554238799959421}"
416,00360613,val,Normal,3,val/Normal/00360613.png,C:\Users\ASUS\Desktop\YOLOv11\sewerml_cls6_train7200\val\Normal\00360613.png,WallDamage,5,0,1,0.5694342851638794,Normal,0.42587998509407043,JointAnomaly,0.002355492440983653,0.14355430006980896,0.7131706168970653,0.39802809983436066,0.42587998509407043,0.5741200149059296,0.5741200149059296,352,288,1.222222,416,"[""WallDamage"", ""Normal"", ""JointAnomaly"", ""DepositAttachment"", ""Deformation""]","[0.5694342851638794, 0.42587998509407043, 0.002355492440983653, 0.002162359422072768, 0.00016730585775803775]","{""Deformation"": 0.00016730585775803775, ""DepositAttachment"": 0.002162359422072768, ""JointAnomaly"": 0.002355492440983653, ""Normal"": 0.42587998509407043, ""Roots"": 5.441326038635452e-07, ""WallDamage"": 0.5694342851638794}"
536,00304921,val,Roots,4,val/Roots/00304921.png,C:\Users\ASUS\Desktop\YOLOv11\sewerml_cls6_train7200\val\Roots\00304921.png,WallDamage,5,0,1,0.568595826625824,Roots,0.3092319667339325,JointAnomaly,0.09354688972234726,0.2593638598918915,1.020664636018558,0.5696437795070182,0.023577075451612473,0.9764229245483875,0.9764229245483875,352,288,1.222222,536,"[""WallDamage"", ""Roots"", ""JointAnomaly"", ""Normal"", ""DepositAttachment""]","[0.568595826625824, 0.3092319667339325, 0.09354688972234726, 0.023577075451612473, 0.005046490579843521]","{""Deformation"": 1.7870793271868024e-06, ""DepositAttachment"": 0.005046490579843521, ""JointAnomaly"": 0.09354688972234726, ""Normal"": 0.023577075451612473, ""Roots"": 0.3092319667339325, ""WallDamage"": 0.568595826625824}"
618,00163739,val,WallDamage,5,val/WallDamage/00163739.png,C:\Users\ASUS\Desktop\YOLOv11\sewerml_cls6_train7200\val\WallDamage\00163739.png,JointAnomaly,2,0,1,0.5613307952880859,WallDamage,0.3357372283935547,DepositAttachment,0.08100904524326324,0.22559356689453125,0.9986688359814124,0.5573676897667909,0.0023080662358552217,0.9976919337641448,0.9976919337641448,720,576,1.25,618,"[""JointAnomaly"", ""WallDamage"", ""DepositAttachment"", ""Deformation"", ""Roots""]","[0.5613307952880859, 0.3357372283935547, 0.08100904524326324, 0.011263173073530197, 0.00835165660828352]","{""Deformation"": 0.011263173073530197, ""DepositAttachment"": 0.08100904524326324, ""JointAnomaly"": 0.5613307952880859, ""Normal"": 0.0023080662358552217, ""Roots"": 0.00835165660828352, ""WallDamage"": 0.3357372283935547}"
219,00437740,val,DepositAttachment,1,val/DepositAttachment/00437740.png,C:\Users\ASUS\Desktop\YOLOv11\sewerml_cls6_train7200\val\DepositAttachment\00437740.png,JointAnomaly,2,0,1,0.5606968402862549,Deformation,0.19568653404712677,WallDamage,0.1832936406135559,0.3650103062391281,1.1585558656891597,0.6466023400943995,0.001087707350961864,0.9989122926490381,0.9989122926490381,352,288,1.222222,219,"[""JointAnomaly"", ""Deformation"", ""WallDamage"", ""Roots"", ""DepositAttachment""]","[0.5606968402862549, 0.19568653404712677, 0.1832936406135559, 0.047762319445610046, 0.011473003774881363]","{""Deformation"": 0.19568653404712677, ""DepositAttachment"": 0.011473003774881363, ""JointAnomaly"": 0.5606968402862549, ""Normal"": 0.001087707350961864, ""Roots"": 0.047762319445610046, ""WallDamage"": 0.1832936406135559}"
455,00461903,val,Normal,3,val/Normal/00461903.png,C:\Users\ASUS\Desktop\YOLOv11\sewerml_cls6_train7200\val\Normal\00461903.png,DepositAttachment,1,0,1,0.5585048794746399,Deformation,0.4068916440010071,Normal,0.020261699333786964,0.1516132354736328,0.8405691183366197,0.46913055729448033,0.020261699333786964,0.979738300666213,0.979738300666213,352,288,1.222222,455,"[""DepositAttachment"", ""Deformation"", ""Normal"", ""JointAnomaly"", ""Roots""]","[0.5585048794746399, 0.4068916440010071, 0.020261699333786964, 0.009085096418857574, 0.0052479710429906845]","{""Deformation"": 0.4068916440010071, ""DepositAttachment"": 0.5585048794746399, ""JointAnomaly"": 0.009085096418857574, ""Normal"": 0.020261699333786964, ""Roots"": 0.0052479710429906845, ""WallDamage"": 8.741450983507093e-06}"
557,00382216,val,Roots,4,val/Roots/00382216.png,C:\Users\ASUS\Desktop\YOLOv11\sewerml_cls6_train7200\val\Roots\00382216.png,JointAnomaly,2,0,1,0.5582362413406372,Roots,0.31175729632377625,WallDamage,0.11929073184728622,0.24647894501686096,0.9921648752974778,0.5537377601944155,0.010500670410692692,0.9894993295893073,0.9894993295893073,352,288,1.222222,557,"[""JointAnomaly"", ""Roots"", ""WallDamage"", ""Normal"", ""DepositAttachment""]","[0.5582362413406372, 0.31175729632377625, 0.11929073184728622, 0.010500670410692692, 0.00019346394401509315]","{""Deformation"": 2.1605495930998586e-05, ""DepositAttachment"": 0.00019346394401509315, ""JointAnomaly"": 0.5582362413406372, ""Normal"": 0.010500670410692692, ""Roots"": 0.31175729632377625, ""WallDamage"": 0.11929073184728622}"
194,00383314,val,DepositAttachment,1,val/DepositAttachment/00383314.png,C:\Users\ASUS\Desktop\YOLOv11\sewerml_cls6_train7200\val\DepositAttachment\00383314.png,WallDamage,5,0,1,0.5581604838371277,DepositAttachment,0.427995890378952,JointAnomaly,0.013465764001011848,0.13016459345817566,0.7498978637009857,0.41852596655959895,6.291434692684561e-05,0.9999370856530732,0.9999370856530732,352,288,1.222222,194,"[""WallDamage"", ""DepositAttachment"", ""JointAnomaly"", ""Roots"", ""Normal""]","[0.5581604838371277, 0.427995890378952, 0.013465764001011848, 0.0002995493123307824, 6.291434692684561e-05]","{""Deformation"": 1.536799936729949e-05, ""DepositAttachment"": 0.427995890378952, ""JointAnomaly"": 0.013465764001011848, ""Normal"": 6.291434692684561e-05, ""Roots"": 0.0002995493123307824, ""WallDamage"": 0.5581604838371277}"
206,00413089,val,DepositAttachment,1,val/DepositAttachment/00413089.png,C:\Users\ASUS\Desktop\YOLOv11\sewerml_cls6_train7200\val\DepositAttachment\00413089.png,Deformation,0,0,1,0.5543754696846008,JointAnomaly,0.38747188448905945,Roots,0.05581073835492134,0.16690358519554138,0.8714286057651256,0.4863535651582541,0.0013052696594968438,0.9986947303405032,0.9986947303405032,352,288,1.222222,206,"[""Deformation"", ""JointAnomaly"", ""Roots"", ""Normal"", ""DepositAttachment""]","[0.5543754696846008, 0.38747188448905945, 0.05581073835492134, 0.0013052696594968438, 0.0009936579735949636]","{""Deformation"": 0.5543754696846008, ""DepositAttachment"": 0.0009936579735949636, ""JointAnomaly"": 0.38747188448905945, ""Normal"": 0.0013052696594968438, ""Roots"": 0.05581073835492134, ""WallDamage"": 4.290750075597316e-05}"
193,00383289,val,DepositAttachment,1,val/DepositAttachment/00383289.png,C:\Users\ASUS\Desktop\YOLOv11\sewerml_cls6_train7200\val\DepositAttachment\00383289.png,WallDamage,5,0,1,0.5468984246253967,DepositAttachment,0.2287563532590866,JointAnomaly,0.21208278834819794,0.3181420713663101,1.0514950819777034,0.5868505790181311,0.00022880634060129523,0.9997711936593987,0.9997711936593987,352,288,1.222222,193,"[""WallDamage"", ""DepositAttachment"", ""JointAnomaly"", ""Roots"", ""Normal""]","[0.5468984246253967, 0.2287563532590866, 0.21208278834819794, 0.012032930739223957, 0.00022880634060129523]","{""Deformation"": 6.955788194318302e-07, ""DepositAttachment"": 0.2287563532590866, ""JointAnomaly"": 0.21208278834819794, ""Normal"": 0.00022880634060129523, ""Roots"": 0.012032930739223957, ""WallDamage"": 0.5468984246253967}"
231,00477380,val,DepositAttachment,1,val/DepositAttachment/00477380.png,C:\Users\ASUS\Desktop\YOLOv11\sewerml_cls6_train7200\val\DepositAttachment\00477380.png,Roots,4,0,1,0.5449692010879517,JointAnomaly,0.40162697434425354,DepositAttachment,0.04945755749940872,0.14334222674369812,0.8688528403871429,0.48491600312929917,0.003676430555060506,0.9963235694449395,0.9963235694449395,720,576,1.25,231,"[""Roots"", ""JointAnomaly"", ""DepositAttachment"", ""Normal"", ""Deformation""]","[0.5449692010879517, 0.40162697434425354, 0.04945755749940872, 0.003676430555060506, 0.00021408249449450523]","{""Deformation"": 0.00021408249449450523, ""DepositAttachment"": 0.04945755749940872, ""JointAnomaly"": 0.40162697434425354, ""Normal"": 0.003676430555060506, ""Roots"": 0.5449692010879517, ""WallDamage"": 5.577655247179791e-05}"
354,00504283,val,JointAnomaly,2,val/JointAnomaly/00504283.png,C:\Users\ASUS\Desktop\YOLOv11\sewerml_cls6_train7200\val\JointAnomaly\00504283.png,Roots,4,0,1,0.5446937084197998,WallDamage,0.38285157084465027,JointAnomaly,0.04290759190917015,0.16184213757514954,0.955874255833294,0.533483579827327,0.0033817847725003958,0.9966182152274996,0.9966182152274996,480,576,0.833333,354,"[""Roots"", ""WallDamage"", ""JointAnomaly"", ""DepositAttachment"", ""Normal""]","[0.5446937084197998, 0.38285157084465027, 0.04290759190917015, 0.02390100248157978, 0.0033817847725003958]","{""Deformation"": 0.00226431991904974, ""DepositAttachment"": 0.02390100248157978, ""JointAnomaly"": 0.04290759190917015, ""Normal"": 0.0033817847725003958, ""Roots"": 0.5446937084197998, ""WallDamage"": 0.38285157084465027}"
364,00016640,val,Normal,3,val/Normal/00016640.png,C:\Users\ASUS\Desktop\YOLOv11\sewerml_cls6_train7200\val\Normal\00016640.png,DepositAttachment,1,0,1,0.5433505773544312,WallDamage,0.4302753806114197,Normal,0.020947899669408798,0.11307519674301147,0.80423440814943,0.4488517694263499,0.020947899669408798,0.9790521003305912,0.9790521003305912,720,576,1.25,364,"[""DepositAttachment"", ""WallDamage"", ""Normal"", ""Deformation"", ""JointAnomaly""]","[0.5433505773544312, 0.4302753806114197, 0.020947899669408798, 0.005309053231030703, 7.357886352110654e-05]","{""Deformation"": 0.005309053231030703, ""DepositAttachment"": 0.5433505773544312, ""JointAnomaly"": 7.357886352110654e-05, ""Normal"": 0.020947899669408798, ""Roots"": 4.34761204815004e-05, ""WallDamage"": 0.4302753806114197}"
302,00388198,val,JointAnomaly,2,val/JointAnomaly/00388198.png,C:\Users\ASUS\Desktop\YOLOv11\sewerml_cls6_train7200\val\JointAnomaly\00388198.png,Roots,4,0,1,0.5429311990737915,JointAnomaly,0.44696879386901855,WallDamage,0.008253444917500019,0.09596240520477295,0.7430076506512341,0.4146804654373305,5.6957214837893844e-05,0.9999430427851621,0.9999430427851621,352,288,1.222222,302,"[""Roots"", ""JointAnomaly"", ""WallDamage"", ""DepositAttachment"", ""Normal""]","[0.5429311990737915, 0.44696879386901855, 0.008253444917500019, 0.0017895314376801252, 5.6957214837893844e-05]","{""Deformation"": 8.844234855587274e-08, ""DepositAttachment"": 0.0017895314376801252, ""JointAnomaly"": 0.44696879386901855, ""Normal"": 5.6957214837893844e-05, ""Roots"": 0.5429311990737915, ""WallDamage"": 0.008253444917500019}"
534,00302571,val,Roots,4,val/Roots/00302571.png,C:\Users\ASUS\Desktop\YOLOv11\sewerml_cls6_train7200\val\Roots\00302571.png,JointAnomaly,2,0,1,0.5428451895713806,Roots,0.30152443051338196,WallDamage,0.15068815648555756,0.24132075905799866,1.0050119950109822,0.5609078742270982,4.5619595766766e-05,0.9999543804042332,0.9999543804042332,352,288,1.222222,534,"[""JointAnomaly"", ""Roots"", ""WallDamage"", ""DepositAttachment"", ""Normal""]","[0.5428451895713806, 0.30152443051338196, 0.15068815648555756, 0.004866067320108414, 4.5619595766766e-05]","{""Deformation"": 3.0615778086939827e-05, ""DepositAttachment"": 0.004866067320108414, ""JointAnomaly"": 0.5428451895713806, ""Normal"": 4.5619595766766e-05, ""Roots"": 0.30152443051338196, ""WallDamage"": 0.15068815648555756}"
