run_slot,triad_id,condition_id,arm,training_seed,selection_seed,rank,sample_id,y_true,oof_fold,dynamic_bucket,mean_p_defect,correct_rate,std_p_defect,replay_role,source_method
RUN_134,TRIAD_045,A15_GroupDiverse-Gap_B3000,R1,1343723075,963122165,1,Det/images/normal_train/00458978.png,0,05,easy_clean,0.0001876202,1.0,0.0002570562,normal_replay,GroupDiverse-Gap
RUN_134,TRIAD_045,A15_GroupDiverse-Gap_B3000,R1,1343723075,963122165,2,Det/images/normal_train/00938761.png,0,08,easy_clean,0.0077355377,1.0,0.0229224703,normal_replay,GroupDiverse-Gap
RUN_134,TRIAD_045,A15_GroupDiverse-Gap_B3000,R1,1343723075,963122165,3,Det/images/normal_train/01084602.png,0,01,easy_clean,0.0125259989,1.0,0.0146868964,normal_replay,GroupDiverse-Gap
RUN_134,TRIAD_045,A15_GroupDiverse-Gap_B3000,R1,1343723075,963122165,4,Det/images/normal_train/00764070.png,0,08,easy_clean,0.0015480378,1.0,0.0026778286,normal_replay,GroupDiverse-Gap
RUN_134,TRIAD_045,A15_GroupDiverse-Gap_B3000,R1,1343723075,963122165,5,Det/images/normal_train/00146208.png,0,04,easy_clean,0.0877089371,1.0,0.04064523,normal_replay,GroupDiverse-Gap
RUN_134,TRIAD_045,A15_GroupDiverse-Gap_B3000,R1,1343723075,963122165,6,Det/images/normal_train/00335438.png,0,07,easy_clean,0.002373835,1.0,0.0035138364,normal_replay,GroupDiverse-Gap
RUN_134,TRIAD_045,A15_GroupDiverse-Gap_B3000,R1,1343723075,963122165,7,Det/images/normal_train/00968211.png,0,09,easy_clean,0.0020823588,1.0,0.0077720065,normal_replay,GroupDiverse-Gap
RUN_134,TRIAD_045,A15_GroupDiverse-Gap_B3000,R1,1343723075,963122165,8,Det/images/normal_train/01160341.png,0,05,easy_clean,0.0358331347,1.0,0.0371551616,normal_replay,GroupDiverse-Gap
RUN_134,TRIAD_045,A15_GroupDiverse-Gap_B3000,R1,1343723075,963122165,9,Det/images/normal_train/00944884.png,0,05,easy_clean,0.0051045539,1.0,0.0058230572,normal_replay,GroupDiverse-Gap
RUN_134,TRIAD_045,A15_GroupDiverse-Gap_B3000,R1,1343723075,963122165,10,Det/images/normal_train/00514811.png,0,02,easy_clean,0.0099703147,1.0,0.0254202455,normal_replay,GroupDiverse-Gap
RUN_134,TRIAD_045,A15_GroupDiverse-Gap_B3000,R1,1343723075,963122165,11,Det/images/normal_train/00243120.png,0,06,easy_clean,0.0044539911,1.0,0.0133790534,normal_replay,GroupDiverse-Gap
RUN_134,TRIAD_045,A15_GroupDiverse-Gap_B3000,R1,1343723075,963122165,12,Det/images/normal_train/00998319.png,0,03,easy_clean,0.0034600381,1.0,0.0165273478,normal_replay,GroupDiverse-Gap
RUN_134,TRIAD_045,A15_GroupDiverse-Gap_B3000,R1,1343723075,963122165,13,Det/images/normal_train/00552717.png,0,07,easy_clean,0.0055491479,1.0,0.0128932099,normal_replay,GroupDiverse-Gap
RUN_134,TRIAD_045,A15_GroupDiverse-Gap_B3000,R1,1343723075,963122165,14,Det/images/normal_train/01185246.png,0,02,easy_clean,0.0409184711,1.0,0.0278684158,normal_replay,GroupDiverse-Gap
RUN_134,TRIAD_045,A15_GroupDiverse-Gap_B3000,R1,1343723075,963122165,15,Det/images/normal_train/00941236.png,0,00,learnable_hard,0.0555809429,0.995,0.0777355307,normal_replay,GroupDiverse-Gap
RUN_134,TRIAD_045,A15_GroupDiverse-Gap_B3000,R1,1343723075,963122165,16,Det/images/normal_train/00730462.png,0,09,learnable_hard,0.0047351629,0.995,0.0367721196,normal_replay,GroupDiverse-Gap
RUN_134,TRIAD_045,A15_GroupDiverse-Gap_B3000,R1,1343723075,963122165,17,Det/images/normal_train/01224811.png,0,04,persistent_hard,0.717337282,0.15,0.1761904589,normal_replay,GroupDiverse-Gap
RUN_134,TRIAD_045,A15_GroupDiverse-Gap_B3000,R1,1343723075,963122165,18,Det/images/normal_train/00298156.png,0,06,easy_clean,0.0100016991,1.0,0.0132803629,normal_replay,GroupDiverse-Gap
RUN_134,TRIAD_045,A15_GroupDiverse-Gap_B3000,R1,1343723075,963122165,19,Det/images/normal_train/01078412.png,0,06,easy_clean,0.0085860791,1.0,0.0104657603,normal_replay,GroupDiverse-Gap
RUN_134,TRIAD_045,A15_GroupDiverse-Gap_B3000,R1,1343723075,963122165,20,Det/images/normal_train/01257174.png,0,07,easy_clean,0.0202563691,1.0,0.0266996242,normal_replay,GroupDiverse-Gap
RUN_134,TRIAD_045,A15_GroupDiverse-Gap_B3000,R1,1343723075,963122165,21,Det/images/normal_train/00746336.png,0,00,learnable_hard,0.0485922616,0.965,0.1348524377,normal_replay,GroupDiverse-Gap
RUN_134,TRIAD_045,A15_GroupDiverse-Gap_B3000,R1,1343723075,963122165,22,Det/images/normal_train/00160549.png,0,06,easy_clean,0.0017638307,1.0,0.0026744707,normal_replay,GroupDiverse-Gap
RUN_134,TRIAD_045,A15_GroupDiverse-Gap_B3000,R1,1343723075,963122165,23,Det/images/normal_train/00618841.png,0,04,easy_clean,0.0001434843,1.0,0.0001991626,normal_replay,GroupDiverse-Gap
RUN_134,TRIAD_045,A15_GroupDiverse-Gap_B3000,R1,1343723075,963122165,24,Det/images/normal_train/01147820.png,0,07,learnable_hard,0.3319037512,0.89,0.1575217936,normal_replay,GroupDiverse-Gap
RUN_134,TRIAD_045,A15_GroupDiverse-Gap_B3000,R1,1343723075,963122165,25,Det/images/normal_train/00215891.png,0,07,easy_clean,0.004655534,1.0,0.0064808779,normal_replay,GroupDiverse-Gap
RUN_134,TRIAD_045,A15_GroupDiverse-Gap_B3000,R1,1343723075,963122165,26,Det/images/normal_train/01186733.png,0,09,unstable_boundary,0.473268382,0.585,0.1297119808,normal_replay,GroupDiverse-Gap
RUN_134,TRIAD_045,A15_GroupDiverse-Gap_B3000,R1,1343723075,963122165,27,Det/images/normal_train/00720484.png,0,09,easy_clean,0.0007628524,1.0,0.0025356154,normal_replay,GroupDiverse-Gap
RUN_134,TRIAD_045,A15_GroupDiverse-Gap_B3000,R1,1343723075,963122165,28,Det/images/normal_train/00364055.png,0,08,easy_clean,0.0080826631,1.0,0.0144786919,normal_replay,GroupDiverse-Gap
RUN_134,TRIAD_045,A15_GroupDiverse-Gap_B3000,R1,1343723075,963122165,29,Det/images/normal_train/00677349.png,0,01,learnable_hard,0.6708603235,0.2,0.2127303734,normal_replay,GroupDiverse-Gap
RUN_134,TRIAD_045,A15_GroupDiverse-Gap_B3000,R1,1343723075,963122165,30,Det/images/normal_train/00817514.png,0,07,easy_clean,0.0237759587,1.0,0.0474020104,normal_replay,GroupDiverse-Gap
RUN_134,TRIAD_045,A15_GroupDiverse-Gap_B3000,R1,1343723075,963122165,31,Det/images/normal_train/00415388.png,0,04,learnable_hard,0.138789225,0.985,0.1169798019,normal_replay,GroupDiverse-Gap
RUN_134,TRIAD_045,A15_GroupDiverse-Gap_B3000,R1,1343723075,963122165,32,Det/images/normal_train/01268220.png,0,05,easy_clean,0.011374009,1.0,0.0123329039,normal_replay,GroupDiverse-Gap
RUN_134,TRIAD_045,A15_GroupDiverse-Gap_B3000,R1,1343723075,963122165,33,Det/images/normal_train/00260921.png,0,09,easy_clean,0.0007667442,1.0,0.0010534188,normal_replay,GroupDiverse-Gap
RUN_134,TRIAD_045,A15_GroupDiverse-Gap_B3000,R1,1343723075,963122165,34,Det/images/normal_train/00447503.png,0,05,easy_clean,0.000429346,1.0,0.0007205857,normal_replay,GroupDiverse-Gap
RUN_134,TRIAD_045,A15_GroupDiverse-Gap_B3000,R1,1343723075,963122165,35,Det/images/normal_train/00857979.png,0,01,easy_clean,0.0008553731,1.0,0.0017741667,normal_replay,GroupDiverse-Gap
RUN_134,TRIAD_045,A15_GroupDiverse-Gap_B3000,R1,1343723075,963122165,36,Det/images/normal_train/00822753.png,0,08,easy_clean,0.0010307411,1.0,0.0017058368,normal_replay,GroupDiverse-Gap
RUN_134,TRIAD_045,A15_GroupDiverse-Gap_B3000,R1,1343723075,963122165,37,Det/images/normal_train/01019190.png,0,08,easy_clean,0.0010185614,1.0,0.0026990216,normal_replay,GroupDiverse-Gap
RUN_134,TRIAD_045,A15_GroupDiverse-Gap_B3000,R1,1343723075,963122165,38,Det/images/normal_train/00282198.png,0,04,learnable_hard,0.013954239,0.99,0.061541594,normal_replay,GroupDiverse-Gap
RUN_134,TRIAD_045,A15_GroupDiverse-Gap_B3000,R1,1343723075,963122165,39,Det/images/normal_train/01125038.png,0,02,easy_clean,0.0028722076,1.0,0.0038770791,normal_replay,GroupDiverse-Gap
RUN_134,TRIAD_045,A15_GroupDiverse-Gap_B3000,R1,1343723075,963122165,40,Det/images/normal_train/00529126.png,0,03,learnable_hard,0.1452931843,0.995,0.0977341711,normal_replay,GroupDiverse-Gap
RUN_134,TRIAD_045,A15_GroupDiverse-Gap_B3000,R1,1343723075,963122165,41,Det/images/normal_train/00368391.png,0,02,easy_clean,0.031811446,1.0,0.0416591527,normal_replay,GroupDiverse-Gap
RUN_134,TRIAD_045,A15_GroupDiverse-Gap_B3000,R1,1343723075,963122165,42,Det/images/normal_train/00803544.png,0,05,easy_clean,0.0223554699,1.0,0.0172827233,normal_replay,GroupDiverse-Gap
RUN_134,TRIAD_045,A15_GroupDiverse-Gap_B3000,R1,1343723075,963122165,43,Det/images/normal_train/01224324.png,0,04,easy_clean,0.0804900959,1.0,0.0465439487,normal_replay,GroupDiverse-Gap
RUN_134,TRIAD_045,A15_GroupDiverse-Gap_B3000,R1,1343723075,963122165,44,Det/images/normal_train/00392363.png,0,08,easy_clean,0.0291691727,1.0,0.0341441892,normal_replay,GroupDiverse-Gap
RUN_134,TRIAD_045,A15_GroupDiverse-Gap_B3000,R1,1343723075,963122165,45,Det/images/normal_train/00935821.png,0,09,easy_clean,0.0063577331,1.0,0.0139548226,normal_replay,GroupDiverse-Gap
RUN_134,TRIAD_045,A15_GroupDiverse-Gap_B3000,R1,1343723075,963122165,46,Det/images/normal_train/00869260.png,0,03,easy_clean,0.0725611805,1.0,0.0709377593,normal_replay,GroupDiverse-Gap
RUN_134,TRIAD_045,A15_GroupDiverse-Gap_B3000,R1,1343723075,963122165,47,Det/images/normal_train/00504266.png,0,03,easy_clean,0.0099697059,1.0,0.0127681912,normal_replay,GroupDiverse-Gap
RUN_134,TRIAD_045,A15_GroupDiverse-Gap_B3000,R1,1343723075,963122165,48,Det/images/normal_train/01218794.png,0,03,easy_clean,0.0334792947,1.0,0.0355758062,normal_replay,GroupDiverse-Gap
RUN_134,TRIAD_045,A15_GroupDiverse-Gap_B3000,R1,1343723075,963122165,49,Det/images/normal_train/00277349.png,0,04,easy_clean,0.0047677971,1.0,0.0062251526,normal_replay,GroupDiverse-Gap
RUN_134,TRIAD_045,A15_GroupDiverse-Gap_B3000,R1,1343723075,963122165,50,Det/images/normal_train/00562255.png,0,08,easy_clean,0.0010783417,1.0,0.0015748741,normal_replay,GroupDiverse-Gap
RUN_134,TRIAD_045,A15_GroupDiverse-Gap_B3000,R1,1343723075,963122165,51,Det/images/normal_train/00259329.png,0,08,easy_clean,0.001256682,1.0,0.0039293182,normal_replay,GroupDiverse-Gap
RUN_134,TRIAD_045,A15_GroupDiverse-Gap_B3000,R1,1343723075,963122165,52,Det/images/normal_train/00326019.png,0,09,ordinary,0.1428970121,1.0,0.0895854916,normal_replay,GroupDiverse-Gap
RUN_134,TRIAD_045,A15_GroupDiverse-Gap_B3000,R1,1343723075,963122165,53,Det/images/normal_train/00624031.png,0,08,easy_clean,0.0720727593,1.0,0.0521614839,normal_replay,GroupDiverse-Gap
RUN_134,TRIAD_045,A15_GroupDiverse-Gap_B3000,R1,1343723075,963122165,54,Det/images/normal_train/00730948.png,0,09,easy_clean,0.0056817225,1.0,0.0119628797,normal_replay,GroupDiverse-Gap
RUN_134,TRIAD_045,A15_GroupDiverse-Gap_B3000,R1,1343723075,963122165,55,Det/images/normal_train/00682783.png,0,00,easy_clean,0.0089489086,0.995,0.0385946774,normal_replay,GroupDiverse-Gap
RUN_134,TRIAD_045,A15_GroupDiverse-Gap_B3000,R1,1343723075,963122165,56,Det/images/normal_train/00716193.png,0,08,easy_clean,0.0057242975,1.0,0.0141534313,normal_replay,GroupDiverse-Gap
RUN_134,TRIAD_045,A15_GroupDiverse-Gap_B3000,R1,1343723075,963122165,57,Det/images/normal_train/01243236.png,0,00,easy_clean,0.0017973594,1.0,0.0026027498,normal_replay,GroupDiverse-Gap
RUN_134,TRIAD_045,A15_GroupDiverse-Gap_B3000,R1,1343723075,963122165,58,Det/images/normal_train/00618457.png,0,04,easy_clean,0.0029174667,1.0,0.0034478261,normal_replay,GroupDiverse-Gap
RUN_134,TRIAD_045,A15_GroupDiverse-Gap_B3000,R1,1343723075,963122165,59,Det/images/normal_train/00531238.png,0,04,easy_clean,0.0002604321,1.0,0.0012337346,normal_replay,GroupDiverse-Gap
RUN_134,TRIAD_045,A15_GroupDiverse-Gap_B3000,R1,1343723075,963122165,60,Det/images/normal_train/01070197.png,0,06,easy_clean,0.0270813967,1.0,0.0170435547,normal_replay,GroupDiverse-Gap
RUN_134,TRIAD_045,A15_GroupDiverse-Gap_B3000,R1,1343723075,963122165,61,Det/images/normal_train/00789259.png,0,09,easy_clean,0.0016299016,1.0,0.00217909,normal_replay,GroupDiverse-Gap
RUN_134,TRIAD_045,A15_GroupDiverse-Gap_B3000,R1,1343723075,963122165,62,Det/images/normal_train/00909302.png,0,00,easy_clean,0.0195276067,1.0,0.0160639348,normal_replay,GroupDiverse-Gap
RUN_134,TRIAD_045,A15_GroupDiverse-Gap_B3000,R1,1343723075,963122165,63,Det/images/normal_train/01147370.png,0,07,easy_clean,0.0025520297,1.0,0.0037735573,normal_replay,GroupDiverse-Gap
RUN_134,TRIAD_045,A15_GroupDiverse-Gap_B3000,R1,1343723075,963122165,64,Det/images/normal_train/01137288.png,0,03,easy_clean,0.0059425629,1.0,0.0357450214,normal_replay,GroupDiverse-Gap
RUN_134,TRIAD_045,A15_GroupDiverse-Gap_B3000,R1,1343723075,963122165,65,Det/images/normal_train/01235453.png,0,01,easy_clean,0.0019047855,1.0,0.0034447955,normal_replay,GroupDiverse-Gap
RUN_134,TRIAD_045,A15_GroupDiverse-Gap_B3000,R1,1343723075,963122165,66,Det/images/normal_train/00257104.png,0,09,learnable_hard,0.1090098478,0.99,0.0995297711,normal_replay,GroupDiverse-Gap
RUN_134,TRIAD_045,A15_GroupDiverse-Gap_B3000,R1,1343723075,963122165,67,Det/images/normal_train/01114102.png,0,04,easy_clean,0.0304291655,1.0,0.046452877,normal_replay,GroupDiverse-Gap
RUN_134,TRIAD_045,A15_GroupDiverse-Gap_B3000,R1,1343723075,963122165,68,Det/images/normal_train/00700749.png,0,09,easy_clean,0.0045635496,1.0,0.0078698636,normal_replay,GroupDiverse-Gap
RUN_134,TRIAD_045,A15_GroupDiverse-Gap_B3000,R1,1343723075,963122165,69,Det/images/normal_train/00780597.png,0,00,learnable_hard,0.0074862624,0.995,0.0450136959,normal_replay,GroupDiverse-Gap
RUN_134,TRIAD_045,A15_GroupDiverse-Gap_B3000,R1,1343723075,963122165,70,Det/images/normal_train/00991318.png,0,00,learnable_hard,0.1283823775,0.995,0.1209282414,normal_replay,GroupDiverse-Gap
RUN_134,TRIAD_045,A15_GroupDiverse-Gap_B3000,R1,1343723075,963122165,71,Det/images/normal_train/00577465.png,0,05,easy_clean,0.0006516473,1.0,0.001366808,normal_replay,GroupDiverse-Gap
RUN_134,TRIAD_045,A15_GroupDiverse-Gap_B3000,R1,1343723075,963122165,72,Det/images/normal_train/00468131.png,0,06,learnable_hard,0.3635747417,0.93,0.1146995296,normal_replay,GroupDiverse-Gap
RUN_134,TRIAD_045,A15_GroupDiverse-Gap_B3000,R1,1343723075,963122165,73,Det/images/normal_train/00250819.png,0,09,easy_clean,0.0014132067,1.0,0.0032297147,normal_replay,GroupDiverse-Gap
RUN_134,TRIAD_045,A15_GroupDiverse-Gap_B3000,R1,1343723075,963122165,74,Det/images/normal_train/00992955.png,0,08,easy_clean,0.0185640904,1.0,0.0154560787,normal_replay,GroupDiverse-Gap
RUN_134,TRIAD_045,A15_GroupDiverse-Gap_B3000,R1,1343723075,963122165,75,Det/images/normal_train/00250604.png,0,09,easy_clean,0.00963345,1.0,0.0120412694,normal_replay,GroupDiverse-Gap
RUN_134,TRIAD_045,A15_GroupDiverse-Gap_B3000,R1,1343723075,963122165,76,Det/images/normal_train/00276596.png,0,03,easy_clean,0.0474845005,1.0,0.0383027855,normal_replay,GroupDiverse-Gap
RUN_134,TRIAD_045,A15_GroupDiverse-Gap_B3000,R1,1343723075,963122165,77,Det/images/normal_train/00187343.png,0,03,learnable_hard,0.2841188408,0.97,0.1371899574,normal_replay,GroupDiverse-Gap
RUN_134,TRIAD_045,A15_GroupDiverse-Gap_B3000,R1,1343723075,963122165,78,Det/images/normal_train/01227263.png,0,08,learnable_hard,0.041098346,0.985,0.0913426702,normal_replay,GroupDiverse-Gap
RUN_134,TRIAD_045,A15_GroupDiverse-Gap_B3000,R1,1343723075,963122165,79,Det/images/normal_train/00361492.png,0,00,easy_clean,0.0280516701,1.0,0.0316950884,normal_replay,GroupDiverse-Gap
RUN_134,TRIAD_045,A15_GroupDiverse-Gap_B3000,R1,1343723075,963122165,80,Det/images/normal_train/00497419.png,0,01,easy_clean,0.000346556,1.0,0.003389135,normal_replay,GroupDiverse-Gap
RUN_134,TRIAD_045,A15_GroupDiverse-Gap_B3000,R1,1343723075,963122165,81,Det/images/normal_train/01233269.png,0,09,easy_clean,0.0020267939,1.0,0.009013659,normal_replay,GroupDiverse-Gap
RUN_134,TRIAD_045,A15_GroupDiverse-Gap_B3000,R1,1343723075,963122165,82,Det/images/normal_train/00458914.png,0,05,easy_clean,0.0030077762,1.0,0.0038345851,normal_replay,GroupDiverse-Gap
RUN_134,TRIAD_045,A15_GroupDiverse-Gap_B3000,R1,1343723075,963122165,83,Det/images/normal_train/00581943.png,0,02,easy_clean,0.0833074098,1.0,0.0626787519,normal_replay,GroupDiverse-Gap
RUN_134,TRIAD_045,A15_GroupDiverse-Gap_B3000,R1,1343723075,963122165,84,Det/images/normal_train/01010381.png,0,00,ordinary,0.0988032101,1.0,0.0784262584,normal_replay,GroupDiverse-Gap
RUN_134,TRIAD_045,A15_GroupDiverse-Gap_B3000,R1,1343723075,963122165,85,Det/images/normal_train/00657519.png,0,05,ordinary,0.1647979524,1.0,0.0825188921,normal_replay,GroupDiverse-Gap
RUN_134,TRIAD_045,A15_GroupDiverse-Gap_B3000,R1,1343723075,963122165,86,Det/images/normal_train/00299657.png,0,01,easy_clean,0.0563579336,1.0,0.0666382948,normal_replay,GroupDiverse-Gap
RUN_134,TRIAD_045,A15_GroupDiverse-Gap_B3000,R1,1343723075,963122165,87,Det/images/normal_train/00262942.png,0,04,easy_clean,0.0005576281,1.0,0.0012311899,normal_replay,GroupDiverse-Gap
RUN_134,TRIAD_045,A15_GroupDiverse-Gap_B3000,R1,1343723075,963122165,88,Det/images/normal_train/01127341.png,0,06,ordinary,0.3661689201,0.78,0.1867492084,normal_replay,GroupDiverse-Gap
RUN_134,TRIAD_045,A15_GroupDiverse-Gap_B3000,R1,1343723075,963122165,89,Det/images/normal_train/01009293.png,0,07,easy_clean,0.0086283352,1.0,0.0103280301,normal_replay,GroupDiverse-Gap
RUN_134,TRIAD_045,A15_GroupDiverse-Gap_B3000,R1,1343723075,963122165,90,Det/images/normal_train/01118079.png,0,02,easy_clean,0.0330720145,1.0,0.0353697876,normal_replay,GroupDiverse-Gap
RUN_134,TRIAD_045,A15_GroupDiverse-Gap_B3000,R1,1343723075,963122165,91,Det/images/normal_train/01170785.png,0,09,easy_clean,0.067144689,1.0,0.0590974546,normal_replay,GroupDiverse-Gap
RUN_134,TRIAD_045,A15_GroupDiverse-Gap_B3000,R1,1343723075,963122165,92,Det/images/normal_train/00952861.png,0,09,unstable_boundary,0.3799619915,0.815,0.1211823456,normal_replay,GroupDiverse-Gap
RUN_134,TRIAD_045,A15_GroupDiverse-Gap_B3000,R1,1343723075,963122165,93,Det/images/normal_train/01006437.png,0,05,easy_clean,0.0096035079,1.0,0.0260672522,normal_replay,GroupDiverse-Gap
RUN_134,TRIAD_045,A15_GroupDiverse-Gap_B3000,R1,1343723075,963122165,94,Det/images/normal_train/00182520.png,0,08,easy_clean,0.0112217077,1.0,0.0157408557,normal_replay,GroupDiverse-Gap
RUN_134,TRIAD_045,A15_GroupDiverse-Gap_B3000,R1,1343723075,963122165,95,Det/images/normal_train/01123884.png,0,06,easy_clean,0.0085008085,1.0,0.0099577532,normal_replay,GroupDiverse-Gap
RUN_134,TRIAD_045,A15_GroupDiverse-Gap_B3000,R1,1343723075,963122165,96,Det/images/normal_train/00173881.png,0,04,easy_clean,0.0265617116,1.0,0.0290223433,normal_replay,GroupDiverse-Gap
RUN_134,TRIAD_045,A15_GroupDiverse-Gap_B3000,R1,1343723075,963122165,97,Det/images/normal_train/00848410.png,0,07,easy_clean,0.0018486994,1.0,0.0041108667,normal_replay,GroupDiverse-Gap
RUN_134,TRIAD_045,A15_GroupDiverse-Gap_B3000,R1,1343723075,963122165,98,Det/images/normal_train/00825390.png,0,02,easy_clean,0.0007122854,1.0,0.0010689162,normal_replay,GroupDiverse-Gap
RUN_134,TRIAD_045,A15_GroupDiverse-Gap_B3000,R1,1343723075,963122165,99,Det/images/normal_train/00868888.png,0,09,learnable_hard,0.0934440742,0.995,0.0715470322,normal_replay,GroupDiverse-Gap
RUN_134,TRIAD_045,A15_GroupDiverse-Gap_B3000,R1,1343723075,963122165,100,Det/images/normal_train/00264206.png,0,07,easy_clean,0.0028028337,1.0,0.005269921,normal_replay,GroupDiverse-Gap
RUN_134,TRIAD_045,A15_GroupDiverse-Gap_B3000,R1,1343723075,963122165,101,Det/images/normal_train/00559579.png,0,03,easy_clean,0.0211021723,1.0,0.0387307148,normal_replay,GroupDiverse-Gap
RUN_134,TRIAD_045,A15_GroupDiverse-Gap_B3000,R1,1343723075,963122165,102,Det/images/normal_train/00931200.png,0,02,easy_clean,0.0462337297,1.0,0.0526526021,normal_replay,GroupDiverse-Gap
RUN_134,TRIAD_045,A15_GroupDiverse-Gap_B3000,R1,1343723075,963122165,103,Det/images/normal_train/01214707.png,0,00,easy_clean,0.0089908763,1.0,0.0088681261,normal_replay,GroupDiverse-Gap
RUN_134,TRIAD_045,A15_GroupDiverse-Gap_B3000,R1,1343723075,963122165,104,Det/images/normal_train/01038408.png,0,00,easy_clean,0.0227726793,1.0,0.0373609349,normal_replay,GroupDiverse-Gap
RUN_134,TRIAD_045,A15_GroupDiverse-Gap_B3000,R1,1343723075,963122165,105,Det/images/normal_train/01183691.png,0,04,ordinary,0.4127586523,0.76,0.1789935416,normal_replay,GroupDiverse-Gap
RUN_134,TRIAD_045,A15_GroupDiverse-Gap_B3000,R1,1343723075,963122165,106,Det/images/normal_train/00845447.png,0,04,easy_clean,0.0016146232,1.0,0.0018216023,normal_replay,GroupDiverse-Gap
RUN_134,TRIAD_045,A15_GroupDiverse-Gap_B3000,R1,1343723075,963122165,107,Det/images/normal_train/00821279.png,0,06,easy_clean,0.0149585812,1.0,0.0198039267,normal_replay,GroupDiverse-Gap
RUN_134,TRIAD_045,A15_GroupDiverse-Gap_B3000,R1,1343723075,963122165,108,Det/images/normal_train/01204242.png,0,09,easy_clean,0.0028576591,1.0,0.0038175183,normal_replay,GroupDiverse-Gap
RUN_134,TRIAD_045,A15_GroupDiverse-Gap_B3000,R1,1343723075,963122165,109,Det/images/normal_train/00220031.png,0,04,ordinary,0.3568294981,0.8,0.1757650123,normal_replay,GroupDiverse-Gap
RUN_134,TRIAD_045,A15_GroupDiverse-Gap_B3000,R1,1343723075,963122165,110,Det/images/normal_train/00343823.png,0,02,easy_clean,0.0210730043,1.0,0.0335718825,normal_replay,GroupDiverse-Gap
RUN_134,TRIAD_045,A15_GroupDiverse-Gap_B3000,R1,1343723075,963122165,111,Det/images/normal_train/00547699.png,0,05,easy_clean,0.0524394637,1.0,0.0451577495,normal_replay,GroupDiverse-Gap
RUN_134,TRIAD_045,A15_GroupDiverse-Gap_B3000,R1,1343723075,963122165,112,Det/images/normal_train/00531420.png,0,04,easy_clean,0.0044680358,1.0,0.0046623946,normal_replay,GroupDiverse-Gap
RUN_134,TRIAD_045,A15_GroupDiverse-Gap_B3000,R1,1343723075,963122165,113,Det/images/normal_train/00830905.png,0,06,easy_clean,0.0078339032,1.0,0.0173125015,normal_replay,GroupDiverse-Gap
RUN_134,TRIAD_045,A15_GroupDiverse-Gap_B3000,R1,1343723075,963122165,114,Det/images/normal_train/01226790.png,0,00,easy_clean,0.0273408252,1.0,0.0356803554,normal_replay,GroupDiverse-Gap
RUN_134,TRIAD_045,A15_GroupDiverse-Gap_B3000,R1,1343723075,963122165,115,Det/images/normal_train/00480868.png,0,07,easy_clean,0.0028581012,1.0,0.0038827751,normal_replay,GroupDiverse-Gap
RUN_134,TRIAD_045,A15_GroupDiverse-Gap_B3000,R1,1343723075,963122165,116,Det/images/normal_train/00730897.png,0,09,easy_clean,0.0262566042,1.0,0.0239646399,normal_replay,GroupDiverse-Gap
RUN_134,TRIAD_045,A15_GroupDiverse-Gap_B3000,R1,1343723075,963122165,117,Det/images/normal_train/00467965.png,0,01,easy_clean,0.0407994412,1.0,0.0659175614,normal_replay,GroupDiverse-Gap
RUN_134,TRIAD_045,A15_GroupDiverse-Gap_B3000,R1,1343723075,963122165,118,Det/images/normal_train/00712452.png,0,01,easy_clean,0.0021458435,1.0,0.0076548576,normal_replay,GroupDiverse-Gap
RUN_134,TRIAD_045,A15_GroupDiverse-Gap_B3000,R1,1343723075,963122165,119,Det/images/normal_train/00821982.png,0,06,easy_clean,0.0019130325,1.0,0.0031398586,normal_replay,GroupDiverse-Gap
RUN_134,TRIAD_045,A15_GroupDiverse-Gap_B3000,R1,1343723075,963122165,120,Det/images/normal_train/00196547.png,0,03,easy_clean,0.0062433351,1.0,0.0086377974,normal_replay,GroupDiverse-Gap
RUN_134,TRIAD_045,A15_GroupDiverse-Gap_B3000,R1,1343723075,963122165,121,Det/images/normal_train/01156003.png,0,00,easy_clean,0.0241407943,1.0,0.0202676112,normal_replay,GroupDiverse-Gap
RUN_134,TRIAD_045,A15_GroupDiverse-Gap_B3000,R1,1343723075,963122165,122,Det/images/normal_train/00291174.png,0,04,easy_clean,0.0090592681,1.0,0.012788741,normal_replay,GroupDiverse-Gap
RUN_134,TRIAD_045,A15_GroupDiverse-Gap_B3000,R1,1343723075,963122165,123,Det/images/normal_train/00541727.png,0,08,learnable_hard,0.0814151761,0.99,0.0865758563,normal_replay,GroupDiverse-Gap
RUN_134,TRIAD_045,A15_GroupDiverse-Gap_B3000,R1,1343723075,963122165,124,Det/images/normal_train/01105125.png,0,05,easy_clean,0.0527058589,1.0,0.0474694071,normal_replay,GroupDiverse-Gap
RUN_134,TRIAD_045,A15_GroupDiverse-Gap_B3000,R1,1343723075,963122165,125,Det/images/normal_train/00245983.png,0,08,easy_clean,0.0088175277,1.0,0.0120080132,normal_replay,GroupDiverse-Gap
RUN_134,TRIAD_045,A15_GroupDiverse-Gap_B3000,R1,1343723075,963122165,126,Det/images/normal_train/00890806.png,0,06,easy_clean,0.0232372528,1.0,0.0174233763,normal_replay,GroupDiverse-Gap
RUN_134,TRIAD_045,A15_GroupDiverse-Gap_B3000,R1,1343723075,963122165,127,Det/images/normal_train/01149708.png,0,05,easy_clean,0.0296462764,1.0,0.0297156241,normal_replay,GroupDiverse-Gap
RUN_134,TRIAD_045,A15_GroupDiverse-Gap_B3000,R1,1343723075,963122165,128,Det/images/normal_train/00720721.png,0,09,easy_clean,0.0151881305,1.0,0.015004087,normal_replay,GroupDiverse-Gap
RUN_134,TRIAD_045,A15_GroupDiverse-Gap_B3000,R1,1343723075,963122165,129,Det/images/normal_train/00782928.png,0,02,easy_clean,0.0277206497,1.0,0.0519103781,normal_replay,GroupDiverse-Gap
RUN_134,TRIAD_045,A15_GroupDiverse-Gap_B3000,R1,1343723075,963122165,130,Det/images/normal_train/00536832.png,0,02,learnable_hard,0.0435476803,0.995,0.0570686424,normal_replay,GroupDiverse-Gap
RUN_134,TRIAD_045,A15_GroupDiverse-Gap_B3000,R1,1343723075,963122165,131,Det/images/normal_train/01261183.png,0,00,easy_clean,0.0722998245,1.0,0.0595621092,normal_replay,GroupDiverse-Gap
RUN_134,TRIAD_045,A15_GroupDiverse-Gap_B3000,R1,1343723075,963122165,132,Det/images/normal_train/00302345.png,0,09,easy_clean,0.0019559492,1.0,0.0071010778,normal_replay,GroupDiverse-Gap
RUN_134,TRIAD_045,A15_GroupDiverse-Gap_B3000,R1,1343723075,963122165,133,Det/images/normal_train/00353087.png,0,02,easy_clean,0.0007501056,1.0,0.0010903379,normal_replay,GroupDiverse-Gap
RUN_134,TRIAD_045,A15_GroupDiverse-Gap_B3000,R1,1343723075,963122165,134,Det/images/normal_train/00896836.png,0,07,easy_clean,0.0053056419,1.0,0.0069623008,normal_replay,GroupDiverse-Gap
RUN_134,TRIAD_045,A15_GroupDiverse-Gap_B3000,R1,1343723075,963122165,135,Det/images/normal_train/00540276.png,0,05,easy_clean,0.012055083,1.0,0.0154034737,normal_replay,GroupDiverse-Gap
RUN_134,TRIAD_045,A15_GroupDiverse-Gap_B3000,R1,1343723075,963122165,136,Det/images/normal_train/01121761.png,0,02,ordinary,0.0954551941,1.0,0.0978537287,normal_replay,GroupDiverse-Gap
RUN_134,TRIAD_045,A15_GroupDiverse-Gap_B3000,R1,1343723075,963122165,137,Det/images/normal_train/00346803.png,0,07,easy_clean,0.0917842778,1.0,0.0672059011,normal_replay,GroupDiverse-Gap
RUN_134,TRIAD_045,A15_GroupDiverse-Gap_B3000,R1,1343723075,963122165,138,Det/images/normal_train/00577053.png,0,05,easy_clean,0.001026653,1.0,0.0025295682,normal_replay,GroupDiverse-Gap
RUN_134,TRIAD_045,A15_GroupDiverse-Gap_B3000,R1,1343723075,963122165,139,Det/images/normal_train/01296045.png,0,07,easy_clean,0.0501874494,1.0,0.0253880083,normal_replay,GroupDiverse-Gap
RUN_134,TRIAD_045,A15_GroupDiverse-Gap_B3000,R1,1343723075,963122165,140,Det/images/normal_train/00915592.png,0,09,easy_clean,0.0070435701,1.0,0.0090173017,normal_replay,GroupDiverse-Gap
RUN_134,TRIAD_045,A15_GroupDiverse-Gap_B3000,R1,1343723075,963122165,141,Det/images/normal_train/00901324.png,0,06,easy_clean,0.0335578924,1.0,0.0213376908,normal_replay,GroupDiverse-Gap
RUN_134,TRIAD_045,A15_GroupDiverse-Gap_B3000,R1,1343723075,963122165,142,Det/images/normal_train/00843800.png,0,06,easy_clean,0.0014165019,1.0,0.0023807918,normal_replay,GroupDiverse-Gap
RUN_134,TRIAD_045,A15_GroupDiverse-Gap_B3000,R1,1343723075,963122165,143,Det/images/normal_train/00773653.png,0,01,easy_clean,0.0301285035,1.0,0.0535394699,normal_replay,GroupDiverse-Gap
RUN_134,TRIAD_045,A15_GroupDiverse-Gap_B3000,R1,1343723075,963122165,144,Det/images/normal_train/00451776.png,0,06,easy_clean,0.0117590454,1.0,0.0108873216,normal_replay,GroupDiverse-Gap
RUN_134,TRIAD_045,A15_GroupDiverse-Gap_B3000,R1,1343723075,963122165,145,Det/images/normal_train/01116766.png,0,04,easy_clean,0.0372183177,1.0,0.0264878415,normal_replay,GroupDiverse-Gap
RUN_134,TRIAD_045,A15_GroupDiverse-Gap_B3000,R1,1343723075,963122165,146,Det/images/normal_train/00190544.png,0,09,easy_clean,0.03004909,1.0,0.0288824002,normal_replay,GroupDiverse-Gap
RUN_134,TRIAD_045,A15_GroupDiverse-Gap_B3000,R1,1343723075,963122165,147,Det/images/normal_train/00410690.png,0,00,learnable_hard,0.1935070805,0.985,0.0893064479,normal_replay,GroupDiverse-Gap
RUN_134,TRIAD_045,A15_GroupDiverse-Gap_B3000,R1,1343723075,963122165,148,Det/images/normal_train/00847219.png,0,04,learnable_hard,0.1764332835,0.995,0.0953482599,normal_replay,GroupDiverse-Gap
RUN_134,TRIAD_045,A15_GroupDiverse-Gap_B3000,R1,1343723075,963122165,149,Det/images/normal_train/01012167.png,0,00,easy_clean,0.0027725378,1.0,0.0075609114,normal_replay,GroupDiverse-Gap
RUN_134,TRIAD_045,A15_GroupDiverse-Gap_B3000,R1,1343723075,963122165,150,Det/images/normal_train/00904299.png,0,06,learnable_hard,0.6420651104,0.235,0.1765774832,normal_replay,GroupDiverse-Gap
RUN_134,TRIAD_045,A15_GroupDiverse-Gap_B3000,R1,1343723075,963122165,151,Det/images/normal_train/00527424.png,0,07,easy_clean,0.0103748237,1.0,0.0132673102,normal_replay,GroupDiverse-Gap
RUN_134,TRIAD_045,A15_GroupDiverse-Gap_B3000,R1,1343723075,963122165,152,Det/images/normal_train/01042775.png,0,01,easy_clean,0.0789565688,1.0,0.0804783127,normal_replay,GroupDiverse-Gap
RUN_134,TRIAD_045,A15_GroupDiverse-Gap_B3000,R1,1343723075,963122165,153,Det/images/normal_train/01131938.png,0,01,easy_clean,0.0687704287,1.0,0.0403755836,normal_replay,GroupDiverse-Gap
RUN_134,TRIAD_045,A15_GroupDiverse-Gap_B3000,R1,1343723075,963122165,154,Det/images/normal_train/00333520.png,0,00,easy_clean,0.013684778,1.0,0.0182324343,normal_replay,GroupDiverse-Gap
RUN_134,TRIAD_045,A15_GroupDiverse-Gap_B3000,R1,1343723075,963122165,155,Det/images/normal_train/00297266.png,0,08,easy_clean,0.0005333842,1.0,0.0008126861,normal_replay,GroupDiverse-Gap
RUN_134,TRIAD_045,A15_GroupDiverse-Gap_B3000,R1,1343723075,963122165,156,Det/images/normal_train/01170433.png,0,09,easy_clean,0.0806189117,1.0,0.0519870181,normal_replay,GroupDiverse-Gap
RUN_134,TRIAD_045,A15_GroupDiverse-Gap_B3000,R1,1343723075,963122165,157,Det/images/normal_train/00864721.png,0,07,easy_clean,0.0053575548,1.0,0.0076343099,normal_replay,GroupDiverse-Gap
RUN_134,TRIAD_045,A15_GroupDiverse-Gap_B3000,R1,1343723075,963122165,158,Det/images/normal_train/00331556.png,0,02,easy_clean,0.0039932456,1.0,0.0171091395,normal_replay,GroupDiverse-Gap
RUN_134,TRIAD_045,A15_GroupDiverse-Gap_B3000,R1,1343723075,963122165,159,Det/images/normal_train/00255059.png,0,08,learnable_hard,0.0495614665,0.99,0.0679238043,normal_replay,GroupDiverse-Gap
RUN_134,TRIAD_045,A15_GroupDiverse-Gap_B3000,R1,1343723075,963122165,160,Det/images/normal_train/00415026.png,0,04,easy_clean,0.0306162616,1.0,0.0386313718,normal_replay,GroupDiverse-Gap
RUN_134,TRIAD_045,A15_GroupDiverse-Gap_B3000,R1,1343723075,963122165,161,Det/images/normal_train/00213674.png,0,03,easy_clean,0.0428760035,1.0,0.0298852252,normal_replay,GroupDiverse-Gap
RUN_134,TRIAD_045,A15_GroupDiverse-Gap_B3000,R1,1343723075,963122165,162,Det/images/normal_train/00835692.png,0,02,easy_clean,0.0035727223,1.0,0.0077233368,normal_replay,GroupDiverse-Gap
RUN_134,TRIAD_045,A15_GroupDiverse-Gap_B3000,R1,1343723075,963122165,163,Det/images/normal_train/00883788.png,0,05,learnable_hard,0.7560695788,0.02,0.108155569,normal_replay,GroupDiverse-Gap
RUN_134,TRIAD_045,A15_GroupDiverse-Gap_B3000,R1,1343723075,963122165,164,Det/images/normal_train/01088240.png,0,00,learnable_hard,0.0329731978,0.995,0.052688789,normal_replay,GroupDiverse-Gap
RUN_134,TRIAD_045,A15_GroupDiverse-Gap_B3000,R1,1343723075,963122165,165,Det/images/normal_train/00368300.png,0,02,easy_clean,0.0045214186,1.0,0.0100609455,normal_replay,GroupDiverse-Gap
RUN_134,TRIAD_045,A15_GroupDiverse-Gap_B3000,R1,1343723075,963122165,166,Det/images/normal_train/00799595.png,0,09,easy_clean,0.0238466488,1.0,0.0433254772,normal_replay,GroupDiverse-Gap
RUN_134,TRIAD_045,A15_GroupDiverse-Gap_B3000,R1,1343723075,963122165,167,Det/images/normal_train/00379000.png,0,02,easy_clean,0.0053189132,1.0,0.0139031365,normal_replay,GroupDiverse-Gap
RUN_134,TRIAD_045,A15_GroupDiverse-Gap_B3000,R1,1343723075,963122165,168,Det/images/normal_train/00912728.png,0,01,learnable_hard,0.2028144882,0.965,0.1356102868,normal_replay,GroupDiverse-Gap
RUN_134,TRIAD_045,A15_GroupDiverse-Gap_B3000,R1,1343723075,963122165,169,Det/images/normal_train/00614819.png,0,05,easy_clean,0.0032822751,1.0,0.0043246453,normal_replay,GroupDiverse-Gap
RUN_134,TRIAD_045,A15_GroupDiverse-Gap_B3000,R1,1343723075,963122165,170,Det/images/normal_train/00656529.png,0,08,easy_clean,0.0016815925,1.0,0.0017658955,normal_replay,GroupDiverse-Gap
RUN_134,TRIAD_045,A15_GroupDiverse-Gap_B3000,R1,1343723075,963122165,171,Det/images/normal_train/01138420.png,0,02,easy_clean,0.0003993905,1.0,0.0005880073,normal_replay,GroupDiverse-Gap
RUN_134,TRIAD_045,A15_GroupDiverse-Gap_B3000,R1,1343723075,963122165,172,Det/images/normal_train/00210454.png,0,00,ordinary,0.1693323746,1.0,0.0829226846,normal_replay,GroupDiverse-Gap
RUN_134,TRIAD_045,A15_GroupDiverse-Gap_B3000,R1,1343723075,963122165,173,Det/images/normal_train/00963661.png,0,05,easy_clean,0.0184940502,1.0,0.0385368344,normal_replay,GroupDiverse-Gap
RUN_134,TRIAD_045,A15_GroupDiverse-Gap_B3000,R1,1343723075,963122165,174,Det/images/normal_train/00719514.png,0,01,learnable_hard,0.0780185714,0.995,0.077164724,normal_replay,GroupDiverse-Gap
RUN_134,TRIAD_045,A15_GroupDiverse-Gap_B3000,R1,1343723075,963122165,175,Det/images/normal_train/00190615.png,0,09,easy_clean,0.0065871643,1.0,0.0280091271,normal_replay,GroupDiverse-Gap
RUN_134,TRIAD_045,A15_GroupDiverse-Gap_B3000,R1,1343723075,963122165,176,Det/images/normal_train/00175510.png,0,06,easy_clean,0.0153069089,1.0,0.0166226479,normal_replay,GroupDiverse-Gap
RUN_134,TRIAD_045,A15_GroupDiverse-Gap_B3000,R1,1343723075,963122165,177,Det/images/normal_train/00347387.png,0,09,easy_clean,0.0079248167,1.0,0.007584384,normal_replay,GroupDiverse-Gap
RUN_134,TRIAD_045,A15_GroupDiverse-Gap_B3000,R1,1343723075,963122165,178,Det/images/normal_train/00664053.png,0,06,easy_clean,0.0032705759,1.0,0.0120662147,normal_replay,GroupDiverse-Gap
RUN_134,TRIAD_045,A15_GroupDiverse-Gap_B3000,R1,1343723075,963122165,179,Det/images/normal_train/00835731.png,0,02,ordinary,0.0891814213,1.0,0.1005529038,normal_replay,GroupDiverse-Gap
RUN_134,TRIAD_045,A15_GroupDiverse-Gap_B3000,R1,1343723075,963122165,180,Det/images/normal_train/01027138.png,0,08,easy_clean,0.0570395262,1.0,0.0692385406,normal_replay,GroupDiverse-Gap
RUN_134,TRIAD_045,A15_GroupDiverse-Gap_B3000,R1,1343723075,963122165,181,Det/images/normal_train/01114970.png,0,04,easy_clean,0.0052364079,1.0,0.009159726,normal_replay,GroupDiverse-Gap
RUN_134,TRIAD_045,A15_GroupDiverse-Gap_B3000,R1,1343723075,963122165,182,Det/images/normal_train/00309477.png,0,00,easy_clean,0.0008375004,1.0,0.0014710267,normal_replay,GroupDiverse-Gap
RUN_134,TRIAD_045,A15_GroupDiverse-Gap_B3000,R1,1343723075,963122165,183,Det/images/normal_train/01091405.png,0,02,easy_clean,0.0372430925,1.0,0.0298285066,normal_replay,GroupDiverse-Gap
RUN_134,TRIAD_045,A15_GroupDiverse-Gap_B3000,R1,1343723075,963122165,184,Det/images/normal_train/00234935.png,0,06,easy_clean,0.0026270544,1.0,0.0036335426,normal_replay,GroupDiverse-Gap
RUN_134,TRIAD_045,A15_GroupDiverse-Gap_B3000,R1,1343723075,963122165,185,Det/images/normal_train/00405822.png,0,05,easy_clean,0.0627124819,0.995,0.0877058386,normal_replay,GroupDiverse-Gap
RUN_134,TRIAD_045,A15_GroupDiverse-Gap_B3000,R1,1343723075,963122165,186,Det/images/normal_train/00857163.png,0,01,learnable_hard,0.1770583528,0.96,0.146345114,normal_replay,GroupDiverse-Gap
RUN_134,TRIAD_045,A15_GroupDiverse-Gap_B3000,R1,1343723075,963122165,187,Det/images/normal_train/00235681.png,0,07,easy_clean,0.002516163,1.0,0.0045581315,normal_replay,GroupDiverse-Gap
RUN_134,TRIAD_045,A15_GroupDiverse-Gap_B3000,R1,1343723075,963122165,188,Det/images/normal_train/00357030.png,0,09,learnable_hard,0.0385227578,0.995,0.0813964895,normal_replay,GroupDiverse-Gap
RUN_134,TRIAD_045,A15_GroupDiverse-Gap_B3000,R1,1343723075,963122165,189,Det/images/normal_train/00214723.png,0,09,easy_clean,0.0199768521,1.0,0.041457608,normal_replay,GroupDiverse-Gap
RUN_134,TRIAD_045,A15_GroupDiverse-Gap_B3000,R1,1343723075,963122165,190,Det/images/normal_train/01217081.png,0,06,easy_clean,0.0753588935,1.0,0.0725857568,normal_replay,GroupDiverse-Gap
RUN_134,TRIAD_045,A15_GroupDiverse-Gap_B3000,R1,1343723075,963122165,191,Det/images/normal_train/00793552.png,0,05,easy_clean,0.0129280661,1.0,0.0183765299,normal_replay,GroupDiverse-Gap
RUN_134,TRIAD_045,A15_GroupDiverse-Gap_B3000,R1,1343723075,963122165,192,Det/images/normal_train/00923784.png,0,08,easy_clean,0.0004485052,1.0,0.0013573384,normal_replay,GroupDiverse-Gap
RUN_134,TRIAD_045,A15_GroupDiverse-Gap_B3000,R1,1343723075,963122165,193,Det/images/normal_train/00533565.png,0,02,ordinary,0.2018699771,1.0,0.1191908188,normal_replay,GroupDiverse-Gap
RUN_134,TRIAD_045,A15_GroupDiverse-Gap_B3000,R1,1343723075,963122165,194,Det/images/normal_train/00258335.png,0,02,easy_clean,0.0184415743,1.0,0.018336637,normal_replay,GroupDiverse-Gap
RUN_134,TRIAD_045,A15_GroupDiverse-Gap_B3000,R1,1343723075,963122165,195,Det/images/normal_train/00445699.png,0,08,easy_clean,0.0100700407,1.0,0.0160579288,normal_replay,GroupDiverse-Gap
RUN_134,TRIAD_045,A15_GroupDiverse-Gap_B3000,R1,1343723075,963122165,196,Det/images/normal_train/01167073.png,0,01,learnable_hard,0.4088480373,0.48,0.2163920985,normal_replay,GroupDiverse-Gap
RUN_134,TRIAD_045,A15_GroupDiverse-Gap_B3000,R1,1343723075,963122165,197,Det/images/normal_train/00854965.png,0,09,easy_clean,0.0064470574,1.0,0.0140032279,normal_replay,GroupDiverse-Gap
RUN_134,TRIAD_045,A15_GroupDiverse-Gap_B3000,R1,1343723075,963122165,198,Det/images/normal_train/00503535.png,0,03,easy_clean,0.018596759,1.0,0.0254721666,normal_replay,GroupDiverse-Gap
RUN_134,TRIAD_045,A15_GroupDiverse-Gap_B3000,R1,1343723075,963122165,199,Det/images/normal_train/00534032.png,0,03,easy_clean,0.0034051726,1.0,0.0066008748,normal_replay,GroupDiverse-Gap
RUN_134,TRIAD_045,A15_GroupDiverse-Gap_B3000,R1,1343723075,963122165,200,Det/images/normal_train/00399709.png,0,08,learnable_hard,0.0725156872,0.99,0.1032106398,normal_replay,GroupDiverse-Gap
RUN_134,TRIAD_045,A15_GroupDiverse-Gap_B3000,R1,1343723075,963122165,201,Det/images/normal_train/01011229.png,0,07,easy_clean,0.0019545391,1.0,0.0032068981,normal_replay,GroupDiverse-Gap
RUN_134,TRIAD_045,A15_GroupDiverse-Gap_B3000,R1,1343723075,963122165,202,Det/images/normal_train/00816268.png,0,00,easy_clean,0.0250442813,1.0,0.0277097945,normal_replay,GroupDiverse-Gap
RUN_134,TRIAD_045,A15_GroupDiverse-Gap_B3000,R1,1343723075,963122165,203,Det/images/normal_train/00378448.png,0,05,easy_clean,0.0009876474,1.0,0.0020070548,normal_replay,GroupDiverse-Gap
RUN_134,TRIAD_045,A15_GroupDiverse-Gap_B3000,R1,1343723075,963122165,204,Det/images/normal_train/00957375.png,0,02,easy_clean,0.0008429223,1.0,0.001063997,normal_replay,GroupDiverse-Gap
RUN_134,TRIAD_045,A15_GroupDiverse-Gap_B3000,R1,1343723075,963122165,205,Det/images/normal_train/00212412.png,0,05,easy_clean,0.019260515,1.0,0.0369408385,normal_replay,GroupDiverse-Gap
RUN_134,TRIAD_045,A15_GroupDiverse-Gap_B3000,R1,1343723075,963122165,206,Det/images/normal_train/01080919.png,0,03,learnable_hard,0.1410339291,0.99,0.1343167432,normal_replay,GroupDiverse-Gap
RUN_134,TRIAD_045,A15_GroupDiverse-Gap_B3000,R1,1343723075,963122165,207,Det/images/normal_train/01217284.png,0,06,learnable_hard,0.0609470532,0.995,0.0559768318,normal_replay,GroupDiverse-Gap
RUN_134,TRIAD_045,A15_GroupDiverse-Gap_B3000,R1,1343723075,963122165,208,Det/images/normal_train/00965385.png,0,03,easy_clean,0.0236691587,1.0,0.0235594994,normal_replay,GroupDiverse-Gap
RUN_134,TRIAD_045,A15_GroupDiverse-Gap_B3000,R1,1343723075,963122165,209,Det/images/normal_train/00967245.png,0,04,learnable_hard,0.7267553312,0.055,0.1220245548,normal_replay,GroupDiverse-Gap
RUN_134,TRIAD_045,A15_GroupDiverse-Gap_B3000,R1,1343723075,963122165,210,Det/images/normal_train/01291998.png,0,07,easy_clean,0.0059870279,1.0,0.0165354447,normal_replay,GroupDiverse-Gap
RUN_134,TRIAD_045,A15_GroupDiverse-Gap_B3000,R1,1343723075,963122165,211,Det/images/normal_train/01113506.png,0,07,unstable_boundary,0.5480799997,0.57,0.1510574466,normal_replay,GroupDiverse-Gap
RUN_134,TRIAD_045,A15_GroupDiverse-Gap_B3000,R1,1343723075,963122165,212,Det/images/normal_train/00966327.png,0,07,learnable_hard,0.0680415166,0.985,0.0929867915,normal_replay,GroupDiverse-Gap
RUN_134,TRIAD_045,A15_GroupDiverse-Gap_B3000,R1,1343723075,963122165,213,Det/images/normal_train/00858182.png,0,01,easy_clean,0.0142089016,1.0,0.0406511017,normal_replay,GroupDiverse-Gap
RUN_134,TRIAD_045,A15_GroupDiverse-Gap_B3000,R1,1343723075,963122165,214,Det/images/normal_train/00619216.png,0,04,easy_clean,0.0269497682,1.0,0.0337820596,normal_replay,GroupDiverse-Gap
RUN_134,TRIAD_045,A15_GroupDiverse-Gap_B3000,R1,1343723075,963122165,215,Det/images/normal_train/01230061.png,0,01,easy_clean,0.0123402579,1.0,0.0193605765,normal_replay,GroupDiverse-Gap
RUN_134,TRIAD_045,A15_GroupDiverse-Gap_B3000,R1,1343723075,963122165,216,Det/images/normal_train/00389762.png,0,01,easy_clean,0.0058186049,1.0,0.0078051281,normal_replay,GroupDiverse-Gap
RUN_134,TRIAD_045,A15_GroupDiverse-Gap_B3000,R1,1343723075,963122165,217,Det/images/normal_train/01035636.png,0,01,easy_clean,0.000694044,1.0,0.0009706701,normal_replay,GroupDiverse-Gap
RUN_134,TRIAD_045,A15_GroupDiverse-Gap_B3000,R1,1343723075,963122165,218,Det/images/normal_train/00523929.png,0,00,easy_clean,0.0046612089,1.0,0.0068486496,normal_replay,GroupDiverse-Gap
RUN_134,TRIAD_045,A15_GroupDiverse-Gap_B3000,R1,1343723075,963122165,219,Det/images/normal_train/00609273.png,0,08,easy_clean,0.0067203203,1.0,0.0108403255,normal_replay,GroupDiverse-Gap
RUN_134,TRIAD_045,A15_GroupDiverse-Gap_B3000,R1,1343723075,963122165,220,Det/images/normal_train/00910530.png,0,05,easy_clean,0.0147951316,1.0,0.0104840614,normal_replay,GroupDiverse-Gap
RUN_134,TRIAD_045,A15_GroupDiverse-Gap_B3000,R1,1343723075,963122165,221,Det/images/normal_train/00269194.png,0,03,learnable_hard,0.5133068547,0.405,0.2279934747,normal_replay,GroupDiverse-Gap
RUN_134,TRIAD_045,A15_GroupDiverse-Gap_B3000,R1,1343723075,963122165,222,Det/images/normal_train/00555358.png,0,07,easy_clean,0.0099578404,1.0,0.0126518057,normal_replay,GroupDiverse-Gap
RUN_134,TRIAD_045,A15_GroupDiverse-Gap_B3000,R1,1343723075,963122165,223,Det/images/normal_train/00705002.png,0,04,easy_clean,0.0046249911,1.0,0.005225597,normal_replay,GroupDiverse-Gap
RUN_134,TRIAD_045,A15_GroupDiverse-Gap_B3000,R1,1343723075,963122165,224,Det/images/normal_train/00778488.png,0,02,easy_clean,0.0005512686,1.0,0.0014908713,normal_replay,GroupDiverse-Gap
RUN_134,TRIAD_045,A15_GroupDiverse-Gap_B3000,R1,1343723075,963122165,225,Det/images/normal_train/00707815.png,0,07,easy_clean,0.0362898048,1.0,0.0495226583,normal_replay,GroupDiverse-Gap
RUN_134,TRIAD_045,A15_GroupDiverse-Gap_B3000,R1,1343723075,963122165,226,Det/images/normal_train/00535128.png,0,02,easy_clean,0.0002150121,1.0,0.0003848898,normal_replay,GroupDiverse-Gap
RUN_134,TRIAD_045,A15_GroupDiverse-Gap_B3000,R1,1343723075,963122165,227,Det/images/normal_train/01005714.png,0,09,easy_clean,0.0406966761,1.0,0.0647438812,normal_replay,GroupDiverse-Gap
RUN_134,TRIAD_045,A15_GroupDiverse-Gap_B3000,R1,1343723075,963122165,228,Det/images/normal_train/00218997.png,0,09,learnable_hard,0.0837195796,0.995,0.0792947078,normal_replay,GroupDiverse-Gap
RUN_134,TRIAD_045,A15_GroupDiverse-Gap_B3000,R1,1343723075,963122165,229,Det/images/normal_train/00236479.png,0,03,learnable_hard,0.0489302836,0.995,0.0856955066,normal_replay,GroupDiverse-Gap
RUN_134,TRIAD_045,A15_GroupDiverse-Gap_B3000,R1,1343723075,963122165,230,Det/images/normal_train/00684878.png,0,09,easy_clean,0.0067696358,1.0,0.0206515723,normal_replay,GroupDiverse-Gap
RUN_134,TRIAD_045,A15_GroupDiverse-Gap_B3000,R1,1343723075,963122165,231,Det/images/normal_train/00778602.png,0,02,easy_clean,0.001147939,1.0,0.0015476257,normal_replay,GroupDiverse-Gap
RUN_134,TRIAD_045,A15_GroupDiverse-Gap_B3000,R1,1343723075,963122165,232,Det/images/normal_train/00574691.png,0,03,ordinary,0.203433181,1.0,0.1392946188,normal_replay,GroupDiverse-Gap
RUN_134,TRIAD_045,A15_GroupDiverse-Gap_B3000,R1,1343723075,963122165,233,Det/images/normal_train/01008998.png,0,07,easy_clean,0.0056144995,1.0,0.005983066,normal_replay,GroupDiverse-Gap
RUN_134,TRIAD_045,A15_GroupDiverse-Gap_B3000,R1,1343723075,963122165,234,Det/images/normal_train/00999885.png,0,08,easy_clean,0.0726201783,1.0,0.0124593626,normal_replay,GroupDiverse-Gap
RUN_134,TRIAD_045,A15_GroupDiverse-Gap_B3000,R1,1343723075,963122165,235,Det/images/normal_train/00767267.png,0,03,easy_clean,0.0005188114,1.0,0.0020590138,normal_replay,GroupDiverse-Gap
RUN_134,TRIAD_045,A15_GroupDiverse-Gap_B3000,R1,1343723075,963122165,236,Det/images/normal_train/00632292.png,0,09,easy_clean,0.010660568,1.0,0.0177313156,normal_replay,GroupDiverse-Gap
RUN_134,TRIAD_045,A15_GroupDiverse-Gap_B3000,R1,1343723075,963122165,237,Det/images/normal_train/01204268.png,0,09,easy_clean,0.0023836326,1.0,0.0032854183,normal_replay,GroupDiverse-Gap
RUN_134,TRIAD_045,A15_GroupDiverse-Gap_B3000,R1,1343723075,963122165,238,Det/images/normal_train/00232077.png,0,00,easy_clean,0.000646095,1.0,0.0008542603,normal_replay,GroupDiverse-Gap
RUN_134,TRIAD_045,A15_GroupDiverse-Gap_B3000,R1,1343723075,963122165,239,Det/images/normal_train/00348629.png,0,03,easy_clean,0.0015434489,1.0,0.0054269205,normal_replay,GroupDiverse-Gap
RUN_134,TRIAD_045,A15_GroupDiverse-Gap_B3000,R1,1343723075,963122165,240,Det/images/normal_train/00659617.png,0,01,easy_clean,0.0082661706,1.0,0.04043779,normal_replay,GroupDiverse-Gap
RUN_134,TRIAD_045,A15_GroupDiverse-Gap_B3000,R1,1343723075,963122165,241,Det/images/normal_train/00339446.png,0,09,easy_clean,0.0032901866,1.0,0.0073643013,normal_replay,GroupDiverse-Gap
RUN_134,TRIAD_045,A15_GroupDiverse-Gap_B3000,R1,1343723075,963122165,242,Det/images/normal_train/00919700.png,0,04,learnable_hard,0.1461535456,0.99,0.1115810119,normal_replay,GroupDiverse-Gap
RUN_134,TRIAD_045,A15_GroupDiverse-Gap_B3000,R1,1343723075,963122165,243,Det/images/normal_train/00324907.png,0,00,easy_clean,0.0174622222,1.0,0.0189802136,normal_replay,GroupDiverse-Gap
RUN_134,TRIAD_045,A15_GroupDiverse-Gap_B3000,R1,1343723075,963122165,244,Det/images/normal_train/00489453.png,0,02,easy_clean,0.0003045263,1.0,0.0003761491,normal_replay,GroupDiverse-Gap
RUN_134,TRIAD_045,A15_GroupDiverse-Gap_B3000,R1,1343723075,963122165,245,Det/images/normal_train/00804920.png,0,09,easy_clean,0.0123839795,1.0,0.0114510474,normal_replay,GroupDiverse-Gap
RUN_134,TRIAD_045,A15_GroupDiverse-Gap_B3000,R1,1343723075,963122165,246,Det/images/normal_train/01170270.png,0,09,easy_clean,0.0515948374,1.0,0.0479065398,normal_replay,GroupDiverse-Gap
RUN_134,TRIAD_045,A15_GroupDiverse-Gap_B3000,R1,1343723075,963122165,247,Det/images/normal_train/00823387.png,0,02,easy_clean,0.0010264937,1.0,0.0038836062,normal_replay,GroupDiverse-Gap
RUN_134,TRIAD_045,A15_GroupDiverse-Gap_B3000,R1,1343723075,963122165,248,Det/images/normal_train/00193301.png,0,06,easy_clean,0.0011288276,1.0,0.0044403408,normal_replay,GroupDiverse-Gap
RUN_134,TRIAD_045,A15_GroupDiverse-Gap_B3000,R1,1343723075,963122165,249,Det/images/normal_train/01131969.png,0,01,easy_clean,0.0607623482,1.0,0.0325688424,normal_replay,GroupDiverse-Gap
RUN_134,TRIAD_045,A15_GroupDiverse-Gap_B3000,R1,1343723075,963122165,250,Det/images/normal_train/00250120.png,0,09,easy_clean,0.0028430924,1.0,0.0046845169,normal_replay,GroupDiverse-Gap
RUN_134,TRIAD_045,A15_GroupDiverse-Gap_B3000,R1,1343723075,963122165,251,Det/images/normal_train/00205963.png,0,08,easy_clean,0.0018071413,1.0,0.003207897,normal_replay,GroupDiverse-Gap
RUN_134,TRIAD_045,A15_GroupDiverse-Gap_B3000,R1,1343723075,963122165,252,Det/images/normal_train/01213700.png,0,03,easy_clean,0.0202930853,1.0,0.0257457447,normal_replay,GroupDiverse-Gap
RUN_134,TRIAD_045,A15_GroupDiverse-Gap_B3000,R1,1343723075,963122165,253,Det/images/normal_train/00551672.png,0,02,easy_clean,0.0017870804,1.0,0.0068845555,normal_replay,GroupDiverse-Gap
RUN_134,TRIAD_045,A15_GroupDiverse-Gap_B3000,R1,1343723075,963122165,254,Det/images/normal_train/00363712.png,0,02,easy_clean,0.0050272334,1.0,0.007483188,normal_replay,GroupDiverse-Gap
RUN_134,TRIAD_045,A15_GroupDiverse-Gap_B3000,R1,1343723075,963122165,255,Det/images/normal_train/00974738.png,0,05,easy_clean,0.0323402408,0.995,0.0543788806,normal_replay,GroupDiverse-Gap
RUN_134,TRIAD_045,A15_GroupDiverse-Gap_B3000,R1,1343723075,963122165,256,Det/images/normal_train/00687416.png,0,01,easy_clean,0.0141287075,1.0,0.0265623666,normal_replay,GroupDiverse-Gap
RUN_134,TRIAD_045,A15_GroupDiverse-Gap_B3000,R1,1343723075,963122165,257,Det/images/normal_train/00227458.png,0,04,easy_clean,0.0161215055,1.0,0.0210404099,normal_replay,GroupDiverse-Gap
RUN_134,TRIAD_045,A15_GroupDiverse-Gap_B3000,R1,1343723075,963122165,258,Det/images/normal_train/00647259.png,0,01,easy_clean,0.0870516312,1.0,0.0388772596,normal_replay,GroupDiverse-Gap
RUN_134,TRIAD_045,A15_GroupDiverse-Gap_B3000,R1,1343723075,963122165,259,Det/images/normal_train/00208278.png,0,01,easy_clean,0.0029332302,1.0,0.0124373633,normal_replay,GroupDiverse-Gap
RUN_134,TRIAD_045,A15_GroupDiverse-Gap_B3000,R1,1343723075,963122165,260,Det/images/normal_train/00225731.png,0,01,easy_clean,0.0018020248,1.0,0.0055448544,normal_replay,GroupDiverse-Gap
RUN_134,TRIAD_045,A15_GroupDiverse-Gap_B3000,R1,1343723075,963122165,261,Det/images/normal_train/01006691.png,0,05,easy_clean,0.0273235411,1.0,0.0338451893,normal_replay,GroupDiverse-Gap
RUN_134,TRIAD_045,A15_GroupDiverse-Gap_B3000,R1,1343723075,963122165,262,Det/images/normal_train/01186560.png,0,09,ordinary,0.110531895,1.0,0.0445228739,normal_replay,GroupDiverse-Gap
RUN_134,TRIAD_045,A15_GroupDiverse-Gap_B3000,R1,1343723075,963122165,263,Det/images/normal_train/01015726.png,0,03,easy_clean,0.0284732743,1.0,0.0242327627,normal_replay,GroupDiverse-Gap
RUN_134,TRIAD_045,A15_GroupDiverse-Gap_B3000,R1,1343723075,963122165,264,Det/images/normal_train/01228927.png,0,02,easy_clean,0.0138947913,1.0,0.0122144941,normal_replay,GroupDiverse-Gap
RUN_134,TRIAD_045,A15_GroupDiverse-Gap_B3000,R1,1343723075,963122165,265,Det/images/normal_train/00842624.png,0,06,learnable_hard,0.0740591656,0.995,0.0603651531,normal_replay,GroupDiverse-Gap
RUN_134,TRIAD_045,A15_GroupDiverse-Gap_B3000,R1,1343723075,963122165,266,Det/images/normal_train/00780837.png,0,00,easy_clean,0.0632930501,0.995,0.0585174926,normal_replay,GroupDiverse-Gap
RUN_134,TRIAD_045,A15_GroupDiverse-Gap_B3000,R1,1343723075,963122165,267,Det/images/normal_train/01213068.png,0,03,learnable_hard,0.1743363985,0.985,0.1336266418,normal_replay,GroupDiverse-Gap
RUN_134,TRIAD_045,A15_GroupDiverse-Gap_B3000,R1,1343723075,963122165,268,Det/images/normal_train/01225616.png,0,01,easy_clean,0.0146243079,1.0,0.0291547196,normal_replay,GroupDiverse-Gap
RUN_134,TRIAD_045,A15_GroupDiverse-Gap_B3000,R1,1343723075,963122165,269,Det/images/normal_train/00801191.png,0,06,easy_clean,0.0114031384,1.0,0.0150336044,normal_replay,GroupDiverse-Gap
RUN_134,TRIAD_045,A15_GroupDiverse-Gap_B3000,R1,1343723075,963122165,270,Det/images/normal_train/00558804.png,0,06,easy_clean,0.0061767413,1.0,0.0080358944,normal_replay,GroupDiverse-Gap
RUN_134,TRIAD_045,A15_GroupDiverse-Gap_B3000,R1,1343723075,963122165,271,Det/images/normal_train/00953364.png,0,06,easy_clean,0.0369103584,1.0,0.0367488374,normal_replay,GroupDiverse-Gap
RUN_134,TRIAD_045,A15_GroupDiverse-Gap_B3000,R1,1343723075,963122165,272,Det/images/normal_train/01095081.png,0,01,learnable_hard,0.1313310847,0.97,0.1362636553,normal_replay,GroupDiverse-Gap
RUN_134,TRIAD_045,A15_GroupDiverse-Gap_B3000,R1,1343723075,963122165,273,Det/images/normal_train/00711830.png,0,08,easy_clean,0.0041230443,1.0,0.0061607439,normal_replay,GroupDiverse-Gap
RUN_134,TRIAD_045,A15_GroupDiverse-Gap_B3000,R1,1343723075,963122165,274,Det/images/normal_train/00222704.png,0,00,easy_clean,0.0044670955,1.0,0.0064762185,normal_replay,GroupDiverse-Gap
RUN_134,TRIAD_045,A15_GroupDiverse-Gap_B3000,R1,1343723075,963122165,275,Det/images/normal_train/01108830.png,0,01,easy_clean,0.0010678607,1.0,0.0015910665,normal_replay,GroupDiverse-Gap
RUN_134,TRIAD_045,A15_GroupDiverse-Gap_B3000,R1,1343723075,963122165,276,Det/images/normal_train/00933589.png,0,03,easy_clean,0.013596654,1.0,0.0162207426,normal_replay,GroupDiverse-Gap
RUN_134,TRIAD_045,A15_GroupDiverse-Gap_B3000,R1,1343723075,963122165,277,Det/images/normal_train/00590099.png,0,04,persistent_hard,0.6020218478,0.425,0.189235846,normal_replay,GroupDiverse-Gap
RUN_134,TRIAD_045,A15_GroupDiverse-Gap_B3000,R1,1343723075,963122165,278,Det/images/normal_train/01002377.png,0,06,easy_clean,0.0109828397,1.0,0.0120293426,normal_replay,GroupDiverse-Gap
RUN_134,TRIAD_045,A15_GroupDiverse-Gap_B3000,R1,1343723075,963122165,279,Det/images/normal_train/00830495.png,0,06,easy_clean,0.0698314536,1.0,0.0720455636,normal_replay,GroupDiverse-Gap
RUN_134,TRIAD_045,A15_GroupDiverse-Gap_B3000,R1,1343723075,963122165,280,Det/images/normal_train/00840408.png,0,00,learnable_hard,0.0091050086,0.995,0.0553902428,normal_replay,GroupDiverse-Gap
RUN_134,TRIAD_045,A15_GroupDiverse-Gap_B3000,R1,1343723075,963122165,281,Det/images/normal_train/01060124.png,0,01,easy_clean,0.0025916758,1.0,0.0044390811,normal_replay,GroupDiverse-Gap
RUN_134,TRIAD_045,A15_GroupDiverse-Gap_B3000,R1,1343723075,963122165,282,Det/images/normal_train/00580030.png,0,02,easy_clean,0.0024892894,1.0,0.0037765945,normal_replay,GroupDiverse-Gap
RUN_134,TRIAD_045,A15_GroupDiverse-Gap_B3000,R1,1343723075,963122165,283,Det/images/normal_train/00874840.png,0,06,ordinary,0.184730956,1.0,0.1379679613,normal_replay,GroupDiverse-Gap
RUN_134,TRIAD_045,A15_GroupDiverse-Gap_B3000,R1,1343723075,963122165,284,Det/images/normal_train/01015161.png,0,03,easy_clean,0.0083139229,1.0,0.0085333187,normal_replay,GroupDiverse-Gap
RUN_134,TRIAD_045,A15_GroupDiverse-Gap_B3000,R1,1343723075,963122165,285,Det/images/normal_train/00216006.png,0,08,easy_clean,0.0264510793,1.0,0.0289505687,normal_replay,GroupDiverse-Gap
RUN_134,TRIAD_045,A15_GroupDiverse-Gap_B3000,R1,1343723075,963122165,286,Det/images/normal_train/00242972.png,0,01,easy_clean,0.0165835467,1.0,0.0324096496,normal_replay,GroupDiverse-Gap
RUN_134,TRIAD_045,A15_GroupDiverse-Gap_B3000,R1,1343723075,963122165,287,Det/images/normal_train/00283102.png,0,03,easy_clean,0.0043445523,1.0,0.0161649294,normal_replay,GroupDiverse-Gap
RUN_134,TRIAD_045,A15_GroupDiverse-Gap_B3000,R1,1343723075,963122165,288,Det/images/normal_train/00518568.png,0,09,easy_clean,0.0003960033,1.0,0.0005693081,normal_replay,GroupDiverse-Gap
RUN_134,TRIAD_045,A15_GroupDiverse-Gap_B3000,R1,1343723075,963122165,289,Det/images/normal_train/00915451.png,0,09,easy_clean,0.0069634696,1.0,0.0198255089,normal_replay,GroupDiverse-Gap
RUN_134,TRIAD_045,A15_GroupDiverse-Gap_B3000,R1,1343723075,963122165,290,Det/images/normal_train/00933639.png,0,03,easy_clean,0.0160832965,1.0,0.0189849948,normal_replay,GroupDiverse-Gap
RUN_134,TRIAD_045,A15_GroupDiverse-Gap_B3000,R1,1343723075,963122165,291,Det/images/normal_train/00375778.png,0,04,easy_clean,0.0157817961,1.0,0.0119623917,normal_replay,GroupDiverse-Gap
RUN_134,TRIAD_045,A15_GroupDiverse-Gap_B3000,R1,1343723075,963122165,292,Det/images/normal_train/01007920.png,0,01,easy_clean,0.0429325058,1.0,0.0360532621,normal_replay,GroupDiverse-Gap
RUN_134,TRIAD_045,A15_GroupDiverse-Gap_B3000,R1,1343723075,963122165,293,Det/images/normal_train/00211767.png,0,06,easy_clean,0.063678604,1.0,0.0375931651,normal_replay,GroupDiverse-Gap
RUN_134,TRIAD_045,A15_GroupDiverse-Gap_B3000,R1,1343723075,963122165,294,Det/images/normal_train/00809742.png,0,05,easy_clean,0.0281311219,1.0,0.021831484,normal_replay,GroupDiverse-Gap
RUN_134,TRIAD_045,A15_GroupDiverse-Gap_B3000,R1,1343723075,963122165,295,Det/images/normal_train/00552356.png,0,07,easy_clean,0.0032906945,1.0,0.0118297498,normal_replay,GroupDiverse-Gap
RUN_134,TRIAD_045,A15_GroupDiverse-Gap_B3000,R1,1343723075,963122165,296,Det/images/normal_train/00284575.png,0,01,learnable_hard,0.1380639551,0.985,0.1242025805,normal_replay,GroupDiverse-Gap
RUN_134,TRIAD_045,A15_GroupDiverse-Gap_B3000,R1,1343723075,963122165,297,Det/images/normal_train/00605058.png,0,01,learnable_hard,0.0629930184,0.995,0.0698961405,normal_replay,GroupDiverse-Gap
RUN_134,TRIAD_045,A15_GroupDiverse-Gap_B3000,R1,1343723075,963122165,298,Det/images/normal_train/00950726.png,0,01,easy_clean,0.0006083841,1.0,0.0008628853,normal_replay,GroupDiverse-Gap
RUN_134,TRIAD_045,A15_GroupDiverse-Gap_B3000,R1,1343723075,963122165,299,Det/images/normal_train/00443140.png,0,00,easy_clean,0.0055412386,1.0,0.0088089891,normal_replay,GroupDiverse-Gap
RUN_134,TRIAD_045,A15_GroupDiverse-Gap_B3000,R1,1343723075,963122165,300,Det/images/normal_train/00219182.png,0,09,easy_clean,0.0488012066,1.0,0.0360471104,normal_replay,GroupDiverse-Gap
RUN_134,TRIAD_045,A15_GroupDiverse-Gap_B3000,R1,1343723075,963122165,301,Det/images/normal_train/00410871.png,0,00,easy_clean,0.0013167516,1.0,0.0036323016,normal_replay,GroupDiverse-Gap
RUN_134,TRIAD_045,A15_GroupDiverse-Gap_B3000,R1,1343723075,963122165,302,Det/images/normal_train/00772975.png,0,01,learnable_hard,0.1128949225,0.99,0.1309386141,normal_replay,GroupDiverse-Gap
RUN_134,TRIAD_045,A15_GroupDiverse-Gap_B3000,R1,1343723075,963122165,303,Det/images/normal_train/00918035.png,0,01,easy_clean,0.0055201546,1.0,0.008181374,normal_replay,GroupDiverse-Gap
RUN_134,TRIAD_045,A15_GroupDiverse-Gap_B3000,R1,1343723075,963122165,304,Det/images/normal_train/01249480.png,0,05,easy_clean,0.016184275,1.0,0.0140021902,normal_replay,GroupDiverse-Gap
RUN_134,TRIAD_045,A15_GroupDiverse-Gap_B3000,R1,1343723075,963122165,305,Det/images/normal_train/00294883.png,0,05,easy_clean,0.010305454,1.0,0.0182242635,normal_replay,GroupDiverse-Gap
RUN_134,TRIAD_045,A15_GroupDiverse-Gap_B3000,R1,1343723075,963122165,306,Det/images/normal_train/00205308.png,0,08,easy_clean,0.0165657343,1.0,0.0466492792,normal_replay,GroupDiverse-Gap
RUN_134,TRIAD_045,A15_GroupDiverse-Gap_B3000,R1,1343723075,963122165,307,Det/images/normal_train/00554796.png,0,03,easy_clean,0.0204829811,1.0,0.0470444417,normal_replay,GroupDiverse-Gap
RUN_134,TRIAD_045,A15_GroupDiverse-Gap_B3000,R1,1343723075,963122165,308,Det/images/normal_train/00918894.png,0,01,easy_clean,0.0108956627,1.0,0.0153693837,normal_replay,GroupDiverse-Gap
RUN_134,TRIAD_045,A15_GroupDiverse-Gap_B3000,R1,1343723075,963122165,309,Det/images/normal_train/00565505.png,0,04,easy_clean,0.0201216784,1.0,0.020609732,normal_replay,GroupDiverse-Gap
RUN_134,TRIAD_045,A15_GroupDiverse-Gap_B3000,R1,1343723075,963122165,310,Det/images/normal_train/01094506.png,0,05,easy_clean,0.0157510516,1.0,0.0195364384,normal_replay,GroupDiverse-Gap
RUN_134,TRIAD_045,A15_GroupDiverse-Gap_B3000,R1,1343723075,963122165,311,Det/images/normal_train/00945841.png,0,08,easy_clean,0.0137567468,1.0,0.0199356813,normal_replay,GroupDiverse-Gap
RUN_134,TRIAD_045,A15_GroupDiverse-Gap_B3000,R1,1343723075,963122165,312,Det/images/normal_train/00610129.png,0,05,easy_clean,0.0018006884,1.0,0.0023148703,normal_replay,GroupDiverse-Gap
RUN_134,TRIAD_045,A15_GroupDiverse-Gap_B3000,R1,1343723075,963122165,313,Det/images/normal_train/00801199.png,0,06,easy_clean,0.0071329591,1.0,0.007272887,normal_replay,GroupDiverse-Gap
RUN_134,TRIAD_045,A15_GroupDiverse-Gap_B3000,R1,1343723075,963122165,314,Det/images/normal_train/01289967.png,0,01,easy_clean,0.007505295,1.0,0.0071286817,normal_replay,GroupDiverse-Gap
RUN_134,TRIAD_045,A15_GroupDiverse-Gap_B3000,R1,1343723075,963122165,315,Det/images/normal_train/01208271.png,0,04,easy_clean,0.0107366296,1.0,0.0100035327,normal_replay,GroupDiverse-Gap
RUN_134,TRIAD_045,A15_GroupDiverse-Gap_B3000,R1,1343723075,963122165,316,Det/images/normal_train/00357287.png,0,09,easy_clean,0.0120357501,1.0,0.0087202169,normal_replay,GroupDiverse-Gap
RUN_134,TRIAD_045,A15_GroupDiverse-Gap_B3000,R1,1343723075,963122165,317,Det/images/normal_train/00608183.png,0,06,easy_clean,0.0049801291,1.0,0.0082323468,normal_replay,GroupDiverse-Gap
RUN_134,TRIAD_045,A15_GroupDiverse-Gap_B3000,R1,1343723075,963122165,318,Det/images/normal_train/00558031.png,0,06,learnable_hard,0.072670039,0.98,0.117267487,normal_replay,GroupDiverse-Gap
RUN_134,TRIAD_045,A15_GroupDiverse-Gap_B3000,R1,1343723075,963122165,319,Det/images/normal_train/00879742.png,0,09,easy_clean,0.0114969299,1.0,0.0216326409,normal_replay,GroupDiverse-Gap
RUN_134,TRIAD_045,A15_GroupDiverse-Gap_B3000,R1,1343723075,963122165,320,Det/images/normal_train/00998468.png,0,03,easy_clean,0.0004612199,1.0,0.0013570233,normal_replay,GroupDiverse-Gap
RUN_134,TRIAD_045,A15_GroupDiverse-Gap_B3000,R1,1343723075,963122165,321,Det/images/normal_train/00760458.png,0,04,easy_clean,0.0060018542,1.0,0.0247004766,normal_replay,GroupDiverse-Gap
RUN_134,TRIAD_045,A15_GroupDiverse-Gap_B3000,R1,1343723075,963122165,322,Det/images/normal_train/00412543.png,0,06,easy_clean,0.0018298583,1.0,0.0035333497,normal_replay,GroupDiverse-Gap
RUN_134,TRIAD_045,A15_GroupDiverse-Gap_B3000,R1,1343723075,963122165,323,Det/images/normal_train/01299416.png,0,03,unstable_boundary,0.4974934889,0.645,0.1555603708,normal_replay,GroupDiverse-Gap
RUN_134,TRIAD_045,A15_GroupDiverse-Gap_B3000,R1,1343723075,963122165,324,Det/images/normal_train/00533647.png,0,02,easy_clean,0.0519582097,1.0,0.0431229123,normal_replay,GroupDiverse-Gap
RUN_134,TRIAD_045,A15_GroupDiverse-Gap_B3000,R1,1343723075,963122165,325,Det/images/normal_train/01220306.png,0,01,learnable_hard,0.0241049286,0.995,0.0656661795,normal_replay,GroupDiverse-Gap
RUN_134,TRIAD_045,A15_GroupDiverse-Gap_B3000,R1,1343723075,963122165,326,Det/images/normal_train/01233783.png,0,09,ordinary,0.1217472523,1.0,0.0675017278,normal_replay,GroupDiverse-Gap
RUN_134,TRIAD_045,A15_GroupDiverse-Gap_B3000,R1,1343723075,963122165,327,Det/images/normal_train/00972811.png,0,03,learnable_hard,0.0163103039,0.995,0.054167318,normal_replay,GroupDiverse-Gap
RUN_134,TRIAD_045,A15_GroupDiverse-Gap_B3000,R1,1343723075,963122165,328,Det/images/normal_train/00594503.png,0,06,easy_clean,0.0012439726,1.0,0.0082775851,normal_replay,GroupDiverse-Gap
RUN_134,TRIAD_045,A15_GroupDiverse-Gap_B3000,R1,1343723075,963122165,329,Det/images/normal_train/00987084.png,0,05,easy_clean,0.0084865559,1.0,0.0137975514,normal_replay,GroupDiverse-Gap
RUN_134,TRIAD_045,A15_GroupDiverse-Gap_B3000,R1,1343723075,963122165,330,Det/images/normal_train/01294718.png,0,05,ordinary,0.1678128936,1.0,0.1298453097,normal_replay,GroupDiverse-Gap
RUN_134,TRIAD_045,A15_GroupDiverse-Gap_B3000,R1,1343723075,963122165,331,Det/images/normal_train/00842596.png,0,06,easy_clean,0.0017694741,1.0,0.0025384596,normal_replay,GroupDiverse-Gap
RUN_134,TRIAD_045,A15_GroupDiverse-Gap_B3000,R1,1343723075,963122165,332,Det/images/normal_train/00828529.png,0,08,easy_clean,0.0058073939,1.0,0.0100520231,normal_replay,GroupDiverse-Gap
RUN_134,TRIAD_045,A15_GroupDiverse-Gap_B3000,R1,1343723075,963122165,333,Det/images/normal_train/00816930.png,0,00,easy_clean,0.0100242917,1.0,0.0113317207,normal_replay,GroupDiverse-Gap
RUN_134,TRIAD_045,A15_GroupDiverse-Gap_B3000,R1,1343723075,963122165,334,Det/images/normal_train/00557844.png,0,01,easy_clean,0.0031743005,1.0,0.0145387223,normal_replay,GroupDiverse-Gap
RUN_134,TRIAD_045,A15_GroupDiverse-Gap_B3000,R1,1343723075,963122165,335,Det/images/normal_train/00539288.png,0,06,easy_clean,0.0072238429,1.0,0.0141333738,normal_replay,GroupDiverse-Gap
RUN_134,TRIAD_045,A15_GroupDiverse-Gap_B3000,R1,1343723075,963122165,336,Det/images/normal_train/01002694.png,0,06,easy_clean,0.0024855414,1.0,0.0061875285,normal_replay,GroupDiverse-Gap
RUN_134,TRIAD_045,A15_GroupDiverse-Gap_B3000,R1,1343723075,963122165,337,Det/images/normal_train/00307347.png,0,08,easy_clean,0.0078367182,1.0,0.0122063867,normal_replay,GroupDiverse-Gap
RUN_134,TRIAD_045,A15_GroupDiverse-Gap_B3000,R1,1343723075,963122165,338,Det/images/normal_train/00406673.png,0,03,easy_clean,0.0719716808,1.0,0.0379353799,normal_replay,GroupDiverse-Gap
RUN_134,TRIAD_045,A15_GroupDiverse-Gap_B3000,R1,1343723075,963122165,339,Det/images/normal_train/00844383.png,0,00,easy_clean,0.0716544627,0.995,0.0766424923,normal_replay,GroupDiverse-Gap
RUN_134,TRIAD_045,A15_GroupDiverse-Gap_B3000,R1,1343723075,963122165,340,Det/images/normal_train/00502931.png,0,01,easy_clean,0.0078992485,1.0,0.0120018389,normal_replay,GroupDiverse-Gap
RUN_134,TRIAD_045,A15_GroupDiverse-Gap_B3000,R1,1343723075,963122165,341,Det/images/normal_train/00970815.png,0,05,easy_clean,0.0003426774,1.0,0.0012244886,normal_replay,GroupDiverse-Gap
RUN_134,TRIAD_045,A15_GroupDiverse-Gap_B3000,R1,1343723075,963122165,342,Det/images/normal_train/00235437.png,0,07,easy_clean,0.0662003285,1.0,0.060996371,normal_replay,GroupDiverse-Gap
RUN_134,TRIAD_045,A15_GroupDiverse-Gap_B3000,R1,1343723075,963122165,343,Det/images/normal_train/00819354.png,0,07,easy_clean,0.0047722346,1.0,0.0069251266,normal_replay,GroupDiverse-Gap
RUN_134,TRIAD_045,A15_GroupDiverse-Gap_B3000,R1,1343723075,963122165,344,Det/images/normal_train/01256795.png,0,02,easy_clean,0.0099135163,1.0,0.0227946037,normal_replay,GroupDiverse-Gap
RUN_134,TRIAD_045,A15_GroupDiverse-Gap_B3000,R1,1343723075,963122165,345,Det/images/normal_train/01024619.png,0,01,easy_clean,0.0045801791,1.0,0.0077343454,normal_replay,GroupDiverse-Gap
RUN_134,TRIAD_045,A15_GroupDiverse-Gap_B3000,R1,1343723075,963122165,346,Det/images/normal_train/00868400.png,0,09,easy_clean,0.06827153,1.0,0.0682335922,normal_replay,GroupDiverse-Gap
RUN_134,TRIAD_045,A15_GroupDiverse-Gap_B3000,R1,1343723075,963122165,347,Det/images/normal_train/01295333.png,0,04,easy_clean,0.0880806654,1.0,0.0514408513,normal_replay,GroupDiverse-Gap
RUN_134,TRIAD_045,A15_GroupDiverse-Gap_B3000,R1,1343723075,963122165,348,Det/images/normal_train/00439644.png,0,03,ordinary,0.4207427281,0.53,0.2163641909,normal_replay,GroupDiverse-Gap
RUN_134,TRIAD_045,A15_GroupDiverse-Gap_B3000,R1,1343723075,963122165,349,Det/images/normal_train/00861548.png,0,09,easy_clean,0.000915146,1.0,0.001510664,normal_replay,GroupDiverse-Gap
RUN_134,TRIAD_045,A15_GroupDiverse-Gap_B3000,R1,1343723075,963122165,350,Det/images/normal_train/00697878.png,0,05,easy_clean,0.0036690701,1.0,0.0111694771,normal_replay,GroupDiverse-Gap
RUN_134,TRIAD_045,A15_GroupDiverse-Gap_B3000,R1,1343723075,963122165,351,Det/images/normal_train/00972497.png,0,03,easy_clean,0.0008134988,1.0,0.0020362137,normal_replay,GroupDiverse-Gap
RUN_134,TRIAD_045,A15_GroupDiverse-Gap_B3000,R1,1343723075,963122165,352,Det/images/normal_train/00292998.png,0,00,learnable_hard,0.0305077323,0.985,0.0966725138,normal_replay,GroupDiverse-Gap
RUN_134,TRIAD_045,A15_GroupDiverse-Gap_B3000,R1,1343723075,963122165,353,Det/images/normal_train/00493485.png,0,03,easy_clean,0.0015339268,1.0,0.0050955081,normal_replay,GroupDiverse-Gap
RUN_134,TRIAD_045,A15_GroupDiverse-Gap_B3000,R1,1343723075,963122165,354,Det/images/normal_train/00334439.png,0,06,easy_clean,0.001622435,1.0,0.0021549872,normal_replay,GroupDiverse-Gap
RUN_134,TRIAD_045,A15_GroupDiverse-Gap_B3000,R1,1343723075,963122165,355,Det/images/normal_train/00758001.png,0,04,learnable_hard,0.0266207831,0.99,0.060365574,normal_replay,GroupDiverse-Gap
RUN_134,TRIAD_045,A15_GroupDiverse-Gap_B3000,R1,1343723075,963122165,356,Det/images/normal_train/01201939.png,0,00,easy_clean,0.0094961906,1.0,0.016292742,normal_replay,GroupDiverse-Gap
RUN_134,TRIAD_045,A15_GroupDiverse-Gap_B3000,R1,1343723075,963122165,357,Det/images/normal_train/00857098.png,0,01,easy_clean,0.0044991014,1.0,0.0098979669,normal_replay,GroupDiverse-Gap
RUN_134,TRIAD_045,A15_GroupDiverse-Gap_B3000,R1,1343723075,963122165,358,Det/images/normal_train/00596742.png,0,02,easy_clean,0.0109684477,1.0,0.0190327064,normal_replay,GroupDiverse-Gap
RUN_134,TRIAD_045,A15_GroupDiverse-Gap_B3000,R1,1343723075,963122165,359,Det/images/normal_train/00937167.png,0,05,easy_clean,0.0207469239,1.0,0.0308314693,normal_replay,GroupDiverse-Gap
RUN_134,TRIAD_045,A15_GroupDiverse-Gap_B3000,R1,1343723075,963122165,360,Det/images/normal_train/00835371.png,0,02,easy_clean,0.0006963211,1.0,0.0017019941,normal_replay,GroupDiverse-Gap
RUN_134,TRIAD_045,A15_GroupDiverse-Gap_B3000,R1,1343723075,963122165,361,Det/images/normal_train/00785037.png,0,04,easy_clean,0.0009151953,1.0,0.0013644667,normal_replay,GroupDiverse-Gap
RUN_134,TRIAD_045,A15_GroupDiverse-Gap_B3000,R1,1343723075,963122165,362,Det/images/normal_train/01136922.png,0,07,easy_clean,0.0299631629,1.0,0.041035032,normal_replay,GroupDiverse-Gap
RUN_134,TRIAD_045,A15_GroupDiverse-Gap_B3000,R1,1343723075,963122165,363,Det/images/normal_train/01054126.png,0,00,easy_clean,0.0442761775,1.0,0.0453064012,normal_replay,GroupDiverse-Gap
RUN_134,TRIAD_045,A15_GroupDiverse-Gap_B3000,R1,1343723075,963122165,364,Det/images/normal_train/01085760.png,0,07,easy_clean,0.0764882288,1.0,0.0443037301,normal_replay,GroupDiverse-Gap
RUN_134,TRIAD_045,A15_GroupDiverse-Gap_B3000,R1,1343723075,963122165,365,Det/images/normal_train/00151290.png,0,01,easy_clean,0.0257051053,1.0,0.036364588,normal_replay,GroupDiverse-Gap
RUN_134,TRIAD_045,A15_GroupDiverse-Gap_B3000,R1,1343723075,963122165,366,Det/images/normal_train/00333516.png,0,00,easy_clean,0.0504284052,1.0,0.0222829182,normal_replay,GroupDiverse-Gap
RUN_134,TRIAD_045,A15_GroupDiverse-Gap_B3000,R1,1343723075,963122165,367,Det/images/normal_train/00972528.png,0,03,easy_clean,0.0028333006,1.0,0.0045698856,normal_replay,GroupDiverse-Gap
RUN_134,TRIAD_045,A15_GroupDiverse-Gap_B3000,R1,1343723075,963122165,368,Det/images/normal_train/01130520.png,0,00,easy_clean,0.024327337,1.0,0.0246371662,normal_replay,GroupDiverse-Gap
RUN_134,TRIAD_045,A15_GroupDiverse-Gap_B3000,R1,1343723075,963122165,369,Det/images/normal_train/00617473.png,0,05,easy_clean,0.0068308907,1.0,0.0079910437,normal_replay,GroupDiverse-Gap
RUN_134,TRIAD_045,A15_GroupDiverse-Gap_B3000,R1,1343723075,963122165,370,Det/images/normal_train/00542171.png,0,04,easy_clean,0.0148729122,1.0,0.0180633995,normal_replay,GroupDiverse-Gap
RUN_134,TRIAD_045,A15_GroupDiverse-Gap_B3000,R1,1343723075,963122165,371,Det/images/normal_train/00754302.png,0,09,easy_clean,0.0180012729,1.0,0.0328967017,normal_replay,GroupDiverse-Gap
RUN_134,TRIAD_045,A15_GroupDiverse-Gap_B3000,R1,1343723075,963122165,372,Det/images/normal_train/01039685.png,0,01,learnable_hard,0.0297285317,0.995,0.0575151344,normal_replay,GroupDiverse-Gap
RUN_134,TRIAD_045,A15_GroupDiverse-Gap_B3000,R1,1343723075,963122165,373,Det/images/normal_train/00295196.png,0,03,easy_clean,0.0003139648,1.0,0.0006321897,normal_replay,GroupDiverse-Gap
RUN_134,TRIAD_045,A15_GroupDiverse-Gap_B3000,R1,1343723075,963122165,374,Det/images/normal_train/00796158.png,0,04,easy_clean,0.0001151396,1.0,0.0002651657,normal_replay,GroupDiverse-Gap
RUN_134,TRIAD_045,A15_GroupDiverse-Gap_B3000,R1,1343723075,963122165,375,Det/images/normal_train/01242289.png,0,02,easy_clean,0.0011915309,1.0,0.0019622162,normal_replay,GroupDiverse-Gap
RUN_134,TRIAD_045,A15_GroupDiverse-Gap_B3000,R1,1343723075,963122165,376,Det/images/normal_train/00176629.png,0,09,easy_clean,0.0354671814,1.0,0.0268409964,normal_replay,GroupDiverse-Gap
RUN_134,TRIAD_045,A15_GroupDiverse-Gap_B3000,R1,1343723075,963122165,377,Det/images/normal_train/00470972.png,0,03,learnable_hard,0.1225502833,0.995,0.0648579405,normal_replay,GroupDiverse-Gap
RUN_134,TRIAD_045,A15_GroupDiverse-Gap_B3000,R1,1343723075,963122165,378,Det/images/normal_train/00830765.png,0,06,ordinary,0.1446024753,1.0,0.1207927029,normal_replay,GroupDiverse-Gap
RUN_134,TRIAD_045,A15_GroupDiverse-Gap_B3000,R1,1343723075,963122165,379,Det/images/normal_train/01278189.png,0,05,easy_clean,0.0037252164,1.0,0.0053877071,normal_replay,GroupDiverse-Gap
RUN_134,TRIAD_045,A15_GroupDiverse-Gap_B3000,R1,1343723075,963122165,380,Det/images/normal_train/00237636.png,0,06,easy_clean,0.0630377913,0.995,0.0761534021,normal_replay,GroupDiverse-Gap
RUN_134,TRIAD_045,A15_GroupDiverse-Gap_B3000,R1,1343723075,963122165,381,Det/images/normal_train/00412715.png,0,06,easy_clean,0.0052329455,1.0,0.0081748828,normal_replay,GroupDiverse-Gap
RUN_134,TRIAD_045,A15_GroupDiverse-Gap_B3000,R1,1343723075,963122165,382,Det/images/normal_train/00233685.png,0,03,easy_clean,0.0009316648,1.0,0.0051088153,normal_replay,GroupDiverse-Gap
RUN_134,TRIAD_045,A15_GroupDiverse-Gap_B3000,R1,1343723075,963122165,383,Det/images/normal_train/00809277.png,0,05,easy_clean,0.0023466404,1.0,0.003283395,normal_replay,GroupDiverse-Gap
RUN_134,TRIAD_045,A15_GroupDiverse-Gap_B3000,R1,1343723075,963122165,384,Det/images/normal_train/00416036.png,0,05,easy_clean,0.0093139221,1.0,0.0078689491,normal_replay,GroupDiverse-Gap
RUN_134,TRIAD_045,A15_GroupDiverse-Gap_B3000,R1,1343723075,963122165,385,Det/images/normal_train/00969320.png,0,04,easy_clean,0.0051396695,1.0,0.0074755929,normal_replay,GroupDiverse-Gap
RUN_134,TRIAD_045,A15_GroupDiverse-Gap_B3000,R1,1343723075,963122165,386,Det/images/normal_train/00176309.png,0,09,easy_clean,0.0046998376,1.0,0.0101268352,normal_replay,GroupDiverse-Gap
RUN_134,TRIAD_045,A15_GroupDiverse-Gap_B3000,R1,1343723075,963122165,387,Det/images/normal_train/00886922.png,0,09,learnable_hard,0.1307442436,0.985,0.104690271,normal_replay,GroupDiverse-Gap
RUN_134,TRIAD_045,A15_GroupDiverse-Gap_B3000,R1,1343723075,963122165,388,Det/images/normal_train/01170074.png,0,09,learnable_hard,0.094798224,0.98,0.0966990674,normal_replay,GroupDiverse-Gap
RUN_134,TRIAD_045,A15_GroupDiverse-Gap_B3000,R1,1343723075,963122165,389,Det/images/normal_train/01292533.png,0,07,ordinary,0.1256983544,1.0,0.0623333657,normal_replay,GroupDiverse-Gap
RUN_134,TRIAD_045,A15_GroupDiverse-Gap_B3000,R1,1343723075,963122165,390,Det/images/normal_train/01242133.png,0,02,easy_clean,0.0001292951,1.0,0.0002001022,normal_replay,GroupDiverse-Gap
RUN_134,TRIAD_045,A15_GroupDiverse-Gap_B3000,R1,1343723075,963122165,391,Det/images/normal_train/00881660.png,0,08,learnable_hard,0.0385906033,0.995,0.0755651723,normal_replay,GroupDiverse-Gap
RUN_134,TRIAD_045,A15_GroupDiverse-Gap_B3000,R1,1343723075,963122165,392,Det/images/normal_train/01241048.png,0,09,easy_clean,6.03456e-05,1.0,0.000120238,normal_replay,GroupDiverse-Gap
RUN_134,TRIAD_045,A15_GroupDiverse-Gap_B3000,R1,1343723075,963122165,393,Det/images/normal_train/01196765.png,0,06,easy_clean,0.0116455725,1.0,0.0151356152,normal_replay,GroupDiverse-Gap
RUN_134,TRIAD_045,A15_GroupDiverse-Gap_B3000,R1,1343723075,963122165,394,Det/images/normal_train/00640635.png,0,02,easy_clean,0.0043455563,1.0,0.0057506342,normal_replay,GroupDiverse-Gap
RUN_134,TRIAD_045,A15_GroupDiverse-Gap_B3000,R1,1343723075,963122165,395,Det/images/normal_train/01002147.png,0,06,easy_clean,0.0053864535,1.0,0.0054740111,normal_replay,GroupDiverse-Gap
RUN_134,TRIAD_045,A15_GroupDiverse-Gap_B3000,R1,1343723075,963122165,396,Det/images/normal_train/00372359.png,0,05,easy_clean,0.0190671944,1.0,0.0256109517,normal_replay,GroupDiverse-Gap
RUN_134,TRIAD_045,A15_GroupDiverse-Gap_B3000,R1,1343723075,963122165,397,Det/images/normal_train/00695564.png,0,03,easy_clean,0.0028907202,1.0,0.0088716935,normal_replay,GroupDiverse-Gap
RUN_134,TRIAD_045,A15_GroupDiverse-Gap_B3000,R1,1343723075,963122165,398,Det/images/normal_train/00888828.png,0,08,easy_clean,0.0173515328,1.0,0.0447631644,normal_replay,GroupDiverse-Gap
RUN_134,TRIAD_045,A15_GroupDiverse-Gap_B3000,R1,1343723075,963122165,399,Det/images/normal_train/00995593.png,0,05,easy_clean,0.0022091527,1.0,0.0044071081,normal_replay,GroupDiverse-Gap
RUN_134,TRIAD_045,A15_GroupDiverse-Gap_B3000,R1,1343723075,963122165,400,Det/images/normal_train/00531397.png,0,04,easy_clean,0.004165105,1.0,0.0038786315,normal_replay,GroupDiverse-Gap
RUN_134,TRIAD_045,A15_GroupDiverse-Gap_B3000,R1,1343723075,963122165,401,Det/images/normal_train/00833066.png,0,02,easy_clean,0.000339191,1.0,0.0009841956,normal_replay,GroupDiverse-Gap
RUN_134,TRIAD_045,A15_GroupDiverse-Gap_B3000,R1,1343723075,963122165,402,Det/images/normal_train/00842420.png,0,06,easy_clean,0.0080616199,1.0,0.0320776805,normal_replay,GroupDiverse-Gap
RUN_134,TRIAD_045,A15_GroupDiverse-Gap_B3000,R1,1343723075,963122165,403,Det/images/normal_train/00290137.png,0,00,easy_clean,0.0067923202,1.0,0.0072924178,normal_replay,GroupDiverse-Gap
RUN_134,TRIAD_045,A15_GroupDiverse-Gap_B3000,R1,1343723075,963122165,404,Det/images/normal_train/00302088.png,0,09,easy_clean,0.0281298697,1.0,0.0460918327,normal_replay,GroupDiverse-Gap
RUN_134,TRIAD_045,A15_GroupDiverse-Gap_B3000,R1,1343723075,963122165,405,Det/images/normal_train/00501234.png,0,00,easy_clean,0.024956879,1.0,0.0206755333,normal_replay,GroupDiverse-Gap
RUN_134,TRIAD_045,A15_GroupDiverse-Gap_B3000,R1,1343723075,963122165,406,Det/images/normal_train/01187354.png,0,07,easy_clean,0.0739435763,1.0,0.0542220982,normal_replay,GroupDiverse-Gap
RUN_134,TRIAD_045,A15_GroupDiverse-Gap_B3000,R1,1343723075,963122165,407,Det/images/normal_train/00805376.png,0,07,easy_clean,0.0189406815,1.0,0.0206616301,normal_replay,GroupDiverse-Gap
RUN_134,TRIAD_045,A15_GroupDiverse-Gap_B3000,R1,1343723075,963122165,408,Det/images/normal_train/01236443.png,0,06,easy_clean,0.0477618292,1.0,0.0459487227,normal_replay,GroupDiverse-Gap
RUN_134,TRIAD_045,A15_GroupDiverse-Gap_B3000,R1,1343723075,963122165,409,Det/images/normal_train/01065358.png,0,08,learnable_hard,0.0266023501,0.985,0.0910803847,normal_replay,GroupDiverse-Gap
RUN_134,TRIAD_045,A15_GroupDiverse-Gap_B3000,R1,1343723075,963122165,410,Det/images/normal_train/00497009.png,0,01,easy_clean,0.0057978922,1.0,0.0066352513,normal_replay,GroupDiverse-Gap
RUN_134,TRIAD_045,A15_GroupDiverse-Gap_B3000,R1,1343723075,963122165,411,Det/images/normal_train/01204124.png,0,09,easy_clean,0.0189458483,1.0,0.0265167518,normal_replay,GroupDiverse-Gap
RUN_134,TRIAD_045,A15_GroupDiverse-Gap_B3000,R1,1343723075,963122165,412,Det/images/normal_train/01151262.png,0,00,easy_clean,0.0167068262,1.0,0.0134992271,normal_replay,GroupDiverse-Gap
RUN_134,TRIAD_045,A15_GroupDiverse-Gap_B3000,R1,1343723075,963122165,413,Det/images/normal_train/01190203.png,0,02,easy_clean,0.0915074033,1.0,0.0376568856,normal_replay,GroupDiverse-Gap
RUN_134,TRIAD_045,A15_GroupDiverse-Gap_B3000,R1,1343723075,963122165,414,Det/images/normal_train/00686751.png,0,08,easy_clean,0.0043429191,1.0,0.0154246129,normal_replay,GroupDiverse-Gap
RUN_134,TRIAD_045,A15_GroupDiverse-Gap_B3000,R1,1343723075,963122165,415,Det/images/normal_train/00779328.png,0,08,easy_clean,0.0017925061,1.0,0.0050025792,normal_replay,GroupDiverse-Gap
RUN_134,TRIAD_045,A15_GroupDiverse-Gap_B3000,R1,1343723075,963122165,416,Det/images/normal_train/00164559.png,0,06,persistent_hard,0.6536700531,0.26,0.2344193998,normal_replay,GroupDiverse-Gap
RUN_134,TRIAD_045,A15_GroupDiverse-Gap_B3000,R1,1343723075,963122165,417,Det/images/normal_train/00992811.png,0,08,easy_clean,0.0022018051,1.0,0.0032210008,normal_replay,GroupDiverse-Gap
RUN_134,TRIAD_045,A15_GroupDiverse-Gap_B3000,R1,1343723075,963122165,418,Det/images/normal_train/00850641.png,0,07,easy_clean,0.0745829193,1.0,0.1098513205,normal_replay,GroupDiverse-Gap
RUN_134,TRIAD_045,A15_GroupDiverse-Gap_B3000,R1,1343723075,963122165,419,Det/images/normal_train/01015234.png,0,03,easy_clean,0.0021200393,1.0,0.0027086044,normal_replay,GroupDiverse-Gap
RUN_134,TRIAD_045,A15_GroupDiverse-Gap_B3000,R1,1343723075,963122165,420,Det/images/normal_train/00399798.png,0,08,ordinary,0.1158824916,1.0,0.0611838464,normal_replay,GroupDiverse-Gap
RUN_134,TRIAD_045,A15_GroupDiverse-Gap_B3000,R1,1343723075,963122165,421,Det/images/normal_train/00807071.png,0,08,easy_clean,0.0283162407,1.0,0.0283860111,normal_replay,GroupDiverse-Gap
RUN_134,TRIAD_045,A15_GroupDiverse-Gap_B3000,R1,1343723075,963122165,422,Det/images/normal_train/01156675.png,0,00,easy_clean,0.0370381214,1.0,0.0231573262,normal_replay,GroupDiverse-Gap
RUN_134,TRIAD_045,A15_GroupDiverse-Gap_B3000,R1,1343723075,963122165,423,Det/images/normal_train/01261480.png,0,00,easy_clean,0.0405224143,1.0,0.0306127822,normal_replay,GroupDiverse-Gap
RUN_134,TRIAD_045,A15_GroupDiverse-Gap_B3000,R1,1343723075,963122165,424,Det/images/normal_train/01051172.png,0,06,easy_clean,0.0260495824,1.0,0.0218520551,normal_replay,GroupDiverse-Gap
RUN_134,TRIAD_045,A15_GroupDiverse-Gap_B3000,R1,1343723075,963122165,425,Det/images/normal_train/00868847.png,0,09,easy_clean,0.0061708137,1.0,0.0064632722,normal_replay,GroupDiverse-Gap
RUN_134,TRIAD_045,A15_GroupDiverse-Gap_B3000,R1,1343723075,963122165,426,Det/images/normal_train/00558992.png,0,06,easy_clean,0.0019873042,1.0,0.0040645427,normal_replay,GroupDiverse-Gap
RUN_134,TRIAD_045,A15_GroupDiverse-Gap_B3000,R1,1343723075,963122165,427,Det/images/normal_train/01167440.png,0,01,easy_clean,0.0202093305,1.0,0.0236192865,normal_replay,GroupDiverse-Gap
RUN_134,TRIAD_045,A15_GroupDiverse-Gap_B3000,R1,1343723075,963122165,428,Det/images/normal_train/01188328.png,0,01,easy_clean,0.0651137102,1.0,0.0622188553,normal_replay,GroupDiverse-Gap
RUN_134,TRIAD_045,A15_GroupDiverse-Gap_B3000,R1,1343723075,963122165,429,Det/images/normal_train/01258000.png,0,03,easy_clean,0.0095237629,1.0,0.0153165484,normal_replay,GroupDiverse-Gap
RUN_134,TRIAD_045,A15_GroupDiverse-Gap_B3000,R1,1343723075,963122165,430,Det/images/normal_train/00334389.png,0,06,easy_clean,0.0156689061,1.0,0.0319038646,normal_replay,GroupDiverse-Gap
RUN_134,TRIAD_045,A15_GroupDiverse-Gap_B3000,R1,1343723075,963122165,431,Det/images/normal_train/01004596.png,0,07,easy_clean,0.0072414267,1.0,0.0119987635,normal_replay,GroupDiverse-Gap
RUN_134,TRIAD_045,A15_GroupDiverse-Gap_B3000,R1,1343723075,963122165,432,Det/images/normal_train/00296011.png,0,01,easy_clean,0.0005424756,1.0,0.0008646798,normal_replay,GroupDiverse-Gap
RUN_134,TRIAD_045,A15_GroupDiverse-Gap_B3000,R1,1343723075,963122165,433,Det/images/normal_train/00187327.png,0,03,ordinary,0.2629376837,1.0,0.1084971411,normal_replay,GroupDiverse-Gap
RUN_134,TRIAD_045,A15_GroupDiverse-Gap_B3000,R1,1343723075,963122165,434,Det/images/normal_train/00553076.png,0,04,easy_clean,0.0035733427,1.0,0.0089077733,normal_replay,GroupDiverse-Gap
RUN_134,TRIAD_045,A15_GroupDiverse-Gap_B3000,R1,1343723075,963122165,435,Det/images/normal_train/00666919.png,0,08,easy_clean,0.0030851374,1.0,0.0047356998,normal_replay,GroupDiverse-Gap
RUN_134,TRIAD_045,A15_GroupDiverse-Gap_B3000,R1,1343723075,963122165,436,Det/images/normal_train/00471044.png,0,00,easy_clean,0.0062994791,1.0,0.0143780193,normal_replay,GroupDiverse-Gap
RUN_134,TRIAD_045,A15_GroupDiverse-Gap_B3000,R1,1343723075,963122165,437,Det/images/normal_train/01294792.png,0,05,ordinary,0.1565574358,1.0,0.0379901319,normal_replay,GroupDiverse-Gap
RUN_134,TRIAD_045,A15_GroupDiverse-Gap_B3000,R1,1343723075,963122165,438,Det/images/normal_train/00611960.png,0,01,easy_clean,0.0006358348,1.0,0.0018160003,normal_replay,GroupDiverse-Gap
RUN_134,TRIAD_045,A15_GroupDiverse-Gap_B3000,R1,1343723075,963122165,439,Det/images/normal_train/00777845.png,0,08,easy_clean,0.0012153379,1.0,0.0020634283,normal_replay,GroupDiverse-Gap
RUN_134,TRIAD_045,A15_GroupDiverse-Gap_B3000,R1,1343723075,963122165,440,Det/images/normal_train/01267227.png,0,04,easy_clean,0.0412492629,1.0,0.0363195975,normal_replay,GroupDiverse-Gap
RUN_134,TRIAD_045,A15_GroupDiverse-Gap_B3000,R1,1343723075,963122165,441,Det/images/normal_train/00635701.png,0,09,easy_clean,0.012542303,1.0,0.0290897649,normal_replay,GroupDiverse-Gap
RUN_134,TRIAD_045,A15_GroupDiverse-Gap_B3000,R1,1343723075,963122165,442,Det/images/normal_train/00620537.png,0,06,easy_clean,0.0025863468,1.0,0.0088381981,normal_replay,GroupDiverse-Gap
RUN_134,TRIAD_045,A15_GroupDiverse-Gap_B3000,R1,1343723075,963122165,443,Det/images/normal_train/00612144.png,0,04,easy_clean,0.0019407232,1.0,0.0077468732,normal_replay,GroupDiverse-Gap
RUN_134,TRIAD_045,A15_GroupDiverse-Gap_B3000,R1,1343723075,963122165,444,Det/images/normal_train/00405924.png,0,05,easy_clean,0.0339982123,1.0,0.022199118,normal_replay,GroupDiverse-Gap
RUN_134,TRIAD_045,A15_GroupDiverse-Gap_B3000,R1,1343723075,963122165,445,Det/images/normal_train/00779596.png,0,08,easy_clean,0.002505438,1.0,0.0133446139,normal_replay,GroupDiverse-Gap
RUN_134,TRIAD_045,A15_GroupDiverse-Gap_B3000,R1,1343723075,963122165,446,Det/images/normal_train/00577070.png,0,05,easy_clean,0.0025870028,1.0,0.005763779,normal_replay,GroupDiverse-Gap
RUN_134,TRIAD_045,A15_GroupDiverse-Gap_B3000,R1,1343723075,963122165,447,Det/images/normal_train/00269767.png,0,03,easy_clean,0.0015256811,1.0,0.0065823994,normal_replay,GroupDiverse-Gap
RUN_134,TRIAD_045,A15_GroupDiverse-Gap_B3000,R1,1343723075,963122165,448,Det/images/normal_train/01004796.png,0,07,learnable_hard,0.7477061209,0.045,0.1158331729,normal_replay,GroupDiverse-Gap
RUN_134,TRIAD_045,A15_GroupDiverse-Gap_B3000,R1,1343723075,963122165,449,Det/images/normal_train/00821259.png,0,06,easy_clean,0.0009225774,1.0,0.0013778498,normal_replay,GroupDiverse-Gap
RUN_134,TRIAD_045,A15_GroupDiverse-Gap_B3000,R1,1343723075,963122165,450,Det/images/normal_train/00965528.png,0,03,learnable_hard,0.0821945697,0.99,0.1001792523,normal_replay,GroupDiverse-Gap
RUN_134,TRIAD_045,A15_GroupDiverse-Gap_B3000,R1,1343723075,963122165,451,Det/images/normal_train/00578104.png,0,03,easy_clean,0.0051867046,1.0,0.0092406151,normal_replay,GroupDiverse-Gap
RUN_134,TRIAD_045,A15_GroupDiverse-Gap_B3000,R1,1343723075,963122165,452,Det/images/normal_train/00920667.png,0,09,easy_clean,0.0041300743,1.0,0.0063823735,normal_replay,GroupDiverse-Gap
RUN_134,TRIAD_045,A15_GroupDiverse-Gap_B3000,R1,1343723075,963122165,453,Det/images/normal_train/00853543.png,0,00,easy_clean,0.0199627849,1.0,0.0357919361,normal_replay,GroupDiverse-Gap
RUN_134,TRIAD_045,A15_GroupDiverse-Gap_B3000,R1,1343723075,963122165,454,Det/images/normal_train/00987172.png,0,05,learnable_hard,0.0299864519,0.995,0.0520741073,normal_replay,GroupDiverse-Gap
RUN_134,TRIAD_045,A15_GroupDiverse-Gap_B3000,R1,1343723075,963122165,455,Det/images/normal_train/00590759.png,0,04,easy_clean,0.0011611344,1.0,0.0014039026,normal_replay,GroupDiverse-Gap
RUN_134,TRIAD_045,A15_GroupDiverse-Gap_B3000,R1,1343723075,963122165,456,Det/images/normal_train/00368525.png,0,02,easy_clean,0.0010544537,1.0,0.001485966,normal_replay,GroupDiverse-Gap
RUN_134,TRIAD_045,A15_GroupDiverse-Gap_B3000,R1,1343723075,963122165,457,Det/images/normal_train/00476061.png,0,09,learnable_hard,0.0901342868,0.995,0.0687648775,normal_replay,GroupDiverse-Gap
RUN_134,TRIAD_045,A15_GroupDiverse-Gap_B3000,R1,1343723075,963122165,458,Det/images/normal_train/00193404.png,0,06,easy_clean,0.0131292618,1.0,0.0097178108,normal_replay,GroupDiverse-Gap
RUN_134,TRIAD_045,A15_GroupDiverse-Gap_B3000,R1,1343723075,963122165,459,Det/images/normal_train/00352872.png,0,07,easy_clean,0.0236965542,1.0,0.0323623576,normal_replay,GroupDiverse-Gap
RUN_134,TRIAD_045,A15_GroupDiverse-Gap_B3000,R1,1343723075,963122165,460,Det/images/normal_train/01163532.png,0,08,easy_clean,0.0259175321,1.0,0.0343438541,normal_replay,GroupDiverse-Gap
RUN_134,TRIAD_045,A15_GroupDiverse-Gap_B3000,R1,1343723075,963122165,461,Det/images/normal_train/00679244.png,0,07,learnable_hard,0.2181126334,0.88,0.1787065883,normal_replay,GroupDiverse-Gap
RUN_134,TRIAD_045,A15_GroupDiverse-Gap_B3000,R1,1343723075,963122165,462,Det/images/normal_train/01037991.png,0,03,learnable_hard,0.0746454565,0.985,0.0972921603,normal_replay,GroupDiverse-Gap
RUN_134,TRIAD_045,A15_GroupDiverse-Gap_B3000,R1,1343723075,963122165,463,Det/images/normal_train/01119572.png,0,01,easy_clean,0.0205164589,1.0,0.0262938062,normal_replay,GroupDiverse-Gap
RUN_134,TRIAD_045,A15_GroupDiverse-Gap_B3000,R1,1343723075,963122165,464,Det/images/normal_train/00364870.png,0,08,easy_clean,0.0067123552,1.0,0.0111376504,normal_replay,GroupDiverse-Gap
RUN_134,TRIAD_045,A15_GroupDiverse-Gap_B3000,R1,1343723075,963122165,465,Det/images/normal_train/00895482.png,0,09,easy_clean,0.0013662377,1.0,0.0125378721,normal_replay,GroupDiverse-Gap
RUN_134,TRIAD_045,A15_GroupDiverse-Gap_B3000,R1,1343723075,963122165,466,Det/images/normal_train/01159763.png,0,04,persistent_hard,0.6495638446,0.15,0.1693087123,normal_replay,GroupDiverse-Gap
RUN_134,TRIAD_045,A15_GroupDiverse-Gap_B3000,R1,1343723075,963122165,467,Det/images/normal_train/00824066.png,0,05,easy_clean,0.0267204649,1.0,0.0325621718,normal_replay,GroupDiverse-Gap
RUN_134,TRIAD_045,A15_GroupDiverse-Gap_B3000,R1,1343723075,963122165,468,Det/images/normal_train/01187711.png,0,07,ordinary,0.1626406247,1.0,0.1506626333,normal_replay,GroupDiverse-Gap
RUN_134,TRIAD_045,A15_GroupDiverse-Gap_B3000,R1,1343723075,963122165,469,Det/images/normal_train/00882252.png,0,03,easy_clean,0.0497004192,1.0,0.0437091973,normal_replay,GroupDiverse-Gap
RUN_134,TRIAD_045,A15_GroupDiverse-Gap_B3000,R1,1343723075,963122165,470,Det/images/normal_train/00807462.png,0,08,easy_clean,0.0696308525,1.0,0.082527136,normal_replay,GroupDiverse-Gap
RUN_134,TRIAD_045,A15_GroupDiverse-Gap_B3000,R1,1343723075,963122165,471,Det/images/normal_train/00208155.png,0,01,easy_clean,0.0071223027,1.0,0.023500122,normal_replay,GroupDiverse-Gap
RUN_134,TRIAD_045,A15_GroupDiverse-Gap_B3000,R1,1343723075,963122165,472,Det/images/normal_train/00175488.png,0,06,easy_clean,0.0003861883,1.0,0.0006189685,normal_replay,GroupDiverse-Gap
RUN_134,TRIAD_045,A15_GroupDiverse-Gap_B3000,R1,1343723075,963122165,473,Det/images/normal_train/00584113.png,0,05,learnable_hard,0.1222855275,0.97,0.1362278249,normal_replay,GroupDiverse-Gap
RUN_134,TRIAD_045,A15_GroupDiverse-Gap_B3000,R1,1343723075,963122165,474,Det/images/normal_train/00672285.png,0,09,easy_clean,0.0027690818,1.0,0.0076431408,normal_replay,GroupDiverse-Gap
RUN_134,TRIAD_045,A15_GroupDiverse-Gap_B3000,R1,1343723075,963122165,475,Det/images/normal_train/00195596.png,0,08,easy_clean,0.0187567706,1.0,0.0217524437,normal_replay,GroupDiverse-Gap
RUN_134,TRIAD_045,A15_GroupDiverse-Gap_B3000,R1,1343723075,963122165,476,Det/images/normal_train/00976925.png,0,04,learnable_hard,0.7528491949,0.05,0.1123634228,normal_replay,GroupDiverse-Gap
RUN_134,TRIAD_045,A15_GroupDiverse-Gap_B3000,R1,1343723075,963122165,477,Det/images/normal_train/00370370.png,0,06,easy_clean,0.0002829061,1.0,0.000451375,normal_replay,GroupDiverse-Gap
RUN_134,TRIAD_045,A15_GroupDiverse-Gap_B3000,R1,1343723075,963122165,478,Det/images/normal_train/00853595.png,0,00,easy_clean,0.0009112985,1.0,0.0010451153,normal_replay,GroupDiverse-Gap
RUN_134,TRIAD_045,A15_GroupDiverse-Gap_B3000,R1,1343723075,963122165,479,Det/images/normal_train/00172784.png,0,05,ordinary,0.2016811849,1.0,0.1248075093,normal_replay,GroupDiverse-Gap
RUN_134,TRIAD_045,A15_GroupDiverse-Gap_B3000,R1,1343723075,963122165,480,Det/images/normal_train/00365626.png,0,00,easy_clean,0.0009282469,1.0,0.0012298746,normal_replay,GroupDiverse-Gap
RUN_134,TRIAD_045,A15_GroupDiverse-Gap_B3000,R1,1343723075,963122165,481,Det/images/normal_train/00262082.png,0,04,easy_clean,0.0008131023,1.0,0.0012170022,normal_replay,GroupDiverse-Gap
RUN_134,TRIAD_045,A15_GroupDiverse-Gap_B3000,R1,1343723075,963122165,482,Det/images/normal_train/00255830.png,0,08,easy_clean,0.0066624645,1.0,0.0067054168,normal_replay,GroupDiverse-Gap
RUN_134,TRIAD_045,A15_GroupDiverse-Gap_B3000,R1,1343723075,963122165,483,Det/images/normal_train/00923264.png,0,08,learnable_hard,0.1264378494,0.995,0.075372321,normal_replay,GroupDiverse-Gap
RUN_134,TRIAD_045,A15_GroupDiverse-Gap_B3000,R1,1343723075,963122165,484,Det/images/normal_train/01261459.png,0,00,learnable_hard,0.150692744,0.985,0.1426924772,normal_replay,GroupDiverse-Gap
RUN_134,TRIAD_045,A15_GroupDiverse-Gap_B3000,R1,1343723075,963122165,485,Det/images/normal_train/00244343.png,0,07,easy_clean,0.0049915439,1.0,0.0054555547,normal_replay,GroupDiverse-Gap
RUN_134,TRIAD_045,A15_GroupDiverse-Gap_B3000,R1,1343723075,963122165,486,Det/images/normal_train/00296633.png,0,01,easy_clean,0.0001548164,1.0,0.0004009196,normal_replay,GroupDiverse-Gap
RUN_134,TRIAD_045,A15_GroupDiverse-Gap_B3000,R1,1343723075,963122165,487,Det/images/normal_train/00335194.png,0,07,easy_clean,0.0084567738,1.0,0.0098187636,normal_replay,GroupDiverse-Gap
RUN_134,TRIAD_045,A15_GroupDiverse-Gap_B3000,R1,1343723075,963122165,488,Det/images/normal_train/00352850.png,0,07,easy_clean,0.0051106892,1.0,0.0101481627,normal_replay,GroupDiverse-Gap
RUN_134,TRIAD_045,A15_GroupDiverse-Gap_B3000,R1,1343723075,963122165,489,Det/images/normal_train/00272942.png,0,00,easy_clean,0.0293114567,1.0,0.0491371746,normal_replay,GroupDiverse-Gap
RUN_134,TRIAD_045,A15_GroupDiverse-Gap_B3000,R1,1343723075,963122165,490,Det/images/normal_train/00535350.png,0,02,easy_clean,0.0019505223,1.0,0.0129091447,normal_replay,GroupDiverse-Gap
RUN_134,TRIAD_045,A15_GroupDiverse-Gap_B3000,R1,1343723075,963122165,491,Det/images/normal_train/00468632.png,0,06,easy_clean,0.0317156953,1.0,0.060693755,normal_replay,GroupDiverse-Gap
RUN_134,TRIAD_045,A15_GroupDiverse-Gap_B3000,R1,1343723075,963122165,492,Det/images/normal_train/00867446.png,0,05,easy_clean,0.0595306238,1.0,0.0437949375,normal_replay,GroupDiverse-Gap
RUN_134,TRIAD_045,A15_GroupDiverse-Gap_B3000,R1,1343723075,963122165,493,Det/images/normal_train/00727832.png,0,04,easy_clean,0.0061906996,1.0,0.0115295343,normal_replay,GroupDiverse-Gap
RUN_134,TRIAD_045,A15_GroupDiverse-Gap_B3000,R1,1343723075,963122165,494,Det/images/normal_train/01049466.png,0,08,easy_clean,0.0104714712,1.0,0.0126841066,normal_replay,GroupDiverse-Gap
RUN_134,TRIAD_045,A15_GroupDiverse-Gap_B3000,R1,1343723075,963122165,495,Det/images/normal_train/01276835.png,0,01,learnable_hard,0.3422578772,0.985,0.0691191525,normal_replay,GroupDiverse-Gap
RUN_134,TRIAD_045,A15_GroupDiverse-Gap_B3000,R1,1343723075,963122165,496,Det/images/normal_train/00864567.png,0,07,easy_clean,0.0096776485,1.0,0.0087531387,normal_replay,GroupDiverse-Gap
RUN_134,TRIAD_045,A15_GroupDiverse-Gap_B3000,R1,1343723075,963122165,497,Det/images/normal_train/01125815.png,0,02,easy_clean,0.0143117759,1.0,0.0149249259,normal_replay,GroupDiverse-Gap
RUN_134,TRIAD_045,A15_GroupDiverse-Gap_B3000,R1,1343723075,963122165,498,Det/images/normal_train/00589853.png,0,03,easy_clean,0.0038881834,1.0,0.0044017188,normal_replay,GroupDiverse-Gap
RUN_134,TRIAD_045,A15_GroupDiverse-Gap_B3000,R1,1343723075,963122165,499,Det/images/normal_train/01249394.png,0,05,easy_clean,0.036141493,1.0,0.0389664157,normal_replay,GroupDiverse-Gap
RUN_134,TRIAD_045,A15_GroupDiverse-Gap_B3000,R1,1343723075,963122165,500,Det/images/normal_train/00895204.png,0,09,learnable_hard,0.0988906423,0.995,0.0872565404,normal_replay,GroupDiverse-Gap
RUN_134,TRIAD_045,A15_GroupDiverse-Gap_B3000,R1,1343723075,963122165,501,Det/images/normal_train/00693122.png,0,03,easy_clean,0.0157781102,1.0,0.0295631239,normal_replay,GroupDiverse-Gap
RUN_134,TRIAD_045,A15_GroupDiverse-Gap_B3000,R1,1343723075,963122165,502,Det/images/normal_train/00535391.png,0,02,easy_clean,0.0382601483,1.0,0.0431966252,normal_replay,GroupDiverse-Gap
RUN_134,TRIAD_045,A15_GroupDiverse-Gap_B3000,R1,1343723075,963122165,503,Det/images/normal_train/01204768.png,0,09,learnable_hard,0.0927213676,0.985,0.0935220956,normal_replay,GroupDiverse-Gap
RUN_134,TRIAD_045,A15_GroupDiverse-Gap_B3000,R1,1343723075,963122165,504,Det/images/normal_train/00175691.png,0,06,easy_clean,0.0257131772,1.0,0.0265671234,normal_replay,GroupDiverse-Gap
RUN_134,TRIAD_045,A15_GroupDiverse-Gap_B3000,R1,1343723075,963122165,505,Det/images/normal_train/01243734.png,0,00,easy_clean,0.0206504916,1.0,0.0169674359,normal_replay,GroupDiverse-Gap
RUN_134,TRIAD_045,A15_GroupDiverse-Gap_B3000,R1,1343723075,963122165,506,Det/images/normal_train/00288835.png,0,07,easy_clean,0.016923887,1.0,0.0164681177,normal_replay,GroupDiverse-Gap
RUN_134,TRIAD_045,A15_GroupDiverse-Gap_B3000,R1,1343723075,963122165,507,Det/images/normal_train/00962701.png,0,04,easy_clean,0.0112408363,1.0,0.012820488,normal_replay,GroupDiverse-Gap
RUN_134,TRIAD_045,A15_GroupDiverse-Gap_B3000,R1,1343723075,963122165,508,Det/images/normal_train/00872935.png,0,03,easy_clean,0.0234596805,1.0,0.0123186405,normal_replay,GroupDiverse-Gap
RUN_134,TRIAD_045,A15_GroupDiverse-Gap_B3000,R1,1343723075,963122165,509,Det/images/normal_train/00679848.png,0,07,easy_clean,0.0018480222,1.0,0.0070281163,normal_replay,GroupDiverse-Gap
RUN_134,TRIAD_045,A15_GroupDiverse-Gap_B3000,R1,1343723075,963122165,510,Det/images/normal_train/00880598.png,0,07,easy_clean,0.0002718554,1.0,0.0011652963,normal_replay,GroupDiverse-Gap
RUN_134,TRIAD_045,A15_GroupDiverse-Gap_B3000,R1,1343723075,963122165,511,Det/images/normal_train/00621633.png,0,07,easy_clean,0.0105338995,1.0,0.0231520416,normal_replay,GroupDiverse-Gap
RUN_134,TRIAD_045,A15_GroupDiverse-Gap_B3000,R1,1343723075,963122165,512,Det/images/normal_train/01009208.png,0,07,easy_clean,0.0281248041,1.0,0.0257149133,normal_replay,GroupDiverse-Gap
RUN_134,TRIAD_045,A15_GroupDiverse-Gap_B3000,R1,1343723075,963122165,513,Det/images/normal_train/00256558.png,0,03,easy_clean,0.0031450973,1.0,0.0090479056,normal_replay,GroupDiverse-Gap
RUN_134,TRIAD_045,A15_GroupDiverse-Gap_B3000,R1,1343723075,963122165,514,Det/images/normal_train/01128783.png,0,09,easy_clean,0.016812944,1.0,0.0165236842,normal_replay,GroupDiverse-Gap
RUN_134,TRIAD_045,A15_GroupDiverse-Gap_B3000,R1,1343723075,963122165,515,Det/images/normal_train/00683736.png,0,07,easy_clean,0.0070785817,1.0,0.0117837995,normal_replay,GroupDiverse-Gap
RUN_134,TRIAD_045,A15_GroupDiverse-Gap_B3000,R1,1343723075,963122165,516,Det/images/normal_train/00341817.png,0,04,easy_clean,0.0293548466,1.0,0.0258947492,normal_replay,GroupDiverse-Gap
RUN_134,TRIAD_045,A15_GroupDiverse-Gap_B3000,R1,1343723075,963122165,517,Det/images/normal_train/00496078.png,0,07,easy_clean,0.0021762823,1.0,0.0038547182,normal_replay,GroupDiverse-Gap
RUN_134,TRIAD_045,A15_GroupDiverse-Gap_B3000,R1,1343723075,963122165,518,Det/images/normal_train/01208579.png,0,04,easy_clean,0.0312839567,1.0,0.023053821,normal_replay,GroupDiverse-Gap
RUN_134,TRIAD_045,A15_GroupDiverse-Gap_B3000,R1,1343723075,963122165,519,Det/images/normal_train/00857361.png,0,01,easy_clean,0.0017129729,1.0,0.0106220512,normal_replay,GroupDiverse-Gap
RUN_134,TRIAD_045,A15_GroupDiverse-Gap_B3000,R1,1343723075,963122165,520,Det/images/normal_train/01218812.png,0,03,learnable_hard,0.0207404448,0.995,0.0636592924,normal_replay,GroupDiverse-Gap
RUN_134,TRIAD_045,A15_GroupDiverse-Gap_B3000,R1,1343723075,963122165,521,Det/images/normal_train/00744955.png,0,06,learnable_hard,0.0138871051,0.995,0.055958972,normal_replay,GroupDiverse-Gap
RUN_134,TRIAD_045,A15_GroupDiverse-Gap_B3000,R1,1343723075,963122165,522,Det/images/normal_train/00392495.png,0,08,learnable_hard,0.1564508833,0.935,0.1912894827,normal_replay,GroupDiverse-Gap
RUN_134,TRIAD_045,A15_GroupDiverse-Gap_B3000,R1,1343723075,963122165,523,Det/images/normal_train/00291671.png,0,04,easy_clean,0.0019167038,1.0,0.002753036,normal_replay,GroupDiverse-Gap
RUN_134,TRIAD_045,A15_GroupDiverse-Gap_B3000,R1,1343723075,963122165,524,Det/images/normal_train/00778056.png,0,02,persistent_hard,0.6907390235,0.17,0.1750687014,normal_replay,GroupDiverse-Gap
RUN_134,TRIAD_045,A15_GroupDiverse-Gap_B3000,R1,1343723075,963122165,525,Det/images/normal_train/00482105.png,0,02,easy_clean,0.042214246,1.0,0.0306691471,normal_replay,GroupDiverse-Gap
RUN_134,TRIAD_045,A15_GroupDiverse-Gap_B3000,R1,1343723075,963122165,526,Det/images/normal_train/00801024.png,0,06,easy_clean,0.0360091641,1.0,0.0433806743,normal_replay,GroupDiverse-Gap
RUN_134,TRIAD_045,A15_GroupDiverse-Gap_B3000,R1,1343723075,963122165,527,Det/images/normal_train/00285241.png,0,00,easy_clean,0.0060593667,1.0,0.006819986,normal_replay,GroupDiverse-Gap
RUN_134,TRIAD_045,A15_GroupDiverse-Gap_B3000,R1,1343723075,963122165,528,Det/images/normal_train/00995662.png,0,05,easy_clean,0.0005850011,1.0,0.0013543891,normal_replay,GroupDiverse-Gap
RUN_134,TRIAD_045,A15_GroupDiverse-Gap_B3000,R1,1343723075,963122165,529,Det/images/normal_train/01144237.png,0,05,ordinary,0.3501926786,0.89,0.1147876578,normal_replay,GroupDiverse-Gap
RUN_134,TRIAD_045,A15_GroupDiverse-Gap_B3000,R1,1343723075,963122165,530,Det/images/normal_train/00528030.png,0,04,easy_clean,0.0088475274,1.0,0.0097481482,normal_replay,GroupDiverse-Gap
RUN_134,TRIAD_045,A15_GroupDiverse-Gap_B3000,R1,1343723075,963122165,531,Det/images/normal_train/00217005.png,0,07,easy_clean,0.0056498186,1.0,0.0071920247,normal_replay,GroupDiverse-Gap
RUN_134,TRIAD_045,A15_GroupDiverse-Gap_B3000,R1,1343723075,963122165,532,Det/images/normal_train/00966618.png,0,07,easy_clean,0.0121737156,1.0,0.0148429117,normal_replay,GroupDiverse-Gap
RUN_134,TRIAD_045,A15_GroupDiverse-Gap_B3000,R1,1343723075,963122165,533,Det/images/normal_train/00292500.png,0,00,easy_clean,0.0032567928,1.0,0.002193852,normal_replay,GroupDiverse-Gap
RUN_134,TRIAD_045,A15_GroupDiverse-Gap_B3000,R1,1343723075,963122165,534,Det/images/normal_train/00839605.png,0,06,easy_clean,0.000648046,1.0,0.0036454917,normal_replay,GroupDiverse-Gap
RUN_134,TRIAD_045,A15_GroupDiverse-Gap_B3000,R1,1343723075,963122165,535,Det/images/normal_train/00803407.png,0,05,easy_clean,0.0155990896,1.0,0.0211932203,normal_replay,GroupDiverse-Gap
RUN_134,TRIAD_045,A15_GroupDiverse-Gap_B3000,R1,1343723075,963122165,536,Det/images/normal_train/01249257.png,0,05,ordinary,0.1748708298,0.975,0.1035047232,normal_replay,GroupDiverse-Gap
RUN_134,TRIAD_045,A15_GroupDiverse-Gap_B3000,R1,1343723075,963122165,537,Det/images/normal_train/00918680.png,0,01,easy_clean,0.0008714253,1.0,0.0028927703,normal_replay,GroupDiverse-Gap
RUN_134,TRIAD_045,A15_GroupDiverse-Gap_B3000,R1,1343723075,963122165,538,Det/images/normal_train/01214782.png,0,00,easy_clean,0.032646694,0.995,0.0576775453,normal_replay,GroupDiverse-Gap
RUN_134,TRIAD_045,A15_GroupDiverse-Gap_B3000,R1,1343723075,963122165,539,Det/images/normal_train/01039445.png,0,01,easy_clean,0.0494427704,1.0,0.0731297052,normal_replay,GroupDiverse-Gap
RUN_134,TRIAD_045,A15_GroupDiverse-Gap_B3000,R1,1343723075,963122165,540,Det/images/normal_train/00330547.png,0,00,easy_clean,0.0092216244,1.0,0.0102164002,normal_replay,GroupDiverse-Gap
RUN_134,TRIAD_045,A15_GroupDiverse-Gap_B3000,R1,1343723075,963122165,541,Det/images/normal_train/00191047.png,0,08,easy_clean,0.0094344712,1.0,0.0429669667,normal_replay,GroupDiverse-Gap
RUN_134,TRIAD_045,A15_GroupDiverse-Gap_B3000,R1,1343723075,963122165,542,Det/images/normal_train/00973555.png,0,05,easy_clean,0.0077272367,1.0,0.010831003,normal_replay,GroupDiverse-Gap
RUN_134,TRIAD_045,A15_GroupDiverse-Gap_B3000,R1,1343723075,963122165,543,Det/images/normal_train/00528891.png,0,04,easy_clean,0.0019104724,1.0,0.0053259146,normal_replay,GroupDiverse-Gap
RUN_134,TRIAD_045,A15_GroupDiverse-Gap_B3000,R1,1343723075,963122165,544,Det/images/normal_train/00604236.png,0,02,easy_clean,0.0027103028,1.0,0.0035714757,normal_replay,GroupDiverse-Gap
RUN_134,TRIAD_045,A15_GroupDiverse-Gap_B3000,R1,1343723075,963122165,545,Det/images/normal_train/00356775.png,0,07,easy_clean,0.0039341625,1.0,0.00522528,normal_replay,GroupDiverse-Gap
RUN_134,TRIAD_045,A15_GroupDiverse-Gap_B3000,R1,1343723075,963122165,546,Det/images/normal_train/00349034.png,0,00,learnable_hard,0.5698269704,0.23,0.2146751308,normal_replay,GroupDiverse-Gap
RUN_134,TRIAD_045,A15_GroupDiverse-Gap_B3000,R1,1343723075,963122165,547,Det/images/normal_train/00538311.png,0,09,persistent_hard,0.6767525456,0.24,0.2175551138,normal_replay,GroupDiverse-Gap
RUN_134,TRIAD_045,A15_GroupDiverse-Gap_B3000,R1,1343723075,963122165,548,Det/images/normal_train/00237615.png,0,06,easy_clean,0.0115343176,1.0,0.0123696121,normal_replay,GroupDiverse-Gap
RUN_134,TRIAD_045,A15_GroupDiverse-Gap_B3000,R1,1343723075,963122165,549,Det/images/normal_train/00521557.png,0,05,easy_clean,0.000807239,1.0,0.0047285459,normal_replay,GroupDiverse-Gap
RUN_134,TRIAD_045,A15_GroupDiverse-Gap_B3000,R1,1343723075,963122165,550,Det/images/normal_train/00426436.png,0,00,learnable_hard,0.1316677681,0.995,0.0929273185,normal_replay,GroupDiverse-Gap
RUN_134,TRIAD_045,A15_GroupDiverse-Gap_B3000,R1,1343723075,963122165,551,Det/images/normal_train/00393380.png,0,01,easy_clean,0.0389970984,1.0,0.0474433267,normal_replay,GroupDiverse-Gap
RUN_134,TRIAD_045,A15_GroupDiverse-Gap_B3000,R1,1343723075,963122165,552,Det/images/normal_train/00849231.png,0,05,easy_clean,0.058009995,1.0,0.0548150048,normal_replay,GroupDiverse-Gap
RUN_134,TRIAD_045,A15_GroupDiverse-Gap_B3000,R1,1343723075,963122165,553,Det/images/normal_train/00890096.png,0,06,easy_clean,0.0012743969,1.0,0.0016135288,normal_replay,GroupDiverse-Gap
RUN_134,TRIAD_045,A15_GroupDiverse-Gap_B3000,R1,1343723075,963122165,554,Det/images/normal_train/00585332.png,0,05,easy_clean,0.0145577164,1.0,0.0214450596,normal_replay,GroupDiverse-Gap
RUN_134,TRIAD_045,A15_GroupDiverse-Gap_B3000,R1,1343723075,963122165,555,Det/images/normal_train/00975628.png,0,02,learnable_hard,0.2584807796,0.995,0.1342691604,normal_replay,GroupDiverse-Gap
RUN_134,TRIAD_045,A15_GroupDiverse-Gap_B3000,R1,1343723075,963122165,556,Det/images/normal_train/00861778.png,0,09,easy_clean,0.0013887425,1.0,0.0014397822,normal_replay,GroupDiverse-Gap
RUN_134,TRIAD_045,A15_GroupDiverse-Gap_B3000,R1,1343723075,963122165,557,Det/images/normal_train/00211076.png,0,06,easy_clean,0.0101554762,1.0,0.0181345411,normal_replay,GroupDiverse-Gap
RUN_134,TRIAD_045,A15_GroupDiverse-Gap_B3000,R1,1343723075,963122165,558,Det/images/normal_train/00254896.png,0,03,easy_clean,0.0039469616,1.0,0.0057009142,normal_replay,GroupDiverse-Gap
RUN_134,TRIAD_045,A15_GroupDiverse-Gap_B3000,R1,1343723075,963122165,559,Det/images/normal_train/00565232.png,0,04,easy_clean,0.0005461469,1.0,0.0009069576,normal_replay,GroupDiverse-Gap
RUN_134,TRIAD_045,A15_GroupDiverse-Gap_B3000,R1,1343723075,963122165,560,Det/images/normal_train/01071414.png,0,04,easy_clean,0.0247557944,1.0,0.0278945465,normal_replay,GroupDiverse-Gap
RUN_134,TRIAD_045,A15_GroupDiverse-Gap_B3000,R1,1343723075,963122165,561,Det/images/normal_train/00216214.png,0,08,easy_clean,0.0039917759,1.0,0.0070939791,normal_replay,GroupDiverse-Gap
RUN_134,TRIAD_045,A15_GroupDiverse-Gap_B3000,R1,1343723075,963122165,562,Det/images/normal_train/00933233.png,0,03,ordinary,0.3426925446,0.74,0.1832278314,normal_replay,GroupDiverse-Gap
RUN_134,TRIAD_045,A15_GroupDiverse-Gap_B3000,R1,1343723075,963122165,563,Det/images/normal_train/00253716.png,0,09,easy_clean,0.001321459,1.0,0.0029960309,normal_replay,GroupDiverse-Gap
RUN_134,TRIAD_045,A15_GroupDiverse-Gap_B3000,R1,1343723075,963122165,564,Det/images/normal_train/00503453.png,0,03,easy_clean,0.0149701115,1.0,0.0203743407,normal_replay,GroupDiverse-Gap
RUN_134,TRIAD_045,A15_GroupDiverse-Gap_B3000,R1,1343723075,963122165,565,Det/images/normal_train/00271768.png,0,03,easy_clean,0.0013917007,1.0,0.0025745521,normal_replay,GroupDiverse-Gap
RUN_134,TRIAD_045,A15_GroupDiverse-Gap_B3000,R1,1343723075,963122165,566,Det/images/normal_train/01191342.png,0,09,learnable_hard,0.3323128948,0.945,0.1350580212,normal_replay,GroupDiverse-Gap
RUN_134,TRIAD_045,A15_GroupDiverse-Gap_B3000,R1,1343723075,963122165,567,Det/images/normal_train/00805462.png,0,07,easy_clean,0.0024306349,1.0,0.0032736052,normal_replay,GroupDiverse-Gap
RUN_134,TRIAD_045,A15_GroupDiverse-Gap_B3000,R1,1343723075,963122165,568,Det/images/normal_train/00377151.png,0,01,easy_clean,0.0152680445,1.0,0.0239718317,normal_replay,GroupDiverse-Gap
RUN_134,TRIAD_045,A15_GroupDiverse-Gap_B3000,R1,1343723075,963122165,569,Det/images/normal_train/00720560.png,0,09,easy_clean,0.0232507417,1.0,0.0240030157,normal_replay,GroupDiverse-Gap
RUN_134,TRIAD_045,A15_GroupDiverse-Gap_B3000,R1,1343723075,963122165,570,Det/images/normal_train/00235670.png,0,07,easy_clean,0.0010963078,1.0,0.001770562,normal_replay,GroupDiverse-Gap
RUN_134,TRIAD_045,A15_GroupDiverse-Gap_B3000,R1,1343723075,963122165,571,Det/images/normal_train/00952349.png,0,09,easy_clean,0.0447467021,1.0,0.0414477844,normal_replay,GroupDiverse-Gap
RUN_134,TRIAD_045,A15_GroupDiverse-Gap_B3000,R1,1343723075,963122165,572,Det/images/normal_train/00207901.png,0,01,learnable_hard,0.3556074414,0.765,0.1414937407,normal_replay,GroupDiverse-Gap
RUN_134,TRIAD_045,A15_GroupDiverse-Gap_B3000,R1,1343723075,963122165,573,Det/images/normal_train/00313198.png,0,01,easy_clean,0.0020948727,1.0,0.0044940075,normal_replay,GroupDiverse-Gap
RUN_134,TRIAD_045,A15_GroupDiverse-Gap_B3000,R1,1343723075,963122165,574,Det/images/normal_train/00583741.png,0,03,ordinary,0.0973517975,0.945,0.1826745377,normal_replay,GroupDiverse-Gap
RUN_134,TRIAD_045,A15_GroupDiverse-Gap_B3000,R1,1343723075,963122165,575,Det/images/normal_train/00737984.png,0,02,easy_clean,0.0833997212,1.0,0.0712896498,normal_replay,GroupDiverse-Gap
RUN_134,TRIAD_045,A15_GroupDiverse-Gap_B3000,R1,1343723075,963122165,576,Det/images/normal_train/00329738.png,0,03,learnable_hard,0.1692052522,0.965,0.1856918508,normal_replay,GroupDiverse-Gap
RUN_134,TRIAD_045,A15_GroupDiverse-Gap_B3000,R1,1343723075,963122165,577,Det/images/normal_train/01192692.png,0,09,easy_clean,0.0272134998,1.0,0.0312230656,normal_replay,GroupDiverse-Gap
RUN_134,TRIAD_045,A15_GroupDiverse-Gap_B3000,R1,1343723075,963122165,578,Det/images/normal_train/00318461.png,0,01,easy_clean,0.0520855129,1.0,0.0423788772,normal_replay,GroupDiverse-Gap
RUN_134,TRIAD_045,A15_GroupDiverse-Gap_B3000,R1,1343723075,963122165,579,Det/images/normal_train/00194051.png,0,04,persistent_hard,0.6899219203,0.0,0.0728045255,normal_replay,GroupDiverse-Gap
RUN_134,TRIAD_045,A15_GroupDiverse-Gap_B3000,R1,1343723075,963122165,580,Det/images/normal_train/00718991.png,0,01,learnable_hard,0.0469408917,0.98,0.113492962,normal_replay,GroupDiverse-Gap
RUN_134,TRIAD_045,A15_GroupDiverse-Gap_B3000,R1,1343723075,963122165,581,Det/images/normal_train/00848009.png,0,07,easy_clean,0.0037413458,1.0,0.0108181944,normal_replay,GroupDiverse-Gap
RUN_134,TRIAD_045,A15_GroupDiverse-Gap_B3000,R1,1343723075,963122165,582,Det/images/normal_train/00758638.png,0,04,easy_clean,0.0021988216,1.0,0.0115280389,normal_replay,GroupDiverse-Gap
RUN_134,TRIAD_045,A15_GroupDiverse-Gap_B3000,R1,1343723075,963122165,583,Det/images/normal_train/01247329.png,0,02,easy_clean,0.0281789776,1.0,0.0395130669,normal_replay,GroupDiverse-Gap
RUN_134,TRIAD_045,A15_GroupDiverse-Gap_B3000,R1,1343723075,963122165,584,Det/images/normal_train/00412707.png,0,06,easy_clean,0.0005146498,1.0,0.0007360219,normal_replay,GroupDiverse-Gap
RUN_134,TRIAD_045,A15_GroupDiverse-Gap_B3000,R1,1343723075,963122165,585,Det/images/normal_train/00966463.png,0,07,easy_clean,0.0068962827,1.0,0.0098434191,normal_replay,GroupDiverse-Gap
RUN_134,TRIAD_045,A15_GroupDiverse-Gap_B3000,R1,1343723075,963122165,586,Det/images/normal_train/00923970.png,0,08,easy_clean,0.0006934633,1.0,0.0010108449,normal_replay,GroupDiverse-Gap
RUN_134,TRIAD_045,A15_GroupDiverse-Gap_B3000,R1,1343723075,963122165,587,Det/images/normal_train/00218961.png,0,09,easy_clean,0.0041049245,1.0,0.0102681318,normal_replay,GroupDiverse-Gap
RUN_134,TRIAD_045,A15_GroupDiverse-Gap_B3000,R1,1343723075,963122165,588,Det/images/normal_train/00800097.png,0,05,easy_clean,0.000539297,1.0,0.0007638705,normal_replay,GroupDiverse-Gap
RUN_134,TRIAD_045,A15_GroupDiverse-Gap_B3000,R1,1343723075,963122165,589,Det/images/normal_train/00908455.png,0,06,easy_clean,0.010429517,1.0,0.0237000448,normal_replay,GroupDiverse-Gap
RUN_134,TRIAD_045,A15_GroupDiverse-Gap_B3000,R1,1343723075,963122165,590,Det/images/normal_train/01057782.png,0,06,learnable_hard,0.0601719822,0.995,0.074310618,normal_replay,GroupDiverse-Gap
RUN_134,TRIAD_045,A15_GroupDiverse-Gap_B3000,R1,1343723075,963122165,591,Det/images/normal_train/01014799.png,0,04,learnable_hard,0.1152329763,0.995,0.0605695544,normal_replay,GroupDiverse-Gap
RUN_134,TRIAD_045,A15_GroupDiverse-Gap_B3000,R1,1343723075,963122165,592,Det/images/normal_train/00817955.png,0,07,easy_clean,0.00304332,1.0,0.0049424793,normal_replay,GroupDiverse-Gap
RUN_134,TRIAD_045,A15_GroupDiverse-Gap_B3000,R1,1343723075,963122165,593,Det/images/normal_train/00589171.png,0,03,easy_clean,0.0169661248,1.0,0.027754815,normal_replay,GroupDiverse-Gap
RUN_134,TRIAD_045,A15_GroupDiverse-Gap_B3000,R1,1343723075,963122165,594,Det/images/normal_train/00201615.png,0,08,easy_clean,0.010637619,1.0,0.0218258058,normal_replay,GroupDiverse-Gap
RUN_134,TRIAD_045,A15_GroupDiverse-Gap_B3000,R1,1343723075,963122165,595,Det/images/normal_train/00194178.png,0,04,easy_clean,0.0079628774,1.0,0.0231584917,normal_replay,GroupDiverse-Gap
RUN_134,TRIAD_045,A15_GroupDiverse-Gap_B3000,R1,1343723075,963122165,596,Det/images/normal_train/01129298.png,0,09,easy_clean,0.0194102714,1.0,0.0206930234,normal_replay,GroupDiverse-Gap
RUN_134,TRIAD_045,A15_GroupDiverse-Gap_B3000,R1,1343723075,963122165,597,Det/images/normal_train/00958679.png,0,05,ordinary,0.5685957212,0.55,0.2593960149,normal_replay,GroupDiverse-Gap
RUN_134,TRIAD_045,A15_GroupDiverse-Gap_B3000,R1,1343723075,963122165,598,Det/images/normal_train/01004705.png,0,07,easy_clean,0.0119066277,1.0,0.0144718208,normal_replay,GroupDiverse-Gap
RUN_134,TRIAD_045,A15_GroupDiverse-Gap_B3000,R1,1343723075,963122165,599,Det/images/normal_train/01199280.png,0,03,learnable_hard,0.7766647357,0.05,0.1363837917,normal_replay,GroupDiverse-Gap
RUN_134,TRIAD_045,A15_GroupDiverse-Gap_B3000,R1,1343723075,963122165,600,Det/images/normal_train/01074619.png,0,04,easy_clean,7.32078e-05,1.0,0.0001527776,normal_replay,GroupDiverse-Gap
RUN_134,TRIAD_045,A15_GroupDiverse-Gap_B3000,R1,1343723075,963122165,601,Det/images/normal_train/01240401.png,0,03,easy_clean,0.0012060059,1.0,0.0016948327,normal_replay,GroupDiverse-Gap
RUN_134,TRIAD_045,A15_GroupDiverse-Gap_B3000,R1,1343723075,963122165,602,Det/images/normal_train/00244282.png,0,07,easy_clean,0.0014277684,1.0,0.0058063904,normal_replay,GroupDiverse-Gap
RUN_134,TRIAD_045,A15_GroupDiverse-Gap_B3000,R1,1343723075,963122165,603,Det/images/normal_train/00469979.png,0,01,easy_clean,0.0059233533,1.0,0.0082256461,normal_replay,GroupDiverse-Gap
RUN_134,TRIAD_045,A15_GroupDiverse-Gap_B3000,R1,1343723075,963122165,604,Det/images/normal_train/01013183.png,0,01,easy_clean,0.0018388152,1.0,0.0026173648,normal_replay,GroupDiverse-Gap
RUN_134,TRIAD_045,A15_GroupDiverse-Gap_B3000,R1,1343723075,963122165,605,Det/images/normal_train/00691993.png,0,07,easy_clean,0.0046341584,1.0,0.0108448141,normal_replay,GroupDiverse-Gap
RUN_134,TRIAD_045,A15_GroupDiverse-Gap_B3000,R1,1343723075,963122165,606,Det/images/normal_train/01195654.png,0,03,ordinary,0.1137387963,1.0,0.0448756431,normal_replay,GroupDiverse-Gap
RUN_134,TRIAD_045,A15_GroupDiverse-Gap_B3000,R1,1343723075,963122165,607,Det/images/normal_train/00895036.png,0,09,easy_clean,0.0052048811,1.0,0.0145619313,normal_replay,GroupDiverse-Gap
RUN_134,TRIAD_045,A15_GroupDiverse-Gap_B3000,R1,1343723075,963122165,608,Det/images/normal_train/00919514.png,0,04,easy_clean,0.0180153815,1.0,0.0137778857,normal_replay,GroupDiverse-Gap
RUN_134,TRIAD_045,A15_GroupDiverse-Gap_B3000,R1,1343723075,963122165,609,Det/images/normal_train/00807499.png,0,08,learnable_hard,0.19162546,0.985,0.1580721711,normal_replay,GroupDiverse-Gap
RUN_134,TRIAD_045,A15_GroupDiverse-Gap_B3000,R1,1343723075,963122165,610,Det/images/normal_train/00371074.png,0,00,easy_clean,0.006028811,1.0,0.0079535394,normal_replay,GroupDiverse-Gap
RUN_134,TRIAD_045,A15_GroupDiverse-Gap_B3000,R1,1343723075,963122165,611,Det/images/normal_train/00283449.png,0,03,easy_clean,0.0048098276,1.0,0.0254210198,normal_replay,GroupDiverse-Gap
RUN_134,TRIAD_045,A15_GroupDiverse-Gap_B3000,R1,1343723075,963122165,612,Det/images/normal_train/00784681.png,0,00,persistent_hard,0.7797995754,0.165,0.2128862257,normal_replay,GroupDiverse-Gap
RUN_134,TRIAD_045,A15_GroupDiverse-Gap_B3000,R1,1343723075,963122165,613,Det/images/normal_train/00562155.png,0,08,easy_clean,0.0096729177,1.0,0.0134103289,normal_replay,GroupDiverse-Gap
RUN_134,TRIAD_045,A15_GroupDiverse-Gap_B3000,R1,1343723075,963122165,614,Det/images/normal_train/00251906.png,0,04,easy_clean,0.0014972174,1.0,0.0083404591,normal_replay,GroupDiverse-Gap
RUN_134,TRIAD_045,A15_GroupDiverse-Gap_B3000,R1,1343723075,963122165,615,Det/images/normal_train/00189434.png,0,02,easy_clean,0.0055944897,1.0,0.0293705678,normal_replay,GroupDiverse-Gap
RUN_134,TRIAD_045,A15_GroupDiverse-Gap_B3000,R1,1343723075,963122165,616,Det/images/normal_train/00479986.png,0,03,easy_clean,0.0022097148,1.0,0.0029946715,normal_replay,GroupDiverse-Gap
RUN_134,TRIAD_045,A15_GroupDiverse-Gap_B3000,R1,1343723075,963122165,617,Det/images/normal_train/00539460.png,0,06,easy_clean,0.0158965927,1.0,0.042074229,normal_replay,GroupDiverse-Gap
RUN_134,TRIAD_045,A15_GroupDiverse-Gap_B3000,R1,1343723075,963122165,618,Det/images/normal_train/00589313.png,0,03,learnable_hard,0.0109475919,0.995,0.0597372288,normal_replay,GroupDiverse-Gap
RUN_134,TRIAD_045,A15_GroupDiverse-Gap_B3000,R1,1343723075,963122165,619,Det/images/normal_train/00371903.png,0,00,easy_clean,0.0118654872,1.0,0.0390605298,normal_replay,GroupDiverse-Gap
RUN_134,TRIAD_045,A15_GroupDiverse-Gap_B3000,R1,1343723075,963122165,620,Det/images/normal_train/01168600.png,0,02,easy_clean,0.0305218931,1.0,0.0177072474,normal_replay,GroupDiverse-Gap
RUN_134,TRIAD_045,A15_GroupDiverse-Gap_B3000,R1,1343723075,963122165,621,Det/images/normal_train/00316225.png,0,01,easy_clean,0.015049739,1.0,0.0138406536,normal_replay,GroupDiverse-Gap
RUN_134,TRIAD_045,A15_GroupDiverse-Gap_B3000,R1,1343723075,963122165,622,Det/images/normal_train/01160320.png,0,05,easy_clean,0.0737845833,1.0,0.061967619,normal_replay,GroupDiverse-Gap
RUN_134,TRIAD_045,A15_GroupDiverse-Gap_B3000,R1,1343723075,963122165,623,Det/images/normal_train/00946190.png,0,07,easy_clean,0.0084084176,1.0,0.0079887635,normal_replay,GroupDiverse-Gap
RUN_134,TRIAD_045,A15_GroupDiverse-Gap_B3000,R1,1343723075,963122165,624,Det/images/normal_train/00364469.png,0,08,ordinary,0.1319641992,1.0,0.1414793509,normal_replay,GroupDiverse-Gap
RUN_134,TRIAD_045,A15_GroupDiverse-Gap_B3000,R1,1343723075,963122165,625,Det/images/normal_train/01184899.png,0,04,easy_clean,0.0615403072,1.0,0.0602374282,normal_replay,GroupDiverse-Gap
RUN_134,TRIAD_045,A15_GroupDiverse-Gap_B3000,R1,1343723075,963122165,626,Det/images/normal_train/00924902.png,0,07,easy_clean,0.0046963803,1.0,0.0128125558,normal_replay,GroupDiverse-Gap
RUN_134,TRIAD_045,A15_GroupDiverse-Gap_B3000,R1,1343723075,963122165,627,Det/images/normal_train/00363337.png,0,02,easy_clean,0.0001745032,1.0,0.0003455294,normal_replay,GroupDiverse-Gap
RUN_134,TRIAD_045,A15_GroupDiverse-Gap_B3000,R1,1343723075,963122165,628,Det/images/normal_train/00479790.png,0,03,easy_clean,0.000374517,1.0,0.0008473215,normal_replay,GroupDiverse-Gap
RUN_134,TRIAD_045,A15_GroupDiverse-Gap_B3000,R1,1343723075,963122165,629,Det/images/normal_train/01262080.png,0,00,easy_clean,0.0306899494,1.0,0.02922086,normal_replay,GroupDiverse-Gap
RUN_134,TRIAD_045,A15_GroupDiverse-Gap_B3000,R1,1343723075,963122165,630,Det/images/normal_train/00780936.png,0,00,easy_clean,0.0033012699,1.0,0.0042375327,normal_replay,GroupDiverse-Gap
RUN_134,TRIAD_045,A15_GroupDiverse-Gap_B3000,R1,1343723075,963122165,631,Det/images/normal_train/00868794.png,0,09,easy_clean,0.0008514035,1.0,0.0051200978,normal_replay,GroupDiverse-Gap
RUN_134,TRIAD_045,A15_GroupDiverse-Gap_B3000,R1,1343723075,963122165,632,Det/images/normal_train/01203999.png,0,05,learnable_hard,0.1360893031,0.99,0.1158643195,normal_replay,GroupDiverse-Gap
RUN_134,TRIAD_045,A15_GroupDiverse-Gap_B3000,R1,1343723075,963122165,633,Det/images/normal_train/01103781.png,0,02,easy_clean,0.0149711277,1.0,0.0185499838,normal_replay,GroupDiverse-Gap
RUN_134,TRIAD_045,A15_GroupDiverse-Gap_B3000,R1,1343723075,963122165,634,Det/images/normal_train/00491111.png,0,06,learnable_hard,0.1403788986,0.975,0.1386507514,normal_replay,GroupDiverse-Gap
RUN_134,TRIAD_045,A15_GroupDiverse-Gap_B3000,R1,1343723075,963122165,635,Det/images/normal_train/00915207.png,0,09,learnable_hard,0.126083444,0.995,0.1192510335,normal_replay,GroupDiverse-Gap
RUN_134,TRIAD_045,A15_GroupDiverse-Gap_B3000,R1,1343723075,963122165,636,Det/images/normal_train/00394321.png,0,05,easy_clean,0.010348757,1.0,0.0144426109,normal_replay,GroupDiverse-Gap
RUN_134,TRIAD_045,A15_GroupDiverse-Gap_B3000,R1,1343723075,963122165,637,Det/images/normal_train/00592747.png,0,07,easy_clean,0.0010633315,1.0,0.0033859758,normal_replay,GroupDiverse-Gap
RUN_134,TRIAD_045,A15_GroupDiverse-Gap_B3000,R1,1343723075,963122165,638,Det/images/normal_train/00999691.png,0,08,easy_clean,0.0132320444,1.0,0.018064286,normal_replay,GroupDiverse-Gap
RUN_134,TRIAD_045,A15_GroupDiverse-Gap_B3000,R1,1343723075,963122165,639,Det/images/normal_train/01258407.png,0,03,easy_clean,0.0119187118,1.0,0.0204315471,normal_replay,GroupDiverse-Gap
RUN_134,TRIAD_045,A15_GroupDiverse-Gap_B3000,R1,1343723075,963122165,640,Det/images/normal_train/00320818.png,0,01,learnable_hard,0.0988885422,0.975,0.1338507518,normal_replay,GroupDiverse-Gap
RUN_134,TRIAD_045,A15_GroupDiverse-Gap_B3000,R1,1343723075,963122165,641,Det/images/normal_train/00691494.png,0,07,easy_clean,0.0032555425,1.0,0.0120273933,normal_replay,GroupDiverse-Gap
RUN_134,TRIAD_045,A15_GroupDiverse-Gap_B3000,R1,1343723075,963122165,642,Det/images/normal_train/00917707.png,0,08,easy_clean,0.0068563722,1.0,0.0305842207,normal_replay,GroupDiverse-Gap
RUN_134,TRIAD_045,A15_GroupDiverse-Gap_B3000,R1,1343723075,963122165,643,Det/images/normal_train/00825028.png,0,02,easy_clean,0.0007705456,1.0,0.001033854,normal_replay,GroupDiverse-Gap
RUN_134,TRIAD_045,A15_GroupDiverse-Gap_B3000,R1,1343723075,963122165,644,Det/images/normal_train/00849135.png,0,05,easy_clean,0.0171525425,1.0,0.021348789,normal_replay,GroupDiverse-Gap
RUN_134,TRIAD_045,A15_GroupDiverse-Gap_B3000,R1,1343723075,963122165,645,Det/images/normal_train/00399499.png,0,08,easy_clean,0.0233186149,1.0,0.0220178832,normal_replay,GroupDiverse-Gap
RUN_134,TRIAD_045,A15_GroupDiverse-Gap_B3000,R1,1343723075,963122165,646,Det/images/normal_train/00907763.png,0,02,easy_clean,0.0004127905,1.0,0.0006099724,normal_replay,GroupDiverse-Gap
RUN_134,TRIAD_045,A15_GroupDiverse-Gap_B3000,R1,1343723075,963122165,647,Det/images/normal_train/00511537.png,0,02,easy_clean,0.0019028272,1.0,0.00325295,normal_replay,GroupDiverse-Gap
RUN_134,TRIAD_045,A15_GroupDiverse-Gap_B3000,R1,1343723075,963122165,648,Det/images/normal_train/00815206.png,0,08,easy_clean,0.0186628751,1.0,0.0238572462,normal_replay,GroupDiverse-Gap
RUN_134,TRIAD_045,A15_GroupDiverse-Gap_B3000,R1,1343723075,963122165,649,Det/images/normal_train/00920832.png,0,09,easy_clean,0.0025703623,1.0,0.0076075493,normal_replay,GroupDiverse-Gap
RUN_134,TRIAD_045,A15_GroupDiverse-Gap_B3000,R1,1343723075,963122165,650,Det/images/normal_train/00258251.png,0,02,easy_clean,0.0015486899,1.0,0.0013928844,normal_replay,GroupDiverse-Gap
RUN_134,TRIAD_045,A15_GroupDiverse-Gap_B3000,R1,1343723075,963122165,651,Det/images/normal_train/00327434.png,0,06,easy_clean,0.0621814212,1.0,0.0927228652,normal_replay,GroupDiverse-Gap
RUN_134,TRIAD_045,A15_GroupDiverse-Gap_B3000,R1,1343723075,963122165,652,Det/images/normal_train/00465145.png,0,00,persistent_hard,0.6085221329,0.405,0.2800197351,normal_replay,GroupDiverse-Gap
RUN_134,TRIAD_045,A15_GroupDiverse-Gap_B3000,R1,1343723075,963122165,653,Det/images/normal_train/00597089.png,0,03,easy_clean,0.0020551277,1.0,0.0131167989,normal_replay,GroupDiverse-Gap
RUN_134,TRIAD_045,A15_GroupDiverse-Gap_B3000,R1,1343723075,963122165,654,Det/images/normal_train/00995045.png,0,05,ordinary,0.1950249725,1.0,0.1338368345,normal_replay,GroupDiverse-Gap
RUN_134,TRIAD_045,A15_GroupDiverse-Gap_B3000,R1,1343723075,963122165,655,Det/images/normal_train/00269449.png,0,03,easy_clean,0.000168968,1.0,0.0002307769,normal_replay,GroupDiverse-Gap
RUN_134,TRIAD_045,A15_GroupDiverse-Gap_B3000,R1,1343723075,963122165,656,Det/images/normal_train/00732801.png,0,04,easy_clean,0.0033575305,1.0,0.0186977981,normal_replay,GroupDiverse-Gap
RUN_134,TRIAD_045,A15_GroupDiverse-Gap_B3000,R1,1343723075,963122165,657,Det/images/normal_train/00615699.png,0,01,easy_clean,0.0025100338,1.0,0.0044752868,normal_replay,GroupDiverse-Gap
RUN_134,TRIAD_045,A15_GroupDiverse-Gap_B3000,R1,1343723075,963122165,658,Det/images/normal_train/00169243.png,0,06,learnable_hard,0.3942044241,0.545,0.2018865334,normal_replay,GroupDiverse-Gap
RUN_134,TRIAD_045,A15_GroupDiverse-Gap_B3000,R1,1343723075,963122165,659,Det/images/normal_train/00780822.png,0,00,learnable_hard,0.2694279702,0.99,0.1067013145,normal_replay,GroupDiverse-Gap
RUN_134,TRIAD_045,A15_GroupDiverse-Gap_B3000,R1,1343723075,963122165,660,Det/images/normal_train/00773337.png,0,01,easy_clean,0.001589271,1.0,0.0024674756,normal_replay,GroupDiverse-Gap
RUN_134,TRIAD_045,A15_GroupDiverse-Gap_B3000,R1,1343723075,963122165,661,Det/images/normal_train/00781674.png,0,02,easy_clean,0.0023315022,1.0,0.00446803,normal_replay,GroupDiverse-Gap
RUN_134,TRIAD_045,A15_GroupDiverse-Gap_B3000,R1,1343723075,963122165,662,Det/images/normal_train/00247541.png,0,01,easy_clean,0.0222491092,1.0,0.0463438251,normal_replay,GroupDiverse-Gap
RUN_134,TRIAD_045,A15_GroupDiverse-Gap_B3000,R1,1343723075,963122165,663,Det/images/normal_train/00950516.png,0,01,easy_clean,0.0468112173,1.0,0.0370053035,normal_replay,GroupDiverse-Gap
RUN_134,TRIAD_045,A15_GroupDiverse-Gap_B3000,R1,1343723075,963122165,664,Det/images/normal_train/00855082.png,0,09,easy_clean,0.0028628665,1.0,0.008447884,normal_replay,GroupDiverse-Gap
RUN_134,TRIAD_045,A15_GroupDiverse-Gap_B3000,R1,1343723075,963122165,665,Det/images/normal_train/00967741.png,0,04,easy_clean,0.0016335483,1.0,0.0023040297,normal_replay,GroupDiverse-Gap
RUN_134,TRIAD_045,A15_GroupDiverse-Gap_B3000,R1,1343723075,963122165,666,Det/images/normal_train/00411645.png,0,06,easy_clean,0.0074055744,1.0,0.0104699969,normal_replay,GroupDiverse-Gap
RUN_134,TRIAD_045,A15_GroupDiverse-Gap_B3000,R1,1343723075,963122165,667,Det/images/normal_train/00473744.png,0,06,learnable_hard,0.1866633372,0.995,0.1551111535,normal_replay,GroupDiverse-Gap
RUN_134,TRIAD_045,A15_GroupDiverse-Gap_B3000,R1,1343723075,963122165,668,Det/images/normal_train/01146590.png,0,05,easy_clean,0.002521421,1.0,0.0039174419,normal_replay,GroupDiverse-Gap
RUN_134,TRIAD_045,A15_GroupDiverse-Gap_B3000,R1,1343723075,963122165,669,Det/images/normal_train/00997469.png,0,08,easy_clean,0.0046395216,1.0,0.0089547961,normal_replay,GroupDiverse-Gap
RUN_134,TRIAD_045,A15_GroupDiverse-Gap_B3000,R1,1343723075,963122165,670,Det/images/normal_train/00483761.png,0,06,easy_clean,0.0668739021,0.995,0.0760993014,normal_replay,GroupDiverse-Gap
RUN_134,TRIAD_045,A15_GroupDiverse-Gap_B3000,R1,1343723075,963122165,671,Det/images/normal_train/00357245.png,0,09,easy_clean,0.0251855334,1.0,0.0223540151,normal_replay,GroupDiverse-Gap
RUN_134,TRIAD_045,A15_GroupDiverse-Gap_B3000,R1,1343723075,963122165,672,Det/images/normal_train/00326659.png,0,09,easy_clean,0.0004067014,1.0,0.0007115257,normal_replay,GroupDiverse-Gap
RUN_134,TRIAD_045,A15_GroupDiverse-Gap_B3000,R1,1343723075,963122165,673,Det/images/normal_train/00788847.png,0,03,easy_clean,0.0021555167,1.0,0.003545997,normal_replay,GroupDiverse-Gap
RUN_134,TRIAD_045,A15_GroupDiverse-Gap_B3000,R1,1343723075,963122165,674,Det/images/normal_train/00847585.png,0,04,easy_clean,0.0007049956,1.0,0.0009710973,normal_replay,GroupDiverse-Gap
RUN_134,TRIAD_045,A15_GroupDiverse-Gap_B3000,R1,1343723075,963122165,675,Det/images/normal_train/00719905.png,0,01,persistent_hard,0.6305954002,0.305,0.187386638,normal_replay,GroupDiverse-Gap
RUN_134,TRIAD_045,A15_GroupDiverse-Gap_B3000,R1,1343723075,963122165,676,Det/images/normal_train/00849298.png,0,05,ordinary,0.3742054881,0.71,0.3400542788,normal_replay,GroupDiverse-Gap
RUN_134,TRIAD_045,A15_GroupDiverse-Gap_B3000,R1,1343723075,963122165,677,Det/images/normal_train/00841468.png,0,04,easy_clean,0.0088956355,1.0,0.0363498041,normal_replay,GroupDiverse-Gap
RUN_134,TRIAD_045,A15_GroupDiverse-Gap_B3000,R1,1343723075,963122165,678,Det/images/normal_train/01126243.png,0,06,easy_clean,0.0239752221,1.0,0.018723794,normal_replay,GroupDiverse-Gap
RUN_134,TRIAD_045,A15_GroupDiverse-Gap_B3000,R1,1343723075,963122165,679,Det/images/normal_train/00480240.png,0,07,easy_clean,0.0005824797,1.0,0.0007040248,normal_replay,GroupDiverse-Gap
RUN_134,TRIAD_045,A15_GroupDiverse-Gap_B3000,R1,1343723075,963122165,680,Det/images/normal_train/00485844.png,0,09,easy_clean,0.0125687641,1.0,0.0154010758,normal_replay,GroupDiverse-Gap
RUN_134,TRIAD_045,A15_GroupDiverse-Gap_B3000,R1,1343723075,963122165,681,Det/images/normal_train/00346738.png,0,07,easy_clean,0.0050754687,1.0,0.0244752857,normal_replay,GroupDiverse-Gap
RUN_134,TRIAD_045,A15_GroupDiverse-Gap_B3000,R1,1343723075,963122165,682,Det/images/normal_train/00280991.png,0,03,easy_clean,0.0226610125,1.0,0.0259287611,normal_replay,GroupDiverse-Gap
RUN_134,TRIAD_045,A15_GroupDiverse-Gap_B3000,R1,1343723075,963122165,683,Det/images/normal_train/01137189.png,0,03,learnable_hard,0.0906512396,0.995,0.0778614829,normal_replay,GroupDiverse-Gap
RUN_134,TRIAD_045,A15_GroupDiverse-Gap_B3000,R1,1343723075,963122165,684,Det/images/normal_train/00837072.png,0,02,easy_clean,0.0007636427,1.0,0.0015517757,normal_replay,GroupDiverse-Gap
RUN_134,TRIAD_045,A15_GroupDiverse-Gap_B3000,R1,1343723075,963122165,685,Det/images/normal_train/00810809.png,0,09,easy_clean,0.0043219267,1.0,0.0080687921,normal_replay,GroupDiverse-Gap
RUN_134,TRIAD_045,A15_GroupDiverse-Gap_B3000,R1,1343723075,963122165,686,Det/images/normal_train/00862248.png,0,07,easy_clean,0.002870507,1.0,0.00561621,normal_replay,GroupDiverse-Gap
RUN_134,TRIAD_045,A15_GroupDiverse-Gap_B3000,R1,1343723075,963122165,687,Det/images/normal_train/00529016.png,0,03,easy_clean,0.0005304699,1.0,0.0023027175,normal_replay,GroupDiverse-Gap
RUN_134,TRIAD_045,A15_GroupDiverse-Gap_B3000,R1,1343723075,963122165,688,Det/images/normal_train/00372935.png,0,05,easy_clean,0.0022902783,1.0,0.0046032258,normal_replay,GroupDiverse-Gap
RUN_134,TRIAD_045,A15_GroupDiverse-Gap_B3000,R1,1343723075,963122165,689,Det/images/normal_train/01042320.png,0,01,easy_clean,0.0483160731,1.0,0.0490027484,normal_replay,GroupDiverse-Gap
RUN_134,TRIAD_045,A15_GroupDiverse-Gap_B3000,R1,1343723075,963122165,690,Det/images/normal_train/00641905.png,0,02,easy_clean,0.0030918326,1.0,0.0065242784,normal_replay,GroupDiverse-Gap
RUN_134,TRIAD_045,A15_GroupDiverse-Gap_B3000,R1,1343723075,963122165,691,Det/images/normal_train/00188726.png,0,06,easy_clean,0.0020394206,1.0,0.002957613,normal_replay,GroupDiverse-Gap
RUN_134,TRIAD_045,A15_GroupDiverse-Gap_B3000,R1,1343723075,963122165,692,Det/images/normal_train/00560838.png,0,01,easy_clean,0.0163977177,1.0,0.0184463069,normal_replay,GroupDiverse-Gap
RUN_134,TRIAD_045,A15_GroupDiverse-Gap_B3000,R1,1343723075,963122165,693,Det/images/normal_train/00357446.png,0,09,easy_clean,0.011478227,1.0,0.0088304953,normal_replay,GroupDiverse-Gap
RUN_134,TRIAD_045,A15_GroupDiverse-Gap_B3000,R1,1343723075,963122165,694,Det/images/normal_train/00878086.png,0,09,easy_clean,0.0031138778,1.0,0.0230321545,normal_replay,GroupDiverse-Gap
RUN_134,TRIAD_045,A15_GroupDiverse-Gap_B3000,R1,1343723075,963122165,695,Det/images/normal_train/00273939.png,0,08,easy_clean,0.0009465016,1.0,0.0020941351,normal_replay,GroupDiverse-Gap
RUN_134,TRIAD_045,A15_GroupDiverse-Gap_B3000,R1,1343723075,963122165,696,Det/images/normal_train/00491232.png,0,06,learnable_hard,0.0900494942,0.99,0.1048012734,normal_replay,GroupDiverse-Gap
RUN_134,TRIAD_045,A15_GroupDiverse-Gap_B3000,R1,1343723075,963122165,697,Det/images/normal_train/00613117.png,0,06,easy_clean,0.0008517286,1.0,0.0018731423,normal_replay,GroupDiverse-Gap
RUN_134,TRIAD_045,A15_GroupDiverse-Gap_B3000,R1,1343723075,963122165,698,Det/images/normal_train/01268396.png,0,05,easy_clean,0.0410925217,1.0,0.0459493611,normal_replay,GroupDiverse-Gap
RUN_134,TRIAD_045,A15_GroupDiverse-Gap_B3000,R1,1343723075,963122165,699,Det/images/normal_train/00902558.png,0,04,learnable_hard,0.0184899411,0.995,0.0591187664,normal_replay,GroupDiverse-Gap
RUN_134,TRIAD_045,A15_GroupDiverse-Gap_B3000,R1,1343723075,963122165,700,Det/images/normal_train/00854130.png,0,09,easy_clean,0.0009322973,1.0,0.0019919043,normal_replay,GroupDiverse-Gap
RUN_134,TRIAD_045,A15_GroupDiverse-Gap_B3000,R1,1343723075,963122165,701,Det/images/normal_train/01169618.png,0,08,easy_clean,0.0197806681,1.0,0.0214405372,normal_replay,GroupDiverse-Gap
RUN_134,TRIAD_045,A15_GroupDiverse-Gap_B3000,R1,1343723075,963122165,702,Det/images/normal_train/00312325.png,0,02,easy_clean,0.0288635241,1.0,0.0211468899,normal_replay,GroupDiverse-Gap
RUN_134,TRIAD_045,A15_GroupDiverse-Gap_B3000,R1,1343723075,963122165,703,Det/images/normal_train/00284497.png,0,01,learnable_hard,0.0081776422,0.995,0.0575347844,normal_replay,GroupDiverse-Gap
RUN_134,TRIAD_045,A15_GroupDiverse-Gap_B3000,R1,1343723075,963122165,704,Det/images/normal_train/01233857.png,0,09,easy_clean,0.0030915985,1.0,0.0053862604,normal_replay,GroupDiverse-Gap
RUN_134,TRIAD_045,A15_GroupDiverse-Gap_B3000,R1,1343723075,963122165,705,Det/images/normal_train/01237659.png,0,05,easy_clean,0.0018392886,1.0,0.0076774078,normal_replay,GroupDiverse-Gap
RUN_134,TRIAD_045,A15_GroupDiverse-Gap_B3000,R1,1343723075,963122165,706,Det/images/normal_train/01118083.png,0,02,learnable_hard,0.1245674183,0.99,0.1022926533,normal_replay,GroupDiverse-Gap
RUN_134,TRIAD_045,A15_GroupDiverse-Gap_B3000,R1,1343723075,963122165,707,Det/images/normal_train/00774259.png,0,00,easy_clean,0.0129889223,1.0,0.0391468879,normal_replay,GroupDiverse-Gap
RUN_134,TRIAD_045,A15_GroupDiverse-Gap_B3000,R1,1343723075,963122165,708,Det/images/normal_train/00929977.png,0,06,easy_clean,0.0194246504,1.0,0.0293543734,normal_replay,GroupDiverse-Gap
RUN_134,TRIAD_045,A15_GroupDiverse-Gap_B3000,R1,1343723075,963122165,709,Det/images/normal_train/00916071.png,0,00,easy_clean,0.0012009583,1.0,0.004519382,normal_replay,GroupDiverse-Gap
RUN_134,TRIAD_045,A15_GroupDiverse-Gap_B3000,R1,1343723075,963122165,710,Det/images/normal_train/00981752.png,0,05,easy_clean,0.0091141591,1.0,0.0238455089,normal_replay,GroupDiverse-Gap
RUN_134,TRIAD_045,A15_GroupDiverse-Gap_B3000,R1,1343723075,963122165,711,Det/images/normal_train/00816004.png,0,00,easy_clean,0.0076652247,1.0,0.0090844722,normal_replay,GroupDiverse-Gap
RUN_134,TRIAD_045,A15_GroupDiverse-Gap_B3000,R1,1343723075,963122165,712,Det/images/normal_train/01188147.png,0,01,easy_clean,0.0283241426,1.0,0.0293570113,normal_replay,GroupDiverse-Gap
RUN_134,TRIAD_045,A15_GroupDiverse-Gap_B3000,R1,1343723075,963122165,713,Det/images/normal_train/00604590.png,0,02,learnable_hard,0.0324450455,0.995,0.0644617565,normal_replay,GroupDiverse-Gap
RUN_134,TRIAD_045,A15_GroupDiverse-Gap_B3000,R1,1343723075,963122165,714,Det/images/normal_train/00282422.png,0,04,learnable_hard,0.2669822686,0.78,0.2560532131,normal_replay,GroupDiverse-Gap
RUN_134,TRIAD_045,A15_GroupDiverse-Gap_B3000,R1,1343723075,963122165,715,Det/images/normal_train/00943199.png,0,09,easy_clean,0.0554622482,0.995,0.0767413863,normal_replay,GroupDiverse-Gap
RUN_134,TRIAD_045,A15_GroupDiverse-Gap_B3000,R1,1343723075,963122165,716,Det/images/normal_train/00933688.png,0,03,easy_clean,0.0238309181,1.0,0.0323648531,normal_replay,GroupDiverse-Gap
RUN_134,TRIAD_045,A15_GroupDiverse-Gap_B3000,R1,1343723075,963122165,717,Det/images/normal_train/00447153.png,0,05,learnable_hard,0.0600799948,0.995,0.0792197457,normal_replay,GroupDiverse-Gap
RUN_134,TRIAD_045,A15_GroupDiverse-Gap_B3000,R1,1343723075,963122165,718,Det/images/normal_train/00530164.png,0,01,easy_clean,0.0639472894,1.0,0.0427899973,normal_replay,GroupDiverse-Gap
RUN_134,TRIAD_045,A15_GroupDiverse-Gap_B3000,R1,1343723075,963122165,719,Det/images/normal_train/00407534.png,0,00,easy_clean,0.0054553915,1.0,0.0082625451,normal_replay,GroupDiverse-Gap
RUN_134,TRIAD_045,A15_GroupDiverse-Gap_B3000,R1,1343723075,963122165,720,Det/images/normal_train/00850786.png,0,07,ordinary,0.1192191623,1.0,0.1031937384,normal_replay,GroupDiverse-Gap
RUN_134,TRIAD_045,A15_GroupDiverse-Gap_B3000,R1,1343723075,963122165,721,Det/images/normal_train/01094484.png,0,05,easy_clean,0.0130988916,1.0,0.0208224336,normal_replay,GroupDiverse-Gap
RUN_134,TRIAD_045,A15_GroupDiverse-Gap_B3000,R1,1343723075,963122165,722,Det/images/normal_train/00348049.png,0,03,easy_clean,0.0592105582,1.0,0.0292745877,normal_replay,GroupDiverse-Gap
RUN_134,TRIAD_045,A15_GroupDiverse-Gap_B3000,R1,1343723075,963122165,723,Det/images/normal_train/00445574.png,0,08,easy_clean,0.0034840783,1.0,0.0084607026,normal_replay,GroupDiverse-Gap
RUN_134,TRIAD_045,A15_GroupDiverse-Gap_B3000,R1,1343723075,963122165,724,Det/images/normal_train/00187245.png,0,03,learnable_hard,0.3566003883,0.78,0.1384171327,normal_replay,GroupDiverse-Gap
RUN_134,TRIAD_045,A15_GroupDiverse-Gap_B3000,R1,1343723075,963122165,725,Det/images/normal_train/00952891.png,0,09,easy_clean,0.0060305836,1.0,0.0123010538,normal_replay,GroupDiverse-Gap
RUN_134,TRIAD_045,A15_GroupDiverse-Gap_B3000,R1,1343723075,963122165,726,Det/images/normal_train/00377502.png,0,01,easy_clean,0.0033501186,1.0,0.004041919,normal_replay,GroupDiverse-Gap
RUN_134,TRIAD_045,A15_GroupDiverse-Gap_B3000,R1,1343723075,963122165,727,Det/images/normal_train/01271280.png,0,03,easy_clean,0.005283969,1.0,0.0100510262,normal_replay,GroupDiverse-Gap
RUN_134,TRIAD_045,A15_GroupDiverse-Gap_B3000,R1,1343723075,963122165,728,Det/images/normal_train/01201705.png,0,00,easy_clean,0.0393803538,1.0,0.0306683248,normal_replay,GroupDiverse-Gap
RUN_134,TRIAD_045,A15_GroupDiverse-Gap_B3000,R1,1343723075,963122165,729,Det/images/normal_train/00717360.png,0,00,learnable_hard,0.0068196216,0.995,0.0484008961,normal_replay,GroupDiverse-Gap
RUN_134,TRIAD_045,A15_GroupDiverse-Gap_B3000,R1,1343723075,963122165,730,Det/images/normal_train/01260786.png,0,05,easy_clean,0.0808263825,1.0,0.0212974918,normal_replay,GroupDiverse-Gap
RUN_134,TRIAD_045,A15_GroupDiverse-Gap_B3000,R1,1343723075,963122165,731,Det/images/normal_train/00980387.png,0,01,learnable_hard,0.1772701652,0.985,0.1170913207,normal_replay,GroupDiverse-Gap
RUN_134,TRIAD_045,A15_GroupDiverse-Gap_B3000,R1,1343723075,963122165,732,Det/images/normal_train/01155450.png,0,07,easy_clean,0.0001556934,1.0,0.0010990797,normal_replay,GroupDiverse-Gap
RUN_134,TRIAD_045,A15_GroupDiverse-Gap_B3000,R1,1343723075,963122165,733,Det/images/normal_train/00826681.png,0,03,easy_clean,0.0249928135,1.0,0.0382201109,normal_replay,GroupDiverse-Gap
RUN_134,TRIAD_045,A15_GroupDiverse-Gap_B3000,R1,1343723075,963122165,734,Det/images/normal_train/00373983.png,0,03,easy_clean,0.0034696219,1.0,0.0154382984,normal_replay,GroupDiverse-Gap
RUN_134,TRIAD_045,A15_GroupDiverse-Gap_B3000,R1,1343723075,963122165,735,Det/images/normal_train/00775744.png,0,09,easy_clean,0.0005328215,1.0,0.0010537152,normal_replay,GroupDiverse-Gap
RUN_134,TRIAD_045,A15_GroupDiverse-Gap_B3000,R1,1343723075,963122165,736,Det/images/normal_train/00551710.png,0,02,easy_clean,0.0010039164,1.0,0.0015414408,normal_replay,GroupDiverse-Gap
RUN_134,TRIAD_045,A15_GroupDiverse-Gap_B3000,R1,1343723075,963122165,737,Det/images/normal_train/00320464.png,0,01,easy_clean,0.0023266002,1.0,0.0102449894,normal_replay,GroupDiverse-Gap
RUN_134,TRIAD_045,A15_GroupDiverse-Gap_B3000,R1,1343723075,963122165,738,Det/images/normal_train/00212231.png,0,05,easy_clean,0.006674253,1.0,0.0113482064,normal_replay,GroupDiverse-Gap
RUN_134,TRIAD_045,A15_GroupDiverse-Gap_B3000,R1,1343723075,963122165,739,Det/images/normal_train/00282943.png,0,04,easy_clean,0.0109322886,1.0,0.0339751313,normal_replay,GroupDiverse-Gap
RUN_134,TRIAD_045,A15_GroupDiverse-Gap_B3000,R1,1343723075,963122165,740,Det/images/normal_train/00193700.png,0,06,easy_clean,0.0140175494,1.0,0.0179876528,normal_replay,GroupDiverse-Gap
RUN_134,TRIAD_045,A15_GroupDiverse-Gap_B3000,R1,1343723075,963122165,741,Det/images/normal_train/00378031.png,0,05,persistent_hard,0.6021143678,0.435,0.2164543933,normal_replay,GroupDiverse-Gap
RUN_134,TRIAD_045,A15_GroupDiverse-Gap_B3000,R1,1343723075,963122165,742,Det/images/normal_train/01222853.png,0,07,easy_clean,0.0191653836,1.0,0.0199042305,normal_replay,GroupDiverse-Gap
RUN_134,TRIAD_045,A15_GroupDiverse-Gap_B3000,R1,1343723075,963122165,743,Det/images/normal_train/00863241.png,0,07,easy_clean,0.0088305459,1.0,0.0132571974,normal_replay,GroupDiverse-Gap
RUN_134,TRIAD_045,A15_GroupDiverse-Gap_B3000,R1,1343723075,963122165,744,Det/images/normal_train/01041023.png,0,01,easy_clean,0.0176747303,1.0,0.0221579824,normal_replay,GroupDiverse-Gap
RUN_134,TRIAD_045,A15_GroupDiverse-Gap_B3000,R1,1343723075,963122165,745,Det/images/normal_train/00409216.png,0,06,easy_clean,0.0044282646,1.0,0.0058503865,normal_replay,GroupDiverse-Gap
RUN_134,TRIAD_045,A15_GroupDiverse-Gap_B3000,R1,1343723075,963122165,746,Det/images/normal_train/01259039.png,0,06,easy_clean,0.0678442165,0.995,0.082144669,normal_replay,GroupDiverse-Gap
RUN_134,TRIAD_045,A15_GroupDiverse-Gap_B3000,R1,1343723075,963122165,747,Det/images/normal_train/00975488.png,0,02,ordinary,0.219415716,1.0,0.0753703912,normal_replay,GroupDiverse-Gap
RUN_134,TRIAD_045,A15_GroupDiverse-Gap_B3000,R1,1343723075,963122165,748,Det/images/normal_train/00268412.png,0,03,easy_clean,0.0204860698,1.0,0.0436960294,normal_replay,GroupDiverse-Gap
RUN_134,TRIAD_045,A15_GroupDiverse-Gap_B3000,R1,1343723075,963122165,749,Det/images/normal_train/00529896.png,0,03,easy_clean,0.0030987919,1.0,0.0111935841,normal_replay,GroupDiverse-Gap
RUN_134,TRIAD_045,A15_GroupDiverse-Gap_B3000,R1,1343723075,963122165,750,Det/images/normal_train/00522942.png,0,07,easy_clean,0.0567352263,1.0,0.0526464997,normal_replay,GroupDiverse-Gap
RUN_134,TRIAD_045,A15_GroupDiverse-Gap_B3000,R1,1343723075,963122165,751,Det/images/normal_train/00584952.png,0,05,easy_clean,0.0049168374,1.0,0.0070000858,normal_replay,GroupDiverse-Gap
RUN_134,TRIAD_045,A15_GroupDiverse-Gap_B3000,R1,1343723075,963122165,752,Det/images/normal_train/00447506.png,0,05,easy_clean,0.000709793,1.0,0.001584154,normal_replay,GroupDiverse-Gap
RUN_134,TRIAD_045,A15_GroupDiverse-Gap_B3000,R1,1343723075,963122165,753,Det/images/normal_train/00246548.png,0,08,easy_clean,0.000871989,1.0,0.0018359157,normal_replay,GroupDiverse-Gap
RUN_134,TRIAD_045,A15_GroupDiverse-Gap_B3000,R1,1343723075,963122165,754,Det/images/normal_train/01123843.png,0,06,easy_clean,0.0069545624,1.0,0.0091658968,normal_replay,GroupDiverse-Gap
RUN_134,TRIAD_045,A15_GroupDiverse-Gap_B3000,R1,1343723075,963122165,755,Det/images/normal_train/01189882.png,0,05,unstable_boundary,0.5109560069,0.455,0.1719229148,normal_replay,GroupDiverse-Gap
RUN_134,TRIAD_045,A15_GroupDiverse-Gap_B3000,R1,1343723075,963122165,756,Det/images/normal_train/01292972.png,0,07,easy_clean,0.0091855549,1.0,0.0105160982,normal_replay,GroupDiverse-Gap
RUN_134,TRIAD_045,A15_GroupDiverse-Gap_B3000,R1,1343723075,963122165,757,Det/images/normal_train/01053762.png,0,05,learnable_hard,0.2264009388,0.98,0.1670988046,normal_replay,GroupDiverse-Gap
RUN_134,TRIAD_045,A15_GroupDiverse-Gap_B3000,R1,1343723075,963122165,758,Det/images/normal_train/01142603.png,0,07,easy_clean,0.0014676653,1.0,0.0019277233,normal_replay,GroupDiverse-Gap
RUN_134,TRIAD_045,A15_GroupDiverse-Gap_B3000,R1,1343723075,963122165,759,Det/images/normal_train/01274702.png,0,08,easy_clean,0.0574149126,1.0,0.0517418849,normal_replay,GroupDiverse-Gap
RUN_134,TRIAD_045,A15_GroupDiverse-Gap_B3000,R1,1343723075,963122165,760,Det/images/normal_train/01170501.png,0,09,ordinary,0.2159193298,1.0,0.0865288578,normal_replay,GroupDiverse-Gap
RUN_134,TRIAD_045,A15_GroupDiverse-Gap_B3000,R1,1343723075,963122165,761,Det/images/normal_train/00330696.png,0,00,easy_clean,0.0309162213,1.0,0.0702814072,normal_replay,GroupDiverse-Gap
RUN_134,TRIAD_045,A15_GroupDiverse-Gap_B3000,R1,1343723075,963122165,762,Det/images/normal_train/01113840.png,0,07,learnable_hard,0.0978301587,0.995,0.0537322629,normal_replay,GroupDiverse-Gap
RUN_134,TRIAD_045,A15_GroupDiverse-Gap_B3000,R1,1343723075,963122165,763,Det/images/normal_train/00882156.png,0,03,easy_clean,0.0142774375,1.0,0.0244002216,normal_replay,GroupDiverse-Gap
RUN_134,TRIAD_045,A15_GroupDiverse-Gap_B3000,R1,1343723075,963122165,764,Det/images/normal_train/01214478.png,0,00,easy_clean,0.0384427183,1.0,0.0189303521,normal_replay,GroupDiverse-Gap
RUN_134,TRIAD_045,A15_GroupDiverse-Gap_B3000,R1,1343723075,963122165,765,Det/images/normal_train/00307939.png,0,08,easy_clean,0.0451363237,1.0,0.0530716589,normal_replay,GroupDiverse-Gap
RUN_134,TRIAD_045,A15_GroupDiverse-Gap_B3000,R1,1343723075,963122165,766,Det/images/normal_train/00951132.png,0,08,easy_clean,0.0710439103,1.0,0.0768666768,normal_replay,GroupDiverse-Gap
RUN_134,TRIAD_045,A15_GroupDiverse-Gap_B3000,R1,1343723075,963122165,767,Det/images/normal_train/00972936.png,0,03,easy_clean,0.0009973373,1.0,0.005813229,normal_replay,GroupDiverse-Gap
RUN_134,TRIAD_045,A15_GroupDiverse-Gap_B3000,R1,1343723075,963122165,768,Det/images/normal_train/01094364.png,0,05,easy_clean,0.0215787605,1.0,0.0259183215,normal_replay,GroupDiverse-Gap
RUN_134,TRIAD_045,A15_GroupDiverse-Gap_B3000,R1,1343723075,963122165,769,Det/images/normal_train/01221608.png,0,02,learnable_hard,0.0653237952,0.995,0.078606325,normal_replay,GroupDiverse-Gap
RUN_134,TRIAD_045,A15_GroupDiverse-Gap_B3000,R1,1343723075,963122165,770,Det/images/normal_train/00643260.png,0,04,persistent_hard,0.6746812193,0.13,0.1398761148,normal_replay,GroupDiverse-Gap
RUN_134,TRIAD_045,A15_GroupDiverse-Gap_B3000,R1,1343723075,963122165,771,Det/images/normal_train/01185188.png,0,02,easy_clean,0.0064522155,1.0,0.0064058433,normal_replay,GroupDiverse-Gap
RUN_134,TRIAD_045,A15_GroupDiverse-Gap_B3000,R1,1343723075,963122165,772,Det/images/normal_train/00911200.png,0,08,unstable_boundary,0.4120919922,0.695,0.1490753773,normal_replay,GroupDiverse-Gap
RUN_134,TRIAD_045,A15_GroupDiverse-Gap_B3000,R1,1343723075,963122165,773,Det/images/normal_train/01119864.png,0,01,easy_clean,0.0022549611,1.0,0.0110115657,normal_replay,GroupDiverse-Gap
RUN_134,TRIAD_045,A15_GroupDiverse-Gap_B3000,R1,1343723075,963122165,774,Det/images/normal_train/01226451.png,0,00,easy_clean,0.0442198783,1.0,0.0445541228,normal_replay,GroupDiverse-Gap
RUN_134,TRIAD_045,A15_GroupDiverse-Gap_B3000,R1,1343723075,963122165,775,Det/images/normal_train/01209986.png,0,08,easy_clean,0.027282631,1.0,0.0326379132,normal_replay,GroupDiverse-Gap
RUN_134,TRIAD_045,A15_GroupDiverse-Gap_B3000,R1,1343723075,963122165,776,Det/images/normal_train/00738684.png,0,02,easy_clean,0.0093829669,1.0,0.0153198461,normal_replay,GroupDiverse-Gap
RUN_134,TRIAD_045,A15_GroupDiverse-Gap_B3000,R1,1343723075,963122165,777,Det/images/normal_train/00535545.png,0,02,easy_clean,0.0016481224,1.0,0.0022178356,normal_replay,GroupDiverse-Gap
RUN_134,TRIAD_045,A15_GroupDiverse-Gap_B3000,R1,1343723075,963122165,778,Det/images/normal_train/00931420.png,0,02,easy_clean,0.0350650693,1.0,0.0348774354,normal_replay,GroupDiverse-Gap
RUN_134,TRIAD_045,A15_GroupDiverse-Gap_B3000,R1,1343723075,963122165,779,Det/images/normal_train/00815983.png,0,08,learnable_hard,0.1385605944,0.995,0.1345185306,normal_replay,GroupDiverse-Gap
RUN_134,TRIAD_045,A15_GroupDiverse-Gap_B3000,R1,1343723075,963122165,780,Det/images/normal_train/01068612.png,0,00,ordinary,0.1637459821,1.0,0.0754515902,normal_replay,GroupDiverse-Gap
RUN_134,TRIAD_045,A15_GroupDiverse-Gap_B3000,R1,1343723075,963122165,781,Det/images/normal_train/00992614.png,0,08,easy_clean,0.0010772876,1.0,0.0017666916,normal_replay,GroupDiverse-Gap
RUN_134,TRIAD_045,A15_GroupDiverse-Gap_B3000,R1,1343723075,963122165,782,Det/images/normal_train/01131350.png,0,01,ordinary,0.1029492563,1.0,0.0614137672,normal_replay,GroupDiverse-Gap
RUN_134,TRIAD_045,A15_GroupDiverse-Gap_B3000,R1,1343723075,963122165,783,Det/images/normal_train/01026692.png,0,07,easy_clean,0.0004749377,1.0,0.0022132072,normal_replay,GroupDiverse-Gap
RUN_134,TRIAD_045,A15_GroupDiverse-Gap_B3000,R1,1343723075,963122165,784,Det/images/normal_train/00918722.png,0,01,easy_clean,0.0006389566,1.0,0.0029416498,normal_replay,GroupDiverse-Gap
RUN_134,TRIAD_045,A15_GroupDiverse-Gap_B3000,R1,1343723075,963122165,785,Det/images/normal_train/00324884.png,0,00,easy_clean,0.0059462244,1.0,0.0042538102,normal_replay,GroupDiverse-Gap
RUN_134,TRIAD_045,A15_GroupDiverse-Gap_B3000,R1,1343723075,963122165,786,Det/images/normal_train/00997641.png,0,08,easy_clean,0.0037539861,1.0,0.0046603762,normal_replay,GroupDiverse-Gap
RUN_134,TRIAD_045,A15_GroupDiverse-Gap_B3000,R1,1343723075,963122165,787,Det/images/normal_train/01057448.png,0,06,easy_clean,0.0213436958,1.0,0.0286952428,normal_replay,GroupDiverse-Gap
RUN_134,TRIAD_045,A15_GroupDiverse-Gap_B3000,R1,1343723075,963122165,788,Det/images/normal_train/00729878.png,0,07,easy_clean,0.0183419627,1.0,0.0307961325,normal_replay,GroupDiverse-Gap
RUN_134,TRIAD_045,A15_GroupDiverse-Gap_B3000,R1,1343723075,963122165,789,Det/images/normal_train/00879259.png,0,09,easy_clean,0.0190577108,1.0,0.0232416764,normal_replay,GroupDiverse-Gap
RUN_134,TRIAD_045,A15_GroupDiverse-Gap_B3000,R1,1343723075,963122165,790,Det/images/normal_train/01213223.png,0,03,easy_clean,0.0323005907,1.0,0.0377412075,normal_replay,GroupDiverse-Gap
RUN_134,TRIAD_045,A15_GroupDiverse-Gap_B3000,R1,1343723075,963122165,791,Det/images/normal_train/00583385.png,0,03,easy_clean,0.0012522325,1.0,0.0029553271,normal_replay,GroupDiverse-Gap
RUN_134,TRIAD_045,A15_GroupDiverse-Gap_B3000,R1,1343723075,963122165,792,Det/images/normal_train/01123221.png,0,06,easy_clean,0.0030315165,1.0,0.0038427696,normal_replay,GroupDiverse-Gap
RUN_134,TRIAD_045,A15_GroupDiverse-Gap_B3000,R1,1343723075,963122165,793,Det/images/normal_train/01199389.png,0,03,learnable_hard,0.6319634716,0.19,0.2075477645,normal_replay,GroupDiverse-Gap
RUN_134,TRIAD_045,A15_GroupDiverse-Gap_B3000,R1,1343723075,963122165,794,Det/images/normal_train/00490508.png,0,05,easy_clean,0.0166708111,1.0,0.0289156344,normal_replay,GroupDiverse-Gap
RUN_134,TRIAD_045,A15_GroupDiverse-Gap_B3000,R1,1343723075,963122165,795,Det/images/normal_train/00975869.png,0,02,easy_clean,0.0575648171,1.0,0.0321285499,normal_replay,GroupDiverse-Gap
RUN_134,TRIAD_045,A15_GroupDiverse-Gap_B3000,R1,1343723075,963122165,796,Det/images/normal_train/00366270.png,0,02,learnable_hard,0.0165701448,0.995,0.0576175742,normal_replay,GroupDiverse-Gap
RUN_134,TRIAD_045,A15_GroupDiverse-Gap_B3000,R1,1343723075,963122165,797,Det/images/normal_train/01025261.png,0,01,easy_clean,0.0417280264,1.0,0.0407849673,normal_replay,GroupDiverse-Gap
RUN_134,TRIAD_045,A15_GroupDiverse-Gap_B3000,R1,1343723075,963122165,798,Det/images/normal_train/00771515.png,0,03,easy_clean,0.0010559797,1.0,0.0016371393,normal_replay,GroupDiverse-Gap
RUN_134,TRIAD_045,A15_GroupDiverse-Gap_B3000,R1,1343723075,963122165,799,Det/images/normal_train/00774325.png,0,00,easy_clean,0.0296507618,1.0,0.0246495855,normal_replay,GroupDiverse-Gap
RUN_134,TRIAD_045,A15_GroupDiverse-Gap_B3000,R1,1343723075,963122165,800,Det/images/normal_train/00245731.png,0,08,easy_clean,0.0012806084,1.0,0.0019067105,normal_replay,GroupDiverse-Gap
RUN_134,TRIAD_045,A15_GroupDiverse-Gap_B3000,R1,1343723075,963122165,801,Det/images/normal_train/01160541.png,0,05,ordinary,0.1460129516,1.0,0.0780438797,normal_replay,GroupDiverse-Gap
RUN_134,TRIAD_045,A15_GroupDiverse-Gap_B3000,R1,1343723075,963122165,802,Det/images/normal_train/00942544.png,0,09,easy_clean,0.0516562608,1.0,0.0495463122,normal_replay,GroupDiverse-Gap
RUN_134,TRIAD_045,A15_GroupDiverse-Gap_B3000,R1,1343723075,963122165,803,Det/images/normal_train/00372493.png,0,05,easy_clean,0.0029283917,1.0,0.0030132896,normal_replay,GroupDiverse-Gap
RUN_134,TRIAD_045,A15_GroupDiverse-Gap_B3000,R1,1343723075,963122165,804,Det/images/normal_train/00773107.png,0,01,easy_clean,0.0029920018,1.0,0.0097095956,normal_replay,GroupDiverse-Gap
RUN_134,TRIAD_045,A15_GroupDiverse-Gap_B3000,R1,1343723075,963122165,805,Det/images/normal_train/00936652.png,0,06,easy_clean,0.0811445149,1.0,0.0222336758,normal_replay,GroupDiverse-Gap
RUN_134,TRIAD_045,A15_GroupDiverse-Gap_B3000,R1,1343723075,963122165,806,Det/images/normal_train/00607519.png,0,09,easy_clean,0.0673438944,1.0,0.0737924454,normal_replay,GroupDiverse-Gap
RUN_134,TRIAD_045,A15_GroupDiverse-Gap_B3000,R1,1343723075,963122165,807,Det/images/normal_train/00367679.png,0,04,easy_clean,0.002999336,1.0,0.0054715016,normal_replay,GroupDiverse-Gap
RUN_134,TRIAD_045,A15_GroupDiverse-Gap_B3000,R1,1343723075,963122165,808,Det/images/normal_train/00987263.png,0,05,easy_clean,0.0023903837,1.0,0.002606626,normal_replay,GroupDiverse-Gap
RUN_134,TRIAD_045,A15_GroupDiverse-Gap_B3000,R1,1343723075,963122165,809,Det/images/normal_train/00148532.png,0,03,easy_clean,0.0394298247,1.0,0.0466616226,normal_replay,GroupDiverse-Gap
RUN_134,TRIAD_045,A15_GroupDiverse-Gap_B3000,R1,1343723075,963122165,810,Det/images/normal_train/01212811.png,0,02,easy_clean,0.0282028593,1.0,0.0206576935,normal_replay,GroupDiverse-Gap
RUN_134,TRIAD_045,A15_GroupDiverse-Gap_B3000,R1,1343723075,963122165,811,Det/images/normal_train/01188834.png,0,01,easy_clean,0.0473467404,1.0,0.0314113178,normal_replay,GroupDiverse-Gap
RUN_134,TRIAD_045,A15_GroupDiverse-Gap_B3000,R1,1343723075,963122165,812,Det/images/normal_train/00825380.png,0,02,easy_clean,0.0056389541,1.0,0.0395643619,normal_replay,GroupDiverse-Gap
RUN_134,TRIAD_045,A15_GroupDiverse-Gap_B3000,R1,1343723075,963122165,813,Det/images/normal_train/00560825.png,0,01,easy_clean,0.0537948712,1.0,0.0567775249,normal_replay,GroupDiverse-Gap
RUN_134,TRIAD_045,A15_GroupDiverse-Gap_B3000,R1,1343723075,963122165,814,Det/images/normal_train/00981750.png,0,05,easy_clean,0.0674573238,1.0,0.0742883628,normal_replay,GroupDiverse-Gap
RUN_134,TRIAD_045,A15_GroupDiverse-Gap_B3000,R1,1343723075,963122165,815,Det/images/normal_train/00272298.png,0,00,easy_clean,0.0005422681,1.0,0.0010915872,normal_replay,GroupDiverse-Gap
RUN_134,TRIAD_045,A15_GroupDiverse-Gap_B3000,R1,1343723075,963122165,816,Det/images/normal_train/01207520.png,0,02,learnable_hard,0.2816107516,0.985,0.0884225745,normal_replay,GroupDiverse-Gap
RUN_134,TRIAD_045,A15_GroupDiverse-Gap_B3000,R1,1343723075,963122165,817,Det/images/normal_train/00822977.png,0,08,easy_clean,0.0021709821,1.0,0.0039608337,normal_replay,GroupDiverse-Gap
RUN_134,TRIAD_045,A15_GroupDiverse-Gap_B3000,R1,1343723075,963122165,818,Det/images/normal_train/00515640.png,0,03,easy_clean,0.0014724005,1.0,0.0021731182,normal_replay,GroupDiverse-Gap
RUN_134,TRIAD_045,A15_GroupDiverse-Gap_B3000,R1,1343723075,963122165,819,Det/images/normal_train/01113859.png,0,07,easy_clean,0.0129155354,1.0,0.0181946681,normal_replay,GroupDiverse-Gap
RUN_134,TRIAD_045,A15_GroupDiverse-Gap_B3000,R1,1343723075,963122165,820,Det/images/normal_train/00459331.png,0,02,easy_clean,0.0773266023,1.0,0.0815359231,normal_replay,GroupDiverse-Gap
RUN_134,TRIAD_045,A15_GroupDiverse-Gap_B3000,R1,1343723075,963122165,821,Det/images/normal_train/00851620.png,0,01,learnable_hard,0.0299257063,0.995,0.0498891928,normal_replay,GroupDiverse-Gap
RUN_134,TRIAD_045,A15_GroupDiverse-Gap_B3000,R1,1343723075,963122165,822,Det/images/normal_train/00679706.png,0,07,easy_clean,0.0033356905,1.0,0.0174394321,normal_replay,GroupDiverse-Gap
RUN_134,TRIAD_045,A15_GroupDiverse-Gap_B3000,R1,1343723075,963122165,823,Det/images/normal_train/00841671.png,0,04,easy_clean,0.0005447668,1.0,0.0023286927,normal_replay,GroupDiverse-Gap
RUN_134,TRIAD_045,A15_GroupDiverse-Gap_B3000,R1,1343723075,963122165,824,Det/images/normal_train/00611145.png,0,01,easy_clean,0.0448494941,1.0,0.0214123146,normal_replay,GroupDiverse-Gap
RUN_134,TRIAD_045,A15_GroupDiverse-Gap_B3000,R1,1343723075,963122165,825,Det/images/normal_train/01292571.png,0,07,easy_clean,0.0079621543,1.0,0.0092015539,normal_replay,GroupDiverse-Gap
RUN_134,TRIAD_045,A15_GroupDiverse-Gap_B3000,R1,1343723075,963122165,826,Det/images/normal_train/00944669.png,0,05,learnable_hard,0.2590694616,0.995,0.0760970359,normal_replay,GroupDiverse-Gap
RUN_134,TRIAD_045,A15_GroupDiverse-Gap_B3000,R1,1343723075,963122165,827,Det/images/normal_train/00908154.png,0,06,easy_clean,0.0031752625,1.0,0.0051996652,normal_replay,GroupDiverse-Gap
RUN_134,TRIAD_045,A15_GroupDiverse-Gap_B3000,R1,1343723075,963122165,828,Det/images/normal_train/00243069.png,0,06,easy_clean,0.0073004597,1.0,0.0092779705,normal_replay,GroupDiverse-Gap
RUN_134,TRIAD_045,A15_GroupDiverse-Gap_B3000,R1,1343723075,963122165,829,Det/images/normal_train/00416717.png,0,05,easy_clean,0.0145267938,1.0,0.0199896319,normal_replay,GroupDiverse-Gap
RUN_134,TRIAD_045,A15_GroupDiverse-Gap_B3000,R1,1343723075,963122165,830,Det/images/normal_train/00553022.png,0,04,easy_clean,0.0012521953,1.0,0.0048971608,normal_replay,GroupDiverse-Gap
RUN_134,TRIAD_045,A15_GroupDiverse-Gap_B3000,R1,1343723075,963122165,831,Det/images/normal_train/00397212.png,0,06,easy_clean,0.0049850417,1.0,0.0076284014,normal_replay,GroupDiverse-Gap
RUN_134,TRIAD_045,A15_GroupDiverse-Gap_B3000,R1,1343723075,963122165,832,Det/images/normal_train/00557217.png,0,01,easy_clean,0.0026209502,1.0,0.0170070292,normal_replay,GroupDiverse-Gap
RUN_134,TRIAD_045,A15_GroupDiverse-Gap_B3000,R1,1343723075,963122165,833,Det/images/normal_train/01140495.png,0,00,easy_clean,0.0002875874,1.0,0.0003801328,normal_replay,GroupDiverse-Gap
RUN_134,TRIAD_045,A15_GroupDiverse-Gap_B3000,R1,1343723075,963122165,834,Det/images/normal_train/00664739.png,0,06,easy_clean,0.0061610663,1.0,0.0222758735,normal_replay,GroupDiverse-Gap
RUN_134,TRIAD_045,A15_GroupDiverse-Gap_B3000,R1,1343723075,963122165,835,Det/images/normal_train/00297872.png,0,08,easy_clean,0.0009891076,1.0,0.0014604757,normal_replay,GroupDiverse-Gap
RUN_134,TRIAD_045,A15_GroupDiverse-Gap_B3000,R1,1343723075,963122165,836,Det/images/normal_train/01145845.png,0,06,easy_clean,0.0009444864,1.0,0.0027759444,normal_replay,GroupDiverse-Gap
RUN_134,TRIAD_045,A15_GroupDiverse-Gap_B3000,R1,1343723075,963122165,837,Det/images/normal_train/01209238.png,0,08,learnable_hard,0.1039828561,0.99,0.0863004319,normal_replay,GroupDiverse-Gap
RUN_134,TRIAD_045,A15_GroupDiverse-Gap_B3000,R1,1343723075,963122165,838,Det/images/normal_train/00930062.png,0,09,easy_clean,0.0027851731,1.0,0.0044973557,normal_replay,GroupDiverse-Gap
RUN_134,TRIAD_045,A15_GroupDiverse-Gap_B3000,R1,1343723075,963122165,839,Det/images/normal_train/00781155.png,0,02,easy_clean,0.0039478779,1.0,0.0096018952,normal_replay,GroupDiverse-Gap
RUN_134,TRIAD_045,A15_GroupDiverse-Gap_B3000,R1,1343723075,963122165,840,Det/images/normal_train/00267325.png,0,07,easy_clean,0.001698325,1.0,0.002452437,normal_replay,GroupDiverse-Gap
RUN_134,TRIAD_045,A15_GroupDiverse-Gap_B3000,R1,1343723075,963122165,841,Det/images/normal_train/00268113.png,0,03,easy_clean,0.0349320617,1.0,0.0442024584,normal_replay,GroupDiverse-Gap
RUN_134,TRIAD_045,A15_GroupDiverse-Gap_B3000,R1,1343723075,963122165,842,Det/images/normal_train/00610530.png,0,05,easy_clean,0.0003253297,1.0,0.0005954952,normal_replay,GroupDiverse-Gap
RUN_134,TRIAD_045,A15_GroupDiverse-Gap_B3000,R1,1343723075,963122165,843,Det/images/normal_train/00503741.png,0,03,easy_clean,0.0022463428,1.0,0.0044125025,normal_replay,GroupDiverse-Gap
RUN_134,TRIAD_045,A15_GroupDiverse-Gap_B3000,R1,1343723075,963122165,844,Det/images/normal_train/01024990.png,0,01,easy_clean,0.0264952727,1.0,0.0386069747,normal_replay,GroupDiverse-Gap
RUN_134,TRIAD_045,A15_GroupDiverse-Gap_B3000,R1,1343723075,963122165,845,Det/images/normal_train/00240207.png,0,07,easy_clean,0.0857376575,0.995,0.1051337939,normal_replay,GroupDiverse-Gap
RUN_134,TRIAD_045,A15_GroupDiverse-Gap_B3000,R1,1343723075,963122165,846,Det/images/normal_train/01069961.png,0,09,easy_clean,0.0472598305,1.0,0.0272260236,normal_replay,GroupDiverse-Gap
RUN_134,TRIAD_045,A15_GroupDiverse-Gap_B3000,R1,1343723075,963122165,847,Det/images/normal_train/01065717.png,0,08,easy_clean,0.0086237648,1.0,0.0143781743,normal_replay,GroupDiverse-Gap
RUN_134,TRIAD_045,A15_GroupDiverse-Gap_B3000,R1,1343723075,963122165,848,Det/images/normal_train/01298580.png,0,00,easy_clean,0.0009267275,1.0,0.0015947556,normal_replay,GroupDiverse-Gap
RUN_134,TRIAD_045,A15_GroupDiverse-Gap_B3000,R1,1343723075,963122165,849,Det/images/normal_train/01031567.png,0,09,easy_clean,0.0148011199,1.0,0.0225949179,normal_replay,GroupDiverse-Gap
RUN_134,TRIAD_045,A15_GroupDiverse-Gap_B3000,R1,1343723075,963122165,850,Det/images/normal_train/00495285.png,0,08,easy_clean,0.0008926986,1.0,0.0025846735,normal_replay,GroupDiverse-Gap
RUN_134,TRIAD_045,A15_GroupDiverse-Gap_B3000,R1,1343723075,963122165,851,Det/images/normal_train/01207916.png,0,02,learnable_hard,0.1059153937,0.995,0.0793763707,normal_replay,GroupDiverse-Gap
RUN_134,TRIAD_045,A15_GroupDiverse-Gap_B3000,R1,1343723075,963122165,852,Det/images/normal_train/00529424.png,0,03,easy_clean,0.0004162938,1.0,0.0014574784,normal_replay,GroupDiverse-Gap
RUN_134,TRIAD_045,A15_GroupDiverse-Gap_B3000,R1,1343723075,963122165,853,Det/images/normal_train/00592671.png,0,07,easy_clean,0.0009346491,1.0,0.0018391897,normal_replay,GroupDiverse-Gap
RUN_134,TRIAD_045,A15_GroupDiverse-Gap_B3000,R1,1343723075,963122165,854,Det/images/normal_train/01200396.png,0,04,easy_clean,0.066592092,1.0,0.0609180971,normal_replay,GroupDiverse-Gap
RUN_134,TRIAD_045,A15_GroupDiverse-Gap_B3000,R1,1343723075,963122165,855,Det/images/normal_train/01299286.png,0,03,easy_clean,0.0028868763,1.0,0.0039538941,normal_replay,GroupDiverse-Gap
RUN_134,TRIAD_045,A15_GroupDiverse-Gap_B3000,R1,1343723075,963122165,856,Det/images/normal_train/00919228.png,0,04,easy_clean,0.0128979739,1.0,0.0153212625,normal_replay,GroupDiverse-Gap
RUN_134,TRIAD_045,A15_GroupDiverse-Gap_B3000,R1,1343723075,963122165,857,Det/images/normal_train/01123032.png,0,06,easy_clean,0.0162437852,1.0,0.031428773,normal_replay,GroupDiverse-Gap
RUN_134,TRIAD_045,A15_GroupDiverse-Gap_B3000,R1,1343723075,963122165,858,Det/images/normal_train/00274124.png,0,05,easy_clean,0.0038360496,1.0,0.0037672613,normal_replay,GroupDiverse-Gap
RUN_134,TRIAD_045,A15_GroupDiverse-Gap_B3000,R1,1343723075,963122165,859,Det/images/normal_train/00594940.png,0,06,easy_clean,0.0029754611,1.0,0.0100217852,normal_replay,GroupDiverse-Gap
RUN_134,TRIAD_045,A15_GroupDiverse-Gap_B3000,R1,1343723075,963122165,860,Det/images/normal_train/00961851.png,0,07,easy_clean,0.0309157625,1.0,0.037911812,normal_replay,GroupDiverse-Gap
RUN_134,TRIAD_045,A15_GroupDiverse-Gap_B3000,R1,1343723075,963122165,861,Det/images/normal_train/00952500.png,0,09,easy_clean,0.0344781148,1.0,0.0304606077,normal_replay,GroupDiverse-Gap
RUN_134,TRIAD_045,A15_GroupDiverse-Gap_B3000,R1,1343723075,963122165,862,Det/images/normal_train/00263147.png,0,07,easy_clean,0.0002755788,1.0,0.0004417602,normal_replay,GroupDiverse-Gap
RUN_134,TRIAD_045,A15_GroupDiverse-Gap_B3000,R1,1343723075,963122165,863,Det/images/normal_train/01193794.png,0,01,easy_clean,0.0236661424,1.0,0.0523872759,normal_replay,GroupDiverse-Gap
RUN_134,TRIAD_045,A15_GroupDiverse-Gap_B3000,R1,1343723075,963122165,864,Det/images/normal_train/00682720.png,0,00,easy_clean,0.0011788,1.0,0.0028300171,normal_replay,GroupDiverse-Gap
RUN_134,TRIAD_045,A15_GroupDiverse-Gap_B3000,R1,1343723075,963122165,865,Det/images/normal_train/00452847.png,0,06,learnable_hard,0.4292434853,0.565,0.286430483,normal_replay,GroupDiverse-Gap
RUN_134,TRIAD_045,A15_GroupDiverse-Gap_B3000,R1,1343723075,963122165,866,Det/images/normal_train/00531168.png,0,04,easy_clean,0.0003600318,1.0,0.0005491011,normal_replay,GroupDiverse-Gap
RUN_134,TRIAD_045,A15_GroupDiverse-Gap_B3000,R1,1343723075,963122165,867,Det/images/normal_train/00988377.png,0,07,easy_clean,0.0136400501,1.0,0.0248544751,normal_replay,GroupDiverse-Gap
RUN_134,TRIAD_045,A15_GroupDiverse-Gap_B3000,R1,1343723075,963122165,868,Det/images/normal_train/00900529.png,0,07,easy_clean,0.0159781929,1.0,0.0197801917,normal_replay,GroupDiverse-Gap
RUN_134,TRIAD_045,A15_GroupDiverse-Gap_B3000,R1,1343723075,963122165,869,Det/images/normal_train/01149979.png,0,05,easy_clean,0.0070218293,1.0,0.0084027404,normal_replay,GroupDiverse-Gap
RUN_134,TRIAD_045,A15_GroupDiverse-Gap_B3000,R1,1343723075,963122165,870,Det/images/normal_train/00921595.png,0,02,easy_clean,0.0388433958,1.0,0.0547637732,normal_replay,GroupDiverse-Gap
RUN_134,TRIAD_045,A15_GroupDiverse-Gap_B3000,R1,1343723075,963122165,871,Det/images/normal_train/00369825.png,0,03,easy_clean,0.0709977034,0.995,0.0848482292,normal_replay,GroupDiverse-Gap
RUN_134,TRIAD_045,A15_GroupDiverse-Gap_B3000,R1,1343723075,963122165,872,Det/images/normal_train/00238072.png,0,02,easy_clean,0.0195501078,1.0,0.0216627835,normal_replay,GroupDiverse-Gap
RUN_134,TRIAD_045,A15_GroupDiverse-Gap_B3000,R1,1343723075,963122165,873,Det/images/normal_train/00998313.png,0,03,learnable_hard,0.0096790842,0.995,0.0469290355,normal_replay,GroupDiverse-Gap
RUN_134,TRIAD_045,A15_GroupDiverse-Gap_B3000,R1,1343723075,963122165,874,Det/images/normal_train/00647132.png,0,01,ordinary,0.2759905937,0.75,0.2997883583,normal_replay,GroupDiverse-Gap
RUN_134,TRIAD_045,A15_GroupDiverse-Gap_B3000,R1,1343723075,963122165,875,Det/images/normal_train/00288881.png,0,07,easy_clean,0.0035652395,1.0,0.0067483314,normal_replay,GroupDiverse-Gap
RUN_134,TRIAD_045,A15_GroupDiverse-Gap_B3000,R1,1343723075,963122165,876,Det/images/normal_train/00647334.png,0,01,ordinary,0.1035534581,1.0,0.0585820416,normal_replay,GroupDiverse-Gap
RUN_134,TRIAD_045,A15_GroupDiverse-Gap_B3000,R1,1343723075,963122165,877,Det/images/normal_train/00578455.png,0,03,learnable_hard,0.2045959854,0.995,0.1008173103,normal_replay,GroupDiverse-Gap
RUN_134,TRIAD_045,A15_GroupDiverse-Gap_B3000,R1,1343723075,963122165,878,Det/images/normal_train/00597570.png,0,03,learnable_hard,0.0473220743,0.995,0.0771937325,normal_replay,GroupDiverse-Gap
RUN_134,TRIAD_045,A15_GroupDiverse-Gap_B3000,R1,1343723075,963122165,879,Det/images/normal_train/00613854.png,0,06,easy_clean,0.0523395985,1.0,0.0462038254,normal_replay,GroupDiverse-Gap
RUN_134,TRIAD_045,A15_GroupDiverse-Gap_B3000,R1,1343723075,963122165,880,Det/images/normal_train/00292038.png,0,00,easy_clean,0.0012497616,1.0,0.0063148587,normal_replay,GroupDiverse-Gap
RUN_134,TRIAD_045,A15_GroupDiverse-Gap_B3000,R1,1343723075,963122165,881,Det/images/normal_train/00502598.png,0,01,easy_clean,0.0460717803,1.0,0.0515453906,normal_replay,GroupDiverse-Gap
RUN_134,TRIAD_045,A15_GroupDiverse-Gap_B3000,R1,1343723075,963122165,882,Det/images/normal_train/00884072.png,0,09,easy_clean,0.0079478387,1.0,0.0288514228,normal_replay,GroupDiverse-Gap
RUN_134,TRIAD_045,A15_GroupDiverse-Gap_B3000,R1,1343723075,963122165,883,Det/images/normal_train/00531735.png,0,04,easy_clean,0.0001563617,1.0,0.0002374819,normal_replay,GroupDiverse-Gap
RUN_134,TRIAD_045,A15_GroupDiverse-Gap_B3000,R1,1343723075,963122165,884,Det/images/normal_train/00780817.png,0,00,easy_clean,0.0706566573,1.0,0.069308127,normal_replay,GroupDiverse-Gap
RUN_134,TRIAD_045,A15_GroupDiverse-Gap_B3000,R1,1343723075,963122165,885,Det/images/normal_train/00373070.png,0,03,easy_clean,0.0021892535,1.0,0.0108567181,normal_replay,GroupDiverse-Gap
RUN_134,TRIAD_045,A15_GroupDiverse-Gap_B3000,R1,1343723075,963122165,886,Det/images/normal_train/00536853.png,0,02,easy_clean,0.010658556,1.0,0.0223896928,normal_replay,GroupDiverse-Gap
RUN_134,TRIAD_045,A15_GroupDiverse-Gap_B3000,R1,1343723075,963122165,887,Det/images/normal_train/00340024.png,0,02,learnable_hard,0.2361129589,0.99,0.1157763497,normal_replay,GroupDiverse-Gap
RUN_134,TRIAD_045,A15_GroupDiverse-Gap_B3000,R1,1343723075,963122165,888,Det/images/normal_train/00705836.png,0,04,easy_clean,0.0103270944,1.0,0.012181486,normal_replay,GroupDiverse-Gap
RUN_134,TRIAD_045,A15_GroupDiverse-Gap_B3000,R1,1343723075,963122165,889,Det/images/normal_train/00730290.png,0,09,easy_clean,0.0019810252,1.0,0.0035027698,normal_replay,GroupDiverse-Gap
RUN_134,TRIAD_045,A15_GroupDiverse-Gap_B3000,R1,1343723075,963122165,890,Det/images/normal_train/00262809.png,0,04,easy_clean,0.0003255374,1.0,0.0006903952,normal_replay,GroupDiverse-Gap
RUN_134,TRIAD_045,A15_GroupDiverse-Gap_B3000,R1,1343723075,963122165,891,Det/images/normal_train/01080645.png,0,03,easy_clean,0.0350006537,1.0,0.0256326191,normal_replay,GroupDiverse-Gap
RUN_134,TRIAD_045,A15_GroupDiverse-Gap_B3000,R1,1343723075,963122165,892,Det/images/normal_train/00858982.png,0,01,easy_clean,7.03585e-05,1.0,0.0001735775,normal_replay,GroupDiverse-Gap
RUN_134,TRIAD_045,A15_GroupDiverse-Gap_B3000,R1,1343723075,963122165,893,Det/images/normal_train/00546434.png,0,07,persistent_hard,0.6454165993,0.02,0.0988847713,normal_replay,GroupDiverse-Gap
RUN_134,TRIAD_045,A15_GroupDiverse-Gap_B3000,R1,1343723075,963122165,894,Det/images/normal_train/00793506.png,0,05,easy_clean,0.0243259262,1.0,0.025203077,normal_replay,GroupDiverse-Gap
RUN_134,TRIAD_045,A15_GroupDiverse-Gap_B3000,R1,1343723075,963122165,895,Det/images/normal_train/00562228.png,0,08,easy_clean,0.0019246617,1.0,0.0026561253,normal_replay,GroupDiverse-Gap
RUN_134,TRIAD_045,A15_GroupDiverse-Gap_B3000,R1,1343723075,963122165,896,Det/images/normal_train/00415043.png,0,04,ordinary,0.1112474662,1.0,0.0509898911,normal_replay,GroupDiverse-Gap
RUN_134,TRIAD_045,A15_GroupDiverse-Gap_B3000,R1,1343723075,963122165,897,Det/images/normal_train/01005150.png,0,09,easy_clean,0.0028679941,1.0,0.0044527439,normal_replay,GroupDiverse-Gap
RUN_134,TRIAD_045,A15_GroupDiverse-Gap_B3000,R1,1343723075,963122165,898,Det/images/normal_train/00309408.png,0,00,ordinary,0.0996173864,0.98,0.1073887066,normal_replay,GroupDiverse-Gap
RUN_134,TRIAD_045,A15_GroupDiverse-Gap_B3000,R1,1343723075,963122165,899,Det/images/normal_train/01014685.png,0,04,ordinary,0.153207363,1.0,0.1256366527,normal_replay,GroupDiverse-Gap
RUN_134,TRIAD_045,A15_GroupDiverse-Gap_B3000,R1,1343723075,963122165,900,Det/images/normal_train/00480088.png,0,07,easy_clean,0.0043562161,1.0,0.00528148,normal_replay,GroupDiverse-Gap
RUN_134,TRIAD_045,A15_GroupDiverse-Gap_B3000,R1,1343723075,963122165,901,Det/images/normal_train/00915809.png,0,09,easy_clean,0.0042563346,1.0,0.0067627621,normal_replay,GroupDiverse-Gap
RUN_134,TRIAD_045,A15_GroupDiverse-Gap_B3000,R1,1343723075,963122165,902,Det/images/normal_train/00296382.png,0,01,easy_clean,0.0042262374,1.0,0.0110882486,normal_replay,GroupDiverse-Gap
RUN_134,TRIAD_045,A15_GroupDiverse-Gap_B3000,R1,1343723075,963122165,903,Det/images/normal_train/00206769.png,0,05,easy_clean,0.0034685985,1.0,0.0150395141,normal_replay,GroupDiverse-Gap
RUN_134,TRIAD_045,A15_GroupDiverse-Gap_B3000,R1,1343723075,963122165,904,Det/images/normal_train/00642497.png,0,01,easy_clean,0.0159130126,1.0,0.0234592777,normal_replay,GroupDiverse-Gap
RUN_134,TRIAD_045,A15_GroupDiverse-Gap_B3000,R1,1343723075,963122165,905,Det/images/normal_train/00738788.png,0,02,easy_clean,0.0296787941,1.0,0.0305755778,normal_replay,GroupDiverse-Gap
RUN_134,TRIAD_045,A15_GroupDiverse-Gap_B3000,R1,1343723075,963122165,906,Det/images/normal_train/00387822.png,0,01,easy_clean,0.0269192605,1.0,0.0287001865,normal_replay,GroupDiverse-Gap
RUN_134,TRIAD_045,A15_GroupDiverse-Gap_B3000,R1,1343723075,963122165,907,Det/images/normal_train/00219724.png,0,09,easy_clean,0.0048641601,1.0,0.0097723772,normal_replay,GroupDiverse-Gap
RUN_134,TRIAD_045,A15_GroupDiverse-Gap_B3000,R1,1343723075,963122165,908,Det/images/normal_train/00803859.png,0,05,easy_clean,0.0076521704,1.0,0.0061711408,normal_replay,GroupDiverse-Gap
RUN_134,TRIAD_045,A15_GroupDiverse-Gap_B3000,R1,1343723075,963122165,909,Det/images/normal_train/00577868.png,0,05,easy_clean,0.0010967364,1.0,0.0016407576,normal_replay,GroupDiverse-Gap
RUN_134,TRIAD_045,A15_GroupDiverse-Gap_B3000,R1,1343723075,963122165,910,Det/images/normal_train/00243591.png,0,06,easy_clean,0.0095252827,1.0,0.0131591921,normal_replay,GroupDiverse-Gap
RUN_134,TRIAD_045,A15_GroupDiverse-Gap_B3000,R1,1343723075,963122165,911,Det/images/normal_train/00409902.png,0,06,easy_clean,0.0030460045,1.0,0.0044171511,normal_replay,GroupDiverse-Gap
RUN_134,TRIAD_045,A15_GroupDiverse-Gap_B3000,R1,1343723075,963122165,912,Det/images/normal_train/00882186.png,0,03,learnable_hard,0.0417983846,0.99,0.0781713601,normal_replay,GroupDiverse-Gap
RUN_134,TRIAD_045,A15_GroupDiverse-Gap_B3000,R1,1343723075,963122165,913,Det/images/normal_train/00733385.png,0,07,unstable_boundary,0.5233244242,0.525,0.1800726036,normal_replay,GroupDiverse-Gap
RUN_134,TRIAD_045,A15_GroupDiverse-Gap_B3000,R1,1343723075,963122165,914,Det/images/normal_train/00841394.png,0,04,easy_clean,0.0213398725,1.0,0.0340433336,normal_replay,GroupDiverse-Gap
RUN_134,TRIAD_045,A15_GroupDiverse-Gap_B3000,R1,1343723075,963122165,915,Det/images/normal_train/00243587.png,0,06,easy_clean,0.0179603101,1.0,0.0270334424,normal_replay,GroupDiverse-Gap
RUN_134,TRIAD_045,A15_GroupDiverse-Gap_B3000,R1,1343723075,963122165,916,Det/images/normal_train/00273571.png,0,08,easy_clean,0.0122188831,1.0,0.0209498018,normal_replay,GroupDiverse-Gap
RUN_134,TRIAD_045,A15_GroupDiverse-Gap_B3000,R1,1343723075,963122165,917,Det/images/normal_train/00318081.png,0,01,easy_clean,0.0581936481,0.99,0.0891566607,normal_replay,GroupDiverse-Gap
RUN_134,TRIAD_045,A15_GroupDiverse-Gap_B3000,R1,1343723075,963122165,918,Det/images/normal_train/00335723.png,0,07,learnable_hard,0.2458742617,0.985,0.1079853663,normal_replay,GroupDiverse-Gap
RUN_134,TRIAD_045,A15_GroupDiverse-Gap_B3000,R1,1343723075,963122165,919,Det/images/normal_train/00935342.png,0,09,easy_clean,0.0107938429,1.0,0.0164846807,normal_replay,GroupDiverse-Gap
RUN_134,TRIAD_045,A15_GroupDiverse-Gap_B3000,R1,1343723075,963122165,920,Det/images/normal_train/00889385.png,0,09,easy_clean,0.0005352753,1.0,0.001500697,normal_replay,GroupDiverse-Gap
RUN_134,TRIAD_045,A15_GroupDiverse-Gap_B3000,R1,1343723075,963122165,921,Det/images/normal_train/01286567.png,0,00,learnable_hard,0.0853356909,0.985,0.098889432,normal_replay,GroupDiverse-Gap
RUN_134,TRIAD_045,A15_GroupDiverse-Gap_B3000,R1,1343723075,963122165,922,Det/images/normal_train/00997684.png,0,08,easy_clean,0.0198830075,1.0,0.0169383203,normal_replay,GroupDiverse-Gap
RUN_134,TRIAD_045,A15_GroupDiverse-Gap_B3000,R1,1343723075,963122165,923,Det/images/normal_train/00215812.png,0,07,easy_clean,0.0140311239,1.0,0.0225927105,normal_replay,GroupDiverse-Gap
RUN_134,TRIAD_045,A15_GroupDiverse-Gap_B3000,R1,1343723075,963122165,924,Det/images/normal_train/00360914.png,0,08,easy_clean,0.0793817394,0.995,0.075713885,normal_replay,GroupDiverse-Gap
RUN_134,TRIAD_045,A15_GroupDiverse-Gap_B3000,R1,1343723075,963122165,925,Det/images/normal_train/00343983.png,0,02,learnable_hard,0.0122908773,0.995,0.0423988856,normal_replay,GroupDiverse-Gap
RUN_134,TRIAD_045,A15_GroupDiverse-Gap_B3000,R1,1343723075,963122165,926,Det/images/normal_train/01260857.png,0,05,learnable_hard,0.1009306964,0.995,0.087677216,normal_replay,GroupDiverse-Gap
RUN_134,TRIAD_045,A15_GroupDiverse-Gap_B3000,R1,1343723075,963122165,927,Det/images/normal_train/00297618.png,0,08,easy_clean,0.0067727379,1.0,0.0108598064,normal_replay,GroupDiverse-Gap
RUN_134,TRIAD_045,A15_GroupDiverse-Gap_B3000,R1,1343723075,963122165,928,Det/images/normal_train/01084704.png,0,01,easy_clean,0.036738308,1.0,0.0305571585,normal_replay,GroupDiverse-Gap
RUN_134,TRIAD_045,A15_GroupDiverse-Gap_B3000,R1,1343723075,963122165,929,Det/images/normal_train/00842032.png,0,06,easy_clean,0.0055055739,1.0,0.0235165634,normal_replay,GroupDiverse-Gap
RUN_134,TRIAD_045,A15_GroupDiverse-Gap_B3000,R1,1343723075,963122165,930,Det/images/normal_train/01215628.png,0,02,easy_clean,0.0214487448,1.0,0.0226141112,normal_replay,GroupDiverse-Gap
RUN_134,TRIAD_045,A15_GroupDiverse-Gap_B3000,R1,1343723075,963122165,931,Det/images/normal_train/01012381.png,0,00,easy_clean,0.0646785052,1.0,0.0179298902,normal_replay,GroupDiverse-Gap
RUN_134,TRIAD_045,A15_GroupDiverse-Gap_B3000,R1,1343723075,963122165,932,Det/images/normal_train/01144774.png,0,05,easy_clean,0.0119480068,1.0,0.0109467984,normal_replay,GroupDiverse-Gap
RUN_134,TRIAD_045,A15_GroupDiverse-Gap_B3000,R1,1343723075,963122165,933,Det/images/normal_train/01000419.png,0,04,ordinary,0.155722028,0.955,0.1311527334,normal_replay,GroupDiverse-Gap
RUN_134,TRIAD_045,A15_GroupDiverse-Gap_B3000,R1,1343723075,963122165,934,Det/images/normal_train/00284882.png,0,01,learnable_hard,0.1022680147,0.995,0.0822690235,normal_replay,GroupDiverse-Gap
RUN_134,TRIAD_045,A15_GroupDiverse-Gap_B3000,R1,1343723075,963122165,935,Det/images/normal_train/00532498.png,0,07,easy_clean,0.0014702429,1.0,0.0019056168,normal_replay,GroupDiverse-Gap
RUN_134,TRIAD_045,A15_GroupDiverse-Gap_B3000,R1,1343723075,963122165,936,Det/images/normal_train/01170588.png,0,09,learnable_hard,0.2835590473,0.915,0.142421278,normal_replay,GroupDiverse-Gap
RUN_134,TRIAD_045,A15_GroupDiverse-Gap_B3000,R1,1343723075,963122165,937,Det/images/normal_train/00700395.png,0,09,easy_clean,0.0100499133,1.0,0.0113635669,normal_replay,GroupDiverse-Gap
RUN_134,TRIAD_045,A15_GroupDiverse-Gap_B3000,R1,1343723075,963122165,938,Det/images/normal_train/00237626.png,0,06,easy_clean,0.0398220528,1.0,0.0401628645,normal_replay,GroupDiverse-Gap
RUN_134,TRIAD_045,A15_GroupDiverse-Gap_B3000,R1,1343723075,963122165,939,Det/images/normal_train/01251562.png,0,04,easy_clean,0.0334859044,1.0,0.0391400187,normal_replay,GroupDiverse-Gap
RUN_134,TRIAD_045,A15_GroupDiverse-Gap_B3000,R1,1343723075,963122165,940,Det/images/normal_train/01137844.png,0,03,easy_clean,0.0148428856,1.0,0.0166255161,normal_replay,GroupDiverse-Gap
RUN_134,TRIAD_045,A15_GroupDiverse-Gap_B3000,R1,1343723075,963122165,941,Det/images/normal_train/00971418.png,0,02,easy_clean,0.0026439423,1.0,0.0038818117,normal_replay,GroupDiverse-Gap
RUN_134,TRIAD_045,A15_GroupDiverse-Gap_B3000,R1,1343723075,963122165,942,Det/images/normal_train/00608921.png,0,06,easy_clean,0.006036387,1.0,0.0060359931,normal_replay,GroupDiverse-Gap
RUN_134,TRIAD_045,A15_GroupDiverse-Gap_B3000,R1,1343723075,963122165,943,Det/images/normal_train/00992835.png,0,08,easy_clean,0.0147739334,1.0,0.0256524147,normal_replay,GroupDiverse-Gap
RUN_134,TRIAD_045,A15_GroupDiverse-Gap_B3000,R1,1343723075,963122165,944,Det/images/normal_train/00232287.png,0,00,easy_clean,0.0024997179,1.0,0.0033141811,normal_replay,GroupDiverse-Gap
RUN_134,TRIAD_045,A15_GroupDiverse-Gap_B3000,R1,1343723075,963122165,945,Det/images/normal_train/00403636.png,0,03,easy_clean,0.0042314836,1.0,0.0064338378,normal_replay,GroupDiverse-Gap
RUN_134,TRIAD_045,A15_GroupDiverse-Gap_B3000,R1,1343723075,963122165,946,Det/images/normal_train/00477828.png,0,00,easy_clean,0.0045279997,1.0,0.0069196723,normal_replay,GroupDiverse-Gap
RUN_134,TRIAD_045,A15_GroupDiverse-Gap_B3000,R1,1343723075,963122165,947,Det/images/normal_train/01046929.png,0,03,easy_clean,0.0054313985,1.0,0.0056901939,normal_replay,GroupDiverse-Gap
RUN_134,TRIAD_045,A15_GroupDiverse-Gap_B3000,R1,1343723075,963122165,948,Det/images/normal_train/00582237.png,0,03,easy_clean,0.0031903748,1.0,0.0103386977,normal_replay,GroupDiverse-Gap
RUN_134,TRIAD_045,A15_GroupDiverse-Gap_B3000,R1,1343723075,963122165,949,Det/images/normal_train/00274295.png,0,05,easy_clean,0.0843722814,1.0,0.0543612366,normal_replay,GroupDiverse-Gap
RUN_134,TRIAD_045,A15_GroupDiverse-Gap_B3000,R1,1343723075,963122165,950,Det/images/normal_train/00924656.png,0,07,easy_clean,0.0036047177,1.0,0.0189661828,normal_replay,GroupDiverse-Gap
RUN_134,TRIAD_045,A15_GroupDiverse-Gap_B3000,R1,1343723075,963122165,951,Det/images/normal_train/00986245.png,0,08,learnable_hard,0.0858540736,0.965,0.1117086431,normal_replay,GroupDiverse-Gap
RUN_134,TRIAD_045,A15_GroupDiverse-Gap_B3000,R1,1343723075,963122165,952,Det/images/normal_train/00762370.png,0,06,unstable_boundary,0.5125064071,0.42,0.1350247587,normal_replay,GroupDiverse-Gap
RUN_134,TRIAD_045,A15_GroupDiverse-Gap_B3000,R1,1343723075,963122165,953,Det/images/normal_train/00324173.png,0,00,easy_clean,0.0028872404,1.0,0.0043882411,normal_replay,GroupDiverse-Gap
RUN_134,TRIAD_045,A15_GroupDiverse-Gap_B3000,R1,1343723075,963122165,954,Det/images/normal_train/00478222.png,0,01,learnable_hard,0.017035559,0.995,0.053232555,normal_replay,GroupDiverse-Gap
RUN_134,TRIAD_045,A15_GroupDiverse-Gap_B3000,R1,1343723075,963122165,955,Det/images/normal_train/00944268.png,0,05,easy_clean,0.0085270383,1.0,0.0089121522,normal_replay,GroupDiverse-Gap
RUN_134,TRIAD_045,A15_GroupDiverse-Gap_B3000,R1,1343723075,963122165,956,Det/images/normal_train/00244323.png,0,07,easy_clean,0.0006543941,1.0,0.0022513186,normal_replay,GroupDiverse-Gap
RUN_134,TRIAD_045,A15_GroupDiverse-Gap_B3000,R1,1343723075,963122165,957,Det/images/normal_train/00845840.png,0,04,easy_clean,0.0075179122,1.0,0.0073604891,normal_replay,GroupDiverse-Gap
RUN_134,TRIAD_045,A15_GroupDiverse-Gap_B3000,R1,1343723075,963122165,958,Det/images/normal_train/00720979.png,0,09,learnable_hard,0.2068470228,0.975,0.1158136527,normal_replay,GroupDiverse-Gap
RUN_134,TRIAD_045,A15_GroupDiverse-Gap_B3000,R1,1343723075,963122165,959,Det/images/normal_train/00882422.png,0,03,easy_clean,0.0495464137,1.0,0.0506103521,normal_replay,GroupDiverse-Gap
RUN_134,TRIAD_045,A15_GroupDiverse-Gap_B3000,R1,1343723075,963122165,960,Det/images/normal_train/00479937.png,0,03,easy_clean,0.0015764112,1.0,0.0043098681,normal_replay,GroupDiverse-Gap
RUN_134,TRIAD_045,A15_GroupDiverse-Gap_B3000,R1,1343723075,963122165,961,Det/images/normal_train/00818988.png,0,02,unstable_boundary,0.5538068217,0.33,0.1174465471,normal_replay,GroupDiverse-Gap
RUN_134,TRIAD_045,A15_GroupDiverse-Gap_B3000,R1,1343723075,963122165,962,Det/images/normal_train/00608228.png,0,06,learnable_hard,0.0469821091,0.995,0.0798211283,normal_replay,GroupDiverse-Gap
RUN_134,TRIAD_045,A15_GroupDiverse-Gap_B3000,R1,1343723075,963122165,963,Det/images/normal_train/00263365.png,0,07,easy_clean,0.0011987102,1.0,0.0024050111,normal_replay,GroupDiverse-Gap
RUN_134,TRIAD_045,A15_GroupDiverse-Gap_B3000,R1,1343723075,963122165,964,Det/images/normal_train/00505549.png,0,05,easy_clean,0.0001540092,1.0,0.0002633935,normal_replay,GroupDiverse-Gap
RUN_134,TRIAD_045,A15_GroupDiverse-Gap_B3000,R1,1343723075,963122165,965,Det/images/normal_train/01104473.png,0,08,easy_clean,0.0176109487,1.0,0.0159238457,normal_replay,GroupDiverse-Gap
RUN_134,TRIAD_045,A15_GroupDiverse-Gap_B3000,R1,1343723075,963122165,966,Det/images/normal_train/00477567.png,0,00,ordinary,0.1032602917,1.0,0.0984951565,normal_replay,GroupDiverse-Gap
RUN_134,TRIAD_045,A15_GroupDiverse-Gap_B3000,R1,1343723075,963122165,967,Det/images/normal_train/01044378.png,0,00,easy_clean,0.02383546,1.0,0.0371314102,normal_replay,GroupDiverse-Gap
RUN_134,TRIAD_045,A15_GroupDiverse-Gap_B3000,R1,1343723075,963122165,968,Det/images/normal_train/00990993.png,0,03,ordinary,0.111491318,1.0,0.0748311601,normal_replay,GroupDiverse-Gap
RUN_134,TRIAD_045,A15_GroupDiverse-Gap_B3000,R1,1343723075,963122165,969,Det/images/normal_train/00824108.png,0,05,easy_clean,0.0109581869,1.0,0.0114243779,normal_replay,GroupDiverse-Gap
RUN_134,TRIAD_045,A15_GroupDiverse-Gap_B3000,R1,1343723075,963122165,970,Det/images/normal_train/01144332.png,0,05,easy_clean,0.0107548724,1.0,0.0116928798,normal_replay,GroupDiverse-Gap
RUN_134,TRIAD_045,A15_GroupDiverse-Gap_B3000,R1,1343723075,963122165,971,Det/images/normal_train/01015708.png,0,03,easy_clean,0.011667625,1.0,0.0134674934,normal_replay,GroupDiverse-Gap
RUN_134,TRIAD_045,A15_GroupDiverse-Gap_B3000,R1,1343723075,963122165,972,Det/images/normal_train/00819600.png,0,07,easy_clean,0.0002250198,1.0,0.0003260457,normal_replay,GroupDiverse-Gap
RUN_134,TRIAD_045,A15_GroupDiverse-Gap_B3000,R1,1343723075,963122165,973,Det/images/normal_train/01046824.png,0,03,easy_clean,0.0042834875,1.0,0.0231846752,normal_replay,GroupDiverse-Gap
RUN_134,TRIAD_045,A15_GroupDiverse-Gap_B3000,R1,1343723075,963122165,974,Det/images/normal_train/00251103.png,0,04,easy_clean,0.0006107996,1.0,0.0022229119,normal_replay,GroupDiverse-Gap
RUN_134,TRIAD_045,A15_GroupDiverse-Gap_B3000,R1,1343723075,963122165,975,Det/images/normal_train/00185755.png,0,00,easy_clean,0.0002969145,1.0,0.000511362,normal_replay,GroupDiverse-Gap
RUN_134,TRIAD_045,A15_GroupDiverse-Gap_B3000,R1,1343723075,963122165,976,Det/images/normal_train/00565253.png,0,04,easy_clean,0.0004420396,1.0,0.0016753916,normal_replay,GroupDiverse-Gap
RUN_134,TRIAD_045,A15_GroupDiverse-Gap_B3000,R1,1343723075,963122165,977,Det/images/normal_train/00819871.png,0,07,easy_clean,0.0028180269,1.0,0.0040831528,normal_replay,GroupDiverse-Gap
RUN_134,TRIAD_045,A15_GroupDiverse-Gap_B3000,R1,1343723075,963122165,978,Det/images/normal_train/01058151.png,0,03,learnable_hard,0.1398384765,0.98,0.116305035,normal_replay,GroupDiverse-Gap
RUN_134,TRIAD_045,A15_GroupDiverse-Gap_B3000,R1,1343723075,963122165,979,Det/images/normal_train/01238538.png,0,04,easy_clean,0.0040536332,1.0,0.0108620311,normal_replay,GroupDiverse-Gap
RUN_134,TRIAD_045,A15_GroupDiverse-Gap_B3000,R1,1343723075,963122165,980,Det/images/normal_train/00329145.png,0,03,easy_clean,0.0201359725,0.995,0.069579679,normal_replay,GroupDiverse-Gap
RUN_134,TRIAD_045,A15_GroupDiverse-Gap_B3000,R1,1343723075,963122165,981,Det/images/normal_train/00843328.png,0,06,learnable_hard,0.2669466205,0.995,0.10018987,normal_replay,GroupDiverse-Gap
RUN_134,TRIAD_045,A15_GroupDiverse-Gap_B3000,R1,1343723075,963122165,982,Det/images/normal_train/00824781.png,0,05,easy_clean,0.000285681,1.0,0.0004912613,normal_replay,GroupDiverse-Gap
RUN_134,TRIAD_045,A15_GroupDiverse-Gap_B3000,R1,1343723075,963122165,983,Det/images/normal_train/01071795.png,0,04,easy_clean,0.0181246686,1.0,0.0176837709,normal_replay,GroupDiverse-Gap
RUN_134,TRIAD_045,A15_GroupDiverse-Gap_B3000,R1,1343723075,963122165,984,Det/images/normal_train/00564625.png,0,04,easy_clean,0.0007111566,1.0,0.0009390862,normal_replay,GroupDiverse-Gap
RUN_134,TRIAD_045,A15_GroupDiverse-Gap_B3000,R1,1343723075,963122165,985,Det/images/normal_train/01084503.png,0,01,easy_clean,0.0099334184,1.0,0.0113526812,normal_replay,GroupDiverse-Gap
RUN_134,TRIAD_045,A15_GroupDiverse-Gap_B3000,R1,1343723075,963122165,986,Det/images/normal_train/00764726.png,0,08,easy_clean,0.0023607583,1.0,0.0046494653,normal_replay,GroupDiverse-Gap
RUN_134,TRIAD_045,A15_GroupDiverse-Gap_B3000,R1,1343723075,963122165,987,Det/images/normal_train/00862356.png,0,07,easy_clean,0.0021301582,1.0,0.003600637,normal_replay,GroupDiverse-Gap
RUN_134,TRIAD_045,A15_GroupDiverse-Gap_B3000,R1,1343723075,963122165,988,Det/images/normal_train/00243583.png,0,06,learnable_hard,0.0928882112,0.995,0.073229021,normal_replay,GroupDiverse-Gap
RUN_134,TRIAD_045,A15_GroupDiverse-Gap_B3000,R1,1343723075,963122165,989,Det/images/normal_train/00258695.png,0,02,easy_clean,0.0847766786,1.0,0.0381893049,normal_replay,GroupDiverse-Gap
RUN_134,TRIAD_045,A15_GroupDiverse-Gap_B3000,R1,1343723075,963122165,990,Det/images/normal_train/00856252.png,0,08,easy_clean,0.0002849978,1.0,0.000719354,normal_replay,GroupDiverse-Gap
RUN_134,TRIAD_045,A15_GroupDiverse-Gap_B3000,R1,1343723075,963122165,991,Det/images/normal_train/00885718.png,0,04,easy_clean,0.0176622965,1.0,0.025935966,normal_replay,GroupDiverse-Gap
RUN_134,TRIAD_045,A15_GroupDiverse-Gap_B3000,R1,1343723075,963122165,992,Det/images/normal_train/00649931.png,0,09,easy_clean,0.0185350001,1.0,0.0435483884,normal_replay,GroupDiverse-Gap
RUN_134,TRIAD_045,A15_GroupDiverse-Gap_B3000,R1,1343723075,963122165,993,Det/images/normal_train/00819084.png,0,07,easy_clean,0.0142583781,1.0,0.0170843735,normal_replay,GroupDiverse-Gap
RUN_134,TRIAD_045,A15_GroupDiverse-Gap_B3000,R1,1343723075,963122165,994,Det/images/normal_train/01054876.png,0,00,easy_clean,0.0054397814,1.0,0.0263117355,normal_replay,GroupDiverse-Gap
RUN_134,TRIAD_045,A15_GroupDiverse-Gap_B3000,R1,1343723075,963122165,995,Det/images/normal_train/00967798.png,0,04,easy_clean,0.0109567255,1.0,0.0134876152,normal_replay,GroupDiverse-Gap
RUN_134,TRIAD_045,A15_GroupDiverse-Gap_B3000,R1,1343723075,963122165,996,Det/images/normal_train/00452964.png,0,06,easy_clean,0.0088754869,1.0,0.0138532281,normal_replay,GroupDiverse-Gap
RUN_134,TRIAD_045,A15_GroupDiverse-Gap_B3000,R1,1343723075,963122165,997,Det/images/normal_train/00613543.png,0,06,easy_clean,0.0024623841,1.0,0.0035219759,normal_replay,GroupDiverse-Gap
RUN_134,TRIAD_045,A15_GroupDiverse-Gap_B3000,R1,1343723075,963122165,998,Det/images/normal_train/00168200.png,0,07,easy_clean,0.0099464138,1.0,0.0172740726,normal_replay,GroupDiverse-Gap
RUN_134,TRIAD_045,A15_GroupDiverse-Gap_B3000,R1,1343723075,963122165,999,Det/images/normal_train/00308522.png,0,04,easy_clean,0.0070897198,1.0,0.0199407405,normal_replay,GroupDiverse-Gap
RUN_134,TRIAD_045,A15_GroupDiverse-Gap_B3000,R1,1343723075,963122165,1000,Det/images/normal_train/00411052.png,0,06,learnable_hard,0.1433850736,0.995,0.1558568626,normal_replay,GroupDiverse-Gap
RUN_134,TRIAD_045,A15_GroupDiverse-Gap_B3000,R1,1343723075,963122165,1001,Det/images/normal_train/00809440.png,0,05,easy_clean,0.0052314457,1.0,0.0071462541,normal_replay,GroupDiverse-Gap
RUN_134,TRIAD_045,A15_GroupDiverse-Gap_B3000,R1,1343723075,963122165,1002,Det/images/normal_train/00229492.png,0,03,ordinary,0.093635244,1.0,0.0833280296,normal_replay,GroupDiverse-Gap
RUN_134,TRIAD_045,A15_GroupDiverse-Gap_B3000,R1,1343723075,963122165,1003,Det/images/normal_train/01127347.png,0,06,easy_clean,0.0033679012,1.0,0.0040003856,normal_replay,GroupDiverse-Gap
RUN_134,TRIAD_045,A15_GroupDiverse-Gap_B3000,R1,1343723075,963122165,1004,Det/images/normal_train/00458648.png,0,05,easy_clean,0.0012962326,1.0,0.0017331607,normal_replay,GroupDiverse-Gap
RUN_134,TRIAD_045,A15_GroupDiverse-Gap_B3000,R1,1343723075,963122165,1005,Det/images/normal_train/00970672.png,0,05,easy_clean,0.0043982448,1.0,0.0216856257,normal_replay,GroupDiverse-Gap
RUN_134,TRIAD_045,A15_GroupDiverse-Gap_B3000,R1,1343723075,963122165,1006,Det/images/normal_train/00662824.png,0,02,easy_clean,0.0041591265,1.0,0.0062591829,normal_replay,GroupDiverse-Gap
RUN_134,TRIAD_045,A15_GroupDiverse-Gap_B3000,R1,1343723075,963122165,1007,Det/images/normal_train/01285841.png,0,08,learnable_hard,0.3033138275,0.99,0.0974074695,normal_replay,GroupDiverse-Gap
RUN_134,TRIAD_045,A15_GroupDiverse-Gap_B3000,R1,1343723075,963122165,1008,Det/images/normal_train/00769683.png,0,06,easy_clean,0.0192296867,1.0,0.0306314614,normal_replay,GroupDiverse-Gap
RUN_134,TRIAD_045,A15_GroupDiverse-Gap_B3000,R1,1343723075,963122165,1009,Det/images/normal_train/00257508.png,0,09,easy_clean,0.0021928039,1.0,0.0032695601,normal_replay,GroupDiverse-Gap
RUN_134,TRIAD_045,A15_GroupDiverse-Gap_B3000,R1,1343723075,963122165,1010,Det/images/normal_train/00219734.png,0,09,easy_clean,0.0039986031,1.0,0.0052092644,normal_replay,GroupDiverse-Gap
RUN_134,TRIAD_045,A15_GroupDiverse-Gap_B3000,R1,1343723075,963122165,1011,Det/images/normal_train/01011070.png,0,07,learnable_hard,0.1230818464,0.995,0.0733011651,normal_replay,GroupDiverse-Gap
RUN_134,TRIAD_045,A15_GroupDiverse-Gap_B3000,R1,1343723075,963122165,1012,Det/images/normal_train/01258303.png,0,03,ordinary,0.1772872337,1.0,0.1768771988,normal_replay,GroupDiverse-Gap
RUN_134,TRIAD_045,A15_GroupDiverse-Gap_B3000,R1,1343723075,963122165,1013,Det/images/normal_train/00229774.png,0,03,easy_clean,0.0022965047,1.0,0.0038323977,normal_replay,GroupDiverse-Gap
RUN_134,TRIAD_045,A15_GroupDiverse-Gap_B3000,R1,1343723075,963122165,1014,Det/images/normal_train/01034463.png,0,07,easy_clean,0.0148661893,1.0,0.0349695415,normal_replay,GroupDiverse-Gap
RUN_134,TRIAD_045,A15_GroupDiverse-Gap_B3000,R1,1343723075,963122165,1015,Det/images/normal_train/00555440.png,0,07,easy_clean,0.0033181155,1.0,0.0113957074,normal_replay,GroupDiverse-Gap
RUN_134,TRIAD_045,A15_GroupDiverse-Gap_B3000,R1,1343723075,963122165,1016,Det/images/normal_train/00548162.png,0,00,easy_clean,0.0116057302,1.0,0.0124279705,normal_replay,GroupDiverse-Gap
RUN_134,TRIAD_045,A15_GroupDiverse-Gap_B3000,R1,1343723075,963122165,1017,Det/images/normal_train/01174210.png,0,01,easy_clean,0.0085273456,1.0,0.0188411987,normal_replay,GroupDiverse-Gap
RUN_134,TRIAD_045,A15_GroupDiverse-Gap_B3000,R1,1343723075,963122165,1018,Det/images/normal_train/00378676.png,0,05,easy_clean,0.0043522988,1.0,0.0050979563,normal_replay,GroupDiverse-Gap
RUN_134,TRIAD_045,A15_GroupDiverse-Gap_B3000,R1,1343723075,963122165,1019,Det/images/normal_train/00288654.png,0,07,easy_clean,0.0053578743,1.0,0.0085041233,normal_replay,GroupDiverse-Gap
RUN_134,TRIAD_045,A15_GroupDiverse-Gap_B3000,R1,1343723075,963122165,1020,Det/images/normal_train/00618478.png,0,04,easy_clean,0.0009096689,1.0,0.0012105514,normal_replay,GroupDiverse-Gap
RUN_134,TRIAD_045,A15_GroupDiverse-Gap_B3000,R1,1343723075,963122165,1021,Det/images/normal_train/00807035.png,0,08,easy_clean,0.0039167864,1.0,0.0086519993,normal_replay,GroupDiverse-Gap
RUN_134,TRIAD_045,A15_GroupDiverse-Gap_B3000,R1,1343723075,963122165,1022,Det/images/normal_train/01288755.png,0,07,ordinary,0.1505143493,1.0,0.0315706914,normal_replay,GroupDiverse-Gap
RUN_134,TRIAD_045,A15_GroupDiverse-Gap_B3000,R1,1343723075,963122165,1023,Det/images/normal_train/00794912.png,0,08,easy_clean,0.0019838068,1.0,0.0048071073,normal_replay,GroupDiverse-Gap
RUN_134,TRIAD_045,A15_GroupDiverse-Gap_B3000,R1,1343723075,963122165,1024,Det/images/normal_train/01029819.png,0,09,persistent_hard,0.7830585479,0.205,0.2424944767,normal_replay,GroupDiverse-Gap
RUN_134,TRIAD_045,A15_GroupDiverse-Gap_B3000,R1,1343723075,963122165,1025,Det/images/normal_train/01038967.png,0,00,learnable_hard,0.1472754019,0.895,0.1976441295,normal_replay,GroupDiverse-Gap
RUN_134,TRIAD_045,A15_GroupDiverse-Gap_B3000,R1,1343723075,963122165,1026,Det/images/normal_train/00306745.png,0,03,easy_clean,0.0039929907,1.0,0.0080410673,normal_replay,GroupDiverse-Gap
RUN_134,TRIAD_045,A15_GroupDiverse-Gap_B3000,R1,1343723075,963122165,1027,Det/images/normal_train/00299822.png,0,01,easy_clean,0.0023526645,1.0,0.0076498158,normal_replay,GroupDiverse-Gap
RUN_134,TRIAD_045,A15_GroupDiverse-Gap_B3000,R1,1343723075,963122165,1028,Det/images/normal_train/00419929.png,0,04,ordinary,0.2080697323,1.0,0.055803974,normal_replay,GroupDiverse-Gap
RUN_134,TRIAD_045,A15_GroupDiverse-Gap_B3000,R1,1343723075,963122165,1029,Det/images/normal_train/01140413.png,0,00,easy_clean,0.0011607311,1.0,0.0033516969,normal_replay,GroupDiverse-Gap
RUN_134,TRIAD_045,A15_GroupDiverse-Gap_B3000,R1,1343723075,963122165,1030,Det/images/normal_train/00861237.png,0,09,easy_clean,0.0123046994,1.0,0.0142719054,normal_replay,GroupDiverse-Gap
RUN_134,TRIAD_045,A15_GroupDiverse-Gap_B3000,R1,1343723075,963122165,1031,Det/images/normal_train/01221344.png,0,02,easy_clean,0.0735786966,1.0,0.0658205717,normal_replay,GroupDiverse-Gap
RUN_134,TRIAD_045,A15_GroupDiverse-Gap_B3000,R1,1343723075,963122165,1032,Det/images/normal_train/00346668.png,0,07,easy_clean,0.0007333806,1.0,0.0016721815,normal_replay,GroupDiverse-Gap
RUN_134,TRIAD_045,A15_GroupDiverse-Gap_B3000,R1,1343723075,963122165,1033,Det/images/normal_train/00367901.png,0,04,easy_clean,0.0233278141,1.0,0.0409692263,normal_replay,GroupDiverse-Gap
RUN_134,TRIAD_045,A15_GroupDiverse-Gap_B3000,R1,1343723075,963122165,1034,Det/images/normal_train/01067328.png,0,09,easy_clean,0.0153524444,1.0,0.0224703837,normal_replay,GroupDiverse-Gap
RUN_134,TRIAD_045,A15_GroupDiverse-Gap_B3000,R1,1343723075,963122165,1035,Det/images/normal_train/01216542.png,0,01,learnable_hard,0.2060918976,0.985,0.1078272969,normal_replay,GroupDiverse-Gap
RUN_134,TRIAD_045,A15_GroupDiverse-Gap_B3000,R1,1343723075,963122165,1036,Det/images/normal_train/01166863.png,0,08,learnable_hard,0.1594119761,0.995,0.0692269489,normal_replay,GroupDiverse-Gap
RUN_134,TRIAD_045,A15_GroupDiverse-Gap_B3000,R1,1343723075,963122165,1037,Det/images/normal_train/00535180.png,0,02,easy_clean,0.0013208095,1.0,0.0018419555,normal_replay,GroupDiverse-Gap
RUN_134,TRIAD_045,A15_GroupDiverse-Gap_B3000,R1,1343723075,963122165,1038,Det/images/normal_train/00604967.png,0,02,easy_clean,0.0246723012,1.0,0.0219683594,normal_replay,GroupDiverse-Gap
RUN_134,TRIAD_045,A15_GroupDiverse-Gap_B3000,R1,1343723075,963122165,1039,Det/images/normal_train/00632231.png,0,09,easy_clean,0.034229647,1.0,0.0384161056,normal_replay,GroupDiverse-Gap
RUN_134,TRIAD_045,A15_GroupDiverse-Gap_B3000,R1,1343723075,963122165,1040,Det/images/normal_train/00207945.png,0,01,easy_clean,0.0020752542,1.0,0.0053308037,normal_replay,GroupDiverse-Gap
RUN_134,TRIAD_045,A15_GroupDiverse-Gap_B3000,R1,1343723075,963122165,1041,Det/images/normal_train/00550498.png,0,08,easy_clean,0.0103100625,1.0,0.0136919115,normal_replay,GroupDiverse-Gap
RUN_134,TRIAD_045,A15_GroupDiverse-Gap_B3000,R1,1343723075,963122165,1042,Det/images/normal_train/01223257.png,0,03,easy_clean,0.0143280295,1.0,0.0104817788,normal_replay,GroupDiverse-Gap
RUN_134,TRIAD_045,A15_GroupDiverse-Gap_B3000,R1,1343723075,963122165,1043,Det/images/normal_train/00992072.png,0,08,easy_clean,0.0063585789,1.0,0.0113239808,normal_replay,GroupDiverse-Gap
RUN_134,TRIAD_045,A15_GroupDiverse-Gap_B3000,R1,1343723075,963122165,1044,Det/images/normal_train/00535343.png,0,02,easy_clean,0.0002000714,1.0,0.0003247941,normal_replay,GroupDiverse-Gap
RUN_134,TRIAD_045,A15_GroupDiverse-Gap_B3000,R1,1343723075,963122165,1045,Det/images/normal_train/00268772.png,0,03,easy_clean,0.0045294768,1.0,0.0160271146,normal_replay,GroupDiverse-Gap
RUN_134,TRIAD_045,A15_GroupDiverse-Gap_B3000,R1,1343723075,963122165,1046,Det/images/normal_train/00458143.png,0,05,easy_clean,0.0265584239,1.0,0.0214119781,normal_replay,GroupDiverse-Gap
RUN_134,TRIAD_045,A15_GroupDiverse-Gap_B3000,R1,1343723075,963122165,1047,Det/images/normal_train/00846899.png,0,01,easy_clean,0.0069553083,1.0,0.0135946411,normal_replay,GroupDiverse-Gap
RUN_134,TRIAD_045,A15_GroupDiverse-Gap_B3000,R1,1343723075,963122165,1048,Det/images/normal_train/00328436.png,0,07,easy_clean,0.0019553709,1.0,0.0060660521,normal_replay,GroupDiverse-Gap
RUN_134,TRIAD_045,A15_GroupDiverse-Gap_B3000,R1,1343723075,963122165,1049,Det/images/normal_train/00320939.png,0,01,learnable_hard,0.1572021607,0.98,0.1433881886,normal_replay,GroupDiverse-Gap
RUN_134,TRIAD_045,A15_GroupDiverse-Gap_B3000,R1,1343723075,963122165,1050,Det/images/normal_train/00765016.png,0,08,easy_clean,0.0078542715,1.0,0.0286177715,normal_replay,GroupDiverse-Gap
RUN_134,TRIAD_045,A15_GroupDiverse-Gap_B3000,R1,1343723075,963122165,1051,Det/images/normal_train/00292883.png,0,00,learnable_hard,0.5147084822,0.375,0.2212860598,normal_replay,GroupDiverse-Gap
RUN_134,TRIAD_045,A15_GroupDiverse-Gap_B3000,R1,1343723075,963122165,1052,Det/images/normal_train/01243004.png,0,00,persistent_hard,0.5851807271,0.43,0.1939384906,normal_replay,GroupDiverse-Gap
RUN_134,TRIAD_045,A15_GroupDiverse-Gap_B3000,R1,1343723075,963122165,1053,Det/images/normal_train/00555845.png,0,07,learnable_hard,0.0599333939,0.985,0.1041181371,normal_replay,GroupDiverse-Gap
RUN_134,TRIAD_045,A15_GroupDiverse-Gap_B3000,R1,1343723075,963122165,1054,Det/images/normal_train/00321970.png,0,03,learnable_hard,0.0882356761,0.97,0.1427297453,normal_replay,GroupDiverse-Gap
RUN_134,TRIAD_045,A15_GroupDiverse-Gap_B3000,R1,1343723075,963122165,1055,Det/images/normal_train/00826223.png,0,03,easy_clean,0.0002127477,1.0,0.0005471528,normal_replay,GroupDiverse-Gap
RUN_134,TRIAD_045,A15_GroupDiverse-Gap_B3000,R1,1343723075,963122165,1056,Det/images/normal_train/00207527.png,0,01,unstable_boundary,0.5256356705,0.355,0.1715468042,normal_replay,GroupDiverse-Gap
RUN_134,TRIAD_045,A15_GroupDiverse-Gap_B3000,R1,1343723075,963122165,1057,Det/images/normal_train/01213184.png,0,03,easy_clean,0.0484932811,1.0,0.0407341443,normal_replay,GroupDiverse-Gap
RUN_134,TRIAD_045,A15_GroupDiverse-Gap_B3000,R1,1343723075,963122165,1058,Det/images/normal_train/01192537.png,0,09,easy_clean,0.0719294284,1.0,0.025679941,normal_replay,GroupDiverse-Gap
RUN_134,TRIAD_045,A15_GroupDiverse-Gap_B3000,R1,1343723075,963122165,1059,Det/images/normal_train/00531073.png,0,04,easy_clean,0.0067250324,1.0,0.0078824688,normal_replay,GroupDiverse-Gap
RUN_134,TRIAD_045,A15_GroupDiverse-Gap_B3000,R1,1343723075,963122165,1060,Det/images/normal_train/00165214.png,0,06,ordinary,0.138500645,1.0,0.1511464817,normal_replay,GroupDiverse-Gap
RUN_134,TRIAD_045,A15_GroupDiverse-Gap_B3000,R1,1343723075,963122165,1061,Det/images/normal_train/00296178.png,0,01,easy_clean,0.0034627758,1.0,0.0045765226,normal_replay,GroupDiverse-Gap
RUN_134,TRIAD_045,A15_GroupDiverse-Gap_B3000,R1,1343723075,963122165,1062,Det/images/normal_train/00242880.png,0,01,easy_clean,0.0018394112,1.0,0.0029091177,normal_replay,GroupDiverse-Gap
RUN_134,TRIAD_045,A15_GroupDiverse-Gap_B3000,R1,1343723075,963122165,1063,Det/images/normal_train/00426440.png,0,00,easy_clean,0.0188251313,1.0,0.0128821298,normal_replay,GroupDiverse-Gap
RUN_134,TRIAD_045,A15_GroupDiverse-Gap_B3000,R1,1343723075,963122165,1064,Det/images/normal_train/01136125.png,0,07,easy_clean,0.0067318506,1.0,0.0061623842,normal_replay,GroupDiverse-Gap
RUN_134,TRIAD_045,A15_GroupDiverse-Gap_B3000,R1,1343723075,963122165,1065,Det/images/normal_train/00289980.png,0,07,easy_clean,0.0099149134,1.0,0.0134311503,normal_replay,GroupDiverse-Gap
RUN_134,TRIAD_045,A15_GroupDiverse-Gap_B3000,R1,1343723075,963122165,1066,Det/images/normal_train/00900045.png,0,07,learnable_hard,0.677196347,0.05,0.1058844588,normal_replay,GroupDiverse-Gap
RUN_134,TRIAD_045,A15_GroupDiverse-Gap_B3000,R1,1343723075,963122165,1067,Det/images/normal_train/00957529.png,0,02,learnable_hard,0.2187832131,0.945,0.1206749916,normal_replay,GroupDiverse-Gap
RUN_134,TRIAD_045,A15_GroupDiverse-Gap_B3000,R1,1343723075,963122165,1068,Det/images/normal_train/00584962.png,0,05,easy_clean,0.0231611064,1.0,0.0226295483,normal_replay,GroupDiverse-Gap
RUN_134,TRIAD_045,A15_GroupDiverse-Gap_B3000,R1,1343723075,963122165,1069,Det/images/normal_train/00895304.png,0,09,easy_clean,0.0022051159,1.0,0.0102986842,normal_replay,GroupDiverse-Gap
RUN_134,TRIAD_045,A15_GroupDiverse-Gap_B3000,R1,1343723075,963122165,1070,Det/images/normal_train/00150783.png,0,00,easy_clean,0.0314774117,1.0,0.0276717284,normal_replay,GroupDiverse-Gap
RUN_134,TRIAD_045,A15_GroupDiverse-Gap_B3000,R1,1343723075,963122165,1071,Det/images/normal_train/00405134.png,0,05,easy_clean,0.0069869971,1.0,0.0043738646,normal_replay,GroupDiverse-Gap
RUN_134,TRIAD_045,A15_GroupDiverse-Gap_B3000,R1,1343723075,963122165,1072,Det/images/normal_train/00805856.png,0,07,easy_clean,0.0171073637,1.0,0.0365626615,normal_replay,GroupDiverse-Gap
RUN_134,TRIAD_045,A15_GroupDiverse-Gap_B3000,R1,1343723075,963122165,1073,Det/images/normal_train/01043869.png,0,00,easy_clean,0.0073196224,1.0,0.0090765084,normal_replay,GroupDiverse-Gap
RUN_134,TRIAD_045,A15_GroupDiverse-Gap_B3000,R1,1343723075,963122165,1074,Det/images/normal_train/00577715.png,0,05,easy_clean,0.0191838941,1.0,0.0320781304,normal_replay,GroupDiverse-Gap
RUN_134,TRIAD_045,A15_GroupDiverse-Gap_B3000,R1,1343723075,963122165,1075,Det/images/normal_train/01147702.png,0,07,easy_clean,0.0061581937,1.0,0.0069450135,normal_replay,GroupDiverse-Gap
RUN_134,TRIAD_045,A15_GroupDiverse-Gap_B3000,R1,1343723075,963122165,1076,Det/images/normal_train/01199022.png,0,03,easy_clean,0.0297953955,1.0,0.0427906296,normal_replay,GroupDiverse-Gap
RUN_134,TRIAD_045,A15_GroupDiverse-Gap_B3000,R1,1343723075,963122165,1077,Det/images/normal_train/00365494.png,0,00,easy_clean,0.0011696641,1.0,0.0014381905,normal_replay,GroupDiverse-Gap
RUN_134,TRIAD_045,A15_GroupDiverse-Gap_B3000,R1,1343723075,963122165,1078,Det/images/normal_train/01101224.png,0,00,easy_clean,0.0089528094,1.0,0.008909683,normal_replay,GroupDiverse-Gap
RUN_134,TRIAD_045,A15_GroupDiverse-Gap_B3000,R1,1343723075,963122165,1079,Det/images/normal_train/00372266.png,0,05,easy_clean,0.0852738503,1.0,0.0705790482,normal_replay,GroupDiverse-Gap
RUN_134,TRIAD_045,A15_GroupDiverse-Gap_B3000,R1,1343723075,963122165,1080,Det/images/normal_train/00856978.png,0,08,easy_clean,0.0041974534,1.0,0.0130507788,normal_replay,GroupDiverse-Gap
RUN_134,TRIAD_045,A15_GroupDiverse-Gap_B3000,R1,1343723075,963122165,1081,Det/images/normal_train/01108791.png,0,01,easy_clean,0.0007366522,1.0,0.0017050649,normal_replay,GroupDiverse-Gap
RUN_134,TRIAD_045,A15_GroupDiverse-Gap_B3000,R1,1343723075,963122165,1082,Det/images/normal_train/00784858.png,0,00,learnable_hard,0.2536715925,0.985,0.0906808265,normal_replay,GroupDiverse-Gap
RUN_134,TRIAD_045,A15_GroupDiverse-Gap_B3000,R1,1343723075,963122165,1083,Det/images/normal_train/01019777.png,0,08,easy_clean,0.0015539567,1.0,0.0026442019,normal_replay,GroupDiverse-Gap
RUN_134,TRIAD_045,A15_GroupDiverse-Gap_B3000,R1,1343723075,963122165,1084,Det/images/normal_train/01214049.png,0,00,easy_clean,0.0350945429,1.0,0.0264618994,normal_replay,GroupDiverse-Gap
RUN_134,TRIAD_045,A15_GroupDiverse-Gap_B3000,R1,1343723075,963122165,1085,Det/images/normal_train/00250733.png,0,09,easy_clean,0.0057519175,1.0,0.0131988877,normal_replay,GroupDiverse-Gap
RUN_134,TRIAD_045,A15_GroupDiverse-Gap_B3000,R1,1343723075,963122165,1086,Det/images/normal_train/01019609.png,0,08,easy_clean,0.025518131,1.0,0.0234433399,normal_replay,GroupDiverse-Gap
RUN_134,TRIAD_045,A15_GroupDiverse-Gap_B3000,R1,1343723075,963122165,1087,Det/images/normal_train/00700457.png,0,09,easy_clean,0.0852760248,1.0,0.0998041688,normal_replay,GroupDiverse-Gap
RUN_134,TRIAD_045,A15_GroupDiverse-Gap_B3000,R1,1343723075,963122165,1088,Det/images/normal_train/00922875.png,0,02,easy_clean,0.0019313037,1.0,0.0061218583,normal_replay,GroupDiverse-Gap
RUN_134,TRIAD_045,A15_GroupDiverse-Gap_B3000,R1,1343723075,963122165,1089,Det/images/normal_train/00772355.png,0,01,easy_clean,0.000783262,1.0,0.0014967009,normal_replay,GroupDiverse-Gap
RUN_134,TRIAD_045,A15_GroupDiverse-Gap_B3000,R1,1343723075,963122165,1090,Det/images/normal_train/00962551.png,0,04,easy_clean,0.012502189,1.0,0.0145709601,normal_replay,GroupDiverse-Gap
RUN_134,TRIAD_045,A15_GroupDiverse-Gap_B3000,R1,1343723075,963122165,1091,Det/images/normal_train/00902159.png,0,04,ordinary,0.1491649414,1.0,0.0437096921,normal_replay,GroupDiverse-Gap
RUN_134,TRIAD_045,A15_GroupDiverse-Gap_B3000,R1,1343723075,963122165,1092,Det/images/normal_train/00931469.png,0,02,easy_clean,0.0033704375,1.0,0.0046973008,normal_replay,GroupDiverse-Gap
RUN_134,TRIAD_045,A15_GroupDiverse-Gap_B3000,R1,1343723075,963122165,1093,Det/images/normal_train/00759504.png,0,08,easy_clean,0.0044734965,1.0,0.0083961767,normal_replay,GroupDiverse-Gap
RUN_134,TRIAD_045,A15_GroupDiverse-Gap_B3000,R1,1343723075,963122165,1094,Det/images/normal_train/00193863.png,0,06,easy_clean,0.0113115785,1.0,0.0146082743,normal_replay,GroupDiverse-Gap
RUN_134,TRIAD_045,A15_GroupDiverse-Gap_B3000,R1,1343723075,963122165,1095,Det/images/normal_train/00796789.png,0,04,easy_clean,8.00669e-05,1.0,0.0002032984,normal_replay,GroupDiverse-Gap
RUN_134,TRIAD_045,A15_GroupDiverse-Gap_B3000,R1,1343723075,963122165,1096,Det/images/normal_train/00925671.png,0,09,learnable_hard,0.1758564341,0.975,0.1000063474,normal_replay,GroupDiverse-Gap
RUN_134,TRIAD_045,A15_GroupDiverse-Gap_B3000,R1,1343723075,963122165,1097,Det/images/normal_train/01020217.png,0,02,easy_clean,0.0228301993,1.0,0.0267155441,normal_replay,GroupDiverse-Gap
RUN_134,TRIAD_045,A15_GroupDiverse-Gap_B3000,R1,1343723075,963122165,1098,Det/images/normal_train/00297577.png,0,08,easy_clean,0.0007753657,1.0,0.0010800438,normal_replay,GroupDiverse-Gap
RUN_134,TRIAD_045,A15_GroupDiverse-Gap_B3000,R1,1343723075,963122165,1099,Det/images/normal_train/00259311.png,0,08,easy_clean,0.0008609653,1.0,0.0012628614,normal_replay,GroupDiverse-Gap
RUN_134,TRIAD_045,A15_GroupDiverse-Gap_B3000,R1,1343723075,963122165,1100,Det/images/normal_train/00771799.png,0,03,easy_clean,0.0002037763,1.0,0.0003295757,normal_replay,GroupDiverse-Gap
RUN_134,TRIAD_045,A15_GroupDiverse-Gap_B3000,R1,1343723075,963122165,1101,Det/images/normal_train/01067693.png,0,09,unstable_boundary,0.4357145933,0.56,0.1735460745,normal_replay,GroupDiverse-Gap
RUN_134,TRIAD_045,A15_GroupDiverse-Gap_B3000,R1,1343723075,963122165,1102,Det/images/normal_train/01274956.png,0,08,easy_clean,0.0102257109,1.0,0.0115466324,normal_replay,GroupDiverse-Gap
RUN_134,TRIAD_045,A15_GroupDiverse-Gap_B3000,R1,1343723075,963122165,1103,Det/images/normal_train/00361485.png,0,00,learnable_hard,0.126069013,0.995,0.1051263115,normal_replay,GroupDiverse-Gap
RUN_134,TRIAD_045,A15_GroupDiverse-Gap_B3000,R1,1343723075,963122165,1104,Det/images/normal_train/01143826.png,0,08,easy_clean,0.0092640559,1.0,0.0113200721,normal_replay,GroupDiverse-Gap
RUN_134,TRIAD_045,A15_GroupDiverse-Gap_B3000,R1,1343723075,963122165,1105,Det/images/normal_train/01124597.png,0,08,easy_clean,0.0136413061,1.0,0.0220260971,normal_replay,GroupDiverse-Gap
RUN_134,TRIAD_045,A15_GroupDiverse-Gap_B3000,R1,1343723075,963122165,1106,Det/images/normal_train/01191714.png,0,09,learnable_hard,0.2272666135,0.99,0.0944372422,normal_replay,GroupDiverse-Gap
RUN_134,TRIAD_045,A15_GroupDiverse-Gap_B3000,R1,1343723075,963122165,1107,Det/images/normal_train/00491931.png,0,06,easy_clean,0.0150211079,1.0,0.0147996951,normal_replay,GroupDiverse-Gap
RUN_134,TRIAD_045,A15_GroupDiverse-Gap_B3000,R1,1343723075,963122165,1108,Det/images/normal_train/00818117.png,0,02,learnable_hard,0.0581431856,0.995,0.0626690313,normal_replay,GroupDiverse-Gap
RUN_134,TRIAD_045,A15_GroupDiverse-Gap_B3000,R1,1343723075,963122165,1109,Det/images/normal_train/00206908.png,0,05,easy_clean,0.0041963004,1.0,0.0054205788,normal_replay,GroupDiverse-Gap
RUN_134,TRIAD_045,A15_GroupDiverse-Gap_B3000,R1,1343723075,963122165,1110,Det/images/normal_train/01230209.png,0,01,easy_clean,0.0009881419,1.0,0.0013304699,normal_replay,GroupDiverse-Gap
RUN_134,TRIAD_045,A15_GroupDiverse-Gap_B3000,R1,1343723075,963122165,1111,Det/images/normal_train/00326539.png,0,09,easy_clean,0.0329745788,1.0,0.0391983474,normal_replay,GroupDiverse-Gap
RUN_134,TRIAD_045,A15_GroupDiverse-Gap_B3000,R1,1343723075,963122165,1112,Det/images/normal_train/00548955.png,0,00,easy_clean,0.0699255704,1.0,0.0543616897,normal_replay,GroupDiverse-Gap
RUN_134,TRIAD_045,A15_GroupDiverse-Gap_B3000,R1,1343723075,963122165,1113,Det/images/normal_train/00963088.png,0,05,easy_clean,0.003343104,1.0,0.0040788394,normal_replay,GroupDiverse-Gap
RUN_134,TRIAD_045,A15_GroupDiverse-Gap_B3000,R1,1343723075,963122165,1114,Det/images/normal_train/00332459.png,0,00,easy_clean,0.0080385395,1.0,0.0317080345,normal_replay,GroupDiverse-Gap
RUN_134,TRIAD_045,A15_GroupDiverse-Gap_B3000,R1,1343723075,963122165,1115,Det/images/normal_train/00609582.png,0,08,learnable_hard,0.1845292263,0.995,0.0902487013,normal_replay,GroupDiverse-Gap
RUN_134,TRIAD_045,A15_GroupDiverse-Gap_B3000,R1,1343723075,963122165,1116,Det/images/normal_train/01119624.png,0,01,easy_clean,0.0245935041,1.0,0.0285325243,normal_replay,GroupDiverse-Gap
RUN_134,TRIAD_045,A15_GroupDiverse-Gap_B3000,R1,1343723075,963122165,1117,Det/images/normal_train/00992147.png,0,08,easy_clean,0.0016863745,1.0,0.0044256885,normal_replay,GroupDiverse-Gap
RUN_134,TRIAD_045,A15_GroupDiverse-Gap_B3000,R1,1343723075,963122165,1118,Det/images/normal_train/01229815.png,0,00,easy_clean,0.0012371279,1.0,0.0022572289,normal_replay,GroupDiverse-Gap
RUN_134,TRIAD_045,A15_GroupDiverse-Gap_B3000,R1,1343723075,963122165,1119,Det/images/normal_train/01151671.png,0,00,easy_clean,0.0090525907,1.0,0.0122409977,normal_replay,GroupDiverse-Gap
RUN_134,TRIAD_045,A15_GroupDiverse-Gap_B3000,R1,1343723075,963122165,1120,Det/images/normal_train/01221209.png,0,02,ordinary,0.1488985388,1.0,0.0796134192,normal_replay,GroupDiverse-Gap
RUN_134,TRIAD_045,A15_GroupDiverse-Gap_B3000,R1,1343723075,963122165,1121,Det/images/normal_train/00377511.png,0,01,easy_clean,0.0019625484,1.0,0.0028262084,normal_replay,GroupDiverse-Gap
RUN_134,TRIAD_045,A15_GroupDiverse-Gap_B3000,R1,1343723075,963122165,1122,Det/images/normal_train/00492235.png,0,05,easy_clean,0.0092211311,1.0,0.0155123551,normal_replay,GroupDiverse-Gap
RUN_134,TRIAD_045,A15_GroupDiverse-Gap_B3000,R1,1343723075,963122165,1123,Det/images/normal_train/00838545.png,0,05,easy_clean,0.0010613669,1.0,0.0014149996,normal_replay,GroupDiverse-Gap
RUN_134,TRIAD_045,A15_GroupDiverse-Gap_B3000,R1,1343723075,963122165,1124,Det/images/normal_train/01074784.png,0,04,easy_clean,0.0071756439,1.0,0.0155306479,normal_replay,GroupDiverse-Gap
RUN_134,TRIAD_045,A15_GroupDiverse-Gap_B3000,R1,1343723075,963122165,1125,Det/images/normal_train/01258063.png,0,03,easy_clean,0.0122506743,1.0,0.0244486886,normal_replay,GroupDiverse-Gap
RUN_134,TRIAD_045,A15_GroupDiverse-Gap_B3000,R1,1343723075,963122165,1126,Det/images/normal_train/01256776.png,0,02,easy_clean,0.0038145561,1.0,0.0102286001,normal_replay,GroupDiverse-Gap
RUN_134,TRIAD_045,A15_GroupDiverse-Gap_B3000,R1,1343723075,963122165,1127,Det/images/normal_train/01053125.png,0,05,easy_clean,0.0235756044,1.0,0.0231068257,normal_replay,GroupDiverse-Gap
RUN_134,TRIAD_045,A15_GroupDiverse-Gap_B3000,R1,1343723075,963122165,1128,Det/images/normal_train/00245552.png,0,08,easy_clean,0.074935871,1.0,0.0834318541,normal_replay,GroupDiverse-Gap
RUN_134,TRIAD_045,A15_GroupDiverse-Gap_B3000,R1,1343723075,963122165,1129,Det/images/normal_train/00987071.png,0,05,easy_clean,0.0103149542,1.0,0.0323862509,normal_replay,GroupDiverse-Gap
RUN_134,TRIAD_045,A15_GroupDiverse-Gap_B3000,R1,1343723075,963122165,1130,Det/images/normal_train/00190770.png,0,09,easy_clean,0.0050973469,1.0,0.0213763448,normal_replay,GroupDiverse-Gap
RUN_134,TRIAD_045,A15_GroupDiverse-Gap_B3000,R1,1343723075,963122165,1131,Det/images/normal_train/01084538.png,0,01,easy_clean,0.0177539436,1.0,0.0149247492,normal_replay,GroupDiverse-Gap
RUN_134,TRIAD_045,A15_GroupDiverse-Gap_B3000,R1,1343723075,963122165,1132,Det/images/normal_train/00744941.png,0,06,easy_clean,0.0048313927,1.0,0.0170000632,normal_replay,GroupDiverse-Gap
RUN_134,TRIAD_045,A15_GroupDiverse-Gap_B3000,R1,1343723075,963122165,1133,Det/images/normal_train/00813402.png,0,03,easy_clean,0.0178028462,1.0,0.0228106946,normal_replay,GroupDiverse-Gap
RUN_134,TRIAD_045,A15_GroupDiverse-Gap_B3000,R1,1343723075,963122165,1134,Det/images/normal_train/00966197.png,0,07,ordinary,0.1129710103,1.0,0.0983382828,normal_replay,GroupDiverse-Gap
RUN_134,TRIAD_045,A15_GroupDiverse-Gap_B3000,R1,1343723075,963122165,1135,Det/images/normal_train/00919058.png,0,04,easy_clean,0.0072150453,1.0,0.0105085752,normal_replay,GroupDiverse-Gap
RUN_134,TRIAD_045,A15_GroupDiverse-Gap_B3000,R1,1343723075,963122165,1136,Det/images/normal_train/01126403.png,0,06,easy_clean,0.0186488528,1.0,0.0152777775,normal_replay,GroupDiverse-Gap
RUN_134,TRIAD_045,A15_GroupDiverse-Gap_B3000,R1,1343723075,963122165,1137,Det/images/normal_train/01236482.png,0,06,ordinary,0.1319941915,1.0,0.0638084995,normal_replay,GroupDiverse-Gap
RUN_134,TRIAD_045,A15_GroupDiverse-Gap_B3000,R1,1343723075,963122165,1138,Det/images/normal_train/01167855.png,0,01,learnable_hard,0.3592062801,0.905,0.1454472461,normal_replay,GroupDiverse-Gap
RUN_134,TRIAD_045,A15_GroupDiverse-Gap_B3000,R1,1343723075,963122165,1139,Det/images/normal_train/00809390.png,0,05,ordinary,0.1906440323,1.0,0.0927632408,normal_replay,GroupDiverse-Gap
RUN_134,TRIAD_045,A15_GroupDiverse-Gap_B3000,R1,1343723075,963122165,1140,Det/images/normal_train/00268546.png,0,03,easy_clean,0.0061000022,1.0,0.0099152203,normal_replay,GroupDiverse-Gap
RUN_134,TRIAD_045,A15_GroupDiverse-Gap_B3000,R1,1343723075,963122165,1141,Det/images/normal_train/00845573.png,0,04,easy_clean,0.0130412419,1.0,0.0298628971,normal_replay,GroupDiverse-Gap
RUN_134,TRIAD_045,A15_GroupDiverse-Gap_B3000,R1,1343723075,963122165,1142,Det/images/normal_train/00328432.png,0,07,easy_clean,0.0013255338,1.0,0.0035301581,normal_replay,GroupDiverse-Gap
RUN_134,TRIAD_045,A15_GroupDiverse-Gap_B3000,R1,1343723075,963122165,1143,Det/images/normal_train/00957999.png,0,02,easy_clean,0.0108463774,1.0,0.0182134526,normal_replay,GroupDiverse-Gap
RUN_134,TRIAD_045,A15_GroupDiverse-Gap_B3000,R1,1343723075,963122165,1144,Det/images/normal_train/00367647.png,0,04,easy_clean,0.0031152534,1.0,0.0030250011,normal_replay,GroupDiverse-Gap
RUN_134,TRIAD_045,A15_GroupDiverse-Gap_B3000,R1,1343723075,963122165,1145,Det/images/normal_train/00396919.png,0,05,easy_clean,0.0045281471,1.0,0.0054461794,normal_replay,GroupDiverse-Gap
RUN_134,TRIAD_045,A15_GroupDiverse-Gap_B3000,R1,1343723075,963122165,1146,Det/images/normal_train/00952045.png,0,09,learnable_hard,0.0851023469,0.99,0.076839834,normal_replay,GroupDiverse-Gap
RUN_134,TRIAD_045,A15_GroupDiverse-Gap_B3000,R1,1343723075,963122165,1147,Det/images/normal_train/00581317.png,0,02,easy_clean,0.0063490822,1.0,0.0135790722,normal_replay,GroupDiverse-Gap
RUN_134,TRIAD_045,A15_GroupDiverse-Gap_B3000,R1,1343723075,963122165,1148,Det/images/normal_train/00950687.png,0,01,learnable_hard,0.2184982528,0.975,0.17455284,normal_replay,GroupDiverse-Gap
RUN_134,TRIAD_045,A15_GroupDiverse-Gap_B3000,R1,1343723075,963122165,1149,Det/images/normal_train/00469804.png,0,01,easy_clean,0.0077177565,1.0,0.0156735897,normal_replay,GroupDiverse-Gap
RUN_134,TRIAD_045,A15_GroupDiverse-Gap_B3000,R1,1343723075,963122165,1150,Det/images/normal_train/00212925.png,0,05,easy_clean,0.0062998624,1.0,0.0085549938,normal_replay,GroupDiverse-Gap
RUN_134,TRIAD_045,A15_GroupDiverse-Gap_B3000,R1,1343723075,963122165,1151,Det/images/normal_train/00246243.png,0,08,easy_clean,0.0014467017,1.0,0.0021686148,normal_replay,GroupDiverse-Gap
RUN_134,TRIAD_045,A15_GroupDiverse-Gap_B3000,R1,1343723075,963122165,1152,Det/images/normal_train/00348125.png,0,03,easy_clean,0.005431923,1.0,0.0313582209,normal_replay,GroupDiverse-Gap
RUN_134,TRIAD_045,A15_GroupDiverse-Gap_B3000,R1,1343723075,963122165,1153,Det/images/normal_train/01287870.png,0,06,ordinary,0.1919940002,1.0,0.1101356684,normal_replay,GroupDiverse-Gap
RUN_134,TRIAD_045,A15_GroupDiverse-Gap_B3000,R1,1343723075,963122165,1154,Det/images/normal_train/00259603.png,0,08,easy_clean,0.0577834661,1.0,0.065402908,normal_replay,GroupDiverse-Gap
RUN_134,TRIAD_045,A15_GroupDiverse-Gap_B3000,R1,1343723075,963122165,1155,Det/images/normal_train/00995416.png,0,05,easy_clean,0.0682437314,0.99,0.0708910773,normal_replay,GroupDiverse-Gap
RUN_134,TRIAD_045,A15_GroupDiverse-Gap_B3000,R1,1343723075,963122165,1156,Det/images/normal_train/00207263.png,0,01,unstable_boundary,0.5026246452,0.465,0.0909247892,normal_replay,GroupDiverse-Gap
RUN_134,TRIAD_045,A15_GroupDiverse-Gap_B3000,R1,1343723075,963122165,1157,Det/images/normal_train/00365955.png,0,00,easy_clean,0.002434348,1.0,0.0033424198,normal_replay,GroupDiverse-Gap
RUN_134,TRIAD_045,A15_GroupDiverse-Gap_B3000,R1,1343723075,963122165,1158,Det/images/normal_train/01012959.png,0,00,learnable_hard,0.2511723723,0.795,0.2233009622,normal_replay,GroupDiverse-Gap
RUN_134,TRIAD_045,A15_GroupDiverse-Gap_B3000,R1,1343723075,963122165,1159,Det/images/normal_train/00798478.png,0,03,learnable_hard,0.0457505747,0.995,0.0641852139,normal_replay,GroupDiverse-Gap
RUN_134,TRIAD_045,A15_GroupDiverse-Gap_B3000,R1,1343723075,963122165,1160,Det/images/normal_train/01214972.png,0,00,easy_clean,0.0046138241,1.0,0.0054507385,normal_replay,GroupDiverse-Gap
RUN_134,TRIAD_045,A15_GroupDiverse-Gap_B3000,R1,1343723075,963122165,1161,Det/images/normal_train/00944305.png,0,05,easy_clean,0.0228814322,1.0,0.0294313185,normal_replay,GroupDiverse-Gap
RUN_134,TRIAD_045,A15_GroupDiverse-Gap_B3000,R1,1343723075,963122165,1162,Det/images/normal_train/00376280.png,0,00,easy_clean,0.0118655553,1.0,0.0219952764,normal_replay,GroupDiverse-Gap
RUN_134,TRIAD_045,A15_GroupDiverse-Gap_B3000,R1,1343723075,963122165,1163,Det/images/normal_train/00526392.png,0,01,easy_clean,0.0451204062,1.0,0.0428260428,normal_replay,GroupDiverse-Gap
RUN_134,TRIAD_045,A15_GroupDiverse-Gap_B3000,R1,1343723075,963122165,1164,Det/images/normal_train/00511623.png,0,02,learnable_hard,0.601840638,0.245,0.1436854448,normal_replay,GroupDiverse-Gap
RUN_134,TRIAD_045,A15_GroupDiverse-Gap_B3000,R1,1343723075,963122165,1165,Det/images/normal_train/00579708.png,0,05,easy_clean,0.0280346064,1.0,0.0326419375,normal_replay,GroupDiverse-Gap
RUN_134,TRIAD_045,A15_GroupDiverse-Gap_B3000,R1,1343723075,963122165,1166,Det/images/normal_train/01052192.png,0,01,easy_clean,0.0112624033,1.0,0.0113366484,normal_replay,GroupDiverse-Gap
RUN_134,TRIAD_045,A15_GroupDiverse-Gap_B3000,R1,1343723075,963122165,1167,Det/images/normal_train/00323351.png,0,06,learnable_hard,0.0168098328,0.995,0.0568243756,normal_replay,GroupDiverse-Gap
RUN_134,TRIAD_045,A15_GroupDiverse-Gap_B3000,R1,1343723075,963122165,1168,Det/images/normal_train/00529971.png,0,03,easy_clean,0.0017709276,1.0,0.0030222441,normal_replay,GroupDiverse-Gap
RUN_134,TRIAD_045,A15_GroupDiverse-Gap_B3000,R1,1343723075,963122165,1169,Det/images/normal_train/00316482.png,0,01,easy_clean,0.0148085519,1.0,0.0135752689,normal_replay,GroupDiverse-Gap
RUN_134,TRIAD_045,A15_GroupDiverse-Gap_B3000,R1,1343723075,963122165,1170,Det/images/normal_train/00794233.png,0,08,learnable_hard,0.1187485574,0.975,0.133238385,normal_replay,GroupDiverse-Gap
RUN_134,TRIAD_045,A15_GroupDiverse-Gap_B3000,R1,1343723075,963122165,1171,Det/images/normal_train/01251789.png,0,04,learnable_hard,0.2043987803,0.975,0.1165865375,normal_replay,GroupDiverse-Gap
RUN_134,TRIAD_045,A15_GroupDiverse-Gap_B3000,R1,1343723075,963122165,1172,Det/images/normal_train/00904616.png,0,06,easy_clean,0.0073118504,1.0,0.0114513624,normal_replay,GroupDiverse-Gap
RUN_134,TRIAD_045,A15_GroupDiverse-Gap_B3000,R1,1343723075,963122165,1173,Det/images/normal_train/00682928.png,0,00,ordinary,0.2684323484,0.88,0.1923357044,normal_replay,GroupDiverse-Gap
RUN_134,TRIAD_045,A15_GroupDiverse-Gap_B3000,R1,1343723075,963122165,1174,Det/images/normal_train/00520883.png,0,06,easy_clean,0.0030642223,1.0,0.0118607998,normal_replay,GroupDiverse-Gap
RUN_134,TRIAD_045,A15_GroupDiverse-Gap_B3000,R1,1343723075,963122165,1175,Det/images/normal_train/00931814.png,0,02,easy_clean,0.0339631853,1.0,0.0314781536,normal_replay,GroupDiverse-Gap
RUN_134,TRIAD_045,A15_GroupDiverse-Gap_B3000,R1,1343723075,963122165,1176,Det/images/normal_train/01277469.png,0,07,ordinary,0.1208130791,1.0,0.0557731581,normal_replay,GroupDiverse-Gap
RUN_134,TRIAD_045,A15_GroupDiverse-Gap_B3000,R1,1343723075,963122165,1177,Det/images/normal_train/00223971.png,0,06,easy_clean,0.0044909226,1.0,0.0059987895,normal_replay,GroupDiverse-Gap
RUN_134,TRIAD_045,A15_GroupDiverse-Gap_B3000,R1,1343723075,963122165,1178,Det/images/normal_train/00399427.png,0,08,learnable_hard,0.2636599936,0.93,0.1418741601,normal_replay,GroupDiverse-Gap
RUN_134,TRIAD_045,A15_GroupDiverse-Gap_B3000,R1,1343723075,963122165,1179,Det/images/normal_train/00919577.png,0,04,easy_clean,0.0383334908,1.0,0.0358195031,normal_replay,GroupDiverse-Gap
RUN_134,TRIAD_045,A15_GroupDiverse-Gap_B3000,R1,1343723075,963122165,1180,Det/images/normal_train/01259883.png,0,06,easy_clean,0.0250276278,1.0,0.0256496134,normal_replay,GroupDiverse-Gap
RUN_134,TRIAD_045,A15_GroupDiverse-Gap_B3000,R1,1343723075,963122165,1181,Det/images/normal_train/01186457.png,0,09,learnable_hard,0.3522449037,0.69,0.1721090614,normal_replay,GroupDiverse-Gap
RUN_134,TRIAD_045,A15_GroupDiverse-Gap_B3000,R1,1343723075,963122165,1182,Det/images/normal_train/00822349.png,0,08,easy_clean,0.0007592477,1.0,0.0012677634,normal_replay,GroupDiverse-Gap
RUN_134,TRIAD_045,A15_GroupDiverse-Gap_B3000,R1,1343723075,963122165,1183,Det/images/normal_train/00246131.png,0,08,easy_clean,0.0048295863,1.0,0.0097979739,normal_replay,GroupDiverse-Gap
RUN_134,TRIAD_045,A15_GroupDiverse-Gap_B3000,R1,1343723075,963122165,1184,Det/images/normal_train/00324089.png,0,00,easy_clean,0.0107454098,1.0,0.0145632747,normal_replay,GroupDiverse-Gap
RUN_134,TRIAD_045,A15_GroupDiverse-Gap_B3000,R1,1343723075,963122165,1185,Det/images/normal_train/00324216.png,0,00,easy_clean,0.0018351238,1.0,0.0028430811,normal_replay,GroupDiverse-Gap
RUN_134,TRIAD_045,A15_GroupDiverse-Gap_B3000,R1,1343723075,963122165,1186,Det/images/normal_train/01091861.png,0,02,ordinary,0.1182347804,1.0,0.0805721127,normal_replay,GroupDiverse-Gap
RUN_134,TRIAD_045,A15_GroupDiverse-Gap_B3000,R1,1343723075,963122165,1187,Det/images/normal_train/01081174.png,0,04,easy_clean,0.0406466233,1.0,0.038790752,normal_replay,GroupDiverse-Gap
RUN_134,TRIAD_045,A15_GroupDiverse-Gap_B3000,R1,1343723075,963122165,1188,Det/images/normal_train/01072940.png,0,03,easy_clean,0.0063935284,1.0,0.0125068528,normal_replay,GroupDiverse-Gap
RUN_134,TRIAD_045,A15_GroupDiverse-Gap_B3000,R1,1343723075,963122165,1189,Det/images/normal_train/00955919.png,0,02,easy_clean,0.0509154482,1.0,0.0838671401,normal_replay,GroupDiverse-Gap
RUN_134,TRIAD_045,A15_GroupDiverse-Gap_B3000,R1,1343723075,963122165,1190,Det/images/normal_train/00534316.png,0,03,easy_clean,0.0053439944,1.0,0.0067650548,normal_replay,GroupDiverse-Gap
RUN_134,TRIAD_045,A15_GroupDiverse-Gap_B3000,R1,1343723075,963122165,1191,Det/images/normal_train/00865163.png,0,05,easy_clean,0.0608879272,1.0,0.0380261377,normal_replay,GroupDiverse-Gap
RUN_134,TRIAD_045,A15_GroupDiverse-Gap_B3000,R1,1343723075,963122165,1192,Det/images/normal_train/00410777.png,0,00,easy_clean,0.0303992821,1.0,0.0433588117,normal_replay,GroupDiverse-Gap
RUN_134,TRIAD_045,A15_GroupDiverse-Gap_B3000,R1,1343723075,963122165,1193,Det/images/normal_train/01213902.png,0,03,easy_clean,0.0548653612,1.0,0.0266231306,normal_replay,GroupDiverse-Gap
RUN_134,TRIAD_045,A15_GroupDiverse-Gap_B3000,R1,1343723075,963122165,1194,Det/images/normal_train/01028269.png,0,06,easy_clean,0.0103760236,1.0,0.0410449216,normal_replay,GroupDiverse-Gap
RUN_134,TRIAD_045,A15_GroupDiverse-Gap_B3000,R1,1343723075,963122165,1195,Det/images/normal_train/01208654.png,0,04,easy_clean,0.0165899906,1.0,0.0154367594,normal_replay,GroupDiverse-Gap
RUN_134,TRIAD_045,A15_GroupDiverse-Gap_B3000,R1,1343723075,963122165,1196,Det/images/normal_train/01214825.png,0,00,easy_clean,0.0093465637,1.0,0.0124801758,normal_replay,GroupDiverse-Gap
RUN_134,TRIAD_045,A15_GroupDiverse-Gap_B3000,R1,1343723075,963122165,1197,Det/images/normal_train/01204512.png,0,09,easy_clean,0.0622547005,1.0,0.0666617033,normal_replay,GroupDiverse-Gap
RUN_134,TRIAD_045,A15_GroupDiverse-Gap_B3000,R1,1343723075,963122165,1198,Det/images/normal_train/00972459.png,0,03,easy_clean,0.000855105,1.0,0.0029500513,normal_replay,GroupDiverse-Gap
RUN_134,TRIAD_045,A15_GroupDiverse-Gap_B3000,R1,1343723075,963122165,1199,Det/images/normal_train/01202330.png,0,08,easy_clean,0.0135423653,1.0,0.0165917673,normal_replay,GroupDiverse-Gap
RUN_134,TRIAD_045,A15_GroupDiverse-Gap_B3000,R1,1343723075,963122165,1200,Det/images/normal_train/00542448.png,0,04,easy_clean,0.0108197163,1.0,0.0296431308,normal_replay,GroupDiverse-Gap
RUN_134,TRIAD_045,A15_GroupDiverse-Gap_B3000,R1,1343723075,963122165,1201,Det/images/normal_train/00449043.png,0,03,easy_clean,0.0211701232,1.0,0.0148374424,normal_replay,GroupDiverse-Gap
RUN_134,TRIAD_045,A15_GroupDiverse-Gap_B3000,R1,1343723075,963122165,1202,Det/images/normal_train/01142915.png,0,07,easy_clean,0.0048587225,1.0,0.0054176606,normal_replay,GroupDiverse-Gap
RUN_134,TRIAD_045,A15_GroupDiverse-Gap_B3000,R1,1343723075,963122165,1203,Det/images/normal_train/00274285.png,0,05,easy_clean,0.0752861466,1.0,0.0750171592,normal_replay,GroupDiverse-Gap
RUN_134,TRIAD_045,A15_GroupDiverse-Gap_B3000,R1,1343723075,963122165,1204,Det/images/normal_train/00660244.png,0,00,learnable_hard,0.1088204346,0.995,0.1069296312,normal_replay,GroupDiverse-Gap
RUN_134,TRIAD_045,A15_GroupDiverse-Gap_B3000,R1,1343723075,963122165,1205,Det/images/normal_train/00677788.png,0,01,learnable_hard,0.0291213766,0.995,0.0638718817,normal_replay,GroupDiverse-Gap
RUN_134,TRIAD_045,A15_GroupDiverse-Gap_B3000,R1,1343723075,963122165,1206,Det/images/normal_train/00935773.png,0,09,easy_clean,0.0100034887,1.0,0.021443637,normal_replay,GroupDiverse-Gap
RUN_134,TRIAD_045,A15_GroupDiverse-Gap_B3000,R1,1343723075,963122165,1207,Det/images/normal_train/01220074.png,0,01,easy_clean,0.0291279593,1.0,0.0350868259,normal_replay,GroupDiverse-Gap
RUN_134,TRIAD_045,A15_GroupDiverse-Gap_B3000,R1,1343723075,963122165,1208,Det/images/normal_train/00585124.png,0,05,easy_clean,0.0010675363,1.0,0.0012150829,normal_replay,GroupDiverse-Gap
RUN_134,TRIAD_045,A15_GroupDiverse-Gap_B3000,R1,1343723075,963122165,1209,Det/images/normal_train/00882605.png,0,03,ordinary,0.0975231443,1.0,0.071630447,normal_replay,GroupDiverse-Gap
RUN_134,TRIAD_045,A15_GroupDiverse-Gap_B3000,R1,1343723075,963122165,1210,Det/images/normal_train/01234480.png,0,08,easy_clean,0.0109637298,1.0,0.0167872307,normal_replay,GroupDiverse-Gap
RUN_134,TRIAD_045,A15_GroupDiverse-Gap_B3000,R1,1343723075,963122165,1211,Det/images/normal_train/00429253.png,0,01,easy_clean,0.0086229276,1.0,0.011991335,normal_replay,GroupDiverse-Gap
RUN_134,TRIAD_045,A15_GroupDiverse-Gap_B3000,R1,1343723075,963122165,1212,Det/images/normal_train/00607989.png,0,09,easy_clean,0.0077493163,1.0,0.0109579006,normal_replay,GroupDiverse-Gap
RUN_134,TRIAD_045,A15_GroupDiverse-Gap_B3000,R1,1343723075,963122165,1213,Det/images/normal_train/00538901.png,0,09,easy_clean,0.068123281,1.0,0.0787274598,normal_replay,GroupDiverse-Gap
RUN_134,TRIAD_045,A15_GroupDiverse-Gap_B3000,R1,1343723075,963122165,1214,Det/images/normal_train/00858059.png,0,01,easy_clean,0.0021048673,1.0,0.0083057029,normal_replay,GroupDiverse-Gap
RUN_134,TRIAD_045,A15_GroupDiverse-Gap_B3000,R1,1343723075,963122165,1215,Det/images/normal_train/00877642.png,0,04,easy_clean,0.0042573221,1.0,0.0060441596,normal_replay,GroupDiverse-Gap
RUN_134,TRIAD_045,A15_GroupDiverse-Gap_B3000,R1,1343723075,963122165,1216,Det/images/normal_train/00932246.png,0,07,ordinary,0.0916826246,1.0,0.0922111952,normal_replay,GroupDiverse-Gap
RUN_134,TRIAD_045,A15_GroupDiverse-Gap_B3000,R1,1343723075,963122165,1217,Det/images/normal_train/00471484.png,0,00,easy_clean,0.0350603952,1.0,0.0445714506,normal_replay,GroupDiverse-Gap
RUN_134,TRIAD_045,A15_GroupDiverse-Gap_B3000,R1,1343723075,963122165,1218,Det/images/normal_train/00178103.png,0,02,learnable_hard,0.0531602289,0.995,0.0612959456,normal_replay,GroupDiverse-Gap
RUN_134,TRIAD_045,A15_GroupDiverse-Gap_B3000,R1,1343723075,963122165,1219,Det/images/normal_train/00225304.png,0,01,easy_clean,0.0050154307,1.0,0.0060562073,normal_replay,GroupDiverse-Gap
RUN_134,TRIAD_045,A15_GroupDiverse-Gap_B3000,R1,1343723075,963122165,1220,Det/images/normal_train/00357643.png,0,09,learnable_hard,0.1964782505,0.995,0.1065062373,normal_replay,GroupDiverse-Gap
RUN_134,TRIAD_045,A15_GroupDiverse-Gap_B3000,R1,1343723075,963122165,1221,Det/images/normal_train/00616427.png,0,00,easy_clean,0.0590308156,1.0,0.0379799649,normal_replay,GroupDiverse-Gap
RUN_134,TRIAD_045,A15_GroupDiverse-Gap_B3000,R1,1343723075,963122165,1222,Det/images/normal_train/00952456.png,0,09,easy_clean,0.0627914882,1.0,0.078139047,normal_replay,GroupDiverse-Gap
RUN_134,TRIAD_045,A15_GroupDiverse-Gap_B3000,R1,1343723075,963122165,1223,Det/images/normal_train/00522192.png,0,07,easy_clean,0.0007899516,1.0,0.0011262419,normal_replay,GroupDiverse-Gap
RUN_134,TRIAD_045,A15_GroupDiverse-Gap_B3000,R1,1343723075,963122165,1224,Det/images/normal_train/00668125.png,0,04,easy_clean,0.0037180301,1.0,0.0124860169,normal_replay,GroupDiverse-Gap
RUN_134,TRIAD_045,A15_GroupDiverse-Gap_B3000,R1,1343723075,963122165,1225,Det/images/normal_train/00935126.png,0,09,easy_clean,0.0419802452,1.0,0.0451334446,normal_replay,GroupDiverse-Gap
RUN_134,TRIAD_045,A15_GroupDiverse-Gap_B3000,R1,1343723075,963122165,1226,Det/images/normal_train/01265930.png,0,08,ordinary,0.1030228901,1.0,0.0547871372,normal_replay,GroupDiverse-Gap
RUN_134,TRIAD_045,A15_GroupDiverse-Gap_B3000,R1,1343723075,963122165,1227,Det/images/normal_train/00885124.png,0,04,easy_clean,0.0018965585,1.0,0.0091976151,normal_replay,GroupDiverse-Gap
RUN_134,TRIAD_045,A15_GroupDiverse-Gap_B3000,R1,1343723075,963122165,1228,Det/images/normal_train/00952608.png,0,09,unstable_boundary,0.5212570196,0.385,0.1508189416,normal_replay,GroupDiverse-Gap
RUN_134,TRIAD_045,A15_GroupDiverse-Gap_B3000,R1,1343723075,963122165,1229,Det/images/normal_train/00545810.png,0,07,easy_clean,0.004826098,1.0,0.006566234,normal_replay,GroupDiverse-Gap
RUN_134,TRIAD_045,A15_GroupDiverse-Gap_B3000,R1,1343723075,963122165,1230,Det/images/normal_train/00995292.png,0,05,easy_clean,0.005841569,1.0,0.0072635542,normal_replay,GroupDiverse-Gap
RUN_134,TRIAD_045,A15_GroupDiverse-Gap_B3000,R1,1343723075,963122165,1231,Det/images/normal_train/00597521.png,0,03,ordinary,0.4582711526,0.71,0.1840107375,normal_replay,GroupDiverse-Gap
RUN_134,TRIAD_045,A15_GroupDiverse-Gap_B3000,R1,1343723075,963122165,1232,Det/images/normal_train/00234625.png,0,06,easy_clean,0.0011841814,1.0,0.001782994,normal_replay,GroupDiverse-Gap
RUN_134,TRIAD_045,A15_GroupDiverse-Gap_B3000,R1,1343723075,963122165,1233,Det/images/normal_train/01078215.png,0,06,unstable_boundary,0.4255618802,0.685,0.1304407452,normal_replay,GroupDiverse-Gap
RUN_134,TRIAD_045,A15_GroupDiverse-Gap_B3000,R1,1343723075,963122165,1234,Det/images/normal_train/00412554.png,0,06,easy_clean,0.0002377573,1.0,0.0003763149,normal_replay,GroupDiverse-Gap
RUN_134,TRIAD_045,A15_GroupDiverse-Gap_B3000,R1,1343723075,963122165,1235,Det/images/normal_train/00884111.png,0,09,easy_clean,0.0100652534,1.0,0.0109622557,normal_replay,GroupDiverse-Gap
RUN_134,TRIAD_045,A15_GroupDiverse-Gap_B3000,R1,1343723075,963122165,1236,Det/images/normal_train/00184768.png,0,05,easy_clean,0.0075465821,1.0,0.0097662034,normal_replay,GroupDiverse-Gap
RUN_134,TRIAD_045,A15_GroupDiverse-Gap_B3000,R1,1343723075,963122165,1237,Det/images/normal_train/00413688.png,0,08,easy_clean,0.0171440085,1.0,0.0198241508,normal_replay,GroupDiverse-Gap
RUN_134,TRIAD_045,A15_GroupDiverse-Gap_B3000,R1,1343723075,963122165,1238,Det/images/normal_train/00938774.png,0,08,easy_clean,0.0133524269,1.0,0.0163018768,normal_replay,GroupDiverse-Gap
RUN_134,TRIAD_045,A15_GroupDiverse-Gap_B3000,R1,1343723075,963122165,1239,Det/images/normal_train/00845504.png,0,04,easy_clean,0.0035447187,1.0,0.0036764506,normal_replay,GroupDiverse-Gap
RUN_134,TRIAD_045,A15_GroupDiverse-Gap_B3000,R1,1343723075,963122165,1240,Det/images/normal_train/00290947.png,0,00,easy_clean,0.0172800216,1.0,0.026328216,normal_replay,GroupDiverse-Gap
RUN_134,TRIAD_045,A15_GroupDiverse-Gap_B3000,R1,1343723075,963122165,1241,Det/images/normal_train/00493478.png,0,03,easy_clean,0.0042403069,1.0,0.015432757,normal_replay,GroupDiverse-Gap
RUN_134,TRIAD_045,A15_GroupDiverse-Gap_B3000,R1,1343723075,963122165,1242,Det/images/normal_train/00511392.png,0,02,learnable_hard,0.0571335466,0.985,0.108122938,normal_replay,GroupDiverse-Gap
RUN_134,TRIAD_045,A15_GroupDiverse-Gap_B3000,R1,1343723075,963122165,1243,Det/images/normal_train/00579874.png,0,05,easy_clean,0.0007601925,1.0,0.0029918427,normal_replay,GroupDiverse-Gap
RUN_134,TRIAD_045,A15_GroupDiverse-Gap_B3000,R1,1343723075,963122165,1244,Det/images/normal_train/01165499.png,0,06,ordinary,0.0984101567,1.0,0.0837453509,normal_replay,GroupDiverse-Gap
RUN_134,TRIAD_045,A15_GroupDiverse-Gap_B3000,R1,1343723075,963122165,1245,Det/images/normal_train/00188599.png,0,06,unstable_boundary,0.3704826237,0.94,0.0869615857,normal_replay,GroupDiverse-Gap
RUN_134,TRIAD_045,A15_GroupDiverse-Gap_B3000,R1,1343723075,963122165,1246,Det/images/normal_train/00147964.png,0,08,easy_clean,0.021210525,1.0,0.0287096028,normal_replay,GroupDiverse-Gap
RUN_134,TRIAD_045,A15_GroupDiverse-Gap_B3000,R1,1343723075,963122165,1247,Det/images/normal_train/00582633.png,0,03,easy_clean,0.0067577798,1.0,0.0340650208,normal_replay,GroupDiverse-Gap
RUN_134,TRIAD_045,A15_GroupDiverse-Gap_B3000,R1,1343723075,963122165,1248,Det/images/normal_train/00671841.png,0,00,learnable_hard,0.0098395289,0.995,0.0687532489,normal_replay,GroupDiverse-Gap
RUN_134,TRIAD_045,A15_GroupDiverse-Gap_B3000,R1,1343723075,963122165,1249,Det/images/normal_train/00617844.png,0,05,easy_clean,0.0103300254,1.0,0.0231193125,normal_replay,GroupDiverse-Gap
RUN_134,TRIAD_045,A15_GroupDiverse-Gap_B3000,R1,1343723075,963122165,1250,Det/images/normal_train/00727970.png,0,04,easy_clean,0.0036973375,1.0,0.0060746598,normal_replay,GroupDiverse-Gap
RUN_134,TRIAD_045,A15_GroupDiverse-Gap_B3000,R1,1343723075,963122165,1251,Det/images/normal_train/00828878.png,0,08,easy_clean,0.0036300164,1.0,0.0048074004,normal_replay,GroupDiverse-Gap
RUN_134,TRIAD_045,A15_GroupDiverse-Gap_B3000,R1,1343723075,963122165,1252,Det/images/normal_train/00944301.png,0,05,easy_clean,0.018825856,1.0,0.0155152567,normal_replay,GroupDiverse-Gap
RUN_134,TRIAD_045,A15_GroupDiverse-Gap_B3000,R1,1343723075,963122165,1253,Det/images/normal_train/00784992.png,0,00,persistent_hard,0.643675849,0.33,0.2833611096,normal_replay,GroupDiverse-Gap
RUN_134,TRIAD_045,A15_GroupDiverse-Gap_B3000,R1,1343723075,963122165,1254,Det/images/normal_train/00359582.png,0,05,easy_clean,0.0037877169,1.0,0.007548309,normal_replay,GroupDiverse-Gap
RUN_134,TRIAD_045,A15_GroupDiverse-Gap_B3000,R1,1343723075,963122165,1255,Det/images/normal_train/00178149.png,0,02,easy_clean,0.0101042084,1.0,0.0210353222,normal_replay,GroupDiverse-Gap
RUN_134,TRIAD_045,A15_GroupDiverse-Gap_B3000,R1,1343723075,963122165,1256,Det/images/normal_train/01204745.png,0,09,learnable_hard,0.0575477079,0.995,0.0763881723,normal_replay,GroupDiverse-Gap
RUN_134,TRIAD_045,A15_GroupDiverse-Gap_B3000,R1,1343723075,963122165,1257,Det/images/normal_train/00905196.png,0,09,learnable_hard,0.0318458414,0.995,0.0564280294,normal_replay,GroupDiverse-Gap
RUN_134,TRIAD_045,A15_GroupDiverse-Gap_B3000,R1,1343723075,963122165,1258,Det/images/normal_train/00844271.png,0,00,easy_clean,0.0005179484,1.0,0.0009662587,normal_replay,GroupDiverse-Gap
RUN_134,TRIAD_045,A15_GroupDiverse-Gap_B3000,R1,1343723075,963122165,1259,Det/images/normal_train/01183990.png,0,04,easy_clean,0.092253053,1.0,0.0498025161,normal_replay,GroupDiverse-Gap
RUN_134,TRIAD_045,A15_GroupDiverse-Gap_B3000,R1,1343723075,963122165,1260,Det/images/normal_train/01127785.png,0,06,ordinary,0.1184730884,1.0,0.0997778593,normal_replay,GroupDiverse-Gap
RUN_134,TRIAD_045,A15_GroupDiverse-Gap_B3000,R1,1343723075,963122165,1261,Det/images/normal_train/00462755.png,0,03,easy_clean,0.0240016339,0.99,0.0760025334,normal_replay,GroupDiverse-Gap
RUN_134,TRIAD_045,A15_GroupDiverse-Gap_B3000,R1,1343723075,963122165,1262,Det/images/normal_train/00310816.png,0,05,easy_clean,0.0042773495,1.0,0.0101562768,normal_replay,GroupDiverse-Gap
RUN_134,TRIAD_045,A15_GroupDiverse-Gap_B3000,R1,1343723075,963122165,1263,Det/images/normal_train/00289835.png,0,07,easy_clean,0.0059906276,1.0,0.0089676011,normal_replay,GroupDiverse-Gap
RUN_134,TRIAD_045,A15_GroupDiverse-Gap_B3000,R1,1343723075,963122165,1264,Det/images/normal_train/00696764.png,0,03,persistent_hard,0.7459871208,0.3,0.2577680028,normal_replay,GroupDiverse-Gap
RUN_134,TRIAD_045,A15_GroupDiverse-Gap_B3000,R1,1343723075,963122165,1265,Det/images/normal_train/01212283.png,0,02,easy_clean,0.0086795385,1.0,0.0152966985,normal_replay,GroupDiverse-Gap
RUN_134,TRIAD_045,A15_GroupDiverse-Gap_B3000,R1,1343723075,963122165,1266,Det/images/normal_train/01099755.png,0,03,easy_clean,0.0443598285,1.0,0.0441648213,normal_replay,GroupDiverse-Gap
RUN_134,TRIAD_045,A15_GroupDiverse-Gap_B3000,R1,1343723075,963122165,1267,Det/images/normal_train/00994521.png,0,04,easy_clean,0.0625683928,1.0,0.0469948726,normal_replay,GroupDiverse-Gap
RUN_134,TRIAD_045,A15_GroupDiverse-Gap_B3000,R1,1343723075,963122165,1268,Det/images/normal_train/01231592.png,0,09,easy_clean,8.19536e-05,1.0,0.0001455959,normal_replay,GroupDiverse-Gap
RUN_134,TRIAD_045,A15_GroupDiverse-Gap_B3000,R1,1343723075,963122165,1269,Det/images/normal_train/00304571.png,0,06,easy_clean,0.0461248955,1.0,0.0458051961,normal_replay,GroupDiverse-Gap
RUN_134,TRIAD_045,A15_GroupDiverse-Gap_B3000,R1,1343723075,963122165,1270,Det/images/normal_train/01283567.png,0,06,easy_clean,0.0497382134,1.0,0.0569604991,normal_replay,GroupDiverse-Gap
RUN_134,TRIAD_045,A15_GroupDiverse-Gap_B3000,R1,1343723075,963122165,1271,Det/images/normal_train/00240448.png,0,07,easy_clean,0.0164421883,1.0,0.0188528861,normal_replay,GroupDiverse-Gap
RUN_134,TRIAD_045,A15_GroupDiverse-Gap_B3000,R1,1343723075,963122165,1272,Det/images/normal_train/00529621.png,0,03,easy_clean,0.0007413154,1.0,0.0038941344,normal_replay,GroupDiverse-Gap
RUN_134,TRIAD_045,A15_GroupDiverse-Gap_B3000,R1,1343723075,963122165,1273,Det/images/normal_train/00980386.png,0,01,easy_clean,0.0026198399,1.0,0.0040118366,normal_replay,GroupDiverse-Gap
RUN_134,TRIAD_045,A15_GroupDiverse-Gap_B3000,R1,1343723075,963122165,1274,Det/images/normal_train/00190839.png,0,09,easy_clean,0.0020819778,1.0,0.0103737944,normal_replay,GroupDiverse-Gap
RUN_134,TRIAD_045,A15_GroupDiverse-Gap_B3000,R1,1343723075,963122165,1275,Det/images/normal_train/00259172.png,0,08,easy_clean,0.0009135841,1.0,0.0026111558,normal_replay,GroupDiverse-Gap
RUN_134,TRIAD_045,A15_GroupDiverse-Gap_B3000,R1,1343723075,963122165,1276,Det/images/normal_train/00777934.png,0,08,easy_clean,0.0050300362,1.0,0.0083634393,normal_replay,GroupDiverse-Gap
RUN_134,TRIAD_045,A15_GroupDiverse-Gap_B3000,R1,1343723075,963122165,1277,Det/images/normal_train/00405056.png,0,05,easy_clean,0.0065949929,1.0,0.0042144833,normal_replay,GroupDiverse-Gap
RUN_134,TRIAD_045,A15_GroupDiverse-Gap_B3000,R1,1343723075,963122165,1278,Det/images/normal_train/01257946.png,0,07,easy_clean,0.0282946149,1.0,0.0217555127,normal_replay,GroupDiverse-Gap
RUN_134,TRIAD_045,A15_GroupDiverse-Gap_B3000,R1,1343723075,963122165,1279,Det/images/normal_train/00217319.png,0,07,easy_clean,0.0063004762,1.0,0.0128485364,normal_replay,GroupDiverse-Gap
RUN_134,TRIAD_045,A15_GroupDiverse-Gap_B3000,R1,1343723075,963122165,1280,Det/images/normal_train/00375141.png,0,04,unstable_boundary,0.449111295,0.67,0.1291214696,normal_replay,GroupDiverse-Gap
RUN_134,TRIAD_045,A15_GroupDiverse-Gap_B3000,R1,1343723075,963122165,1281,Det/images/normal_train/00566945.png,0,07,easy_clean,0.0300961531,1.0,0.0333478819,normal_replay,GroupDiverse-Gap
RUN_134,TRIAD_045,A15_GroupDiverse-Gap_B3000,R1,1343723075,963122165,1282,Det/images/normal_train/00563380.png,0,06,easy_clean,0.0180195765,1.0,0.0290487338,normal_replay,GroupDiverse-Gap
RUN_134,TRIAD_045,A15_GroupDiverse-Gap_B3000,R1,1343723075,963122165,1283,Det/images/normal_train/00799530.png,0,09,unstable_boundary,0.5154960623,0.44,0.121794588,normal_replay,GroupDiverse-Gap
RUN_134,TRIAD_045,A15_GroupDiverse-Gap_B3000,R1,1343723075,963122165,1284,Det/images/normal_train/01010975.png,0,00,easy_clean,0.0364092431,1.0,0.033731335,normal_replay,GroupDiverse-Gap
RUN_134,TRIAD_045,A15_GroupDiverse-Gap_B3000,R1,1343723075,963122165,1285,Det/images/normal_train/00931520.png,0,02,easy_clean,0.0011227185,1.0,0.0019296107,normal_replay,GroupDiverse-Gap
RUN_134,TRIAD_045,A15_GroupDiverse-Gap_B3000,R1,1343723075,963122165,1286,Det/images/normal_train/00886190.png,0,09,ordinary,0.1288221423,1.0,0.112568566,normal_replay,GroupDiverse-Gap
RUN_134,TRIAD_045,A15_GroupDiverse-Gap_B3000,R1,1343723075,963122165,1287,Det/images/normal_train/00186171.png,0,01,easy_clean,0.0874295423,1.0,0.105926962,normal_replay,GroupDiverse-Gap
RUN_134,TRIAD_045,A15_GroupDiverse-Gap_B3000,R1,1343723075,963122165,1288,Det/images/normal_train/01199740.png,0,03,learnable_hard,0.1095777735,0.995,0.067903287,normal_replay,GroupDiverse-Gap
RUN_134,TRIAD_045,A15_GroupDiverse-Gap_B3000,R1,1343723075,963122165,1289,Det/images/normal_train/01143618.png,0,08,ordinary,0.1155238588,1.0,0.097210527,normal_replay,GroupDiverse-Gap
RUN_134,TRIAD_045,A15_GroupDiverse-Gap_B3000,R1,1343723075,963122165,1290,Det/images/normal_train/00326661.png,0,09,easy_clean,0.0089345688,1.0,0.0100370322,normal_replay,GroupDiverse-Gap
RUN_134,TRIAD_045,A15_GroupDiverse-Gap_B3000,R1,1343723075,963122165,1291,Det/images/normal_train/00182380.png,0,08,learnable_hard,0.1278956151,0.99,0.1139735513,normal_replay,GroupDiverse-Gap
RUN_134,TRIAD_045,A15_GroupDiverse-Gap_B3000,R1,1343723075,963122165,1292,Det/images/normal_train/00811020.png,0,02,learnable_hard,0.246120919,0.99,0.0911824534,normal_replay,GroupDiverse-Gap
RUN_134,TRIAD_045,A15_GroupDiverse-Gap_B3000,R1,1343723075,963122165,1293,Det/images/normal_train/00839949.png,0,06,easy_clean,0.0015685891,1.0,0.0097999425,normal_replay,GroupDiverse-Gap
RUN_134,TRIAD_045,A15_GroupDiverse-Gap_B3000,R1,1343723075,963122165,1294,Det/images/normal_train/01032170.png,0,02,learnable_hard,0.1103169585,0.995,0.06826923,normal_replay,GroupDiverse-Gap
RUN_134,TRIAD_045,A15_GroupDiverse-Gap_B3000,R1,1343723075,963122165,1295,Det/images/normal_train/01091736.png,0,02,easy_clean,0.0253462968,1.0,0.0274052296,normal_replay,GroupDiverse-Gap
RUN_134,TRIAD_045,A15_GroupDiverse-Gap_B3000,R1,1343723075,963122165,1296,Det/images/normal_train/00356096.png,0,07,ordinary,0.5235261874,0.535,0.2477865312,normal_replay,GroupDiverse-Gap
RUN_134,TRIAD_045,A15_GroupDiverse-Gap_B3000,R1,1343723075,963122165,1297,Det/images/normal_train/00693154.png,0,03,easy_clean,0.0024305318,1.0,0.0070018683,normal_replay,GroupDiverse-Gap
RUN_134,TRIAD_045,A15_GroupDiverse-Gap_B3000,R1,1343723075,963122165,1298,Det/images/normal_train/00807004.png,0,08,easy_clean,0.0060382071,1.0,0.0167584492,normal_replay,GroupDiverse-Gap
RUN_134,TRIAD_045,A15_GroupDiverse-Gap_B3000,R1,1343723075,963122165,1299,Det/images/normal_train/00286352.png,0,06,easy_clean,0.0012049378,1.0,0.0017610168,normal_replay,GroupDiverse-Gap
RUN_134,TRIAD_045,A15_GroupDiverse-Gap_B3000,R1,1343723075,963122165,1300,Det/images/normal_train/00829843.png,0,09,easy_clean,0.0104565424,1.0,0.0406632108,normal_replay,GroupDiverse-Gap
RUN_134,TRIAD_045,A15_GroupDiverse-Gap_B3000,R1,1343723075,963122165,1301,Det/images/normal_train/00842645.png,0,06,easy_clean,0.0066549974,1.0,0.0147791037,normal_replay,GroupDiverse-Gap
RUN_134,TRIAD_045,A15_GroupDiverse-Gap_B3000,R1,1343723075,963122165,1302,Det/images/normal_train/01256864.png,0,02,easy_clean,0.0070830211,1.0,0.010785532,normal_replay,GroupDiverse-Gap
RUN_134,TRIAD_045,A15_GroupDiverse-Gap_B3000,R1,1343723075,963122165,1303,Det/images/normal_train/00908665.png,0,06,easy_clean,0.0066523399,1.0,0.0191785555,normal_replay,GroupDiverse-Gap
RUN_134,TRIAD_045,A15_GroupDiverse-Gap_B3000,R1,1343723075,963122165,1304,Det/images/normal_train/00999380.png,0,08,easy_clean,0.0048079014,1.0,0.0049391498,normal_replay,GroupDiverse-Gap
RUN_134,TRIAD_045,A15_GroupDiverse-Gap_B3000,R1,1343723075,963122165,1305,Det/images/normal_train/00961441.png,0,07,easy_clean,0.0192534169,1.0,0.0207933741,normal_replay,GroupDiverse-Gap
RUN_134,TRIAD_045,A15_GroupDiverse-Gap_B3000,R1,1343723075,963122165,1306,Det/images/normal_train/01259381.png,0,06,easy_clean,0.0115567131,1.0,0.0158940145,normal_replay,GroupDiverse-Gap
RUN_134,TRIAD_045,A15_GroupDiverse-Gap_B3000,R1,1343723075,963122165,1307,Det/images/normal_train/00959372.png,0,02,easy_clean,0.0426346344,1.0,0.0444452054,normal_replay,GroupDiverse-Gap
RUN_134,TRIAD_045,A15_GroupDiverse-Gap_B3000,R1,1343723075,963122165,1308,Det/images/normal_train/00492195.png,0,05,learnable_hard,0.1072552193,0.995,0.1039843323,normal_replay,GroupDiverse-Gap
RUN_134,TRIAD_045,A15_GroupDiverse-Gap_B3000,R1,1343723075,963122165,1309,Det/images/normal_train/00838269.png,0,05,easy_clean,0.0271220534,1.0,0.0322180501,normal_replay,GroupDiverse-Gap
RUN_134,TRIAD_045,A15_GroupDiverse-Gap_B3000,R1,1343723075,963122165,1310,Det/images/normal_train/01012646.png,0,00,easy_clean,0.0355296076,1.0,0.032002949,normal_replay,GroupDiverse-Gap
RUN_134,TRIAD_045,A15_GroupDiverse-Gap_B3000,R1,1343723075,963122165,1311,Det/images/normal_train/00773119.png,0,01,easy_clean,0.0171036694,1.0,0.0147852236,normal_replay,GroupDiverse-Gap
RUN_134,TRIAD_045,A15_GroupDiverse-Gap_B3000,R1,1343723075,963122165,1312,Det/images/normal_train/00375125.png,0,04,learnable_hard,0.3539964862,0.92,0.1276151985,normal_replay,GroupDiverse-Gap
RUN_134,TRIAD_045,A15_GroupDiverse-Gap_B3000,R1,1343723075,963122165,1313,Det/images/normal_train/01153204.png,0,02,easy_clean,0.0078122006,1.0,0.0075606815,normal_replay,GroupDiverse-Gap
RUN_134,TRIAD_045,A15_GroupDiverse-Gap_B3000,R1,1343723075,963122165,1314,Det/images/normal_train/00503368.png,0,03,easy_clean,0.0003233425,1.0,0.0017137054,normal_replay,GroupDiverse-Gap
RUN_134,TRIAD_045,A15_GroupDiverse-Gap_B3000,R1,1343723075,963122165,1315,Det/images/normal_train/00620806.png,0,06,easy_clean,0.0009527627,1.0,0.0011876659,normal_replay,GroupDiverse-Gap
RUN_134,TRIAD_045,A15_GroupDiverse-Gap_B3000,R1,1343723075,963122165,1316,Det/images/normal_train/00272313.png,0,00,easy_clean,9.00443e-05,1.0,0.0001582288,normal_replay,GroupDiverse-Gap
RUN_134,TRIAD_045,A15_GroupDiverse-Gap_B3000,R1,1343723075,963122165,1317,Det/images/normal_train/01068967.png,0,00,easy_clean,0.0527398047,1.0,0.029687497,normal_replay,GroupDiverse-Gap
RUN_134,TRIAD_045,A15_GroupDiverse-Gap_B3000,R1,1343723075,963122165,1318,Det/images/normal_train/00830016.png,0,06,easy_clean,0.01204462,1.0,0.0183142019,normal_replay,GroupDiverse-Gap
RUN_134,TRIAD_045,A15_GroupDiverse-Gap_B3000,R1,1343723075,963122165,1319,Det/images/normal_train/00743474.png,0,02,easy_clean,0.0188380803,1.0,0.0137947159,normal_replay,GroupDiverse-Gap
RUN_134,TRIAD_045,A15_GroupDiverse-Gap_B3000,R1,1343723075,963122165,1320,Det/images/normal_train/00417280.png,0,07,persistent_hard,0.5190419445,0.415,0.2153676935,normal_replay,GroupDiverse-Gap
RUN_134,TRIAD_045,A15_GroupDiverse-Gap_B3000,R1,1343723075,963122165,1321,Det/images/normal_train/00412505.png,0,06,easy_clean,0.0048810187,1.0,0.0084426536,normal_replay,GroupDiverse-Gap
RUN_134,TRIAD_045,A15_GroupDiverse-Gap_B3000,R1,1343723075,963122165,1322,Det/images/normal_train/01020717.png,0,02,learnable_hard,0.1853253409,0.985,0.1088266268,normal_replay,GroupDiverse-Gap
RUN_134,TRIAD_045,A15_GroupDiverse-Gap_B3000,R1,1343723075,963122165,1323,Det/images/normal_train/00382906.png,0,00,learnable_hard,0.4548846646,0.49,0.2552060117,normal_replay,GroupDiverse-Gap
RUN_134,TRIAD_045,A15_GroupDiverse-Gap_B3000,R1,1343723075,963122165,1324,Det/images/normal_train/00560837.png,0,01,easy_clean,0.001192044,1.0,0.0040566938,normal_replay,GroupDiverse-Gap
RUN_134,TRIAD_045,A15_GroupDiverse-Gap_B3000,R1,1343723075,963122165,1325,Det/images/normal_train/00630647.png,0,03,learnable_hard,0.254901764,0.89,0.182489964,normal_replay,GroupDiverse-Gap
RUN_134,TRIAD_045,A15_GroupDiverse-Gap_B3000,R1,1343723075,963122165,1326,Det/images/normal_train/01257402.png,0,07,ordinary,0.0976844467,1.0,0.0816928395,normal_replay,GroupDiverse-Gap
RUN_134,TRIAD_045,A15_GroupDiverse-Gap_B3000,R1,1343723075,963122165,1327,Det/images/normal_train/00460035.png,0,09,easy_clean,4.43946e-05,1.0,8.32449e-05,normal_replay,GroupDiverse-Gap
RUN_134,TRIAD_045,A15_GroupDiverse-Gap_B3000,R1,1343723075,963122165,1328,Det/images/normal_train/00210568.png,0,00,easy_clean,0.0004354635,1.0,0.0006642842,normal_replay,GroupDiverse-Gap
RUN_134,TRIAD_045,A15_GroupDiverse-Gap_B3000,R1,1343723075,963122165,1329,Det/images/normal_train/00482259.png,0,02,learnable_hard,0.0729080269,0.985,0.1134475331,normal_replay,GroupDiverse-Gap
RUN_134,TRIAD_045,A15_GroupDiverse-Gap_B3000,R1,1343723075,963122165,1330,Det/images/normal_train/00781625.png,0,02,easy_clean,0.0504108277,1.0,0.0415663904,normal_replay,GroupDiverse-Gap
RUN_134,TRIAD_045,A15_GroupDiverse-Gap_B3000,R1,1343723075,963122165,1331,Det/images/normal_train/00705807.png,0,04,easy_clean,0.0176950654,1.0,0.0211741854,normal_replay,GroupDiverse-Gap
RUN_134,TRIAD_045,A15_GroupDiverse-Gap_B3000,R1,1343723075,963122165,1332,Det/images/normal_train/01164003.png,0,08,easy_clean,0.0170851471,1.0,0.0161349324,normal_replay,GroupDiverse-Gap
RUN_134,TRIAD_045,A15_GroupDiverse-Gap_B3000,R1,1343723075,963122165,1333,Det/images/normal_train/00565307.png,0,04,easy_clean,0.0029296551,1.0,0.0029042764,normal_replay,GroupDiverse-Gap
RUN_134,TRIAD_045,A15_GroupDiverse-Gap_B3000,R1,1343723075,963122165,1334,Det/images/normal_train/00520950.png,0,06,easy_clean,0.0095383894,1.0,0.0108123935,normal_replay,GroupDiverse-Gap
RUN_134,TRIAD_045,A15_GroupDiverse-Gap_B3000,R1,1343723075,963122165,1335,Det/images/normal_train/00674840.png,0,05,learnable_hard,0.7284981523,0.05,0.0983172413,normal_replay,GroupDiverse-Gap
RUN_134,TRIAD_045,A15_GroupDiverse-Gap_B3000,R1,1343723075,963122165,1336,Det/images/normal_train/00379205.png,0,02,learnable_hard,0.0768681397,0.995,0.0751327234,normal_replay,GroupDiverse-Gap
RUN_134,TRIAD_045,A15_GroupDiverse-Gap_B3000,R1,1343723075,963122165,1337,Det/images/normal_train/01012967.png,0,00,easy_clean,0.0123712343,1.0,0.0148079768,normal_replay,GroupDiverse-Gap
RUN_134,TRIAD_045,A15_GroupDiverse-Gap_B3000,R1,1343723075,963122165,1338,Det/images/normal_train/01233146.png,0,09,easy_clean,0.0021410788,1.0,0.0030321535,normal_replay,GroupDiverse-Gap
RUN_134,TRIAD_045,A15_GroupDiverse-Gap_B3000,R1,1343723075,963122165,1339,Det/images/normal_train/01211370.png,0,04,easy_clean,0.0104293637,1.0,0.0093939258,normal_replay,GroupDiverse-Gap
RUN_134,TRIAD_045,A15_GroupDiverse-Gap_B3000,R1,1343723075,963122165,1340,Det/images/normal_train/00651813.png,0,02,learnable_hard,0.1001705505,0.985,0.1069576355,normal_replay,GroupDiverse-Gap
RUN_134,TRIAD_045,A15_GroupDiverse-Gap_B3000,R1,1343723075,963122165,1341,Det/images/normal_train/00778486.png,0,02,easy_clean,0.0012767002,1.0,0.0065711776,normal_replay,GroupDiverse-Gap
RUN_134,TRIAD_045,A15_GroupDiverse-Gap_B3000,R1,1343723075,963122165,1342,Det/images/normal_train/00506344.png,0,09,easy_clean,0.0247223661,1.0,0.0192572235,normal_replay,GroupDiverse-Gap
RUN_134,TRIAD_045,A15_GroupDiverse-Gap_B3000,R1,1343723075,963122165,1343,Det/images/normal_train/00366258.png,0,02,easy_clean,0.0126341248,1.0,0.0184727211,normal_replay,GroupDiverse-Gap
RUN_134,TRIAD_045,A15_GroupDiverse-Gap_B3000,R1,1343723075,963122165,1344,Det/images/normal_train/01112173.png,0,07,easy_clean,0.0840892751,0.995,0.0778939487,normal_replay,GroupDiverse-Gap
RUN_134,TRIAD_045,A15_GroupDiverse-Gap_B3000,R1,1343723075,963122165,1345,Det/images/normal_train/00331989.png,0,02,learnable_hard,0.0927030124,0.995,0.093552877,normal_replay,GroupDiverse-Gap
RUN_134,TRIAD_045,A15_GroupDiverse-Gap_B3000,R1,1343723075,963122165,1346,Det/images/normal_train/00604752.png,0,02,easy_clean,0.0028087329,1.0,0.0070080938,normal_replay,GroupDiverse-Gap
RUN_134,TRIAD_045,A15_GroupDiverse-Gap_B3000,R1,1343723075,963122165,1347,Det/images/normal_train/01008863.png,0,07,learnable_hard,0.1726827608,0.955,0.1579092748,normal_replay,GroupDiverse-Gap
RUN_134,TRIAD_045,A15_GroupDiverse-Gap_B3000,R1,1343723075,963122165,1348,Det/images/normal_train/01067319.png,0,09,easy_clean,0.0253800744,1.0,0.0253828612,normal_replay,GroupDiverse-Gap
RUN_134,TRIAD_045,A15_GroupDiverse-Gap_B3000,R1,1343723075,963122165,1349,Det/images/normal_train/00506743.png,0,09,easy_clean,0.0105949567,1.0,0.0186999877,normal_replay,GroupDiverse-Gap
RUN_134,TRIAD_045,A15_GroupDiverse-Gap_B3000,R1,1343723075,963122165,1350,Det/images/normal_train/00776849.png,0,06,easy_clean,0.0039721374,1.0,0.0161515258,normal_replay,GroupDiverse-Gap
RUN_134,TRIAD_045,A15_GroupDiverse-Gap_B3000,R1,1343723075,963122165,1351,Det/images/normal_train/00823525.png,0,02,easy_clean,0.0059151307,1.0,0.0231721638,normal_replay,GroupDiverse-Gap
RUN_134,TRIAD_045,A15_GroupDiverse-Gap_B3000,R1,1343723075,963122165,1352,Det/images/normal_train/00826791.png,0,03,easy_clean,0.0032362247,1.0,0.0083583968,normal_replay,GroupDiverse-Gap
RUN_134,TRIAD_045,A15_GroupDiverse-Gap_B3000,R1,1343723075,963122165,1353,Det/images/normal_train/00536348.png,0,02,easy_clean,0.000985925,1.0,0.0021993476,normal_replay,GroupDiverse-Gap
RUN_134,TRIAD_045,A15_GroupDiverse-Gap_B3000,R1,1343723075,963122165,1354,Det/images/normal_train/00263516.png,0,07,easy_clean,0.0017287352,1.0,0.0036595061,normal_replay,GroupDiverse-Gap
RUN_134,TRIAD_045,A15_GroupDiverse-Gap_B3000,R1,1343723075,963122165,1355,Det/images/normal_train/01220667.png,0,01,easy_clean,0.0267433931,1.0,0.0323390818,normal_replay,GroupDiverse-Gap
RUN_134,TRIAD_045,A15_GroupDiverse-Gap_B3000,R1,1343723075,963122165,1356,Det/images/normal_train/01013802.png,0,01,easy_clean,0.0004427175,1.0,0.0006921323,normal_replay,GroupDiverse-Gap
RUN_134,TRIAD_045,A15_GroupDiverse-Gap_B3000,R1,1343723075,963122165,1357,Det/images/normal_train/00714168.png,0,06,easy_clean,0.0080338442,1.0,0.0100116108,normal_replay,GroupDiverse-Gap
RUN_134,TRIAD_045,A15_GroupDiverse-Gap_B3000,R1,1343723075,963122165,1358,Det/images/normal_train/00950832.png,0,01,easy_clean,0.0012629313,1.0,0.00175187,normal_replay,GroupDiverse-Gap
RUN_134,TRIAD_045,A15_GroupDiverse-Gap_B3000,R1,1343723075,963122165,1359,Det/images/normal_train/00328424.png,0,07,easy_clean,0.0165145094,1.0,0.0496961052,normal_replay,GroupDiverse-Gap
RUN_134,TRIAD_045,A15_GroupDiverse-Gap_B3000,R1,1343723075,963122165,1360,Det/images/normal_train/01256781.png,0,02,easy_clean,0.0063891218,1.0,0.0163090958,normal_replay,GroupDiverse-Gap
RUN_134,TRIAD_045,A15_GroupDiverse-Gap_B3000,R1,1343723075,963122165,1361,Det/images/normal_train/00297906.png,0,08,easy_clean,0.0013742138,1.0,0.0017390942,normal_replay,GroupDiverse-Gap
RUN_134,TRIAD_045,A15_GroupDiverse-Gap_B3000,R1,1343723075,963122165,1362,Det/images/normal_train/00771477.png,0,03,easy_clean,0.0009068786,1.0,0.0016457996,normal_replay,GroupDiverse-Gap
RUN_134,TRIAD_045,A15_GroupDiverse-Gap_B3000,R1,1343723075,963122165,1363,Det/images/normal_train/00951959.png,0,08,easy_clean,0.0785744764,1.0,0.074382317,normal_replay,GroupDiverse-Gap
RUN_134,TRIAD_045,A15_GroupDiverse-Gap_B3000,R1,1343723075,963122165,1364,Det/images/normal_train/00219082.png,0,09,easy_clean,0.0008788326,1.0,0.0016514357,normal_replay,GroupDiverse-Gap
RUN_134,TRIAD_045,A15_GroupDiverse-Gap_B3000,R1,1343723075,963122165,1365,Det/images/normal_train/00813102.png,0,03,easy_clean,0.0027375648,1.0,0.0046580776,normal_replay,GroupDiverse-Gap
RUN_134,TRIAD_045,A15_GroupDiverse-Gap_B3000,R1,1343723075,963122165,1366,Det/images/normal_train/01148682.png,0,04,learnable_hard,0.2181096619,0.99,0.1178012262,normal_replay,GroupDiverse-Gap
RUN_134,TRIAD_045,A15_GroupDiverse-Gap_B3000,R1,1343723075,963122165,1367,Det/images/normal_train/01205653.png,0,04,easy_clean,0.0329741696,1.0,0.0460951622,normal_replay,GroupDiverse-Gap
RUN_134,TRIAD_045,A15_GroupDiverse-Gap_B3000,R1,1343723075,963122165,1368,Det/images/normal_train/01129638.png,0,09,easy_clean,0.0086409868,1.0,0.0111446859,normal_replay,GroupDiverse-Gap
RUN_134,TRIAD_045,A15_GroupDiverse-Gap_B3000,R1,1343723075,963122165,1369,Det/images/normal_train/01163632.png,0,08,easy_clean,0.011682837,1.0,0.0358443961,normal_replay,GroupDiverse-Gap
RUN_134,TRIAD_045,A15_GroupDiverse-Gap_B3000,R1,1343723075,963122165,1370,Det/images/normal_train/00241806.png,0,05,easy_clean,0.0020378584,1.0,0.0038815264,normal_replay,GroupDiverse-Gap
RUN_134,TRIAD_045,A15_GroupDiverse-Gap_B3000,R1,1343723075,963122165,1371,Det/images/normal_train/01258729.png,0,03,easy_clean,0.0101842528,1.0,0.012667575,normal_replay,GroupDiverse-Gap
RUN_134,TRIAD_045,A15_GroupDiverse-Gap_B3000,R1,1343723075,963122165,1372,Det/images/normal_train/00209172.png,0,09,easy_clean,0.0094264915,1.0,0.0105021949,normal_replay,GroupDiverse-Gap
RUN_134,TRIAD_045,A15_GroupDiverse-Gap_B3000,R1,1343723075,963122165,1373,Det/images/normal_train/00196413.png,0,03,easy_clean,0.0102958171,1.0,0.0295004187,normal_replay,GroupDiverse-Gap
RUN_134,TRIAD_045,A15_GroupDiverse-Gap_B3000,R1,1343723075,963122165,1374,Det/images/normal_train/01031362.png,0,09,easy_clean,0.0130254859,1.0,0.0164331554,normal_replay,GroupDiverse-Gap
RUN_134,TRIAD_045,A15_GroupDiverse-Gap_B3000,R1,1343723075,963122165,1375,Det/images/normal_train/01093132.png,0,04,learnable_hard,0.1494031674,0.975,0.1148040273,normal_replay,GroupDiverse-Gap
RUN_134,TRIAD_045,A15_GroupDiverse-Gap_B3000,R1,1343723075,963122165,1376,Det/images/normal_train/00392093.png,0,08,ordinary,0.4882445857,0.6,0.1975248771,normal_replay,GroupDiverse-Gap
RUN_134,TRIAD_045,A15_GroupDiverse-Gap_B3000,R1,1343723075,963122165,1377,Det/images/normal_train/00277354.png,0,04,easy_clean,0.0043874467,1.0,0.0077092145,normal_replay,GroupDiverse-Gap
RUN_134,TRIAD_045,A15_GroupDiverse-Gap_B3000,R1,1343723075,963122165,1378,Det/images/normal_train/00192922.png,0,09,easy_clean,0.001491274,1.0,0.002424684,normal_replay,GroupDiverse-Gap
RUN_134,TRIAD_045,A15_GroupDiverse-Gap_B3000,R1,1343723075,963122165,1379,Det/images/normal_train/00491497.png,0,06,easy_clean,0.0112718528,1.0,0.0193423932,normal_replay,GroupDiverse-Gap
RUN_134,TRIAD_045,A15_GroupDiverse-Gap_B3000,R1,1343723075,963122165,1380,Det/images/normal_train/00607602.png,0,09,easy_clean,0.0286228309,1.0,0.0337875995,normal_replay,GroupDiverse-Gap
RUN_134,TRIAD_045,A15_GroupDiverse-Gap_B3000,R1,1343723075,963122165,1381,Det/images/normal_train/00534417.png,0,03,easy_clean,0.0017533716,1.0,0.005259554,normal_replay,GroupDiverse-Gap
RUN_134,TRIAD_045,A15_GroupDiverse-Gap_B3000,R1,1343723075,963122165,1382,Det/images/normal_train/00374503.png,0,06,easy_clean,0.002737399,1.0,0.0036911381,normal_replay,GroupDiverse-Gap
RUN_134,TRIAD_045,A15_GroupDiverse-Gap_B3000,R1,1343723075,963122165,1383,Det/images/normal_train/00447613.png,0,05,easy_clean,0.0013710205,1.0,0.0014132369,normal_replay,GroupDiverse-Gap
RUN_134,TRIAD_045,A15_GroupDiverse-Gap_B3000,R1,1343723075,963122165,1384,Det/images/normal_train/00592591.png,0,07,easy_clean,0.000380594,1.0,0.0015048716,normal_replay,GroupDiverse-Gap
RUN_134,TRIAD_045,A15_GroupDiverse-Gap_B3000,R1,1343723075,963122165,1385,Det/images/normal_train/00405590.png,0,05,easy_clean,0.0567383372,1.0,0.064249133,normal_replay,GroupDiverse-Gap
RUN_134,TRIAD_045,A15_GroupDiverse-Gap_B3000,R1,1343723075,963122165,1386,Det/images/normal_train/00333472.png,0,00,easy_clean,0.0122264354,1.0,0.0155821728,normal_replay,GroupDiverse-Gap
RUN_134,TRIAD_045,A15_GroupDiverse-Gap_B3000,R1,1343723075,963122165,1387,Det/images/normal_train/01203830.png,0,05,easy_clean,0.0012852705,1.0,0.0056966001,normal_replay,GroupDiverse-Gap
RUN_134,TRIAD_045,A15_GroupDiverse-Gap_B3000,R1,1343723075,963122165,1388,Det/images/normal_train/00632775.png,0,09,easy_clean,0.0186085019,1.0,0.0185672423,normal_replay,GroupDiverse-Gap
RUN_134,TRIAD_045,A15_GroupDiverse-Gap_B3000,R1,1343723075,963122165,1389,Det/images/normal_train/00685904.png,0,08,easy_clean,0.0070704897,1.0,0.0091923789,normal_replay,GroupDiverse-Gap
RUN_134,TRIAD_045,A15_GroupDiverse-Gap_B3000,R1,1343723075,963122165,1390,Det/images/normal_train/00882985.png,0,03,persistent_hard,0.6741955492,0.07,0.1292569635,normal_replay,GroupDiverse-Gap
RUN_134,TRIAD_045,A15_GroupDiverse-Gap_B3000,R1,1343723075,963122165,1391,Det/images/normal_train/00532475.png,0,07,easy_clean,0.0005606083,1.0,0.0007915468,normal_replay,GroupDiverse-Gap
RUN_134,TRIAD_045,A15_GroupDiverse-Gap_B3000,R1,1343723075,963122165,1392,Det/images/normal_train/01142320.png,0,07,easy_clean,0.0135081429,1.0,0.0373277146,normal_replay,GroupDiverse-Gap
RUN_134,TRIAD_045,A15_GroupDiverse-Gap_B3000,R1,1343723075,963122165,1393,Det/images/normal_train/00606837.png,0,00,learnable_hard,0.369798424,0.745,0.1745763109,normal_replay,GroupDiverse-Gap
RUN_134,TRIAD_045,A15_GroupDiverse-Gap_B3000,R1,1343723075,963122165,1394,Det/images/normal_train/00262090.png,0,04,easy_clean,0.0017502669,1.0,0.0028764997,normal_replay,GroupDiverse-Gap
RUN_134,TRIAD_045,A15_GroupDiverse-Gap_B3000,R1,1343723075,963122165,1395,Det/images/normal_train/00585298.png,0,05,easy_clean,0.003964717,1.0,0.010068884,normal_replay,GroupDiverse-Gap
RUN_134,TRIAD_045,A15_GroupDiverse-Gap_B3000,R1,1343723075,963122165,1396,Det/images/normal_train/00802117.png,0,02,learnable_hard,0.0638224754,0.995,0.0568255133,normal_replay,GroupDiverse-Gap
RUN_134,TRIAD_045,A15_GroupDiverse-Gap_B3000,R1,1343723075,963122165,1397,Det/images/normal_train/00541248.png,0,08,easy_clean,0.0190958683,1.0,0.0210689558,normal_replay,GroupDiverse-Gap
RUN_134,TRIAD_045,A15_GroupDiverse-Gap_B3000,R1,1343723075,963122165,1398,Det/images/normal_train/01277365.png,0,07,easy_clean,0.071362055,1.0,0.0366046619,normal_replay,GroupDiverse-Gap
RUN_134,TRIAD_045,A15_GroupDiverse-Gap_B3000,R1,1343723075,963122165,1399,Det/images/normal_train/00660143.png,0,00,easy_clean,0.0332334944,1.0,0.0343668041,normal_replay,GroupDiverse-Gap
RUN_134,TRIAD_045,A15_GroupDiverse-Gap_B3000,R1,1343723075,963122165,1400,Det/images/normal_train/00932368.png,0,07,ordinary,0.1707758972,1.0,0.1135946323,normal_replay,GroupDiverse-Gap
RUN_134,TRIAD_045,A15_GroupDiverse-Gap_B3000,R1,1343723075,963122165,1401,Det/images/normal_train/00239051.png,0,09,learnable_hard,0.3756661712,0.65,0.1863757525,normal_replay,GroupDiverse-Gap
RUN_134,TRIAD_045,A15_GroupDiverse-Gap_B3000,R1,1343723075,963122165,1402,Det/images/normal_train/01081167.png,0,04,easy_clean,0.0257197534,1.0,0.0212166631,normal_replay,GroupDiverse-Gap
RUN_134,TRIAD_045,A15_GroupDiverse-Gap_B3000,R1,1343723075,963122165,1403,Det/images/normal_train/00973653.png,0,05,easy_clean,0.0018701347,1.0,0.0028405669,normal_replay,GroupDiverse-Gap
RUN_134,TRIAD_045,A15_GroupDiverse-Gap_B3000,R1,1343723075,963122165,1404,Det/images/normal_train/01005861.png,0,09,easy_clean,0.00621049,1.0,0.0060707473,normal_replay,GroupDiverse-Gap
RUN_134,TRIAD_045,A15_GroupDiverse-Gap_B3000,R1,1343723075,963122165,1405,Det/images/normal_train/00607483.png,0,09,learnable_hard,0.0443966413,0.995,0.0653287594,normal_replay,GroupDiverse-Gap
RUN_134,TRIAD_045,A15_GroupDiverse-Gap_B3000,R1,1343723075,963122165,1406,Det/images/normal_train/00176535.png,0,09,easy_clean,0.0104939541,1.0,0.0126958129,normal_replay,GroupDiverse-Gap
RUN_134,TRIAD_045,A15_GroupDiverse-Gap_B3000,R1,1343723075,963122165,1407,Det/images/normal_train/00379742.png,0,02,easy_clean,0.0014494352,1.0,0.0075813311,normal_replay,GroupDiverse-Gap
RUN_134,TRIAD_045,A15_GroupDiverse-Gap_B3000,R1,1343723075,963122165,1408,Det/images/normal_train/01121189.png,0,02,easy_clean,0.0055045684,1.0,0.0074136452,normal_replay,GroupDiverse-Gap
RUN_134,TRIAD_045,A15_GroupDiverse-Gap_B3000,R1,1343723075,963122165,1409,Det/images/normal_train/01085389.png,0,07,easy_clean,0.0212664704,1.0,0.0313792345,normal_replay,GroupDiverse-Gap
RUN_134,TRIAD_045,A15_GroupDiverse-Gap_B3000,R1,1343723075,963122165,1410,Det/images/normal_train/00831316.png,0,00,easy_clean,0.0009212463,1.0,0.0013310524,normal_replay,GroupDiverse-Gap
RUN_134,TRIAD_045,A15_GroupDiverse-Gap_B3000,R1,1343723075,963122165,1411,Det/images/normal_train/00619287.png,0,04,learnable_hard,0.2410017359,0.88,0.1900852374,normal_replay,GroupDiverse-Gap
RUN_134,TRIAD_045,A15_GroupDiverse-Gap_B3000,R1,1343723075,963122165,1412,Det/images/normal_train/00810039.png,0,09,easy_clean,0.0388913505,1.0,0.0369357091,normal_replay,GroupDiverse-Gap
RUN_134,TRIAD_045,A15_GroupDiverse-Gap_B3000,R1,1343723075,963122165,1413,Det/images/normal_train/00511163.png,0,02,easy_clean,0.0032244931,1.0,0.004682411,normal_replay,GroupDiverse-Gap
RUN_134,TRIAD_045,A15_GroupDiverse-Gap_B3000,R1,1343723075,963122165,1414,Det/images/normal_train/01254146.png,0,05,easy_clean,0.0331049717,1.0,0.0265842678,normal_replay,GroupDiverse-Gap
RUN_134,TRIAD_045,A15_GroupDiverse-Gap_B3000,R1,1343723075,963122165,1415,Det/images/normal_train/00405055.png,0,05,easy_clean,0.0219631605,1.0,0.0188519454,normal_replay,GroupDiverse-Gap
RUN_134,TRIAD_045,A15_GroupDiverse-Gap_B3000,R1,1343723075,963122165,1416,Det/images/normal_train/00374267.png,0,06,easy_clean,0.0011813608,1.0,0.0015074072,normal_replay,GroupDiverse-Gap
RUN_134,TRIAD_045,A15_GroupDiverse-Gap_B3000,R1,1343723075,963122165,1417,Det/images/normal_train/01220726.png,0,01,easy_clean,0.0171634813,1.0,0.0107225951,normal_replay,GroupDiverse-Gap
RUN_134,TRIAD_045,A15_GroupDiverse-Gap_B3000,R1,1343723075,963122165,1418,Det/images/normal_train/00265206.png,0,05,easy_clean,0.0151376285,1.0,0.0189408328,normal_replay,GroupDiverse-Gap
RUN_134,TRIAD_045,A15_GroupDiverse-Gap_B3000,R1,1343723075,963122165,1419,Det/images/normal_train/00255087.png,0,08,easy_clean,0.0034327867,1.0,0.0048963027,normal_replay,GroupDiverse-Gap
RUN_134,TRIAD_045,A15_GroupDiverse-Gap_B3000,R1,1343723075,963122165,1420,Det/images/normal_train/00551433.png,0,02,easy_clean,0.0064221252,1.0,0.0084778159,normal_replay,GroupDiverse-Gap
RUN_134,TRIAD_045,A15_GroupDiverse-Gap_B3000,R1,1343723075,963122165,1421,Det/images/normal_train/01290825.png,0,03,ordinary,0.1254727959,1.0,0.080188126,normal_replay,GroupDiverse-Gap
RUN_134,TRIAD_045,A15_GroupDiverse-Gap_B3000,R1,1343723075,963122165,1422,Det/images/normal_train/00675200.png,0,04,easy_clean,0.0178730268,1.0,0.0162855521,normal_replay,GroupDiverse-Gap
RUN_134,TRIAD_045,A15_GroupDiverse-Gap_B3000,R1,1343723075,963122165,1423,Det/images/normal_train/00225428.png,0,01,easy_clean,0.0580758156,1.0,0.0365927455,normal_replay,GroupDiverse-Gap
RUN_134,TRIAD_045,A15_GroupDiverse-Gap_B3000,R1,1343723075,963122165,1424,Det/images/normal_train/00457690.png,0,09,easy_clean,0.0007228049,1.0,0.0009531327,normal_replay,GroupDiverse-Gap
RUN_134,TRIAD_045,A15_GroupDiverse-Gap_B3000,R1,1343723075,963122165,1425,Det/images/normal_train/00778487.png,0,02,easy_clean,0.0006020992,1.0,0.0020172747,normal_replay,GroupDiverse-Gap
RUN_134,TRIAD_045,A15_GroupDiverse-Gap_B3000,R1,1343723075,963122165,1426,Det/images/normal_train/00164708.png,0,06,ordinary,0.1528945172,1.0,0.1014544651,normal_replay,GroupDiverse-Gap
RUN_134,TRIAD_045,A15_GroupDiverse-Gap_B3000,R1,1343723075,963122165,1427,Det/images/normal_train/00363205.png,0,02,easy_clean,0.000656165,1.0,0.0014798495,normal_replay,GroupDiverse-Gap
RUN_134,TRIAD_045,A15_GroupDiverse-Gap_B3000,R1,1343723075,963122165,1428,Det/images/normal_train/00857418.png,0,01,easy_clean,0.0101869777,1.0,0.0286909092,normal_replay,GroupDiverse-Gap
RUN_134,TRIAD_045,A15_GroupDiverse-Gap_B3000,R1,1343723075,963122165,1429,Det/images/normal_train/00902516.png,0,04,easy_clean,0.0154062236,1.0,0.0276640861,normal_replay,GroupDiverse-Gap
RUN_134,TRIAD_045,A15_GroupDiverse-Gap_B3000,R1,1343723075,963122165,1430,Det/images/normal_train/00683240.png,0,07,easy_clean,0.0074757051,1.0,0.0186420684,normal_replay,GroupDiverse-Gap
RUN_134,TRIAD_045,A15_GroupDiverse-Gap_B3000,R1,1343723075,963122165,1431,Det/images/normal_train/01072908.png,0,03,easy_clean,0.0030918146,1.0,0.0126931602,normal_replay,GroupDiverse-Gap
RUN_134,TRIAD_045,A15_GroupDiverse-Gap_B3000,R1,1343723075,963122165,1432,Det/images/normal_train/01214606.png,0,00,easy_clean,0.0099346318,1.0,0.0137804448,normal_replay,GroupDiverse-Gap
RUN_134,TRIAD_045,A15_GroupDiverse-Gap_B3000,R1,1343723075,963122165,1433,Det/images/normal_train/01069682.png,0,09,easy_clean,0.0803694255,1.0,0.0773678343,normal_replay,GroupDiverse-Gap
RUN_134,TRIAD_045,A15_GroupDiverse-Gap_B3000,R1,1343723075,963122165,1434,Det/images/normal_train/00978106.png,0,01,ordinary,0.1206422953,1.0,0.0739548072,normal_replay,GroupDiverse-Gap
RUN_134,TRIAD_045,A15_GroupDiverse-Gap_B3000,R1,1343723075,963122165,1435,Det/images/normal_train/00597093.png,0,03,easy_clean,0.0005331628,1.0,0.0029717695,normal_replay,GroupDiverse-Gap
RUN_134,TRIAD_045,A15_GroupDiverse-Gap_B3000,R1,1343723075,963122165,1436,Det/images/normal_train/00373477.png,0,03,unstable_boundary,0.5646558651,0.295,0.1181380611,normal_replay,GroupDiverse-Gap
RUN_134,TRIAD_045,A15_GroupDiverse-Gap_B3000,R1,1343723075,963122165,1437,Det/images/normal_train/00798781.png,0,03,ordinary,0.3168351473,0.86,0.2133331427,normal_replay,GroupDiverse-Gap
RUN_134,TRIAD_045,A15_GroupDiverse-Gap_B3000,R1,1343723075,963122165,1438,Det/images/normal_train/00181626.png,0,09,ordinary,0.2328054231,1.0,0.1581898026,normal_replay,GroupDiverse-Gap
RUN_134,TRIAD_045,A15_GroupDiverse-Gap_B3000,R1,1343723075,963122165,1439,Det/images/normal_train/00609718.png,0,08,easy_clean,0.0177010685,1.0,0.0212371734,normal_replay,GroupDiverse-Gap
RUN_134,TRIAD_045,A15_GroupDiverse-Gap_B3000,R1,1343723075,963122165,1440,Det/images/normal_train/01134535.png,0,08,easy_clean,0.0663021106,1.0,0.0347488551,normal_replay,GroupDiverse-Gap
RUN_134,TRIAD_045,A15_GroupDiverse-Gap_B3000,R1,1343723075,963122165,1441,Det/images/normal_train/00979932.png,0,05,easy_clean,0.0078476855,1.0,0.0149475768,normal_replay,GroupDiverse-Gap
RUN_134,TRIAD_045,A15_GroupDiverse-Gap_B3000,R1,1343723075,963122165,1442,Det/images/normal_train/00619233.png,0,04,learnable_hard,0.3269097224,0.905,0.1717539133,normal_replay,GroupDiverse-Gap
RUN_134,TRIAD_045,A15_GroupDiverse-Gap_B3000,R1,1343723075,963122165,1443,Det/images/normal_train/00324230.png,0,00,easy_clean,0.0097861655,1.0,0.0089591729,normal_replay,GroupDiverse-Gap
RUN_134,TRIAD_045,A15_GroupDiverse-Gap_B3000,R1,1343723075,963122165,1444,Det/images/normal_train/00996809.png,0,04,easy_clean,0.0013902089,1.0,0.0022573057,normal_replay,GroupDiverse-Gap
RUN_134,TRIAD_045,A15_GroupDiverse-Gap_B3000,R1,1343723075,963122165,1445,Det/images/normal_train/00372214.png,0,05,easy_clean,0.0104926696,1.0,0.0116767765,normal_replay,GroupDiverse-Gap
RUN_134,TRIAD_045,A15_GroupDiverse-Gap_B3000,R1,1343723075,963122165,1446,Det/images/normal_train/00478594.png,0,01,easy_clean,0.0208623621,0.995,0.0514650417,normal_replay,GroupDiverse-Gap
RUN_134,TRIAD_045,A15_GroupDiverse-Gap_B3000,R1,1343723075,963122165,1447,Det/images/normal_train/00254457.png,0,03,easy_clean,0.0004746677,1.0,0.001197348,normal_replay,GroupDiverse-Gap
RUN_134,TRIAD_045,A15_GroupDiverse-Gap_B3000,R1,1343723075,963122165,1448,Det/images/normal_train/01235569.png,0,01,easy_clean,0.0438120347,1.0,0.0332850799,normal_replay,GroupDiverse-Gap
RUN_134,TRIAD_045,A15_GroupDiverse-Gap_B3000,R1,1343723075,963122165,1449,Det/images/normal_train/00421909.png,0,09,ordinary,0.2196032226,0.85,0.2636003894,normal_replay,GroupDiverse-Gap
RUN_134,TRIAD_045,A15_GroupDiverse-Gap_B3000,R1,1343723075,963122165,1450,Det/images/normal_train/00495945.png,0,08,easy_clean,0.0010115349,1.0,0.0012971125,normal_replay,GroupDiverse-Gap
RUN_134,TRIAD_045,A15_GroupDiverse-Gap_B3000,R1,1343723075,963122165,1451,Det/images/normal_train/01237116.png,0,05,easy_clean,0.0097328738,1.0,0.0240485818,normal_replay,GroupDiverse-Gap
RUN_134,TRIAD_045,A15_GroupDiverse-Gap_B3000,R1,1343723075,963122165,1452,Det/images/normal_train/00514162.png,0,02,easy_clean,0.0044548442,1.0,0.0079040777,normal_replay,GroupDiverse-Gap
RUN_134,TRIAD_045,A15_GroupDiverse-Gap_B3000,R1,1343723075,963122165,1453,Det/images/normal_train/01240441.png,0,03,easy_clean,0.0012130181,1.0,0.00168609,normal_replay,GroupDiverse-Gap
RUN_134,TRIAD_045,A15_GroupDiverse-Gap_B3000,R1,1343723075,963122165,1454,Det/images/normal_train/01173780.png,0,01,easy_clean,0.0021647925,1.0,0.0037147972,normal_replay,GroupDiverse-Gap
RUN_134,TRIAD_045,A15_GroupDiverse-Gap_B3000,R1,1343723075,963122165,1455,Det/images/normal_train/00542564.png,0,04,learnable_hard,0.1028001259,0.995,0.0985287661,normal_replay,GroupDiverse-Gap
RUN_134,TRIAD_045,A15_GroupDiverse-Gap_B3000,R1,1343723075,963122165,1456,Det/images/normal_train/00374019.png,0,06,easy_clean,0.0009308937,1.0,0.0018139919,normal_replay,GroupDiverse-Gap
RUN_134,TRIAD_045,A15_GroupDiverse-Gap_B3000,R1,1343723075,963122165,1457,Det/images/normal_train/01284701.png,0,00,easy_clean,0.022231306,1.0,0.0265589502,normal_replay,GroupDiverse-Gap
RUN_134,TRIAD_045,A15_GroupDiverse-Gap_B3000,R1,1343723075,963122165,1458,Det/images/normal_train/00491959.png,0,06,easy_clean,0.0171332032,1.0,0.0149365682,normal_replay,GroupDiverse-Gap
RUN_134,TRIAD_045,A15_GroupDiverse-Gap_B3000,R1,1343723075,963122165,1459,Det/images/normal_train/00191180.png,0,08,easy_clean,0.0179908135,1.0,0.0295638193,normal_replay,GroupDiverse-Gap
RUN_134,TRIAD_045,A15_GroupDiverse-Gap_B3000,R1,1343723075,963122165,1460,Det/images/normal_train/01108875.png,0,01,easy_clean,0.0144986562,1.0,0.0287027921,normal_replay,GroupDiverse-Gap
RUN_134,TRIAD_045,A15_GroupDiverse-Gap_B3000,R1,1343723075,963122165,1461,Det/images/normal_train/01232332.png,0,09,easy_clean,0.0221563738,1.0,0.0320293955,normal_replay,GroupDiverse-Gap
RUN_134,TRIAD_045,A15_GroupDiverse-Gap_B3000,R1,1343723075,963122165,1462,Det/images/normal_train/00780118.png,0,00,easy_clean,0.0038130928,1.0,0.00436439,normal_replay,GroupDiverse-Gap
RUN_134,TRIAD_045,A15_GroupDiverse-Gap_B3000,R1,1343723075,963122165,1463,Det/images/normal_train/01091562.png,0,02,easy_clean,0.0684081716,1.0,0.0205416462,normal_replay,GroupDiverse-Gap
RUN_134,TRIAD_045,A15_GroupDiverse-Gap_B3000,R1,1343723075,963122165,1464,Det/images/normal_train/00503497.png,0,03,easy_clean,0.0151803083,1.0,0.0141927444,normal_replay,GroupDiverse-Gap
RUN_134,TRIAD_045,A15_GroupDiverse-Gap_B3000,R1,1343723075,963122165,1465,Det/images/normal_train/01054065.png,0,00,easy_clean,0.0762119142,0.995,0.0914360244,normal_replay,GroupDiverse-Gap
RUN_134,TRIAD_045,A15_GroupDiverse-Gap_B3000,R1,1343723075,963122165,1466,Det/images/normal_train/00485022.png,0,09,easy_clean,0.0166100626,1.0,0.0265246981,normal_replay,GroupDiverse-Gap
RUN_134,TRIAD_045,A15_GroupDiverse-Gap_B3000,R1,1343723075,963122165,1467,Det/images/normal_train/00771750.png,0,03,easy_clean,0.0001062252,1.0,0.0001739765,normal_replay,GroupDiverse-Gap
RUN_134,TRIAD_045,A15_GroupDiverse-Gap_B3000,R1,1343723075,963122165,1468,Det/images/normal_train/00812775.png,0,00,easy_clean,0.0054037544,1.0,0.0069816836,normal_replay,GroupDiverse-Gap
RUN_134,TRIAD_045,A15_GroupDiverse-Gap_B3000,R1,1343723075,963122165,1469,Det/images/normal_train/00781053.png,0,02,easy_clean,0.0049464749,1.0,0.0101271856,normal_replay,GroupDiverse-Gap
RUN_134,TRIAD_045,A15_GroupDiverse-Gap_B3000,R1,1343723075,963122165,1470,Det/images/normal_train/00933933.png,0,03,easy_clean,0.0048096566,1.0,0.0052766333,normal_replay,GroupDiverse-Gap
RUN_134,TRIAD_045,A15_GroupDiverse-Gap_B3000,R1,1343723075,963122165,1471,Det/images/normal_train/00620610.png,0,06,easy_clean,0.0002081546,1.0,0.0003130636,normal_replay,GroupDiverse-Gap
RUN_134,TRIAD_045,A15_GroupDiverse-Gap_B3000,R1,1343723075,963122165,1472,Det/images/normal_train/00362257.png,0,08,easy_clean,0.0016972321,1.0,0.0028259634,normal_replay,GroupDiverse-Gap
RUN_134,TRIAD_045,A15_GroupDiverse-Gap_B3000,R1,1343723075,963122165,1473,Det/images/normal_train/00503152.png,0,03,easy_clean,0.021500745,1.0,0.0352899074,normal_replay,GroupDiverse-Gap
RUN_134,TRIAD_045,A15_GroupDiverse-Gap_B3000,R1,1343723075,963122165,1474,Det/images/normal_train/01071173.png,0,04,easy_clean,0.0118607413,1.0,0.0166750865,normal_replay,GroupDiverse-Gap
RUN_134,TRIAD_045,A15_GroupDiverse-Gap_B3000,R1,1343723075,963122165,1475,Det/images/normal_train/00283292.png,0,03,easy_clean,0.0066328971,1.0,0.0119314342,normal_replay,GroupDiverse-Gap
RUN_134,TRIAD_045,A15_GroupDiverse-Gap_B3000,R1,1343723075,963122165,1476,Det/images/normal_train/00215789.png,0,07,easy_clean,0.008168161,1.0,0.0118222685,normal_replay,GroupDiverse-Gap
RUN_134,TRIAD_045,A15_GroupDiverse-Gap_B3000,R1,1343723075,963122165,1477,Det/images/normal_train/00920582.png,0,09,easy_clean,0.0070013546,1.0,0.0185696481,normal_replay,GroupDiverse-Gap
RUN_134,TRIAD_045,A15_GroupDiverse-Gap_B3000,R1,1343723075,963122165,1478,Det/images/normal_train/00805552.png,0,07,easy_clean,0.004876504,1.0,0.0061420359,normal_replay,GroupDiverse-Gap
RUN_134,TRIAD_045,A15_GroupDiverse-Gap_B3000,R1,1343723075,963122165,1479,Det/images/normal_train/01056465.png,0,08,easy_clean,0.0040124624,1.0,0.0053143878,normal_replay,GroupDiverse-Gap
RUN_134,TRIAD_045,A15_GroupDiverse-Gap_B3000,R1,1343723075,963122165,1480,Det/images/normal_train/01132486.png,0,07,easy_clean,0.0142576269,1.0,0.0092707812,normal_replay,GroupDiverse-Gap
RUN_134,TRIAD_045,A15_GroupDiverse-Gap_B3000,R1,1343723075,963122165,1481,Det/images/normal_train/01065956.png,0,08,easy_clean,0.0043908993,1.0,0.0034235711,normal_replay,GroupDiverse-Gap
RUN_134,TRIAD_045,A15_GroupDiverse-Gap_B3000,R1,1343723075,963122165,1482,Det/images/normal_train/00653011.png,0,02,easy_clean,0.0272629298,1.0,0.0277027075,normal_replay,GroupDiverse-Gap
RUN_134,TRIAD_045,A15_GroupDiverse-Gap_B3000,R1,1343723075,963122165,1483,Det/images/normal_train/01202961.png,0,08,easy_clean,0.0049779184,1.0,0.0144050948,normal_replay,GroupDiverse-Gap
RUN_134,TRIAD_045,A15_GroupDiverse-Gap_B3000,R1,1343723075,963122165,1484,Det/images/normal_train/00919630.png,0,04,easy_clean,0.0384995197,1.0,0.0277657915,normal_replay,GroupDiverse-Gap
RUN_134,TRIAD_045,A15_GroupDiverse-Gap_B3000,R1,1343723075,963122165,1485,Det/images/normal_train/01186888.png,0,09,learnable_hard,0.326056769,0.8,0.1794020461,normal_replay,GroupDiverse-Gap
RUN_134,TRIAD_045,A15_GroupDiverse-Gap_B3000,R1,1343723075,963122165,1486,Det/images/normal_train/01126120.png,0,06,easy_clean,0.0320374259,1.0,0.0336547785,normal_replay,GroupDiverse-Gap
RUN_134,TRIAD_045,A15_GroupDiverse-Gap_B3000,R1,1343723075,963122165,1487,Det/images/normal_train/00563765.png,0,06,easy_clean,0.0084212393,1.0,0.0101546066,normal_replay,GroupDiverse-Gap
RUN_134,TRIAD_045,A15_GroupDiverse-Gap_B3000,R1,1343723075,963122165,1488,Det/images/normal_train/00932492.png,0,07,learnable_hard,0.3633477918,0.7,0.2244261284,normal_replay,GroupDiverse-Gap
RUN_134,TRIAD_045,A15_GroupDiverse-Gap_B3000,R1,1343723075,963122165,1489,Det/images/normal_train/00479764.png,0,03,easy_clean,0.0022684633,1.0,0.0027718646,normal_replay,GroupDiverse-Gap
RUN_134,TRIAD_045,A15_GroupDiverse-Gap_B3000,R1,1343723075,963122165,1490,Det/images/normal_train/00889350.png,0,09,easy_clean,0.0017773614,1.0,0.0055850946,normal_replay,GroupDiverse-Gap
RUN_134,TRIAD_045,A15_GroupDiverse-Gap_B3000,R1,1343723075,963122165,1491,Det/images/normal_train/00984995.png,0,02,ordinary,0.1099789855,1.0,0.0740743023,normal_replay,GroupDiverse-Gap
RUN_134,TRIAD_045,A15_GroupDiverse-Gap_B3000,R1,1343723075,963122165,1492,Det/images/normal_train/01239613.png,0,04,easy_clean,0.0008240175,1.0,0.0021053962,normal_replay,GroupDiverse-Gap
RUN_134,TRIAD_045,A15_GroupDiverse-Gap_B3000,R1,1343723075,963122165,1493,Det/images/normal_train/01258404.png,0,03,easy_clean,0.0188520414,1.0,0.0307795142,normal_replay,GroupDiverse-Gap
RUN_134,TRIAD_045,A15_GroupDiverse-Gap_B3000,R1,1343723075,963122165,1494,Det/images/normal_train/00388051.png,0,00,learnable_hard,0.0148018448,0.995,0.0443438754,normal_replay,GroupDiverse-Gap
RUN_134,TRIAD_045,A15_GroupDiverse-Gap_B3000,R1,1343723075,963122165,1495,Det/images/normal_train/00405999.png,0,05,easy_clean,0.0241049835,1.0,0.0336944934,normal_replay,GroupDiverse-Gap
RUN_134,TRIAD_045,A15_GroupDiverse-Gap_B3000,R1,1343723075,963122165,1496,Det/images/normal_train/01013679.png,0,01,easy_clean,0.0240399784,1.0,0.0346121573,normal_replay,GroupDiverse-Gap
RUN_134,TRIAD_045,A15_GroupDiverse-Gap_B3000,R1,1343723075,963122165,1497,Det/images/normal_train/01116039.png,0,04,learnable_hard,0.0224457588,0.995,0.0475467989,normal_replay,GroupDiverse-Gap
RUN_134,TRIAD_045,A15_GroupDiverse-Gap_B3000,R1,1343723075,963122165,1498,Det/images/normal_train/00842837.png,0,06,easy_clean,0.0024688856,1.0,0.0072614078,normal_replay,GroupDiverse-Gap
RUN_134,TRIAD_045,A15_GroupDiverse-Gap_B3000,R1,1343723075,963122165,1499,Det/images/normal_train/00531551.png,0,04,easy_clean,0.0013405124,1.0,0.0035333664,normal_replay,GroupDiverse-Gap
RUN_134,TRIAD_045,A15_GroupDiverse-Gap_B3000,R1,1343723075,963122165,1500,Det/images/normal_train/00317299.png,0,04,easy_clean,0.0060567673,1.0,0.0090351914,normal_replay,GroupDiverse-Gap
RUN_134,TRIAD_045,A15_GroupDiverse-Gap_B3000,R1,1343723075,963122165,1501,Det/images/normal_train/00534936.png,0,03,easy_clean,0.0001869223,1.0,0.0004022071,normal_replay,GroupDiverse-Gap
RUN_134,TRIAD_045,A15_GroupDiverse-Gap_B3000,R1,1343723075,963122165,1502,Det/images/normal_train/00830203.png,0,06,easy_clean,0.0014563761,1.0,0.0017879215,normal_replay,GroupDiverse-Gap
RUN_134,TRIAD_045,A15_GroupDiverse-Gap_B3000,R1,1343723075,963122165,1503,Det/images/normal_train/01124829.png,0,08,easy_clean,0.0066013289,1.0,0.0109251114,normal_replay,GroupDiverse-Gap
RUN_134,TRIAD_045,A15_GroupDiverse-Gap_B3000,R1,1343723075,963122165,1504,Det/images/normal_train/00528702.png,0,04,learnable_hard,0.0615936134,0.995,0.0578913057,normal_replay,GroupDiverse-Gap
RUN_134,TRIAD_045,A15_GroupDiverse-Gap_B3000,R1,1343723075,963122165,1505,Det/images/normal_train/00452555.png,0,06,easy_clean,0.0459086421,1.0,0.0537745031,normal_replay,GroupDiverse-Gap
RUN_134,TRIAD_045,A15_GroupDiverse-Gap_B3000,R1,1343723075,963122165,1506,Det/images/normal_train/00284650.png,0,01,learnable_hard,0.0963964521,0.995,0.1070648015,normal_replay,GroupDiverse-Gap
RUN_134,TRIAD_045,A15_GroupDiverse-Gap_B3000,R1,1343723075,963122165,1507,Det/images/normal_train/00549794.png,0,04,easy_clean,0.0272480236,1.0,0.0321947002,normal_replay,GroupDiverse-Gap
RUN_134,TRIAD_045,A15_GroupDiverse-Gap_B3000,R1,1343723075,963122165,1508,Det/images/normal_train/00763576.png,0,07,easy_clean,0.001489917,1.0,0.0102141075,normal_replay,GroupDiverse-Gap
RUN_134,TRIAD_045,A15_GroupDiverse-Gap_B3000,R1,1343723075,963122165,1509,Det/images/normal_train/01225527.png,0,01,easy_clean,0.0627276732,1.0,0.0569043141,normal_replay,GroupDiverse-Gap
RUN_134,TRIAD_045,A15_GroupDiverse-Gap_B3000,R1,1343723075,963122165,1510,Det/images/normal_train/00907801.png,0,02,easy_clean,0.00039411,1.0,0.0005158018,normal_replay,GroupDiverse-Gap
RUN_134,TRIAD_045,A15_GroupDiverse-Gap_B3000,R1,1343723075,963122165,1511,Det/images/normal_train/00791550.png,0,06,learnable_hard,0.0568581067,0.99,0.0775426442,normal_replay,GroupDiverse-Gap
RUN_134,TRIAD_045,A15_GroupDiverse-Gap_B3000,R1,1343723075,963122165,1512,Det/images/normal_train/00334737.png,0,06,easy_clean,0.011021784,1.0,0.014748945,normal_replay,GroupDiverse-Gap
RUN_134,TRIAD_045,A15_GroupDiverse-Gap_B3000,R1,1343723075,963122165,1513,Det/images/normal_train/01202043.png,0,08,easy_clean,0.0097238056,1.0,0.0100911183,normal_replay,GroupDiverse-Gap
RUN_134,TRIAD_045,A15_GroupDiverse-Gap_B3000,R1,1343723075,963122165,1514,Det/images/normal_train/00432558.png,0,05,easy_clean,0.0320314865,1.0,0.0293543722,normal_replay,GroupDiverse-Gap
RUN_134,TRIAD_045,A15_GroupDiverse-Gap_B3000,R1,1343723075,963122165,1515,Det/images/normal_train/00916763.png,0,00,easy_clean,0.0106174762,1.0,0.0103665142,normal_replay,GroupDiverse-Gap
RUN_134,TRIAD_045,A15_GroupDiverse-Gap_B3000,R1,1343723075,963122165,1516,Det/images/normal_train/00164845.png,0,06,easy_clean,0.0325219073,1.0,0.034050417,normal_replay,GroupDiverse-Gap
RUN_134,TRIAD_045,A15_GroupDiverse-Gap_B3000,R1,1343723075,963122165,1517,Det/images/normal_train/00284779.png,0,01,learnable_hard,0.078657654,0.985,0.0999424977,normal_replay,GroupDiverse-Gap
RUN_134,TRIAD_045,A15_GroupDiverse-Gap_B3000,R1,1343723075,963122165,1518,Det/images/normal_train/00593345.png,0,03,easy_clean,0.0005166364,1.0,0.0026964099,normal_replay,GroupDiverse-Gap
RUN_134,TRIAD_045,A15_GroupDiverse-Gap_B3000,R1,1343723075,963122165,1519,Det/images/normal_train/00611011.png,0,01,easy_clean,0.0022246526,1.0,0.0032452848,normal_replay,GroupDiverse-Gap
RUN_134,TRIAD_045,A15_GroupDiverse-Gap_B3000,R1,1343723075,963122165,1520,Det/images/normal_train/00540469.png,0,05,easy_clean,0.0444987856,1.0,0.0378864839,normal_replay,GroupDiverse-Gap
RUN_134,TRIAD_045,A15_GroupDiverse-Gap_B3000,R1,1343723075,963122165,1521,Det/images/normal_train/00733197.png,0,07,easy_clean,0.0194169565,1.0,0.0301464902,normal_replay,GroupDiverse-Gap
RUN_134,TRIAD_045,A15_GroupDiverse-Gap_B3000,R1,1343723075,963122165,1522,Det/images/normal_train/00927127.png,0,09,easy_clean,0.0166078676,1.0,0.0284584284,normal_replay,GroupDiverse-Gap
RUN_134,TRIAD_045,A15_GroupDiverse-Gap_B3000,R1,1343723075,963122165,1523,Det/images/normal_train/00276880.png,0,03,easy_clean,0.0213825712,1.0,0.029868722,normal_replay,GroupDiverse-Gap
RUN_134,TRIAD_045,A15_GroupDiverse-Gap_B3000,R1,1343723075,963122165,1524,Det/images/normal_train/01012499.png,0,00,easy_clean,0.0118114292,1.0,0.0102961945,normal_replay,GroupDiverse-Gap
RUN_134,TRIAD_045,A15_GroupDiverse-Gap_B3000,R1,1343723075,963122165,1525,Det/images/normal_train/01002665.png,0,06,easy_clean,0.0134634576,1.0,0.0122296637,normal_replay,GroupDiverse-Gap
RUN_134,TRIAD_045,A15_GroupDiverse-Gap_B3000,R1,1343723075,963122165,1526,Det/images/normal_train/00851539.png,0,01,easy_clean,0.0085856086,1.0,0.0161024788,normal_replay,GroupDiverse-Gap
RUN_134,TRIAD_045,A15_GroupDiverse-Gap_B3000,R1,1343723075,963122165,1527,Det/images/normal_train/00238847.png,0,02,easy_clean,0.0076919253,1.0,0.0099716863,normal_replay,GroupDiverse-Gap
RUN_134,TRIAD_045,A15_GroupDiverse-Gap_B3000,R1,1343723075,963122165,1528,Det/images/normal_train/00370647.png,0,06,easy_clean,0.0003339532,1.0,0.0012456334,normal_replay,GroupDiverse-Gap
RUN_134,TRIAD_045,A15_GroupDiverse-Gap_B3000,R1,1343723075,963122165,1529,Det/images/normal_train/00375753.png,0,04,easy_clean,0.0094699642,1.0,0.0089113293,normal_replay,GroupDiverse-Gap
RUN_134,TRIAD_045,A15_GroupDiverse-Gap_B3000,R1,1343723075,963122165,1530,Det/images/normal_train/01020687.png,0,02,learnable_hard,0.1474978896,0.995,0.0902654659,normal_replay,GroupDiverse-Gap
RUN_134,TRIAD_045,A15_GroupDiverse-Gap_B3000,R1,1343723075,963122165,1531,Det/images/normal_train/00381100.png,0,05,easy_clean,0.0120354308,1.0,0.0086665044,normal_replay,GroupDiverse-Gap
RUN_134,TRIAD_045,A15_GroupDiverse-Gap_B3000,R1,1343723075,963122165,1532,Det/images/normal_train/01168120.png,0,02,easy_clean,0.0177013853,1.0,0.0223829081,normal_replay,GroupDiverse-Gap
RUN_134,TRIAD_045,A15_GroupDiverse-Gap_B3000,R1,1343723075,963122165,1533,Det/images/normal_train/01211546.png,0,04,unstable_boundary,0.5191661824,0.38,0.1448150985,normal_replay,GroupDiverse-Gap
RUN_134,TRIAD_045,A15_GroupDiverse-Gap_B3000,R1,1343723075,963122165,1534,Det/images/normal_train/00261819.png,0,00,easy_clean,0.0034739559,1.0,0.007934255,normal_replay,GroupDiverse-Gap
RUN_134,TRIAD_045,A15_GroupDiverse-Gap_B3000,R1,1343723075,963122165,1535,Det/images/normal_train/00957039.png,0,02,easy_clean,0.0268605345,1.0,0.0280456198,normal_replay,GroupDiverse-Gap
RUN_134,TRIAD_045,A15_GroupDiverse-Gap_B3000,R1,1343723075,963122165,1536,Det/images/normal_train/00207998.png,0,01,easy_clean,0.0102821248,1.0,0.0102133564,normal_replay,GroupDiverse-Gap
RUN_134,TRIAD_045,A15_GroupDiverse-Gap_B3000,R1,1343723075,963122165,1537,Det/images/normal_train/00411291.png,0,06,easy_clean,0.0011496482,1.0,0.0034406386,normal_replay,GroupDiverse-Gap
RUN_134,TRIAD_045,A15_GroupDiverse-Gap_B3000,R1,1343723075,963122165,1538,Det/images/normal_train/00983086.png,0,03,learnable_hard,0.8182192285,0.13,0.1969639864,normal_replay,GroupDiverse-Gap
RUN_134,TRIAD_045,A15_GroupDiverse-Gap_B3000,R1,1343723075,963122165,1539,Det/images/normal_train/00566214.png,0,07,easy_clean,0.0123691209,1.0,0.0188351741,normal_replay,GroupDiverse-Gap
RUN_134,TRIAD_045,A15_GroupDiverse-Gap_B3000,R1,1343723075,963122165,1540,Det/images/normal_train/00812141.png,0,00,easy_clean,0.0144691163,1.0,0.0218460362,normal_replay,GroupDiverse-Gap
RUN_134,TRIAD_045,A15_GroupDiverse-Gap_B3000,R1,1343723075,963122165,1541,Det/images/normal_train/00406853.png,0,03,easy_clean,0.014787534,1.0,0.0167540172,normal_replay,GroupDiverse-Gap
RUN_134,TRIAD_045,A15_GroupDiverse-Gap_B3000,R1,1343723075,963122165,1542,Det/images/normal_train/00823556.png,0,02,easy_clean,0.0004786283,1.0,0.0009698435,normal_replay,GroupDiverse-Gap
RUN_134,TRIAD_045,A15_GroupDiverse-Gap_B3000,R1,1343723075,963122165,1543,Det/images/normal_train/00765479.png,0,08,easy_clean,0.0113587276,1.0,0.0128276066,normal_replay,GroupDiverse-Gap
RUN_134,TRIAD_045,A15_GroupDiverse-Gap_B3000,R1,1343723075,963122165,1544,Det/images/normal_train/01008919.png,0,07,easy_clean,0.0168247739,1.0,0.0231450454,normal_replay,GroupDiverse-Gap
RUN_134,TRIAD_045,A15_GroupDiverse-Gap_B3000,R1,1343723075,963122165,1545,Det/images/normal_train/00252760.png,0,08,easy_clean,0.0137327701,1.0,0.0298767214,normal_replay,GroupDiverse-Gap
RUN_134,TRIAD_045,A15_GroupDiverse-Gap_B3000,R1,1343723075,963122165,1546,Det/images/normal_train/01029338.png,0,09,easy_clean,0.0265025048,1.0,0.0409071004,normal_replay,GroupDiverse-Gap
RUN_134,TRIAD_045,A15_GroupDiverse-Gap_B3000,R1,1343723075,963122165,1547,Det/images/normal_train/01164351.png,0,08,easy_clean,0.0100673254,1.0,0.0176904861,normal_replay,GroupDiverse-Gap
RUN_134,TRIAD_045,A15_GroupDiverse-Gap_B3000,R1,1343723075,963122165,1548,Det/images/normal_train/00816689.png,0,00,easy_clean,0.0025152956,1.0,0.002648278,normal_replay,GroupDiverse-Gap
RUN_134,TRIAD_045,A15_GroupDiverse-Gap_B3000,R1,1343723075,963122165,1549,Det/images/normal_train/00461645.png,0,02,easy_clean,0.0004321947,1.0,0.0006320409,normal_replay,GroupDiverse-Gap
RUN_134,TRIAD_045,A15_GroupDiverse-Gap_B3000,R1,1343723075,963122165,1550,Det/images/normal_train/01015704.png,0,03,easy_clean,0.0169711335,1.0,0.0184427471,normal_replay,GroupDiverse-Gap
RUN_134,TRIAD_045,A15_GroupDiverse-Gap_B3000,R1,1343723075,963122165,1551,Det/images/normal_train/00897772.png,0,00,learnable_hard,0.0669239081,0.995,0.065313535,normal_replay,GroupDiverse-Gap
RUN_134,TRIAD_045,A15_GroupDiverse-Gap_B3000,R1,1343723075,963122165,1552,Det/images/normal_train/00283240.png,0,03,easy_clean,0.0431595293,0.995,0.0692751624,normal_replay,GroupDiverse-Gap
RUN_134,TRIAD_045,A15_GroupDiverse-Gap_B3000,R1,1343723075,963122165,1553,Det/images/normal_train/00767818.png,0,03,easy_clean,0.0012928588,1.0,0.0053233811,normal_replay,GroupDiverse-Gap
RUN_134,TRIAD_045,A15_GroupDiverse-Gap_B3000,R1,1343723075,963122165,1554,Det/images/normal_train/00445655.png,0,08,easy_clean,0.0166167761,1.0,0.0360665179,normal_replay,GroupDiverse-Gap
RUN_134,TRIAD_045,A15_GroupDiverse-Gap_B3000,R1,1343723075,963122165,1555,Det/images/normal_train/01062700.png,0,08,easy_clean,0.0065079565,1.0,0.0128273828,normal_replay,GroupDiverse-Gap
RUN_134,TRIAD_045,A15_GroupDiverse-Gap_B3000,R1,1343723075,963122165,1556,Det/images/normal_train/00716755.png,0,08,easy_clean,0.0015135431,1.0,0.0078177627,normal_replay,GroupDiverse-Gap
RUN_134,TRIAD_045,A15_GroupDiverse-Gap_B3000,R1,1343723075,963122165,1557,Det/images/normal_train/00522395.png,0,07,easy_clean,0.0118978753,1.0,0.0204876223,normal_replay,GroupDiverse-Gap
RUN_134,TRIAD_045,A15_GroupDiverse-Gap_B3000,R1,1343723075,963122165,1558,Det/images/normal_train/01001267.png,0,05,easy_clean,0.0030388542,1.0,0.0044509007,normal_replay,GroupDiverse-Gap
RUN_134,TRIAD_045,A15_GroupDiverse-Gap_B3000,R1,1343723075,963122165,1559,Det/images/normal_train/00576771.png,0,04,easy_clean,0.0015866224,1.0,0.009186567,normal_replay,GroupDiverse-Gap
RUN_134,TRIAD_045,A15_GroupDiverse-Gap_B3000,R1,1343723075,963122165,1560,Det/images/normal_train/00187906.png,0,03,learnable_hard,0.1112575549,0.985,0.1356867299,normal_replay,GroupDiverse-Gap
RUN_134,TRIAD_045,A15_GroupDiverse-Gap_B3000,R1,1343723075,963122165,1561,Det/images/normal_train/00452876.png,0,06,easy_clean,0.0094040572,1.0,0.0116262474,normal_replay,GroupDiverse-Gap
RUN_134,TRIAD_045,A15_GroupDiverse-Gap_B3000,R1,1343723075,963122165,1562,Det/images/normal_train/01212832.png,0,02,easy_clean,0.0331252334,1.0,0.0282426374,normal_replay,GroupDiverse-Gap
RUN_134,TRIAD_045,A15_GroupDiverse-Gap_B3000,R1,1343723075,963122165,1563,Det/images/normal_train/01112644.png,0,07,easy_clean,0.02728864,1.0,0.0275962045,normal_replay,GroupDiverse-Gap
RUN_134,TRIAD_045,A15_GroupDiverse-Gap_B3000,R1,1343723075,963122165,1564,Det/images/normal_train/00848484.png,0,07,easy_clean,0.062642221,1.0,0.0796484247,normal_replay,GroupDiverse-Gap
RUN_134,TRIAD_045,A15_GroupDiverse-Gap_B3000,R1,1343723075,963122165,1565,Det/images/normal_train/01156725.png,0,00,easy_clean,0.0143707517,1.0,0.0136889977,normal_replay,GroupDiverse-Gap
RUN_134,TRIAD_045,A15_GroupDiverse-Gap_B3000,R1,1343723075,963122165,1566,Det/images/normal_train/00775472.png,0,09,easy_clean,0.0038303497,1.0,0.0082929584,normal_replay,GroupDiverse-Gap
RUN_134,TRIAD_045,A15_GroupDiverse-Gap_B3000,R1,1343723075,963122165,1567,Det/images/normal_train/00516900.png,0,04,easy_clean,0.0006573731,1.0,0.0012082951,normal_replay,GroupDiverse-Gap
RUN_134,TRIAD_045,A15_GroupDiverse-Gap_B3000,R1,1343723075,963122165,1568,Det/images/normal_train/00968197.png,0,09,easy_clean,0.0028967,1.0,0.0132975763,normal_replay,GroupDiverse-Gap
RUN_134,TRIAD_045,A15_GroupDiverse-Gap_B3000,R1,1343723075,963122165,1569,Det/images/normal_train/01137521.png,0,03,easy_clean,0.0260375169,0.995,0.0722243846,normal_replay,GroupDiverse-Gap
RUN_134,TRIAD_045,A15_GroupDiverse-Gap_B3000,R1,1343723075,963122165,1570,Det/images/normal_train/00975705.png,0,02,easy_clean,0.0522194716,1.0,0.0381087249,normal_replay,GroupDiverse-Gap
RUN_134,TRIAD_045,A15_GroupDiverse-Gap_B3000,R1,1343723075,963122165,1571,Det/images/normal_train/00796579.png,0,04,easy_clean,0.0002963487,1.0,0.0006394796,normal_replay,GroupDiverse-Gap
RUN_134,TRIAD_045,A15_GroupDiverse-Gap_B3000,R1,1343723075,963122165,1572,Det/images/normal_train/00243773.png,0,06,easy_clean,0.0191830463,1.0,0.0199174069,normal_replay,GroupDiverse-Gap
RUN_134,TRIAD_045,A15_GroupDiverse-Gap_B3000,R1,1343723075,963122165,1573,Det/images/normal_train/00405857.png,0,05,easy_clean,0.0361416578,1.0,0.0328956925,normal_replay,GroupDiverse-Gap
RUN_134,TRIAD_045,A15_GroupDiverse-Gap_B3000,R1,1343723075,963122165,1574,Det/images/normal_train/01118526.png,0,02,learnable_hard,0.2546421758,0.955,0.1558830876,normal_replay,GroupDiverse-Gap
RUN_134,TRIAD_045,A15_GroupDiverse-Gap_B3000,R1,1343723075,963122165,1575,Det/images/normal_train/00595624.png,0,01,easy_clean,0.005258857,1.0,0.0083080166,normal_replay,GroupDiverse-Gap
RUN_134,TRIAD_045,A15_GroupDiverse-Gap_B3000,R1,1343723075,963122165,1576,Det/images/normal_train/00981209.png,0,05,easy_clean,0.0102345469,1.0,0.0128618846,normal_replay,GroupDiverse-Gap
RUN_134,TRIAD_045,A15_GroupDiverse-Gap_B3000,R1,1343723075,963122165,1577,Det/images/normal_train/01011422.png,0,07,easy_clean,0.0576920584,1.0,0.0669099847,normal_replay,GroupDiverse-Gap
RUN_134,TRIAD_045,A15_GroupDiverse-Gap_B3000,R1,1343723075,963122165,1578,Det/images/normal_train/01283891.png,0,06,easy_clean,0.0126547508,1.0,0.0152373113,normal_replay,GroupDiverse-Gap
RUN_134,TRIAD_045,A15_GroupDiverse-Gap_B3000,R1,1343723075,963122165,1579,Det/images/normal_train/00720500.png,0,09,easy_clean,0.0031464566,1.0,0.014732178,normal_replay,GroupDiverse-Gap
RUN_134,TRIAD_045,A15_GroupDiverse-Gap_B3000,R1,1343723075,963122165,1580,Det/images/normal_train/00388621.png,0,00,easy_clean,0.0047158086,1.0,0.0055271846,normal_replay,GroupDiverse-Gap
RUN_134,TRIAD_045,A15_GroupDiverse-Gap_B3000,R1,1343723075,963122165,1581,Det/images/normal_train/00559858.png,0,03,easy_clean,0.0016511994,1.0,0.0036504013,normal_replay,GroupDiverse-Gap
RUN_134,TRIAD_045,A15_GroupDiverse-Gap_B3000,R1,1343723075,963122165,1582,Det/images/normal_train/01035515.png,0,01,ordinary,0.1391733476,1.0,0.0636914596,normal_replay,GroupDiverse-Gap
RUN_134,TRIAD_045,A15_GroupDiverse-Gap_B3000,R1,1343723075,963122165,1583,Det/images/normal_train/00792205.png,0,03,learnable_hard,0.052650566,0.995,0.0834749713,normal_replay,GroupDiverse-Gap
RUN_134,TRIAD_045,A15_GroupDiverse-Gap_B3000,R1,1343723075,963122165,1584,Det/images/normal_train/00175462.png,0,06,easy_clean,0.0701974533,1.0,0.0652634503,normal_replay,GroupDiverse-Gap
RUN_134,TRIAD_045,A15_GroupDiverse-Gap_B3000,R1,1343723075,963122165,1585,Det/images/normal_train/01025848.png,0,01,easy_clean,0.025390833,1.0,0.0406091054,normal_replay,GroupDiverse-Gap
RUN_134,TRIAD_045,A15_GroupDiverse-Gap_B3000,R1,1343723075,963122165,1586,Det/images/normal_train/00421956.png,0,09,unstable_boundary,0.5132058755,0.64,0.1323025768,normal_replay,GroupDiverse-Gap
RUN_134,TRIAD_045,A15_GroupDiverse-Gap_B3000,R1,1343723075,963122165,1587,Det/images/normal_train/01132054.png,0,07,easy_clean,0.0419103796,1.0,0.0257367327,normal_replay,GroupDiverse-Gap
RUN_134,TRIAD_045,A15_GroupDiverse-Gap_B3000,R1,1343723075,963122165,1588,Det/images/normal_train/00812099.png,0,00,easy_clean,0.000727811,1.0,0.0008143427,normal_replay,GroupDiverse-Gap
RUN_134,TRIAD_045,A15_GroupDiverse-Gap_B3000,R1,1343723075,963122165,1589,Det/images/normal_train/00476820.png,0,09,learnable_hard,0.0217142069,0.995,0.0511499155,normal_replay,GroupDiverse-Gap
RUN_134,TRIAD_045,A15_GroupDiverse-Gap_B3000,R1,1343723075,963122165,1590,Det/images/normal_train/00984661.png,0,02,easy_clean,0.0043515656,1.0,0.0109294126,normal_replay,GroupDiverse-Gap
RUN_134,TRIAD_045,A15_GroupDiverse-Gap_B3000,R1,1343723075,963122165,1591,Det/images/normal_train/00272185.png,0,00,easy_clean,0.0007604588,1.0,0.0012705747,normal_replay,GroupDiverse-Gap
RUN_134,TRIAD_045,A15_GroupDiverse-Gap_B3000,R1,1343723075,963122165,1592,Det/images/normal_train/00537470.png,0,09,easy_clean,0.000471834,1.0,0.0006623362,normal_replay,GroupDiverse-Gap
RUN_134,TRIAD_045,A15_GroupDiverse-Gap_B3000,R1,1343723075,963122165,1593,Det/images/normal_train/00384501.png,0,08,learnable_hard,0.1553646095,0.995,0.1345296558,normal_replay,GroupDiverse-Gap
RUN_134,TRIAD_045,A15_GroupDiverse-Gap_B3000,R1,1343723075,963122165,1594,Det/images/normal_train/01018961.png,0,01,easy_clean,0.0008222041,1.0,0.0009695921,normal_replay,GroupDiverse-Gap
RUN_134,TRIAD_045,A15_GroupDiverse-Gap_B3000,R1,1343723075,963122165,1595,Det/images/normal_train/00323645.png,0,06,easy_clean,0.0072897312,1.0,0.0127947959,normal_replay,GroupDiverse-Gap
RUN_134,TRIAD_045,A15_GroupDiverse-Gap_B3000,R1,1343723075,963122165,1596,Det/images/normal_train/01066982.png,0,00,easy_clean,0.0032277685,1.0,0.0071253327,normal_replay,GroupDiverse-Gap
RUN_134,TRIAD_045,A15_GroupDiverse-Gap_B3000,R1,1343723075,963122165,1597,Det/images/normal_train/01028268.png,0,06,easy_clean,0.0364395551,1.0,0.0457114106,normal_replay,GroupDiverse-Gap
RUN_134,TRIAD_045,A15_GroupDiverse-Gap_B3000,R1,1343723075,963122165,1598,Det/images/normal_train/00427767.png,0,04,easy_clean,0.0067162451,1.0,0.0055640654,normal_replay,GroupDiverse-Gap
RUN_134,TRIAD_045,A15_GroupDiverse-Gap_B3000,R1,1343723075,963122165,1599,Det/images/normal_train/00479195.png,0,03,easy_clean,0.0002497378,1.0,0.00044751,normal_replay,GroupDiverse-Gap
RUN_134,TRIAD_045,A15_GroupDiverse-Gap_B3000,R1,1343723075,963122165,1600,Det/images/normal_train/00851092.png,0,01,easy_clean,0.0024746018,1.0,0.0045845836,normal_replay,GroupDiverse-Gap
RUN_134,TRIAD_045,A15_GroupDiverse-Gap_B3000,R1,1343723075,963122165,1601,Det/images/normal_train/01144933.png,0,05,easy_clean,0.0081387532,1.0,0.0092923355,normal_replay,GroupDiverse-Gap
RUN_134,TRIAD_045,A15_GroupDiverse-Gap_B3000,R1,1343723075,963122165,1602,Det/images/normal_train/00826275.png,0,03,easy_clean,0.0185112477,1.0,0.0269861037,normal_replay,GroupDiverse-Gap
RUN_134,TRIAD_045,A15_GroupDiverse-Gap_B3000,R1,1343723075,963122165,1603,Det/images/normal_train/00971826.png,0,02,easy_clean,0.0025399243,1.0,0.0174437559,normal_replay,GroupDiverse-Gap
RUN_134,TRIAD_045,A15_GroupDiverse-Gap_B3000,R1,1343723075,963122165,1604,Det/images/normal_train/00476951.png,0,09,easy_clean,0.007444469,1.0,0.0100743411,normal_replay,GroupDiverse-Gap
RUN_134,TRIAD_045,A15_GroupDiverse-Gap_B3000,R1,1343723075,963122165,1605,Det/images/normal_train/00277714.png,0,04,learnable_hard,0.0182176822,0.995,0.0577502272,normal_replay,GroupDiverse-Gap
RUN_134,TRIAD_045,A15_GroupDiverse-Gap_B3000,R1,1343723075,963122165,1606,Det/images/normal_train/01045727.png,0,08,ordinary,0.2449780371,0.86,0.2383001208,normal_replay,GroupDiverse-Gap
RUN_134,TRIAD_045,A15_GroupDiverse-Gap_B3000,R1,1343723075,963122165,1607,Det/images/normal_train/00151196.png,0,01,easy_clean,0.0639764021,1.0,0.0503637986,normal_replay,GroupDiverse-Gap
RUN_134,TRIAD_045,A15_GroupDiverse-Gap_B3000,R1,1343723075,963122165,1608,Det/images/normal_train/00357936.png,0,09,easy_clean,0.0022057155,1.0,0.0025101274,normal_replay,GroupDiverse-Gap
RUN_134,TRIAD_045,A15_GroupDiverse-Gap_B3000,R1,1343723075,963122165,1609,Det/images/normal_train/00536977.png,0,02,easy_clean,0.0042334586,1.0,0.0069968354,normal_replay,GroupDiverse-Gap
RUN_134,TRIAD_045,A15_GroupDiverse-Gap_B3000,R1,1343723075,963122165,1610,Det/images/normal_train/00832589.png,0,05,easy_clean,0.0141777823,1.0,0.0446929923,normal_replay,GroupDiverse-Gap
RUN_134,TRIAD_045,A15_GroupDiverse-Gap_B3000,R1,1343723075,963122165,1611,Det/images/normal_train/01276786.png,0,01,easy_clean,0.0152893353,1.0,0.0336466349,normal_replay,GroupDiverse-Gap
RUN_134,TRIAD_045,A15_GroupDiverse-Gap_B3000,R1,1343723075,963122165,1612,Det/images/normal_train/00363127.png,0,02,easy_clean,0.0024899289,1.0,0.0048585912,normal_replay,GroupDiverse-Gap
RUN_134,TRIAD_045,A15_GroupDiverse-Gap_B3000,R1,1343723075,963122165,1613,Det/images/normal_train/01174514.png,0,01,easy_clean,0.0365428824,0.995,0.0824673895,normal_replay,GroupDiverse-Gap
RUN_134,TRIAD_045,A15_GroupDiverse-Gap_B3000,R1,1343723075,963122165,1614,Det/images/normal_train/00555640.png,0,07,easy_clean,0.0003287113,1.0,0.0005707264,normal_replay,GroupDiverse-Gap
RUN_134,TRIAD_045,A15_GroupDiverse-Gap_B3000,R1,1343723075,963122165,1615,Det/images/normal_train/00610973.png,0,05,easy_clean,0.0092905295,1.0,0.014193273,normal_replay,GroupDiverse-Gap
RUN_134,TRIAD_045,A15_GroupDiverse-Gap_B3000,R1,1343723075,963122165,1616,Det/images/normal_train/00286213.png,0,06,easy_clean,0.0036783641,1.0,0.0147710504,normal_replay,GroupDiverse-Gap
RUN_134,TRIAD_045,A15_GroupDiverse-Gap_B3000,R1,1343723075,963122165,1617,Det/images/normal_train/00659384.png,0,01,easy_clean,0.0034026609,1.0,0.0060108017,normal_replay,GroupDiverse-Gap
RUN_134,TRIAD_045,A15_GroupDiverse-Gap_B3000,R1,1343723075,963122165,1618,Det/images/normal_train/00657250.png,0,05,easy_clean,0.0338607121,1.0,0.0469806899,normal_replay,GroupDiverse-Gap
RUN_134,TRIAD_045,A15_GroupDiverse-Gap_B3000,R1,1343723075,963122165,1619,Det/images/normal_train/00497000.png,0,01,easy_clean,0.0105289989,1.0,0.0250532679,normal_replay,GroupDiverse-Gap
RUN_134,TRIAD_045,A15_GroupDiverse-Gap_B3000,R1,1343723075,963122165,1620,Det/images/normal_train/00512932.png,0,05,easy_clean,0.0162862455,1.0,0.0314930117,normal_replay,GroupDiverse-Gap
RUN_134,TRIAD_045,A15_GroupDiverse-Gap_B3000,R1,1343723075,963122165,1621,Det/images/normal_train/00378680.png,0,05,easy_clean,0.0004113488,1.0,0.0007645392,normal_replay,GroupDiverse-Gap
RUN_134,TRIAD_045,A15_GroupDiverse-Gap_B3000,R1,1343723075,963122165,1622,Det/images/normal_train/00279110.png,0,03,learnable_hard,0.7050590228,0.055,0.1149039308,normal_replay,GroupDiverse-Gap
RUN_134,TRIAD_045,A15_GroupDiverse-Gap_B3000,R1,1343723075,963122165,1623,Det/images/normal_train/00271174.png,0,03,easy_clean,0.0017114691,1.0,0.004175982,normal_replay,GroupDiverse-Gap
RUN_134,TRIAD_045,A15_GroupDiverse-Gap_B3000,R1,1343723075,963122165,1624,Det/images/normal_train/00187027.png,0,03,learnable_hard,0.8458938878,0.075,0.191391053,normal_replay,GroupDiverse-Gap
RUN_134,TRIAD_045,A15_GroupDiverse-Gap_B3000,R1,1343723075,963122165,1625,Det/images/normal_train/01260625.png,0,05,easy_clean,0.034315341,1.0,0.0425410495,normal_replay,GroupDiverse-Gap
RUN_134,TRIAD_045,A15_GroupDiverse-Gap_B3000,R1,1343723075,963122165,1626,Det/images/normal_train/00999910.png,0,08,easy_clean,0.0489610765,1.0,0.0537991303,normal_replay,GroupDiverse-Gap
RUN_134,TRIAD_045,A15_GroupDiverse-Gap_B3000,R1,1343723075,963122165,1627,Det/images/normal_train/00260123.png,0,09,easy_clean,0.0041221931,1.0,0.0123391857,normal_replay,GroupDiverse-Gap
RUN_134,TRIAD_045,A15_GroupDiverse-Gap_B3000,R1,1343723075,963122165,1628,Det/images/normal_train/00537612.png,0,09,easy_clean,0.0001698838,1.0,0.000287746,normal_replay,GroupDiverse-Gap
RUN_134,TRIAD_045,A15_GroupDiverse-Gap_B3000,R1,1343723075,963122165,1629,Det/images/normal_train/00620128.png,0,06,easy_clean,0.0017216616,1.0,0.0022205385,normal_replay,GroupDiverse-Gap
RUN_134,TRIAD_045,A15_GroupDiverse-Gap_B3000,R1,1343723075,963122165,1630,Det/images/normal_train/01092955.png,0,03,learnable_hard,0.2243178132,0.98,0.1773392333,normal_replay,GroupDiverse-Gap
RUN_134,TRIAD_045,A15_GroupDiverse-Gap_B3000,R1,1343723075,963122165,1631,Det/images/normal_train/00373343.png,0,03,easy_clean,0.0202610448,1.0,0.0169178192,normal_replay,GroupDiverse-Gap
RUN_134,TRIAD_045,A15_GroupDiverse-Gap_B3000,R1,1343723075,963122165,1632,Det/images/normal_train/00623356.png,0,08,easy_clean,0.0059002194,1.0,0.0126142859,normal_replay,GroupDiverse-Gap
RUN_134,TRIAD_045,A15_GroupDiverse-Gap_B3000,R1,1343723075,963122165,1633,Det/images/normal_train/00779887.png,0,08,easy_clean,0.0033366923,1.0,0.0050911006,normal_replay,GroupDiverse-Gap
RUN_134,TRIAD_045,A15_GroupDiverse-Gap_B3000,R1,1343723075,963122165,1634,Det/images/normal_train/01226323.png,0,00,easy_clean,0.0190830329,1.0,0.0194270137,normal_replay,GroupDiverse-Gap
RUN_134,TRIAD_045,A15_GroupDiverse-Gap_B3000,R1,1343723075,963122165,1635,Det/images/normal_train/01152975.png,0,08,ordinary,0.3347451893,0.845,0.2181373006,normal_replay,GroupDiverse-Gap
RUN_134,TRIAD_045,A15_GroupDiverse-Gap_B3000,R1,1343723075,963122165,1636,Det/images/normal_train/00792791.png,0,03,easy_clean,0.0011184982,1.0,0.0013287085,normal_replay,GroupDiverse-Gap
RUN_134,TRIAD_045,A15_GroupDiverse-Gap_B3000,R1,1343723075,963122165,1637,Det/images/normal_train/01000144.png,0,04,ordinary,0.0654798199,0.98,0.0922178382,normal_replay,GroupDiverse-Gap
RUN_134,TRIAD_045,A15_GroupDiverse-Gap_B3000,R1,1343723075,963122165,1638,Det/images/normal_train/01179289.png,0,07,easy_clean,0.0265635807,1.0,0.0304325868,normal_replay,GroupDiverse-Gap
RUN_134,TRIAD_045,A15_GroupDiverse-Gap_B3000,R1,1343723075,963122165,1639,Det/images/normal_train/00766859.png,0,07,easy_clean,0.0006349284,1.0,0.0014344227,normal_replay,GroupDiverse-Gap
RUN_134,TRIAD_045,A15_GroupDiverse-Gap_B3000,R1,1343723075,963122165,1640,Det/images/normal_train/00797851.png,0,06,ordinary,0.4250300197,0.64,0.186811214,normal_replay,GroupDiverse-Gap
RUN_134,TRIAD_045,A15_GroupDiverse-Gap_B3000,R1,1343723075,963122165,1641,Det/images/normal_train/00885782.png,0,04,learnable_hard,0.0237651294,0.995,0.041813138,normal_replay,GroupDiverse-Gap
RUN_134,TRIAD_045,A15_GroupDiverse-Gap_B3000,R1,1343723075,963122165,1642,Det/images/normal_train/01030361.png,0,04,easy_clean,0.0213176625,1.0,0.0259943928,normal_replay,GroupDiverse-Gap
RUN_134,TRIAD_045,A15_GroupDiverse-Gap_B3000,R1,1343723075,963122165,1643,Det/images/normal_train/00321070.png,0,03,unstable_boundary,0.5433789132,0.315,0.098036086,normal_replay,GroupDiverse-Gap
RUN_134,TRIAD_045,A15_GroupDiverse-Gap_B3000,R1,1343723075,963122165,1644,Det/images/normal_train/00777290.png,0,08,learnable_hard,0.0507702026,0.975,0.11928509,normal_replay,GroupDiverse-Gap
RUN_134,TRIAD_045,A15_GroupDiverse-Gap_B3000,R1,1343723075,963122165,1645,Det/images/normal_train/00238189.png,0,02,learnable_hard,0.0951427006,0.99,0.0935309794,normal_replay,GroupDiverse-Gap
RUN_134,TRIAD_045,A15_GroupDiverse-Gap_B3000,R1,1343723075,963122165,1646,Det/images/normal_train/00996777.png,0,04,easy_clean,0.0018407252,1.0,0.0046639175,normal_replay,GroupDiverse-Gap
RUN_134,TRIAD_045,A15_GroupDiverse-Gap_B3000,R1,1343723075,963122165,1647,Det/images/normal_train/00901050.png,0,06,persistent_hard,0.6425005305,0.29,0.1975558739,normal_replay,GroupDiverse-Gap
RUN_134,TRIAD_045,A15_GroupDiverse-Gap_B3000,R1,1343723075,963122165,1648,Det/images/normal_train/01260430.png,0,05,easy_clean,0.049166368,1.0,0.0412999753,normal_replay,GroupDiverse-Gap
RUN_134,TRIAD_045,A15_GroupDiverse-Gap_B3000,R1,1343723075,963122165,1649,Det/images/normal_train/01241863.png,0,09,easy_clean,0.0001338826,1.0,0.0002039905,normal_replay,GroupDiverse-Gap
RUN_134,TRIAD_045,A15_GroupDiverse-Gap_B3000,R1,1343723075,963122165,1650,Det/images/normal_train/01285143.png,0,08,easy_clean,0.0212646412,1.0,0.0323115797,normal_replay,GroupDiverse-Gap
RUN_134,TRIAD_045,A15_GroupDiverse-Gap_B3000,R1,1343723075,963122165,1651,Det/images/normal_train/00853052.png,0,00,easy_clean,0.0001563272,1.0,0.000263467,normal_replay,GroupDiverse-Gap
RUN_134,TRIAD_045,A15_GroupDiverse-Gap_B3000,R1,1343723075,963122165,1652,Det/images/normal_train/00585856.png,0,05,easy_clean,0.0031000109,1.0,0.009605955,normal_replay,GroupDiverse-Gap
RUN_134,TRIAD_045,A15_GroupDiverse-Gap_B3000,R1,1343723075,963122165,1653,Det/images/normal_train/00665958.png,0,09,easy_clean,0.0449444614,1.0,0.0310178642,normal_replay,GroupDiverse-Gap
RUN_134,TRIAD_045,A15_GroupDiverse-Gap_B3000,R1,1343723075,963122165,1654,Det/images/normal_train/01127205.png,0,06,easy_clean,0.0231432202,1.0,0.026781291,normal_replay,GroupDiverse-Gap
RUN_134,TRIAD_045,A15_GroupDiverse-Gap_B3000,R1,1343723075,963122165,1655,Det/images/normal_train/00447576.png,0,05,easy_clean,0.0005976788,1.0,0.0008968381,normal_replay,GroupDiverse-Gap
RUN_134,TRIAD_045,A15_GroupDiverse-Gap_B3000,R1,1343723075,963122165,1656,Det/images/normal_train/01136530.png,0,07,easy_clean,0.0030698217,1.0,0.0037792366,normal_replay,GroupDiverse-Gap
RUN_134,TRIAD_045,A15_GroupDiverse-Gap_B3000,R1,1343723075,963122165,1657,Det/images/normal_train/01136545.png,0,07,easy_clean,0.0090762142,1.0,0.0081382358,normal_replay,GroupDiverse-Gap
RUN_134,TRIAD_045,A15_GroupDiverse-Gap_B3000,R1,1343723075,963122165,1658,Det/images/normal_train/01028554.png,0,06,easy_clean,0.0113683139,1.0,0.0113119614,normal_replay,GroupDiverse-Gap
RUN_134,TRIAD_045,A15_GroupDiverse-Gap_B3000,R1,1343723075,963122165,1659,Det/images/normal_train/00211513.png,0,06,easy_clean,0.0043124529,1.0,0.0097840001,normal_replay,GroupDiverse-Gap
RUN_134,TRIAD_045,A15_GroupDiverse-Gap_B3000,R1,1343723075,963122165,1660,Det/images/normal_train/00856019.png,0,08,easy_clean,0.0048477517,1.0,0.0195622014,normal_replay,GroupDiverse-Gap
RUN_134,TRIAD_045,A15_GroupDiverse-Gap_B3000,R1,1343723075,963122165,1661,Det/images/normal_train/00359596.png,0,05,learnable_hard,0.0147937388,0.995,0.0403108655,normal_replay,GroupDiverse-Gap
RUN_134,TRIAD_045,A15_GroupDiverse-Gap_B3000,R1,1343723075,963122165,1662,Det/images/normal_train/00231333.png,0,08,easy_clean,0.0008393685,1.0,0.0013603952,normal_replay,GroupDiverse-Gap
RUN_134,TRIAD_045,A15_GroupDiverse-Gap_B3000,R1,1343723075,963122165,1663,Det/images/normal_train/01172590.png,0,07,easy_clean,0.022711045,1.0,0.0408685313,normal_replay,GroupDiverse-Gap
RUN_134,TRIAD_045,A15_GroupDiverse-Gap_B3000,R1,1343723075,963122165,1664,Det/images/normal_train/01229496.png,0,00,easy_clean,0.0050236279,1.0,0.0056889066,normal_replay,GroupDiverse-Gap
RUN_134,TRIAD_045,A15_GroupDiverse-Gap_B3000,R1,1343723075,963122165,1665,Det/images/normal_train/00917810.png,0,08,easy_clean,0.0317811318,1.0,0.0354137822,normal_replay,GroupDiverse-Gap
RUN_134,TRIAD_045,A15_GroupDiverse-Gap_B3000,R1,1343723075,963122165,1666,Det/images/normal_train/01143662.png,0,08,easy_clean,0.0366859051,1.0,0.0210473653,normal_replay,GroupDiverse-Gap
RUN_134,TRIAD_045,A15_GroupDiverse-Gap_B3000,R1,1343723075,963122165,1667,Det/images/normal_train/00298176.png,0,06,persistent_hard,0.7131250631,0.045,0.167340262,normal_replay,GroupDiverse-Gap
RUN_134,TRIAD_045,A15_GroupDiverse-Gap_B3000,R1,1343723075,963122165,1668,Det/images/normal_train/00739502.png,0,00,easy_clean,0.0359856803,1.0,0.0286623345,normal_replay,GroupDiverse-Gap
RUN_134,TRIAD_045,A15_GroupDiverse-Gap_B3000,R1,1343723075,963122165,1669,Det/images/normal_train/01051139.png,0,06,easy_clean,0.0338012521,1.0,0.0438836065,normal_replay,GroupDiverse-Gap
RUN_134,TRIAD_045,A15_GroupDiverse-Gap_B3000,R1,1343723075,963122165,1670,Det/images/normal_train/00524764.png,0,02,easy_clean,0.0006783069,1.0,0.0010672611,normal_replay,GroupDiverse-Gap
RUN_134,TRIAD_045,A15_GroupDiverse-Gap_B3000,R1,1343723075,963122165,1671,Det/images/normal_train/00976622.png,0,04,easy_clean,0.0260606455,1.0,0.0200246356,normal_replay,GroupDiverse-Gap
RUN_134,TRIAD_045,A15_GroupDiverse-Gap_B3000,R1,1343723075,963122165,1672,Det/images/normal_train/00748170.png,0,04,easy_clean,0.0026645898,1.0,0.0077524918,normal_replay,GroupDiverse-Gap
RUN_134,TRIAD_045,A15_GroupDiverse-Gap_B3000,R1,1343723075,963122165,1673,Det/images/normal_train/00922396.png,0,02,easy_clean,0.0073006761,1.0,0.024081434,normal_replay,GroupDiverse-Gap
RUN_134,TRIAD_045,A15_GroupDiverse-Gap_B3000,R1,1343723075,963122165,1674,Det/images/normal_train/00381260.png,0,05,easy_clean,0.0245188063,1.0,0.0166509404,normal_replay,GroupDiverse-Gap
RUN_134,TRIAD_045,A15_GroupDiverse-Gap_B3000,R1,1343723075,963122165,1675,Det/images/normal_train/00826650.png,0,03,learnable_hard,0.0302477296,0.995,0.0497588957,normal_replay,GroupDiverse-Gap
RUN_134,TRIAD_045,A15_GroupDiverse-Gap_B3000,R1,1343723075,963122165,1676,Det/images/normal_train/01017627.png,0,07,ordinary,0.0953581771,1.0,0.0573888053,normal_replay,GroupDiverse-Gap
RUN_134,TRIAD_045,A15_GroupDiverse-Gap_B3000,R1,1343723075,963122165,1677,Det/images/normal_train/01119113.png,0,01,easy_clean,0.036729584,1.0,0.0385490483,normal_replay,GroupDiverse-Gap
RUN_134,TRIAD_045,A15_GroupDiverse-Gap_B3000,R1,1343723075,963122165,1678,Det/images/normal_train/00640762.png,0,02,easy_clean,0.0090425204,1.0,0.007764488,normal_replay,GroupDiverse-Gap
RUN_134,TRIAD_045,A15_GroupDiverse-Gap_B3000,R1,1343723075,963122165,1679,Det/images/normal_train/00494149.png,0,05,easy_clean,0.0083537023,1.0,0.0110192691,normal_replay,GroupDiverse-Gap
RUN_134,TRIAD_045,A15_GroupDiverse-Gap_B3000,R1,1343723075,963122165,1680,Det/images/normal_train/00831274.png,0,00,easy_clean,0.0014155706,1.0,0.0026566357,normal_replay,GroupDiverse-Gap
RUN_134,TRIAD_045,A15_GroupDiverse-Gap_B3000,R1,1343723075,963122165,1681,Det/images/normal_train/00878790.png,0,09,easy_clean,0.0030179701,1.0,0.0036182442,normal_replay,GroupDiverse-Gap
RUN_134,TRIAD_045,A15_GroupDiverse-Gap_B3000,R1,1343723075,963122165,1682,Det/images/normal_train/01295127.png,0,04,persistent_hard,0.6470749541,0.22,0.1460615904,normal_replay,GroupDiverse-Gap
RUN_134,TRIAD_045,A15_GroupDiverse-Gap_B3000,R1,1343723075,963122165,1683,Det/images/normal_train/00334412.png,0,06,easy_clean,0.0156290112,1.0,0.0205876364,normal_replay,GroupDiverse-Gap
RUN_134,TRIAD_045,A15_GroupDiverse-Gap_B3000,R1,1343723075,963122165,1684,Det/images/normal_train/00476916.png,0,09,easy_clean,0.0059834994,1.0,0.0182306921,normal_replay,GroupDiverse-Gap
RUN_134,TRIAD_045,A15_GroupDiverse-Gap_B3000,R1,1343723075,963122165,1685,Det/images/normal_train/00965058.png,0,03,learnable_hard,0.0850324786,0.965,0.1309948569,normal_replay,GroupDiverse-Gap
RUN_134,TRIAD_045,A15_GroupDiverse-Gap_B3000,R1,1343723075,963122165,1686,Det/images/normal_train/00962298.png,0,04,easy_clean,0.0134764172,1.0,0.031740744,normal_replay,GroupDiverse-Gap
RUN_134,TRIAD_045,A15_GroupDiverse-Gap_B3000,R1,1343723075,963122165,1687,Det/images/normal_train/00787575.png,0,09,easy_clean,0.0132128449,1.0,0.0133137649,normal_replay,GroupDiverse-Gap
RUN_134,TRIAD_045,A15_GroupDiverse-Gap_B3000,R1,1343723075,963122165,1688,Det/images/normal_train/00607495.png,0,09,learnable_hard,0.1065728569,0.985,0.1297342588,normal_replay,GroupDiverse-Gap
RUN_134,TRIAD_045,A15_GroupDiverse-Gap_B3000,R1,1343723075,963122165,1689,Det/images/normal_train/00971653.png,0,02,easy_clean,0.0053197212,1.0,0.0131558621,normal_replay,GroupDiverse-Gap
RUN_134,TRIAD_045,A15_GroupDiverse-Gap_B3000,R1,1343723075,963122165,1690,Det/images/normal_train/01204837.png,0,09,easy_clean,0.0383960445,1.0,0.0479747732,normal_replay,GroupDiverse-Gap
RUN_134,TRIAD_045,A15_GroupDiverse-Gap_B3000,R1,1343723075,963122165,1691,Det/images/normal_train/01052705.png,0,01,ordinary,0.180110579,1.0,0.1053082002,normal_replay,GroupDiverse-Gap
RUN_134,TRIAD_045,A15_GroupDiverse-Gap_B3000,R1,1343723075,963122165,1692,Det/images/normal_train/00254299.png,0,03,learnable_hard,0.0928741406,0.97,0.1295284415,normal_replay,GroupDiverse-Gap
RUN_134,TRIAD_045,A15_GroupDiverse-Gap_B3000,R1,1343723075,963122165,1693,Det/images/normal_train/00700729.png,0,09,unstable_boundary,0.3884183644,0.805,0.1517554346,normal_replay,GroupDiverse-Gap
RUN_134,TRIAD_045,A15_GroupDiverse-Gap_B3000,R1,1343723075,963122165,1694,Det/images/normal_train/01071859.png,0,04,easy_clean,0.00906744,1.0,0.0121700769,normal_replay,GroupDiverse-Gap
RUN_134,TRIAD_045,A15_GroupDiverse-Gap_B3000,R1,1343723075,963122165,1695,Det/images/normal_train/01174104.png,0,01,easy_clean,0.0029353933,1.0,0.0044655643,normal_replay,GroupDiverse-Gap
RUN_134,TRIAD_045,A15_GroupDiverse-Gap_B3000,R1,1343723075,963122165,1696,Det/images/normal_train/01246372.png,0,01,easy_clean,0.0116897344,1.0,0.0163743668,normal_replay,GroupDiverse-Gap
RUN_134,TRIAD_045,A15_GroupDiverse-Gap_B3000,R1,1343723075,963122165,1697,Det/images/normal_train/01270255.png,0,05,easy_clean,0.0137459224,1.0,0.0162562131,normal_replay,GroupDiverse-Gap
RUN_134,TRIAD_045,A15_GroupDiverse-Gap_B3000,R1,1343723075,963122165,1698,Det/images/normal_train/00694117.png,0,00,learnable_hard,0.0086926524,0.995,0.0603575185,normal_replay,GroupDiverse-Gap
RUN_134,TRIAD_045,A15_GroupDiverse-Gap_B3000,R1,1343723075,963122165,1699,Det/images/normal_train/00365636.png,0,00,easy_clean,0.0012445782,1.0,0.0016400758,normal_replay,GroupDiverse-Gap
RUN_134,TRIAD_045,A15_GroupDiverse-Gap_B3000,R1,1343723075,963122165,1700,Det/images/normal_train/01073499.png,0,07,easy_clean,0.0115294008,1.0,0.0120574159,normal_replay,GroupDiverse-Gap
RUN_134,TRIAD_045,A15_GroupDiverse-Gap_B3000,R1,1343723075,963122165,1701,Det/images/normal_train/01187892.png,0,07,ordinary,0.1296402755,1.0,0.0473126919,normal_replay,GroupDiverse-Gap
RUN_134,TRIAD_045,A15_GroupDiverse-Gap_B3000,R1,1343723075,963122165,1702,Det/images/normal_train/01218340.png,0,03,easy_clean,0.0222424452,1.0,0.0332209631,normal_replay,GroupDiverse-Gap
RUN_134,TRIAD_045,A15_GroupDiverse-Gap_B3000,R1,1343723075,963122165,1703,Det/images/normal_train/01010863.png,0,00,easy_clean,0.0006941817,1.0,0.0008985592,normal_replay,GroupDiverse-Gap
RUN_134,TRIAD_045,A15_GroupDiverse-Gap_B3000,R1,1343723075,963122165,1704,Det/images/normal_train/00511247.png,0,02,learnable_hard,0.1426808692,0.915,0.1838754422,normal_replay,GroupDiverse-Gap
RUN_134,TRIAD_045,A15_GroupDiverse-Gap_B3000,R1,1343723075,963122165,1705,Det/images/normal_train/00583840.png,0,03,learnable_hard,0.0382992764,0.995,0.0569454396,normal_replay,GroupDiverse-Gap
RUN_134,TRIAD_045,A15_GroupDiverse-Gap_B3000,R1,1343723075,963122165,1706,Det/images/normal_train/00584467.png,0,05,learnable_hard,0.2142055874,0.96,0.1785743324,normal_replay,GroupDiverse-Gap
RUN_134,TRIAD_045,A15_GroupDiverse-Gap_B3000,R1,1343723075,963122165,1707,Det/images/normal_train/01056325.png,0,08,learnable_hard,0.008387817,0.995,0.0362889646,normal_replay,GroupDiverse-Gap
RUN_134,TRIAD_045,A15_GroupDiverse-Gap_B3000,R1,1343723075,963122165,1708,Det/images/normal_train/01001929.png,0,05,learnable_hard,0.1137965432,0.985,0.1106483147,normal_replay,GroupDiverse-Gap
RUN_134,TRIAD_045,A15_GroupDiverse-Gap_B3000,R1,1343723075,963122165,1709,Det/images/normal_train/00345293.png,0,05,easy_clean,0.0055935247,1.0,0.0065366347,normal_replay,GroupDiverse-Gap
RUN_134,TRIAD_045,A15_GroupDiverse-Gap_B3000,R1,1343723075,963122165,1710,Det/images/normal_train/00206796.png,0,05,easy_clean,0.0045521427,1.0,0.0062886312,normal_replay,GroupDiverse-Gap
RUN_134,TRIAD_045,A15_GroupDiverse-Gap_B3000,R1,1343723075,963122165,1711,Det/images/normal_train/00759213.png,0,08,easy_clean,0.0034888922,1.0,0.0167447321,normal_replay,GroupDiverse-Gap
RUN_134,TRIAD_045,A15_GroupDiverse-Gap_B3000,R1,1343723075,963122165,1712,Det/images/normal_train/01039516.png,0,01,learnable_hard,0.0320264754,0.995,0.0548220519,normal_replay,GroupDiverse-Gap
RUN_134,TRIAD_045,A15_GroupDiverse-Gap_B3000,R1,1343723075,963122165,1713,Det/images/normal_train/00877101.png,0,04,easy_clean,0.0066768956,1.0,0.0227189996,normal_replay,GroupDiverse-Gap
RUN_134,TRIAD_045,A15_GroupDiverse-Gap_B3000,R1,1343723075,963122165,1714,Det/images/normal_train/01153163.png,0,02,learnable_hard,0.0898846396,0.995,0.0566199464,normal_replay,GroupDiverse-Gap
RUN_134,TRIAD_045,A15_GroupDiverse-Gap_B3000,R1,1343723075,963122165,1715,Det/images/normal_train/00611678.png,0,01,easy_clean,0.0175824135,1.0,0.0157691332,normal_replay,GroupDiverse-Gap
RUN_134,TRIAD_045,A15_GroupDiverse-Gap_B3000,R1,1343723075,963122165,1716,Det/images/normal_train/01142442.png,0,07,unstable_boundary,0.5225405342,0.32,0.1024723829,normal_replay,GroupDiverse-Gap
RUN_134,TRIAD_045,A15_GroupDiverse-Gap_B3000,R1,1343723075,963122165,1717,Det/images/normal_train/01050220.png,0,08,easy_clean,0.0073435984,1.0,0.0043877053,normal_replay,GroupDiverse-Gap
RUN_134,TRIAD_045,A15_GroupDiverse-Gap_B3000,R1,1343723075,963122165,1718,Det/images/normal_train/00413064.png,0,08,easy_clean,0.0045265428,1.0,0.0068357266,normal_replay,GroupDiverse-Gap
RUN_134,TRIAD_045,A15_GroupDiverse-Gap_B3000,R1,1343723075,963122165,1719,Det/images/normal_train/00462288.png,0,03,easy_clean,0.0117928362,1.0,0.0130895581,normal_replay,GroupDiverse-Gap
RUN_134,TRIAD_045,A15_GroupDiverse-Gap_B3000,R1,1343723075,963122165,1720,Det/images/normal_train/01289987.png,0,01,easy_clean,0.0017426105,1.0,0.0036404081,normal_replay,GroupDiverse-Gap
RUN_134,TRIAD_045,A15_GroupDiverse-Gap_B3000,R1,1343723075,963122165,1721,Det/images/normal_train/00935009.png,0,09,easy_clean,0.0691137507,0.99,0.0768483062,normal_replay,GroupDiverse-Gap
RUN_134,TRIAD_045,A15_GroupDiverse-Gap_B3000,R1,1343723075,963122165,1722,Det/images/normal_train/00405467.png,0,05,easy_clean,0.0065385611,1.0,0.0060116513,normal_replay,GroupDiverse-Gap
RUN_134,TRIAD_045,A15_GroupDiverse-Gap_B3000,R1,1343723075,963122165,1723,Det/images/normal_train/00797046.png,0,06,easy_clean,0.0289846991,1.0,0.0437878222,normal_replay,GroupDiverse-Gap
RUN_134,TRIAD_045,A15_GroupDiverse-Gap_B3000,R1,1343723075,963122165,1724,Det/images/normal_train/00347388.png,0,09,easy_clean,0.0031096594,1.0,0.0056761931,normal_replay,GroupDiverse-Gap
RUN_134,TRIAD_045,A15_GroupDiverse-Gap_B3000,R1,1343723075,963122165,1725,Det/images/normal_train/00930013.png,0,09,easy_clean,0.0023525852,1.0,0.0056036375,normal_replay,GroupDiverse-Gap
RUN_134,TRIAD_045,A15_GroupDiverse-Gap_B3000,R1,1343723075,963122165,1726,Det/images/normal_train/01011300.png,0,07,easy_clean,0.0097500602,1.0,0.0137746953,normal_replay,GroupDiverse-Gap
RUN_134,TRIAD_045,A15_GroupDiverse-Gap_B3000,R1,1343723075,963122165,1727,Det/images/normal_train/00378091.png,0,05,easy_clean,0.0272776819,1.0,0.0459703962,normal_replay,GroupDiverse-Gap
RUN_134,TRIAD_045,A15_GroupDiverse-Gap_B3000,R1,1343723075,963122165,1728,Det/images/normal_train/00520664.png,0,06,easy_clean,0.0024033879,1.0,0.0025840813,normal_replay,GroupDiverse-Gap
RUN_134,TRIAD_045,A15_GroupDiverse-Gap_B3000,R1,1343723075,963122165,1729,Det/images/normal_train/01126141.png,0,06,easy_clean,0.0300789763,1.0,0.02534367,normal_replay,GroupDiverse-Gap
RUN_134,TRIAD_045,A15_GroupDiverse-Gap_B3000,R1,1343723075,963122165,1730,Det/images/normal_train/00429007.png,0,01,easy_clean,0.0038175517,1.0,0.0062445534,normal_replay,GroupDiverse-Gap
RUN_134,TRIAD_045,A15_GroupDiverse-Gap_B3000,R1,1343723075,963122165,1731,Det/images/normal_train/01266355.png,0,01,unstable_boundary,0.5958359478,0.195,0.1434979986,normal_replay,GroupDiverse-Gap
RUN_134,TRIAD_045,A15_GroupDiverse-Gap_B3000,R1,1343723075,963122165,1732,Det/images/normal_train/00580535.png,0,02,easy_clean,0.0034178157,1.0,0.0054454484,normal_replay,GroupDiverse-Gap
RUN_134,TRIAD_045,A15_GroupDiverse-Gap_B3000,R1,1343723075,963122165,1733,Det/images/normal_train/01101962.png,0,00,easy_clean,0.0155850425,1.0,0.0291909294,normal_replay,GroupDiverse-Gap
RUN_134,TRIAD_045,A15_GroupDiverse-Gap_B3000,R1,1343723075,963122165,1734,Det/images/normal_train/01247743.png,0,02,easy_clean,0.0103734974,1.0,0.0077927328,normal_replay,GroupDiverse-Gap
RUN_134,TRIAD_045,A15_GroupDiverse-Gap_B3000,R1,1343723075,963122165,1735,Det/images/normal_train/01193256.png,0,01,learnable_hard,0.0538945262,0.975,0.1087668969,normal_replay,GroupDiverse-Gap
RUN_134,TRIAD_045,A15_GroupDiverse-Gap_B3000,R1,1343723075,963122165,1736,Det/images/normal_train/00937321.png,0,05,easy_clean,0.0062209318,1.0,0.0083914514,normal_replay,GroupDiverse-Gap
RUN_134,TRIAD_045,A15_GroupDiverse-Gap_B3000,R1,1343723075,963122165,1737,Det/images/normal_train/00282763.png,0,04,learnable_hard,0.0435535512,0.995,0.0599821057,normal_replay,GroupDiverse-Gap
RUN_134,TRIAD_045,A15_GroupDiverse-Gap_B3000,R1,1343723075,963122165,1738,Det/images/normal_train/01271812.png,0,03,easy_clean,0.0019388765,1.0,0.0116976954,normal_replay,GroupDiverse-Gap
RUN_134,TRIAD_045,A15_GroupDiverse-Gap_B3000,R1,1343723075,963122165,1739,Det/images/normal_train/00275418.png,0,01,easy_clean,0.021848521,1.0,0.0211431387,normal_replay,GroupDiverse-Gap
RUN_134,TRIAD_045,A15_GroupDiverse-Gap_B3000,R1,1343723075,963122165,1740,Det/images/normal_train/00864404.png,0,07,ordinary,0.1553999271,1.0,0.061912392,normal_replay,GroupDiverse-Gap
RUN_134,TRIAD_045,A15_GroupDiverse-Gap_B3000,R1,1343723075,963122165,1741,Det/images/normal_train/00973288.png,0,05,easy_clean,0.0012694344,1.0,0.0019202775,normal_replay,GroupDiverse-Gap
RUN_134,TRIAD_045,A15_GroupDiverse-Gap_B3000,R1,1343723075,963122165,1742,Det/images/normal_train/00971684.png,0,02,learnable_hard,0.0118865905,0.99,0.0653238218,normal_replay,GroupDiverse-Gap
RUN_134,TRIAD_045,A15_GroupDiverse-Gap_B3000,R1,1343723075,963122165,1743,Det/images/normal_train/00260172.png,0,09,easy_clean,0.0005038233,1.0,0.0008944302,normal_replay,GroupDiverse-Gap
RUN_134,TRIAD_045,A15_GroupDiverse-Gap_B3000,R1,1343723075,963122165,1744,Det/images/normal_train/00913839.png,0,07,easy_clean,0.0085775352,1.0,0.0111969256,normal_replay,GroupDiverse-Gap
RUN_134,TRIAD_045,A15_GroupDiverse-Gap_B3000,R1,1343723075,963122165,1745,Det/images/normal_train/01123420.png,0,06,easy_clean,0.0032241087,1.0,0.0035209447,normal_replay,GroupDiverse-Gap
RUN_134,TRIAD_045,A15_GroupDiverse-Gap_B3000,R1,1343723075,963122165,1746,Det/images/normal_train/00590923.png,0,04,easy_clean,0.0448173872,1.0,0.0421303493,normal_replay,GroupDiverse-Gap
RUN_134,TRIAD_045,A15_GroupDiverse-Gap_B3000,R1,1343723075,963122165,1747,Det/images/normal_train/01257145.png,0,07,unstable_boundary,0.5574407858,0.245,0.1067963041,normal_replay,GroupDiverse-Gap
RUN_134,TRIAD_045,A15_GroupDiverse-Gap_B3000,R1,1343723075,963122165,1748,Det/images/normal_train/00587888.png,0,00,easy_clean,0.008598689,1.0,0.0104296438,normal_replay,GroupDiverse-Gap
RUN_134,TRIAD_045,A15_GroupDiverse-Gap_B3000,R1,1343723075,963122165,1749,Det/images/normal_train/00771696.png,0,03,easy_clean,0.0010755089,1.0,0.0037432158,normal_replay,GroupDiverse-Gap
RUN_134,TRIAD_045,A15_GroupDiverse-Gap_B3000,R1,1343723075,963122165,1750,Det/images/normal_train/00829763.png,0,09,easy_clean,0.007164371,1.0,0.0260588553,normal_replay,GroupDiverse-Gap
RUN_134,TRIAD_045,A15_GroupDiverse-Gap_B3000,R1,1343723075,963122165,1751,Det/images/normal_train/00839309.png,0,06,easy_clean,0.0006072568,1.0,0.0008119889,normal_replay,GroupDiverse-Gap
RUN_134,TRIAD_045,A15_GroupDiverse-Gap_B3000,R1,1343723075,963122165,1752,Det/images/normal_train/00326892.png,0,09,easy_clean,0.0072209361,1.0,0.0079822534,normal_replay,GroupDiverse-Gap
RUN_134,TRIAD_045,A15_GroupDiverse-Gap_B3000,R1,1343723075,963122165,1753,Det/images/normal_train/00375455.png,0,04,learnable_hard,0.2673735346,0.925,0.1424180886,normal_replay,GroupDiverse-Gap
RUN_134,TRIAD_045,A15_GroupDiverse-Gap_B3000,R1,1343723075,963122165,1754,Det/images/normal_train/00533637.png,0,02,easy_clean,0.0010727066,1.0,0.0015290611,normal_replay,GroupDiverse-Gap
RUN_134,TRIAD_045,A15_GroupDiverse-Gap_B3000,R1,1343723075,963122165,1755,Det/images/normal_train/00883900.png,0,05,easy_clean,0.0109702991,1.0,0.0137934039,normal_replay,GroupDiverse-Gap
RUN_134,TRIAD_045,A15_GroupDiverse-Gap_B3000,R1,1343723075,963122165,1756,Det/images/normal_train/00918180.png,0,01,easy_clean,0.0055188825,1.0,0.0116250933,normal_replay,GroupDiverse-Gap
RUN_134,TRIAD_045,A15_GroupDiverse-Gap_B3000,R1,1343723075,963122165,1757,Det/images/normal_train/01074471.png,0,04,easy_clean,0.0015809134,1.0,0.0089058517,normal_replay,GroupDiverse-Gap
RUN_134,TRIAD_045,A15_GroupDiverse-Gap_B3000,R1,1343723075,963122165,1758,Det/images/normal_train/01209743.png,0,08,easy_clean,0.0038759228,1.0,0.0058928585,normal_replay,GroupDiverse-Gap
RUN_134,TRIAD_045,A15_GroupDiverse-Gap_B3000,R1,1343723075,963122165,1759,Det/images/normal_train/00783764.png,0,01,ordinary,0.1880993546,1.0,0.120053475,normal_replay,GroupDiverse-Gap
RUN_134,TRIAD_045,A15_GroupDiverse-Gap_B3000,R1,1343723075,963122165,1760,Det/images/normal_train/00583906.png,0,03,learnable_hard,0.0489410011,0.995,0.0722800618,normal_replay,GroupDiverse-Gap
RUN_134,TRIAD_045,A15_GroupDiverse-Gap_B3000,R1,1343723075,963122165,1761,Det/images/normal_train/00563390.png,0,06,easy_clean,0.0020680264,1.0,0.0028513027,normal_replay,GroupDiverse-Gap
RUN_134,TRIAD_045,A15_GroupDiverse-Gap_B3000,R1,1343723075,963122165,1762,Det/images/normal_train/01073084.png,0,07,ordinary,0.2569160751,0.84,0.2680859604,normal_replay,GroupDiverse-Gap
RUN_134,TRIAD_045,A15_GroupDiverse-Gap_B3000,R1,1343723075,963122165,1763,Det/images/normal_train/00607533.png,0,09,easy_clean,0.0164201357,1.0,0.0197367866,normal_replay,GroupDiverse-Gap
RUN_134,TRIAD_045,A15_GroupDiverse-Gap_B3000,R1,1343723075,963122165,1764,Det/images/normal_train/00545919.png,0,07,learnable_hard,0.1077216655,0.98,0.1307899709,normal_replay,GroupDiverse-Gap
RUN_134,TRIAD_045,A15_GroupDiverse-Gap_B3000,R1,1343723075,963122165,1765,Det/images/normal_train/01098016.png,0,01,easy_clean,0.0018667111,1.0,0.0027867452,normal_replay,GroupDiverse-Gap
RUN_134,TRIAD_045,A15_GroupDiverse-Gap_B3000,R1,1343723075,963122165,1766,Det/images/normal_train/00411280.png,0,06,easy_clean,0.0008700044,1.0,0.0012997428,normal_replay,GroupDiverse-Gap
RUN_134,TRIAD_045,A15_GroupDiverse-Gap_B3000,R1,1343723075,963122165,1767,Det/images/normal_train/00966879.png,0,07,easy_clean,0.0090871634,1.0,0.0163003013,normal_replay,GroupDiverse-Gap
RUN_134,TRIAD_045,A15_GroupDiverse-Gap_B3000,R1,1343723075,963122165,1768,Det/images/normal_train/01288611.png,0,07,learnable_hard,0.1041398443,0.99,0.0940134032,normal_replay,GroupDiverse-Gap
RUN_134,TRIAD_045,A15_GroupDiverse-Gap_B3000,R1,1343723075,963122165,1769,Det/images/normal_train/01270637.png,0,05,easy_clean,0.0124257118,1.0,0.0282798826,normal_replay,GroupDiverse-Gap
RUN_134,TRIAD_045,A15_GroupDiverse-Gap_B3000,R1,1343723075,963122165,1770,Det/images/normal_train/01023125.png,0,00,easy_clean,0.060274767,1.0,0.0578820466,normal_replay,GroupDiverse-Gap
RUN_134,TRIAD_045,A15_GroupDiverse-Gap_B3000,R1,1343723075,963122165,1771,Det/images/normal_train/00889005.png,0,09,easy_clean,0.0015255628,1.0,0.0033261289,normal_replay,GroupDiverse-Gap
RUN_134,TRIAD_045,A15_GroupDiverse-Gap_B3000,R1,1343723075,963122165,1772,Det/images/normal_train/01201845.png,0,00,easy_clean,0.0098153363,1.0,0.0112351419,normal_replay,GroupDiverse-Gap
RUN_134,TRIAD_045,A15_GroupDiverse-Gap_B3000,R1,1343723075,963122165,1773,Det/images/normal_train/00217274.png,0,07,easy_clean,0.0026430364,1.0,0.0043225081,normal_replay,GroupDiverse-Gap
RUN_134,TRIAD_045,A15_GroupDiverse-Gap_B3000,R1,1343723075,963122165,1774,Det/images/normal_train/01003690.png,0,01,easy_clean,0.0026094497,1.0,0.0069475235,normal_replay,GroupDiverse-Gap
RUN_134,TRIAD_045,A15_GroupDiverse-Gap_B3000,R1,1343723075,963122165,1775,Det/images/normal_train/00239118.png,0,09,easy_clean,0.0231554905,1.0,0.02567036,normal_replay,GroupDiverse-Gap
RUN_134,TRIAD_045,A15_GroupDiverse-Gap_B3000,R1,1343723075,963122165,1776,Det/images/normal_train/00902018.png,0,04,learnable_hard,0.0595464378,0.995,0.0561104183,normal_replay,GroupDiverse-Gap
RUN_134,TRIAD_045,A15_GroupDiverse-Gap_B3000,R1,1343723075,963122165,1777,Det/images/normal_train/00672636.png,0,09,easy_clean,0.0053011253,1.0,0.0126069444,normal_replay,GroupDiverse-Gap
RUN_134,TRIAD_045,A15_GroupDiverse-Gap_B3000,R1,1343723075,963122165,1778,Det/images/normal_train/00549793.png,0,04,easy_clean,0.0307003651,1.0,0.0360322832,normal_replay,GroupDiverse-Gap
RUN_134,TRIAD_045,A15_GroupDiverse-Gap_B3000,R1,1343723075,963122165,1779,Det/images/normal_train/01203174.png,0,05,easy_clean,0.009040353,1.0,0.0107109844,normal_replay,GroupDiverse-Gap
RUN_134,TRIAD_045,A15_GroupDiverse-Gap_B3000,R1,1343723075,963122165,1780,Det/images/normal_train/00761804.png,0,05,easy_clean,0.0043740336,1.0,0.0076132004,normal_replay,GroupDiverse-Gap
RUN_134,TRIAD_045,A15_GroupDiverse-Gap_B3000,R1,1343723075,963122165,1781,Det/images/normal_train/00596716.png,0,02,easy_clean,0.0079473469,1.0,0.0174802567,normal_replay,GroupDiverse-Gap
RUN_134,TRIAD_045,A15_GroupDiverse-Gap_B3000,R1,1343723075,963122165,1782,Det/images/normal_train/00323110.png,0,06,easy_clean,0.0156938349,1.0,0.0342472932,normal_replay,GroupDiverse-Gap
RUN_134,TRIAD_045,A15_GroupDiverse-Gap_B3000,R1,1343723075,963122165,1783,Det/images/normal_train/00585583.png,0,05,easy_clean,0.0034094589,1.0,0.0076210074,normal_replay,GroupDiverse-Gap
RUN_134,TRIAD_045,A15_GroupDiverse-Gap_B3000,R1,1343723075,963122165,1784,Det/images/normal_train/00364468.png,0,08,easy_clean,0.0018876296,1.0,0.002693016,normal_replay,GroupDiverse-Gap
RUN_134,TRIAD_045,A15_GroupDiverse-Gap_B3000,R1,1343723075,963122165,1785,Det/images/normal_train/01212214.png,0,02,easy_clean,0.0047778569,1.0,0.0056318541,normal_replay,GroupDiverse-Gap
RUN_134,TRIAD_045,A15_GroupDiverse-Gap_B3000,R1,1343723075,963122165,1786,Det/images/normal_train/01243085.png,0,00,easy_clean,0.0020487974,1.0,0.0040276068,normal_replay,GroupDiverse-Gap
RUN_134,TRIAD_045,A15_GroupDiverse-Gap_B3000,R1,1343723075,963122165,1787,Det/images/normal_train/00848975.png,0,07,easy_clean,0.0003081407,1.0,0.0004834494,normal_replay,GroupDiverse-Gap
RUN_134,TRIAD_045,A15_GroupDiverse-Gap_B3000,R1,1343723075,963122165,1788,Det/images/normal_train/00462480.png,0,03,persistent_hard,0.5486980488,0.48,0.2809242903,normal_replay,GroupDiverse-Gap
RUN_134,TRIAD_045,A15_GroupDiverse-Gap_B3000,R1,1343723075,963122165,1789,Det/images/normal_train/01057052.png,0,06,easy_clean,0.0107434653,1.0,0.0317134612,normal_replay,GroupDiverse-Gap
RUN_134,TRIAD_045,A15_GroupDiverse-Gap_B3000,R1,1343723075,963122165,1790,Det/images/normal_train/00671122.png,0,00,easy_clean,0.0052870011,1.0,0.0183143103,normal_replay,GroupDiverse-Gap
RUN_134,TRIAD_045,A15_GroupDiverse-Gap_B3000,R1,1343723075,963122165,1791,Det/images/normal_train/00237801.png,0,06,easy_clean,0.0163089079,1.0,0.022685766,normal_replay,GroupDiverse-Gap
RUN_134,TRIAD_045,A15_GroupDiverse-Gap_B3000,R1,1343723075,963122165,1792,Det/images/normal_train/00519887.png,0,09,easy_clean,0.01292523,1.0,0.028964445,normal_replay,GroupDiverse-Gap
RUN_134,TRIAD_045,A15_GroupDiverse-Gap_B3000,R1,1343723075,963122165,1793,Det/images/normal_train/00614082.png,0,05,easy_clean,0.0904180339,1.0,0.0757373657,normal_replay,GroupDiverse-Gap
RUN_134,TRIAD_045,A15_GroupDiverse-Gap_B3000,R1,1343723075,963122165,1794,Det/images/normal_train/00259330.png,0,08,easy_clean,0.0007852832,1.0,0.0013320723,normal_replay,GroupDiverse-Gap
RUN_134,TRIAD_045,A15_GroupDiverse-Gap_B3000,R1,1343723075,963122165,1795,Det/images/normal_train/01146405.png,0,05,easy_clean,0.0129739872,1.0,0.012583212,normal_replay,GroupDiverse-Gap
RUN_134,TRIAD_045,A15_GroupDiverse-Gap_B3000,R1,1343723075,963122165,1796,Det/images/normal_train/00663860.png,0,08,easy_clean,0.0051029905,1.0,0.0195515453,normal_replay,GroupDiverse-Gap
RUN_134,TRIAD_045,A15_GroupDiverse-Gap_B3000,R1,1343723075,963122165,1797,Det/images/normal_train/00847521.png,0,04,easy_clean,0.0008324961,1.0,0.0010510225,normal_replay,GroupDiverse-Gap
RUN_134,TRIAD_045,A15_GroupDiverse-Gap_B3000,R1,1343723075,963122165,1798,Det/images/normal_train/00999936.png,0,08,easy_clean,0.0169214864,1.0,0.0446716824,normal_replay,GroupDiverse-Gap
RUN_134,TRIAD_045,A15_GroupDiverse-Gap_B3000,R1,1343723075,963122165,1799,Det/images/normal_train/01144977.png,0,05,learnable_hard,0.0797622278,0.995,0.0896157865,normal_replay,GroupDiverse-Gap
RUN_134,TRIAD_045,A15_GroupDiverse-Gap_B3000,R1,1343723075,963122165,1800,Det/images/normal_train/01002055.png,0,06,easy_clean,0.0122269085,1.0,0.0112253479,normal_replay,GroupDiverse-Gap
RUN_134,TRIAD_045,A15_GroupDiverse-Gap_B3000,R1,1343723075,963122165,1801,Det/images/normal_train/00367808.png,0,04,easy_clean,0.0003885787,1.0,0.0007603968,normal_replay,GroupDiverse-Gap
RUN_134,TRIAD_045,A15_GroupDiverse-Gap_B3000,R1,1343723075,963122165,1802,Det/images/normal_train/00831290.png,0,00,easy_clean,0.0004619526,1.0,0.0026011371,normal_replay,GroupDiverse-Gap
RUN_134,TRIAD_045,A15_GroupDiverse-Gap_B3000,R1,1343723075,963122165,1803,Det/images/normal_train/00338464.png,0,00,easy_clean,0.0390312967,1.0,0.0359901536,normal_replay,GroupDiverse-Gap
RUN_134,TRIAD_045,A15_GroupDiverse-Gap_B3000,R1,1343723075,963122165,1804,Det/images/normal_train/00879589.png,0,09,ordinary,0.1651739526,0.975,0.1071362342,normal_replay,GroupDiverse-Gap
RUN_134,TRIAD_045,A15_GroupDiverse-Gap_B3000,R1,1343723075,963122165,1805,Det/images/normal_train/00257247.png,0,09,ordinary,0.0984349265,1.0,0.0590155867,normal_replay,GroupDiverse-Gap
RUN_134,TRIAD_045,A15_GroupDiverse-Gap_B3000,R1,1343723075,963122165,1806,Det/images/normal_train/01045861.png,0,08,persistent_hard,0.5886171723,0.42,0.2382857056,normal_replay,GroupDiverse-Gap
RUN_134,TRIAD_045,A15_GroupDiverse-Gap_B3000,R1,1343723075,963122165,1807,Det/images/normal_train/01112951.png,0,07,easy_clean,0.0639318614,1.0,0.065034816,normal_replay,GroupDiverse-Gap
RUN_134,TRIAD_045,A15_GroupDiverse-Gap_B3000,R1,1343723075,963122165,1808,Det/images/normal_train/01164574.png,0,08,easy_clean,0.0097016255,1.0,0.0306676818,normal_replay,GroupDiverse-Gap
RUN_134,TRIAD_045,A15_GroupDiverse-Gap_B3000,R1,1343723075,963122165,1809,Det/images/normal_train/01030998.png,0,04,easy_clean,0.0134036158,1.0,0.0147005031,normal_replay,GroupDiverse-Gap
RUN_134,TRIAD_045,A15_GroupDiverse-Gap_B3000,R1,1343723075,963122165,1810,Det/images/normal_train/00778846.png,0,02,easy_clean,0.0007239103,1.0,0.0051325916,normal_replay,GroupDiverse-Gap
RUN_134,TRIAD_045,A15_GroupDiverse-Gap_B3000,R1,1343723075,963122165,1811,Det/images/normal_train/00786044.png,0,03,easy_clean,0.0061897274,1.0,0.0092489473,normal_replay,GroupDiverse-Gap
RUN_134,TRIAD_045,A15_GroupDiverse-Gap_B3000,R1,1343723075,963122165,1812,Det/images/normal_train/01286440.png,0,00,easy_clean,0.0140971437,1.0,0.0134141956,normal_replay,GroupDiverse-Gap
RUN_134,TRIAD_045,A15_GroupDiverse-Gap_B3000,R1,1343723075,963122165,1813,Det/images/normal_train/01223522.png,0,03,easy_clean,0.091744943,1.0,0.0286413766,normal_replay,GroupDiverse-Gap
RUN_134,TRIAD_045,A15_GroupDiverse-Gap_B3000,R1,1343723075,963122165,1814,Det/images/normal_train/01170027.png,0,09,easy_clean,0.0644617007,0.995,0.0842840719,normal_replay,GroupDiverse-Gap
RUN_134,TRIAD_045,A15_GroupDiverse-Gap_B3000,R1,1343723075,963122165,1815,Det/images/normal_train/00927727.png,0,09,learnable_hard,0.2619363209,0.92,0.163204075,normal_replay,GroupDiverse-Gap
RUN_134,TRIAD_045,A15_GroupDiverse-Gap_B3000,R1,1343723075,963122165,1816,Det/images/normal_train/01156454.png,0,00,easy_clean,0.0364917518,1.0,0.0364090879,normal_replay,GroupDiverse-Gap
RUN_134,TRIAD_045,A15_GroupDiverse-Gap_B3000,R1,1343723075,963122165,1817,Det/images/normal_train/00173895.png,0,04,learnable_hard,0.1117451937,0.985,0.1328273074,normal_replay,GroupDiverse-Gap
RUN_134,TRIAD_045,A15_GroupDiverse-Gap_B3000,R1,1343723075,963122165,1818,Det/images/normal_train/00618324.png,0,04,easy_clean,0.0016807026,1.0,0.0047569119,normal_replay,GroupDiverse-Gap
RUN_134,TRIAD_045,A15_GroupDiverse-Gap_B3000,R1,1343723075,963122165,1819,Det/images/normal_train/00375845.png,0,04,easy_clean,0.0004063777,1.0,0.0004486908,normal_replay,GroupDiverse-Gap
RUN_134,TRIAD_045,A15_GroupDiverse-Gap_B3000,R1,1343723075,963122165,1820,Det/images/normal_train/01096690.png,0,06,learnable_hard,0.2779058558,0.985,0.0666777159,normal_replay,GroupDiverse-Gap
RUN_134,TRIAD_045,A15_GroupDiverse-Gap_B3000,R1,1343723075,963122165,1821,Det/images/normal_train/01174012.png,0,01,easy_clean,0.01001553,1.0,0.0133558646,normal_replay,GroupDiverse-Gap
RUN_134,TRIAD_045,A15_GroupDiverse-Gap_B3000,R1,1343723075,963122165,1822,Det/images/normal_train/00397187.png,0,06,easy_clean,0.0130750454,1.0,0.0259653434,normal_replay,GroupDiverse-Gap
RUN_134,TRIAD_045,A15_GroupDiverse-Gap_B3000,R1,1343723075,963122165,1823,Det/images/normal_train/00177962.png,0,07,easy_clean,0.0170834944,1.0,0.0159555793,normal_replay,GroupDiverse-Gap
RUN_134,TRIAD_045,A15_GroupDiverse-Gap_B3000,R1,1343723075,963122165,1824,Det/images/normal_train/00975113.png,0,02,learnable_hard,0.4274693422,0.53,0.1828833663,normal_replay,GroupDiverse-Gap
RUN_134,TRIAD_045,A15_GroupDiverse-Gap_B3000,R1,1343723075,963122165,1825,Det/images/normal_train/00953330.png,0,06,ordinary,0.2840612691,1.0,0.1114074241,normal_replay,GroupDiverse-Gap
RUN_134,TRIAD_045,A15_GroupDiverse-Gap_B3000,R1,1343723075,963122165,1826,Det/images/normal_train/00410872.png,0,00,easy_clean,0.0010506282,1.0,0.0028887431,normal_replay,GroupDiverse-Gap
RUN_134,TRIAD_045,A15_GroupDiverse-Gap_B3000,R1,1343723075,963122165,1827,Det/images/normal_train/01120470.png,0,06,easy_clean,0.0645421048,1.0,0.0621851621,normal_replay,GroupDiverse-Gap
RUN_134,TRIAD_045,A15_GroupDiverse-Gap_B3000,R1,1343723075,963122165,1828,Det/images/normal_train/01285690.png,0,08,easy_clean,0.0637755947,1.0,0.0537099728,normal_replay,GroupDiverse-Gap
RUN_134,TRIAD_045,A15_GroupDiverse-Gap_B3000,R1,1343723075,963122165,1829,Det/images/normal_train/00546009.png,0,07,easy_clean,0.0078611265,1.0,0.0157684874,normal_replay,GroupDiverse-Gap
RUN_134,TRIAD_045,A15_GroupDiverse-Gap_B3000,R1,1343723075,963122165,1830,Det/images/normal_train/00771282.png,0,03,easy_clean,0.0002593259,1.0,0.0008171688,normal_replay,GroupDiverse-Gap
RUN_134,TRIAD_045,A15_GroupDiverse-Gap_B3000,R1,1343723075,963122165,1831,Det/images/normal_train/00850282.png,0,07,easy_clean,3.06833e-05,1.0,5.031e-05,normal_replay,GroupDiverse-Gap
RUN_134,TRIAD_045,A15_GroupDiverse-Gap_B3000,R1,1343723075,963122165,1832,Det/images/normal_train/00854758.png,0,09,easy_clean,0.0004291796,1.0,0.0006421504,normal_replay,GroupDiverse-Gap
RUN_134,TRIAD_045,A15_GroupDiverse-Gap_B3000,R1,1343723075,963122165,1833,Det/images/normal_train/00399923.png,0,08,learnable_hard,0.657887755,0.21,0.2248449425,normal_replay,GroupDiverse-Gap
RUN_134,TRIAD_045,A15_GroupDiverse-Gap_B3000,R1,1343723075,963122165,1834,Det/images/normal_train/00850828.png,0,07,easy_clean,0.0025095779,1.0,0.0083330293,normal_replay,GroupDiverse-Gap
RUN_134,TRIAD_045,A15_GroupDiverse-Gap_B3000,R1,1343723075,963122165,1835,Det/images/normal_train/00621552.png,0,07,easy_clean,0.0004950799,1.0,0.0006443825,normal_replay,GroupDiverse-Gap
RUN_134,TRIAD_045,A15_GroupDiverse-Gap_B3000,R1,1343723075,963122165,1836,Det/images/normal_train/01222580.png,0,07,easy_clean,0.0308210136,1.0,0.0225034629,normal_replay,GroupDiverse-Gap
RUN_134,TRIAD_045,A15_GroupDiverse-Gap_B3000,R1,1343723075,963122165,1837,Det/images/normal_train/01131912.png,0,01,ordinary,0.1277086328,1.0,0.0893470771,normal_replay,GroupDiverse-Gap
RUN_134,TRIAD_045,A15_GroupDiverse-Gap_B3000,R1,1343723075,963122165,1838,Det/images/normal_train/00608941.png,0,06,easy_clean,0.0030572109,1.0,0.0035880462,normal_replay,GroupDiverse-Gap
RUN_134,TRIAD_045,A15_GroupDiverse-Gap_B3000,R1,1343723075,963122165,1839,Det/images/normal_train/01146491.png,0,05,easy_clean,0.0180474226,1.0,0.0143846861,normal_replay,GroupDiverse-Gap
RUN_134,TRIAD_045,A15_GroupDiverse-Gap_B3000,R1,1343723075,963122165,1840,Det/images/normal_train/00192794.png,0,09,easy_clean,0.0107144988,1.0,0.0199330735,normal_replay,GroupDiverse-Gap
RUN_134,TRIAD_045,A15_GroupDiverse-Gap_B3000,R1,1343723075,963122165,1841,Det/images/normal_train/00237508.png,0,06,easy_clean,0.0134049415,1.0,0.0166315657,normal_replay,GroupDiverse-Gap
RUN_134,TRIAD_045,A15_GroupDiverse-Gap_B3000,R1,1343723075,963122165,1842,Det/images/normal_train/00529280.png,0,03,easy_clean,0.0009515325,1.0,0.0030832392,normal_replay,GroupDiverse-Gap
RUN_134,TRIAD_045,A15_GroupDiverse-Gap_B3000,R1,1343723075,963122165,1843,Det/images/normal_train/01019924.png,0,08,easy_clean,0.012167512,1.0,0.0125132691,normal_replay,GroupDiverse-Gap
RUN_134,TRIAD_045,A15_GroupDiverse-Gap_B3000,R1,1343723075,963122165,1844,Det/images/normal_train/00377820.png,0,01,easy_clean,0.0195508271,1.0,0.0266296091,normal_replay,GroupDiverse-Gap
RUN_134,TRIAD_045,A15_GroupDiverse-Gap_B3000,R1,1343723075,963122165,1845,Det/images/normal_train/01241219.png,0,09,easy_clean,0.0041477339,1.0,0.0054468106,normal_replay,GroupDiverse-Gap
RUN_134,TRIAD_045,A15_GroupDiverse-Gap_B3000,R1,1343723075,963122165,1846,Det/images/normal_train/01020781.png,0,02,easy_clean,0.039407668,1.0,0.0254633964,normal_replay,GroupDiverse-Gap
RUN_134,TRIAD_045,A15_GroupDiverse-Gap_B3000,R1,1343723075,963122165,1847,Det/images/normal_train/01298325.png,0,00,easy_clean,0.0173207002,1.0,0.0218560159,normal_replay,GroupDiverse-Gap
RUN_134,TRIAD_045,A15_GroupDiverse-Gap_B3000,R1,1343723075,963122165,1848,Det/images/normal_train/00756282.png,0,05,easy_clean,0.0070200572,1.0,0.007355303,normal_replay,GroupDiverse-Gap
RUN_134,TRIAD_045,A15_GroupDiverse-Gap_B3000,R1,1343723075,963122165,1849,Det/images/normal_train/00336280.png,0,03,easy_clean,0.0074862174,1.0,0.009449236,normal_replay,GroupDiverse-Gap
RUN_134,TRIAD_045,A15_GroupDiverse-Gap_B3000,R1,1343723075,963122165,1850,Det/images/normal_train/00506368.png,0,09,easy_clean,0.0126268262,1.0,0.0123267062,normal_replay,GroupDiverse-Gap
RUN_134,TRIAD_045,A15_GroupDiverse-Gap_B3000,R1,1343723075,963122165,1851,Det/images/normal_train/00611410.png,0,01,easy_clean,0.0021187654,1.0,0.0059524643,normal_replay,GroupDiverse-Gap
RUN_134,TRIAD_045,A15_GroupDiverse-Gap_B3000,R1,1343723075,963122165,1852,Det/images/normal_train/01285349.png,0,08,easy_clean,0.0105469799,1.0,0.0149580432,normal_replay,GroupDiverse-Gap
RUN_134,TRIAD_045,A15_GroupDiverse-Gap_B3000,R1,1343723075,963122165,1853,Det/images/normal_train/00421153.png,0,09,easy_clean,0.0008683051,1.0,0.0024599471,normal_replay,GroupDiverse-Gap
RUN_134,TRIAD_045,A15_GroupDiverse-Gap_B3000,R1,1343723075,963122165,1854,Det/images/normal_train/00886023.png,0,09,learnable_hard,0.1093486067,0.99,0.1030532035,normal_replay,GroupDiverse-Gap
RUN_134,TRIAD_045,A15_GroupDiverse-Gap_B3000,R1,1343723075,963122165,1855,Det/images/normal_train/01278628.png,0,05,easy_clean,0.0102122966,1.0,0.0160133622,normal_replay,GroupDiverse-Gap
RUN_134,TRIAD_045,A15_GroupDiverse-Gap_B3000,R1,1343723075,963122165,1856,Det/images/normal_train/00893380.png,0,02,easy_clean,0.0091111628,1.0,0.0316482147,normal_replay,GroupDiverse-Gap
RUN_134,TRIAD_045,A15_GroupDiverse-Gap_B3000,R1,1343723075,963122165,1857,Det/images/normal_train/01136765.png,0,07,easy_clean,0.0075694529,1.0,0.0121821384,normal_replay,GroupDiverse-Gap
RUN_134,TRIAD_045,A15_GroupDiverse-Gap_B3000,R1,1343723075,963122165,1858,Det/images/normal_train/00889663.png,0,09,easy_clean,0.0058078336,1.0,0.0064659606,normal_replay,GroupDiverse-Gap
RUN_134,TRIAD_045,A15_GroupDiverse-Gap_B3000,R1,1343723075,963122165,1859,Det/images/normal_train/00365050.png,0,00,easy_clean,0.0025431317,1.0,0.0022095962,normal_replay,GroupDiverse-Gap
RUN_134,TRIAD_045,A15_GroupDiverse-Gap_B3000,R1,1343723075,963122165,1860,Det/images/normal_train/00284555.png,0,01,easy_clean,0.002763281,1.0,0.0048668345,normal_replay,GroupDiverse-Gap
RUN_134,TRIAD_045,A15_GroupDiverse-Gap_B3000,R1,1343723075,963122165,1861,Det/images/normal_train/01169033.png,0,08,ordinary,0.1989360707,1.0,0.0948717434,normal_replay,GroupDiverse-Gap
RUN_134,TRIAD_045,A15_GroupDiverse-Gap_B3000,R1,1343723075,963122165,1862,Det/images/normal_train/01108987.png,0,01,easy_clean,0.005089482,1.0,0.0047021905,normal_replay,GroupDiverse-Gap
RUN_134,TRIAD_045,A15_GroupDiverse-Gap_B3000,R1,1343723075,963122165,1863,Det/images/normal_train/00174535.png,0,01,learnable_hard,0.0712437758,0.99,0.0831598542,normal_replay,GroupDiverse-Gap
RUN_134,TRIAD_045,A15_GroupDiverse-Gap_B3000,R1,1343723075,963122165,1864,Det/images/normal_train/00822509.png,0,08,easy_clean,0.0003954654,1.0,0.0006527026,normal_replay,GroupDiverse-Gap
RUN_134,TRIAD_045,A15_GroupDiverse-Gap_B3000,R1,1343723075,963122165,1865,Det/images/normal_train/00697330.png,0,05,easy_clean,0.0068035212,1.0,0.0168228526,normal_replay,GroupDiverse-Gap
RUN_134,TRIAD_045,A15_GroupDiverse-Gap_B3000,R1,1343723075,963122165,1866,Det/images/normal_train/01076272.png,0,06,easy_clean,0.036351777,1.0,0.0302490813,normal_replay,GroupDiverse-Gap
RUN_134,TRIAD_045,A15_GroupDiverse-Gap_B3000,R1,1343723075,963122165,1867,Det/images/normal_train/01282416.png,0,02,learnable_hard,0.1018962199,0.995,0.0545775223,normal_replay,GroupDiverse-Gap
RUN_134,TRIAD_045,A15_GroupDiverse-Gap_B3000,R1,1343723075,963122165,1868,Det/images/normal_train/00282346.png,0,04,learnable_hard,0.0288776932,0.995,0.0579942695,normal_replay,GroupDiverse-Gap
RUN_134,TRIAD_045,A15_GroupDiverse-Gap_B3000,R1,1343723075,963122165,1869,Det/images/normal_train/00758493.png,0,04,easy_clean,0.0072683136,1.0,0.0342157804,normal_replay,GroupDiverse-Gap
RUN_134,TRIAD_045,A15_GroupDiverse-Gap_B3000,R1,1343723075,963122165,1870,Det/images/normal_train/00766328.png,0,07,learnable_hard,0.3098887216,0.835,0.2542816116,normal_replay,GroupDiverse-Gap
RUN_134,TRIAD_045,A15_GroupDiverse-Gap_B3000,R1,1343723075,963122165,1871,Det/images/normal_train/00621418.png,0,07,easy_clean,0.0014727298,1.0,0.0019003514,normal_replay,GroupDiverse-Gap
RUN_134,TRIAD_045,A15_GroupDiverse-Gap_B3000,R1,1343723075,963122165,1872,Det/images/normal_train/00247466.png,0,01,easy_clean,0.0160936376,1.0,0.0458338232,normal_replay,GroupDiverse-Gap
RUN_134,TRIAD_045,A15_GroupDiverse-Gap_B3000,R1,1343723075,963122165,1873,Det/images/normal_train/00637758.png,0,05,learnable_hard,0.0651710314,0.975,0.1264108502,normal_replay,GroupDiverse-Gap
RUN_134,TRIAD_045,A15_GroupDiverse-Gap_B3000,R1,1343723075,963122165,1874,Det/images/normal_train/00218351.png,0,09,easy_clean,0.0626399929,0.995,0.0770638227,normal_replay,GroupDiverse-Gap
RUN_134,TRIAD_045,A15_GroupDiverse-Gap_B3000,R1,1343723075,963122165,1875,Det/images/normal_train/01184868.png,0,04,easy_clean,0.0216698718,1.0,0.0222972934,normal_replay,GroupDiverse-Gap
RUN_134,TRIAD_045,A15_GroupDiverse-Gap_B3000,R1,1343723075,963122165,1876,Det/images/normal_train/00284810.png,0,01,easy_clean,0.0014199647,1.0,0.0047628585,normal_replay,GroupDiverse-Gap
RUN_134,TRIAD_045,A15_GroupDiverse-Gap_B3000,R1,1343723075,963122165,1877,Det/images/normal_train/00773152.png,0,01,easy_clean,0.0079492811,1.0,0.0121571968,normal_replay,GroupDiverse-Gap
RUN_134,TRIAD_045,A15_GroupDiverse-Gap_B3000,R1,1343723075,963122165,1878,Det/images/normal_train/01174375.png,0,01,easy_clean,0.018765452,1.0,0.0394692951,normal_replay,GroupDiverse-Gap
RUN_134,TRIAD_045,A15_GroupDiverse-Gap_B3000,R1,1343723075,963122165,1879,Det/images/normal_train/00973375.png,0,05,easy_clean,0.0047450727,1.0,0.009148679,normal_replay,GroupDiverse-Gap
RUN_134,TRIAD_045,A15_GroupDiverse-Gap_B3000,R1,1343723075,963122165,1880,Det/images/normal_train/00990227.png,0,03,learnable_hard,0.0284675652,0.99,0.0854475597,normal_replay,GroupDiverse-Gap
RUN_134,TRIAD_045,A15_GroupDiverse-Gap_B3000,R1,1343723075,963122165,1881,Det/images/normal_train/00249687.png,0,09,easy_clean,0.02189737,1.0,0.0255786395,normal_replay,GroupDiverse-Gap
RUN_134,TRIAD_045,A15_GroupDiverse-Gap_B3000,R1,1343723075,963122165,1882,Det/images/normal_train/01142506.png,0,07,easy_clean,0.002188408,1.0,0.0030486604,normal_replay,GroupDiverse-Gap
RUN_134,TRIAD_045,A15_GroupDiverse-Gap_B3000,R1,1343723075,963122165,1883,Det/images/normal_train/00737843.png,0,02,easy_clean,0.0215231734,1.0,0.028972725,normal_replay,GroupDiverse-Gap
RUN_134,TRIAD_045,A15_GroupDiverse-Gap_B3000,R1,1343723075,963122165,1884,Det/images/normal_train/00532321.png,0,07,easy_clean,0.0005974949,1.0,0.0008270037,normal_replay,GroupDiverse-Gap
RUN_134,TRIAD_045,A15_GroupDiverse-Gap_B3000,R1,1343723075,963122165,1885,Det/images/normal_train/00585834.png,0,05,easy_clean,0.0012559527,1.0,0.0026941313,normal_replay,GroupDiverse-Gap
RUN_134,TRIAD_045,A15_GroupDiverse-Gap_B3000,R1,1343723075,963122165,1886,Det/images/normal_train/00896193.png,0,07,easy_clean,0.0143476272,1.0,0.021186494,normal_replay,GroupDiverse-Gap
RUN_134,TRIAD_045,A15_GroupDiverse-Gap_B3000,R1,1343723075,963122165,1887,Det/images/normal_train/00963669.png,0,05,easy_clean,0.0134187144,1.0,0.02558015,normal_replay,GroupDiverse-Gap
RUN_134,TRIAD_045,A15_GroupDiverse-Gap_B3000,R1,1343723075,963122165,1888,Det/images/normal_train/00375635.png,0,04,unstable_boundary,0.5726279207,0.28,0.1293603844,normal_replay,GroupDiverse-Gap
RUN_134,TRIAD_045,A15_GroupDiverse-Gap_B3000,R1,1343723075,963122165,1889,Det/images/normal_train/01187167.png,0,07,unstable_boundary,0.4687785963,0.5,0.1491798839,normal_replay,GroupDiverse-Gap
RUN_134,TRIAD_045,A15_GroupDiverse-Gap_B3000,R1,1343723075,963122165,1890,Det/images/normal_train/00334949.png,0,06,easy_clean,0.0445431634,1.0,0.0276156167,normal_replay,GroupDiverse-Gap
RUN_134,TRIAD_045,A15_GroupDiverse-Gap_B3000,R1,1343723075,963122165,1891,Det/images/normal_train/01069888.png,0,09,easy_clean,0.0559077646,1.0,0.0479210085,normal_replay,GroupDiverse-Gap
RUN_134,TRIAD_045,A15_GroupDiverse-Gap_B3000,R1,1343723075,963122165,1892,Det/images/normal_train/01294584.png,0,05,learnable_hard,0.115514916,0.995,0.092441568,normal_replay,GroupDiverse-Gap
RUN_134,TRIAD_045,A15_GroupDiverse-Gap_B3000,R1,1343723075,963122165,1893,Det/images/normal_train/00591659.png,0,07,easy_clean,0.0246707098,1.0,0.0332042518,normal_replay,GroupDiverse-Gap
RUN_134,TRIAD_045,A15_GroupDiverse-Gap_B3000,R1,1343723075,963122165,1894,Det/images/normal_train/00842279.png,0,06,easy_clean,0.0007953037,1.0,0.0025630874,normal_replay,GroupDiverse-Gap
RUN_134,TRIAD_045,A15_GroupDiverse-Gap_B3000,R1,1343723075,963122165,1895,Det/images/normal_train/00931753.png,0,02,learnable_hard,0.1564726978,0.985,0.1001835074,normal_replay,GroupDiverse-Gap
RUN_134,TRIAD_045,A15_GroupDiverse-Gap_B3000,R1,1343723075,963122165,1896,Det/images/normal_train/00719477.png,0,01,unstable_boundary,0.5954640897,0.22,0.1428664239,normal_replay,GroupDiverse-Gap
RUN_134,TRIAD_045,A15_GroupDiverse-Gap_B3000,R1,1343723075,963122165,1897,Det/images/normal_train/00275685.png,0,01,easy_clean,0.0102762044,1.0,0.0195346565,normal_replay,GroupDiverse-Gap
RUN_134,TRIAD_045,A15_GroupDiverse-Gap_B3000,R1,1343723075,963122165,1898,Det/images/normal_train/00901164.png,0,06,learnable_hard,0.1068753119,0.985,0.1126281895,normal_replay,GroupDiverse-Gap
RUN_134,TRIAD_045,A15_GroupDiverse-Gap_B3000,R1,1343723075,963122165,1899,Det/images/normal_train/00612459.png,0,04,easy_clean,0.0037865949,1.0,0.0120482595,normal_replay,GroupDiverse-Gap
RUN_134,TRIAD_045,A15_GroupDiverse-Gap_B3000,R1,1343723075,963122165,1900,Det/images/normal_train/00319956.png,0,04,ordinary,0.2723035056,1.0,0.0860470842,normal_replay,GroupDiverse-Gap
RUN_134,TRIAD_045,A15_GroupDiverse-Gap_B3000,R1,1343723075,963122165,1901,Det/images/normal_train/00207878.png,0,01,easy_clean,0.0017266059,1.0,0.0048791167,normal_replay,GroupDiverse-Gap
RUN_134,TRIAD_045,A15_GroupDiverse-Gap_B3000,R1,1343723075,963122165,1902,Det/images/normal_train/00288859.png,0,07,easy_clean,0.0335386654,1.0,0.027745301,normal_replay,GroupDiverse-Gap
RUN_134,TRIAD_045,A15_GroupDiverse-Gap_B3000,R1,1343723075,963122165,1903,Det/images/normal_train/01229469.png,0,00,easy_clean,0.0033162598,1.0,0.0038073297,normal_replay,GroupDiverse-Gap
RUN_134,TRIAD_045,A15_GroupDiverse-Gap_B3000,R1,1343723075,963122165,1904,Det/images/normal_train/00243978.png,0,06,easy_clean,0.0705258333,1.0,0.0665357934,normal_replay,GroupDiverse-Gap
RUN_134,TRIAD_045,A15_GroupDiverse-Gap_B3000,R1,1343723075,963122165,1905,Det/images/normal_train/00323864.png,0,06,easy_clean,0.0040646344,1.0,0.0083087667,normal_replay,GroupDiverse-Gap
RUN_134,TRIAD_045,A15_GroupDiverse-Gap_B3000,R1,1343723075,963122165,1906,Det/images/normal_train/00909748.png,0,00,easy_clean,0.0513432414,1.0,0.055402739,normal_replay,GroupDiverse-Gap
RUN_134,TRIAD_045,A15_GroupDiverse-Gap_B3000,R1,1343723075,963122165,1907,Det/images/normal_train/00609473.png,0,08,learnable_hard,0.0347408249,0.995,0.0624285108,normal_replay,GroupDiverse-Gap
RUN_134,TRIAD_045,A15_GroupDiverse-Gap_B3000,R1,1343723075,963122165,1908,Det/images/normal_train/01202612.png,0,08,easy_clean,0.0261318068,1.0,0.0301968817,normal_replay,GroupDiverse-Gap
RUN_134,TRIAD_045,A15_GroupDiverse-Gap_B3000,R1,1343723075,963122165,1909,Det/images/normal_train/00809463.png,0,05,easy_clean,0.0131629759,1.0,0.0190421621,normal_replay,GroupDiverse-Gap
RUN_134,TRIAD_045,A15_GroupDiverse-Gap_B3000,R1,1343723075,963122165,1910,Det/images/normal_train/00274083.png,0,05,easy_clean,0.0146601313,1.0,0.0165884136,normal_replay,GroupDiverse-Gap
RUN_134,TRIAD_045,A15_GroupDiverse-Gap_B3000,R1,1343723075,963122165,1911,Det/images/normal_train/01006588.png,0,05,learnable_hard,0.2338232249,0.955,0.1665323414,normal_replay,GroupDiverse-Gap
RUN_134,TRIAD_045,A15_GroupDiverse-Gap_B3000,R1,1343723075,963122165,1912,Det/images/normal_train/00922183.png,0,02,easy_clean,0.0045395846,1.0,0.0069360353,normal_replay,GroupDiverse-Gap
RUN_134,TRIAD_045,A15_GroupDiverse-Gap_B3000,R1,1343723075,963122165,1913,Det/images/normal_train/00714609.png,0,06,learnable_hard,0.0886415126,0.995,0.1007498276,normal_replay,GroupDiverse-Gap
RUN_134,TRIAD_045,A15_GroupDiverse-Gap_B3000,R1,1343723075,963122165,1914,Det/images/normal_train/01060805.png,0,01,easy_clean,0.005231436,1.0,0.0076026723,normal_replay,GroupDiverse-Gap
RUN_134,TRIAD_045,A15_GroupDiverse-Gap_B3000,R1,1343723075,963122165,1915,Det/images/normal_train/01258298.png,0,03,ordinary,0.3901315931,0.665,0.1974296909,normal_replay,GroupDiverse-Gap
RUN_134,TRIAD_045,A15_GroupDiverse-Gap_B3000,R1,1343723075,963122165,1916,Det/images/normal_train/01049493.png,0,08,easy_clean,0.0156180863,1.0,0.0149722028,normal_replay,GroupDiverse-Gap
RUN_134,TRIAD_045,A15_GroupDiverse-Gap_B3000,R1,1343723075,963122165,1917,Det/images/normal_train/00914119.png,0,04,learnable_hard,0.085042596,0.995,0.0573071944,normal_replay,GroupDiverse-Gap
RUN_134,TRIAD_045,A15_GroupDiverse-Gap_B3000,R1,1343723075,963122165,1918,Det/images/normal_train/01245927.png,0,09,easy_clean,0.0180166609,1.0,0.0166830988,normal_replay,GroupDiverse-Gap
RUN_134,TRIAD_045,A15_GroupDiverse-Gap_B3000,R1,1343723075,963122165,1919,Det/images/normal_train/00809391.png,0,05,ordinary,0.3385913279,0.63,0.2464460229,normal_replay,GroupDiverse-Gap
RUN_134,TRIAD_045,A15_GroupDiverse-Gap_B3000,R1,1343723075,963122165,1920,Det/images/normal_train/00587727.png,0,00,easy_clean,0.0009310119,1.0,0.0058965715,normal_replay,GroupDiverse-Gap
RUN_134,TRIAD_045,A15_GroupDiverse-Gap_B3000,R1,1343723075,963122165,1921,Det/images/normal_train/00314334.png,0,05,easy_clean,0.005429755,1.0,0.0067953322,normal_replay,GroupDiverse-Gap
RUN_134,TRIAD_045,A15_GroupDiverse-Gap_B3000,R1,1343723075,963122165,1922,Det/images/normal_train/00796295.png,0,04,easy_clean,0.0021065752,1.0,0.0057066527,normal_replay,GroupDiverse-Gap
RUN_134,TRIAD_045,A15_GroupDiverse-Gap_B3000,R1,1343723075,963122165,1923,Det/images/normal_train/00325350.png,0,00,easy_clean,0.002080436,1.0,0.0023075688,normal_replay,GroupDiverse-Gap
RUN_134,TRIAD_045,A15_GroupDiverse-Gap_B3000,R1,1343723075,963122165,1924,Det/images/normal_train/00818213.png,0,02,easy_clean,0.0178583787,1.0,0.0134768124,normal_replay,GroupDiverse-Gap
RUN_134,TRIAD_045,A15_GroupDiverse-Gap_B3000,R1,1343723075,963122165,1925,Det/images/normal_train/00534081.png,0,03,easy_clean,0.003491446,1.0,0.0180934833,normal_replay,GroupDiverse-Gap
RUN_134,TRIAD_045,A15_GroupDiverse-Gap_B3000,R1,1343723075,963122165,1926,Det/images/normal_train/00776622.png,0,06,easy_clean,0.008904132,1.0,0.0363317581,normal_replay,GroupDiverse-Gap
RUN_134,TRIAD_045,A15_GroupDiverse-Gap_B3000,R1,1343723075,963122165,1927,Det/images/normal_train/00232220.png,0,00,easy_clean,0.0041876842,1.0,0.0060993017,normal_replay,GroupDiverse-Gap
RUN_134,TRIAD_045,A15_GroupDiverse-Gap_B3000,R1,1343723075,963122165,1928,Det/images/normal_train/01142929.png,0,07,easy_clean,0.0106848538,1.0,0.0100614055,normal_replay,GroupDiverse-Gap
RUN_134,TRIAD_045,A15_GroupDiverse-Gap_B3000,R1,1343723075,963122165,1929,Det/images/normal_train/01185052.png,0,02,easy_clean,0.0057551057,1.0,0.0073798585,normal_replay,GroupDiverse-Gap
RUN_134,TRIAD_045,A15_GroupDiverse-Gap_B3000,R1,1343723075,963122165,1930,Det/images/normal_train/00374763.png,0,06,easy_clean,0.0142578348,1.0,0.016862418,normal_replay,GroupDiverse-Gap
RUN_134,TRIAD_045,A15_GroupDiverse-Gap_B3000,R1,1343723075,963122165,1931,Det/images/normal_train/00877349.png,0,04,easy_clean,0.0005789938,1.0,0.002483864,normal_replay,GroupDiverse-Gap
RUN_134,TRIAD_045,A15_GroupDiverse-Gap_B3000,R1,1343723075,963122165,1932,Det/images/normal_train/00812090.png,0,00,easy_clean,0.0009639604,1.0,0.0010559719,normal_replay,GroupDiverse-Gap
RUN_134,TRIAD_045,A15_GroupDiverse-Gap_B3000,R1,1343723075,963122165,1933,Det/images/normal_train/00239274.png,0,09,easy_clean,0.0080426095,1.0,0.0128782113,normal_replay,GroupDiverse-Gap
RUN_134,TRIAD_045,A15_GroupDiverse-Gap_B3000,R1,1343723075,963122165,1934,Det/images/normal_train/01186589.png,0,09,easy_clean,0.0552401493,1.0,0.0481575126,normal_replay,GroupDiverse-Gap
RUN_134,TRIAD_045,A15_GroupDiverse-Gap_B3000,R1,1343723075,963122165,1935,Det/images/normal_train/00962625.png,0,04,easy_clean,0.0083658499,1.0,0.0081291833,normal_replay,GroupDiverse-Gap
RUN_134,TRIAD_045,A15_GroupDiverse-Gap_B3000,R1,1343723075,963122165,1936,Det/images/normal_train/00938361.png,0,08,easy_clean,0.0050095566,1.0,0.0054061099,normal_replay,GroupDiverse-Gap
RUN_134,TRIAD_045,A15_GroupDiverse-Gap_B3000,R1,1343723075,963122165,1937,Det/images/normal_train/00375044.png,0,04,easy_clean,0.0088502279,1.0,0.0167111554,normal_replay,GroupDiverse-Gap
RUN_134,TRIAD_045,A15_GroupDiverse-Gap_B3000,R1,1343723075,963122165,1938,Det/images/normal_train/00196502.png,0,03,easy_clean,0.0204393501,1.0,0.0391603809,normal_replay,GroupDiverse-Gap
RUN_134,TRIAD_045,A15_GroupDiverse-Gap_B3000,R1,1343723075,963122165,1939,Det/images/normal_train/00477369.png,0,00,easy_clean,0.0106568668,1.0,0.0088043002,normal_replay,GroupDiverse-Gap
RUN_134,TRIAD_045,A15_GroupDiverse-Gap_B3000,R1,1343723075,963122165,1940,Det/images/normal_train/00367579.png,0,04,easy_clean,0.0009347149,1.0,0.0011651121,normal_replay,GroupDiverse-Gap
RUN_134,TRIAD_045,A15_GroupDiverse-Gap_B3000,R1,1343723075,963122165,1941,Det/images/normal_train/00583884.png,0,03,learnable_hard,0.0262675358,0.995,0.0499384102,normal_replay,GroupDiverse-Gap
RUN_134,TRIAD_045,A15_GroupDiverse-Gap_B3000,R1,1343723075,963122165,1942,Det/images/normal_train/00525965.png,0,05,easy_clean,0.010084667,1.0,0.0122950164,normal_replay,GroupDiverse-Gap
RUN_134,TRIAD_045,A15_GroupDiverse-Gap_B3000,R1,1343723075,963122165,1943,Det/images/normal_train/01024091.png,0,01,easy_clean,0.0242788963,1.0,0.0258171389,normal_replay,GroupDiverse-Gap
RUN_134,TRIAD_045,A15_GroupDiverse-Gap_B3000,R1,1343723075,963122165,1944,Det/images/normal_train/00520806.png,0,06,easy_clean,0.0020534396,1.0,0.0056643889,normal_replay,GroupDiverse-Gap
RUN_134,TRIAD_045,A15_GroupDiverse-Gap_B3000,R1,1343723075,963122165,1945,Det/images/normal_train/00875850.png,0,06,learnable_hard,0.3075515963,0.93,0.1610623626,normal_replay,GroupDiverse-Gap
RUN_134,TRIAD_045,A15_GroupDiverse-Gap_B3000,R1,1343723075,963122165,1946,Det/images/normal_train/00854198.png,0,09,easy_clean,0.0033120809,1.0,0.0044147585,normal_replay,GroupDiverse-Gap
RUN_134,TRIAD_045,A15_GroupDiverse-Gap_B3000,R1,1343723075,963122165,1947,Det/images/normal_train/00610925.png,0,05,easy_clean,0.0077445805,1.0,0.0234503011,normal_replay,GroupDiverse-Gap
RUN_134,TRIAD_045,A15_GroupDiverse-Gap_B3000,R1,1343723075,963122165,1948,Det/images/normal_train/00195112.png,0,08,easy_clean,0.0032445624,1.0,0.0173271037,normal_replay,GroupDiverse-Gap
RUN_134,TRIAD_045,A15_GroupDiverse-Gap_B3000,R1,1343723075,963122165,1949,Det/images/normal_train/00939989.png,0,08,learnable_hard,0.0373737572,0.995,0.0661855648,normal_replay,GroupDiverse-Gap
RUN_134,TRIAD_045,A15_GroupDiverse-Gap_B3000,R1,1343723075,963122165,1950,Det/images/normal_train/00503138.png,0,03,easy_clean,0.0273161188,1.0,0.0301201942,normal_replay,GroupDiverse-Gap
RUN_134,TRIAD_045,A15_GroupDiverse-Gap_B3000,R1,1343723075,963122165,1951,Det/images/normal_train/01139785.png,0,05,learnable_hard,0.1318634067,0.985,0.1206106632,normal_replay,GroupDiverse-Gap
RUN_134,TRIAD_045,A15_GroupDiverse-Gap_B3000,R1,1343723075,963122165,1952,Det/images/normal_train/00545435.png,0,07,easy_clean,0.0037077871,1.0,0.0055805037,normal_replay,GroupDiverse-Gap
RUN_134,TRIAD_045,A15_GroupDiverse-Gap_B3000,R1,1343723075,963122165,1953,Det/images/normal_train/00980834.png,0,01,easy_clean,0.0047612995,1.0,0.0067912793,normal_replay,GroupDiverse-Gap
RUN_134,TRIAD_045,A15_GroupDiverse-Gap_B3000,R1,1343723075,963122165,1954,Det/images/normal_train/00335109.png,0,07,easy_clean,0.0056099861,1.0,0.0088629672,normal_replay,GroupDiverse-Gap
RUN_134,TRIAD_045,A15_GroupDiverse-Gap_B3000,R1,1343723075,963122165,1955,Det/images/normal_train/00985684.png,0,03,easy_clean,0.027340917,0.995,0.0614475186,normal_replay,GroupDiverse-Gap
RUN_134,TRIAD_045,A15_GroupDiverse-Gap_B3000,R1,1343723075,963122165,1956,Det/images/normal_train/00789589.png,0,09,easy_clean,0.056158178,1.0,0.0428724516,normal_replay,GroupDiverse-Gap
RUN_134,TRIAD_045,A15_GroupDiverse-Gap_B3000,R1,1343723075,963122165,1957,Det/images/normal_train/01153222.png,0,02,easy_clean,0.0161430287,1.0,0.0226740436,normal_replay,GroupDiverse-Gap
RUN_134,TRIAD_045,A15_GroupDiverse-Gap_B3000,R1,1343723075,963122165,1958,Det/images/normal_train/00405223.png,0,05,unstable_boundary,0.5513121705,0.34,0.1189382454,normal_replay,GroupDiverse-Gap
RUN_134,TRIAD_045,A15_GroupDiverse-Gap_B3000,R1,1343723075,963122165,1959,Det/images/normal_train/00847613.png,0,04,easy_clean,0.0006940693,1.0,0.0008826161,normal_replay,GroupDiverse-Gap
RUN_134,TRIAD_045,A15_GroupDiverse-Gap_B3000,R1,1343723075,963122165,1960,Det/images/normal_train/01247594.png,0,02,easy_clean,0.0232120319,1.0,0.0380911791,normal_replay,GroupDiverse-Gap
RUN_134,TRIAD_045,A15_GroupDiverse-Gap_B3000,R1,1343723075,963122165,1961,Det/images/normal_train/00560792.png,0,01,learnable_hard,0.0282289501,0.995,0.0584538739,normal_replay,GroupDiverse-Gap
RUN_134,TRIAD_045,A15_GroupDiverse-Gap_B3000,R1,1343723075,963122165,1962,Det/images/normal_train/00425099.png,0,02,learnable_hard,0.1776136373,0.995,0.0881506932,normal_replay,GroupDiverse-Gap
RUN_134,TRIAD_045,A15_GroupDiverse-Gap_B3000,R1,1343723075,963122165,1963,Det/images/normal_train/00632777.png,0,09,easy_clean,0.0300623939,1.0,0.0361949198,normal_replay,GroupDiverse-Gap
RUN_134,TRIAD_045,A15_GroupDiverse-Gap_B3000,R1,1343723075,963122165,1964,Det/images/normal_train/00758882.png,0,04,learnable_hard,0.0943460608,0.97,0.1506838615,normal_replay,GroupDiverse-Gap
RUN_134,TRIAD_045,A15_GroupDiverse-Gap_B3000,R1,1343723075,963122165,1965,Det/images/normal_train/01296521.png,0,07,unstable_boundary,0.4916294547,0.525,0.1612053989,normal_replay,GroupDiverse-Gap
RUN_134,TRIAD_045,A15_GroupDiverse-Gap_B3000,R1,1343723075,963122165,1966,Det/images/normal_train/00823669.png,0,02,easy_clean,0.001132137,1.0,0.0013658562,normal_replay,GroupDiverse-Gap
RUN_134,TRIAD_045,A15_GroupDiverse-Gap_B3000,R1,1343723075,963122165,1967,Det/images/normal_train/00850588.png,0,07,easy_clean,0.0015020626,1.0,0.002133018,normal_replay,GroupDiverse-Gap
RUN_134,TRIAD_045,A15_GroupDiverse-Gap_B3000,R1,1343723075,963122165,1968,Det/images/normal_train/01028302.png,0,06,easy_clean,0.0139542046,1.0,0.0201430285,normal_replay,GroupDiverse-Gap
RUN_134,TRIAD_045,A15_GroupDiverse-Gap_B3000,R1,1343723075,963122165,1969,Det/images/normal_train/00938377.png,0,08,easy_clean,0.0083579721,1.0,0.0124837635,normal_replay,GroupDiverse-Gap
RUN_134,TRIAD_045,A15_GroupDiverse-Gap_B3000,R1,1343723075,963122165,1970,Det/images/normal_train/00787175.png,0,09,learnable_hard,0.1451009165,0.99,0.1228497234,normal_replay,GroupDiverse-Gap
RUN_134,TRIAD_045,A15_GroupDiverse-Gap_B3000,R1,1343723075,963122165,1971,Det/images/normal_train/00386846.png,0,01,learnable_hard,0.0131723298,0.995,0.0539999784,normal_replay,GroupDiverse-Gap
RUN_134,TRIAD_045,A15_GroupDiverse-Gap_B3000,R1,1343723075,963122165,1972,Det/images/normal_train/01033706.png,0,05,ordinary,0.1269503895,1.0,0.0759553007,normal_replay,GroupDiverse-Gap
RUN_134,TRIAD_045,A15_GroupDiverse-Gap_B3000,R1,1343723075,963122165,1973,Det/images/normal_train/00580289.png,0,02,ordinary,0.3683505503,0.815,0.2151635582,normal_replay,GroupDiverse-Gap
RUN_134,TRIAD_045,A15_GroupDiverse-Gap_B3000,R1,1343723075,963122165,1974,Det/images/normal_train/01089067.png,0,01,easy_clean,0.0021484982,1.0,0.0040769038,normal_replay,GroupDiverse-Gap
RUN_134,TRIAD_045,A15_GroupDiverse-Gap_B3000,R1,1343723075,963122165,1975,Det/images/normal_train/01013204.png,0,01,learnable_hard,0.3538629419,0.85,0.1350696458,normal_replay,GroupDiverse-Gap
RUN_134,TRIAD_045,A15_GroupDiverse-Gap_B3000,R1,1343723075,963122165,1976,Det/images/normal_train/01081070.png,0,04,easy_clean,0.0253876664,1.0,0.0436869292,normal_replay,GroupDiverse-Gap
RUN_134,TRIAD_045,A15_GroupDiverse-Gap_B3000,R1,1343723075,963122165,1977,Det/images/normal_train/00758097.png,0,04,easy_clean,0.0019667226,1.0,0.0042958674,normal_replay,GroupDiverse-Gap
RUN_134,TRIAD_045,A15_GroupDiverse-Gap_B3000,R1,1343723075,963122165,1978,Det/images/normal_train/01171514.png,0,04,easy_clean,0.0717161976,1.0,0.0753288775,normal_replay,GroupDiverse-Gap
RUN_134,TRIAD_045,A15_GroupDiverse-Gap_B3000,R1,1343723075,963122165,1979,Det/images/normal_train/00306768.png,0,03,easy_clean,0.0250684522,1.0,0.0338812372,normal_replay,GroupDiverse-Gap
RUN_134,TRIAD_045,A15_GroupDiverse-Gap_B3000,R1,1343723075,963122165,1980,Det/images/normal_train/00963033.png,0,05,easy_clean,0.0110014777,1.0,0.0124421507,normal_replay,GroupDiverse-Gap
RUN_134,TRIAD_045,A15_GroupDiverse-Gap_B3000,R1,1343723075,963122165,1981,Det/images/normal_train/00255885.png,0,08,easy_clean,0.005847958,1.0,0.0096656207,normal_replay,GroupDiverse-Gap
RUN_134,TRIAD_045,A15_GroupDiverse-Gap_B3000,R1,1343723075,963122165,1982,Det/images/normal_train/00917688.png,0,08,easy_clean,0.0028019871,1.0,0.0063769185,normal_replay,GroupDiverse-Gap
RUN_134,TRIAD_045,A15_GroupDiverse-Gap_B3000,R1,1343723075,963122165,1983,Det/images/normal_train/00379444.png,0,02,easy_clean,0.0319291192,1.0,0.0319705871,normal_replay,GroupDiverse-Gap
RUN_134,TRIAD_045,A15_GroupDiverse-Gap_B3000,R1,1343723075,963122165,1984,Det/images/normal_train/01001275.png,0,05,easy_clean,0.0073623355,1.0,0.0062888351,normal_replay,GroupDiverse-Gap
RUN_134,TRIAD_045,A15_GroupDiverse-Gap_B3000,R1,1343723075,963122165,1985,Det/images/normal_train/01079062.png,0,02,easy_clean,0.0582796957,1.0,0.05091733,normal_replay,GroupDiverse-Gap
RUN_134,TRIAD_045,A15_GroupDiverse-Gap_B3000,R1,1343723075,963122165,1986,Det/images/normal_train/01259554.png,0,06,easy_clean,0.0488342653,1.0,0.0497349451,normal_replay,GroupDiverse-Gap
RUN_134,TRIAD_045,A15_GroupDiverse-Gap_B3000,R1,1343723075,963122165,1987,Det/images/normal_train/01294849.png,0,05,easy_clean,0.0828683047,1.0,0.0427300536,normal_replay,GroupDiverse-Gap
RUN_134,TRIAD_045,A15_GroupDiverse-Gap_B3000,R1,1343723075,963122165,1988,Det/images/normal_train/00519402.png,0,09,learnable_hard,0.0376651804,0.99,0.0721839839,normal_replay,GroupDiverse-Gap
RUN_134,TRIAD_045,A15_GroupDiverse-Gap_B3000,R1,1343723075,963122165,1989,Det/images/normal_train/00377477.png,0,01,easy_clean,0.003149154,1.0,0.0036303579,normal_replay,GroupDiverse-Gap
RUN_134,TRIAD_045,A15_GroupDiverse-Gap_B3000,R1,1343723075,963122165,1990,Det/images/normal_train/00244341.png,0,07,easy_clean,0.0165357324,1.0,0.0161009139,normal_replay,GroupDiverse-Gap
RUN_134,TRIAD_045,A15_GroupDiverse-Gap_B3000,R1,1343723075,963122165,1991,Det/images/normal_train/00272396.png,0,00,easy_clean,2.18516e-05,1.0,4.59558e-05,normal_replay,GroupDiverse-Gap
RUN_134,TRIAD_045,A15_GroupDiverse-Gap_B3000,R1,1343723075,963122165,1992,Det/images/normal_train/00668467.png,0,04,learnable_hard,0.0110227933,0.995,0.0550440816,normal_replay,GroupDiverse-Gap
RUN_134,TRIAD_045,A15_GroupDiverse-Gap_B3000,R1,1343723075,963122165,1993,Det/images/normal_train/00822972.png,0,08,easy_clean,0.002996613,1.0,0.0129324977,normal_replay,GroupDiverse-Gap
RUN_134,TRIAD_045,A15_GroupDiverse-Gap_B3000,R1,1343723075,963122165,1994,Det/images/normal_train/00205151.png,0,08,easy_clean,0.0160667631,1.0,0.0332830598,normal_replay,GroupDiverse-Gap
RUN_134,TRIAD_045,A15_GroupDiverse-Gap_B3000,R1,1343723075,963122165,1995,Det/images/normal_train/00841926.png,0,04,easy_clean,0.0065373461,1.0,0.0292103696,normal_replay,GroupDiverse-Gap
RUN_134,TRIAD_045,A15_GroupDiverse-Gap_B3000,R1,1343723075,963122165,1996,Det/images/normal_train/01237740.png,0,05,easy_clean,0.0025311998,1.0,0.0076689675,normal_replay,GroupDiverse-Gap
RUN_134,TRIAD_045,A15_GroupDiverse-Gap_B3000,R1,1343723075,963122165,1997,Det/images/normal_train/00951658.png,0,08,easy_clean,0.0198806461,1.0,0.0370662861,normal_replay,GroupDiverse-Gap
RUN_134,TRIAD_045,A15_GroupDiverse-Gap_B3000,R1,1343723075,963122165,1998,Det/images/normal_train/01064986.png,0,06,easy_clean,0.007594715,1.0,0.0306681905,normal_replay,GroupDiverse-Gap
RUN_134,TRIAD_045,A15_GroupDiverse-Gap_B3000,R1,1343723075,963122165,1999,Det/images/normal_train/01163593.png,0,08,easy_clean,0.012318458,1.0,0.0208206706,normal_replay,GroupDiverse-Gap
RUN_134,TRIAD_045,A15_GroupDiverse-Gap_B3000,R1,1343723075,963122165,2000,Det/images/normal_train/01015167.png,0,03,easy_clean,0.0092796591,1.0,0.0119717765,normal_replay,GroupDiverse-Gap
RUN_134,TRIAD_045,A15_GroupDiverse-Gap_B3000,R1,1343723075,963122165,2001,Det/images/normal_train/00977370.png,0,09,easy_clean,0.0566916713,1.0,0.046233152,normal_replay,GroupDiverse-Gap
RUN_134,TRIAD_045,A15_GroupDiverse-Gap_B3000,R1,1343723075,963122165,2002,Det/images/normal_train/00649907.png,0,09,learnable_hard,0.1331890082,0.995,0.125229129,normal_replay,GroupDiverse-Gap
RUN_134,TRIAD_045,A15_GroupDiverse-Gap_B3000,R1,1343723075,963122165,2003,Det/images/normal_train/00340966.png,0,02,learnable_hard,0.0522063468,0.995,0.0709881718,normal_replay,GroupDiverse-Gap
RUN_134,TRIAD_045,A15_GroupDiverse-Gap_B3000,R1,1343723075,963122165,2004,Det/images/normal_train/00973364.png,0,05,easy_clean,0.0024683271,1.0,0.0038498717,normal_replay,GroupDiverse-Gap
RUN_134,TRIAD_045,A15_GroupDiverse-Gap_B3000,R1,1343723075,963122165,2005,Det/images/normal_train/00705772.png,0,04,learnable_hard,0.3503201043,0.665,0.2222317853,normal_replay,GroupDiverse-Gap
RUN_134,TRIAD_045,A15_GroupDiverse-Gap_B3000,R1,1343723075,963122165,2006,Det/images/normal_train/00582630.png,0,03,easy_clean,0.00205801,1.0,0.012115426,normal_replay,GroupDiverse-Gap
RUN_134,TRIAD_045,A15_GroupDiverse-Gap_B3000,R1,1343723075,963122165,2007,Det/images/normal_train/00223049.png,0,06,easy_clean,0.0046528297,1.0,0.0058971804,normal_replay,GroupDiverse-Gap
RUN_134,TRIAD_045,A15_GroupDiverse-Gap_B3000,R1,1343723075,963122165,2008,Det/images/normal_train/00457838.png,0,09,easy_clean,0.0030379634,1.0,0.0108333088,normal_replay,GroupDiverse-Gap
RUN_134,TRIAD_045,A15_GroupDiverse-Gap_B3000,R1,1343723075,963122165,2009,Det/images/normal_train/00810322.png,0,09,easy_clean,0.0188934979,1.0,0.0279490406,normal_replay,GroupDiverse-Gap
RUN_134,TRIAD_045,A15_GroupDiverse-Gap_B3000,R1,1343723075,963122165,2010,Det/images/normal_train/01014527.png,0,04,easy_clean,0.0019103573,1.0,0.0023763577,normal_replay,GroupDiverse-Gap
RUN_134,TRIAD_045,A15_GroupDiverse-Gap_B3000,R1,1343723075,963122165,2011,Det/images/normal_train/00543817.png,0,06,easy_clean,0.0099552559,1.0,0.0380396964,normal_replay,GroupDiverse-Gap
RUN_134,TRIAD_045,A15_GroupDiverse-Gap_B3000,R1,1343723075,963122165,2012,Det/images/normal_train/00258175.png,0,02,learnable_hard,0.0978554067,0.995,0.0531600522,normal_replay,GroupDiverse-Gap
RUN_134,TRIAD_045,A15_GroupDiverse-Gap_B3000,R1,1343723075,963122165,2013,Det/images/normal_train/01260859.png,0,05,ordinary,0.0946631702,1.0,0.0556005358,normal_replay,GroupDiverse-Gap
RUN_134,TRIAD_045,A15_GroupDiverse-Gap_B3000,R1,1343723075,963122165,2014,Det/images/normal_train/00909149.png,0,00,ordinary,0.1241199921,1.0,0.1051847492,normal_replay,GroupDiverse-Gap
RUN_134,TRIAD_045,A15_GroupDiverse-Gap_B3000,R1,1343723075,963122165,2015,Det/images/normal_train/01151136.png,0,00,learnable_hard,0.2363657917,0.975,0.0980776795,normal_replay,GroupDiverse-Gap
RUN_134,TRIAD_045,A15_GroupDiverse-Gap_B3000,R1,1343723075,963122165,2016,Det/images/normal_train/01126599.png,0,06,easy_clean,0.0422039792,1.0,0.055271421,normal_replay,GroupDiverse-Gap
RUN_134,TRIAD_045,A15_GroupDiverse-Gap_B3000,R1,1343723075,963122165,2017,Det/images/normal_train/00206972.png,0,05,ordinary,0.0971835713,1.0,0.0551280428,normal_replay,GroupDiverse-Gap
RUN_134,TRIAD_045,A15_GroupDiverse-Gap_B3000,R1,1343723075,963122165,2018,Det/images/normal_train/00328034.png,0,07,easy_clean,0.0859917749,1.0,0.0865006863,normal_replay,GroupDiverse-Gap
RUN_134,TRIAD_045,A15_GroupDiverse-Gap_B3000,R1,1343723075,963122165,2019,Det/images/normal_train/00858172.png,0,01,easy_clean,0.0022827894,1.0,0.0069595898,normal_replay,GroupDiverse-Gap
RUN_134,TRIAD_045,A15_GroupDiverse-Gap_B3000,R1,1343723075,963122165,2020,Det/images/normal_train/00818195.png,0,02,easy_clean,0.08818351,1.0,0.0745539436,normal_replay,GroupDiverse-Gap
RUN_134,TRIAD_045,A15_GroupDiverse-Gap_B3000,R1,1343723075,963122165,2021,Det/images/normal_train/01035469.png,0,01,easy_clean,0.0019526244,1.0,0.0022892494,normal_replay,GroupDiverse-Gap
RUN_134,TRIAD_045,A15_GroupDiverse-Gap_B3000,R1,1343723075,963122165,2022,Det/images/normal_train/00173858.png,0,04,learnable_hard,0.0580276567,0.99,0.0798248101,normal_replay,GroupDiverse-Gap
RUN_134,TRIAD_045,A15_GroupDiverse-Gap_B3000,R1,1343723075,963122165,2023,Det/images/normal_train/01204912.png,0,09,learnable_hard,0.0618864551,0.995,0.0743180138,normal_replay,GroupDiverse-Gap
RUN_134,TRIAD_045,A15_GroupDiverse-Gap_B3000,R1,1343723075,963122165,2024,Det/images/normal_train/01292346.png,0,07,ordinary,0.0946410733,1.0,0.099211748,normal_replay,GroupDiverse-Gap
RUN_134,TRIAD_045,A15_GroupDiverse-Gap_B3000,R1,1343723075,963122165,2025,Det/images/normal_train/00858242.png,0,01,easy_clean,0.0044171017,1.0,0.0146357134,normal_replay,GroupDiverse-Gap
RUN_134,TRIAD_045,A15_GroupDiverse-Gap_B3000,R1,1343723075,963122165,2026,Det/images/normal_train/00839066.png,0,06,easy_clean,0.0001778255,1.0,0.0002846945,normal_replay,GroupDiverse-Gap
RUN_134,TRIAD_045,A15_GroupDiverse-Gap_B3000,R1,1343723075,963122165,2027,Det/images/normal_train/00523526.png,0,00,easy_clean,0.0006013739,1.0,0.0009079729,normal_replay,GroupDiverse-Gap
RUN_134,TRIAD_045,A15_GroupDiverse-Gap_B3000,R1,1343723075,963122165,2028,Det/images/normal_train/00938748.png,0,08,easy_clean,0.0049685474,1.0,0.010212406,normal_replay,GroupDiverse-Gap
RUN_134,TRIAD_045,A15_GroupDiverse-Gap_B3000,R1,1343723075,963122165,2029,Det/images/normal_train/01198919.png,0,03,easy_clean,0.045144948,0.99,0.0783917474,normal_replay,GroupDiverse-Gap
RUN_134,TRIAD_045,A15_GroupDiverse-Gap_B3000,R1,1343723075,963122165,2030,Det/images/normal_train/01257083.png,0,07,easy_clean,0.0192031657,1.0,0.0339946331,normal_replay,GroupDiverse-Gap
RUN_134,TRIAD_045,A15_GroupDiverse-Gap_B3000,R1,1343723075,963122165,2031,Det/images/normal_train/00349815.png,0,00,learnable_hard,0.0948260719,0.99,0.1005381014,normal_replay,GroupDiverse-Gap
RUN_134,TRIAD_045,A15_GroupDiverse-Gap_B3000,R1,1343723075,963122165,2032,Det/images/normal_train/00237316.png,0,06,easy_clean,0.011346916,1.0,0.012738658,normal_replay,GroupDiverse-Gap
RUN_134,TRIAD_045,A15_GroupDiverse-Gap_B3000,R1,1343723075,963122165,2033,Det/images/normal_train/00938795.png,0,08,easy_clean,0.0090096529,1.0,0.0207242386,normal_replay,GroupDiverse-Gap
RUN_134,TRIAD_045,A15_GroupDiverse-Gap_B3000,R1,1343723075,963122165,2034,Det/images/normal_train/01075121.png,0,05,easy_clean,0.0102774271,1.0,0.0148617694,normal_replay,GroupDiverse-Gap
RUN_134,TRIAD_045,A15_GroupDiverse-Gap_B3000,R1,1343723075,963122165,2035,Det/images/normal_train/00378458.png,0,05,persistent_hard,0.7527336462,0.025,0.1176335055,normal_replay,GroupDiverse-Gap
RUN_134,TRIAD_045,A15_GroupDiverse-Gap_B3000,R1,1343723075,963122165,2036,Det/images/normal_train/00550147.png,0,08,learnable_hard,0.1219133011,0.995,0.1047523953,normal_replay,GroupDiverse-Gap
RUN_134,TRIAD_045,A15_GroupDiverse-Gap_B3000,R1,1343723075,963122165,2037,Det/images/normal_train/00991447.png,0,00,easy_clean,0.0099317515,1.0,0.0320297108,normal_replay,GroupDiverse-Gap
RUN_134,TRIAD_045,A15_GroupDiverse-Gap_B3000,R1,1343723075,963122165,2038,Det/images/normal_train/01112927.png,0,07,easy_clean,0.0309675985,0.995,0.0591324883,normal_replay,GroupDiverse-Gap
RUN_134,TRIAD_045,A15_GroupDiverse-Gap_B3000,R1,1343723075,963122165,2039,Det/images/normal_train/01130661.png,0,00,easy_clean,0.0173871436,1.0,0.0170638934,normal_replay,GroupDiverse-Gap
RUN_134,TRIAD_045,A15_GroupDiverse-Gap_B3000,R1,1343723075,963122165,2040,Det/images/normal_train/00232088.png,0,00,easy_clean,0.0111881473,1.0,0.0137369655,normal_replay,GroupDiverse-Gap
RUN_134,TRIAD_045,A15_GroupDiverse-Gap_B3000,R1,1343723075,963122165,2041,Det/images/normal_train/00218981.png,0,09,easy_clean,0.002795163,1.0,0.0143448092,normal_replay,GroupDiverse-Gap
RUN_134,TRIAD_045,A15_GroupDiverse-Gap_B3000,R1,1343723075,963122165,2042,Det/images/normal_train/00816459.png,0,00,easy_clean,0.0164719957,1.0,0.0185884369,normal_replay,GroupDiverse-Gap
RUN_134,TRIAD_045,A15_GroupDiverse-Gap_B3000,R1,1343723075,963122165,2043,Det/images/normal_train/00527857.png,0,07,easy_clean,0.0001561462,1.0,0.0003628114,normal_replay,GroupDiverse-Gap
RUN_134,TRIAD_045,A15_GroupDiverse-Gap_B3000,R1,1343723075,963122165,2044,Det/images/normal_train/00297813.png,0,08,easy_clean,0.0579712285,1.0,0.0682233415,normal_replay,GroupDiverse-Gap
RUN_134,TRIAD_045,A15_GroupDiverse-Gap_B3000,R1,1343723075,963122165,2045,Det/images/normal_train/00559618.png,0,03,learnable_hard,0.0318714773,0.995,0.0570643421,normal_replay,GroupDiverse-Gap
RUN_134,TRIAD_045,A15_GroupDiverse-Gap_B3000,R1,1343723075,963122165,2046,Det/images/normal_train/01066994.png,0,00,persistent_hard,0.80871191,0.11,0.1640820225,normal_replay,GroupDiverse-Gap
RUN_134,TRIAD_045,A15_GroupDiverse-Gap_B3000,R1,1343723075,963122165,2047,Det/images/normal_train/00951865.png,0,08,learnable_hard,0.4103756467,0.645,0.1819794661,normal_replay,GroupDiverse-Gap
RUN_134,TRIAD_045,A15_GroupDiverse-Gap_B3000,R1,1343723075,963122165,2048,Det/images/normal_train/01099562.png,0,03,learnable_hard,0.0540249235,0.995,0.0748156648,normal_replay,GroupDiverse-Gap
RUN_134,TRIAD_045,A15_GroupDiverse-Gap_B3000,R1,1343723075,963122165,2049,Det/images/normal_train/01270825.png,0,05,easy_clean,0.0055831034,1.0,0.0081712236,normal_replay,GroupDiverse-Gap
RUN_134,TRIAD_045,A15_GroupDiverse-Gap_B3000,R1,1343723075,963122165,2050,Det/images/normal_train/00853336.png,0,00,easy_clean,0.0057519431,1.0,0.0076171049,normal_replay,GroupDiverse-Gap
RUN_134,TRIAD_045,A15_GroupDiverse-Gap_B3000,R1,1343723075,963122165,2051,Det/images/normal_train/01116501.png,0,04,easy_clean,0.014363892,1.0,0.0215037838,normal_replay,GroupDiverse-Gap
RUN_134,TRIAD_045,A15_GroupDiverse-Gap_B3000,R1,1343723075,963122165,2052,Det/images/normal_train/00882796.png,0,03,easy_clean,0.0112176298,1.0,0.0199224213,normal_replay,GroupDiverse-Gap
RUN_134,TRIAD_045,A15_GroupDiverse-Gap_B3000,R1,1343723075,963122165,2053,Det/images/normal_train/00618937.png,0,04,easy_clean,0.0006001816,1.0,0.0007259775,normal_replay,GroupDiverse-Gap
RUN_134,TRIAD_045,A15_GroupDiverse-Gap_B3000,R1,1343723075,963122165,2054,Det/images/normal_train/00476074.png,0,09,easy_clean,0.019219821,1.0,0.0222290082,normal_replay,GroupDiverse-Gap
RUN_134,TRIAD_045,A15_GroupDiverse-Gap_B3000,R1,1343723075,963122165,2055,Det/images/normal_train/00969583.png,0,04,easy_clean,0.0286213935,1.0,0.045426183,normal_replay,GroupDiverse-Gap
RUN_134,TRIAD_045,A15_GroupDiverse-Gap_B3000,R1,1343723075,963122165,2056,Det/images/normal_train/01112772.png,0,07,easy_clean,0.0571300808,1.0,0.0528192285,normal_replay,GroupDiverse-Gap
RUN_134,TRIAD_045,A15_GroupDiverse-Gap_B3000,R1,1343723075,963122165,2057,Det/images/normal_train/01259988.png,0,06,easy_clean,0.0681044594,1.0,0.0679491675,normal_replay,GroupDiverse-Gap
RUN_134,TRIAD_045,A15_GroupDiverse-Gap_B3000,R1,1343723075,963122165,2058,Det/images/normal_train/01135629.png,0,03,easy_clean,0.0065273972,1.0,0.0159217644,normal_replay,GroupDiverse-Gap
RUN_134,TRIAD_045,A15_GroupDiverse-Gap_B3000,R1,1343723075,963122165,2059,Det/images/normal_train/00452990.png,0,06,easy_clean,0.0309582344,1.0,0.0503560321,normal_replay,GroupDiverse-Gap
RUN_134,TRIAD_045,A15_GroupDiverse-Gap_B3000,R1,1343723075,963122165,2060,Det/images/normal_train/00313848.png,0,01,easy_clean,0.0181963324,1.0,0.0367612042,normal_replay,GroupDiverse-Gap
RUN_134,TRIAD_045,A15_GroupDiverse-Gap_B3000,R1,1343723075,963122165,2061,Det/images/normal_train/00620333.png,0,06,easy_clean,0.0030504963,1.0,0.0072676233,normal_replay,GroupDiverse-Gap
RUN_134,TRIAD_045,A15_GroupDiverse-Gap_B3000,R1,1343723075,963122165,2062,Det/images/normal_train/00477768.png,0,00,easy_clean,0.0069303998,1.0,0.0073261418,normal_replay,GroupDiverse-Gap
RUN_134,TRIAD_045,A15_GroupDiverse-Gap_B3000,R1,1343723075,963122165,2063,Det/images/normal_train/00803612.png,0,05,ordinary,0.3105053914,0.965,0.1320449289,normal_replay,GroupDiverse-Gap
RUN_134,TRIAD_045,A15_GroupDiverse-Gap_B3000,R1,1343723075,963122165,2064,Det/images/normal_train/00834883.png,0,08,learnable_hard,0.0231505777,0.995,0.0628095773,normal_replay,GroupDiverse-Gap
RUN_134,TRIAD_045,A15_GroupDiverse-Gap_B3000,R1,1343723075,963122165,2065,Det/images/normal_train/00759528.png,0,08,easy_clean,0.0007831787,1.0,0.0039023169,normal_replay,GroupDiverse-Gap
RUN_134,TRIAD_045,A15_GroupDiverse-Gap_B3000,R1,1343723075,963122165,2066,Det/images/normal_train/00209112.png,0,09,learnable_hard,0.0535274459,0.995,0.0714348837,normal_replay,GroupDiverse-Gap
RUN_134,TRIAD_045,A15_GroupDiverse-Gap_B3000,R1,1343723075,963122165,2067,Det/images/normal_train/01214303.png,0,00,learnable_hard,0.0584782549,0.995,0.0791803757,normal_replay,GroupDiverse-Gap
RUN_134,TRIAD_045,A15_GroupDiverse-Gap_B3000,R1,1343723075,963122165,2068,Det/images/normal_train/00254673.png,0,03,learnable_hard,0.1107736267,0.985,0.1139803603,normal_replay,GroupDiverse-Gap
RUN_134,TRIAD_045,A15_GroupDiverse-Gap_B3000,R1,1343723075,963122165,2069,Det/images/normal_train/00470795.png,0,03,easy_clean,0.0053336902,1.0,0.0065818964,normal_replay,GroupDiverse-Gap
RUN_134,TRIAD_045,A15_GroupDiverse-Gap_B3000,R1,1343723075,963122165,2070,Det/images/normal_train/00917829.png,0,08,easy_clean,0.0379719975,1.0,0.0385905649,normal_replay,GroupDiverse-Gap
RUN_134,TRIAD_045,A15_GroupDiverse-Gap_B3000,R1,1343723075,963122165,2071,Det/images/normal_train/00578098.png,0,03,easy_clean,0.0056780403,1.0,0.0079479729,normal_replay,GroupDiverse-Gap
RUN_134,TRIAD_045,A15_GroupDiverse-Gap_B3000,R1,1343723075,963122165,2072,Det/images/normal_train/01243383.png,0,00,easy_clean,0.0033226501,1.0,0.0043833327,normal_replay,GroupDiverse-Gap
RUN_134,TRIAD_045,A15_GroupDiverse-Gap_B3000,R1,1343723075,963122165,2073,Det/images/normal_train/00712685.png,0,01,easy_clean,0.0012898392,1.0,0.0055933597,normal_replay,GroupDiverse-Gap
RUN_134,TRIAD_045,A15_GroupDiverse-Gap_B3000,R1,1343723075,963122165,2074,Det/images/normal_train/00275210.png,0,01,easy_clean,0.0024999331,1.0,0.0044507014,normal_replay,GroupDiverse-Gap
RUN_134,TRIAD_045,A15_GroupDiverse-Gap_B3000,R1,1343723075,963122165,2075,Det/images/normal_train/01278225.png,0,05,unstable_boundary,0.4786979328,0.65,0.0942210843,normal_replay,GroupDiverse-Gap
RUN_134,TRIAD_045,A15_GroupDiverse-Gap_B3000,R1,1343723075,963122165,2076,Det/images/normal_train/01092991.png,0,03,easy_clean,0.0665347177,1.0,0.0431694413,normal_replay,GroupDiverse-Gap
RUN_134,TRIAD_045,A15_GroupDiverse-Gap_B3000,R1,1343723075,963122165,2077,Det/images/normal_train/00909397.png,0,00,easy_clean,0.0147577715,1.0,0.0104674077,normal_replay,GroupDiverse-Gap
RUN_134,TRIAD_045,A15_GroupDiverse-Gap_B3000,R1,1343723075,963122165,2078,Det/images/normal_train/00545420.png,0,07,easy_clean,0.002267055,1.0,0.0031473,normal_replay,GroupDiverse-Gap
RUN_134,TRIAD_045,A15_GroupDiverse-Gap_B3000,R1,1343723075,963122165,2079,Det/images/normal_train/00378107.png,0,05,easy_clean,0.0169843259,1.0,0.0202350474,normal_replay,GroupDiverse-Gap
RUN_134,TRIAD_045,A15_GroupDiverse-Gap_B3000,R1,1343723075,963122165,2080,Det/images/normal_train/01051492.png,0,06,easy_clean,0.0267146156,1.0,0.0580221245,normal_replay,GroupDiverse-Gap
RUN_134,TRIAD_045,A15_GroupDiverse-Gap_B3000,R1,1343723075,963122165,2081,Det/images/normal_train/00905354.png,0,09,learnable_hard,0.0521529732,0.995,0.0633692119,normal_replay,GroupDiverse-Gap
RUN_134,TRIAD_045,A15_GroupDiverse-Gap_B3000,R1,1343723075,963122165,2082,Det/images/normal_train/00760736.png,0,04,easy_clean,0.0013007721,1.0,0.0034584072,normal_replay,GroupDiverse-Gap
RUN_134,TRIAD_045,A15_GroupDiverse-Gap_B3000,R1,1343723075,963122165,2083,Det/images/normal_train/01073064.png,0,07,easy_clean,0.0458819002,1.0,0.0518901925,normal_replay,GroupDiverse-Gap
RUN_134,TRIAD_045,A15_GroupDiverse-Gap_B3000,R1,1343723075,963122165,2084,Det/images/normal_train/01209473.png,0,08,easy_clean,0.0186161716,1.0,0.0197587362,normal_replay,GroupDiverse-Gap
RUN_134,TRIAD_045,A15_GroupDiverse-Gap_B3000,R1,1343723075,963122165,2085,Det/images/normal_train/00826304.png,0,03,easy_clean,0.0022912629,1.0,0.0090170377,normal_replay,GroupDiverse-Gap
RUN_134,TRIAD_045,A15_GroupDiverse-Gap_B3000,R1,1343723075,963122165,2086,Det/images/normal_train/01038492.png,0,00,learnable_hard,0.076573042,0.965,0.152977999,normal_replay,GroupDiverse-Gap
RUN_134,TRIAD_045,A15_GroupDiverse-Gap_B3000,R1,1343723075,963122165,2087,Det/images/normal_train/01016658.png,0,04,learnable_hard,0.1677807165,0.995,0.0888650498,normal_replay,GroupDiverse-Gap
RUN_134,TRIAD_045,A15_GroupDiverse-Gap_B3000,R1,1343723075,963122165,2088,Det/images/normal_train/00697350.png,0,05,easy_clean,0.028479443,1.0,0.0618702241,normal_replay,GroupDiverse-Gap
RUN_134,TRIAD_045,A15_GroupDiverse-Gap_B3000,R1,1343723075,963122165,2089,Det/images/normal_train/00459508.png,0,02,easy_clean,0.0147273614,1.0,0.0216403844,normal_replay,GroupDiverse-Gap
RUN_134,TRIAD_045,A15_GroupDiverse-Gap_B3000,R1,1343723075,963122165,2090,Det/images/normal_train/00991295.png,0,00,ordinary,0.2490763667,1.0,0.1408376255,normal_replay,GroupDiverse-Gap
RUN_134,TRIAD_045,A15_GroupDiverse-Gap_B3000,R1,1343723075,963122165,2091,Det/images/normal_train/00264425.png,0,07,easy_clean,0.0024776895,1.0,0.0040160817,normal_replay,GroupDiverse-Gap
RUN_134,TRIAD_045,A15_GroupDiverse-Gap_B3000,R1,1343723075,963122165,2092,Det/images/normal_train/01014559.png,0,04,easy_clean,0.0087466977,1.0,0.0104752237,normal_replay,GroupDiverse-Gap
RUN_134,TRIAD_045,A15_GroupDiverse-Gap_B3000,R1,1343723075,963122165,2093,Det/images/normal_train/01071274.png,0,04,easy_clean,0.0032046698,1.0,0.0065451011,normal_replay,GroupDiverse-Gap
RUN_134,TRIAD_045,A15_GroupDiverse-Gap_B3000,R1,1343723075,963122165,2094,Det/images/normal_train/01030343.png,0,04,easy_clean,0.0235558833,1.0,0.0213604716,normal_replay,GroupDiverse-Gap
RUN_134,TRIAD_045,A15_GroupDiverse-Gap_B3000,R1,1343723075,963122165,2095,Det/images/normal_train/01125820.png,0,02,learnable_hard,0.0316367549,0.995,0.071867548,normal_replay,GroupDiverse-Gap
RUN_134,TRIAD_045,A15_GroupDiverse-Gap_B3000,R1,1343723075,963122165,2096,Det/images/normal_train/00351603.png,0,03,easy_clean,0.0256226339,1.0,0.0437143189,normal_replay,GroupDiverse-Gap
RUN_134,TRIAD_045,A15_GroupDiverse-Gap_B3000,R1,1343723075,963122165,2097,Det/images/normal_train/00371947.png,0,00,easy_clean,0.0161297315,1.0,0.0353223965,normal_replay,GroupDiverse-Gap
RUN_134,TRIAD_045,A15_GroupDiverse-Gap_B3000,R1,1343723075,963122165,2098,Det/images/normal_train/00265207.png,0,05,easy_clean,0.0021867474,1.0,0.002994202,normal_replay,GroupDiverse-Gap
RUN_134,TRIAD_045,A15_GroupDiverse-Gap_B3000,R1,1343723075,963122165,2099,Det/images/normal_train/00835797.png,0,02,easy_clean,0.0013694413,1.0,0.0019959474,normal_replay,GroupDiverse-Gap
RUN_134,TRIAD_045,A15_GroupDiverse-Gap_B3000,R1,1343723075,963122165,2100,Det/images/normal_train/00679729.png,0,07,easy_clean,0.000413996,1.0,0.0016383744,normal_replay,GroupDiverse-Gap
RUN_134,TRIAD_045,A15_GroupDiverse-Gap_B3000,R1,1343723075,963122165,2101,Det/images/normal_train/00941397.png,0,00,easy_clean,0.0063268926,1.0,0.015867433,normal_replay,GroupDiverse-Gap
RUN_134,TRIAD_045,A15_GroupDiverse-Gap_B3000,R1,1343723075,963122165,2102,Det/images/normal_train/01140250.png,0,00,ordinary,0.1144030181,1.0,0.0584539918,normal_replay,GroupDiverse-Gap
RUN_134,TRIAD_045,A15_GroupDiverse-Gap_B3000,R1,1343723075,963122165,2103,Det/images/normal_train/00365696.png,0,00,easy_clean,0.0026426595,1.0,0.0028924835,normal_replay,GroupDiverse-Gap
RUN_134,TRIAD_045,A15_GroupDiverse-Gap_B3000,R1,1343723075,963122165,2104,Det/images/normal_train/00268668.png,0,03,learnable_hard,0.016639425,0.995,0.0604903892,normal_replay,GroupDiverse-Gap
RUN_134,TRIAD_045,A15_GroupDiverse-Gap_B3000,R1,1343723075,963122165,2105,Det/images/normal_train/00715631.png,0,09,easy_clean,0.0108891912,1.0,0.0343771018,normal_replay,GroupDiverse-Gap
RUN_134,TRIAD_045,A15_GroupDiverse-Gap_B3000,R1,1343723075,963122165,2106,Det/images/normal_train/00534407.png,0,03,easy_clean,0.0009112345,1.0,0.0031054662,normal_replay,GroupDiverse-Gap
RUN_134,TRIAD_045,A15_GroupDiverse-Gap_B3000,R1,1343723075,963122165,2107,Det/images/normal_train/01050318.png,0,08,learnable_hard,0.148057231,0.995,0.0756960818,normal_replay,GroupDiverse-Gap
RUN_134,TRIAD_045,A15_GroupDiverse-Gap_B3000,R1,1343723075,963122165,2108,Det/images/normal_train/00700586.png,0,09,persistent_hard,0.7275800332,0.115,0.1555490806,normal_replay,GroupDiverse-Gap
RUN_134,TRIAD_045,A15_GroupDiverse-Gap_B3000,R1,1343723075,963122165,2109,Det/images/normal_train/00820028.png,0,05,easy_clean,0.0023351739,1.0,0.0022042867,normal_replay,GroupDiverse-Gap
RUN_134,TRIAD_045,A15_GroupDiverse-Gap_B3000,R1,1343723075,963122165,2110,Det/images/normal_train/00767863.png,0,03,easy_clean,0.0022215147,1.0,0.0201562411,normal_replay,GroupDiverse-Gap
RUN_134,TRIAD_045,A15_GroupDiverse-Gap_B3000,R1,1343723075,963122165,2111,Det/images/normal_train/01103895.png,0,02,unstable_boundary,0.4955997915,0.775,0.1865882946,normal_replay,GroupDiverse-Gap
RUN_134,TRIAD_045,A15_GroupDiverse-Gap_B3000,R1,1343723075,963122165,2112,Det/images/normal_train/00977827.png,0,09,ordinary,0.1172371405,1.0,0.1168794504,normal_replay,GroupDiverse-Gap
RUN_134,TRIAD_045,A15_GroupDiverse-Gap_B3000,R1,1343723075,963122165,2113,Det/images/normal_train/00414160.png,0,05,easy_clean,0.0030166679,1.0,0.0052206556,normal_replay,GroupDiverse-Gap
RUN_134,TRIAD_045,A15_GroupDiverse-Gap_B3000,R1,1343723075,963122165,2114,Det/images/normal_train/00578641.png,0,03,learnable_hard,0.0736957219,0.995,0.0852910212,normal_replay,GroupDiverse-Gap
RUN_134,TRIAD_045,A15_GroupDiverse-Gap_B3000,R1,1343723075,963122165,2115,Det/images/normal_train/00844534.png,0,00,easy_clean,0.0104363006,1.0,0.0121498052,normal_replay,GroupDiverse-Gap
RUN_134,TRIAD_045,A15_GroupDiverse-Gap_B3000,R1,1343723075,963122165,2116,Det/images/normal_train/00717437.png,0,00,easy_clean,0.0147402245,0.99,0.0715344993,normal_replay,GroupDiverse-Gap
RUN_134,TRIAD_045,A15_GroupDiverse-Gap_B3000,R1,1343723075,963122165,2117,Det/images/normal_train/00529555.png,0,03,easy_clean,0.0010010223,1.0,0.0021217142,normal_replay,GroupDiverse-Gap
RUN_134,TRIAD_045,A15_GroupDiverse-Gap_B3000,R1,1343723075,963122165,2118,Det/images/normal_train/00803382.png,0,05,easy_clean,0.0622745292,1.0,0.0445524555,normal_replay,GroupDiverse-Gap
RUN_134,TRIAD_045,A15_GroupDiverse-Gap_B3000,R1,1343723075,963122165,2119,Det/images/normal_train/00181415.png,0,09,easy_clean,0.0172533558,1.0,0.02545546,normal_replay,GroupDiverse-Gap
RUN_134,TRIAD_045,A15_GroupDiverse-Gap_B3000,R1,1343723075,963122165,2120,Det/images/normal_train/00358100.png,0,04,easy_clean,0.0008208778,1.0,0.0013272654,normal_replay,GroupDiverse-Gap
RUN_134,TRIAD_045,A15_GroupDiverse-Gap_B3000,R1,1343723075,963122165,2121,Det/images/normal_train/01052274.png,0,01,learnable_hard,0.0372932443,0.995,0.0608529977,normal_replay,GroupDiverse-Gap
RUN_134,TRIAD_045,A15_GroupDiverse-Gap_B3000,R1,1343723075,963122165,2122,Det/images/normal_train/00880057.png,0,07,easy_clean,0.0258490395,1.0,0.0312674192,normal_replay,GroupDiverse-Gap
RUN_134,TRIAD_045,A15_GroupDiverse-Gap_B3000,R1,1343723075,963122165,2123,Det/images/normal_train/00370233.png,0,06,easy_clean,0.0036567867,1.0,0.0093879071,normal_replay,GroupDiverse-Gap
RUN_134,TRIAD_045,A15_GroupDiverse-Gap_B3000,R1,1343723075,963122165,2124,Det/images/normal_train/00957207.png,0,02,learnable_hard,0.3340715773,0.74,0.186479055,normal_replay,GroupDiverse-Gap
RUN_134,TRIAD_045,A15_GroupDiverse-Gap_B3000,R1,1343723075,963122165,2125,Det/images/normal_train/00829663.png,0,09,easy_clean,0.0004742294,1.0,0.0012866983,normal_replay,GroupDiverse-Gap
RUN_134,TRIAD_045,A15_GroupDiverse-Gap_B3000,R1,1343723075,963122165,2126,Det/images/normal_train/00852806.png,0,02,easy_clean,0.0003790452,1.0,0.0005869967,normal_replay,GroupDiverse-Gap
RUN_134,TRIAD_045,A15_GroupDiverse-Gap_B3000,R1,1343723075,963122165,2127,Det/images/normal_train/01117460.png,0,07,easy_clean,0.0111398711,1.0,0.0138507043,normal_replay,GroupDiverse-Gap
RUN_134,TRIAD_045,A15_GroupDiverse-Gap_B3000,R1,1343723075,963122165,2128,Det/images/normal_train/00468932.png,0,06,easy_clean,0.0090967805,1.0,0.0104969221,normal_replay,GroupDiverse-Gap
RUN_134,TRIAD_045,A15_GroupDiverse-Gap_B3000,R1,1343723075,963122165,2129,Det/images/normal_train/01193252.png,0,01,easy_clean,0.0189595509,1.0,0.038295811,normal_replay,GroupDiverse-Gap
RUN_134,TRIAD_045,A15_GroupDiverse-Gap_B3000,R1,1343723075,963122165,2130,Det/images/normal_train/00551627.png,0,02,easy_clean,0.0007298493,1.0,0.0042905528,normal_replay,GroupDiverse-Gap
RUN_134,TRIAD_045,A15_GroupDiverse-Gap_B3000,R1,1343723075,963122165,2131,Det/images/normal_train/00174397.png,0,01,easy_clean,0.0010909327,1.0,0.0018172123,normal_replay,GroupDiverse-Gap
RUN_134,TRIAD_045,A15_GroupDiverse-Gap_B3000,R1,1343723075,963122165,2132,Det/images/normal_train/00903492.png,0,07,easy_clean,0.0144798645,1.0,0.0129961844,normal_replay,GroupDiverse-Gap
RUN_134,TRIAD_045,A15_GroupDiverse-Gap_B3000,R1,1343723075,963122165,2133,Det/images/normal_train/00168196.png,0,07,easy_clean,0.0049980108,1.0,0.0062359745,normal_replay,GroupDiverse-Gap
RUN_134,TRIAD_045,A15_GroupDiverse-Gap_B3000,R1,1343723075,963122165,2134,Det/images/normal_train/00859212.png,0,08,learnable_hard,0.0600829952,0.99,0.075864767,normal_replay,GroupDiverse-Gap
RUN_134,TRIAD_045,A15_GroupDiverse-Gap_B3000,R1,1343723075,963122165,2135,Det/images/normal_train/00682427.png,0,00,easy_clean,0.0031971454,1.0,0.011440278,normal_replay,GroupDiverse-Gap
RUN_134,TRIAD_045,A15_GroupDiverse-Gap_B3000,R1,1343723075,963122165,2136,Det/images/normal_train/00207867.png,0,01,easy_clean,0.0050290355,1.0,0.0180985705,normal_replay,GroupDiverse-Gap
RUN_134,TRIAD_045,A15_GroupDiverse-Gap_B3000,R1,1343723075,963122165,2137,Det/images/normal_train/00443198.png,0,00,easy_clean,0.0014088321,1.0,0.002711403,normal_replay,GroupDiverse-Gap
RUN_134,TRIAD_045,A15_GroupDiverse-Gap_B3000,R1,1343723075,963122165,2138,Det/images/normal_train/01015241.png,0,03,easy_clean,0.0043464662,1.0,0.0052123992,normal_replay,GroupDiverse-Gap
RUN_134,TRIAD_045,A15_GroupDiverse-Gap_B3000,R1,1343723075,963122165,2139,Det/images/normal_train/00522807.png,0,07,easy_clean,0.0264782197,1.0,0.0375134697,normal_replay,GroupDiverse-Gap
RUN_134,TRIAD_045,A15_GroupDiverse-Gap_B3000,R1,1343723075,963122165,2140,Det/images/normal_train/00792310.png,0,03,easy_clean,0.0181152637,1.0,0.0236081107,normal_replay,GroupDiverse-Gap
RUN_134,TRIAD_045,A15_GroupDiverse-Gap_B3000,R1,1343723075,963122165,2141,Det/images/normal_train/00609631.png,0,08,unstable_boundary,0.362443088,0.92,0.1281089252,normal_replay,GroupDiverse-Gap
RUN_134,TRIAD_045,A15_GroupDiverse-Gap_B3000,R1,1343723075,963122165,2142,Det/images/normal_train/00953511.png,0,06,ordinary,0.1238562272,1.0,0.0627255626,normal_replay,GroupDiverse-Gap
RUN_134,TRIAD_045,A15_GroupDiverse-Gap_B3000,R1,1343723075,963122165,2143,Det/images/normal_train/00774181.png,0,00,learnable_hard,0.0062751779,0.995,0.0383832333,normal_replay,GroupDiverse-Gap
RUN_134,TRIAD_045,A15_GroupDiverse-Gap_B3000,R1,1343723075,963122165,2144,Det/images/normal_train/01282157.png,0,02,easy_clean,0.0112230944,1.0,0.0161158925,normal_replay,GroupDiverse-Gap
RUN_134,TRIAD_045,A15_GroupDiverse-Gap_B3000,R1,1343723075,963122165,2145,Det/images/normal_train/00796752.png,0,04,easy_clean,5.35895e-05,1.0,0.0001226238,normal_replay,GroupDiverse-Gap
RUN_134,TRIAD_045,A15_GroupDiverse-Gap_B3000,R1,1343723075,963122165,2146,Det/images/normal_train/00979333.png,0,05,easy_clean,0.0083617422,1.0,0.00810849,normal_replay,GroupDiverse-Gap
RUN_134,TRIAD_045,A15_GroupDiverse-Gap_B3000,R1,1343723075,963122165,2147,Det/images/normal_train/00950498.png,0,01,easy_clean,0.0420278208,1.0,0.0307359222,normal_replay,GroupDiverse-Gap
RUN_134,TRIAD_045,A15_GroupDiverse-Gap_B3000,R1,1343723075,963122165,2148,Det/images/normal_train/01174726.png,0,01,easy_clean,0.0007576947,1.0,0.0019098588,normal_replay,GroupDiverse-Gap
RUN_134,TRIAD_045,A15_GroupDiverse-Gap_B3000,R1,1343723075,963122165,2149,Det/images/normal_train/01011572.png,0,07,easy_clean,0.0112561094,1.0,0.016841576,normal_replay,GroupDiverse-Gap
RUN_134,TRIAD_045,A15_GroupDiverse-Gap_B3000,R1,1343723075,963122165,2150,Det/images/normal_train/00912885.png,0,01,learnable_hard,0.0449747484,0.99,0.0803106013,normal_replay,GroupDiverse-Gap
RUN_134,TRIAD_045,A15_GroupDiverse-Gap_B3000,R1,1343723075,963122165,2151,Det/images/normal_train/00962588.png,0,04,easy_clean,0.0084385165,1.0,0.0085995873,normal_replay,GroupDiverse-Gap
RUN_134,TRIAD_045,A15_GroupDiverse-Gap_B3000,R1,1343723075,963122165,2152,Det/images/normal_train/00810507.png,0,09,easy_clean,0.0120340634,1.0,0.0129573957,normal_replay,GroupDiverse-Gap
RUN_134,TRIAD_045,A15_GroupDiverse-Gap_B3000,R1,1343723075,963122165,2153,Det/images/normal_train/00252869.png,0,08,easy_clean,0.0495278569,1.0,0.03277972,normal_replay,GroupDiverse-Gap
RUN_134,TRIAD_045,A15_GroupDiverse-Gap_B3000,R1,1343723075,963122165,2154,Det/images/normal_train/00507118.png,0,04,easy_clean,0.0035277251,1.0,0.0148697345,normal_replay,GroupDiverse-Gap
RUN_134,TRIAD_045,A15_GroupDiverse-Gap_B3000,R1,1343723075,963122165,2155,Det/images/normal_train/01222198.png,0,07,learnable_hard,0.1972217461,0.99,0.1036663609,normal_replay,GroupDiverse-Gap
RUN_134,TRIAD_045,A15_GroupDiverse-Gap_B3000,R1,1343723075,963122165,2156,Det/images/normal_train/00269907.png,0,03,easy_clean,0.0031110516,1.0,0.0046129833,normal_replay,GroupDiverse-Gap
RUN_134,TRIAD_045,A15_GroupDiverse-Gap_B3000,R1,1343723075,963122165,2157,Det/images/normal_train/00991529.png,0,00,easy_clean,0.0006915519,1.0,0.0007706652,normal_replay,GroupDiverse-Gap
RUN_134,TRIAD_045,A15_GroupDiverse-Gap_B3000,R1,1343723075,963122165,2158,Det/images/normal_train/00992671.png,0,08,easy_clean,0.0043122668,1.0,0.0071180188,normal_replay,GroupDiverse-Gap
RUN_134,TRIAD_045,A15_GroupDiverse-Gap_B3000,R1,1343723075,963122165,2159,Det/images/normal_train/00875739.png,0,06,easy_clean,0.0184536423,1.0,0.0163262,normal_replay,GroupDiverse-Gap
RUN_134,TRIAD_045,A15_GroupDiverse-Gap_B3000,R1,1343723075,963122165,2160,Det/images/normal_train/00826086.png,0,03,easy_clean,0.0004989109,1.0,0.0012669858,normal_replay,GroupDiverse-Gap
RUN_134,TRIAD_045,A15_GroupDiverse-Gap_B3000,R1,1343723075,963122165,2161,Det/images/normal_train/01032885.png,0,02,persistent_hard,0.662884643,0.205,0.1607385105,normal_replay,GroupDiverse-Gap
RUN_134,TRIAD_045,A15_GroupDiverse-Gap_B3000,R1,1343723075,963122165,2162,Det/images/normal_train/00824189.png,0,05,easy_clean,0.0098719506,1.0,0.0119690429,normal_replay,GroupDiverse-Gap
RUN_134,TRIAD_045,A15_GroupDiverse-Gap_B3000,R1,1343723075,963122165,2163,Det/images/normal_train/00344619.png,0,00,easy_clean,0.0031393177,1.0,0.0042396711,normal_replay,GroupDiverse-Gap
RUN_134,TRIAD_045,A15_GroupDiverse-Gap_B3000,R1,1343723075,963122165,2164,Det/images/normal_train/00463613.png,0,09,easy_clean,0.0005789015,1.0,0.0008625461,normal_replay,GroupDiverse-Gap
RUN_134,TRIAD_045,A15_GroupDiverse-Gap_B3000,R1,1343723075,963122165,2165,Det/images/normal_train/01217286.png,0,06,ordinary,0.1016045807,1.0,0.0649331659,normal_replay,GroupDiverse-Gap
RUN_134,TRIAD_045,A15_GroupDiverse-Gap_B3000,R1,1343723075,963122165,2166,Det/images/normal_train/00516933.png,0,04,easy_clean,0.0163341173,1.0,0.0219057809,normal_replay,GroupDiverse-Gap
RUN_134,TRIAD_045,A15_GroupDiverse-Gap_B3000,R1,1343723075,963122165,2167,Det/images/normal_train/01060107.png,0,01,easy_clean,0.0053568738,1.0,0.0080349995,normal_replay,GroupDiverse-Gap
RUN_134,TRIAD_045,A15_GroupDiverse-Gap_B3000,R1,1343723075,963122165,2168,Det/images/normal_train/00321714.png,0,03,easy_clean,0.0055726038,1.0,0.018341576,normal_replay,GroupDiverse-Gap
RUN_134,TRIAD_045,A15_GroupDiverse-Gap_B3000,R1,1343723075,963122165,2169,Det/images/normal_train/00964055.png,0,05,learnable_hard,0.751589144,0.05,0.1378607385,normal_replay,GroupDiverse-Gap
RUN_134,TRIAD_045,A15_GroupDiverse-Gap_B3000,R1,1343723075,963122165,2170,Det/images/normal_train/00740402.png,0,04,ordinary,0.1206607248,1.0,0.0695814704,normal_replay,GroupDiverse-Gap
RUN_134,TRIAD_045,A15_GroupDiverse-Gap_B3000,R1,1343723075,963122165,2171,Det/images/normal_train/00764049.png,0,08,easy_clean,0.0048030004,1.0,0.0083764236,normal_replay,GroupDiverse-Gap
RUN_134,TRIAD_045,A15_GroupDiverse-Gap_B3000,R1,1343723075,963122165,2172,Det/images/normal_train/01031820.png,0,09,easy_clean,0.0327698387,1.0,0.0303273219,normal_replay,GroupDiverse-Gap
RUN_134,TRIAD_045,A15_GroupDiverse-Gap_B3000,R1,1343723075,963122165,2173,Det/images/normal_train/00546876.png,0,07,easy_clean,0.0212250747,1.0,0.0468725605,normal_replay,GroupDiverse-Gap
RUN_134,TRIAD_045,A15_GroupDiverse-Gap_B3000,R1,1343723075,963122165,2174,Det/images/normal_train/01009339.png,0,07,easy_clean,0.0326957373,1.0,0.0333975538,normal_replay,GroupDiverse-Gap
RUN_134,TRIAD_045,A15_GroupDiverse-Gap_B3000,R1,1343723075,963122165,2175,Det/images/normal_train/00997952.png,0,08,learnable_hard,0.0392277394,0.98,0.108072496,normal_replay,GroupDiverse-Gap
RUN_134,TRIAD_045,A15_GroupDiverse-Gap_B3000,R1,1343723075,963122165,2176,Det/images/normal_train/00521925.png,0,05,easy_clean,0.0013352485,1.0,0.0016647128,normal_replay,GroupDiverse-Gap
RUN_134,TRIAD_045,A15_GroupDiverse-Gap_B3000,R1,1343723075,963122165,2177,Det/images/normal_train/00522382.png,0,07,easy_clean,0.0035967646,1.0,0.0042403672,normal_replay,GroupDiverse-Gap
RUN_134,TRIAD_045,A15_GroupDiverse-Gap_B3000,R1,1343723075,963122165,2178,Det/images/normal_train/01153147.png,0,02,learnable_hard,0.0758121105,0.985,0.1139125935,normal_replay,GroupDiverse-Gap
RUN_134,TRIAD_045,A15_GroupDiverse-Gap_B3000,R1,1343723075,963122165,2179,Det/images/normal_train/00520559.png,0,06,easy_clean,0.0041093567,1.0,0.0051841794,normal_replay,GroupDiverse-Gap
RUN_134,TRIAD_045,A15_GroupDiverse-Gap_B3000,R1,1343723075,963122165,2180,Det/images/normal_train/00932506.png,0,07,learnable_hard,0.1223224973,0.995,0.1131826581,normal_replay,GroupDiverse-Gap
RUN_134,TRIAD_045,A15_GroupDiverse-Gap_B3000,R1,1343723075,963122165,2181,Det/images/normal_train/01122093.png,0,07,easy_clean,0.0069479607,1.0,0.0120063238,normal_replay,GroupDiverse-Gap
RUN_134,TRIAD_045,A15_GroupDiverse-Gap_B3000,R1,1343723075,963122165,2182,Det/images/normal_train/00643080.png,0,04,easy_clean,0.0182029768,1.0,0.0149192969,normal_replay,GroupDiverse-Gap
RUN_134,TRIAD_045,A15_GroupDiverse-Gap_B3000,R1,1343723075,963122165,2183,Det/images/normal_train/00258589.png,0,02,easy_clean,0.0045115898,1.0,0.0061383224,normal_replay,GroupDiverse-Gap
RUN_134,TRIAD_045,A15_GroupDiverse-Gap_B3000,R1,1343723075,963122165,2184,Det/images/normal_train/00620590.png,0,06,easy_clean,0.0047326427,1.0,0.0096558312,normal_replay,GroupDiverse-Gap
RUN_134,TRIAD_045,A15_GroupDiverse-Gap_B3000,R1,1343723075,963122165,2185,Det/images/normal_train/00628815.png,0,07,easy_clean,0.0747493041,1.0,0.0892769963,normal_replay,GroupDiverse-Gap
RUN_134,TRIAD_045,A15_GroupDiverse-Gap_B3000,R1,1343723075,963122165,2186,Det/images/normal_train/01009278.png,0,07,easy_clean,0.0060318969,1.0,0.0143259664,normal_replay,GroupDiverse-Gap
RUN_134,TRIAD_045,A15_GroupDiverse-Gap_B3000,R1,1343723075,963122165,2187,Det/images/normal_train/01024107.png,0,01,easy_clean,0.054498889,1.0,0.0447552153,normal_replay,GroupDiverse-Gap
RUN_134,TRIAD_045,A15_GroupDiverse-Gap_B3000,R1,1343723075,963122165,2188,Det/images/normal_train/00374186.png,0,06,unstable_boundary,0.6218470652,0.14,0.1151373831,normal_replay,GroupDiverse-Gap
RUN_134,TRIAD_045,A15_GroupDiverse-Gap_B3000,R1,1343723075,963122165,2189,Det/images/normal_train/01149885.png,0,05,easy_clean,0.022700275,1.0,0.0217236193,normal_replay,GroupDiverse-Gap
RUN_134,TRIAD_045,A15_GroupDiverse-Gap_B3000,R1,1343723075,963122165,2190,Det/images/normal_train/00364534.png,0,08,easy_clean,0.0013880836,1.0,0.005150041,normal_replay,GroupDiverse-Gap
RUN_134,TRIAD_045,A15_GroupDiverse-Gap_B3000,R1,1343723075,963122165,2191,Det/images/normal_train/00807125.png,0,08,ordinary,0.1130846111,1.0,0.0943484567,normal_replay,GroupDiverse-Gap
RUN_134,TRIAD_045,A15_GroupDiverse-Gap_B3000,R1,1343723075,963122165,2192,Det/images/normal_train/00482034.png,0,02,learnable_hard,0.0385099775,0.985,0.0894062632,normal_replay,GroupDiverse-Gap
RUN_134,TRIAD_045,A15_GroupDiverse-Gap_B3000,R1,1343723075,963122165,2193,Det/images/normal_train/01188269.png,0,01,easy_clean,0.0277803894,1.0,0.0216212569,normal_replay,GroupDiverse-Gap
RUN_134,TRIAD_045,A15_GroupDiverse-Gap_B3000,R1,1343723075,963122165,2194,Det/images/normal_train/00411188.png,0,06,easy_clean,0.0089645069,1.0,0.0074208091,normal_replay,GroupDiverse-Gap
RUN_134,TRIAD_045,A15_GroupDiverse-Gap_B3000,R1,1343723075,963122165,2195,Det/images/normal_train/01064577.png,0,06,easy_clean,0.0003959852,1.0,0.000663867,normal_replay,GroupDiverse-Gap
RUN_134,TRIAD_045,A15_GroupDiverse-Gap_B3000,R1,1343723075,963122165,2196,Det/images/normal_train/00998630.png,0,03,easy_clean,0.025672447,1.0,0.0328291664,normal_replay,GroupDiverse-Gap
RUN_134,TRIAD_045,A15_GroupDiverse-Gap_B3000,R1,1343723075,963122165,2197,Det/images/normal_train/00495126.png,0,08,easy_clean,0.0001691329,1.0,0.0002710702,normal_replay,GroupDiverse-Gap
RUN_134,TRIAD_045,A15_GroupDiverse-Gap_B3000,R1,1343723075,963122165,2198,Det/images/normal_train/00855579.png,0,09,learnable_hard,0.1372560159,0.885,0.2174158554,normal_replay,GroupDiverse-Gap
RUN_134,TRIAD_045,A15_GroupDiverse-Gap_B3000,R1,1343723075,963122165,2199,Det/images/normal_train/00243300.png,0,06,easy_clean,0.0161046467,1.0,0.0187411787,normal_replay,GroupDiverse-Gap
RUN_134,TRIAD_045,A15_GroupDiverse-Gap_B3000,R1,1343723075,963122165,2200,Det/images/normal_train/01287267.png,0,06,learnable_hard,0.222790271,0.915,0.1842902934,normal_replay,GroupDiverse-Gap
RUN_134,TRIAD_045,A15_GroupDiverse-Gap_B3000,R1,1343723075,963122165,2201,Det/images/normal_train/00192827.png,0,09,easy_clean,0.0073551622,1.0,0.0120980069,normal_replay,GroupDiverse-Gap
RUN_134,TRIAD_045,A15_GroupDiverse-Gap_B3000,R1,1343723075,963122165,2202,Det/images/normal_train/01004433.png,0,07,learnable_hard,0.1881610827,0.965,0.1666884979,normal_replay,GroupDiverse-Gap
RUN_134,TRIAD_045,A15_GroupDiverse-Gap_B3000,R1,1343723075,963122165,2203,Det/images/normal_train/00238587.png,0,02,easy_clean,0.0024648713,1.0,0.0039745485,normal_replay,GroupDiverse-Gap
RUN_134,TRIAD_045,A15_GroupDiverse-Gap_B3000,R1,1343723075,963122165,2204,Det/images/normal_train/00418725.png,0,07,easy_clean,0.0219193372,1.0,0.0230207619,normal_replay,GroupDiverse-Gap
RUN_134,TRIAD_045,A15_GroupDiverse-Gap_B3000,R1,1343723075,963122165,2205,Det/images/normal_train/00533870.png,0,02,easy_clean,0.001858565,1.0,0.0055511426,normal_replay,GroupDiverse-Gap
RUN_134,TRIAD_045,A15_GroupDiverse-Gap_B3000,R1,1343723075,963122165,2206,Det/images/normal_train/00287121.png,0,08,easy_clean,0.0057261212,1.0,0.0103007012,normal_replay,GroupDiverse-Gap
RUN_134,TRIAD_045,A15_GroupDiverse-Gap_B3000,R1,1343723075,963122165,2207,Det/images/normal_train/01251075.png,0,04,easy_clean,0.016037875,1.0,0.0249169224,normal_replay,GroupDiverse-Gap
RUN_134,TRIAD_045,A15_GroupDiverse-Gap_B3000,R1,1343723075,963122165,2208,Det/images/normal_train/00867416.png,0,05,ordinary,0.1307667404,1.0,0.0487302755,normal_replay,GroupDiverse-Gap
RUN_134,TRIAD_045,A15_GroupDiverse-Gap_B3000,R1,1343723075,963122165,2209,Det/images/normal_train/00826722.png,0,03,easy_clean,0.0192290944,1.0,0.0424061455,normal_replay,GroupDiverse-Gap
RUN_134,TRIAD_045,A15_GroupDiverse-Gap_B3000,R1,1343723075,963122165,2210,Det/images/normal_train/00747688.png,0,06,easy_clean,0.0585158062,1.0,0.0490750321,normal_replay,GroupDiverse-Gap
RUN_134,TRIAD_045,A15_GroupDiverse-Gap_B3000,R1,1343723075,963122165,2211,Det/images/normal_train/00918700.png,0,01,easy_clean,0.0025007075,1.0,0.0087504835,normal_replay,GroupDiverse-Gap
RUN_134,TRIAD_045,A15_GroupDiverse-Gap_B3000,R1,1343723075,963122165,2212,Det/images/normal_train/00560647.png,0,01,easy_clean,0.0047927233,1.0,0.0115691855,normal_replay,GroupDiverse-Gap
RUN_134,TRIAD_045,A15_GroupDiverse-Gap_B3000,R1,1343723075,963122165,2213,Det/images/normal_train/00574637.png,0,03,easy_clean,0.0519750295,1.0,0.0490493313,normal_replay,GroupDiverse-Gap
RUN_134,TRIAD_045,A15_GroupDiverse-Gap_B3000,R1,1343723075,963122165,2214,Det/images/normal_train/00901187.png,0,06,easy_clean,0.0136780066,1.0,0.0397327948,normal_replay,GroupDiverse-Gap
RUN_134,TRIAD_045,A15_GroupDiverse-Gap_B3000,R1,1343723075,963122165,2215,Det/images/normal_train/00582635.png,0,03,easy_clean,0.0179904738,0.995,0.0525587502,normal_replay,GroupDiverse-Gap
RUN_134,TRIAD_045,A15_GroupDiverse-Gap_B3000,R1,1343723075,963122165,2216,Det/images/normal_train/00325137.png,0,00,easy_clean,0.0024625626,1.0,0.0025552472,normal_replay,GroupDiverse-Gap
RUN_134,TRIAD_045,A15_GroupDiverse-Gap_B3000,R1,1343723075,963122165,2217,Det/images/normal_train/00879497.png,0,09,easy_clean,0.0014182145,1.0,0.0015307151,normal_replay,GroupDiverse-Gap
RUN_134,TRIAD_045,A15_GroupDiverse-Gap_B3000,R1,1343723075,963122165,2218,Det/images/normal_train/00259578.png,0,08,ordinary,0.1592298271,1.0,0.0806325416,normal_replay,GroupDiverse-Gap
RUN_134,TRIAD_045,A15_GroupDiverse-Gap_B3000,R1,1343723075,963122165,2219,Det/images/normal_train/00864210.png,0,07,easy_clean,0.0221007639,1.0,0.0218151602,normal_replay,GroupDiverse-Gap
RUN_134,TRIAD_045,A15_GroupDiverse-Gap_B3000,R1,1343723075,963122165,2220,Det/images/normal_train/00941722.png,0,00,easy_clean,0.02253709,1.0,0.0463955232,normal_replay,GroupDiverse-Gap
RUN_134,TRIAD_045,A15_GroupDiverse-Gap_B3000,R1,1343723075,963122165,2221,Det/images/normal_train/01067355.png,0,09,easy_clean,0.0147892692,1.0,0.0189165548,normal_replay,GroupDiverse-Gap
RUN_134,TRIAD_045,A15_GroupDiverse-Gap_B3000,R1,1343723075,963122165,2222,Det/images/normal_train/00594718.png,0,06,easy_clean,0.0081763283,1.0,0.0353727376,normal_replay,GroupDiverse-Gap
RUN_134,TRIAD_045,A15_GroupDiverse-Gap_B3000,R1,1343723075,963122165,2223,Det/images/normal_train/00862330.png,0,07,easy_clean,0.012228593,1.0,0.0096272285,normal_replay,GroupDiverse-Gap
RUN_134,TRIAD_045,A15_GroupDiverse-Gap_B3000,R1,1343723075,963122165,2224,Det/images/normal_train/00843562.png,0,06,easy_clean,0.0005171468,1.0,0.0007044816,normal_replay,GroupDiverse-Gap
RUN_134,TRIAD_045,A15_GroupDiverse-Gap_B3000,R1,1343723075,963122165,2225,Det/images/normal_train/00314471.png,0,05,easy_clean,0.0413759105,1.0,0.0390511533,normal_replay,GroupDiverse-Gap
RUN_134,TRIAD_045,A15_GroupDiverse-Gap_B3000,R1,1343723075,963122165,2226,Det/images/normal_train/00258626.png,0,02,easy_clean,0.0081319174,1.0,0.0077049969,normal_replay,GroupDiverse-Gap
RUN_134,TRIAD_045,A15_GroupDiverse-Gap_B3000,R1,1343723075,963122165,2227,Det/images/normal_train/00781565.png,0,02,easy_clean,0.0017847698,1.0,0.0030363651,normal_replay,GroupDiverse-Gap
RUN_134,TRIAD_045,A15_GroupDiverse-Gap_B3000,R1,1343723075,963122165,2228,Det/images/normal_train/01110435.png,0,09,easy_clean,0.014817693,1.0,0.0139215663,normal_replay,GroupDiverse-Gap
RUN_134,TRIAD_045,A15_GroupDiverse-Gap_B3000,R1,1343723075,963122165,2229,Det/images/normal_train/00694390.png,0,00,easy_clean,0.0032502385,1.0,0.0076294119,normal_replay,GroupDiverse-Gap
RUN_134,TRIAD_045,A15_GroupDiverse-Gap_B3000,R1,1343723075,963122165,2230,Det/images/normal_train/00794413.png,0,08,easy_clean,0.0036474606,1.0,0.005433681,normal_replay,GroupDiverse-Gap
RUN_134,TRIAD_045,A15_GroupDiverse-Gap_B3000,R1,1343723075,963122165,2231,Det/images/normal_train/00716652.png,0,08,easy_clean,0.0019620809,1.0,0.0025200529,normal_replay,GroupDiverse-Gap
RUN_134,TRIAD_045,A15_GroupDiverse-Gap_B3000,R1,1343723075,963122165,2232,Det/images/normal_train/00606879.png,0,00,easy_clean,0.0183046982,1.0,0.0328188156,normal_replay,GroupDiverse-Gap
RUN_134,TRIAD_045,A15_GroupDiverse-Gap_B3000,R1,1343723075,963122165,2233,Det/images/normal_train/00805660.png,0,07,easy_clean,0.004870984,1.0,0.0073294483,normal_replay,GroupDiverse-Gap
RUN_134,TRIAD_045,A15_GroupDiverse-Gap_B3000,R1,1343723075,963122165,2234,Det/images/normal_train/01171153.png,0,04,easy_clean,0.0022462671,1.0,0.0024480555,normal_replay,GroupDiverse-Gap
RUN_134,TRIAD_045,A15_GroupDiverse-Gap_B3000,R1,1343723075,963122165,2235,Det/images/normal_train/00966088.png,0,07,learnable_hard,0.0083929098,0.995,0.0546759874,normal_replay,GroupDiverse-Gap
RUN_134,TRIAD_045,A15_GroupDiverse-Gap_B3000,R1,1343723075,963122165,2236,Det/images/normal_train/00689642.png,0,04,easy_clean,0.0042982472,1.0,0.0183644995,normal_replay,GroupDiverse-Gap
RUN_134,TRIAD_045,A15_GroupDiverse-Gap_B3000,R1,1343723075,963122165,2237,Det/images/normal_train/00728005.png,0,03,easy_clean,0.079099297,1.0,0.0196143838,normal_replay,GroupDiverse-Gap
RUN_134,TRIAD_045,A15_GroupDiverse-Gap_B3000,R1,1343723075,963122165,2238,Det/images/normal_train/01026440.png,0,07,easy_clean,0.0611052222,1.0,0.0389333914,normal_replay,GroupDiverse-Gap
RUN_134,TRIAD_045,A15_GroupDiverse-Gap_B3000,R1,1343723075,963122165,2239,Det/images/normal_train/01240382.png,0,03,easy_clean,0.0028792105,1.0,0.0044366213,normal_replay,GroupDiverse-Gap
RUN_134,TRIAD_045,A15_GroupDiverse-Gap_B3000,R1,1343723075,963122165,2240,Det/images/normal_train/00368090.png,0,02,easy_clean,0.0030588051,1.0,0.0049080649,normal_replay,GroupDiverse-Gap
RUN_134,TRIAD_045,A15_GroupDiverse-Gap_B3000,R1,1343723075,963122165,2241,Det/images/normal_train/00919754.png,0,04,easy_clean,0.019536794,1.0,0.0208817095,normal_replay,GroupDiverse-Gap
RUN_134,TRIAD_045,A15_GroupDiverse-Gap_B3000,R1,1343723075,963122165,2242,Det/images/normal_train/00542375.png,0,04,learnable_hard,0.1743926285,0.885,0.2422653185,normal_replay,GroupDiverse-Gap
RUN_134,TRIAD_045,A15_GroupDiverse-Gap_B3000,R1,1343723075,963122165,2243,Det/images/normal_train/01225592.png,0,01,easy_clean,0.0254228555,1.0,0.0263158858,normal_replay,GroupDiverse-Gap
RUN_134,TRIAD_045,A15_GroupDiverse-Gap_B3000,R1,1343723075,963122165,2244,Det/images/normal_train/00295542.png,0,03,easy_clean,0.0033844568,1.0,0.0055595111,normal_replay,GroupDiverse-Gap
RUN_134,TRIAD_045,A15_GroupDiverse-Gap_B3000,R1,1343723075,963122165,2245,Det/images/normal_train/00244571.png,0,07,easy_clean,0.0049811336,1.0,0.0052894643,normal_replay,GroupDiverse-Gap
RUN_134,TRIAD_045,A15_GroupDiverse-Gap_B3000,R1,1343723075,963122165,2246,Det/images/normal_train/00503516.png,0,03,easy_clean,0.0141784955,1.0,0.0341116029,normal_replay,GroupDiverse-Gap
RUN_134,TRIAD_045,A15_GroupDiverse-Gap_B3000,R1,1343723075,963122165,2247,Det/images/normal_train/00926168.png,0,00,easy_clean,0.0365878557,1.0,0.047784113,normal_replay,GroupDiverse-Gap
RUN_134,TRIAD_045,A15_GroupDiverse-Gap_B3000,R1,1343723075,963122165,2248,Det/images/normal_train/00839222.png,0,06,easy_clean,0.0010317591,1.0,0.00437047,normal_replay,GroupDiverse-Gap
RUN_134,TRIAD_045,A15_GroupDiverse-Gap_B3000,R1,1343723075,963122165,2249,Det/images/normal_train/00824096.png,0,05,easy_clean,0.0158913278,1.0,0.0236066591,normal_replay,GroupDiverse-Gap
RUN_134,TRIAD_045,A15_GroupDiverse-Gap_B3000,R1,1343723075,963122165,2250,Det/images/normal_train/00891350.png,0,06,easy_clean,0.0017611981,1.0,0.0020826935,normal_replay,GroupDiverse-Gap
RUN_134,TRIAD_045,A15_GroupDiverse-Gap_B3000,R1,1343723075,963122165,2251,Det/images/normal_train/00208325.png,0,01,easy_clean,0.0057221286,1.0,0.017114549,normal_replay,GroupDiverse-Gap
RUN_134,TRIAD_045,A15_GroupDiverse-Gap_B3000,R1,1343723075,963122165,2252,Det/images/normal_train/00249176.png,0,09,easy_clean,0.0108270972,1.0,0.0194811438,normal_replay,GroupDiverse-Gap
RUN_134,TRIAD_045,A15_GroupDiverse-Gap_B3000,R1,1343723075,963122165,2253,Det/images/normal_train/00415005.png,0,04,easy_clean,0.020063076,1.0,0.0202483351,normal_replay,GroupDiverse-Gap
RUN_134,TRIAD_045,A15_GroupDiverse-Gap_B3000,R1,1343723075,963122165,2254,Det/images/normal_train/00772691.png,0,01,learnable_hard,0.024330026,0.99,0.080445177,normal_replay,GroupDiverse-Gap
RUN_134,TRIAD_045,A15_GroupDiverse-Gap_B3000,R1,1343723075,963122165,2255,Det/images/normal_train/00210393.png,0,00,easy_clean,0.0037309216,1.0,0.0055124271,normal_replay,GroupDiverse-Gap
RUN_134,TRIAD_045,A15_GroupDiverse-Gap_B3000,R1,1343723075,963122165,2256,Det/images/normal_train/01247345.png,0,02,easy_clean,0.0231808203,1.0,0.0200490941,normal_replay,GroupDiverse-Gap
RUN_134,TRIAD_045,A15_GroupDiverse-Gap_B3000,R1,1343723075,963122165,2257,Det/images/normal_train/00215906.png,0,07,easy_clean,0.0083729013,1.0,0.0205668763,normal_replay,GroupDiverse-Gap
RUN_134,TRIAD_045,A15_GroupDiverse-Gap_B3000,R1,1343723075,963122165,2258,Det/images/normal_train/01045395.png,0,08,easy_clean,0.0799644172,1.0,0.0317765439,normal_replay,GroupDiverse-Gap
RUN_134,TRIAD_045,A15_GroupDiverse-Gap_B3000,R1,1343723075,963122165,2259,Det/images/normal_train/00588684.png,0,04,easy_clean,0.0079563558,1.0,0.0196790505,normal_replay,GroupDiverse-Gap
RUN_134,TRIAD_045,A15_GroupDiverse-Gap_B3000,R1,1343723075,963122165,2260,Det/images/normal_train/00234567.png,0,06,easy_clean,0.0013795069,1.0,0.0022304907,normal_replay,GroupDiverse-Gap
RUN_134,TRIAD_045,A15_GroupDiverse-Gap_B3000,R1,1343723075,963122165,2261,Det/images/normal_train/00617629.png,0,05,easy_clean,0.0025430918,1.0,0.0030135969,normal_replay,GroupDiverse-Gap
RUN_134,TRIAD_045,A15_GroupDiverse-Gap_B3000,R1,1343723075,963122165,2262,Det/images/normal_train/00821983.png,0,06,easy_clean,0.0015181353,1.0,0.0034662452,normal_replay,GroupDiverse-Gap
RUN_134,TRIAD_045,A15_GroupDiverse-Gap_B3000,R1,1343723075,963122165,2263,Det/images/normal_train/00245858.png,0,08,easy_clean,0.0010721525,1.0,0.0017898633,normal_replay,GroupDiverse-Gap
RUN_134,TRIAD_045,A15_GroupDiverse-Gap_B3000,R1,1343723075,963122165,2264,Det/images/normal_train/00187913.png,0,03,learnable_hard,0.0119338513,0.995,0.0450617204,normal_replay,GroupDiverse-Gap
RUN_134,TRIAD_045,A15_GroupDiverse-Gap_B3000,R1,1343723075,963122165,2265,Det/images/normal_train/00571577.png,0,03,easy_clean,0.0301863342,1.0,0.0407013944,normal_replay,GroupDiverse-Gap
RUN_134,TRIAD_045,A15_GroupDiverse-Gap_B3000,R1,1343723075,963122165,2266,Det/images/normal_train/00210948.png,0,00,easy_clean,0.0131487044,1.0,0.0143846115,normal_replay,GroupDiverse-Gap
RUN_134,TRIAD_045,A15_GroupDiverse-Gap_B3000,R1,1343723075,963122165,2267,Det/images/normal_train/00989816.png,0,04,unstable_boundary,0.6162551668,0.105,0.1015223068,normal_replay,GroupDiverse-Gap
RUN_134,TRIAD_045,A15_GroupDiverse-Gap_B3000,R1,1343723075,963122165,2268,Det/images/normal_train/00991120.png,0,00,easy_clean,0.0106937057,1.0,0.0128697527,normal_replay,GroupDiverse-Gap
RUN_134,TRIAD_045,A15_GroupDiverse-Gap_B3000,R1,1343723075,963122165,2269,Det/images/normal_train/00534560.png,0,03,easy_clean,0.0003673367,1.0,0.0007368646,normal_replay,GroupDiverse-Gap
RUN_134,TRIAD_045,A15_GroupDiverse-Gap_B3000,R1,1343723075,963122165,2270,Det/images/normal_train/01137338.png,0,03,learnable_hard,0.0109510501,0.995,0.0620701141,normal_replay,GroupDiverse-Gap
RUN_134,TRIAD_045,A15_GroupDiverse-Gap_B3000,R1,1343723075,963122165,2271,Det/images/normal_train/00407120.png,0,00,easy_clean,0.0073652901,1.0,0.0105063507,normal_replay,GroupDiverse-Gap
RUN_134,TRIAD_045,A15_GroupDiverse-Gap_B3000,R1,1343723075,963122165,2272,Det/images/normal_train/01011620.png,0,07,easy_clean,0.0172859298,1.0,0.0348187585,normal_replay,GroupDiverse-Gap
RUN_134,TRIAD_045,A15_GroupDiverse-Gap_B3000,R1,1343723075,963122165,2273,Det/images/normal_train/00789619.png,0,09,easy_clean,0.0061153744,1.0,0.0123337325,normal_replay,GroupDiverse-Gap
RUN_134,TRIAD_045,A15_GroupDiverse-Gap_B3000,R1,1343723075,963122165,2274,Det/images/normal_train/00821820.png,0,06,easy_clean,0.001142648,1.0,0.0017964197,normal_replay,GroupDiverse-Gap
RUN_134,TRIAD_045,A15_GroupDiverse-Gap_B3000,R1,1343723075,963122165,2275,Det/images/normal_train/00456978.png,0,06,easy_clean,0.0024827723,1.0,0.0029219095,normal_replay,GroupDiverse-Gap
RUN_134,TRIAD_045,A15_GroupDiverse-Gap_B3000,R1,1343723075,963122165,2276,Det/images/normal_train/00968316.png,0,09,easy_clean,0.0132940601,1.0,0.011963858,normal_replay,GroupDiverse-Gap
RUN_134,TRIAD_045,A15_GroupDiverse-Gap_B3000,R1,1343723075,963122165,2277,Det/images/normal_train/01174931.png,0,01,easy_clean,0.0060875565,1.0,0.013465976,normal_replay,GroupDiverse-Gap
RUN_134,TRIAD_045,A15_GroupDiverse-Gap_B3000,R1,1343723075,963122165,2278,Det/images/normal_train/01022023.png,0,03,ordinary,0.3094429404,0.825,0.1638627667,normal_replay,GroupDiverse-Gap
RUN_134,TRIAD_045,A15_GroupDiverse-Gap_B3000,R1,1343723075,963122165,2279,Det/images/normal_train/00882388.png,0,03,easy_clean,0.072301547,1.0,0.0605192927,normal_replay,GroupDiverse-Gap
RUN_134,TRIAD_045,A15_GroupDiverse-Gap_B3000,R1,1343723075,963122165,2280,Det/images/normal_train/01106328.png,0,00,easy_clean,0.0175866059,1.0,0.0109400098,normal_replay,GroupDiverse-Gap
RUN_134,TRIAD_045,A15_GroupDiverse-Gap_B3000,R1,1343723075,963122165,2281,Det/images/normal_train/01006974.png,0,05,easy_clean,0.0138470301,1.0,0.0084091207,normal_replay,GroupDiverse-Gap
RUN_134,TRIAD_045,A15_GroupDiverse-Gap_B3000,R1,1343723075,963122165,2282,Det/images/normal_train/00702801.png,0,06,easy_clean,0.0416820176,1.0,0.0490471139,normal_replay,GroupDiverse-Gap
RUN_134,TRIAD_045,A15_GroupDiverse-Gap_B3000,R1,1343723075,963122165,2283,Det/images/normal_train/00447858.png,0,05,easy_clean,0.0019345786,1.0,0.0025905377,normal_replay,GroupDiverse-Gap
RUN_134,TRIAD_045,A15_GroupDiverse-Gap_B3000,R1,1343723075,963122165,2284,Det/images/normal_train/00242220.png,0,01,easy_clean,0.0028052343,1.0,0.006882582,normal_replay,GroupDiverse-Gap
RUN_134,TRIAD_045,A15_GroupDiverse-Gap_B3000,R1,1343723075,963122165,2285,Det/images/normal_train/00189927.png,0,02,easy_clean,0.0018794444,1.0,0.0057179648,normal_replay,GroupDiverse-Gap
RUN_134,TRIAD_045,A15_GroupDiverse-Gap_B3000,R1,1343723075,963122165,2286,Det/images/normal_train/00193288.png,0,06,easy_clean,0.0126767201,1.0,0.0215972302,normal_replay,GroupDiverse-Gap
RUN_134,TRIAD_045,A15_GroupDiverse-Gap_B3000,R1,1343723075,963122165,2287,Det/images/normal_train/00368156.png,0,02,easy_clean,0.0009769248,1.0,0.0015266165,normal_replay,GroupDiverse-Gap
RUN_134,TRIAD_045,A15_GroupDiverse-Gap_B3000,R1,1343723075,963122165,2288,Det/images/normal_train/01215461.png,0,02,persistent_hard,0.6410584861,0.29,0.2111151123,normal_replay,GroupDiverse-Gap
RUN_134,TRIAD_045,A15_GroupDiverse-Gap_B3000,R1,1343723075,963122165,2289,Det/images/normal_train/00325343.png,0,00,easy_clean,0.0005938413,1.0,0.0007445824,normal_replay,GroupDiverse-Gap
RUN_134,TRIAD_045,A15_GroupDiverse-Gap_B3000,R1,1343723075,963122165,2290,Det/images/normal_train/01155831.png,0,07,easy_clean,0.0676523648,1.0,0.0509492512,normal_replay,GroupDiverse-Gap
RUN_134,TRIAD_045,A15_GroupDiverse-Gap_B3000,R1,1343723075,963122165,2291,Det/images/normal_train/00799878.png,0,09,easy_clean,0.0355782657,1.0,0.0203185594,normal_replay,GroupDiverse-Gap
RUN_134,TRIAD_045,A15_GroupDiverse-Gap_B3000,R1,1343723075,963122165,2292,Det/images/normal_train/00261517.png,0,00,easy_clean,0.0001528294,1.0,0.000215039,normal_replay,GroupDiverse-Gap
RUN_134,TRIAD_045,A15_GroupDiverse-Gap_B3000,R1,1343723075,963122165,2293,Det/images/normal_train/01222599.png,0,07,easy_clean,0.0268242549,1.0,0.0236725385,normal_replay,GroupDiverse-Gap
RUN_134,TRIAD_045,A15_GroupDiverse-Gap_B3000,R1,1343723075,963122165,2294,Det/images/normal_train/01038297.png,0,00,learnable_hard,0.0924035639,0.99,0.0882329,normal_replay,GroupDiverse-Gap
RUN_134,TRIAD_045,A15_GroupDiverse-Gap_B3000,R1,1343723075,963122165,2295,Det/images/normal_train/01188413.png,0,01,easy_clean,0.0808265611,1.0,0.0509059577,normal_replay,GroupDiverse-Gap
RUN_134,TRIAD_045,A15_GroupDiverse-Gap_B3000,R1,1343723075,963122165,2296,Det/images/normal_train/00335067.png,0,07,easy_clean,0.0096490485,1.0,0.0135225964,normal_replay,GroupDiverse-Gap
RUN_134,TRIAD_045,A15_GroupDiverse-Gap_B3000,R1,1343723075,963122165,2297,Det/images/normal_train/00808078.png,0,03,ordinary,0.1084069649,1.0,0.0641188264,normal_replay,GroupDiverse-Gap
RUN_134,TRIAD_045,A15_GroupDiverse-Gap_B3000,R1,1343723075,963122165,2298,Det/images/normal_train/00492839.png,0,05,easy_clean,0.0277289135,1.0,0.0515972414,normal_replay,GroupDiverse-Gap
RUN_134,TRIAD_045,A15_GroupDiverse-Gap_B3000,R1,1343723075,963122165,2299,Det/images/normal_train/00379643.png,0,02,easy_clean,0.0016926102,1.0,0.0023600026,normal_replay,GroupDiverse-Gap
RUN_134,TRIAD_045,A15_GroupDiverse-Gap_B3000,R1,1343723075,963122165,2300,Det/images/normal_train/00532158.png,0,07,easy_clean,0.0179170651,1.0,0.0392121728,normal_replay,GroupDiverse-Gap
RUN_134,TRIAD_045,A15_GroupDiverse-Gap_B3000,R1,1343723075,963122165,2301,Det/images/normal_train/00250086.png,0,09,easy_clean,0.0012424498,1.0,0.002201228,normal_replay,GroupDiverse-Gap
RUN_134,TRIAD_045,A15_GroupDiverse-Gap_B3000,R1,1343723075,963122165,2302,Det/images/normal_train/00523502.png,0,00,easy_clean,0.0095125104,1.0,0.0101459279,normal_replay,GroupDiverse-Gap
RUN_134,TRIAD_045,A15_GroupDiverse-Gap_B3000,R1,1343723075,963122165,2303,Det/images/normal_train/00797786.png,0,06,easy_clean,0.0417849066,1.0,0.0398220304,normal_replay,GroupDiverse-Gap
RUN_134,TRIAD_045,A15_GroupDiverse-Gap_B3000,R1,1343723075,963122165,2304,Det/images/normal_train/00226453.png,0,08,easy_clean,0.0013451091,1.0,0.0021165127,normal_replay,GroupDiverse-Gap
RUN_134,TRIAD_045,A15_GroupDiverse-Gap_B3000,R1,1343723075,963122165,2305,Det/images/normal_train/00236393.png,0,03,easy_clean,0.02066623,1.0,0.0191221489,normal_replay,GroupDiverse-Gap
RUN_134,TRIAD_045,A15_GroupDiverse-Gap_B3000,R1,1343723075,963122165,2306,Det/images/normal_train/00997424.png,0,08,easy_clean,0.0024669765,1.0,0.0042444596,normal_replay,GroupDiverse-Gap
RUN_134,TRIAD_045,A15_GroupDiverse-Gap_B3000,R1,1343723075,963122165,2307,Det/images/normal_train/01276870.png,0,01,easy_clean,0.0881315097,1.0,0.0700719713,normal_replay,GroupDiverse-Gap
RUN_134,TRIAD_045,A15_GroupDiverse-Gap_B3000,R1,1343723075,963122165,2308,Det/images/normal_train/01166463.png,0,08,easy_clean,0.0630795942,1.0,0.0510839936,normal_replay,GroupDiverse-Gap
RUN_134,TRIAD_045,A15_GroupDiverse-Gap_B3000,R1,1343723075,963122165,2309,Det/images/normal_train/00840969.png,0,00,easy_clean,0.0032495263,1.0,0.0130009999,normal_replay,GroupDiverse-Gap
RUN_134,TRIAD_045,A15_GroupDiverse-Gap_B3000,R1,1343723075,963122165,2310,Det/images/normal_train/00372584.png,0,05,easy_clean,0.0005430546,1.0,0.0007320542,normal_replay,GroupDiverse-Gap
RUN_134,TRIAD_045,A15_GroupDiverse-Gap_B3000,R1,1343723075,963122165,2311,Det/images/normal_train/01230981.png,0,01,easy_clean,0.0038950405,1.0,0.009210308,normal_replay,GroupDiverse-Gap
RUN_134,TRIAD_045,A15_GroupDiverse-Gap_B3000,R1,1343723075,963122165,2312,Det/images/normal_train/00282680.png,0,04,learnable_hard,0.1448884132,0.985,0.1355835193,normal_replay,GroupDiverse-Gap
RUN_134,TRIAD_045,A15_GroupDiverse-Gap_B3000,R1,1343723075,963122165,2313,Det/images/normal_train/01111622.png,0,07,easy_clean,0.0307707993,1.0,0.0175889378,normal_replay,GroupDiverse-Gap
RUN_134,TRIAD_045,A15_GroupDiverse-Gap_B3000,R1,1343723075,963122165,2314,Det/images/normal_train/01153227.png,0,02,easy_clean,0.0076127909,1.0,0.019765524,normal_replay,GroupDiverse-Gap
RUN_134,TRIAD_045,A15_GroupDiverse-Gap_B3000,R1,1343723075,963122165,2315,Det/images/normal_train/00392338.png,0,08,easy_clean,0.065497412,1.0,0.0660200344,normal_replay,GroupDiverse-Gap
RUN_134,TRIAD_045,A15_GroupDiverse-Gap_B3000,R1,1343723075,963122165,2316,Det/images/normal_train/00368586.png,0,02,easy_clean,0.0005695281,1.0,0.000951219,normal_replay,GroupDiverse-Gap
RUN_134,TRIAD_045,A15_GroupDiverse-Gap_B3000,R1,1343723075,963122165,2317,Det/images/normal_train/01067940.png,0,09,ordinary,0.1513851313,1.0,0.123504698,normal_replay,GroupDiverse-Gap
RUN_134,TRIAD_045,A15_GroupDiverse-Gap_B3000,R1,1343723075,963122165,2318,Det/images/normal_train/01153462.png,0,02,easy_clean,0.020915448,1.0,0.0269100483,normal_replay,GroupDiverse-Gap
RUN_134,TRIAD_045,A15_GroupDiverse-Gap_B3000,R1,1343723075,963122165,2319,Det/images/normal_train/00317199.png,0,04,easy_clean,0.0010577611,1.0,0.0016541036,normal_replay,GroupDiverse-Gap
RUN_134,TRIAD_045,A15_GroupDiverse-Gap_B3000,R1,1343723075,963122165,2320,Det/images/normal_train/01017413.png,0,07,ordinary,0.0919093692,1.0,0.0849035574,normal_replay,GroupDiverse-Gap
RUN_134,TRIAD_045,A15_GroupDiverse-Gap_B3000,R1,1343723075,963122165,2321,Det/images/normal_train/00192413.png,0,09,easy_clean,0.0123186422,1.0,0.0163771294,normal_replay,GroupDiverse-Gap
RUN_134,TRIAD_045,A15_GroupDiverse-Gap_B3000,R1,1343723075,963122165,2322,Det/images/normal_train/00798712.png,0,03,easy_clean,0.0028026633,1.0,0.0087794823,normal_replay,GroupDiverse-Gap
RUN_134,TRIAD_045,A15_GroupDiverse-Gap_B3000,R1,1343723075,963122165,2323,Det/images/normal_train/01261582.png,0,00,easy_clean,0.0240073155,1.0,0.0237245208,normal_replay,GroupDiverse-Gap
RUN_134,TRIAD_045,A15_GroupDiverse-Gap_B3000,R1,1343723075,963122165,2324,Det/images/normal_train/00357436.png,0,09,easy_clean,0.0064742269,1.0,0.0077942062,normal_replay,GroupDiverse-Gap
RUN_134,TRIAD_045,A15_GroupDiverse-Gap_B3000,R1,1343723075,963122165,2325,Det/images/normal_train/01043651.png,0,00,easy_clean,0.007564008,1.0,0.0085177975,normal_replay,GroupDiverse-Gap
RUN_134,TRIAD_045,A15_GroupDiverse-Gap_B3000,R1,1343723075,963122165,2326,Det/images/normal_train/00375796.png,0,04,easy_clean,0.0248481567,1.0,0.0222787817,normal_replay,GroupDiverse-Gap
RUN_134,TRIAD_045,A15_GroupDiverse-Gap_B3000,R1,1343723075,963122165,2327,Det/images/normal_train/00933861.png,0,03,easy_clean,0.0065732821,1.0,0.0068583607,normal_replay,GroupDiverse-Gap
RUN_134,TRIAD_045,A15_GroupDiverse-Gap_B3000,R1,1343723075,963122165,2328,Det/images/normal_train/01096537.png,0,06,easy_clean,0.05741603,1.0,0.0379286434,normal_replay,GroupDiverse-Gap
RUN_134,TRIAD_045,A15_GroupDiverse-Gap_B3000,R1,1343723075,963122165,2329,Det/images/normal_train/00334726.png,0,06,easy_clean,0.0123557728,1.0,0.0124997867,normal_replay,GroupDiverse-Gap
RUN_134,TRIAD_045,A15_GroupDiverse-Gap_B3000,R1,1343723075,963122165,2330,Det/images/normal_train/00806290.png,0,08,easy_clean,0.0093229,1.0,0.0140694116,normal_replay,GroupDiverse-Gap
RUN_134,TRIAD_045,A15_GroupDiverse-Gap_B3000,R1,1343723075,963122165,2331,Det/images/normal_train/00854556.png,0,09,easy_clean,0.000360209,1.0,0.0006666346,normal_replay,GroupDiverse-Gap
RUN_134,TRIAD_045,A15_GroupDiverse-Gap_B3000,R1,1343723075,963122165,2332,Det/images/normal_train/00254783.png,0,03,learnable_hard,0.0237909771,0.995,0.0443219887,normal_replay,GroupDiverse-Gap
RUN_134,TRIAD_045,A15_GroupDiverse-Gap_B3000,R1,1343723075,963122165,2333,Det/images/normal_train/01058134.png,0,03,learnable_hard,0.0552041964,0.995,0.0534486291,normal_replay,GroupDiverse-Gap
RUN_134,TRIAD_045,A15_GroupDiverse-Gap_B3000,R1,1343723075,963122165,2334,Det/images/normal_train/01138933.png,0,02,easy_clean,0.0111149672,1.0,0.0116406362,normal_replay,GroupDiverse-Gap
RUN_134,TRIAD_045,A15_GroupDiverse-Gap_B3000,R1,1343723075,963122165,2335,Det/images/normal_train/01267903.png,0,04,easy_clean,0.018764054,1.0,0.0312080693,normal_replay,GroupDiverse-Gap
RUN_134,TRIAD_045,A15_GroupDiverse-Gap_B3000,R1,1343723075,963122165,2336,Det/images/normal_train/01213448.png,0,03,learnable_hard,0.3481715789,0.755,0.1811036612,normal_replay,GroupDiverse-Gap
RUN_134,TRIAD_045,A15_GroupDiverse-Gap_B3000,R1,1343723075,963122165,2337,Det/images/normal_train/01264549.png,0,08,easy_clean,0.0730493634,1.0,0.0341352946,normal_replay,GroupDiverse-Gap
RUN_134,TRIAD_045,A15_GroupDiverse-Gap_B3000,R1,1343723075,963122165,2338,Det/images/normal_train/00975036.png,0,02,easy_clean,0.0140097034,1.0,0.0092722324,normal_replay,GroupDiverse-Gap
RUN_134,TRIAD_045,A15_GroupDiverse-Gap_B3000,R1,1343723075,963122165,2339,Det/images/normal_train/01002581.png,0,06,easy_clean,0.0035111397,1.0,0.0079764963,normal_replay,GroupDiverse-Gap
RUN_134,TRIAD_045,A15_GroupDiverse-Gap_B3000,R1,1343723075,963122165,2340,Det/images/normal_train/01167609.png,0,01,easy_clean,0.0071739782,1.0,0.0103473648,normal_replay,GroupDiverse-Gap
RUN_134,TRIAD_045,A15_GroupDiverse-Gap_B3000,R1,1343723075,963122165,2341,Det/images/normal_train/01155040.png,0,07,easy_clean,0.0073983263,1.0,0.0098615978,normal_replay,GroupDiverse-Gap
RUN_134,TRIAD_045,A15_GroupDiverse-Gap_B3000,R1,1343723075,963122165,2342,Det/images/normal_train/00629861.png,0,09,easy_clean,0.0445210999,1.0,0.0449448209,normal_replay,GroupDiverse-Gap
RUN_134,TRIAD_045,A15_GroupDiverse-Gap_B3000,R1,1343723075,963122165,2343,Det/images/normal_train/00860372.png,0,03,learnable_hard,0.0899542639,0.995,0.0803724673,normal_replay,GroupDiverse-Gap
RUN_134,TRIAD_045,A15_GroupDiverse-Gap_B3000,R1,1343723075,963122165,2344,Det/images/normal_train/00592361.png,0,07,easy_clean,0.0025496096,1.0,0.0083887924,normal_replay,GroupDiverse-Gap
RUN_134,TRIAD_045,A15_GroupDiverse-Gap_B3000,R1,1343723075,963122165,2345,Det/images/normal_train/01205663.png,0,04,learnable_hard,0.0276108377,0.995,0.0514544575,normal_replay,GroupDiverse-Gap
RUN_134,TRIAD_045,A15_GroupDiverse-Gap_B3000,R1,1343723075,963122165,2346,Det/images/normal_train/00527330.png,0,07,learnable_hard,0.0864541874,0.995,0.0803379516,normal_replay,GroupDiverse-Gap
RUN_134,TRIAD_045,A15_GroupDiverse-Gap_B3000,R1,1343723075,963122165,2347,Det/images/normal_train/00289681.png,0,07,easy_clean,0.0039903414,1.0,0.005856853,normal_replay,GroupDiverse-Gap
RUN_134,TRIAD_045,A15_GroupDiverse-Gap_B3000,R1,1343723075,963122165,2348,Det/images/normal_train/00319194.png,0,04,easy_clean,0.0220645794,1.0,0.02111487,normal_replay,GroupDiverse-Gap
RUN_134,TRIAD_045,A15_GroupDiverse-Gap_B3000,R1,1343723075,963122165,2349,Det/images/normal_train/00828855.png,0,08,easy_clean,0.0057042897,1.0,0.0060036928,normal_replay,GroupDiverse-Gap
RUN_134,TRIAD_045,A15_GroupDiverse-Gap_B3000,R1,1343723075,963122165,2350,Det/images/normal_train/00928454.png,0,03,easy_clean,0.0032172432,1.0,0.0135310107,normal_replay,GroupDiverse-Gap
RUN_134,TRIAD_045,A15_GroupDiverse-Gap_B3000,R1,1343723075,963122165,2351,Det/images/normal_train/00779096.png,0,08,easy_clean,0.001569699,1.0,0.0028375182,normal_replay,GroupDiverse-Gap
RUN_134,TRIAD_045,A15_GroupDiverse-Gap_B3000,R1,1343723075,963122165,2352,Det/images/normal_train/00316981.png,0,01,persistent_hard,0.6358216846,0.26,0.143522023,normal_replay,GroupDiverse-Gap
RUN_134,TRIAD_045,A15_GroupDiverse-Gap_B3000,R1,1343723075,963122165,2353,Det/images/normal_train/00716756.png,0,08,learnable_hard,0.0126356566,0.995,0.0613698188,normal_replay,GroupDiverse-Gap
RUN_134,TRIAD_045,A15_GroupDiverse-Gap_B3000,R1,1343723075,963122165,2354,Det/images/normal_train/01139951.png,0,05,learnable_hard,0.3176020045,0.785,0.2276762635,normal_replay,GroupDiverse-Gap
RUN_134,TRIAD_045,A15_GroupDiverse-Gap_B3000,R1,1343723075,963122165,2355,Det/images/normal_train/00880033.png,0,07,easy_clean,0.025808214,1.0,0.0271570216,normal_replay,GroupDiverse-Gap
RUN_134,TRIAD_045,A15_GroupDiverse-Gap_B3000,R1,1343723075,963122165,2356,Det/images/normal_train/01002419.png,0,06,easy_clean,0.0208364182,1.0,0.0131983648,normal_replay,GroupDiverse-Gap
RUN_134,TRIAD_045,A15_GroupDiverse-Gap_B3000,R1,1343723075,963122165,2357,Det/images/normal_train/00876725.png,0,04,learnable_hard,0.3221382007,0.78,0.2183034786,normal_replay,GroupDiverse-Gap
RUN_134,TRIAD_045,A15_GroupDiverse-Gap_B3000,R1,1343723075,963122165,2358,Det/images/normal_train/01042658.png,0,01,learnable_hard,0.071253922,0.995,0.0820093257,normal_replay,GroupDiverse-Gap
RUN_134,TRIAD_045,A15_GroupDiverse-Gap_B3000,R1,1343723075,963122165,2359,Det/images/normal_train/01277355.png,0,07,easy_clean,0.076725707,1.0,0.0339332012,normal_replay,GroupDiverse-Gap
RUN_134,TRIAD_045,A15_GroupDiverse-Gap_B3000,R1,1343723075,963122165,2360,Det/images/normal_train/00904451.png,0,06,easy_clean,0.0006874129,1.0,0.0011627633,normal_replay,GroupDiverse-Gap
RUN_134,TRIAD_045,A15_GroupDiverse-Gap_B3000,R1,1343723075,963122165,2361,Det/images/normal_train/00333806.png,0,00,easy_clean,0.0450615622,1.0,0.0375086818,normal_replay,GroupDiverse-Gap
RUN_134,TRIAD_045,A15_GroupDiverse-Gap_B3000,R1,1343723075,963122165,2362,Det/images/normal_train/01070185.png,0,06,easy_clean,0.023213089,1.0,0.0126389413,normal_replay,GroupDiverse-Gap
RUN_134,TRIAD_045,A15_GroupDiverse-Gap_B3000,R1,1343723075,963122165,2363,Det/images/normal_train/01298120.png,0,00,easy_clean,0.020197725,1.0,0.0321358175,normal_replay,GroupDiverse-Gap
RUN_134,TRIAD_045,A15_GroupDiverse-Gap_B3000,R1,1343723075,963122165,2364,Det/images/normal_train/00611201.png,0,01,easy_clean,0.0012831471,1.0,0.0038477535,normal_replay,GroupDiverse-Gap
RUN_134,TRIAD_045,A15_GroupDiverse-Gap_B3000,R1,1343723075,963122165,2365,Det/images/normal_train/00562391.png,0,08,easy_clean,0.0013665431,1.0,0.0022605605,normal_replay,GroupDiverse-Gap
RUN_134,TRIAD_045,A15_GroupDiverse-Gap_B3000,R1,1343723075,963122165,2366,Det/images/normal_train/00424793.png,0,02,easy_clean,0.0177322501,1.0,0.0172468358,normal_replay,GroupDiverse-Gap
RUN_134,TRIAD_045,A15_GroupDiverse-Gap_B3000,R1,1343723075,963122165,2367,Det/images/normal_train/00790705.png,0,00,easy_clean,0.0075455928,1.0,0.0124072522,normal_replay,GroupDiverse-Gap
RUN_134,TRIAD_045,A15_GroupDiverse-Gap_B3000,R1,1343723075,963122165,2368,Det/images/normal_train/00698816.png,0,08,easy_clean,0.01208346,1.0,0.034179755,normal_replay,GroupDiverse-Gap
RUN_134,TRIAD_045,A15_GroupDiverse-Gap_B3000,R1,1343723075,963122165,2369,Det/images/normal_train/00367732.png,0,04,easy_clean,0.0342063216,1.0,0.0583443408,normal_replay,GroupDiverse-Gap
RUN_134,TRIAD_045,A15_GroupDiverse-Gap_B3000,R1,1343723075,963122165,2370,Det/images/normal_train/01106436.png,0,00,learnable_hard,0.2780808932,0.965,0.1191853065,normal_replay,GroupDiverse-Gap
RUN_134,TRIAD_045,A15_GroupDiverse-Gap_B3000,R1,1343723075,963122165,2371,Det/images/normal_train/01069892.png,0,09,easy_clean,0.0244528732,1.0,0.025358513,normal_replay,GroupDiverse-Gap
RUN_134,TRIAD_045,A15_GroupDiverse-Gap_B3000,R1,1343723075,963122165,2372,Det/images/normal_train/01214686.png,0,00,easy_clean,0.0032638627,1.0,0.0041848161,normal_replay,GroupDiverse-Gap
RUN_134,TRIAD_045,A15_GroupDiverse-Gap_B3000,R1,1343723075,963122165,2373,Det/images/normal_train/00979463.png,0,05,easy_clean,0.007918813,1.0,0.0108461445,normal_replay,GroupDiverse-Gap
RUN_134,TRIAD_045,A15_GroupDiverse-Gap_B3000,R1,1343723075,963122165,2374,Det/images/normal_train/00166122.png,0,03,learnable_hard,0.269614603,0.995,0.0470093421,normal_replay,GroupDiverse-Gap
RUN_134,TRIAD_045,A15_GroupDiverse-Gap_B3000,R1,1343723075,963122165,2375,Det/images/normal_train/01136227.png,0,07,easy_clean,0.0056413324,1.0,0.0075299398,normal_replay,GroupDiverse-Gap
RUN_134,TRIAD_045,A15_GroupDiverse-Gap_B3000,R1,1343723075,963122165,2376,Det/images/normal_train/00213089.png,0,03,learnable_hard,0.008010097,0.995,0.0485246459,normal_replay,GroupDiverse-Gap
RUN_134,TRIAD_045,A15_GroupDiverse-Gap_B3000,R1,1343723075,963122165,2377,Det/images/normal_train/01283956.png,0,06,easy_clean,0.0268070171,1.0,0.0262468009,normal_replay,GroupDiverse-Gap
RUN_134,TRIAD_045,A15_GroupDiverse-Gap_B3000,R1,1343723075,963122165,2378,Det/images/normal_train/00458377.png,0,05,easy_clean,0.0082314659,1.0,0.0068054603,normal_replay,GroupDiverse-Gap
RUN_134,TRIAD_045,A15_GroupDiverse-Gap_B3000,R1,1343723075,963122165,2379,Det/images/normal_train/01054434.png,0,00,easy_clean,0.0128508617,1.0,0.0168802076,normal_replay,GroupDiverse-Gap
RUN_134,TRIAD_045,A15_GroupDiverse-Gap_B3000,R1,1343723075,963122165,2380,Det/images/normal_train/00424519.png,0,02,easy_clean,0.0131271137,1.0,0.0122894506,normal_replay,GroupDiverse-Gap
RUN_134,TRIAD_045,A15_GroupDiverse-Gap_B3000,R1,1343723075,963122165,2381,Det/images/normal_train/00739890.png,0,00,learnable_hard,0.136718974,0.995,0.078071894,normal_replay,GroupDiverse-Gap
RUN_134,TRIAD_045,A15_GroupDiverse-Gap_B3000,R1,1343723075,963122165,2382,Det/images/normal_train/01293631.png,0,08,easy_clean,0.0911882859,1.0,0.0782526765,normal_replay,GroupDiverse-Gap
RUN_134,TRIAD_045,A15_GroupDiverse-Gap_B3000,R1,1343723075,963122165,2383,Det/images/normal_train/01256077.png,0,02,learnable_hard,0.0792054754,0.98,0.1016147417,normal_replay,GroupDiverse-Gap
RUN_134,TRIAD_045,A15_GroupDiverse-Gap_B3000,R1,1343723075,963122165,2384,Det/images/normal_train/00837604.png,0,02,easy_clean,0.0017154914,1.0,0.0031546659,normal_replay,GroupDiverse-Gap
RUN_134,TRIAD_045,A15_GroupDiverse-Gap_B3000,R1,1343723075,963122165,2385,Det/images/normal_train/00918977.png,0,01,easy_clean,0.0035985965,1.0,0.0152127676,normal_replay,GroupDiverse-Gap
RUN_134,TRIAD_045,A15_GroupDiverse-Gap_B3000,R1,1343723075,963122165,2386,Det/images/normal_train/01203192.png,0,05,learnable_hard,0.2149468104,0.95,0.15890418,normal_replay,GroupDiverse-Gap
RUN_134,TRIAD_045,A15_GroupDiverse-Gap_B3000,R1,1343723075,963122165,2387,Det/images/normal_train/00426041.png,0,00,easy_clean,0.0487409822,0.995,0.0723965759,normal_replay,GroupDiverse-Gap
RUN_134,TRIAD_045,A15_GroupDiverse-Gap_B3000,R1,1343723075,963122165,2388,Det/images/normal_train/00282980.png,0,04,easy_clean,0.003869308,1.0,0.0060806982,normal_replay,GroupDiverse-Gap
RUN_134,TRIAD_045,A15_GroupDiverse-Gap_B3000,R1,1343723075,963122165,2389,Det/images/normal_train/00252518.png,0,08,easy_clean,0.0436441616,1.0,0.0597980225,normal_replay,GroupDiverse-Gap
RUN_134,TRIAD_045,A15_GroupDiverse-Gap_B3000,R1,1343723075,963122165,2390,Det/images/normal_train/00278255.png,0,00,easy_clean,0.0109976277,1.0,0.0123239448,normal_replay,GroupDiverse-Gap
RUN_134,TRIAD_045,A15_GroupDiverse-Gap_B3000,R1,1343723075,963122165,2391,Det/images/normal_train/01282328.png,0,02,ordinary,0.1169210062,1.0,0.0162048113,normal_replay,GroupDiverse-Gap
RUN_134,TRIAD_045,A15_GroupDiverse-Gap_B3000,R1,1343723075,963122165,2392,Det/images/normal_train/01104538.png,0,08,easy_clean,0.0267887054,1.0,0.018189235,normal_replay,GroupDiverse-Gap
RUN_134,TRIAD_045,A15_GroupDiverse-Gap_B3000,R1,1343723075,963122165,2393,Det/images/normal_train/00356470.png,0,07,unstable_boundary,0.5379691852,0.32,0.1447474146,normal_replay,GroupDiverse-Gap
RUN_134,TRIAD_045,A15_GroupDiverse-Gap_B3000,R1,1343723075,963122165,2394,Det/images/normal_train/01101790.png,0,00,easy_clean,0.0086795552,1.0,0.0120847797,normal_replay,GroupDiverse-Gap
RUN_134,TRIAD_045,A15_GroupDiverse-Gap_B3000,R1,1343723075,963122165,2395,Det/images/normal_train/00882467.png,0,03,learnable_hard,0.219661577,0.985,0.1225957409,normal_replay,GroupDiverse-Gap
RUN_134,TRIAD_045,A15_GroupDiverse-Gap_B3000,R1,1343723075,963122165,2396,Det/images/normal_train/01155452.png,0,07,easy_clean,0.0002473941,1.0,0.0004831401,normal_replay,GroupDiverse-Gap
RUN_134,TRIAD_045,A15_GroupDiverse-Gap_B3000,R1,1343723075,963122165,2397,Det/images/normal_train/00239011.png,0,09,easy_clean,0.0440573881,1.0,0.0489032463,normal_replay,GroupDiverse-Gap
RUN_134,TRIAD_045,A15_GroupDiverse-Gap_B3000,R1,1343723075,963122165,2398,Det/images/normal_train/00963278.png,0,05,ordinary,0.1054450972,1.0,0.1050474915,normal_replay,GroupDiverse-Gap
RUN_134,TRIAD_045,A15_GroupDiverse-Gap_B3000,R1,1343723075,963122165,2399,Det/images/normal_train/01154572.png,0,01,easy_clean,0.0448856769,1.0,0.0465155549,normal_replay,GroupDiverse-Gap
RUN_134,TRIAD_045,A15_GroupDiverse-Gap_B3000,R1,1343723075,963122165,2400,Det/images/normal_train/00448287.png,0,04,easy_clean,0.018693023,1.0,0.0214544748,normal_replay,GroupDiverse-Gap
RUN_134,TRIAD_045,A15_GroupDiverse-Gap_B3000,R1,1343723075,963122165,2401,Det/images/normal_train/01071105.png,0,04,easy_clean,0.0204549817,1.0,0.0245475966,normal_replay,GroupDiverse-Gap
RUN_134,TRIAD_045,A15_GroupDiverse-Gap_B3000,R1,1343723075,963122165,2402,Det/images/normal_train/01215218.png,0,02,unstable_boundary,0.4960866529,0.755,0.189031758,normal_replay,GroupDiverse-Gap
RUN_134,TRIAD_045,A15_GroupDiverse-Gap_B3000,R1,1343723075,963122165,2403,Det/images/normal_train/00370162.png,0,06,easy_clean,0.0003424712,1.0,0.0011566367,normal_replay,GroupDiverse-Gap
RUN_134,TRIAD_045,A15_GroupDiverse-Gap_B3000,R1,1343723075,963122165,2404,Det/images/normal_train/00435941.png,0,01,easy_clean,0.0068405892,1.0,0.0074950333,normal_replay,GroupDiverse-Gap
RUN_134,TRIAD_045,A15_GroupDiverse-Gap_B3000,R1,1343723075,963122165,2405,Det/images/normal_train/01146175.png,0,05,easy_clean,0.0016587565,1.0,0.0018101811,normal_replay,GroupDiverse-Gap
RUN_134,TRIAD_045,A15_GroupDiverse-Gap_B3000,R1,1343723075,963122165,2406,Det/images/normal_train/01154892.png,0,01,easy_clean,0.0009088357,1.0,0.0021378497,normal_replay,GroupDiverse-Gap
RUN_134,TRIAD_045,A15_GroupDiverse-Gap_B3000,R1,1343723075,963122165,2407,Det/images/normal_train/00333922.png,0,00,easy_clean,0.0041325158,1.0,0.005220047,normal_replay,GroupDiverse-Gap
RUN_134,TRIAD_045,A15_GroupDiverse-Gap_B3000,R1,1343723075,963122165,2408,Det/images/normal_train/01203238.png,0,05,easy_clean,0.0036502659,1.0,0.007454044,normal_replay,GroupDiverse-Gap
RUN_134,TRIAD_045,A15_GroupDiverse-Gap_B3000,R1,1343723075,963122165,2409,Det/images/normal_train/00933900.png,0,03,easy_clean,0.0013607932,1.0,0.0021522499,normal_replay,GroupDiverse-Gap
RUN_134,TRIAD_045,A15_GroupDiverse-Gap_B3000,R1,1343723075,963122165,2410,Det/images/normal_train/00796366.png,0,04,easy_clean,0.0020868129,1.0,0.003880686,normal_replay,GroupDiverse-Gap
RUN_134,TRIAD_045,A15_GroupDiverse-Gap_B3000,R1,1343723075,963122165,2411,Det/images/normal_train/00368464.png,0,02,ordinary,0.1334926933,1.0,0.0740286552,normal_replay,GroupDiverse-Gap
RUN_134,TRIAD_045,A15_GroupDiverse-Gap_B3000,R1,1343723075,963122165,2412,Det/images/normal_train/00270199.png,0,04,easy_clean,0.0012407985,1.0,0.0016296646,normal_replay,GroupDiverse-Gap
RUN_134,TRIAD_045,A15_GroupDiverse-Gap_B3000,R1,1343723075,963122165,2413,Det/images/normal_train/00895864.png,0,09,easy_clean,0.0027184854,1.0,0.0049674568,normal_replay,GroupDiverse-Gap
RUN_134,TRIAD_045,A15_GroupDiverse-Gap_B3000,R1,1343723075,963122165,2414,Det/images/normal_train/00318870.png,0,01,easy_clean,0.008903736,1.0,0.0161335042,normal_replay,GroupDiverse-Gap
RUN_134,TRIAD_045,A15_GroupDiverse-Gap_B3000,R1,1343723075,963122165,2415,Det/images/normal_train/00962404.png,0,04,easy_clean,0.0500403187,1.0,0.0432034616,normal_replay,GroupDiverse-Gap
RUN_134,TRIAD_045,A15_GroupDiverse-Gap_B3000,R1,1343723075,963122165,2416,Det/images/normal_train/00604842.png,0,02,easy_clean,0.0532105705,1.0,0.047827348,normal_replay,GroupDiverse-Gap
RUN_134,TRIAD_045,A15_GroupDiverse-Gap_B3000,R1,1343723075,963122165,2417,Det/images/normal_train/01278241.png,0,05,easy_clean,0.0073340009,1.0,0.008407082,normal_replay,GroupDiverse-Gap
RUN_134,TRIAD_045,A15_GroupDiverse-Gap_B3000,R1,1343723075,963122165,2418,Det/images/normal_train/01244413.png,0,04,learnable_hard,0.0852930397,0.99,0.0952132822,normal_replay,GroupDiverse-Gap
RUN_134,TRIAD_045,A15_GroupDiverse-Gap_B3000,R1,1343723075,963122165,2419,Det/images/normal_train/00576975.png,0,04,easy_clean,0.0005853076,1.0,0.0009479741,normal_replay,GroupDiverse-Gap
RUN_134,TRIAD_045,A15_GroupDiverse-Gap_B3000,R1,1343723075,963122165,2420,Det/images/normal_train/00965325.png,0,03,learnable_hard,0.023415609,0.995,0.0581854767,normal_replay,GroupDiverse-Gap
RUN_134,TRIAD_045,A15_GroupDiverse-Gap_B3000,R1,1343723075,963122165,2421,Det/images/normal_train/01175893.png,0,05,learnable_hard,0.1654450754,0.99,0.1275419913,normal_replay,GroupDiverse-Gap
RUN_134,TRIAD_045,A15_GroupDiverse-Gap_B3000,R1,1343723075,963122165,2422,Det/images/normal_train/00815788.png,0,08,easy_clean,0.0151209976,1.0,0.0195628375,normal_replay,GroupDiverse-Gap
RUN_134,TRIAD_045,A15_GroupDiverse-Gap_B3000,R1,1343723075,963122165,2423,Det/images/normal_train/01287863.png,0,06,learnable_hard,0.2929380761,0.88,0.1757670338,normal_replay,GroupDiverse-Gap
RUN_134,TRIAD_045,A15_GroupDiverse-Gap_B3000,R1,1343723075,963122165,2424,Det/images/normal_train/00830272.png,0,06,easy_clean,0.0062048359,1.0,0.0195625773,normal_replay,GroupDiverse-Gap
RUN_134,TRIAD_045,A15_GroupDiverse-Gap_B3000,R1,1343723075,963122165,2425,Det/images/normal_train/01120877.png,0,06,easy_clean,0.0362207994,1.0,0.0278722275,normal_replay,GroupDiverse-Gap
RUN_134,TRIAD_045,A15_GroupDiverse-Gap_B3000,R1,1343723075,963122165,2426,Det/images/normal_train/01229831.png,0,00,easy_clean,0.0012973907,1.0,0.0019442026,normal_replay,GroupDiverse-Gap
RUN_134,TRIAD_045,A15_GroupDiverse-Gap_B3000,R1,1343723075,963122165,2427,Det/images/normal_train/01195866.png,0,03,easy_clean,0.0015371592,1.0,0.0019977019,normal_replay,GroupDiverse-Gap
RUN_134,TRIAD_045,A15_GroupDiverse-Gap_B3000,R1,1343723075,963122165,2428,Det/images/normal_train/00354602.png,0,00,easy_clean,0.0013127584,1.0,0.0032915975,normal_replay,GroupDiverse-Gap
RUN_134,TRIAD_045,A15_GroupDiverse-Gap_B3000,R1,1343723075,963122165,2429,Det/images/normal_train/00514035.png,0,02,easy_clean,0.0230774186,1.0,0.0308003998,normal_replay,GroupDiverse-Gap
RUN_134,TRIAD_045,A15_GroupDiverse-Gap_B3000,R1,1343723075,963122165,2430,Det/images/normal_train/00762383.png,0,06,ordinary,0.4603603128,0.695,0.2099756206,normal_replay,GroupDiverse-Gap
RUN_134,TRIAD_045,A15_GroupDiverse-Gap_B3000,R1,1343723075,963122165,2431,Det/images/normal_train/01018363.png,0,01,easy_clean,0.0228986781,1.0,0.0310314401,normal_replay,GroupDiverse-Gap
RUN_134,TRIAD_045,A15_GroupDiverse-Gap_B3000,R1,1343723075,963122165,2432,Det/images/normal_train/00271287.png,0,03,easy_clean,0.0470696892,1.0,0.0769133531,normal_replay,GroupDiverse-Gap
RUN_134,TRIAD_045,A15_GroupDiverse-Gap_B3000,R1,1343723075,963122165,2433,Det/images/normal_train/00546488.png,0,07,learnable_hard,0.0664160512,0.98,0.0923511725,normal_replay,GroupDiverse-Gap
RUN_134,TRIAD_045,A15_GroupDiverse-Gap_B3000,R1,1343723075,963122165,2434,Det/images/normal_train/00930410.png,0,09,unstable_boundary,0.4217815068,0.675,0.1402299937,normal_replay,GroupDiverse-Gap
RUN_134,TRIAD_045,A15_GroupDiverse-Gap_B3000,R1,1343723075,963122165,2435,Det/images/normal_train/00532189.png,0,07,easy_clean,0.0294357845,1.0,0.0364250388,normal_replay,GroupDiverse-Gap
RUN_134,TRIAD_045,A15_GroupDiverse-Gap_B3000,R1,1343723075,963122165,2436,Det/images/normal_train/00185145.png,0,00,easy_clean,0.0301912214,1.0,0.0369879509,normal_replay,GroupDiverse-Gap
RUN_134,TRIAD_045,A15_GroupDiverse-Gap_B3000,R1,1343723075,963122165,2437,Det/images/normal_train/00252598.png,0,08,easy_clean,0.0167250395,1.0,0.0414852112,normal_replay,GroupDiverse-Gap
RUN_134,TRIAD_045,A15_GroupDiverse-Gap_B3000,R1,1343723075,963122165,2438,Det/images/normal_train/01274637.png,0,08,easy_clean,0.0081704161,1.0,0.0116509015,normal_replay,GroupDiverse-Gap
RUN_134,TRIAD_045,A15_GroupDiverse-Gap_B3000,R1,1343723075,963122165,2439,Det/images/normal_train/00210334.png,0,00,easy_clean,0.0067595029,1.0,0.00489628,normal_replay,GroupDiverse-Gap
RUN_134,TRIAD_045,A15_GroupDiverse-Gap_B3000,R1,1343723075,963122165,2440,Det/images/normal_train/00808891.png,0,03,learnable_hard,0.3424207563,0.785,0.1636974546,normal_replay,GroupDiverse-Gap
RUN_134,TRIAD_045,A15_GroupDiverse-Gap_B3000,R1,1343723075,963122165,2441,Det/images/normal_train/00549048.png,0,04,easy_clean,0.0122648794,1.0,0.0150293503,normal_replay,GroupDiverse-Gap
RUN_134,TRIAD_045,A15_GroupDiverse-Gap_B3000,R1,1343723075,963122165,2442,Det/images/normal_train/01120645.png,0,06,easy_clean,0.0381353151,1.0,0.0359150715,normal_replay,GroupDiverse-Gap
RUN_134,TRIAD_045,A15_GroupDiverse-Gap_B3000,R1,1343723075,963122165,2443,Det/images/normal_train/00764725.png,0,08,easy_clean,0.0006427128,1.0,0.0013702803,normal_replay,GroupDiverse-Gap
RUN_134,TRIAD_045,A15_GroupDiverse-Gap_B3000,R1,1343723075,963122165,2444,Det/images/normal_train/01040368.png,0,06,learnable_hard,0.1489152157,0.995,0.1281169182,normal_replay,GroupDiverse-Gap
RUN_134,TRIAD_045,A15_GroupDiverse-Gap_B3000,R1,1343723075,963122165,2445,Det/images/normal_train/00515942.png,0,03,learnable_hard,0.124319522,0.985,0.1355310067,normal_replay,GroupDiverse-Gap
RUN_134,TRIAD_045,A15_GroupDiverse-Gap_B3000,R1,1343723075,963122165,2446,Det/images/normal_train/01030053.png,0,04,learnable_hard,0.146494521,0.955,0.1509819735,normal_replay,GroupDiverse-Gap
RUN_134,TRIAD_045,A15_GroupDiverse-Gap_B3000,R1,1343723075,963122165,2447,Det/images/normal_train/00354019.png,0,00,easy_clean,0.0041732902,1.0,0.0060666348,normal_replay,GroupDiverse-Gap
RUN_134,TRIAD_045,A15_GroupDiverse-Gap_B3000,R1,1343723075,963122165,2448,Det/images/normal_train/00265198.png,0,05,easy_clean,0.0076302722,1.0,0.0139707139,normal_replay,GroupDiverse-Gap
RUN_134,TRIAD_045,A15_GroupDiverse-Gap_B3000,R1,1343723075,963122165,2449,Det/images/normal_train/00272160.png,0,00,easy_clean,3.20188e-05,1.0,6.05871e-05,normal_replay,GroupDiverse-Gap
RUN_134,TRIAD_045,A15_GroupDiverse-Gap_B3000,R1,1343723075,963122165,2450,Det/images/normal_train/00445601.png,0,08,learnable_hard,0.0126953448,0.995,0.0489019961,normal_replay,GroupDiverse-Gap
RUN_134,TRIAD_045,A15_GroupDiverse-Gap_B3000,R1,1343723075,963122165,2451,Det/images/normal_train/00916250.png,0,00,easy_clean,0.0042240232,1.0,0.0165947435,normal_replay,GroupDiverse-Gap
RUN_134,TRIAD_045,A15_GroupDiverse-Gap_B3000,R1,1343723075,963122165,2452,Det/images/normal_train/01217799.png,0,06,easy_clean,0.011614326,1.0,0.0121082187,normal_replay,GroupDiverse-Gap
RUN_134,TRIAD_045,A15_GroupDiverse-Gap_B3000,R1,1343723075,963122165,2453,Det/images/normal_train/00461864.png,0,02,easy_clean,0.0005688873,1.0,0.0010231593,normal_replay,GroupDiverse-Gap
RUN_134,TRIAD_045,A15_GroupDiverse-Gap_B3000,R1,1343723075,963122165,2454,Det/images/normal_train/00553640.png,0,04,easy_clean,0.0024228484,1.0,0.0093567433,normal_replay,GroupDiverse-Gap
RUN_134,TRIAD_045,A15_GroupDiverse-Gap_B3000,R1,1343723075,963122165,2455,Det/images/normal_train/00356623.png,0,07,learnable_hard,0.1405626072,0.99,0.1304363872,normal_replay,GroupDiverse-Gap
RUN_134,TRIAD_045,A15_GroupDiverse-Gap_B3000,R1,1343723075,963122165,2456,Det/images/normal_train/00244141.png,0,07,easy_clean,0.0022663854,1.0,0.0040241046,normal_replay,GroupDiverse-Gap
RUN_134,TRIAD_045,A15_GroupDiverse-Gap_B3000,R1,1343723075,963122165,2457,Det/images/normal_train/00216564.png,0,08,easy_clean,0.0039509582,1.0,0.0082852803,normal_replay,GroupDiverse-Gap
RUN_134,TRIAD_045,A15_GroupDiverse-Gap_B3000,R1,1343723075,963122165,2458,Det/images/normal_train/00610467.png,0,05,easy_clean,0.0011449836,1.0,0.001566183,normal_replay,GroupDiverse-Gap
RUN_134,TRIAD_045,A15_GroupDiverse-Gap_B3000,R1,1343723075,963122165,2459,Det/images/normal_train/00531429.png,0,04,easy_clean,0.0693691689,1.0,0.0339730241,normal_replay,GroupDiverse-Gap
RUN_134,TRIAD_045,A15_GroupDiverse-Gap_B3000,R1,1343723075,963122165,2460,Det/images/normal_train/01231819.png,0,09,easy_clean,2.55242e-05,1.0,4.37458e-05,normal_replay,GroupDiverse-Gap
RUN_134,TRIAD_045,A15_GroupDiverse-Gap_B3000,R1,1343723075,963122165,2461,Det/images/normal_train/00478124.png,0,01,easy_clean,0.0025157143,1.0,0.0033956762,normal_replay,GroupDiverse-Gap
RUN_134,TRIAD_045,A15_GroupDiverse-Gap_B3000,R1,1343723075,963122165,2462,Det/images/normal_train/01163575.png,0,08,easy_clean,0.0118949425,1.0,0.0221030579,normal_replay,GroupDiverse-Gap
RUN_134,TRIAD_045,A15_GroupDiverse-Gap_B3000,R1,1343723075,963122165,2463,Det/images/normal_train/01092997.png,0,03,easy_clean,0.0853873415,1.0,0.040108642,normal_replay,GroupDiverse-Gap
RUN_134,TRIAD_045,A15_GroupDiverse-Gap_B3000,R1,1343723075,963122165,2464,Det/images/normal_train/01139859.png,0,05,ordinary,0.2000900728,0.975,0.0893977162,normal_replay,GroupDiverse-Gap
RUN_134,TRIAD_045,A15_GroupDiverse-Gap_B3000,R1,1343723075,963122165,2465,Det/images/normal_train/00270987.png,0,04,easy_clean,0.0177424266,1.0,0.0466511701,normal_replay,GroupDiverse-Gap
RUN_134,TRIAD_045,A15_GroupDiverse-Gap_B3000,R1,1343723075,963122165,2466,Det/images/normal_train/01254100.png,0,05,easy_clean,0.048559019,1.0,0.0509562021,normal_replay,GroupDiverse-Gap
RUN_134,TRIAD_045,A15_GroupDiverse-Gap_B3000,R1,1343723075,963122165,2467,Det/images/normal_train/00522579.png,0,07,easy_clean,0.0279403686,1.0,0.0340391191,normal_replay,GroupDiverse-Gap
RUN_134,TRIAD_045,A15_GroupDiverse-Gap_B3000,R1,1343723075,963122165,2468,Det/images/normal_train/00845672.png,0,04,easy_clean,0.0009555704,1.0,0.0016823799,normal_replay,GroupDiverse-Gap
RUN_134,TRIAD_045,A15_GroupDiverse-Gap_B3000,R1,1343723075,963122165,2469,Det/images/normal_train/00197381.png,0,06,learnable_hard,0.0928596591,0.995,0.0852223498,normal_replay,GroupDiverse-Gap
RUN_134,TRIAD_045,A15_GroupDiverse-Gap_B3000,R1,1343723075,963122165,2470,Det/images/normal_train/00362342.png,0,08,easy_clean,0.0181807756,1.0,0.0297999464,normal_replay,GroupDiverse-Gap
RUN_134,TRIAD_045,A15_GroupDiverse-Gap_B3000,R1,1343723075,963122165,2471,Det/images/normal_train/00255454.png,0,08,easy_clean,0.0007938837,1.0,0.0010124615,normal_replay,GroupDiverse-Gap
RUN_134,TRIAD_045,A15_GroupDiverse-Gap_B3000,R1,1343723075,963122165,2472,Det/images/normal_train/00861785.png,0,09,easy_clean,0.0003639454,1.0,0.0005104857,normal_replay,GroupDiverse-Gap
RUN_134,TRIAD_045,A15_GroupDiverse-Gap_B3000,R1,1343723075,963122165,2473,Det/images/normal_train/01139633.png,0,05,easy_clean,0.0047019868,1.0,0.0088097299,normal_replay,GroupDiverse-Gap
RUN_134,TRIAD_045,A15_GroupDiverse-Gap_B3000,R1,1343723075,963122165,2474,Det/images/normal_train/00477041.png,0,00,easy_clean,0.0134272482,1.0,0.0112133344,normal_replay,GroupDiverse-Gap
RUN_134,TRIAD_045,A15_GroupDiverse-Gap_B3000,R1,1343723075,963122165,2475,Det/images/normal_train/01212511.png,0,02,easy_clean,0.0150623681,1.0,0.0136745923,normal_replay,GroupDiverse-Gap
RUN_134,TRIAD_045,A15_GroupDiverse-Gap_B3000,R1,1343723075,963122165,2476,Det/images/normal_train/00753768.png,0,01,easy_clean,0.0080543861,1.0,0.0140374315,normal_replay,GroupDiverse-Gap
RUN_134,TRIAD_045,A15_GroupDiverse-Gap_B3000,R1,1343723075,963122165,2477,Det/images/normal_train/01063663.png,0,02,easy_clean,0.0053301053,1.0,0.0089913504,normal_replay,GroupDiverse-Gap
RUN_134,TRIAD_045,A15_GroupDiverse-Gap_B3000,R1,1343723075,963122165,2478,Det/images/normal_train/00555560.png,0,07,easy_clean,0.0028792905,1.0,0.0112612735,normal_replay,GroupDiverse-Gap
RUN_134,TRIAD_045,A15_GroupDiverse-Gap_B3000,R1,1343723075,963122165,2479,Det/images/normal_train/00373393.png,0,03,easy_clean,0.0076727052,1.0,0.0152828378,normal_replay,GroupDiverse-Gap
RUN_134,TRIAD_045,A15_GroupDiverse-Gap_B3000,R1,1343723075,963122165,2480,Det/images/normal_train/00967813.png,0,04,easy_clean,0.0052824036,1.0,0.0249327019,normal_replay,GroupDiverse-Gap
RUN_134,TRIAD_045,A15_GroupDiverse-Gap_B3000,R1,1343723075,963122165,2481,Det/images/normal_train/01123840.png,0,06,easy_clean,0.0048853089,1.0,0.005790323,normal_replay,GroupDiverse-Gap
RUN_134,TRIAD_045,A15_GroupDiverse-Gap_B3000,R1,1343723075,963122165,2482,Det/images/normal_train/00248614.png,0,00,easy_clean,0.0036571625,1.0,0.0040692181,normal_replay,GroupDiverse-Gap
RUN_134,TRIAD_045,A15_GroupDiverse-Gap_B3000,R1,1343723075,963122165,2483,Det/images/normal_train/00249587.png,0,09,easy_clean,0.0134008664,1.0,0.0297788979,normal_replay,GroupDiverse-Gap
RUN_134,TRIAD_045,A15_GroupDiverse-Gap_B3000,R1,1343723075,963122165,2484,Det/images/normal_train/00738360.png,0,02,easy_clean,0.0017307467,1.0,0.0022628405,normal_replay,GroupDiverse-Gap
RUN_134,TRIAD_045,A15_GroupDiverse-Gap_B3000,R1,1343723075,963122165,2485,Det/images/normal_train/00284424.png,0,01,easy_clean,0.0084988431,1.0,0.0169465138,normal_replay,GroupDiverse-Gap
RUN_134,TRIAD_045,A15_GroupDiverse-Gap_B3000,R1,1343723075,963122165,2486,Det/images/normal_train/00943891.png,0,09,learnable_hard,0.0738316799,0.99,0.0688876256,normal_replay,GroupDiverse-Gap
RUN_134,TRIAD_045,A15_GroupDiverse-Gap_B3000,R1,1343723075,963122165,2487,Det/images/normal_train/00315697.png,0,03,easy_clean,0.0153181269,1.0,0.0222882995,normal_replay,GroupDiverse-Gap
RUN_134,TRIAD_045,A15_GroupDiverse-Gap_B3000,R1,1343723075,963122165,2488,Det/images/normal_train/01234788.png,0,08,easy_clean,0.0006036973,1.0,0.0023321817,normal_replay,GroupDiverse-Gap
RUN_134,TRIAD_045,A15_GroupDiverse-Gap_B3000,R1,1343723075,963122165,2489,Det/images/normal_train/00972951.png,0,03,easy_clean,0.0006695271,1.0,0.0014721656,normal_replay,GroupDiverse-Gap
RUN_134,TRIAD_045,A15_GroupDiverse-Gap_B3000,R1,1343723075,963122165,2490,Det/images/normal_train/00350856.png,0,04,easy_clean,0.0248711193,1.0,0.0325122149,normal_replay,GroupDiverse-Gap
RUN_134,TRIAD_045,A15_GroupDiverse-Gap_B3000,R1,1343723075,963122165,2491,Det/images/normal_train/00195727.png,0,08,easy_clean,0.0122602259,1.0,0.0281166087,normal_replay,GroupDiverse-Gap
RUN_134,TRIAD_045,A15_GroupDiverse-Gap_B3000,R1,1343723075,963122165,2492,Det/images/normal_train/00739321.png,0,00,easy_clean,0.0649939955,1.0,0.0313385827,normal_replay,GroupDiverse-Gap
RUN_134,TRIAD_045,A15_GroupDiverse-Gap_B3000,R1,1343723075,963122165,2493,Det/images/normal_train/00995738.png,0,05,easy_clean,0.0003296734,1.0,0.0006034114,normal_replay,GroupDiverse-Gap
RUN_134,TRIAD_045,A15_GroupDiverse-Gap_B3000,R1,1343723075,963122165,2494,Det/images/normal_train/01135789.png,0,03,learnable_hard,0.012823579,0.995,0.0515557704,normal_replay,GroupDiverse-Gap
RUN_134,TRIAD_045,A15_GroupDiverse-Gap_B3000,R1,1343723075,963122165,2495,Det/images/normal_train/00562529.png,0,08,easy_clean,0.0029141518,1.0,0.0050826563,normal_replay,GroupDiverse-Gap
RUN_134,TRIAD_045,A15_GroupDiverse-Gap_B3000,R1,1343723075,963122165,2496,Det/images/normal_train/00295708.png,0,03,easy_clean,0.0086614101,1.0,0.0091179704,normal_replay,GroupDiverse-Gap
RUN_134,TRIAD_045,A15_GroupDiverse-Gap_B3000,R1,1343723075,963122165,2497,Det/images/normal_train/00661808.png,0,08,easy_clean,0.0277597937,1.0,0.0341825686,normal_replay,GroupDiverse-Gap
RUN_134,TRIAD_045,A15_GroupDiverse-Gap_B3000,R1,1343723075,963122165,2498,Det/images/normal_train/00924148.png,0,07,learnable_hard,0.8907706197,0.04,0.1421015631,normal_replay,GroupDiverse-Gap
RUN_134,TRIAD_045,A15_GroupDiverse-Gap_B3000,R1,1343723075,963122165,2499,Det/images/normal_train/01258131.png,0,03,easy_clean,0.0247661083,1.0,0.0293181878,normal_replay,GroupDiverse-Gap
RUN_134,TRIAD_045,A15_GroupDiverse-Gap_B3000,R1,1343723075,963122165,2500,Det/images/normal_train/00817235.png,0,07,easy_clean,0.016973195,1.0,0.0134605363,normal_replay,GroupDiverse-Gap
RUN_134,TRIAD_045,A15_GroupDiverse-Gap_B3000,R1,1343723075,963122165,2501,Det/images/normal_train/01072049.png,0,03,easy_clean,0.022642523,1.0,0.0385648287,normal_replay,GroupDiverse-Gap
RUN_134,TRIAD_045,A15_GroupDiverse-Gap_B3000,R1,1343723075,963122165,2502,Det/images/normal_train/00217629.png,0,07,easy_clean,0.0009029829,1.0,0.0024118572,normal_replay,GroupDiverse-Gap
RUN_134,TRIAD_045,A15_GroupDiverse-Gap_B3000,R1,1343723075,963122165,2503,Det/images/normal_train/01277652.png,0,07,ordinary,0.2694292607,0.82,0.2390756248,normal_replay,GroupDiverse-Gap
RUN_134,TRIAD_045,A15_GroupDiverse-Gap_B3000,R1,1343723075,963122165,2504,Det/images/normal_train/00595764.png,0,01,easy_clean,0.0067880095,1.0,0.0151009779,normal_replay,GroupDiverse-Gap
RUN_134,TRIAD_045,A15_GroupDiverse-Gap_B3000,R1,1343723075,963122165,2505,Det/images/normal_train/00958237.png,0,05,easy_clean,0.001379916,1.0,0.0035614046,normal_replay,GroupDiverse-Gap
RUN_134,TRIAD_045,A15_GroupDiverse-Gap_B3000,R1,1343723075,963122165,2506,Det/images/normal_train/00583137.png,0,03,easy_clean,0.0161482932,1.0,0.0213593971,normal_replay,GroupDiverse-Gap
RUN_134,TRIAD_045,A15_GroupDiverse-Gap_B3000,R1,1343723075,963122165,2507,Det/images/normal_train/00930253.png,0,09,learnable_hard,0.0308322777,0.995,0.0718509307,normal_replay,GroupDiverse-Gap
RUN_134,TRIAD_045,A15_GroupDiverse-Gap_B3000,R1,1343723075,963122165,2508,Det/images/normal_train/00532492.png,0,07,learnable_hard,0.2817130432,0.985,0.1652170543,normal_replay,GroupDiverse-Gap
RUN_134,TRIAD_045,A15_GroupDiverse-Gap_B3000,R1,1343723075,963122165,2509,Det/images/normal_train/00824953.png,0,05,easy_clean,0.0003287703,1.0,0.0005206183,normal_replay,GroupDiverse-Gap
RUN_134,TRIAD_045,A15_GroupDiverse-Gap_B3000,R1,1343723075,963122165,2510,Det/images/normal_train/01127673.png,0,06,easy_clean,0.0125872883,1.0,0.0089811623,normal_replay,GroupDiverse-Gap
RUN_134,TRIAD_045,A15_GroupDiverse-Gap_B3000,R1,1343723075,963122165,2511,Det/images/normal_train/00872027.png,0,03,easy_clean,0.0097439957,1.0,0.0275866573,normal_replay,GroupDiverse-Gap
RUN_134,TRIAD_045,A15_GroupDiverse-Gap_B3000,R1,1343723075,963122165,2512,Det/images/normal_train/00259317.png,0,08,easy_clean,0.0005136084,1.0,0.0008146053,normal_replay,GroupDiverse-Gap
RUN_134,TRIAD_045,A15_GroupDiverse-Gap_B3000,R1,1343723075,963122165,2513,Det/images/normal_train/00957774.png,0,02,easy_clean,0.011647067,1.0,0.0230646765,normal_replay,GroupDiverse-Gap
RUN_134,TRIAD_045,A15_GroupDiverse-Gap_B3000,R1,1343723075,963122165,2514,Det/images/normal_train/01187443.png,0,07,ordinary,0.2025106557,1.0,0.0649208001,normal_replay,GroupDiverse-Gap
RUN_134,TRIAD_045,A15_GroupDiverse-Gap_B3000,R1,1343723075,963122165,2515,Det/images/normal_train/00564215.png,0,04,easy_clean,0.0017588971,1.0,0.0029448929,normal_replay,GroupDiverse-Gap
RUN_134,TRIAD_045,A15_GroupDiverse-Gap_B3000,R1,1343723075,963122165,2516,Det/images/normal_train/00410238.png,0,00,ordinary,0.1947607241,1.0,0.0851310999,normal_replay,GroupDiverse-Gap
RUN_134,TRIAD_045,A15_GroupDiverse-Gap_B3000,R1,1343723075,963122165,2517,Det/images/normal_train/00238650.png,0,02,easy_clean,0.0216652073,1.0,0.0326840873,normal_replay,GroupDiverse-Gap
RUN_134,TRIAD_045,A15_GroupDiverse-Gap_B3000,R1,1343723075,963122165,2518,Det/images/normal_train/00549293.png,0,04,easy_clean,0.0511358925,1.0,0.0383210959,normal_replay,GroupDiverse-Gap
RUN_134,TRIAD_045,A15_GroupDiverse-Gap_B3000,R1,1343723075,963122165,2519,Det/images/normal_train/01140056.png,0,00,easy_clean,0.0053225392,1.0,0.005367632,normal_replay,GroupDiverse-Gap
RUN_134,TRIAD_045,A15_GroupDiverse-Gap_B3000,R1,1343723075,963122165,2520,Det/images/normal_train/00888634.png,0,08,learnable_hard,0.0899934622,0.995,0.0851174053,normal_replay,GroupDiverse-Gap
RUN_134,TRIAD_045,A15_GroupDiverse-Gap_B3000,R1,1343723075,963122165,2521,Det/images/normal_train/01170261.png,0,09,ordinary,0.2829138979,0.805,0.3106854089,normal_replay,GroupDiverse-Gap
RUN_134,TRIAD_045,A15_GroupDiverse-Gap_B3000,R1,1343723075,963122165,2522,Det/images/normal_train/00833052.png,0,02,easy_clean,0.0004811697,1.0,0.001087877,normal_replay,GroupDiverse-Gap
RUN_134,TRIAD_045,A15_GroupDiverse-Gap_B3000,R1,1343723075,963122165,2523,Det/images/normal_train/01039749.png,0,01,easy_clean,0.0201586626,1.0,0.0279945526,normal_replay,GroupDiverse-Gap
RUN_134,TRIAD_045,A15_GroupDiverse-Gap_B3000,R1,1343723075,963122165,2524,Det/images/normal_train/00783750.png,0,01,learnable_hard,0.092383647,0.97,0.1213965259,normal_replay,GroupDiverse-Gap
RUN_134,TRIAD_045,A15_GroupDiverse-Gap_B3000,R1,1343723075,963122165,2525,Det/images/normal_train/00727656.png,0,04,easy_clean,0.0027222695,1.0,0.0104985324,normal_replay,GroupDiverse-Gap
RUN_134,TRIAD_045,A15_GroupDiverse-Gap_B3000,R1,1343723075,963122165,2526,Det/images/normal_train/01104682.png,0,08,easy_clean,0.0136747323,1.0,0.0123485565,normal_replay,GroupDiverse-Gap
RUN_134,TRIAD_045,A15_GroupDiverse-Gap_B3000,R1,1343723075,963122165,2527,Det/images/normal_train/01222390.png,0,07,ordinary,0.158223787,0.95,0.1278417753,normal_replay,GroupDiverse-Gap
RUN_134,TRIAD_045,A15_GroupDiverse-Gap_B3000,R1,1343723075,963122165,2528,Det/images/normal_train/00863664.png,0,07,learnable_hard,0.3465174388,0.88,0.118466784,normal_replay,GroupDiverse-Gap
RUN_134,TRIAD_045,A15_GroupDiverse-Gap_B3000,R1,1343723075,963122165,2529,Det/images/normal_train/00416573.png,0,05,easy_clean,0.0100166631,1.0,0.0272461597,normal_replay,GroupDiverse-Gap
RUN_134,TRIAD_045,A15_GroupDiverse-Gap_B3000,R1,1343723075,963122165,2530,Det/images/normal_train/01235259.png,0,01,easy_clean,0.0038060118,1.0,0.0053417612,normal_replay,GroupDiverse-Gap
RUN_134,TRIAD_045,A15_GroupDiverse-Gap_B3000,R1,1343723075,963122165,2531,Det/images/normal_train/00534577.png,0,03,easy_clean,0.0002827139,1.0,0.0005527508,normal_replay,GroupDiverse-Gap
RUN_134,TRIAD_045,A15_GroupDiverse-Gap_B3000,R1,1343723075,963122165,2532,Det/images/normal_train/00759553.png,0,08,easy_clean,0.0030161372,1.0,0.0113019327,normal_replay,GroupDiverse-Gap
RUN_134,TRIAD_045,A15_GroupDiverse-Gap_B3000,R1,1343723075,963122165,2533,Det/images/normal_train/00703884.png,0,01,persistent_hard,0.5624694341,0.465,0.2100249436,normal_replay,GroupDiverse-Gap
RUN_134,TRIAD_045,A15_GroupDiverse-Gap_B3000,R1,1343723075,963122165,2534,Det/images/normal_train/01222779.png,0,07,learnable_hard,0.4058039655,0.75,0.1578324636,normal_replay,GroupDiverse-Gap
RUN_134,TRIAD_045,A15_GroupDiverse-Gap_B3000,R1,1343723075,963122165,2535,Det/images/normal_train/00549131.png,0,04,easy_clean,0.0373317522,1.0,0.0446721811,normal_replay,GroupDiverse-Gap
RUN_134,TRIAD_045,A15_GroupDiverse-Gap_B3000,R1,1343723075,963122165,2536,Det/images/normal_train/00276167.png,0,03,easy_clean,0.0091999529,1.0,0.0190598836,normal_replay,GroupDiverse-Gap
RUN_134,TRIAD_045,A15_GroupDiverse-Gap_B3000,R1,1343723075,963122165,2537,Det/images/normal_train/00296792.png,0,01,easy_clean,0.0026052937,1.0,0.003204684,normal_replay,GroupDiverse-Gap
RUN_134,TRIAD_045,A15_GroupDiverse-Gap_B3000,R1,1343723075,963122165,2538,Det/images/normal_train/00355462.png,0,01,easy_clean,0.0023070767,1.0,0.0052332441,normal_replay,GroupDiverse-Gap
RUN_134,TRIAD_045,A15_GroupDiverse-Gap_B3000,R1,1343723075,963122165,2539,Det/images/normal_train/01290386.png,0,03,learnable_hard,0.0197857085,0.995,0.0668075272,normal_replay,GroupDiverse-Gap
RUN_134,TRIAD_045,A15_GroupDiverse-Gap_B3000,R1,1343723075,963122165,2540,Det/images/normal_train/00843815.png,0,06,easy_clean,0.038007949,1.0,0.0548193627,normal_replay,GroupDiverse-Gap
RUN_134,TRIAD_045,A15_GroupDiverse-Gap_B3000,R1,1343723075,963122165,2541,Det/images/normal_train/00218223.png,0,09,easy_clean,0.0114868643,1.0,0.0193786583,normal_replay,GroupDiverse-Gap
RUN_134,TRIAD_045,A15_GroupDiverse-Gap_B3000,R1,1343723075,963122165,2542,Det/images/normal_train/00997455.png,0,08,easy_clean,0.0037274657,1.0,0.008774656,normal_replay,GroupDiverse-Gap
RUN_134,TRIAD_045,A15_GroupDiverse-Gap_B3000,R1,1343723075,963122165,2543,Det/images/normal_train/00531352.png,0,04,easy_clean,0.0036555176,1.0,0.0043324527,normal_replay,GroupDiverse-Gap
RUN_134,TRIAD_045,A15_GroupDiverse-Gap_B3000,R1,1343723075,963122165,2544,Det/images/normal_train/00171242.png,0,02,easy_clean,0.053449,1.0,0.0648221898,normal_replay,GroupDiverse-Gap
RUN_134,TRIAD_045,A15_GroupDiverse-Gap_B3000,R1,1343723075,963122165,2545,Det/images/normal_train/00366292.png,0,02,easy_clean,0.0092456441,1.0,0.0271144869,normal_replay,GroupDiverse-Gap
RUN_134,TRIAD_045,A15_GroupDiverse-Gap_B3000,R1,1343723075,963122165,2546,Det/images/normal_train/00872279.png,0,03,easy_clean,0.0131051688,1.0,0.0213105472,normal_replay,GroupDiverse-Gap
RUN_134,TRIAD_045,A15_GroupDiverse-Gap_B3000,R1,1343723075,963122165,2547,Det/images/normal_train/00972924.png,0,03,easy_clean,0.0015403591,1.0,0.0076798794,normal_replay,GroupDiverse-Gap
RUN_134,TRIAD_045,A15_GroupDiverse-Gap_B3000,R1,1343723075,963122165,2548,Det/images/normal_train/00395742.png,0,05,learnable_hard,0.1284534343,0.995,0.0977562824,normal_replay,GroupDiverse-Gap
RUN_134,TRIAD_045,A15_GroupDiverse-Gap_B3000,R1,1343723075,963122165,2549,Det/images/normal_train/00518368.png,0,09,ordinary,0.1192400188,1.0,0.0750316907,normal_replay,GroupDiverse-Gap
RUN_134,TRIAD_045,A15_GroupDiverse-Gap_B3000,R1,1343723075,963122165,2550,Det/images/normal_train/00163571.png,0,08,easy_clean,0.0286761868,1.0,0.0553608236,normal_replay,GroupDiverse-Gap
RUN_134,TRIAD_045,A15_GroupDiverse-Gap_B3000,R1,1343723075,963122165,2551,Det/images/normal_train/01120490.png,0,06,easy_clean,0.0406112392,1.0,0.0450506707,normal_replay,GroupDiverse-Gap
RUN_134,TRIAD_045,A15_GroupDiverse-Gap_B3000,R1,1343723075,963122165,2552,Det/images/normal_train/00249484.png,0,09,easy_clean,0.0079327808,1.0,0.0220654374,normal_replay,GroupDiverse-Gap
RUN_134,TRIAD_045,A15_GroupDiverse-Gap_B3000,R1,1343723075,963122165,2553,Det/images/normal_train/01127209.png,0,06,learnable_hard,0.1421663644,0.96,0.1359077814,normal_replay,GroupDiverse-Gap
RUN_134,TRIAD_045,A15_GroupDiverse-Gap_B3000,R1,1343723075,963122165,2554,Det/images/normal_train/01234448.png,0,08,easy_clean,0.043725235,1.0,0.0475799785,normal_replay,GroupDiverse-Gap
RUN_134,TRIAD_045,A15_GroupDiverse-Gap_B3000,R1,1343723075,963122165,2555,Det/images/normal_train/00586509.png,0,01,easy_clean,0.0063096834,1.0,0.0201760765,normal_replay,GroupDiverse-Gap
RUN_134,TRIAD_045,A15_GroupDiverse-Gap_B3000,R1,1343723075,963122165,2556,Det/images/normal_train/00321092.png,0,03,easy_clean,0.0094939654,1.0,0.0089361663,normal_replay,GroupDiverse-Gap
RUN_134,TRIAD_045,A15_GroupDiverse-Gap_B3000,R1,1343723075,963122165,2557,Det/images/normal_train/01190413.png,0,02,easy_clean,0.0597591089,1.0,0.0434916307,normal_replay,GroupDiverse-Gap
RUN_134,TRIAD_045,A15_GroupDiverse-Gap_B3000,R1,1343723075,963122165,2558,Det/images/normal_train/01287029.png,0,06,easy_clean,0.0140581279,1.0,0.0259735196,normal_replay,GroupDiverse-Gap
RUN_134,TRIAD_045,A15_GroupDiverse-Gap_B3000,R1,1343723075,963122165,2559,Det/images/normal_train/01152085.png,0,08,easy_clean,0.0160809882,1.0,0.0282146922,normal_replay,GroupDiverse-Gap
RUN_134,TRIAD_045,A15_GroupDiverse-Gap_B3000,R1,1343723075,963122165,2560,Det/images/normal_train/00593053.png,0,03,easy_clean,0.008201006,1.0,0.0443796559,normal_replay,GroupDiverse-Gap
RUN_134,TRIAD_045,A15_GroupDiverse-Gap_B3000,R1,1343723075,963122165,2561,Det/images/normal_train/01069568.png,0,09,easy_clean,0.0460842895,1.0,0.0530708136,normal_replay,GroupDiverse-Gap
RUN_134,TRIAD_045,A15_GroupDiverse-Gap_B3000,R1,1343723075,963122165,2562,Det/images/normal_train/01074199.png,0,04,easy_clean,0.0001079044,1.0,0.0002935194,normal_replay,GroupDiverse-Gap
RUN_134,TRIAD_045,A15_GroupDiverse-Gap_B3000,R1,1343723075,963122165,2563,Det/images/normal_train/01223670.png,0,03,easy_clean,0.0221692438,1.0,0.0279379155,normal_replay,GroupDiverse-Gap
RUN_134,TRIAD_045,A15_GroupDiverse-Gap_B3000,R1,1343723075,963122165,2564,Det/images/normal_train/01266320.png,0,01,learnable_hard,0.6242791165,0.205,0.1587727543,normal_replay,GroupDiverse-Gap
RUN_134,TRIAD_045,A15_GroupDiverse-Gap_B3000,R1,1343723075,963122165,2565,Det/images/normal_train/00678922.png,0,06,easy_clean,0.0208569321,0.995,0.0548955829,normal_replay,GroupDiverse-Gap
RUN_134,TRIAD_045,A15_GroupDiverse-Gap_B3000,R1,1343723075,963122165,2566,Det/images/normal_train/01115461.png,0,00,ordinary,0.0948835941,1.0,0.0603581569,normal_replay,GroupDiverse-Gap
RUN_134,TRIAD_045,A15_GroupDiverse-Gap_B3000,R1,1343723075,963122165,2567,Det/images/normal_train/01276498.png,0,01,easy_clean,0.0285623513,1.0,0.037414658,normal_replay,GroupDiverse-Gap
RUN_134,TRIAD_045,A15_GroupDiverse-Gap_B3000,R1,1343723075,963122165,2568,Det/images/normal_train/00327435.png,0,06,learnable_hard,0.0360065177,0.995,0.0549093676,normal_replay,GroupDiverse-Gap
RUN_134,TRIAD_045,A15_GroupDiverse-Gap_B3000,R1,1343723075,963122165,2569,Det/images/normal_train/01051827.png,0,06,easy_clean,0.0083815444,1.0,0.0143706832,normal_replay,GroupDiverse-Gap
RUN_134,TRIAD_045,A15_GroupDiverse-Gap_B3000,R1,1343723075,963122165,2570,Det/images/normal_train/00658227.png,0,02,learnable_hard,0.8898353041,0.04,0.1475907564,normal_replay,GroupDiverse-Gap
RUN_134,TRIAD_045,A15_GroupDiverse-Gap_B3000,R1,1343723075,963122165,2571,Det/images/normal_train/01133188.png,0,09,easy_clean,0.0147510894,1.0,0.0328144896,normal_replay,GroupDiverse-Gap
RUN_134,TRIAD_045,A15_GroupDiverse-Gap_B3000,R1,1343723075,963122165,2572,Det/images/normal_train/01113386.png,0,07,ordinary,0.1427729711,1.0,0.0747261843,normal_replay,GroupDiverse-Gap
RUN_134,TRIAD_045,A15_GroupDiverse-Gap_B3000,R1,1343723075,963122165,2573,Det/images/normal_train/01225042.png,0,01,easy_clean,0.0167771385,1.0,0.0219492218,normal_replay,GroupDiverse-Gap
RUN_134,TRIAD_045,A15_GroupDiverse-Gap_B3000,R1,1343723075,963122165,2574,Det/images/normal_train/00522984.png,0,07,easy_clean,0.0214027834,1.0,0.0240608312,normal_replay,GroupDiverse-Gap
RUN_134,TRIAD_045,A15_GroupDiverse-Gap_B3000,R1,1343723075,963122165,2575,Det/images/normal_train/01246305.png,0,01,easy_clean,0.0142965852,1.0,0.0235248281,normal_replay,GroupDiverse-Gap
RUN_134,TRIAD_045,A15_GroupDiverse-Gap_B3000,R1,1343723075,963122165,2576,Det/images/normal_train/01192872.png,0,09,ordinary,0.1762101154,1.0,0.0738929909,normal_replay,GroupDiverse-Gap
RUN_134,TRIAD_045,A15_GroupDiverse-Gap_B3000,R1,1343723075,963122165,2577,Det/images/normal_train/00277805.png,0,04,learnable_hard,0.0191150648,0.995,0.0645535416,normal_replay,GroupDiverse-Gap
RUN_134,TRIAD_045,A15_GroupDiverse-Gap_B3000,R1,1343723075,963122165,2578,Det/images/normal_train/00589712.png,0,03,learnable_hard,0.012258109,0.995,0.0484109204,normal_replay,GroupDiverse-Gap
RUN_134,TRIAD_045,A15_GroupDiverse-Gap_B3000,R1,1343723075,963122165,2579,Det/images/normal_train/00551107.png,0,02,easy_clean,0.0135371441,1.0,0.023982,normal_replay,GroupDiverse-Gap
RUN_134,TRIAD_045,A15_GroupDiverse-Gap_B3000,R1,1343723075,963122165,2580,Det/images/normal_train/00238578.png,0,02,easy_clean,0.0022764015,1.0,0.0042387407,normal_replay,GroupDiverse-Gap
RUN_134,TRIAD_045,A15_GroupDiverse-Gap_B3000,R1,1343723075,963122165,2581,Det/images/normal_train/00262362.png,0,04,easy_clean,0.0011770621,1.0,0.0017918169,normal_replay,GroupDiverse-Gap
RUN_134,TRIAD_045,A15_GroupDiverse-Gap_B3000,R1,1343723075,963122165,2582,Det/images/normal_train/00592280.png,0,07,easy_clean,0.0003597434,1.0,0.001075342,normal_replay,GroupDiverse-Gap
RUN_134,TRIAD_045,A15_GroupDiverse-Gap_B3000,R1,1343723075,963122165,2583,Det/images/normal_train/01057551.png,0,06,easy_clean,0.0066184075,1.0,0.0134932736,normal_replay,GroupDiverse-Gap
RUN_134,TRIAD_045,A15_GroupDiverse-Gap_B3000,R1,1343723075,963122165,2584,Det/images/normal_train/01039949.png,0,01,easy_clean,0.0514233012,1.0,0.0595653849,normal_replay,GroupDiverse-Gap
RUN_134,TRIAD_045,A15_GroupDiverse-Gap_B3000,R1,1343723075,963122165,2585,Det/images/normal_train/01029688.png,0,09,ordinary,0.0672551153,0.98,0.0924913856,normal_replay,GroupDiverse-Gap
RUN_134,TRIAD_045,A15_GroupDiverse-Gap_B3000,R1,1343723075,963122165,2586,Det/images/normal_train/00319170.png,0,04,easy_clean,0.0328176276,1.0,0.0376158866,normal_replay,GroupDiverse-Gap
RUN_134,TRIAD_045,A15_GroupDiverse-Gap_B3000,R1,1343723075,963122165,2587,Det/images/normal_train/01140857.png,0,00,easy_clean,0.0042517927,1.0,0.0051858938,normal_replay,GroupDiverse-Gap
RUN_134,TRIAD_045,A15_GroupDiverse-Gap_B3000,R1,1343723075,963122165,2588,Det/images/normal_train/00210293.png,0,00,easy_clean,0.0115622177,1.0,0.0112310102,normal_replay,GroupDiverse-Gap
RUN_134,TRIAD_045,A15_GroupDiverse-Gap_B3000,R1,1343723075,963122165,2589,Det/images/normal_train/00957359.png,0,02,ordinary,0.1112497513,1.0,0.0692556278,normal_replay,GroupDiverse-Gap
RUN_134,TRIAD_045,A15_GroupDiverse-Gap_B3000,R1,1343723075,963122165,2590,Det/images/normal_train/01071122.png,0,04,learnable_hard,0.1350392001,0.995,0.0968647426,normal_replay,GroupDiverse-Gap
RUN_134,TRIAD_045,A15_GroupDiverse-Gap_B3000,R1,1343723075,963122165,2591,Det/images/normal_train/00961438.png,0,07,easy_clean,0.0084310032,1.0,0.0095057077,normal_replay,GroupDiverse-Gap
RUN_134,TRIAD_045,A15_GroupDiverse-Gap_B3000,R1,1343723075,963122165,2592,Det/images/normal_train/00935726.png,0,09,easy_clean,0.0401011346,1.0,0.0526773623,normal_replay,GroupDiverse-Gap
RUN_134,TRIAD_045,A15_GroupDiverse-Gap_B3000,R1,1343723075,963122165,2593,Det/images/normal_train/00806173.png,0,08,learnable_hard,0.1943386104,0.995,0.0864479589,normal_replay,GroupDiverse-Gap
RUN_134,TRIAD_045,A15_GroupDiverse-Gap_B3000,R1,1343723075,963122165,2594,Det/images/normal_train/00812005.png,0,00,persistent_hard,0.6624964198,0.075,0.1662733687,normal_replay,GroupDiverse-Gap
RUN_134,TRIAD_045,A15_GroupDiverse-Gap_B3000,R1,1343723075,963122165,2595,Det/images/normal_train/00861341.png,0,09,easy_clean,0.0086530199,1.0,0.0239520391,normal_replay,GroupDiverse-Gap
RUN_134,TRIAD_045,A15_GroupDiverse-Gap_B3000,R1,1343723075,963122165,2596,Det/images/normal_train/01277309.png,0,07,easy_clean,0.0282462619,1.0,0.0278582471,normal_replay,GroupDiverse-Gap
RUN_134,TRIAD_045,A15_GroupDiverse-Gap_B3000,R1,1343723075,963122165,2597,Det/images/normal_train/01185972.png,0,02,easy_clean,0.0307132644,1.0,0.0326922563,normal_replay,GroupDiverse-Gap
RUN_134,TRIAD_045,A15_GroupDiverse-Gap_B3000,R1,1343723075,963122165,2598,Det/images/normal_train/00266161.png,0,01,easy_clean,0.0008581307,1.0,0.0027157166,normal_replay,GroupDiverse-Gap
RUN_134,TRIAD_045,A15_GroupDiverse-Gap_B3000,R1,1343723075,963122165,2599,Det/images/normal_train/00578461.png,0,03,persistent_hard,0.6824427082,0.11,0.1285787501,normal_replay,GroupDiverse-Gap
RUN_134,TRIAD_045,A15_GroupDiverse-Gap_B3000,R1,1343723075,963122165,2600,Det/images/normal_train/00333720.png,0,00,learnable_hard,0.2679843264,0.98,0.1022102763,normal_replay,GroupDiverse-Gap
RUN_134,TRIAD_045,A15_GroupDiverse-Gap_B3000,R1,1343723075,963122165,2601,Det/images/normal_train/00994764.png,0,04,easy_clean,0.0006532488,1.0,0.0008329423,normal_replay,GroupDiverse-Gap
RUN_134,TRIAD_045,A15_GroupDiverse-Gap_B3000,R1,1343723075,963122165,2602,Det/images/normal_train/01258752.png,0,03,easy_clean,0.035198158,1.0,0.048217506,normal_replay,GroupDiverse-Gap
RUN_134,TRIAD_045,A15_GroupDiverse-Gap_B3000,R1,1343723075,963122165,2603,Det/images/normal_train/01042557.png,0,01,easy_clean,0.0103655601,1.0,0.0110902818,normal_replay,GroupDiverse-Gap
RUN_134,TRIAD_045,A15_GroupDiverse-Gap_B3000,R1,1343723075,963122165,2604,Det/images/normal_train/00584780.png,0,05,easy_clean,0.006350391,1.0,0.0079019466,normal_replay,GroupDiverse-Gap
RUN_134,TRIAD_045,A15_GroupDiverse-Gap_B3000,R1,1343723075,963122165,2605,Det/images/normal_train/01156370.png,0,00,easy_clean,0.0056732157,1.0,0.0079312344,normal_replay,GroupDiverse-Gap
RUN_134,TRIAD_045,A15_GroupDiverse-Gap_B3000,R1,1343723075,963122165,2606,Det/images/normal_train/00607549.png,0,09,easy_clean,0.0635820847,0.995,0.0747276826,normal_replay,GroupDiverse-Gap
RUN_134,TRIAD_045,A15_GroupDiverse-Gap_B3000,R1,1343723075,963122165,2607,Det/images/normal_train/01095089.png,0,01,learnable_hard,0.1135053726,0.995,0.0844514007,normal_replay,GroupDiverse-Gap
RUN_134,TRIAD_045,A15_GroupDiverse-Gap_B3000,R1,1343723075,963122165,2608,Det/images/normal_train/00531162.png,0,04,easy_clean,0.0089216176,1.0,0.0109256136,normal_replay,GroupDiverse-Gap
RUN_134,TRIAD_045,A15_GroupDiverse-Gap_B3000,R1,1343723075,963122165,2609,Det/images/normal_train/00823868.png,0,02,easy_clean,0.0005242555,1.0,0.0007332636,normal_replay,GroupDiverse-Gap
RUN_134,TRIAD_045,A15_GroupDiverse-Gap_B3000,R1,1343723075,963122165,2610,Det/images/normal_train/00908977.png,0,06,easy_clean,0.0188911573,1.0,0.0214995315,normal_replay,GroupDiverse-Gap
RUN_134,TRIAD_045,A15_GroupDiverse-Gap_B3000,R1,1343723075,963122165,2611,Det/images/normal_train/00272940.png,0,00,easy_clean,0.0165678529,1.0,0.0288314551,normal_replay,GroupDiverse-Gap
RUN_134,TRIAD_045,A15_GroupDiverse-Gap_B3000,R1,1343723075,963122165,2612,Det/images/normal_train/00326548.png,0,09,learnable_hard,0.130973166,0.99,0.1140614412,normal_replay,GroupDiverse-Gap
RUN_134,TRIAD_045,A15_GroupDiverse-Gap_B3000,R1,1343723075,963122165,2613,Det/images/normal_train/00236535.png,0,03,easy_clean,0.0154937775,1.0,0.0340441755,normal_replay,GroupDiverse-Gap
RUN_134,TRIAD_045,A15_GroupDiverse-Gap_B3000,R1,1343723075,963122165,2614,Det/images/normal_train/00893842.png,0,02,easy_clean,0.0119352556,1.0,0.0213343774,normal_replay,GroupDiverse-Gap
RUN_134,TRIAD_045,A15_GroupDiverse-Gap_B3000,R1,1343723075,963122165,2615,Det/images/normal_train/00318040.png,0,01,persistent_hard,0.623010228,0.21,0.1423849676,normal_replay,GroupDiverse-Gap
RUN_134,TRIAD_045,A15_GroupDiverse-Gap_B3000,R1,1343723075,963122165,2616,Det/images/normal_train/01174736.png,0,01,easy_clean,0.0030001284,1.0,0.0044122197,normal_replay,GroupDiverse-Gap
RUN_134,TRIAD_045,A15_GroupDiverse-Gap_B3000,R1,1343723075,963122165,2617,Det/images/normal_train/00773475.png,0,01,easy_clean,0.015020486,1.0,0.052287465,normal_replay,GroupDiverse-Gap
RUN_134,TRIAD_045,A15_GroupDiverse-Gap_B3000,R1,1343723075,963122165,2618,Det/images/normal_train/00329429.png,0,03,easy_clean,0.0076791841,1.0,0.0149054843,normal_replay,GroupDiverse-Gap
RUN_134,TRIAD_045,A15_GroupDiverse-Gap_B3000,R1,1343723075,963122165,2619,Det/images/normal_train/01187210.png,0,07,ordinary,0.1041521612,1.0,0.0533524124,normal_replay,GroupDiverse-Gap
RUN_134,TRIAD_045,A15_GroupDiverse-Gap_B3000,R1,1343723075,963122165,2620,Det/images/normal_train/01146969.png,0,05,easy_clean,0.0052059026,1.0,0.0084847528,normal_replay,GroupDiverse-Gap
RUN_134,TRIAD_045,A15_GroupDiverse-Gap_B3000,R1,1343723075,963122165,2621,Det/images/normal_train/00935663.png,0,09,easy_clean,0.009095595,1.0,0.010056603,normal_replay,GroupDiverse-Gap
RUN_134,TRIAD_045,A15_GroupDiverse-Gap_B3000,R1,1343723075,963122165,2622,Det/images/normal_train/00849994.png,0,05,easy_clean,0.0008182006,1.0,0.0018246934,normal_replay,GroupDiverse-Gap
RUN_134,TRIAD_045,A15_GroupDiverse-Gap_B3000,R1,1343723075,963122165,2623,Det/images/normal_train/00967981.png,0,04,easy_clean,0.0666622264,1.0,0.0568685461,normal_replay,GroupDiverse-Gap
RUN_134,TRIAD_045,A15_GroupDiverse-Gap_B3000,R1,1343723075,963122165,2624,Det/images/normal_train/00871082.png,0,07,easy_clean,0.0010475616,1.0,0.0013947893,normal_replay,GroupDiverse-Gap
RUN_134,TRIAD_045,A15_GroupDiverse-Gap_B3000,R1,1343723075,963122165,2625,Det/images/normal_train/00493589.png,0,03,easy_clean,0.020158623,1.0,0.056394235,normal_replay,GroupDiverse-Gap
RUN_134,TRIAD_045,A15_GroupDiverse-Gap_B3000,R1,1343723075,963122165,2626,Det/images/normal_train/00975467.png,0,02,unstable_boundary,0.4100953788,0.75,0.1256046933,normal_replay,GroupDiverse-Gap
RUN_134,TRIAD_045,A15_GroupDiverse-Gap_B3000,R1,1343723075,963122165,2627,Det/images/normal_train/01129005.png,0,09,easy_clean,0.0168862212,1.0,0.0171601286,normal_replay,GroupDiverse-Gap
RUN_134,TRIAD_045,A15_GroupDiverse-Gap_B3000,R1,1343723075,963122165,2628,Det/images/normal_train/00289772.png,0,07,unstable_boundary,0.5728011456,0.125,0.1346248304,normal_replay,GroupDiverse-Gap
RUN_134,TRIAD_045,A15_GroupDiverse-Gap_B3000,R1,1343723075,963122165,2629,Det/images/normal_train/01176880.png,0,02,easy_clean,0.0070071357,1.0,0.007172574,normal_replay,GroupDiverse-Gap
RUN_134,TRIAD_045,A15_GroupDiverse-Gap_B3000,R1,1343723075,963122165,2630,Det/images/normal_train/00237044.png,0,06,easy_clean,0.0155703329,1.0,0.0292583459,normal_replay,GroupDiverse-Gap
RUN_134,TRIAD_045,A15_GroupDiverse-Gap_B3000,R1,1343723075,963122165,2631,Det/images/normal_train/00591839.png,0,07,easy_clean,0.0025351699,1.0,0.0037787399,normal_replay,GroupDiverse-Gap
RUN_134,TRIAD_045,A15_GroupDiverse-Gap_B3000,R1,1343723075,963122165,2632,Det/images/normal_train/00814486.png,0,02,ordinary,0.143848029,1.0,0.1005270828,normal_replay,GroupDiverse-Gap
RUN_134,TRIAD_045,A15_GroupDiverse-Gap_B3000,R1,1343723075,963122165,2633,Det/images/normal_train/00255055.png,0,08,learnable_hard,0.0152802839,0.995,0.0552924229,normal_replay,GroupDiverse-Gap
RUN_134,TRIAD_045,A15_GroupDiverse-Gap_B3000,R1,1343723075,963122165,2634,Det/images/normal_train/00958169.png,0,05,easy_clean,0.0237849593,1.0,0.0245504187,normal_replay,GroupDiverse-Gap
RUN_134,TRIAD_045,A15_GroupDiverse-Gap_B3000,R1,1343723075,963122165,2635,Det/images/normal_train/01086803.png,0,04,learnable_hard,0.1582408621,0.995,0.1177797668,normal_replay,GroupDiverse-Gap
RUN_134,TRIAD_045,A15_GroupDiverse-Gap_B3000,R1,1343723075,963122165,2636,Det/images/normal_train/00786562.png,0,03,learnable_hard,0.16799245,0.98,0.1289897389,normal_replay,GroupDiverse-Gap
RUN_134,TRIAD_045,A15_GroupDiverse-Gap_B3000,R1,1343723075,963122165,2637,Det/images/normal_train/00603468.png,0,09,easy_clean,0.0018179011,1.0,0.0030894868,normal_replay,GroupDiverse-Gap
RUN_134,TRIAD_045,A15_GroupDiverse-Gap_B3000,R1,1343723075,963122165,2638,Det/images/normal_train/01136430.png,0,07,easy_clean,0.0273434231,1.0,0.0315368928,normal_replay,GroupDiverse-Gap
RUN_134,TRIAD_045,A15_GroupDiverse-Gap_B3000,R1,1343723075,963122165,2639,Det/images/normal_train/00350600.png,0,04,easy_clean,0.0009882684,1.0,0.0014087074,normal_replay,GroupDiverse-Gap
RUN_134,TRIAD_045,A15_GroupDiverse-Gap_B3000,R1,1343723075,963122165,2640,Det/images/normal_train/00781521.png,0,02,easy_clean,0.0003265218,1.0,0.0005180586,normal_replay,GroupDiverse-Gap
RUN_134,TRIAD_045,A15_GroupDiverse-Gap_B3000,R1,1343723075,963122165,2641,Det/images/normal_train/00344074.png,0,00,easy_clean,0.0157008882,1.0,0.0152302518,normal_replay,GroupDiverse-Gap
RUN_134,TRIAD_045,A15_GroupDiverse-Gap_B3000,R1,1343723075,963122165,2642,Det/images/normal_train/01034556.png,0,07,easy_clean,0.0038673144,1.0,0.0059006271,normal_replay,GroupDiverse-Gap
RUN_134,TRIAD_045,A15_GroupDiverse-Gap_B3000,R1,1343723075,963122165,2643,Det/images/normal_train/01025907.png,0,01,easy_clean,0.0020755186,1.0,0.0032766987,normal_replay,GroupDiverse-Gap
RUN_134,TRIAD_045,A15_GroupDiverse-Gap_B3000,R1,1343723075,963122165,2644,Det/images/normal_train/00173274.png,0,04,ordinary,0.1349541774,1.0,0.0943318068,normal_replay,GroupDiverse-Gap
RUN_134,TRIAD_045,A15_GroupDiverse-Gap_B3000,R1,1343723075,963122165,2645,Det/images/normal_train/00944825.png,0,05,easy_clean,0.0894217062,1.0,0.0483033996,normal_replay,GroupDiverse-Gap
RUN_134,TRIAD_045,A15_GroupDiverse-Gap_B3000,R1,1343723075,963122165,2646,Det/images/normal_train/00373457.png,0,03,easy_clean,0.0676442698,1.0,0.0587231588,normal_replay,GroupDiverse-Gap
RUN_134,TRIAD_045,A15_GroupDiverse-Gap_B3000,R1,1343723075,963122165,2647,Det/images/normal_train/01213027.png,0,03,easy_clean,0.0243849588,1.0,0.0290120615,normal_replay,GroupDiverse-Gap
RUN_134,TRIAD_045,A15_GroupDiverse-Gap_B3000,R1,1343723075,963122165,2648,Det/images/normal_train/00607194.png,0,09,learnable_hard,0.0872931524,0.99,0.0819419072,normal_replay,GroupDiverse-Gap
RUN_134,TRIAD_045,A15_GroupDiverse-Gap_B3000,R1,1343723075,963122165,2649,Det/images/normal_train/00414575.png,0,05,easy_clean,0.0132444745,1.0,0.0122539081,normal_replay,GroupDiverse-Gap
RUN_134,TRIAD_045,A15_GroupDiverse-Gap_B3000,R1,1343723075,963122165,2650,Det/images/normal_train/00412544.png,0,06,easy_clean,0.0026535622,1.0,0.0106633479,normal_replay,GroupDiverse-Gap
RUN_134,TRIAD_045,A15_GroupDiverse-Gap_B3000,R1,1343723075,963122165,2651,Det/images/normal_train/00389637.png,0,01,easy_clean,0.0362977865,1.0,0.0451232588,normal_replay,GroupDiverse-Gap
RUN_134,TRIAD_045,A15_GroupDiverse-Gap_B3000,R1,1343723075,963122165,2652,Det/images/normal_train/00237802.png,0,06,easy_clean,0.0149404392,1.0,0.0207194501,normal_replay,GroupDiverse-Gap
RUN_134,TRIAD_045,A15_GroupDiverse-Gap_B3000,R1,1343723075,963122165,2653,Det/images/normal_train/00984260.png,0,02,easy_clean,0.0142032097,1.0,0.0248177619,normal_replay,GroupDiverse-Gap
RUN_134,TRIAD_045,A15_GroupDiverse-Gap_B3000,R1,1343723075,963122165,2654,Det/images/normal_train/00811326.png,0,02,easy_clean,0.0346898388,1.0,0.0270067612,normal_replay,GroupDiverse-Gap
RUN_134,TRIAD_045,A15_GroupDiverse-Gap_B3000,R1,1343723075,963122165,2655,Det/images/normal_train/01113343.png,0,07,easy_clean,0.074845574,1.0,0.048311796,normal_replay,GroupDiverse-Gap
RUN_134,TRIAD_045,A15_GroupDiverse-Gap_B3000,R1,1343723075,963122165,2656,Det/images/normal_train/00290820.png,0,00,easy_clean,0.0385141385,1.0,0.0394613785,normal_replay,GroupDiverse-Gap
RUN_134,TRIAD_045,A15_GroupDiverse-Gap_B3000,R1,1343723075,963122165,2657,Det/images/normal_train/00512907.png,0,05,easy_clean,0.0058119256,1.0,0.0358935518,normal_replay,GroupDiverse-Gap
RUN_134,TRIAD_045,A15_GroupDiverse-Gap_B3000,R1,1343723075,963122165,2658,Det/images/normal_train/00492838.png,0,05,easy_clean,0.0076383141,1.0,0.0098927781,normal_replay,GroupDiverse-Gap
RUN_134,TRIAD_045,A15_GroupDiverse-Gap_B3000,R1,1343723075,963122165,2659,Det/images/normal_train/00558123.png,0,06,easy_clean,0.0041584587,1.0,0.0150428956,normal_replay,GroupDiverse-Gap
RUN_134,TRIAD_045,A15_GroupDiverse-Gap_B3000,R1,1343723075,963122165,2660,Det/images/normal_train/00860894.png,0,03,easy_clean,0.0314852498,1.0,0.0268914799,normal_replay,GroupDiverse-Gap
RUN_134,TRIAD_045,A15_GroupDiverse-Gap_B3000,R1,1343723075,963122165,2661,Det/images/normal_train/01263969.png,0,07,unstable_boundary,0.4102158999,0.755,0.1218786273,normal_replay,GroupDiverse-Gap
RUN_134,TRIAD_045,A15_GroupDiverse-Gap_B3000,R1,1343723075,963122165,2662,Det/images/normal_train/01039414.png,0,01,easy_clean,0.0213226507,1.0,0.0373519918,normal_replay,GroupDiverse-Gap
RUN_134,TRIAD_045,A15_GroupDiverse-Gap_B3000,R1,1343723075,963122165,2663,Det/images/normal_train/00843718.png,0,06,easy_clean,0.0022703464,1.0,0.0032757378,normal_replay,GroupDiverse-Gap
RUN_134,TRIAD_045,A15_GroupDiverse-Gap_B3000,R1,1343723075,963122165,2664,Det/images/normal_train/00261560.png,0,00,easy_clean,0.0006080883,1.0,0.0009342475,normal_replay,GroupDiverse-Gap
RUN_134,TRIAD_045,A15_GroupDiverse-Gap_B3000,R1,1343723075,963122165,2665,Det/images/normal_train/00542816.png,0,04,easy_clean,0.0035997109,1.0,0.0051392994,normal_replay,GroupDiverse-Gap
RUN_134,TRIAD_045,A15_GroupDiverse-Gap_B3000,R1,1343723075,963122165,2666,Det/images/normal_train/00325520.png,0,00,ordinary,0.0987174819,1.0,0.0513335572,normal_replay,GroupDiverse-Gap
RUN_134,TRIAD_045,A15_GroupDiverse-Gap_B3000,R1,1343723075,963122165,2667,Det/images/normal_train/01298592.png,0,00,easy_clean,0.0007108069,1.0,0.0009155897,normal_replay,GroupDiverse-Gap
RUN_134,TRIAD_045,A15_GroupDiverse-Gap_B3000,R1,1343723075,963122165,2668,Det/images/normal_train/01020739.png,0,02,ordinary,0.0948346814,1.0,0.0713487156,normal_replay,GroupDiverse-Gap
RUN_134,TRIAD_045,A15_GroupDiverse-Gap_B3000,R1,1343723075,963122165,2669,Det/images/normal_train/00511540.png,0,02,easy_clean,0.0009458448,1.0,0.0022392394,normal_replay,GroupDiverse-Gap
RUN_134,TRIAD_045,A15_GroupDiverse-Gap_B3000,R1,1343723075,963122165,2670,Det/images/normal_train/00321158.png,0,03,easy_clean,0.0044224257,1.0,0.0097003473,normal_replay,GroupDiverse-Gap
RUN_134,TRIAD_045,A15_GroupDiverse-Gap_B3000,R1,1343723075,963122165,2671,Det/images/normal_train/00835698.png,0,02,learnable_hard,0.0250910152,0.995,0.0495989067,normal_replay,GroupDiverse-Gap
RUN_134,TRIAD_045,A15_GroupDiverse-Gap_B3000,R1,1343723075,963122165,2672,Det/images/normal_train/00428961.png,0,04,unstable_boundary,0.4257828029,0.77,0.1129334473,normal_replay,GroupDiverse-Gap
RUN_134,TRIAD_045,A15_GroupDiverse-Gap_B3000,R1,1343723075,963122165,2673,Det/images/normal_train/01221564.png,0,02,learnable_hard,0.0378120594,0.995,0.0468258858,normal_replay,GroupDiverse-Gap
RUN_134,TRIAD_045,A15_GroupDiverse-Gap_B3000,R1,1343723075,963122165,2674,Det/images/normal_train/00756951.png,0,05,easy_clean,0.0197224268,1.0,0.0150419951,normal_replay,GroupDiverse-Gap
RUN_134,TRIAD_045,A15_GroupDiverse-Gap_B3000,R1,1343723075,963122165,2675,Det/images/normal_train/00734888.png,0,01,unstable_boundary,0.5211664543,0.37,0.0735132375,normal_replay,GroupDiverse-Gap
RUN_134,TRIAD_045,A15_GroupDiverse-Gap_B3000,R1,1343723075,963122165,2676,Det/images/normal_train/00458005.png,0,05,easy_clean,0.0065015865,1.0,0.0064644107,normal_replay,GroupDiverse-Gap
RUN_134,TRIAD_045,A15_GroupDiverse-Gap_B3000,R1,1343723075,963122165,2677,Det/images/normal_train/00805445.png,0,07,easy_clean,0.0018696328,1.0,0.002494411,normal_replay,GroupDiverse-Gap
RUN_134,TRIAD_045,A15_GroupDiverse-Gap_B3000,R1,1343723075,963122165,2678,Det/images/normal_train/00256446.png,0,03,easy_clean,0.0028556682,1.0,0.0049982144,normal_replay,GroupDiverse-Gap
RUN_134,TRIAD_045,A15_GroupDiverse-Gap_B3000,R1,1343723075,963122165,2679,Det/images/normal_train/00248539.png,0,00,easy_clean,0.0233327636,1.0,0.0244392149,normal_replay,GroupDiverse-Gap
RUN_134,TRIAD_045,A15_GroupDiverse-Gap_B3000,R1,1343723075,963122165,2680,Det/images/normal_train/00206901.png,0,05,easy_clean,0.0103553856,1.0,0.0142311534,normal_replay,GroupDiverse-Gap
RUN_134,TRIAD_045,A15_GroupDiverse-Gap_B3000,R1,1343723075,963122165,2681,Det/images/normal_train/01168471.png,0,02,easy_clean,0.0471385862,1.0,0.0479104131,normal_replay,GroupDiverse-Gap
RUN_134,TRIAD_045,A15_GroupDiverse-Gap_B3000,R1,1343723075,963122165,2682,Det/images/normal_train/00844869.png,0,00,easy_clean,0.0035187255,1.0,0.0053135334,normal_replay,GroupDiverse-Gap
RUN_134,TRIAD_045,A15_GroupDiverse-Gap_B3000,R1,1343723075,963122165,2683,Det/images/normal_train/00459693.png,0,02,easy_clean,0.0099645917,1.0,0.0117216571,normal_replay,GroupDiverse-Gap
RUN_134,TRIAD_045,A15_GroupDiverse-Gap_B3000,R1,1343723075,963122165,2684,Det/images/normal_train/01164097.png,0,08,easy_clean,0.0032265568,1.0,0.0034752762,normal_replay,GroupDiverse-Gap
RUN_134,TRIAD_045,A15_GroupDiverse-Gap_B3000,R1,1343723075,963122165,2685,Det/images/normal_train/00477931.png,0,00,easy_clean,0.0194897713,1.0,0.0199271201,normal_replay,GroupDiverse-Gap
RUN_134,TRIAD_045,A15_GroupDiverse-Gap_B3000,R1,1343723075,963122165,2686,Det/images/normal_train/01192162.png,0,09,ordinary,0.1483232569,1.0,0.0858235074,normal_replay,GroupDiverse-Gap
RUN_134,TRIAD_045,A15_GroupDiverse-Gap_B3000,R1,1343723075,963122165,2687,Det/images/normal_train/00851958.png,0,01,easy_clean,0.0185660115,1.0,0.0270108604,normal_replay,GroupDiverse-Gap
RUN_134,TRIAD_045,A15_GroupDiverse-Gap_B3000,R1,1343723075,963122165,2688,Det/images/normal_train/00506806.png,0,09,ordinary,0.2816983883,0.8,0.2312258342,normal_replay,GroupDiverse-Gap
RUN_134,TRIAD_045,A15_GroupDiverse-Gap_B3000,R1,1343723075,963122165,2689,Det/images/normal_train/00934500.png,0,01,unstable_boundary,0.4521257449,0.625,0.1029552384,normal_replay,GroupDiverse-Gap
RUN_134,TRIAD_045,A15_GroupDiverse-Gap_B3000,R1,1343723075,963122165,2690,Det/images/normal_train/00188802.png,0,06,easy_clean,0.000288479,1.0,0.0010541406,normal_replay,GroupDiverse-Gap
RUN_134,TRIAD_045,A15_GroupDiverse-Gap_B3000,R1,1343723075,963122165,2691,Det/images/normal_train/00951849.png,0,08,unstable_boundary,0.5761246235,0.14,0.0955181225,normal_replay,GroupDiverse-Gap
RUN_134,TRIAD_045,A15_GroupDiverse-Gap_B3000,R1,1343723075,963122165,2692,Det/images/normal_train/00591352.png,0,07,easy_clean,0.0002955927,1.0,0.0004332544,normal_replay,GroupDiverse-Gap
RUN_134,TRIAD_045,A15_GroupDiverse-Gap_B3000,R1,1343723075,963122165,2693,Det/images/normal_train/00509171.png,0,08,ordinary,0.3572707431,0.81,0.1717254976,normal_replay,GroupDiverse-Gap
RUN_134,TRIAD_045,A15_GroupDiverse-Gap_B3000,R1,1343723075,963122165,2694,Det/images/normal_train/00592088.png,0,07,easy_clean,0.0073673265,1.0,0.0133238923,normal_replay,GroupDiverse-Gap
RUN_134,TRIAD_045,A15_GroupDiverse-Gap_B3000,R1,1343723075,963122165,2695,Det/images/normal_train/00926648.png,0,00,ordinary,0.1736046657,1.0,0.0782905971,normal_replay,GroupDiverse-Gap
RUN_134,TRIAD_045,A15_GroupDiverse-Gap_B3000,R1,1343723075,963122165,2696,Det/images/normal_train/01261218.png,0,00,easy_clean,0.0202195388,1.0,0.0139790281,normal_replay,GroupDiverse-Gap
RUN_134,TRIAD_045,A15_GroupDiverse-Gap_B3000,R1,1343723075,963122165,2697,Det/images/normal_train/01099358.png,0,03,easy_clean,0.0032115998,1.0,0.0056297374,normal_replay,GroupDiverse-Gap
RUN_134,TRIAD_045,A15_GroupDiverse-Gap_B3000,R1,1343723075,963122165,2698,Det/images/normal_train/00222626.png,0,00,easy_clean,0.0019264313,1.0,0.0028915791,normal_replay,GroupDiverse-Gap
RUN_134,TRIAD_045,A15_GroupDiverse-Gap_B3000,R1,1343723075,963122165,2699,Det/images/normal_train/00850106.png,0,07,easy_clean,0.0010763595,1.0,0.0019043712,normal_replay,GroupDiverse-Gap
RUN_134,TRIAD_045,A15_GroupDiverse-Gap_B3000,R1,1343723075,963122165,2700,Det/images/normal_train/00843567.png,0,06,easy_clean,0.0013254113,1.0,0.0038559617,normal_replay,GroupDiverse-Gap
RUN_134,TRIAD_045,A15_GroupDiverse-Gap_B3000,R1,1343723075,963122165,2701,Det/images/normal_train/00331929.png,0,02,easy_clean,0.0012120115,1.0,0.0019823315,normal_replay,GroupDiverse-Gap
RUN_134,TRIAD_045,A15_GroupDiverse-Gap_B3000,R1,1343723075,963122165,2702,Det/images/normal_train/00436379.png,0,09,learnable_hard,0.2364558362,0.955,0.1416760188,normal_replay,GroupDiverse-Gap
RUN_134,TRIAD_045,A15_GroupDiverse-Gap_B3000,R1,1343723075,963122165,2703,Det/images/normal_train/01199743.png,0,03,easy_clean,0.0262422427,1.0,0.0267805732,normal_replay,GroupDiverse-Gap
RUN_134,TRIAD_045,A15_GroupDiverse-Gap_B3000,R1,1343723075,963122165,2704,Det/images/normal_train/00850273.png,0,07,easy_clean,0.0028350121,1.0,0.0038544652,normal_replay,GroupDiverse-Gap
RUN_134,TRIAD_045,A15_GroupDiverse-Gap_B3000,R1,1343723075,963122165,2705,Det/images/normal_train/01262496.png,0,00,easy_clean,0.0057692991,1.0,0.0084969113,normal_replay,GroupDiverse-Gap
RUN_134,TRIAD_045,A15_GroupDiverse-Gap_B3000,R1,1343723075,963122165,2706,Det/images/normal_train/01277233.png,0,07,easy_clean,0.0587997189,1.0,0.0463650435,normal_replay,GroupDiverse-Gap
RUN_134,TRIAD_045,A15_GroupDiverse-Gap_B3000,R1,1343723075,963122165,2707,Det/images/normal_train/00324351.png,0,00,easy_clean,0.0089622376,1.0,0.0105663563,normal_replay,GroupDiverse-Gap
RUN_134,TRIAD_045,A15_GroupDiverse-Gap_B3000,R1,1343723075,963122165,2708,Det/images/normal_train/00249284.png,0,09,learnable_hard,0.2367060042,0.855,0.2159225307,normal_replay,GroupDiverse-Gap
RUN_134,TRIAD_045,A15_GroupDiverse-Gap_B3000,R1,1343723075,963122165,2709,Det/images/normal_train/01207474.png,0,02,easy_clean,0.0487953555,1.0,0.0232515995,normal_replay,GroupDiverse-Gap
RUN_134,TRIAD_045,A15_GroupDiverse-Gap_B3000,R1,1343723075,963122165,2710,Det/images/normal_train/00326865.png,0,09,easy_clean,0.0074451746,1.0,0.0097535806,normal_replay,GroupDiverse-Gap
RUN_134,TRIAD_045,A15_GroupDiverse-Gap_B3000,R1,1343723075,963122165,2711,Det/images/normal_train/01107747.png,0,09,easy_clean,0.0066079967,1.0,0.0077185821,normal_replay,GroupDiverse-Gap
RUN_134,TRIAD_045,A15_GroupDiverse-Gap_B3000,R1,1343723075,963122165,2712,Det/images/normal_train/00268470.png,0,03,easy_clean,0.0127410571,1.0,0.0206015685,normal_replay,GroupDiverse-Gap
RUN_134,TRIAD_045,A15_GroupDiverse-Gap_B3000,R1,1343723075,963122165,2713,Det/images/normal_train/01106226.png,0,00,ordinary,0.139126506,1.0,0.1064093088,normal_replay,GroupDiverse-Gap
RUN_134,TRIAD_045,A15_GroupDiverse-Gap_B3000,R1,1343723075,963122165,2714,Det/images/normal_train/00801046.png,0,06,easy_clean,0.0225743354,1.0,0.0240993442,normal_replay,GroupDiverse-Gap
RUN_134,TRIAD_045,A15_GroupDiverse-Gap_B3000,R1,1343723075,963122165,2715,Det/images/normal_train/00241728.png,0,05,easy_clean,0.0197714604,1.0,0.0233631989,normal_replay,GroupDiverse-Gap
RUN_134,TRIAD_045,A15_GroupDiverse-Gap_B3000,R1,1343723075,963122165,2716,Det/images/normal_train/00185115.png,0,00,ordinary,0.1531185395,1.0,0.1230412338,normal_replay,GroupDiverse-Gap
RUN_134,TRIAD_045,A15_GroupDiverse-Gap_B3000,R1,1343723075,963122165,2717,Det/images/normal_train/00894219.png,0,05,easy_clean,0.0006545814,1.0,0.002478595,normal_replay,GroupDiverse-Gap
RUN_134,TRIAD_045,A15_GroupDiverse-Gap_B3000,R1,1343723075,963122165,2718,Det/images/normal_train/00388359.png,0,00,easy_clean,0.0037926337,1.0,0.0038605445,normal_replay,GroupDiverse-Gap
RUN_134,TRIAD_045,A15_GroupDiverse-Gap_B3000,R1,1343723075,963122165,2719,Det/images/normal_train/00503871.png,0,03,learnable_hard,0.1683227251,0.995,0.1176499172,normal_replay,GroupDiverse-Gap
RUN_134,TRIAD_045,A15_GroupDiverse-Gap_B3000,R1,1343723075,963122165,2720,Det/images/normal_train/01249285.png,0,05,easy_clean,0.0582375042,1.0,0.0455058519,normal_replay,GroupDiverse-Gap
RUN_134,TRIAD_045,A15_GroupDiverse-Gap_B3000,R1,1343723075,963122165,2721,Det/images/normal_train/01008109.png,0,07,easy_clean,0.0794484493,1.0,0.0330997638,normal_replay,GroupDiverse-Gap
RUN_134,TRIAD_045,A15_GroupDiverse-Gap_B3000,R1,1343723075,963122165,2722,Det/images/normal_train/00586198.png,0,01,easy_clean,0.0025203153,1.0,0.0054710145,normal_replay,GroupDiverse-Gap
RUN_134,TRIAD_045,A15_GroupDiverse-Gap_B3000,R1,1343723075,963122165,2723,Det/images/normal_train/01022705.png,0,03,learnable_hard,0.3317615835,0.98,0.1353001662,normal_replay,GroupDiverse-Gap
RUN_134,TRIAD_045,A15_GroupDiverse-Gap_B3000,R1,1343723075,963122165,2724,Det/images/normal_train/00244131.png,0,07,easy_clean,0.0027264563,1.0,0.003460062,normal_replay,GroupDiverse-Gap
RUN_134,TRIAD_045,A15_GroupDiverse-Gap_B3000,R1,1343723075,963122165,2725,Det/images/normal_train/00384978.png,0,08,ordinary,0.2749131135,0.865,0.2680298202,normal_replay,GroupDiverse-Gap
RUN_134,TRIAD_045,A15_GroupDiverse-Gap_B3000,R1,1343723075,963122165,2726,Det/images/normal_train/01280454.png,0,03,easy_clean,0.0097937905,1.0,0.0282644222,normal_replay,GroupDiverse-Gap
RUN_134,TRIAD_045,A15_GroupDiverse-Gap_B3000,R1,1343723075,963122165,2727,Det/images/normal_train/00810531.png,0,09,learnable_hard,0.2664272683,0.965,0.1572651923,normal_replay,GroupDiverse-Gap
RUN_134,TRIAD_045,A15_GroupDiverse-Gap_B3000,R1,1343723075,963122165,2728,Det/images/normal_train/00772942.png,0,01,easy_clean,0.0754472376,1.0,0.0563093095,normal_replay,GroupDiverse-Gap
RUN_134,TRIAD_045,A15_GroupDiverse-Gap_B3000,R1,1343723075,963122165,2729,Det/images/normal_train/00360155.png,0,08,easy_clean,0.0095988754,1.0,0.0114592275,normal_replay,GroupDiverse-Gap
RUN_134,TRIAD_045,A15_GroupDiverse-Gap_B3000,R1,1343723075,963122165,2730,Det/images/normal_train/01011346.png,0,07,easy_clean,0.0039736906,1.0,0.0057901841,normal_replay,GroupDiverse-Gap
RUN_134,TRIAD_045,A15_GroupDiverse-Gap_B3000,R1,1343723075,963122165,2731,Det/images/normal_train/00316559.png,0,01,easy_clean,0.0045328304,1.0,0.0107946292,normal_replay,GroupDiverse-Gap
RUN_134,TRIAD_045,A15_GroupDiverse-Gap_B3000,R1,1343723075,963122165,2732,Det/images/normal_train/00207328.png,0,01,persistent_hard,0.6297444637,0.26,0.1808395931,normal_replay,GroupDiverse-Gap
RUN_134,TRIAD_045,A15_GroupDiverse-Gap_B3000,R1,1343723075,963122165,2733,Det/images/normal_train/01110622.png,0,09,learnable_hard,0.1143287535,0.995,0.0709633065,normal_replay,GroupDiverse-Gap
RUN_134,TRIAD_045,A15_GroupDiverse-Gap_B3000,R1,1343723075,963122165,2734,Det/images/normal_train/00764908.png,0,08,easy_clean,0.0083860915,1.0,0.0194903069,normal_replay,GroupDiverse-Gap
RUN_134,TRIAD_045,A15_GroupDiverse-Gap_B3000,R1,1343723075,963122165,2735,Det/images/normal_train/00238542.png,0,02,easy_clean,0.0135329388,1.0,0.0104578214,normal_replay,GroupDiverse-Gap
RUN_134,TRIAD_045,A15_GroupDiverse-Gap_B3000,R1,1343723075,963122165,2736,Det/images/normal_train/00509182.png,0,08,learnable_hard,0.2756966186,0.9,0.1921086908,normal_replay,GroupDiverse-Gap
RUN_134,TRIAD_045,A15_GroupDiverse-Gap_B3000,R1,1343723075,963122165,2737,Det/images/normal_train/01013357.png,0,01,easy_clean,0.000883684,1.0,0.0015588669,normal_replay,GroupDiverse-Gap
RUN_134,TRIAD_045,A15_GroupDiverse-Gap_B3000,R1,1343723075,963122165,2738,Det/images/normal_train/00327185.png,0,06,easy_clean,0.0011223365,1.0,0.004045251,normal_replay,GroupDiverse-Gap
RUN_134,TRIAD_045,A15_GroupDiverse-Gap_B3000,R1,1343723075,963122165,2739,Det/images/normal_train/00579969.png,0,05,easy_clean,0.0047918942,1.0,0.0085829106,normal_replay,GroupDiverse-Gap
RUN_134,TRIAD_045,A15_GroupDiverse-Gap_B3000,R1,1343723075,963122165,2740,Det/images/normal_train/01152181.png,0,08,unstable_boundary,0.6215596164,0.115,0.1063293701,normal_replay,GroupDiverse-Gap
RUN_134,TRIAD_045,A15_GroupDiverse-Gap_B3000,R1,1343723075,963122165,2741,Det/images/normal_train/00907736.png,0,02,easy_clean,0.0004242074,1.0,0.0006629828,normal_replay,GroupDiverse-Gap
RUN_134,TRIAD_045,A15_GroupDiverse-Gap_B3000,R1,1343723075,963122165,2742,Det/images/normal_train/01269907.png,0,00,easy_clean,0.0039995291,1.0,0.004941316,normal_replay,GroupDiverse-Gap
RUN_134,TRIAD_045,A15_GroupDiverse-Gap_B3000,R1,1343723075,963122165,2743,Det/images/normal_train/01155843.png,0,07,easy_clean,0.0794103767,1.0,0.0620581378,normal_replay,GroupDiverse-Gap
RUN_134,TRIAD_045,A15_GroupDiverse-Gap_B3000,R1,1343723075,963122165,2744,Det/images/normal_train/01139773.png,0,05,easy_clean,0.0098470591,1.0,0.0061618415,normal_replay,GroupDiverse-Gap
RUN_134,TRIAD_045,A15_GroupDiverse-Gap_B3000,R1,1343723075,963122165,2745,Det/images/normal_train/00918834.png,0,01,easy_clean,0.0055640966,1.0,0.0163580436,normal_replay,GroupDiverse-Gap
RUN_134,TRIAD_045,A15_GroupDiverse-Gap_B3000,R1,1343723075,963122165,2746,Det/images/normal_train/01188306.png,0,01,ordinary,0.1243694331,1.0,0.0827596517,normal_replay,GroupDiverse-Gap
RUN_134,TRIAD_045,A15_GroupDiverse-Gap_B3000,R1,1343723075,963122165,2747,Det/images/normal_train/00786330.png,0,03,learnable_hard,0.1252229249,0.99,0.1243076552,normal_replay,GroupDiverse-Gap
RUN_134,TRIAD_045,A15_GroupDiverse-Gap_B3000,R1,1343723075,963122165,2748,Det/images/normal_train/00885097.png,0,04,easy_clean,0.0001956408,1.0,0.0002592953,normal_replay,GroupDiverse-Gap
RUN_134,TRIAD_045,A15_GroupDiverse-Gap_B3000,R1,1343723075,963122165,2749,Det/images/normal_train/00926223.png,0,00,easy_clean,0.0083479242,1.0,0.0156459159,normal_replay,GroupDiverse-Gap
RUN_134,TRIAD_045,A15_GroupDiverse-Gap_B3000,R1,1343723075,963122165,2750,Det/images/normal_train/00327331.png,0,06,learnable_hard,0.0221890284,0.995,0.0630197802,normal_replay,GroupDiverse-Gap
RUN_134,TRIAD_045,A15_GroupDiverse-Gap_B3000,R1,1343723075,963122165,2751,Det/images/normal_train/00619555.png,0,04,easy_clean,0.0024505575,1.0,0.0025825717,normal_replay,GroupDiverse-Gap
RUN_134,TRIAD_045,A15_GroupDiverse-Gap_B3000,R1,1343723075,963122165,2752,Det/images/normal_train/00212811.png,0,05,easy_clean,0.0067250278,1.0,0.0077847282,normal_replay,GroupDiverse-Gap
RUN_134,TRIAD_045,A15_GroupDiverse-Gap_B3000,R1,1343723075,963122165,2753,Det/images/normal_train/00915815.png,0,09,easy_clean,0.01053427,1.0,0.0205277076,normal_replay,GroupDiverse-Gap
RUN_134,TRIAD_045,A15_GroupDiverse-Gap_B3000,R1,1343723075,963122165,2754,Det/images/normal_train/01054861.png,0,00,easy_clean,0.0017437904,1.0,0.0083713525,normal_replay,GroupDiverse-Gap
RUN_134,TRIAD_045,A15_GroupDiverse-Gap_B3000,R1,1343723075,963122165,2755,Det/images/normal_train/00988873.png,0,07,easy_clean,0.0028462519,1.0,0.0054160805,normal_replay,GroupDiverse-Gap
RUN_134,TRIAD_045,A15_GroupDiverse-Gap_B3000,R1,1343723075,963122165,2756,Det/images/normal_train/01075412.png,0,05,easy_clean,0.0227512163,1.0,0.0170066555,normal_replay,GroupDiverse-Gap
RUN_134,TRIAD_045,A15_GroupDiverse-Gap_B3000,R1,1343723075,963122165,2757,Det/images/normal_train/00819530.png,0,07,easy_clean,0.0025827191,1.0,0.0057728425,normal_replay,GroupDiverse-Gap
RUN_134,TRIAD_045,A15_GroupDiverse-Gap_B3000,R1,1343723075,963122165,2758,Det/images/normal_train/01201980.png,0,00,easy_clean,0.0240319647,1.0,0.0255043999,normal_replay,GroupDiverse-Gap
RUN_134,TRIAD_045,A15_GroupDiverse-Gap_B3000,R1,1343723075,963122165,2759,Det/images/normal_train/00350779.png,0,04,learnable_hard,0.1310809956,0.99,0.0967742443,normal_replay,GroupDiverse-Gap
RUN_134,TRIAD_045,A15_GroupDiverse-Gap_B3000,R1,1343723075,963122165,2760,Det/images/normal_train/00271791.png,0,03,easy_clean,0.0002754429,1.0,0.0004986307,normal_replay,GroupDiverse-Gap
RUN_134,TRIAD_045,A15_GroupDiverse-Gap_B3000,R1,1343723075,963122165,2761,Det/images/normal_train/00881702.png,0,08,easy_clean,0.0065634771,1.0,0.0118235594,normal_replay,GroupDiverse-Gap
RUN_134,TRIAD_045,A15_GroupDiverse-Gap_B3000,R1,1343723075,963122165,2762,Det/images/normal_train/01282243.png,0,02,easy_clean,0.0180660339,1.0,0.0207462644,normal_replay,GroupDiverse-Gap
RUN_134,TRIAD_045,A15_GroupDiverse-Gap_B3000,R1,1343723075,963122165,2763,Det/images/normal_train/00339245.png,0,09,easy_clean,0.0130049988,1.0,0.0163973794,normal_replay,GroupDiverse-Gap
RUN_134,TRIAD_045,A15_GroupDiverse-Gap_B3000,R1,1343723075,963122165,2764,Det/images/normal_train/01166783.png,0,08,easy_clean,0.026678587,1.0,0.0285610427,normal_replay,GroupDiverse-Gap
RUN_134,TRIAD_045,A15_GroupDiverse-Gap_B3000,R1,1343723075,963122165,2765,Det/images/normal_train/01139388.png,0,05,easy_clean,0.0041888531,1.0,0.0046364239,normal_replay,GroupDiverse-Gap
RUN_134,TRIAD_045,A15_GroupDiverse-Gap_B3000,R1,1343723075,963122165,2766,Det/images/normal_train/00210591.png,0,00,easy_clean,0.0012368871,1.0,0.0016300384,normal_replay,GroupDiverse-Gap
RUN_134,TRIAD_045,A15_GroupDiverse-Gap_B3000,R1,1343723075,963122165,2767,Det/images/normal_train/01214263.png,0,00,easy_clean,0.0246870678,1.0,0.0340570187,normal_replay,GroupDiverse-Gap
RUN_134,TRIAD_045,A15_GroupDiverse-Gap_B3000,R1,1343723075,963122165,2768,Det/images/normal_train/01112066.png,0,07,easy_clean,0.0612331847,1.0,0.0552222419,normal_replay,GroupDiverse-Gap
RUN_134,TRIAD_045,A15_GroupDiverse-Gap_B3000,R1,1343723075,963122165,2769,Det/images/normal_train/00269261.png,0,03,easy_clean,0.0002543983,1.0,0.0004065161,normal_replay,GroupDiverse-Gap
RUN_134,TRIAD_045,A15_GroupDiverse-Gap_B3000,R1,1343723075,963122165,2770,Det/images/normal_train/00938428.png,0,08,learnable_hard,0.0454404072,0.98,0.1108644592,normal_replay,GroupDiverse-Gap
RUN_134,TRIAD_045,A15_GroupDiverse-Gap_B3000,R1,1343723075,963122165,2771,Det/images/normal_train/00376188.png,0,00,easy_clean,0.0004626127,1.0,0.0017228961,normal_replay,GroupDiverse-Gap
RUN_134,TRIAD_045,A15_GroupDiverse-Gap_B3000,R1,1343723075,963122165,2772,Det/images/normal_train/00799463.png,0,09,easy_clean,0.000235405,1.0,0.000370363,normal_replay,GroupDiverse-Gap
RUN_134,TRIAD_045,A15_GroupDiverse-Gap_B3000,R1,1343723075,963122165,2773,Det/images/normal_train/00700754.png,0,09,easy_clean,0.0021879624,1.0,0.0037860144,normal_replay,GroupDiverse-Gap
RUN_134,TRIAD_045,A15_GroupDiverse-Gap_B3000,R1,1343723075,963122165,2774,Det/images/normal_train/00771748.png,0,03,easy_clean,0.0003211186,1.0,0.0013110645,normal_replay,GroupDiverse-Gap
RUN_134,TRIAD_045,A15_GroupDiverse-Gap_B3000,R1,1343723075,963122165,2775,Det/images/normal_train/00785609.png,0,04,easy_clean,0.0044535362,1.0,0.00999336,normal_replay,GroupDiverse-Gap
RUN_134,TRIAD_045,A15_GroupDiverse-Gap_B3000,R1,1343723075,963122165,2776,Det/images/normal_train/00371415.png,0,00,easy_clean,0.0008816612,1.0,0.0012539022,normal_replay,GroupDiverse-Gap
RUN_134,TRIAD_045,A15_GroupDiverse-Gap_B3000,R1,1343723075,963122165,2777,Det/images/normal_train/00318047.png,0,01,easy_clean,0.0038594905,1.0,0.0086202531,normal_replay,GroupDiverse-Gap
RUN_134,TRIAD_045,A15_GroupDiverse-Gap_B3000,R1,1343723075,963122165,2778,Det/images/normal_train/00193242.png,0,06,learnable_hard,0.0749934587,0.99,0.095830984,normal_replay,GroupDiverse-Gap
RUN_134,TRIAD_045,A15_GroupDiverse-Gap_B3000,R1,1343723075,963122165,2779,Det/images/normal_train/00608295.png,0,06,easy_clean,0.0029240571,1.0,0.0038237431,normal_replay,GroupDiverse-Gap
RUN_134,TRIAD_045,A15_GroupDiverse-Gap_B3000,R1,1343723075,963122165,2780,Det/images/normal_train/00349798.png,0,00,persistent_hard,0.7278049755,0.02,0.0774907888,normal_replay,GroupDiverse-Gap
RUN_134,TRIAD_045,A15_GroupDiverse-Gap_B3000,R1,1343723075,963122165,2781,Det/images/normal_train/01038439.png,0,00,easy_clean,0.014890573,1.0,0.0120352683,normal_replay,GroupDiverse-Gap
RUN_134,TRIAD_045,A15_GroupDiverse-Gap_B3000,R1,1343723075,963122165,2782,Det/images/normal_train/00240776.png,0,07,ordinary,0.1303237084,1.0,0.1203238609,normal_replay,GroupDiverse-Gap
RUN_134,TRIAD_045,A15_GroupDiverse-Gap_B3000,R1,1343723075,963122165,2783,Det/images/normal_train/00799931.png,0,09,easy_clean,0.0018977726,1.0,0.0026624452,normal_replay,GroupDiverse-Gap
RUN_134,TRIAD_045,A15_GroupDiverse-Gap_B3000,R1,1343723075,963122165,2784,Det/images/normal_train/01231256.png,0,09,easy_clean,0.0017696632,1.0,0.0087452272,normal_replay,GroupDiverse-Gap
RUN_134,TRIAD_045,A15_GroupDiverse-Gap_B3000,R1,1343723075,963122165,2785,Det/images/normal_train/01156886.png,0,00,easy_clean,0.064004764,1.0,0.058131898,normal_replay,GroupDiverse-Gap
RUN_134,TRIAD_045,A15_GroupDiverse-Gap_B3000,R1,1343723075,963122165,2786,Det/images/normal_train/01024009.png,0,01,easy_clean,0.0210461018,1.0,0.0220086858,normal_replay,GroupDiverse-Gap
RUN_134,TRIAD_045,A15_GroupDiverse-Gap_B3000,R1,1343723075,963122165,2787,Det/images/normal_train/01140272.png,0,00,easy_clean,0.0124384848,1.0,0.0075647463,normal_replay,GroupDiverse-Gap
RUN_134,TRIAD_045,A15_GroupDiverse-Gap_B3000,R1,1343723075,963122165,2788,Det/images/normal_train/00937158.png,0,05,easy_clean,0.0510118208,1.0,0.0545536555,normal_replay,GroupDiverse-Gap
RUN_134,TRIAD_045,A15_GroupDiverse-Gap_B3000,R1,1343723075,963122165,2789,Det/images/normal_train/00558377.png,0,06,easy_clean,0.0127134086,1.0,0.012431134,normal_replay,GroupDiverse-Gap
RUN_134,TRIAD_045,A15_GroupDiverse-Gap_B3000,R1,1343723075,963122165,2790,Det/images/normal_train/00237180.png,0,06,easy_clean,0.0041677597,1.0,0.0100199142,normal_replay,GroupDiverse-Gap
RUN_134,TRIAD_045,A15_GroupDiverse-Gap_B3000,R1,1343723075,963122165,2791,Det/images/normal_train/00233323.png,0,03,easy_clean,0.0045628429,1.0,0.0160513569,normal_replay,GroupDiverse-Gap
RUN_134,TRIAD_045,A15_GroupDiverse-Gap_B3000,R1,1343723075,963122165,2792,Det/images/normal_train/01231226.png,0,09,easy_clean,8.69877e-05,1.0,0.0001555823,normal_replay,GroupDiverse-Gap
RUN_134,TRIAD_045,A15_GroupDiverse-Gap_B3000,R1,1343723075,963122165,2793,Det/images/normal_train/01126391.png,0,06,easy_clean,0.0096712694,1.0,0.0110001631,normal_replay,GroupDiverse-Gap
RUN_134,TRIAD_045,A15_GroupDiverse-Gap_B3000,R1,1343723075,963122165,2794,Det/images/normal_train/01188651.png,0,01,learnable_hard,0.0703132458,0.995,0.0492187736,normal_replay,GroupDiverse-Gap
RUN_134,TRIAD_045,A15_GroupDiverse-Gap_B3000,R1,1343723075,963122165,2795,Det/images/normal_train/00590121.png,0,04,easy_clean,0.0063526621,1.0,0.0151775523,normal_replay,GroupDiverse-Gap
RUN_134,TRIAD_045,A15_GroupDiverse-Gap_B3000,R1,1343723075,963122165,2796,Det/images/normal_train/00295258.png,0,03,easy_clean,0.0617216193,1.0,0.0640732955,normal_replay,GroupDiverse-Gap
RUN_134,TRIAD_045,A15_GroupDiverse-Gap_B3000,R1,1343723075,963122165,2797,Det/images/normal_train/00175035.png,0,06,easy_clean,0.0004442354,1.0,0.0006092593,normal_replay,GroupDiverse-Gap
RUN_134,TRIAD_045,A15_GroupDiverse-Gap_B3000,R1,1343723075,963122165,2798,Det/images/normal_train/00321389.png,0,03,easy_clean,0.0121044889,1.0,0.0406310778,normal_replay,GroupDiverse-Gap
RUN_134,TRIAD_045,A15_GroupDiverse-Gap_B3000,R1,1343723075,963122165,2799,Det/images/normal_train/00607678.png,0,09,easy_clean,0.0772964307,1.0,0.0903314164,normal_replay,GroupDiverse-Gap
RUN_134,TRIAD_045,A15_GroupDiverse-Gap_B3000,R1,1343723075,963122165,2800,Det/images/normal_train/01053616.png,0,05,ordinary,0.1386368078,1.0,0.0999628204,normal_replay,GroupDiverse-Gap
RUN_134,TRIAD_045,A15_GroupDiverse-Gap_B3000,R1,1343723075,963122165,2801,Det/images/normal_train/01215445.png,0,02,persistent_hard,0.7267828435,0.32,0.2537917893,normal_replay,GroupDiverse-Gap
RUN_134,TRIAD_045,A15_GroupDiverse-Gap_B3000,R1,1343723075,963122165,2802,Det/images/normal_train/00711091.png,0,08,easy_clean,0.0051115604,1.0,0.0212432001,normal_replay,GroupDiverse-Gap
RUN_134,TRIAD_045,A15_GroupDiverse-Gap_B3000,R1,1343723075,963122165,2803,Det/images/normal_train/00376741.png,0,00,easy_clean,0.0019416475,1.0,0.0018253397,normal_replay,GroupDiverse-Gap
RUN_134,TRIAD_045,A15_GroupDiverse-Gap_B3000,R1,1343723075,963122165,2804,Det/images/normal_train/01223062.png,0,03,learnable_hard,0.1655523202,0.995,0.0851297752,normal_replay,GroupDiverse-Gap
RUN_134,TRIAD_045,A15_GroupDiverse-Gap_B3000,R1,1343723075,963122165,2805,Det/images/normal_train/01287702.png,0,06,easy_clean,0.002019433,1.0,0.0052486205,normal_replay,GroupDiverse-Gap
RUN_134,TRIAD_045,A15_GroupDiverse-Gap_B3000,R1,1343723075,963122165,2806,Det/images/normal_train/01142416.png,0,07,easy_clean,0.0141137069,1.0,0.0198252209,normal_replay,GroupDiverse-Gap
RUN_134,TRIAD_045,A15_GroupDiverse-Gap_B3000,R1,1343723075,963122165,2807,Det/images/normal_train/00445576.png,0,08,easy_clean,0.0045808454,1.0,0.0095468785,normal_replay,GroupDiverse-Gap
RUN_134,TRIAD_045,A15_GroupDiverse-Gap_B3000,R1,1343723075,963122165,2808,Det/images/normal_train/01216729.png,0,01,learnable_hard,0.15408863,0.975,0.116420803,normal_replay,GroupDiverse-Gap
RUN_134,TRIAD_045,A15_GroupDiverse-Gap_B3000,R1,1343723075,963122165,2809,Det/images/normal_train/00552695.png,0,07,easy_clean,0.004069845,1.0,0.0101157103,normal_replay,GroupDiverse-Gap
RUN_134,TRIAD_045,A15_GroupDiverse-Gap_B3000,R1,1343723075,963122165,2810,Det/images/normal_train/01140368.png,0,00,easy_clean,0.0091330237,1.0,0.0227029069,normal_replay,GroupDiverse-Gap
RUN_134,TRIAD_045,A15_GroupDiverse-Gap_B3000,R1,1343723075,963122165,2811,Det/images/normal_train/00457981.png,0,09,learnable_hard,0.5405062396,0.485,0.2027621427,normal_replay,GroupDiverse-Gap
RUN_134,TRIAD_045,A15_GroupDiverse-Gap_B3000,R1,1343723075,963122165,2812,Det/images/normal_train/01138634.png,0,02,easy_clean,0.0111149456,1.0,0.014386688,normal_replay,GroupDiverse-Gap
RUN_134,TRIAD_045,A15_GroupDiverse-Gap_B3000,R1,1343723075,963122165,2813,Det/images/normal_train/00997285.png,0,08,easy_clean,0.012222024,1.0,0.0133247219,normal_replay,GroupDiverse-Gap
RUN_134,TRIAD_045,A15_GroupDiverse-Gap_B3000,R1,1343723075,963122165,2814,Det/images/normal_train/00269539.png,0,03,easy_clean,0.0002916945,1.0,0.0012572074,normal_replay,GroupDiverse-Gap
RUN_134,TRIAD_045,A15_GroupDiverse-Gap_B3000,R1,1343723075,963122165,2815,Det/images/normal_train/00899473.png,0,00,unstable_boundary,0.4516395423,0.835,0.1164157738,normal_replay,GroupDiverse-Gap
RUN_134,TRIAD_045,A15_GroupDiverse-Gap_B3000,R1,1343723075,963122165,2816,Det/images/normal_train/00853401.png,0,00,easy_clean,0.000290384,1.0,0.0004698196,normal_replay,GroupDiverse-Gap
RUN_134,TRIAD_045,A15_GroupDiverse-Gap_B3000,R1,1343723075,963122165,2817,Det/images/normal_train/00605602.png,0,01,easy_clean,0.0194257048,1.0,0.0391467289,normal_replay,GroupDiverse-Gap
RUN_134,TRIAD_045,A15_GroupDiverse-Gap_B3000,R1,1343723075,963122165,2818,Det/images/normal_train/00366125.png,0,02,easy_clean,0.0021705946,1.0,0.0023223868,normal_replay,GroupDiverse-Gap
RUN_134,TRIAD_045,A15_GroupDiverse-Gap_B3000,R1,1343723075,963122165,2819,Det/images/normal_train/01124754.png,0,08,easy_clean,0.0045549389,1.0,0.0112420515,normal_replay,GroupDiverse-Gap
RUN_134,TRIAD_045,A15_GroupDiverse-Gap_B3000,R1,1343723075,963122165,2820,Det/images/normal_train/01117303.png,0,07,learnable_hard,0.3202758423,0.89,0.1177498455,normal_replay,GroupDiverse-Gap
RUN_134,TRIAD_045,A15_GroupDiverse-Gap_B3000,R1,1343723075,963122165,2821,Det/images/normal_train/00372960.png,0,05,easy_clean,0.0030642915,1.0,0.0039262431,normal_replay,GroupDiverse-Gap
RUN_134,TRIAD_045,A15_GroupDiverse-Gap_B3000,R1,1343723075,963122165,2822,Det/images/normal_train/01154362.png,0,01,easy_clean,0.0009007457,1.0,0.0015237072,normal_replay,GroupDiverse-Gap
RUN_134,TRIAD_045,A15_GroupDiverse-Gap_B3000,R1,1343723075,963122165,2823,Det/images/normal_train/00447283.png,0,05,easy_clean,8.80789e-05,1.0,0.0001578069,normal_replay,GroupDiverse-Gap
RUN_134,TRIAD_045,A15_GroupDiverse-Gap_B3000,R1,1343723075,963122165,2824,Det/images/normal_train/00378655.png,0,05,learnable_hard,0.3356667684,0.945,0.10050282,normal_replay,GroupDiverse-Gap
RUN_134,TRIAD_045,A15_GroupDiverse-Gap_B3000,R1,1343723075,963122165,2825,Det/images/normal_train/00277745.png,0,04,easy_clean,0.0034672867,1.0,0.0113222755,normal_replay,GroupDiverse-Gap
RUN_134,TRIAD_045,A15_GroupDiverse-Gap_B3000,R1,1343723075,963122165,2826,Det/images/normal_train/00882046.png,0,03,easy_clean,0.0173724936,1.0,0.024152852,normal_replay,GroupDiverse-Gap
RUN_134,TRIAD_045,A15_GroupDiverse-Gap_B3000,R1,1343723075,963122165,2827,Det/images/normal_train/00513314.png,0,09,unstable_boundary,0.5992103229,0.315,0.1556795897,normal_replay,GroupDiverse-Gap
RUN_134,TRIAD_045,A15_GroupDiverse-Gap_B3000,R1,1343723075,963122165,2828,Det/images/normal_train/01051513.png,0,06,easy_clean,0.0064554445,1.0,0.0085377633,normal_replay,GroupDiverse-Gap
RUN_134,TRIAD_045,A15_GroupDiverse-Gap_B3000,R1,1343723075,963122165,2829,Det/images/normal_train/00766350.png,0,07,easy_clean,0.0013637893,1.0,0.0054466825,normal_replay,GroupDiverse-Gap
RUN_134,TRIAD_045,A15_GroupDiverse-Gap_B3000,R1,1343723075,963122165,2830,Det/images/normal_train/00812032.png,0,00,easy_clean,0.0009923402,1.0,0.0014242834,normal_replay,GroupDiverse-Gap
RUN_134,TRIAD_045,A15_GroupDiverse-Gap_B3000,R1,1343723075,963122165,2831,Det/images/normal_train/00978186.png,0,01,learnable_hard,0.0528418852,0.995,0.0671139981,normal_replay,GroupDiverse-Gap
RUN_134,TRIAD_045,A15_GroupDiverse-Gap_B3000,R1,1343723075,963122165,2832,Det/images/normal_train/00205831.png,0,08,easy_clean,0.0085633486,1.0,0.0275020469,normal_replay,GroupDiverse-Gap
RUN_134,TRIAD_045,A15_GroupDiverse-Gap_B3000,R1,1343723075,963122165,2833,Det/images/normal_train/00789600.png,0,09,easy_clean,0.0167714233,1.0,0.0334585393,normal_replay,GroupDiverse-Gap
RUN_134,TRIAD_045,A15_GroupDiverse-Gap_B3000,R1,1343723075,963122165,2834,Det/images/normal_train/00693590.png,0,03,learnable_hard,0.0120336056,0.995,0.0516568858,normal_replay,GroupDiverse-Gap
RUN_134,TRIAD_045,A15_GroupDiverse-Gap_B3000,R1,1343723075,963122165,2835,Det/images/normal_train/01266307.png,0,01,unstable_boundary,0.5112426161,0.4,0.180613945,normal_replay,GroupDiverse-Gap
RUN_134,TRIAD_045,A15_GroupDiverse-Gap_B3000,R1,1343723075,963122165,2836,Det/images/normal_train/00595474.png,0,01,learnable_hard,0.096490407,0.99,0.0972354984,normal_replay,GroupDiverse-Gap
RUN_134,TRIAD_045,A15_GroupDiverse-Gap_B3000,R1,1343723075,963122165,2837,Det/images/normal_train/00394532.png,0,05,easy_clean,0.0020358962,1.0,0.0025179253,normal_replay,GroupDiverse-Gap
RUN_134,TRIAD_045,A15_GroupDiverse-Gap_B3000,R1,1343723075,963122165,2838,Det/images/normal_train/00999367.png,0,08,easy_clean,0.0197575043,1.0,0.0179655132,normal_replay,GroupDiverse-Gap
RUN_134,TRIAD_045,A15_GroupDiverse-Gap_B3000,R1,1343723075,963122165,2839,Det/images/normal_train/00620867.png,0,06,easy_clean,0.002674499,1.0,0.0027490301,normal_replay,GroupDiverse-Gap
RUN_134,TRIAD_045,A15_GroupDiverse-Gap_B3000,R1,1343723075,963122165,2840,Det/images/normal_train/00811531.png,0,02,easy_clean,0.0051153434,1.0,0.0071377255,normal_replay,GroupDiverse-Gap
RUN_134,TRIAD_045,A15_GroupDiverse-Gap_B3000,R1,1343723075,963122165,2841,Det/images/normal_train/00777115.png,0,08,easy_clean,0.0090848282,1.0,0.0112824669,normal_replay,GroupDiverse-Gap
RUN_134,TRIAD_045,A15_GroupDiverse-Gap_B3000,R1,1343723075,963122165,2842,Det/images/normal_train/00657071.png,0,05,easy_clean,9.35917e-05,1.0,0.0002452101,normal_replay,GroupDiverse-Gap
RUN_134,TRIAD_045,A15_GroupDiverse-Gap_B3000,R1,1343723075,963122165,2843,Det/images/normal_train/00612115.png,0,04,easy_clean,0.0006278674,1.0,0.0018573899,normal_replay,GroupDiverse-Gap
RUN_134,TRIAD_045,A15_GroupDiverse-Gap_B3000,R1,1343723075,963122165,2844,Det/images/normal_train/00322944.png,0,05,easy_clean,0.0021922343,1.0,0.0034689923,normal_replay,GroupDiverse-Gap
RUN_134,TRIAD_045,A15_GroupDiverse-Gap_B3000,R1,1343723075,963122165,2845,Det/images/normal_train/01251805.png,0,04,easy_clean,0.0129294867,1.0,0.0134009545,normal_replay,GroupDiverse-Gap
RUN_134,TRIAD_045,A15_GroupDiverse-Gap_B3000,R1,1343723075,963122165,2846,Det/images/normal_train/00345481.png,0,05,easy_clean,0.0224174984,1.0,0.0232495857,normal_replay,GroupDiverse-Gap
RUN_134,TRIAD_045,A15_GroupDiverse-Gap_B3000,R1,1343723075,963122165,2847,Det/images/normal_train/00841593.png,0,04,easy_clean,0.0017332646,1.0,0.0026283335,normal_replay,GroupDiverse-Gap
RUN_134,TRIAD_045,A15_GroupDiverse-Gap_B3000,R1,1343723075,963122165,2848,Det/images/normal_train/01121930.png,0,02,easy_clean,0.0027278392,1.0,0.0055534438,normal_replay,GroupDiverse-Gap
RUN_134,TRIAD_045,A15_GroupDiverse-Gap_B3000,R1,1343723075,963122165,2849,Det/images/normal_train/00632980.png,0,09,learnable_hard,0.0186241641,0.995,0.0542088911,normal_replay,GroupDiverse-Gap
RUN_134,TRIAD_045,A15_GroupDiverse-Gap_B3000,R1,1343723075,963122165,2850,Det/images/normal_train/00412491.png,0,06,easy_clean,0.000991572,1.0,0.0015199968,normal_replay,GroupDiverse-Gap
RUN_134,TRIAD_045,A15_GroupDiverse-Gap_B3000,R1,1343723075,963122165,2851,Det/images/normal_train/00799033.png,0,09,easy_clean,0.0028643828,1.0,0.0044699212,normal_replay,GroupDiverse-Gap
RUN_134,TRIAD_045,A15_GroupDiverse-Gap_B3000,R1,1343723075,963122165,2852,Det/images/normal_train/00584151.png,0,05,learnable_hard,0.0611796239,0.995,0.061986243,normal_replay,GroupDiverse-Gap
RUN_134,TRIAD_045,A15_GroupDiverse-Gap_B3000,R1,1343723075,963122165,2853,Det/images/normal_train/01285934.png,0,08,learnable_hard,0.0813076663,0.995,0.0868073198,normal_replay,GroupDiverse-Gap
RUN_134,TRIAD_045,A15_GroupDiverse-Gap_B3000,R1,1343723075,963122165,2854,Det/images/normal_train/00370886.png,0,06,learnable_hard,0.7995814048,0.11,0.1967563013,normal_replay,GroupDiverse-Gap
RUN_134,TRIAD_045,A15_GroupDiverse-Gap_B3000,R1,1343723075,963122165,2855,Det/images/normal_train/00673695.png,0,02,learnable_hard,0.0639942617,0.985,0.1061872309,normal_replay,GroupDiverse-Gap
RUN_134,TRIAD_045,A15_GroupDiverse-Gap_B3000,R1,1343723075,963122165,2856,Det/images/normal_train/01005490.png,0,09,easy_clean,0.0019212675,1.0,0.0026996156,normal_replay,GroupDiverse-Gap
RUN_134,TRIAD_045,A15_GroupDiverse-Gap_B3000,R1,1343723075,963122165,2857,Det/images/normal_train/01280848.png,0,03,easy_clean,0.0050120912,1.0,0.0209376061,normal_replay,GroupDiverse-Gap
RUN_134,TRIAD_045,A15_GroupDiverse-Gap_B3000,R1,1343723075,963122165,2858,Det/images/normal_train/01285390.png,0,08,easy_clean,0.0109359506,1.0,0.0116255036,normal_replay,GroupDiverse-Gap
RUN_134,TRIAD_045,A15_GroupDiverse-Gap_B3000,R1,1343723075,963122165,2859,Det/images/normal_train/00682698.png,0,00,easy_clean,0.0039046144,1.0,0.01552588,normal_replay,GroupDiverse-Gap
RUN_134,TRIAD_045,A15_GroupDiverse-Gap_B3000,R1,1343723075,963122165,2860,Det/images/normal_train/01269697.png,0,00,easy_clean,0.0134354051,1.0,0.0286708608,normal_replay,GroupDiverse-Gap
RUN_134,TRIAD_045,A15_GroupDiverse-Gap_B3000,R1,1343723075,963122165,2861,Det/images/normal_train/00990489.png,0,03,learnable_hard,0.1194907843,0.97,0.1379027573,normal_replay,GroupDiverse-Gap
RUN_134,TRIAD_045,A15_GroupDiverse-Gap_B3000,R1,1343723075,963122165,2862,Det/images/normal_train/01257024.png,0,07,easy_clean,0.0092788808,1.0,0.0176317503,normal_replay,GroupDiverse-Gap
RUN_134,TRIAD_045,A15_GroupDiverse-Gap_B3000,R1,1343723075,963122165,2863,Det/images/normal_train/00360367.png,0,08,easy_clean,0.016417288,1.0,0.0291806196,normal_replay,GroupDiverse-Gap
RUN_134,TRIAD_045,A15_GroupDiverse-Gap_B3000,R1,1343723075,963122165,2864,Det/images/normal_train/00902613.png,0,04,easy_clean,0.0049821075,1.0,0.0130889379,normal_replay,GroupDiverse-Gap
RUN_134,TRIAD_045,A15_GroupDiverse-Gap_B3000,R1,1343723075,963122165,2865,Det/images/normal_train/01085758.png,0,07,ordinary,0.1274296906,1.0,0.0770870963,normal_replay,GroupDiverse-Gap
RUN_134,TRIAD_045,A15_GroupDiverse-Gap_B3000,R1,1343723075,963122165,2866,Det/images/normal_train/01223720.png,0,03,easy_clean,0.0136150493,1.0,0.0193076844,normal_replay,GroupDiverse-Gap
RUN_134,TRIAD_045,A15_GroupDiverse-Gap_B3000,R1,1343723075,963122165,2867,Det/images/normal_train/00592596.png,0,07,easy_clean,0.000320195,1.0,0.001356973,normal_replay,GroupDiverse-Gap
RUN_134,TRIAD_045,A15_GroupDiverse-Gap_B3000,R1,1343723075,963122165,2868,Det/images/normal_train/00759314.png,0,08,easy_clean,0.0049938295,1.0,0.0204800134,normal_replay,GroupDiverse-Gap
RUN_134,TRIAD_045,A15_GroupDiverse-Gap_B3000,R1,1343723075,963122165,2869,Det/images/normal_train/00626353.png,0,05,ordinary,0.0972328826,1.0,0.0685778539,normal_replay,GroupDiverse-Gap
RUN_134,TRIAD_045,A15_GroupDiverse-Gap_B3000,R1,1343723075,963122165,2870,Det/images/normal_train/00325082.png,0,00,learnable_hard,0.357616547,0.83,0.1881035962,normal_replay,GroupDiverse-Gap
RUN_134,TRIAD_045,A15_GroupDiverse-Gap_B3000,R1,1343723075,963122165,2871,Det/images/normal_train/00323096.png,0,06,learnable_hard,0.0536442581,0.995,0.0924471505,normal_replay,GroupDiverse-Gap
RUN_134,TRIAD_045,A15_GroupDiverse-Gap_B3000,R1,1343723075,963122165,2872,Det/images/normal_train/00283541.png,0,03,easy_clean,0.0701408989,0.995,0.0718414421,normal_replay,GroupDiverse-Gap
RUN_134,TRIAD_045,A15_GroupDiverse-Gap_B3000,R1,1343723075,963122165,2873,Det/images/normal_train/00973299.png,0,05,easy_clean,0.0008465809,1.0,0.0017267369,normal_replay,GroupDiverse-Gap
RUN_134,TRIAD_045,A15_GroupDiverse-Gap_B3000,R1,1343723075,963122165,2874,Det/images/normal_train/01269999.png,0,00,easy_clean,0.0017004466,1.0,0.0023063984,normal_replay,GroupDiverse-Gap
RUN_134,TRIAD_045,A15_GroupDiverse-Gap_B3000,R1,1343723075,963122165,2875,Det/images/normal_train/00340275.png,0,02,easy_clean,0.0199174084,1.0,0.0177343274,normal_replay,GroupDiverse-Gap
RUN_134,TRIAD_045,A15_GroupDiverse-Gap_B3000,R1,1343723075,963122165,2876,Det/images/normal_train/00952783.png,0,09,unstable_boundary,0.4178090004,0.67,0.1488220364,normal_replay,GroupDiverse-Gap
RUN_134,TRIAD_045,A15_GroupDiverse-Gap_B3000,R1,1343723075,963122165,2877,Det/images/normal_train/00995341.png,0,05,easy_clean,0.0049169643,1.0,0.0053785471,normal_replay,GroupDiverse-Gap
RUN_134,TRIAD_045,A15_GroupDiverse-Gap_B3000,R1,1343723075,963122165,2878,Det/images/normal_train/01226420.png,0,00,easy_clean,0.008692111,1.0,0.0188313932,normal_replay,GroupDiverse-Gap
RUN_134,TRIAD_045,A15_GroupDiverse-Gap_B3000,R1,1343723075,963122165,2879,Det/images/normal_train/01124565.png,0,08,learnable_hard,0.108579758,0.99,0.086325161,normal_replay,GroupDiverse-Gap
RUN_134,TRIAD_045,A15_GroupDiverse-Gap_B3000,R1,1343723075,963122165,2880,Det/images/normal_train/00705715.png,0,04,easy_clean,0.0061036163,1.0,0.0087165742,normal_replay,GroupDiverse-Gap
RUN_134,TRIAD_045,A15_GroupDiverse-Gap_B3000,R1,1343723075,963122165,2881,Det/images/normal_train/00211984.png,0,06,ordinary,0.1039101997,1.0,0.0636113072,normal_replay,GroupDiverse-Gap
RUN_134,TRIAD_045,A15_GroupDiverse-Gap_B3000,R1,1343723075,963122165,2882,Det/images/normal_train/01250844.png,0,01,learnable_hard,0.0333610671,0.995,0.0723285833,normal_replay,GroupDiverse-Gap
RUN_134,TRIAD_045,A15_GroupDiverse-Gap_B3000,R1,1343723075,963122165,2883,Det/images/normal_train/00604230.png,0,02,easy_clean,0.0119525462,1.0,0.0161870092,normal_replay,GroupDiverse-Gap
RUN_134,TRIAD_045,A15_GroupDiverse-Gap_B3000,R1,1343723075,963122165,2884,Det/images/normal_train/01024315.png,0,01,ordinary,0.2000731593,1.0,0.1018873666,normal_replay,GroupDiverse-Gap
RUN_134,TRIAD_045,A15_GroupDiverse-Gap_B3000,R1,1343723075,963122165,2885,Det/images/normal_train/00772913.png,0,01,easy_clean,0.005721863,1.0,0.0083919818,normal_replay,GroupDiverse-Gap
RUN_134,TRIAD_045,A15_GroupDiverse-Gap_B3000,R1,1343723075,963122165,2886,Det/images/normal_train/00858140.png,0,01,easy_clean,0.0003282615,1.0,0.0007861827,normal_replay,GroupDiverse-Gap
RUN_134,TRIAD_045,A15_GroupDiverse-Gap_B3000,R1,1343723075,963122165,2887,Det/images/normal_train/01001262.png,0,05,easy_clean,0.0189067089,1.0,0.0190952926,normal_replay,GroupDiverse-Gap
RUN_134,TRIAD_045,A15_GroupDiverse-Gap_B3000,R1,1343723075,963122165,2888,Det/images/normal_train/01014267.png,0,04,easy_clean,0.0105059965,1.0,0.0108252525,normal_replay,GroupDiverse-Gap
RUN_134,TRIAD_045,A15_GroupDiverse-Gap_B3000,R1,1343723075,963122165,2889,Det/images/normal_train/00577879.png,0,05,easy_clean,0.0117050594,1.0,0.0156715249,normal_replay,GroupDiverse-Gap
RUN_134,TRIAD_045,A15_GroupDiverse-Gap_B3000,R1,1343723075,963122165,2890,Det/images/normal_train/00529000.png,0,03,easy_clean,0.0003255904,1.0,0.0006109711,normal_replay,GroupDiverse-Gap
RUN_134,TRIAD_045,A15_GroupDiverse-Gap_B3000,R1,1343723075,963122165,2891,Det/images/normal_train/00812833.png,0,00,easy_clean,0.0043276986,1.0,0.0052896714,normal_replay,GroupDiverse-Gap
RUN_134,TRIAD_045,A15_GroupDiverse-Gap_B3000,R1,1343723075,963122165,2892,Det/images/normal_train/00731257.png,0,09,easy_clean,0.0050991945,1.0,0.0108288077,normal_replay,GroupDiverse-Gap
RUN_134,TRIAD_045,A15_GroupDiverse-Gap_B3000,R1,1343723075,963122165,2893,Det/images/normal_train/00940192.png,0,08,easy_clean,0.0686671412,1.0,0.0358938805,normal_replay,GroupDiverse-Gap
RUN_134,TRIAD_045,A15_GroupDiverse-Gap_B3000,R1,1343723075,963122165,2894,Det/images/normal_train/00210543.png,0,00,easy_clean,0.0022010947,1.0,0.0024719562,normal_replay,GroupDiverse-Gap
RUN_134,TRIAD_045,A15_GroupDiverse-Gap_B3000,R1,1343723075,963122165,2895,Det/images/normal_train/01212345.png,0,02,learnable_hard,0.0413163338,0.995,0.0613387986,normal_replay,GroupDiverse-Gap
RUN_134,TRIAD_045,A15_GroupDiverse-Gap_B3000,R1,1343723075,963122165,2896,Det/images/normal_train/01101416.png,0,00,easy_clean,0.0757884494,1.0,0.0613104382,normal_replay,GroupDiverse-Gap
RUN_134,TRIAD_045,A15_GroupDiverse-Gap_B3000,R1,1343723075,963122165,2897,Det/images/normal_train/00451878.png,0,06,easy_clean,0.004633357,1.0,0.0057384743,normal_replay,GroupDiverse-Gap
RUN_134,TRIAD_045,A15_GroupDiverse-Gap_B3000,R1,1343723075,963122165,2898,Det/images/normal_train/01119848.png,0,01,easy_clean,0.0005520788,1.0,0.0014832844,normal_replay,GroupDiverse-Gap
RUN_134,TRIAD_045,A15_GroupDiverse-Gap_B3000,R1,1343723075,963122165,2899,Det/images/normal_train/00548937.png,0,00,learnable_hard,0.1912715318,0.995,0.0805138693,normal_replay,GroupDiverse-Gap
RUN_134,TRIAD_045,A15_GroupDiverse-Gap_B3000,R1,1343723075,963122165,2900,Det/images/normal_train/01258059.png,0,03,easy_clean,0.0086434262,1.0,0.0108824355,normal_replay,GroupDiverse-Gap
RUN_134,TRIAD_045,A15_GroupDiverse-Gap_B3000,R1,1343723075,963122165,2901,Det/images/normal_train/01217094.png,0,06,ordinary,0.1270039669,1.0,0.0969780444,normal_replay,GroupDiverse-Gap
RUN_134,TRIAD_045,A15_GroupDiverse-Gap_B3000,R1,1343723075,963122165,2902,Det/images/normal_train/00778631.png,0,02,easy_clean,0.0007169864,1.0,0.0011189797,normal_replay,GroupDiverse-Gap
RUN_134,TRIAD_045,A15_GroupDiverse-Gap_B3000,R1,1343723075,963122165,2903,Det/images/normal_train/00804824.png,0,09,easy_clean,0.0254985327,1.0,0.0190210525,normal_replay,GroupDiverse-Gap
RUN_134,TRIAD_045,A15_GroupDiverse-Gap_B3000,R1,1343723075,963122165,2904,Det/images/normal_train/01040309.png,0,06,easy_clean,0.0785021427,1.0,0.0504774117,normal_replay,GroupDiverse-Gap
RUN_134,TRIAD_045,A15_GroupDiverse-Gap_B3000,R1,1343723075,963122165,2905,Det/images/normal_train/00316176.png,0,01,easy_clean,0.0013113187,1.0,0.002461636,normal_replay,GroupDiverse-Gap
RUN_134,TRIAD_045,A15_GroupDiverse-Gap_B3000,R1,1343723075,963122165,2906,Det/images/normal_train/00195779.png,0,08,easy_clean,0.0130067566,1.0,0.0255013146,normal_replay,GroupDiverse-Gap
RUN_134,TRIAD_045,A15_GroupDiverse-Gap_B3000,R1,1343723075,963122165,2907,Det/images/normal_train/00997434.png,0,08,easy_clean,0.0027732043,1.0,0.0053235813,normal_replay,GroupDiverse-Gap
RUN_134,TRIAD_045,A15_GroupDiverse-Gap_B3000,R1,1343723075,963122165,2908,Det/images/normal_train/01244534.png,0,04,easy_clean,0.0049046942,1.0,0.005917234,normal_replay,GroupDiverse-Gap
RUN_134,TRIAD_045,A15_GroupDiverse-Gap_B3000,R1,1343723075,963122165,2909,Det/images/normal_train/00461116.png,0,02,easy_clean,2.57614e-05,1.0,4.79379e-05,normal_replay,GroupDiverse-Gap
RUN_134,TRIAD_045,A15_GroupDiverse-Gap_B3000,R1,1343723075,963122165,2910,Det/images/normal_train/00329780.png,0,03,easy_clean,0.0174335419,1.0,0.0336402213,normal_replay,GroupDiverse-Gap
RUN_134,TRIAD_045,A15_GroupDiverse-Gap_B3000,R1,1343723075,963122165,2911,Det/images/normal_train/01294253.png,0,05,unstable_boundary,0.5018308923,0.39,0.1587260423,normal_replay,GroupDiverse-Gap
RUN_134,TRIAD_045,A15_GroupDiverse-Gap_B3000,R1,1343723075,963122165,2912,Det/images/normal_train/00970436.png,0,05,easy_clean,0.0023542865,1.0,0.0033579903,normal_replay,GroupDiverse-Gap
RUN_134,TRIAD_045,A15_GroupDiverse-Gap_B3000,R1,1343723075,963122165,2913,Det/images/normal_train/00374932.png,0,06,easy_clean,0.0602666856,0.995,0.0538766947,normal_replay,GroupDiverse-Gap
RUN_134,TRIAD_045,A15_GroupDiverse-Gap_B3000,R1,1343723075,963122165,2914,Det/images/normal_train/00609302.png,0,08,easy_clean,0.0013735494,1.0,0.0024116415,normal_replay,GroupDiverse-Gap
RUN_134,TRIAD_045,A15_GroupDiverse-Gap_B3000,R1,1343723075,963122165,2915,Det/images/normal_train/00248458.png,0,00,easy_clean,0.001483092,1.0,0.0022554846,normal_replay,GroupDiverse-Gap
RUN_134,TRIAD_045,A15_GroupDiverse-Gap_B3000,R1,1343723075,963122165,2916,Det/images/normal_train/00850749.png,0,07,easy_clean,0.0001346758,1.0,0.0001887812,normal_replay,GroupDiverse-Gap
RUN_134,TRIAD_045,A15_GroupDiverse-Gap_B3000,R1,1343723075,963122165,2917,Det/images/normal_train/00533765.png,0,02,easy_clean,0.0010323826,1.0,0.001581835,normal_replay,GroupDiverse-Gap
RUN_134,TRIAD_045,A15_GroupDiverse-Gap_B3000,R1,1343723075,963122165,2918,Det/images/normal_train/00581989.png,0,02,easy_clean,0.0063110445,1.0,0.0109815012,normal_replay,GroupDiverse-Gap
RUN_134,TRIAD_045,A15_GroupDiverse-Gap_B3000,R1,1343723075,963122165,2919,Det/images/normal_train/01013940.png,0,01,easy_clean,0.0121482677,1.0,0.0150912963,normal_replay,GroupDiverse-Gap
RUN_134,TRIAD_045,A15_GroupDiverse-Gap_B3000,R1,1343723075,963122165,2920,Det/images/normal_train/00523975.png,0,00,easy_clean,0.0001170384,1.0,0.0002434678,normal_replay,GroupDiverse-Gap
RUN_134,TRIAD_045,A15_GroupDiverse-Gap_B3000,R1,1343723075,963122165,2921,Det/images/normal_train/00219988.png,0,09,easy_clean,0.0126823976,1.0,0.0293003696,normal_replay,GroupDiverse-Gap
RUN_134,TRIAD_045,A15_GroupDiverse-Gap_B3000,R1,1343723075,963122165,2922,Det/images/normal_train/00168812.png,0,07,easy_clean,0.0176196551,1.0,0.0322625726,normal_replay,GroupDiverse-Gap
RUN_134,TRIAD_045,A15_GroupDiverse-Gap_B3000,R1,1343723075,963122165,2923,Det/images/normal_train/00484881.png,0,07,learnable_hard,0.3272141095,0.65,0.2214437579,normal_replay,GroupDiverse-Gap
RUN_134,TRIAD_045,A15_GroupDiverse-Gap_B3000,R1,1343723075,963122165,2924,Det/images/normal_train/00479704.png,0,03,persistent_hard,0.6490500842,0.125,0.1384685706,normal_replay,GroupDiverse-Gap
RUN_134,TRIAD_045,A15_GroupDiverse-Gap_B3000,R1,1343723075,963122165,2925,Det/images/normal_train/00838746.png,0,05,easy_clean,0.0031033574,1.0,0.0042769355,normal_replay,GroupDiverse-Gap
RUN_134,TRIAD_045,A15_GroupDiverse-Gap_B3000,R1,1343723075,963122165,2926,Det/images/normal_train/01292567.png,0,07,easy_clean,0.0714173838,1.0,0.0457150901,normal_replay,GroupDiverse-Gap
RUN_134,TRIAD_045,A15_GroupDiverse-Gap_B3000,R1,1343723075,963122165,2927,Det/images/normal_train/00375905.png,0,04,easy_clean,0.0011196973,1.0,0.0013337886,normal_replay,GroupDiverse-Gap
RUN_134,TRIAD_045,A15_GroupDiverse-Gap_B3000,R1,1343723075,963122165,2928,Det/images/normal_train/01101204.png,0,00,easy_clean,0.0064377294,1.0,0.0068485912,normal_replay,GroupDiverse-Gap
RUN_134,TRIAD_045,A15_GroupDiverse-Gap_B3000,R1,1343723075,963122165,2929,Det/images/normal_train/01250969.png,0,01,easy_clean,0.0137816069,1.0,0.0159005558,normal_replay,GroupDiverse-Gap
RUN_134,TRIAD_045,A15_GroupDiverse-Gap_B3000,R1,1343723075,963122165,2930,Det/images/normal_train/00712781.png,0,01,easy_clean,0.0062535283,1.0,0.0208116384,normal_replay,GroupDiverse-Gap
RUN_134,TRIAD_045,A15_GroupDiverse-Gap_B3000,R1,1343723075,963122165,2931,Det/images/normal_train/00503696.png,0,03,easy_clean,0.0632575957,1.0,0.0587025288,normal_replay,GroupDiverse-Gap
RUN_134,TRIAD_045,A15_GroupDiverse-Gap_B3000,R1,1343723075,963122165,2932,Det/images/normal_train/01010805.png,0,00,easy_clean,0.0147992057,1.0,0.0355832459,normal_replay,GroupDiverse-Gap
RUN_134,TRIAD_045,A15_GroupDiverse-Gap_B3000,R1,1343723075,963122165,2933,Det/images/normal_train/00688882.png,0,05,easy_clean,0.041683711,1.0,0.062604838,normal_replay,GroupDiverse-Gap
RUN_134,TRIAD_045,A15_GroupDiverse-Gap_B3000,R1,1343723075,963122165,2934,Det/images/normal_train/01236683.png,0,06,easy_clean,0.0221690493,1.0,0.0404493018,normal_replay,GroupDiverse-Gap
RUN_134,TRIAD_045,A15_GroupDiverse-Gap_B3000,R1,1343723075,963122165,2935,Det/images/normal_train/00276400.png,0,03,easy_clean,0.0082728857,1.0,0.0204585334,normal_replay,GroupDiverse-Gap
RUN_134,TRIAD_045,A15_GroupDiverse-Gap_B3000,R1,1343723075,963122165,2936,Det/images/normal_train/00795480.png,0,01,easy_clean,0.0002229273,1.0,0.0004720207,normal_replay,GroupDiverse-Gap
RUN_134,TRIAD_045,A15_GroupDiverse-Gap_B3000,R1,1343723075,963122165,2937,Det/images/normal_train/00826856.png,0,03,easy_clean,0.0025027068,1.0,0.0147006362,normal_replay,GroupDiverse-Gap
RUN_134,TRIAD_045,A15_GroupDiverse-Gap_B3000,R1,1343723075,963122165,2938,Det/images/normal_train/00284246.png,0,01,easy_clean,0.0083936755,1.0,0.0210753593,normal_replay,GroupDiverse-Gap
RUN_134,TRIAD_045,A15_GroupDiverse-Gap_B3000,R1,1343723075,963122165,2939,Det/images/normal_train/00826410.png,0,03,easy_clean,0.0002310593,1.0,0.0006880655,normal_replay,GroupDiverse-Gap
RUN_134,TRIAD_045,A15_GroupDiverse-Gap_B3000,R1,1343723075,963122165,2940,Det/images/normal_train/00377159.png,0,01,easy_clean,0.0015797015,1.0,0.002789162,normal_replay,GroupDiverse-Gap
RUN_134,TRIAD_045,A15_GroupDiverse-Gap_B3000,R1,1343723075,963122165,2941,Det/images/normal_train/00539529.png,0,06,ordinary,0.1044100963,1.0,0.0570286123,normal_replay,GroupDiverse-Gap
RUN_134,TRIAD_045,A15_GroupDiverse-Gap_B3000,R1,1343723075,963122165,2942,Det/images/normal_train/01096600.png,0,06,learnable_hard,0.2455867922,0.99,0.1178557109,normal_replay,GroupDiverse-Gap
RUN_134,TRIAD_045,A15_GroupDiverse-Gap_B3000,R1,1343723075,963122165,2943,Det/images/normal_train/00512533.png,0,05,ordinary,0.1181184821,1.0,0.111464812,normal_replay,GroupDiverse-Gap
RUN_134,TRIAD_045,A15_GroupDiverse-Gap_B3000,R1,1343723075,963122165,2944,Det/images/normal_train/00735617.png,0,07,easy_clean,0.0014906814,1.0,0.0026179843,normal_replay,GroupDiverse-Gap
RUN_134,TRIAD_045,A15_GroupDiverse-Gap_B3000,R1,1343723075,963122165,2945,Det/images/normal_train/00963871.png,0,05,easy_clean,0.011617289,1.0,0.015806368,normal_replay,GroupDiverse-Gap
RUN_134,TRIAD_045,A15_GroupDiverse-Gap_B3000,R1,1343723075,963122165,2946,Det/images/normal_train/00322986.png,0,05,learnable_hard,0.0064608691,0.995,0.0416050538,normal_replay,GroupDiverse-Gap
RUN_134,TRIAD_045,A15_GroupDiverse-Gap_B3000,R1,1343723075,963122165,2947,Det/images/normal_train/00590221.png,0,04,easy_clean,0.0003874848,1.0,0.0006069425,normal_replay,GroupDiverse-Gap
RUN_134,TRIAD_045,A15_GroupDiverse-Gap_B3000,R1,1343723075,963122165,2948,Det/images/normal_train/00895025.png,0,09,learnable_hard,0.0050375246,0.995,0.0370451921,normal_replay,GroupDiverse-Gap
RUN_134,TRIAD_045,A15_GroupDiverse-Gap_B3000,R1,1343723075,963122165,2949,Det/images/normal_train/00357013.png,0,09,easy_clean,0.0250359233,0.99,0.0839832975,normal_replay,GroupDiverse-Gap
RUN_134,TRIAD_045,A15_GroupDiverse-Gap_B3000,R1,1343723075,963122165,2950,Det/images/normal_train/00805259.png,0,07,easy_clean,0.0042422119,1.0,0.0054333457,normal_replay,GroupDiverse-Gap
RUN_134,TRIAD_045,A15_GroupDiverse-Gap_B3000,R1,1343723075,963122165,2951,Det/images/normal_train/01015369.png,0,03,easy_clean,0.0588781363,1.0,0.0277381113,normal_replay,GroupDiverse-Gap
RUN_134,TRIAD_045,A15_GroupDiverse-Gap_B3000,R1,1343723075,963122165,2952,Det/images/normal_train/01024810.png,0,01,easy_clean,0.0031531554,1.0,0.0047922211,normal_replay,GroupDiverse-Gap
RUN_134,TRIAD_045,A15_GroupDiverse-Gap_B3000,R1,1343723075,963122165,2953,Det/images/normal_train/01139240.png,0,05,easy_clean,0.0051179734,1.0,0.0051619834,normal_replay,GroupDiverse-Gap
RUN_134,TRIAD_045,A15_GroupDiverse-Gap_B3000,R1,1343723075,963122165,2954,Det/images/normal_train/00620013.png,0,06,easy_clean,0.0291736434,1.0,0.0206538811,normal_replay,GroupDiverse-Gap
RUN_134,TRIAD_045,A15_GroupDiverse-Gap_B3000,R1,1343723075,963122165,2955,Det/images/normal_train/00967397.png,0,04,easy_clean,0.0294413442,1.0,0.0373108121,normal_replay,GroupDiverse-Gap
RUN_134,TRIAD_045,A15_GroupDiverse-Gap_B3000,R1,1343723075,963122165,2956,Det/images/normal_train/00980052.png,0,01,learnable_hard,0.3792059302,0.8,0.1561016364,normal_replay,GroupDiverse-Gap
RUN_134,TRIAD_045,A15_GroupDiverse-Gap_B3000,R1,1343723075,963122165,2957,Det/images/normal_train/00541128.png,0,08,unstable_boundary,0.4285374583,0.71,0.1590903828,normal_replay,GroupDiverse-Gap
RUN_134,TRIAD_045,A15_GroupDiverse-Gap_B3000,R1,1343723075,963122165,2958,Det/images/normal_train/00199975.png,0,04,easy_clean,0.0426844481,1.0,0.041165867,normal_replay,GroupDiverse-Gap
RUN_134,TRIAD_045,A15_GroupDiverse-Gap_B3000,R1,1343723075,963122165,2959,Det/images/normal_train/00771678.png,0,03,learnable_hard,0.3701094729,0.765,0.1637465469,normal_replay,GroupDiverse-Gap
RUN_134,TRIAD_045,A15_GroupDiverse-Gap_B3000,R1,1343723075,963122165,2960,Det/images/normal_train/00990461.png,0,03,persistent_hard,0.5232720586,0.495,0.3024311356,normal_replay,GroupDiverse-Gap
RUN_134,TRIAD_045,A15_GroupDiverse-Gap_B3000,R1,1343723075,963122165,2961,Det/images/normal_train/00437610.png,0,05,easy_clean,0.002111346,1.0,0.003977743,normal_replay,GroupDiverse-Gap
RUN_134,TRIAD_045,A15_GroupDiverse-Gap_B3000,R1,1343723075,963122165,2962,Det/images/normal_train/00326765.png,0,09,easy_clean,0.0350071197,1.0,0.0464240341,normal_replay,GroupDiverse-Gap
RUN_134,TRIAD_045,A15_GroupDiverse-Gap_B3000,R1,1343723075,963122165,2963,Det/images/normal_train/01204774.png,0,09,easy_clean,0.0429617052,1.0,0.052387848,normal_replay,GroupDiverse-Gap
RUN_134,TRIAD_045,A15_GroupDiverse-Gap_B3000,R1,1343723075,963122165,2964,Det/images/normal_train/01129810.png,0,09,ordinary,0.1335952407,1.0,0.081811701,normal_replay,GroupDiverse-Gap
RUN_134,TRIAD_045,A15_GroupDiverse-Gap_B3000,R1,1343723075,963122165,2965,Det/images/normal_train/01094493.png,0,05,easy_clean,0.0438982088,1.0,0.0460572537,normal_replay,GroupDiverse-Gap
RUN_134,TRIAD_045,A15_GroupDiverse-Gap_B3000,R1,1343723075,963122165,2966,Det/images/normal_train/00359450.png,0,05,easy_clean,0.0147007006,1.0,0.022015772,normal_replay,GroupDiverse-Gap
RUN_134,TRIAD_045,A15_GroupDiverse-Gap_B3000,R1,1343723075,963122165,2967,Det/images/normal_train/00965021.png,0,03,learnable_hard,0.0081590961,0.995,0.0532829771,normal_replay,GroupDiverse-Gap
RUN_134,TRIAD_045,A15_GroupDiverse-Gap_B3000,R1,1343723075,963122165,2968,Det/images/normal_train/00238231.png,0,02,learnable_hard,0.1467152063,0.99,0.100798554,normal_replay,GroupDiverse-Gap
RUN_134,TRIAD_045,A15_GroupDiverse-Gap_B3000,R1,1343723075,963122165,2969,Det/images/normal_train/00833943.png,0,02,easy_clean,0.0357506352,1.0,0.0485664824,normal_replay,GroupDiverse-Gap
RUN_134,TRIAD_045,A15_GroupDiverse-Gap_B3000,R1,1343723075,963122165,2970,Det/images/normal_train/00218383.png,0,09,easy_clean,0.0811058084,0.995,0.0806436086,normal_replay,GroupDiverse-Gap
RUN_134,TRIAD_045,A15_GroupDiverse-Gap_B3000,R1,1343723075,963122165,2971,Det/images/normal_train/00954255.png,0,03,easy_clean,0.0029003149,1.0,0.004143482,normal_replay,GroupDiverse-Gap
RUN_134,TRIAD_045,A15_GroupDiverse-Gap_B3000,R1,1343723075,963122165,2972,Det/images/normal_train/00190433.png,0,09,easy_clean,0.0285059595,1.0,0.0363013645,normal_replay,GroupDiverse-Gap
RUN_134,TRIAD_045,A15_GroupDiverse-Gap_B3000,R1,1343723075,963122165,2973,Det/images/normal_train/00994076.png,0,04,easy_clean,0.0027727218,1.0,0.0072515122,normal_replay,GroupDiverse-Gap
RUN_134,TRIAD_045,A15_GroupDiverse-Gap_B3000,R1,1343723075,963122165,2974,Det/images/normal_train/00239719.png,0,09,easy_clean,0.0022310771,1.0,0.0038290777,normal_replay,GroupDiverse-Gap
RUN_134,TRIAD_045,A15_GroupDiverse-Gap_B3000,R1,1343723075,963122165,2975,Det/images/normal_train/01113300.png,0,07,easy_clean,0.088285225,1.0,0.0331721667,normal_replay,GroupDiverse-Gap
RUN_134,TRIAD_045,A15_GroupDiverse-Gap_B3000,R1,1343723075,963122165,2976,Det/images/normal_train/00248628.png,0,00,easy_clean,0.0068298924,1.0,0.008337432,normal_replay,GroupDiverse-Gap
RUN_134,TRIAD_045,A15_GroupDiverse-Gap_B3000,R1,1343723075,963122165,2977,Det/images/normal_train/00523444.png,0,00,easy_clean,0.0008615804,1.0,0.0014129505,normal_replay,GroupDiverse-Gap
RUN_134,TRIAD_045,A15_GroupDiverse-Gap_B3000,R1,1343723075,963122165,2978,Det/images/normal_train/00790534.png,0,00,easy_clean,0.0136157706,1.0,0.0124881341,normal_replay,GroupDiverse-Gap
RUN_134,TRIAD_045,A15_GroupDiverse-Gap_B3000,R1,1343723075,963122165,2979,Det/images/normal_train/00306790.png,0,03,easy_clean,0.0365941901,1.0,0.0297512363,normal_replay,GroupDiverse-Gap
RUN_134,TRIAD_045,A15_GroupDiverse-Gap_B3000,R1,1343723075,963122165,2980,Det/images/normal_train/00620964.png,0,06,easy_clean,0.0019910615,1.0,0.0028456856,normal_replay,GroupDiverse-Gap
RUN_134,TRIAD_045,A15_GroupDiverse-Gap_B3000,R1,1343723075,963122165,2981,Det/images/normal_train/01260550.png,0,05,easy_clean,0.030335103,1.0,0.0238000747,normal_replay,GroupDiverse-Gap
RUN_134,TRIAD_045,A15_GroupDiverse-Gap_B3000,R1,1343723075,963122165,2982,Det/images/normal_train/00706927.png,0,02,easy_clean,0.0010135557,1.0,0.0020563603,normal_replay,GroupDiverse-Gap
RUN_134,TRIAD_045,A15_GroupDiverse-Gap_B3000,R1,1343723075,963122165,2983,Det/images/normal_train/00566442.png,0,07,easy_clean,0.003649686,1.0,0.0080656176,normal_replay,GroupDiverse-Gap
RUN_134,TRIAD_045,A15_GroupDiverse-Gap_B3000,R1,1343723075,963122165,2984,Det/images/normal_train/01137203.png,0,03,easy_clean,0.015935907,1.0,0.0253663971,normal_replay,GroupDiverse-Gap
RUN_134,TRIAD_045,A15_GroupDiverse-Gap_B3000,R1,1343723075,963122165,2985,Det/images/normal_train/01294377.png,0,05,learnable_hard,0.1648006007,0.96,0.1621490014,normal_replay,GroupDiverse-Gap
RUN_134,TRIAD_045,A15_GroupDiverse-Gap_B3000,R1,1343723075,963122165,2986,Det/images/normal_train/00871089.png,0,07,easy_clean,0.0016629929,1.0,0.0020655535,normal_replay,GroupDiverse-Gap
RUN_134,TRIAD_045,A15_GroupDiverse-Gap_B3000,R1,1343723075,963122165,2987,Det/images/normal_train/00869211.png,0,03,ordinary,0.2313145536,0.93,0.1663097866,normal_replay,GroupDiverse-Gap
RUN_134,TRIAD_045,A15_GroupDiverse-Gap_B3000,R1,1343723075,963122165,2988,Det/images/normal_train/00524885.png,0,02,easy_clean,0.0003112093,1.0,0.0007544772,normal_replay,GroupDiverse-Gap
RUN_134,TRIAD_045,A15_GroupDiverse-Gap_B3000,R1,1343723075,963122165,2989,Det/images/normal_train/01002973.png,0,06,easy_clean,0.0029289627,1.0,0.0033665487,normal_replay,GroupDiverse-Gap
RUN_134,TRIAD_045,A15_GroupDiverse-Gap_B3000,R1,1343723075,963122165,2990,Det/images/normal_train/00614220.png,0,05,learnable_hard,0.2112748009,0.995,0.1360791299,normal_replay,GroupDiverse-Gap
RUN_134,TRIAD_045,A15_GroupDiverse-Gap_B3000,R1,1343723075,963122165,2991,Det/images/normal_train/00973697.png,0,05,easy_clean,0.038822126,1.0,0.0270894669,normal_replay,GroupDiverse-Gap
RUN_134,TRIAD_045,A15_GroupDiverse-Gap_B3000,R1,1343723075,963122165,2992,Det/images/normal_train/00839487.png,0,06,easy_clean,0.0017745929,1.0,0.0059802989,normal_replay,GroupDiverse-Gap
RUN_134,TRIAD_045,A15_GroupDiverse-Gap_B3000,R1,1343723075,963122165,2993,Det/images/normal_train/00172913.png,0,05,learnable_hard,0.3823551549,0.685,0.1775462903,normal_replay,GroupDiverse-Gap
RUN_134,TRIAD_045,A15_GroupDiverse-Gap_B3000,R1,1343723075,963122165,2994,Det/images/normal_train/00514356.png,0,02,easy_clean,0.0016540044,1.0,0.0022135503,normal_replay,GroupDiverse-Gap
RUN_134,TRIAD_045,A15_GroupDiverse-Gap_B3000,R1,1343723075,963122165,2995,Det/images/normal_train/00219103.png,0,09,easy_clean,0.0008231992,1.0,0.0013915834,normal_replay,GroupDiverse-Gap
RUN_134,TRIAD_045,A15_GroupDiverse-Gap_B3000,R1,1343723075,963122165,2996,Det/images/normal_train/00857387.png,0,01,easy_clean,0.0007568449,1.0,0.0057152264,normal_replay,GroupDiverse-Gap
RUN_134,TRIAD_045,A15_GroupDiverse-Gap_B3000,R1,1343723075,963122165,2997,Det/images/normal_train/00957227.png,0,02,learnable_hard,0.3712967238,0.66,0.2166428393,normal_replay,GroupDiverse-Gap
RUN_134,TRIAD_045,A15_GroupDiverse-Gap_B3000,R1,1343723075,963122165,2998,Det/images/normal_train/00968076.png,0,09,easy_clean,0.0020231363,1.0,0.0059991968,normal_replay,GroupDiverse-Gap
RUN_134,TRIAD_045,A15_GroupDiverse-Gap_B3000,R1,1343723075,963122165,2999,Det/images/normal_train/00797583.png,0,06,easy_clean,0.0171839103,1.0,0.0193955225,normal_replay,GroupDiverse-Gap
RUN_134,TRIAD_045,A15_GroupDiverse-Gap_B3000,R1,1343723075,963122165,3000,Det/images/normal_train/01069430.png,0,09,learnable_hard,0.2180394245,0.855,0.1880127153,normal_replay,GroupDiverse-Gap
